timestamp,open,high,low,close,volume,sma_5,sma_10,sma_20,sma_50,ema_12,ema_26,macd,macd_signal,macd_hist,rsi,bb_mid,bb_upper,bb_lower,bb_width,atr,stoch_rsi,momentum_5,momentum_10,volatility_10,label
2026-06-19 14:00:00+00:00,63148.12,63359.68,62943.51,63145.77,3764,62821.424,62703.85599999999,62774.05750000001,63653.5214,62804.088064947406,62958.84754862777,-154.75948368036188,-255.86236293182236,101.10287925146048,54.052211265564964,62774.05750000001,63249.925740803104,62298.189259196915,0.01516130260667297,385.09499999999906,0.8393784727360494,0.013243815308660478,0.01207065255282469,0.0032950308639367897,0
2026-06-19 15:00:00+00:00,63140.9,63234.3,62961.3,63162.6,3191,62959.69,62752.770000000004,62788.1185,63612.34939999999,62859.25475233502,62974.24428326478,-114.98953092975717,-227.68747483105705,112.69794390129988,54.35236341313693,62788.1185,63293.06939667556,62283.16760332444,0.01608428182716003,385.94642857142804,0.8494219321229629,0.011066366987576792,0.0078045794822880765,0.003090220134533479,1
2026-06-19 16:00:00+00:00,63152.4,63335.75,62861.74,62917.01,3347,63030.774,62761.469,62782.746999999996,63569.5696,62868.14167514064,62969.925766323075,-101.78409118243144,-202.50656808922923,100.7224769067978,49.747162602539696,62782.746999999996,63279.329276093595,62286.1647239064,0.01581906813008991,403.2399999999995,0.6923317508125771,0.005681121595535021,0.0013845292425500588,0.003345531922737748,1
2026-06-19 17:00:00+00:00,62915.03,63178.0,62804.99,63128.07,3249,63100.698,62817.868,62794.3975,63518.2716,62908.13636057378,62981.841839240544,-73.70547866676498,-176.74616196035768,103.0406832935927,58.22333700745078,62794.3975,63312.54000768316,62276.25499231684,0.01650282599441004,382.97999999999956,0.9787425646603525,0.005569108507776255,0.009014597513461453,0.0030936865842091836,1
2026-06-19 18:00:00+00:00,63133.46,63146.02,62928.35,63049.98,2158,63080.686,62868.51899999999,62805.791000000005,63462.9046,62929.96109657158,62986.969469290234,-57.00837271865748,-152.7984641136192,95.7900913949617,64.09097729854888,62805.791000000005,63336.371332045455,62275.210667954554,0.016895904775578754,362.21999999999963,0.9999999999964507,-0.001584480389877796,0.008098527312283776,0.003146689452035519,1
2026-06-19 19:00:00+00:00,63042.94,63090.23,62882.13,62974.24,2010,63046.37999999999,62933.902,62810.5775,63401.535,62936.77393225321,62986.012661526125,-49.238729272918135,-132.08642027928383,82.8476910063657,57.06925890061955,62810.5775,63345.62838249406,62275.52661750594,0.017036967459630906,355.52000000000044,0.7507770755717496,-0.0027164131500810873,0.010491426484517508,0.0028565834769905506,1
2026-06-19 20:00:00+00:00,62976.69,63222.58,62897.34,63183.18,1966,63050.496,63005.09300000001,62821.956999999995,63355.898199999996,62974.68583854696,63000.816554529105,-26.130715982144466,-110.89520013408843,84.76448415194396,58.10089184130373,62821.956999999995,63379.21372247253,62264.70027752746,0.01774082658623753,363.94142857142964,0.7873929812289722,0.00032582572598349735,0.011395798420618108,0.0029179191230871647,1
2026-06-19 21:00:00+00:00,63185.48,63216.56,62993.35,63025.82,1964,63072.257999999994,63051.516,62825.398499999996,63331.47340000001,62982.553208641955,63002.69199343396,-20.138784792005026,-92.74386273589906,72.60507794389403,61.14678589016884,62825.398499999996,63386.99975267028,62263.79724732971,0.017878159664049993,348.89214285714377,0.8955013642951195,0.0017294210262057685,0.007420367672880568,0.00312955876078595,1
2026-06-19 22:00:00+00:00,63020.47,63310.26,62984.9,63261.29,1604,63098.902,63099.8,62841.96,63309.12359999999,63025.43844879075,63022.070627620276,3.3678211704755086,-73.52147992616173,76.88930109663724,65.70007523927839,62841.96,63435.20132797778,62248.718672022216,0.018880420915508775,354.0828571428579,0.9999999999966425,0.002110313209321868,0.007691174280346269,0.0031566756909352806,1
2026-06-19 23:00:00+00:00,63261.82,63620.76,63209.52,63481.2,2018,63185.14599999999,63132.91599999999,62880.729999999996,63294.7268,63095.55928636485,63056.446865045895,39.11242131895415,-50.99465652431805,90.10707784327221,75.42369540363299,62880.729999999996,63534.74086773507,62226.71913226492,0.02080163088867043,358.3471428571439,0.9999999999974527,0.0068393360315102125,0.005244018847810672,0.0027868737424794295,1
2026-06-20 00:00:00+00:00,63482.33,63724.22,63401.42,63472.46,2833,63284.79,63165.58500000001,62934.720499999996,63279.36519999999,63153.546583669035,63087.57002056721,65.97656310182356,-27.600376747460295,93.57693984928386,73.38387589512186,62934.720499999996,63597.3057630725,62272.13523692749,0.02105627093624753,365.32714285714457,0.9398800311411367,0.00791148888815485,0.005173584865621361,0.0027886212771591175,1
2026-06-20 01:00:00+00:00,63464.14,63566.77,63342.8,63525.36,2019,63353.226,63201.861,62977.315500000004,63260.929,63210.75079474595,63120.29818439091,90.45261035504518,-3.9897503804155074,94.44236073546068,72.91035728718475,62977.315500000004,63677.63912986418,62276.991870135826,0.022240504356340136,363.6942857142868,0.905017713529539,0.0054156818317787625,0.005743272126226717,0.0027886659502619846,1
2026-06-20 02:00:00+00:00,63509.31,63522.43,63272.8,63279.5,1968,63403.962,63238.11000000001,62999.7895,63238.509399999995,63221.327931467225,63132.19161257299,89.13631889423414,14.635481742088931,74.50083715214521,61.74877482589635,62999.7895,63709.00263406875,62290.57636593125,0.022514777896797525,343.8571428571439,0.4674156092756764,0.00402501704856828,0.005761399023888725,0.0027854762750922695,1
2026-06-20 03:00:00+00:00,63279.82,63459.49,63258.61,63413.6,1478,63434.424,63266.663,63042.265499999994,63216.89139999999,63250.90904462131,63153.20139016372,97.70765445759025,31.249929321511402,66.45772513607885,56.95460350632759,63042.265499999994,63743.31474075037,62341.21625924962,0.02224061065033829,303.37285714285775,0.2807014856559189,0.0024076334832880963,0.004523027553352987,0.0026738123193062514,0
2026-06-20 04:00:00+00:00,63418.41,63555.42,63336.66,63517.82,1605,63441.748,63313.447,63090.98299999999,63194.80260000001,63291.97320225338,63180.40766774358,111.56553450979845,47.31306044215963,64.25247406763881,59.32544954156044,63090.98299999999,63781.42449351118,62400.54150648881,0.02188716867864257,289.2721428571432,0.3730366172560339,0.0005768637013794375,0.007420145097587705,0.002626058398696109,1
2026-06-20 05:00:00+00:00,63522.04,63856.38,63475.36,63622.93,2978,63471.842000000004,63378.316000000006,63156.109,63182.73,63342.89061233044,63213.40891236266,129.4816999677787,63.746796599782144,65.73490336799655,61.04921054779204,63156.109,63783.3379703264,62528.88002967359,0.0198628123314691,296.98785714285725,0.4401703311253572,0.0023706344452381067,0.010300878581464445,0.0025452162191939953,0
2026-06-20 06:00:00+00:00,63622.76,63701.82,63573.02,63673.32,1636,63501.433999999994,63427.329999999994,63216.2115,63179.9354,63393.72673035613,63247.68974584735,146.03698450878437,80.20484079334693,65.83214371543744,70.03056322137407,63216.2115,63795.68193215145,62636.74106784855,0.018332969293848016,272.3300000000002,0.707991480451913,0.002329148547918436,0.007757444307171513,0.0024147385579932276,0
2026-06-20 07:00:00+00:00,63674.38,63744.19,63526.63,63597.18,1822,63564.969999999994,63484.466,63267.990999999995,63173.3834,63425.02766456223,63273.727957131065,151.29970743116428,94.42381869071372,56.87588874045056,63.38043434856273,63267.990999999995,63782.612735499315,62753.369264500674,0.016267996734693868,261.226428571429,0.34792348632678927,0.005020267227143105,0.00906549093688902,0.0022491867429292847,0
2026-06-20 08:00:00+00:00,63597.39,63602.49,63326.2,63358.49,1939,63553.948,63494.186,63296.992999999995,63160.3082,63414.790981463244,63280.04030725423,134.75067420901178,102.48919186806212,32.261482340949655,58.06111090788404,63296.992999999995,63758.04126298786,62835.94473701213,0.014567777745393622,265.413571428572,0.05991130520672226,-0.0008690564799980205,0.0015364846338099536,0.002440543306183709,0
2026-06-20 09:00:00+00:00,63363.17,63729.6,63352.67,63671.77,1854,63584.738,63513.243,63323.07949999999,63145.0382,63454.326605019596,63309.20138852572,145.12521649387782,111.01639854716993,34.10881794670789,66.21325734155852,63323.07949999999,63807.56265047441,62838.59634952558,0.01530194533493635,277.4728571428573,0.5013053097933643,0.0024237292778623853,0.0030019911406842237,0.0026935413649409085,1
2026-06-20 10:00:00+00:00,63676.39,63714.0,63529.17,63616.4,1586,63583.43200000001,63527.637,63346.611,63130.587400000004,63479.26118157009,63332.06141283977,147.19976873031555,118.25307377459727,28.946694955718286,60.84383792064245,63346.611,63840.45995661894,62852.76204338105,0.015591961395344276,267.4435714285714,0.21058070618302763,-0.00010263595216375432,0.002267755180750841,0.0027166938712075983,1
2026-06-20 11:00:00+00:00,63619.89,63742.06,63548.51,63617.09,1500,63572.186,63536.81,63369.3355,63119.9568,63500.465764912806,63353.26444877074,147.20131614206912,124.04272301024318,23.15859313182594,66.05952620228481,63369.3355,63869.32140403177,62869.34959596823,0.015780058291183056,265.3249999999997,0.49298161201073004,-0.0008831014308662288,0.0014439902426368612,0.002708830047531178,1
2026-06-20 12:00:00+00:00,63616.23,63732.0,63462.7,63594.63,1679,63571.676,63568.323,63403.2165,63111.21979999999,63514.95265687282,63371.213772825235,143.73888404758327,127.98195563256081,15.756928415022458,60.23859545661173,63403.2165,63864.48109027668,62941.95190972333,0.01455019526577723,261.32071428571413,0.1778101472734289,-4.009611746935704e-05,0.0049799698164492145,0.0023311923798907176,1
2026-06-20 13:00:00+00:00,63600.98,63600.98,63209.48,63336.73,2476,63567.324,63560.636,63413.6495,63099.85019999999,63487.53364795602,63368.65010977324,118.8835381827812,126.16227198929683,-7.278733806515632,45.66377524987258,63413.6495,63857.83337944273,62969.46562055727,0.01400909371862382,259.91071428571377,0.0,-0.0003434425283809217,-0.0012122005374241018,0.0026503469324080558,1
2026-06-20 14:00:00+00:00,63335.43,64111.54,63109.54,63889.84,5266,63610.938,63597.838,63455.6425,63091.4832,63549.42719767247,63407.38701509478,142.04018257769349,129.33785432100998,12.7023282566835,59.442046493109316,63455.6425,63913.64856986896,62997.636430131046,0.01443547182959989,308.4249999999993,0.5056880611416819,0.0034249087154323288,0.005856939044822429,0.003850390696614214,0
2026-06-20 15:00:00+00:00,63890.88,64331.12,63773.02,64089.65,4732,63705.588,63644.509999999995,63511.413,63094.9228,63632.53869888823,63458.082844344906,174.45585454332468,138.36145485202448,36.0943996913002,61.96985316889618,63511.413,63993.604396771014,63029.22160322899,0.015184401479810043,332.2914285714287,0.6691927527759375,0.00743911947233733,0.00733571999906335,0.0039230796547394245,0
2026-06-20 16:00:00+00:00,64091.04,64115.61,63835.39,63962.94,2638,63774.75800000001,63673.471999999994,63550.401,63099.417400000006,63683.3698239866,63495.58778497094,187.78203901565576,148.2455721111112,39.53646690454457,65.26912662311567,63550.401,64046.735782258904,63054.06621774109,0.015620193561293367,334.26714285714326,0.8045931780623831,0.005436432254289025,0.004548529902320242,0.004015488063630217,0
2026-06-20 17:00:00+00:00,63963.24,63974.43,63627.91,63771.57,2746,63810.14599999999,63690.911,63587.688500000004,63128.778999999995,63696.93911700348,63516.085623544684,180.85349345879513,154.76715660569957,26.08633685309556,57.798061213375526,63587.688500000004,64026.8449579737,63148.53204202631,0.013812625315785618,344.67000000000036,0.4979846329210469,0.0027823103931889914,0.002742102715875161,0.004136192088997382,1
2026-06-20 18:00:00+00:00,63774.19,63857.2,63704.64,63740.58,1601,63890.916000000005,63729.119999999995,63611.653000000006,63151.226200000005,63703.65311372706,63532.75603625569,170.89707747136708,157.99314086789278,12.903936603474307,55.01255614260906,63611.653000000006,64027.50501290339,63195.80098709662,0.013074711732562142,339.9414285714291,0.38366898844575276,0.006376236979711347,0.006030604580380627,0.0039046343157870603,1
2026-06-20 19:00:00+00:00,63738.37,63908.66,63720.98,63875.38,1754,63888.024,63749.48099999999,63631.362,63178.232800000005,63730.07268371774,63558.19379974788,171.8788839698609,160.77028954962137,11.108594420239541,55.60573963787521,63631.362,64058.3949238435,63204.3290761565,0.013422089687267753,326.13142857142935,0.4080129231472606,-0.0002263270654614402,0.003197806500431888,0.0036496736008570156,1
2026-06-20 20:00:00+00:00,63867.44,63916.96,63776.85,63864.05,1437,63842.904,63774.246,63650.9415,63203.1166,63750.68461089463,63580.89792113679,169.78668975783512,162.5735696231253,7.213120134709811,54.30999028314477,63650.9415,64083.17511959285,63218.70788040715,0.013581373956356986,326.9392857142863,0.42075099482571715,-0.003520069153131522,0.003892864104224625,0.0036310084262200955,1
2026-06-20 21:00:00+00:00,63862.79,64031.15,63840.78,63937.59,1881,63837.833999999995,63806.295999999995,63671.553,63224.2408,63779.43932434528,63607.37149498571,172.06782935957017,164.4724215972541,7.595407762316057,57.70140947037401,63671.553,64117.66438680358,63225.44161319642,0.01401289479474712,324.99714285714333,0.5857877179937848,-0.00039632324592964174,0.005037954423882107,0.003635530095384774,1
2026-06-20 22:00:00+00:00,63940.32,64286.45,63904.4,64197.96,2313,63923.112,63866.62899999999,63717.476,63247.71119999999,63843.82719298498,63651.19840628964,192.62878669534257,170.1036946805492,22.52509201479336,68.8076066549272,63717.476,64182.357046716075,63252.59495328393,0.014591947952115143,332.55142857142863,0.9999999999956792,0.006686208289994999,0.00948712179000033,0.0037852442908983676,1
2026-06-20 23:00:00+00:00,64198.03,64266.1,64165.81,64226.27,1643,64020.25,63955.583,63758.109500000006,63274.3354,63902.66460387945,63693.86807287985,208.79653099959978,177.84226201436442,30.95426898523536,64.2416117035487,63758.109500000006,64252.297281419436,63263.921718580576,0.01550195842677645,312.7914285714287,0.8027122272217402,0.007619792603079434,0.0140446151861644,0.003368584131566828,0
2026-06-21 00:00:00+00:00,64226.6,64257.44,64161.76,64213.21,1456,64087.816000000006,63987.920000000006,63792.879,63302.1574,63950.440857122514,63732.397852140966,218.0430049815477,185.8824106659877,32.16059431556002,65.66882827062952,63792.879,64313.05133670153,63272.70666329847,0.016308163069471415,306.42357142857145,0.8643794828327946,0.0052888922148095485,0.005061368129893662,0.0021846484773518807,0
2026-06-21 01:00:00+00:00,64210.38,64241.45,64129.64,64166.35,1413,64148.276,63995.590000000004,63820.05,63327.9142,63983.65767095749,63764.58887680287,219.06879415462026,192.51968740214141,26.54910675247885,64.079113307564,63820.05,64359.26661398743,63280.83338601258,0.016898031699675083,300.58500000000015,0.7956909871712053,0.004733492473464995,0.0011967610994909617,0.002003620435470993,1
2026-06-21 02:00:00+00:00,64162.78,64194.9,64136.57,64167.77,1218,64194.312,64016.073,63844.7725,63352.1578,64011.982660979804,63794.49407559346,217.48858538634522,197.51346702211177,19.975118364233452,64.85141844339202,63844.7725,64400.74289114182,63288.80210885818,0.017416316774934652,285.51571428571435,0.8290607919502019,0.003600073133816828,0.0032023230952171744,0.0018659809459261815,0
2026-06-21 03:00:00+00:00,64170.25,64398.97,64147.16,64352.2,1845,64225.159999999996,64074.136,63882.523499999996,63380.062000000005,64064.32381558304,63835.85676334759,228.46705223544996,203.70418408771815,24.762868147731808,77.35479039496596,63882.523499999996,64469.3826639272,63295.66433607279,0.01837307394180211,275.53785714285704,0.9999999999956607,0.002402568555137874,0.009104840918923607,0.0016136722211324585,0
2026-06-21 04:00:00+00:00,64347.71,64519.6,64185.64,64207.8,2021,64221.466,64120.85800000001,63924.989,63405.616799999996,64086.39708383179,63863.43968968314,222.95739414865238,207.5548261113194,15.402568037332998,60.9838330800059,63924.989,64473.87203621857,63376.10596378143,0.0171727221171229,227.82071428571413,0.28960298047491934,-0.0002875770303957248,0.007330024295354676,0.0018594380122996634,0
2026-06-21 05:00:00+00:00,64207.72,64290.25,64149.08,64185.69,1479,64215.962,64151.889,63950.68500000001,63435.2146,64101.672922421734,63887.33541133242,214.33751108931756,208.91136311013594,5.426147979181621,53.78199574702696,63950.68500000001,64497.76995472305,63403.60004527697,0.01710958857510405,198.0399999999993,0.0,-0.00042857225172199254,0.004858053290641928,0.0018184213215323582,1
2026-06-21 06:00:00+00:00,64182.43,64251.25,64116.78,64224.1,1209,64227.512,64187.89399999999,63981.06999999999,63471.8436,64120.50786299798,63912.305442908044,208.20242008993955,208.76957450582768,-0.5671544158881261,61.05298798036239,63981.06999999999,64517.378746113645,63444.76125388634,0.016764606972457727,187.62928571428503,0.3084484611136379,0.0009000044415803377,0.005637757079295813,0.0018034512486059912,0
2026-06-21 07:00:00+00:00,64224.31,64229.41,64089.3,64115.3,1276,64217.018000000004,64205.665,64005.980500000005,63500.68039999999,64119.706653105706,63927.35575354209,192.3508995636148,205.48583951240133,-13.134939948786524,65.64072695503464,64005.980500000005,64516.78052891142,63495.18047108859,0.015961009421968417,172.88571428571387,0.5030685323937268,-0.000817700225518081,0.0027794291276854732,0.001921077068785288,0
2026-06-21 08:00:00+00:00,64115.29,64156.86,63817.52,63935.59,1886,64133.695999999996,64179.428,64023.0285,63522.7918,64091.3810081751,63927.966211377556,163.4147967975441,197.07163095921362,-33.65683416166951,57.81571880886533,64023.0285,64497.48932037914,63548.56767962086,0.014821567535785757,186.22714285714287,0.17111772795992725,-0.006473904544056053,-0.004086889988404674,0.0016193619744136647,1
2026-06-21 09:00:00+00:00,63935.71,64170.36,63877.64,64129.91,1841,64118.118,64169.792,64062.6875,63554.1084,64097.308546439795,63942.936673955985,154.37187248381088,188.53167925583793,-34.15980677202705,59.73666291782418,64062.6875,64411.59508274954,63713.77991725046,0.010892692653568112,193.73000000000008,0.2526076037951902,-0.0012130924903205331,-0.001500320663180288,0.0019462329134937153,0
2026-06-21 10:00:00+00:00,64133.32,64337.61,64114.39,64286.42,1887,64138.264,64177.11299999999,64082.51649999999,63588.9674,64126.40262062426,63968.39825088703,158.00436973723117,182.42621734737222,-24.421847610141043,64.54191771389222,64082.51649999999,64435.12021961366,63729.91278038632,0.011004677683457318,199.6664285714287,0.45645508424095005,0.0015693529196305622,0.0011401080867938784,0.002110582394539509,0
2026-06-21 11:00:00+00:00,64287.79,64402.19,64029.99,64098.08,2902,64113.06,64170.286,64082.938,63624.52079999999,64122.04529381603,63978.01072701959,144.03456679644296,174.7478872324131,-30.713320435970132,55.120768322644665,64082.938,64435.59777405414,63730.27822594586,0.011006354735300686,212.65428571428598,0.056793120866942895,-0.00196219176290513,-0.0010639533026266523,0.002313435295684747,0
2026-06-21 12:00:00+00:00,64105.2,64164.26,63865.65,64108.56,2496,64111.712,64164.36499999999,64090.219000000005,63657.266599999995,64119.970633004,63987.68702805006,132.28360495394008,166.2550307724948,-33.97142581855471,46.60633484162886,64090.219000000005,64438.43220141262,63742.00579858739,0.01086634456382863,206.6942857142863,0.0,-0.00010512311413979347,-0.0009227373804637784,0.0023147235320717914,0
2026-06-21 13:00:00+00:00,64113.82,64119.81,63930.54,64070.61,1870,64138.71599999999,64136.206000000006,64105.170999999995,63687.447,64112.37668876821,63993.8329899541,118.54369881410821,156.712764377021,-38.16906556291278,44.13400663249931,64105.170999999995,64419.83879186632,63790.50320813367,0.009817235862808207,213.05000000000032,0.0,0.002111812841642635,-0.004375763377164943,0.0020679122630248305,1
2026-06-21 14:00:00+00:00,64070.53,64082.29,63920.04,64068.82,1687,64126.498,64122.308,64121.583,63713.254400000005,64105.67565920674,63999.390530117365,106.2851290893741,146.6272373162815,-40.34210822690741,44.512097785683295,64121.583,64386.48928508594,63856.67671491406,0.008262624616923163,217.8050000000003,0.011381162945650388,-0.0009525976256633539,-0.002164534526957862,0.001969083126300139,1
2026-06-21 15:00:00+00:00,64070.87,64288.32,64024.89,64145.15,2139,64098.24399999999,64118.254,64135.0715,63733.1566,64111.74863511232,64010.1928314099,101.55580370242387,137.61295059121468,-36.05714688879081,49.21189591078077,64135.0715,64373.32548126929,63896.817518730706,0.007429756471676877,228.63500000000047,0.15285278380467507,-0.002197509209565518,-0.0006316049574289773,0.002017166966599699,0
2026-06-21 16:00:00+00:00,64144.07,64174.64,63959.85,64069.79,2011,64092.585999999996,64102.823,64145.358499999995,63751.637,64105.29346012086,64014.60944425983,90.68401586102846,128.2271636432655,-37.54314778223704,46.54742272400535,64145.358499999995,64349.69368977441,63941.02331022558,0.006371004685379198,239.8107142857147,0.07264777702883377,-0.00044135487365615234,-0.002402680613663666,0.002030620672755268,0
2026-06-21 17:00:00+00:00,64068.24,64147.15,63990.2,64059.75,1610,64082.824,64097.268,64151.466499999995,63769.58,64098.28677361889,64017.95459717491,80.33217644398246,118.64816620184787,-38.31598975786541,38.25077337190149,64151.466499999995,64335.994942455036,63966.938057544954,0.005752898648234049,233.0350000000009,0.0,-0.0007613647849834537,-0.0008664078620860272,0.0019653378972584136,0
2026-06-21 18:00:00+00:00,64059.9,64166.29,63852.17,64131.39,2145,64094.98,64116.848,64148.138,63793.8676,64103.3795778802,64026.36049573609,77.01908214411378,110.32234938921563,-33.30326724510185,46.73960351257461,64148.138,64331.533394490005,63964.74260550999,0.005717871171568717,231.6178571428583,0.3099249553263058,0.0009486408823016212,0.0030624570759416603,0.0017411930667977761,0
2026-06-21 19:00:00+00:00,64130.92,64233.92,64080.42,64129.34,1472,64107.083999999995,64116.791000000005,64143.29149999999,63813.893,64107.37348911004,64033.99136092861,73.38212818143074,102.93430514688812,-29.552176965457377,47.55368011599915,64143.29149999999,64323.08077434532,63963.502225654665,0.005605863688654853,232.4985714285727,0.339646677962699,0.0009446092498659464,-8.888208326007785e-06,0.0014527006200878308,0
2026-06-21 20:00:00+00:00,64126.18,64191.65,63614.77,63773.11,2300,64032.676,64065.46,64121.2865,63828.355599999995,64055.94833547403,64014.66035639849,41.287979075539624,90.6050399315897,-49.31706085605008,34.655506787792206,64121.2865,64362.33736419158,63880.23563580842,0.007518591012411466,264.09928571428725,0.0,-0.005799970847367275,-0.007984734567580531,0.002041292009511521,1
2026-06-21 21:00:00+00:00,63771.57,63896.81,63424.38,63727.14,3843,63964.14599999999,64028.366,64099.326,63843.41359999999,64005.362436489224,63993.35596086297,12.006475626250904,74.88532706947267,-62.87885144322176,36.20336669699716,64099.326,64396.568303811,63802.083696189,0.009274428371087681,287.8364285714301,0.05179142831928393,-0.005348074342057307,-0.005787068817037944,0.0018997742318668871,1
2026-06-21 22:00:00+00:00,63727.6,63791.33,63486.82,63723.89,3596,63896.974,63989.899,64077.132000000005,63854.2278,63962.058983838266,63973.389799574856,-11.330815736590012,57.64209850733934,-68.97291424392935,41.39612764781436,64077.132000000005,64416.199707978536,63738.064292021474,0.010583111240950389,285.3485714285728,0.2255413296921836,-0.00524291774476171,-0.00600029075680375,0.0018916581152311528,1
2026-06-21 23:00:00+00:00,63715.67,63723.86,63183.27,63244.08,4604,63719.512,63907.246,64021.726,63858.593,63851.600676725706,63919.35251797782,-67.75184125211672,32.563310554376784,-100.3151518064935,20.7791522348669,64021.726,64503.61036234183,63539.84163765817,0.015053776036648208,303.05571428571574,0.0,-0.013835814255702239,-0.012900298592443571,0.0028946296628570333,1
2026-06-22 00:00:00+00:00,63255.06,64029.27,63231.44,63820.77,5103,63657.797999999995,63882.441000000006,64002.3745,63869.782600000006,63846.857495621705,63912.04831530158,-65.19081967987586,13.012484506858092,-78.20330418673394,37.97348044609039,64002.3745,64483.88084867007,63520.86815132992,0.01504651514671771,344.09928571428674,0.5006848881900148,-0.0048116821411229305,-0.003871618050714898,0.0043951659662822,1
2026-06-22 01:00:00+00:00,63823.03,64740.07,63773.38,64526.84,7227,63808.543999999994,63920.61,64019.43199999999,63890.6954,63951.470189895874,63957.598798755585,-6.128608859711676,9.184265833439474,-15.31287469315115,58.73715184662905,64019.43199999999,64549.95707259973,63488.906927400254,0.01657387627555769,386.562857142858,0.9999999999973654,0.011818931207839833,0.005950410904020043,0.005701613774895293,0
2026-06-22 02:00:00+00:00,64528.52,64598.46,64172.36,64187.02,3619,63900.52,63932.333000000006,64017.578,63904.986600000004,63987.70862259855,63974.59654094618,13.112081652368943,9.969828997242551,3.1422526551263914,51.40962989579588,64017.578,64545.343508400234,63489.81249159977,0.016488143565826018,395.66928571428645,0.8069571098092518,0.0072163916347101065,0.0018297234937088014,0.005983599962898371,0
2026-06-22 03:00:00+00:00,64189.5,64387.48,63810.35,63890.58,4476,63933.85799999999,63915.416000000005,64006.342000000004,63912.291000000005,63972.76575745116,63968.37187985951,4.393877591654018,8.854638716105331,-4.460761124451313,47.04043084146258,64006.342000000004,64534.91545257043,63477.76854742958,0.016516283732334668,423.3735714285727,0.6918509635683974,0.0026158164543941265,-0.002640815800873386,0.006176300686233957,1
2026-06-22 04:00:00+00:00,63889.38,64041.16,63785.27,64015.59,2868,64088.159999999996,63903.835999999996,64010.34199999999,63927.012800000004,63979.354102508,63971.87014991658,7.483952591413981,8.580501491163224,-1.0965488997492425,49.159006670437364,64010.34199999999,64537.8708328604,63482.81316713958,0.016482612539717646,430.0621428571446,0.7476646484474265,0.012198928342384008,-0.001805668019982165,0.006202528528518781,1
2026-06-22 05:00:00+00:00,64017.3,64263.51,63997.89,64168.13,2538,64157.632,63907.71499999999,64012.253000000004,63942.1034,64008.39654846,63986.41034703514,21.986201424857427,11.26164147793209,10.724559946925337,50.354528960912276,64012.253000000004,64541.87832695453,63482.62767304548,0.016547623373122856,430.21857142857334,0.7791605729613543,0.005442742229528008,0.0006048713428206121,0.006255002252913701,0
2026-06-22 06:00:00+00:00,64164.98,64249.56,63859.11,63908.35,2386,64033.933999999994,63921.23899999999,63993.3495,63949.914,63993.00477169133,63980.627204039076,12.377567652256403,11.484826712798954,0.8927409394574486,47.64344561415797,63993.3495,64508.56445387245,63478.13454612754,0.016102140547353448,442.76571428571594,0.7077373321563496,-0.009585003697686112,0.0021206430108238195,0.006120971571254105,1
2026-06-22 07:00:00+00:00,63911.9,64334.1,63880.16,64132.2,2608,64022.969999999994,63961.744999999995,63995.055499999995,63960.09940000001,64014.4194222975,63991.85642778371,22.562994513791637,13.70046027301337,8.862534240778267,50.995424755780846,63995.055499999995,64511.95382173221,63478.15717826778,0.016154320601603874,463.9792857142867,0.7960449135857819,-0.00085406675679911,0.006356161597711685,0.006193457818096465,1
2026-06-22 08:00:00+00:00,64140.23,64283.85,63966.89,64085.06,2899,64061.866,63997.862,63993.88049999999,63968.3342,64025.28720352421,63998.76131231817,26.525891206038068,16.26554645963302,10.26034474640505,49.35913573928317,63993.88049999999,64509.79834990605,63477.962650093934,0.016123974538661025,464.18214285714356,0.7529370303140216,0.003043954210464106,0.005667733090368499,0.006205838150106312,1
2026-06-22 09:00:00+00:00,64095.65,64186.9,63978.65,64070.96,2347,64072.94,64080.55,63993.898,63977.8098,64032.31378762023,64004.110020415115,28.203767205115582,18.65319060874048,9.550576596375102,49.195136074116995,63993.898,64509.82683216288,63477.969167837124,0.016124313357591607,468.0928571428579,0.7486164742561907,0.0008649455546687612,0.01307442530589431,0.005538816302760471,1
2026-06-22 10:00:00+00:00,64069.13,64203.56,64002.24,64069.0,1730,64053.114,64105.373,63993.90699999999,63992.02,64037.957820309544,64008.917232447144,29.04058786240057,20.730670059480126,8.309917802920445,54.52095231983574,63993.90699999999,64509.84134140004,63477.972658599945,0.016124483269947774,441.26714285714326,0.8889246122028066,-0.0015448478863261395,0.0038894861343730103,0.004814630998867479,1
2026-06-22 11:00:00+00:00,64068.17,64709.01,64020.57,64583.02,4470,64188.047999999995,64110.990999999995,64015.8005,64010.245,64121.81354045691,64051.44784334299,70.36569711392076,30.657675470397393,39.70802164352337,61.44077765420486,64015.8005,64592.357857697265,63439.24314230273,0.01801297033526176,456.69642857142907,0.9999999999975406,0.010556836469725717,0.0008706454554414655,0.004110904326282871,1
2026-06-22 12:00:00+00:00,64585.25,65163.88,64508.46,65077.24,5010,64377.056000000004,64200.01299999999,64066.172999999995,64039.4618,64268.80222682966,64127.43985923084,141.36236759882013,52.79861389613393,88.5637537026862,65.99156317574361,64066.172999999995,64813.37529175527,63318.97070824472,0.023325953674656827,481.76142857142884,0.9999999999977882,0.014735811339701366,0.013869159216302718,0.004265981658785543,0
2026-06-22 13:00:00+00:00,65083.55,65537.72,64876.4,65514.9,6964,64663.024,64362.44499999999,64138.9305,64077.418,64460.50957686734,64230.223966686535,230.28561018080654,88.29601315313514,141.9895970276714,77.10261857589586,64138.9305,65127.80270155571,63150.058298444295,0.030835319324687114,490.3828571428572,0.9999999999974443,0.022311596493785002,0.025423466182338705,0.003991142989190588,0
2026-06-22 14:00:00+00:00,65514.55,65568.07,64756.2,64898.37,6426,64828.505999999994,64450.723,64177.27949999999,64103.4928,64527.87271898264,64279.72040426319,248.1523147194457,120.26727346644529,127.88504125300042,62.740178854329834,64177.27949999999,65222.786445915226,63131.77255408475,0.032581840615890756,491.38571428571544,0.5222423647774813,0.012913962893641662,0.013790078323108634,0.005502340274373961,0
2026-06-22 15:00:00+00:00,64897.71,65073.85,64684.14,64770.66,4918,64968.838,64510.976,64209.34550000001,64132.17140000001,64565.22460841446,64316.089116070856,249.13549234360107,146.04091724190744,103.09457510169364,53.33928639907099,64209.34550000001,65287.49111376623,63131.19988623379,0.03358220225952052,450.17285714285805,0.20952751719971266,0.010951630273611235,0.009389863784405206,0.005585968275469089,0
2026-06-22 16:00:00+00:00,64769.05,64797.3,64437.78,64655.5,4298,64983.333999999995,64585.691000000006,64253.465000000004,64147.484599999996,64579.11313021086,64341.23246553761,237.88066467325552,164.4088667281947,73.47179794506081,56.83688837518833,64253.465000000004,65328.66017465444,63178.26982534557,0.03346730560459071,445.41714285714414,0.32587307418322997,0.0011222764125926599,0.011690960570880149,0.005403430553498379,0
2026-06-22 17:00:00+00:00,64659.27,64704.24,64311.26,64537.88,3118,64875.462,64626.259,64294.002,64156.4492,64572.76957171147,64355.799916544376,216.96965516709315,174.9210244159825,42.048630751110665,59.966741600714386,64294.002,65346.53989243663,63241.46410756337,0.03274140229866638,432.2635714285721,0.41831778517748297,-0.008287997462707364,0.0063256835099996245,0.005410898783553278,0
2026-06-22 18:00:00+00:00,64537.1,64667.23,64234.33,64276.6,2738,64627.802,64645.413,64321.6375,64162.7224,64527.20502218449,64349.93289546065,177.27212672383757,175.3912448775538,1.8808818462837849,53.85702083893642,64321.6375,65339.60469946909,63303.6703005309,0.031652403111444245,444.9071428571432,0.2109215772224042,-0.01890104388467362,0.0029888401446451773,0.0056027745447653175,0
2026-06-22 19:00:00+00:00,64277.42,64432.87,64192.64,64393.42,3060,64526.812,64677.659,64379.1045,64175.159400000004,64506.6227110666,64353.15434579398,153.4683652726235,171.00666895656556,-17.538303683942075,53.36469674567261,64379.1045,65261.70773456372,63496.50126543628,0.02741893480558498,443.0935714285718,0.19420949593276382,-0.007780626847793015,0.005032857319447137,0.005618278865095891,0
2026-06-22 20:00:00+00:00,64397.64,64601.25,64290.29,64367.23,1988,64446.126000000004,64707.481999999996,64406.427500000005,64187.6924,64485.17767858372,64354.19704178986,130.98063679385814,163.00146252402092,-32.020825730162784,57.367400281286805,64406.427500000005,65249.18836315049,63563.66663684952,0.02617008568439802,437.4157142857148,0.29283416039478355,-0.006228591772879932,0.00465482526650951,0.005623603829204787,0
2026-06-22 21:00:00+00:00,64356.91,64419.17,64067.15,64244.57,1938,64363.93999999999,64673.63700000001,64392.314,64195.07619999999,64448.16111263158,64346.076123951905,102.08498867967137,150.81816775514716,-48.73317907547579,51.86470941597777,64392.314,65236.03792050844,63548.59007949156,0.026205733824333156,430.1357142857149,0.09565797780867721,-0.006355685131195332,-0.005240541554111244,0.004983721214546564,0
2026-06-22 22:00:00+00:00,64244.5,64328.29,63726.36,63905.42,4246,64237.448,64556.455,64378.234,64195.903600000005,64364.66247988812,64313.43345490626,51.22902498185431,130.9003392004836,-79.67131421862928,47.282365328524584,64378.234,65245.45435923386,63511.013640766134,0.026941414989229525,450.490714285715,0.0,-0.009799826086633101,-0.0180066026155995,0.0042534452619024995,1
2026-06-22 23:00:00+00:00,63899.27,63985.33,63800.94,63948.78,2590,64171.884,64399.84300000001,64381.14399999999,64196.127400000005,64300.680559885295,64286.42095794299,14.2596019423072,107.57219174884361,-93.31258980653641,48.16785330830089,64381.14399999999,65241.84052600071,63520.44747399927,0.026737534393633022,448.7864285714292,0.02969418040912835,-0.005100145309490545,-0.023904791123851243,0.0032066810424514966,0
2026-06-23 00:00:00+00:00,63946.42,64094.24,63756.75,64079.28,2777,64109.056000000004,64317.93400000001,64384.3285,64193.7538,64266.61893527853,64271.07658897017,-4.457653691642918,85.1662226607427,-89.62387635238562,50.14843136348933,64384.3285,65239.78556449288,63528.87143550713,0.026573456132042296,458.5128571428577,0.09611139151569027,-0.004878448760758491,-0.012621118219147909,0.0023635643027393317,0
2026-06-23 01:00:00+00:00,64080.53,64206.39,63817.59,64080.58,3043,64051.726,64248.926,64379.951,64190.84,64237.997560613876,64256.96522445917,-18.967663845294737,64.33944535953255,-83.30710920482728,41.48452965262913,64379.951,65240.9443502257,63518.957649774304,0.026747250870871188,437.1100000000006,0.0,-0.004453353049370001,-0.010654206704084901,0.002381593011043612,0
2026-06-23 02:00:00+00:00,64078.87,64207.63,63966.06,64123.28,2109,64027.46799999999,64195.704000000005,64390.697499999995,64189.04140000001,64220.348705131466,64247.062286402856,-26.713581271389558,46.128840033346236,-72.8424213047358,30.910415265904717,64390.697499999995,65232.047682075914,63549.347317924075,0.02613266247274055,407.5492857142864,0.0,-0.0018879416579486996,-0.008231627626420046,0.002425657939884082,0
2026-06-23 03:00:00+00:00,64118.86,64131.56,63883.97,63987.45,2092,64043.873999999996,64140.661,64383.46000000001,64185.4634,64184.518135105485,64227.831155382984,-43.31302027749916,28.240467971175683,-71.55348824867485,15.234817758477035,64383.46000000001,65236.58096665573,63530.33903334428,0.026501246334251872,377.99714285714333,0.0,0.0012836156933166976,-0.008528789603872933,0.002441092451154196,0
2026-06-23 04:00:00+00:00,63994.17,64018.47,63522.68,63549.74,2508,63964.06599999999,64067.975,64356.694,64173.1028,64086.859960460606,64177.60075091053,-90.74079044992686,4.444216286953605,-95.18500673688047,16.584819548164234,64356.694,65279.94240428623,63433.445595713776,0.028691604459552475,355.4199999999998,0.03017982849218446,-0.006239993945154287,-0.011308314378794204,0.002953113812410434,0
2026-06-23 05:00:00+00:00,63554.4,63657.58,63273.33,63328.7,4136,63813.95,63961.503000000004,64319.581000000006,64152.63279999999,63970.21996653018,64114.717556204676,-144.49758967449452,-25.344144905337586,-119.15344476915693,15.851694674421651,64319.581000000006,65345.192132419776,63293.969867580236,0.03189110116932416,355.02999999999986,0.013790529513527454,-0.011713302646346846,-0.016534608660325856,0.002837871394661864,0
2026-06-23 06:00:00+00:00,63332.45,63332.45,62494.23,62866.87,6824,63571.208,63811.467000000004,64259.4745,64125.8142,63800.47381781672,64022.28214778407,-221.80832996735262,-64.63698191774223,-157.1713480496104,13.616003319785705,64259.4745,65470.9758748582,63047.97312514179,0.0377065447324256,389.2228571428563,0.0,-0.018940371638334064,-0.023309376525912362,0.0032975461438950705,0
2026-06-23 07:00:00+00:00,62869.22,63033.98,62779.8,62810.17,3110,63308.585999999996,63668.027,64170.83200000001,64098.3038,63648.11938429391,63932.49403360048,-284.37464930657006,-108.58451539550927,-175.7901339110608,13.9620453303408,64170.83200000001,65532.749842650825,62808.914157349194,0.04244663191061057,379.3085714285709,0.007909279122191294,-0.020477898198594913,-0.022327178779467327,0.0033277413031010997,0
2026-06-23 08:00:00+00:00,62806.9,62871.69,61849.35,62322.77,8277,62975.65,63509.762,64033.10850000001,64060.2772,63444.219479003725,63813.25272112192,-369.03324211819563,-160.67426074004794,-208.3589813781477,12.758511583225015,64033.10850000001,65556.59469895675,62509.62230104327,0.04758432737828856,421.4114285714282,0.0,-0.026015726521372518,-0.024765505022891654,0.0036549922559971906,1
2026-06-23 09:00:00+00:00,62321.64,62445.19,62262.97,62296.69,2291,62725.04,63344.553,63872.198,64023.905,63267.67648222351,63700.9125651451,-433.2360829215904,-215.1866251763576,-218.04945774523281,8.602736480483358,63872.198,65416.38218726318,62328.01381273681,0.048352310883780295,417.2678571428566,0.0,-0.01971762591003512,-0.025834581988897987,0.003564383135139083,1
2026-06-23 10:00:00+00:00,62308.34,62516.23,62154.3,62243.15,2428,62507.93000000001,63160.93999999999,63739.437,63990.0562,63110.05702341204,63592.9282156538,-482.8711922417642,-268.72353858943984,-214.14765365232438,8.510821157902967,63739.437,65366.48835753184,62112.38564246816,0.05105320768778802,420.908571428571,0.0,-0.01714151719520529,-0.028654036062827126,0.0032480419407193025,1
2026-06-23 11:00:00+00:00,62242.09,62556.74,62235.47,62432.92,2500,62421.14,62996.174,63622.55,63956.116400000006,63005.88209672886,63507.00025378793,-501.11815705907065,-315.20246228336663,-185.91569477570403,15.517471097220607,63622.55,65273.385255920264,61971.71474407974,0.051894658605172575,418.7121428571424,0.1682769473249153,-0.006902681809989986,-0.025712314089541666,0.0036648634705272022,1
2026-06-23 12:00:00+00:00,62433.84,62488.27,62110.93,62192.61,2584,62297.628000000004,62803.106999999996,63499.40549999999,63914.24019999999,62880.76331261227,63409.636515233426,-528.8732026211583,-357.93661035092543,-170.93659227023284,16.124157954486975,63499.40549999999,65192.7001579714,61806.11084202859,0.05333261452255343,402.6699999999993,0.1828475928127179,-0.009832165714565022,-0.03010872182458535,0.003492447714551765,1
2026-06-23 13:00:00+00:00,62195.55,62467.78,61868.76,62408.44,8112,62314.762,62645.206000000006,63392.9335,63880.447400000005,62808.0981875928,63335.472754198796,-527.3745666059986,-391.82420160194033,-135.55036500405822,21.48088900738371,63392.9335,65079.06722718421,61706.799772815786,0.05319626759926524,432.2864285714277,0.3114988536904418,0.00137461797670424,-0.02467687023002163,0.004058793664479621,0
2026-06-23 14:00:00+00:00,62407.81,62798.53,62313.13,62418.03,8352,62339.030000000006,62532.034999999996,63300.00499999999,63846.63680000001,62748.08769719237,63267.51313551159,-519.4254383192165,-417.34444894539575,-102.08098937382073,17.800614816853454,63300.00499999999,64985.94245417471,61614.06754582527,0.05326816180108412,442.8514285714279,0.2817333591824568,0.0019477760375390396,-0.017808255391760786,0.0038211006374450555,0
2026-06-23 15:00:00+00:00,62418.64,62435.41,62111.57,62409.7,4970,62372.33999999999,62440.134999999995,63200.818999999996,63813.4186,62696.028051469344,63203.97064592998,-507.9425944606337,-435.4640780484434,-72.47851641219029,17.701978613346725,63200.818999999996,64848.89019167756,61552.747808322434,0.05215347578573505,438.211428571428,0.4103269644568868,0.0026757964531036738,-0.014511587953013438,0.003803123328871236,0
2026-06-23 16:00:00+00:00,62404.53,62757.81,62343.78,62471.14,4198,62379.984,62400.562,63106.014500000005,63781.465,62661.4298897042,63149.68628067561,-488.2563909714081,-446.02254063303633,-42.23385033837178,18.293927995701168,63106.014500000005,64688.405599350524,61523.623400649485,0.05015024675185341,450.52999999999935,0.7542833970690785,0.0006121770373705981,-0.00629473043591966,0.0032520598294660534,1
2026-06-23 17:00:00+00:00,62472.95,62620.36,62248.92,62282.04,3319,62397.87000000001,62347.748999999996,63007.888,63744.2028,62603.06221436419,63085.41551302944,-482.3532986652499,-453.288692239479,-29.064606425770876,17.927384745004048,63007.888,64535.44998659429,61480.326013405705,0.04848796031996164,459.37642857142833,0.7260226928886476,0.0014379521939986706,-0.008408351704827344,0.0033402929350101716,1
2026-06-23 18:00:00+00:00,62285.41,62374.35,62014.42,62153.76,3118,62346.93400000001,62330.848,62920.30500000001,63705.8822,62533.93879676879,63016.40332464381,-482.46452787502494,-459.12385936658825,-23.340668508436693,20.288689107966803,62920.30500000001,64431.97344180771,61408.6365581923,0.04805025791936977,449.6721428571426,0.9080806736446299,-0.0040808582941666005,-0.0027118499386339368,0.002374869991574357,1
2026-06-23 19:00:00+00:00,62152.79,62417.51,62145.0,62313.56,3650,62326.03999999999,62332.534999999996,62838.543999999994,63670.958399999996,62500.03436649629,62964.34038891,-464.306022413708,-460.16029197601216,-4.145730437695818,27.81599650349638,62838.543999999994,64291.751231013135,61385.336768986854,0.04625209747104073,441.69071428571414,0.9999999999948201,-0.0016737151108422443,0.00027080090451025995,0.002536614677536836,1
2026-06-23 20:00:00+00:00,62315.67,62468.94,62288.87,62382.78,2141,62320.656,62346.498,62753.719,63635.9862,62481.995233189,62921.261483607406,-439.2662504184045,-455.98148366449067,16.715233246086143,37.229804947794236,62753.719,64095.79067874909,61411.64732125091,0.04277265794395673,394.6800000000003,0.999999999996518,-0.0004313432046620935,0.002243299061824411,0.0025363741321798787,1
2026-06-23 21:00:00+00:00,62382.9,62585.75,62382.9,62517.29,2184,62329.886,62354.935,62675.55449999999,63603.745200000005,62487.42519731381,62891.337439764255,-403.9122424504458,-445.56763542168164,41.65539297123587,42.57855260490577,62675.55449999999,63865.745783546394,61485.36321645359,0.037979441683165416,391.0221428571432,0.9999999999970646,0.0007387411211001726,0.0013513703988217163,0.0024399010536163214,1
2026-06-23 22:00:00+00:00,62519.37,62709.76,62438.76,62514.32,2130,62376.342000000004,62387.10600000001,62595.10650000001,63578.56940000001,62491.562859265556,62863.41002304089,-371.84716377533186,-430.8235410924117,58.97637731707982,56.43316294659365,62595.10650000001,63571.59725893453,61618.615741065485,0.031200226776018785,337.3550000000001,0.9999999999979132,0.003729486060507936,0.005172801077169664,0.0020075519126063054,1
2026-06-23 23:00:00+00:00,62514.92,62728.41,62410.68,62655.74,2326,62476.738,62411.835999999996,62528.52099999999,63557.14139999999,62516.82088091715,62848.02695689579,-331.20607597864,-410.90004806965726,79.69397209101726,61.191564169539404,62528.52099999999,63254.81960235614,61802.22239764385,0.023230954154701538,347.03428571428594,0.9999999999981017,0.008076422086129575,0.003962605057905577,0.0018394456760094987,1
2026-06-24 00:00:00+00:00,62655.8,62958.54,62645.32,62937.21,3483,62601.46799999999,62463.754,62497.894499999995,63541.40779999999,62581.49613000713,62854.633148587,-273.13701857987326,-383.34744217170044,110.21042359182718,68.94227200279471,62497.894499999995,63080.27612324449,61915.5128767555,0.018636839781682412,343.5550000000003,0.9999999999981282,0.010008255025069968,0.008317788946559102,0.0022430496195061183,0
2026-06-24 01:00:00+00:00,62938.47,63044.46,62689.82,62854.63,3854,62695.838,62508.246999999996,62474.19099999999,63533.6188,62623.51672539082,62854.63291535702,-231.11618996619654,-352.90119173059963,121.78500176440309,62.22454126445776,62474.19099999999,62941.3965800352,62006.98541996478,0.014956754863306996,345.9385714285719,0.8728138847918697,0.007563786031978603,0.007129180239610289,0.0023286883194052594,0
2026-06-24 02:00:00+00:00,62854.14,62942.45,62517.12,62550.34,3196,62702.448,62516.166999999994,62458.3645,63508.210199999994,62612.25876763834,62832.092581370685,-219.83381373234442,-326.28771613094864,106.45390239860421,59.99899375569495,62458.3645,62889.62393289543,62027.105067104574,0.013809501300516096,349.3664285714289,0.8254639531587066,0.0005286537532256386,0.0012677854125919819,0.0029095123563601887,1
2026-06-24 03:00:00+00:00,62550.42,62758.14,62376.43,62656.48,2900,62730.87999999999,62553.611,62450.67999999999,63470.803,62619.06203415553,62819.084178936406,-200.02214478087262,-301.03460186093344,101.01245708006081,57.38592374667985,62450.67999999999,62860.48840925231,62040.87159074767,0.013124225685046838,333.84428571428623,0.7744675626979893,0.002274038972190695,0.006012006029346484,0.002717013012076918,1
2026-06-24 04:00:00+00:00,62654.78,62728.23,62444.03,62665.39,2375,62732.81,62604.774,62467.811,63440.3704,62626.189413516244,62807.6993738289,-181.50996031265822,-277.1296735512784,95.6197132386202,57.36865936632388,62467.811,62883.70545047009,62051.91654952991,0.013315480206921037,319.47285714285783,0.7741306329262428,0.00015401621623167827,0.008231682202331614,0.0025620651039509976,0
2026-06-24 05:00:00+00:00,62665.49,62997.58,62618.88,62800.53,2509,62705.474,62653.471,62493.003000000004,63418.56939999999,62653.01104220611,62807.16830689321,-154.1572646870991,-252.53519177844254,98.37792709134345,60.82469658278266,62493.003000000004,62925.942942405105,62060.0630575949,0.013855629322377121,323.39142857142934,0.8408783032475197,-0.0021716882588217468,0.007814831956318935,0.002533840910044541,0
2026-06-24 06:00:00+00:00,62801.45,62835.29,62637.39,62700.59,2168,62674.66599999999,62685.25199999999,62515.875,63392.269400000005,62660.33088186673,62799.273587106676,-138.94270523994783,-229.81669447074364,90.87398923079581,56.22230538516183,62515.875,62941.50864367822,62090.24135632178,0.013616817925949917,307.9535714285724,0.750661673455616,-0.0024507343373113555,0.005094514864518729,0.0026368297167180597,1
2026-06-24 07:00:00+00:00,62699.13,62768.82,62514.86,62572.86,2590,62679.17,62690.808999999994,62522.87200000001,63360.364,62646.873823117974,62782.502150511915,-135.6283273939407,-210.97902105538304,75.35069366144234,58.15810143626569,62522.87200000001,62947.36317318115,62098.38082681887,0.013578748371672276,299.56214285714356,0.778347864125064,0.00036003001742290763,0.0008888741018684421,0.0026792879690820354,0
2026-06-24 08:00:00+00:00,62572.79,62725.03,62514.54,62711.56,2259,62690.186,62710.532999999996,62548.8195,63336.4282,62656.8255426383,62777.24715905885,-120.42161642054998,-192.86754012841646,72.44592370786648,65.5564975848104,62548.8195,62951.17579905304,62146.46320094696,0.012865352288640424,288.8878571428577,0.9176736921354854,0.0008790790673205429,0.0031551170995700595,0.002760611572271135,0
2026-06-24 09:00:00+00:00,62706.48,62711.24,62548.42,62593.66,1967,62675.840000000004,62704.325,62558.080500000004,63305.6574,62647.10776684778,62763.64806868784,-116.54030184006115,-177.60209247074542,61.06179063068427,57.99865213716235,62558.080500000004,62955.32608308735,62160.83491691266,0.012700056648552192,281.07571428571464,0.6549111159747428,-0.001144650978793793,-0.000990811057374752,0.0027472919619405517,0
2026-06-24 10:00:00+00:00,62592.47,62606.19,62309.56,62356.98,2693,62587.130000000005,62646.302,62555.028000000006,63271.09579999999,62602.472725794236,62733.524422819864,-131.05169702562853,-168.29201338172206,37.24031635609353,49.327557626747684,62555.028000000006,62957.705921843626,62152.350078156385,0.01287435829598287,289.4014285714293,0.2559959359284009,-0.007062838482413958,-0.009219188457829541,0.0024407632974621624,0
2026-06-24 11:00:00+00:00,62358.04,63147.2,62215.93,62833.87,4522,62613.786,62644.226,62576.2365,63246.35399999999,62638.0723064413,62740.95744800837,-102.88514156706515,-155.2106390187907,52.32549745172554,57.00162777119204,62576.2365,62991.18019699273,62161.292803007265,0.013262021502131524,341.42285714285754,0.3912404737219425,0.0021256578287383032,-0.0003302859312034334,0.0036346438600129345,0
2026-06-24 12:00:00+00:00,62840.29,62892.83,62490.46,62531.37,4150,62605.488,62642.329000000005,62579.248,63215.6014,62621.656566988786,62725.43241420295,-103.77584721416497,-144.92368065786556,41.14783344370059,50.33297009323168,62579.248,62991.847751592264,62166.648248407735,0.013186472026390107,350.80642857142914,0.051258073260891,-0.0006630670229872404,-0.0003032757295962085,0.0036306946064796636,0
2026-06-24 13:00:00+00:00,62531.92,62544.99,61153.22,61239.52,14748,62311.08,62500.63300000001,62527.121999999996,63148.7314,62409.02017206732,62615.364580767244,-206.3444086999225,-157.20782626627695,-49.13658243364554,30.917180493273534,62527.121999999996,63246.8923226529,61807.35167734709,0.02302265959571607,427.52357142857153,0.0,-0.023473184210375253,-0.022614739927937277,0.007389865308357144,0
2026-06-24 14:00:00+00:00,61235.03,61370.78,60797.92,61030.14,10590,61998.376000000004,62337.10800000001,62470.94099999999,63067.7894,62196.88476097995,62497.940293562155,-301.05553258220607,-185.9773675294628,-115.07816505274326,23.79412031451396,62470.94099999999,63444.1893955752,61497.69260442478,0.031158435586081872,446.0692857142858,0.0,-0.024978887638141045,-0.02609494650875066,0.0073469220767303535,0
2026-06-24 15:00:00+00:00,61031.05,61055.89,60173.43,60194.17,8994,61565.814,62076.471999999994,62364.97150000001,62961.374800000005,61888.77479775214,62327.29031360497,-438.5155158528287,-236.484997194136,-202.03051865869267,19.712569614892445,62364.97150000001,63774.23303086239,60955.70996913762,0.04519400865475858,483.77071428571435,0.0,-0.03468432884337891,-0.0415021975133012,0.007892903675551278,1
2026-06-24 16:00:00+00:00,60193.61,60599.86,59301.12,59766.94,10818,60952.428,61783.107,62234.179500000006,62858.7462,61562.33867502094,62137.63439669195,-575.2957216710129,-304.24714208951144,-271.04857958150143,19.175806651664686,62234.179500000006,64060.357872753826,60408.001127246185,0.05868731258050314,546.1571428571432,0.0,-0.04881014013620366,-0.04678823596396775,0.00788263360905888,1
2026-06-24 17:00:00+00:00,59768.06,59983.02,59013.35,59314.57,13619,60309.06799999999,61457.278000000006,62074.04350000001,62749.62439999999,61216.52810963301,61928.51817024974,-711.9900606167357,-385.79572579495635,-326.19433482177936,15.62662640217711,62074.04350000001,64311.14701691647,59836.93998308355,0.07207854976988765,588.154285714286,0.0,-0.051442979739609096,-0.05207193661916687,0.007865011762566914,1
2026-06-24 18:00:00+00:00,59315.99,59845.41,59217.25,59513.45,9551,59963.85400000001,61137.467000000004,61924.0,62646.7834,60954.51609276633,61749.62395827223,-795.1078655058955,-467.6581537371443,-327.4497117687512,18.799840036743944,61924.0,64423.87525282845,59424.12474717155,0.0807401089344504,612.7228571428574,0.0635534112025547,-0.028185557300253183,-0.05099713673204753,0.007992935129979178,1
2026-06-24 19:00:00+00:00,59517.99,59910.98,59433.62,59863.27,6584,59730.479999999996,60864.42799999999,61784.3765,62553.2912,60786.63207849456,61609.89383767981,-823.261759185254,-538.7788748267664,-284.4828843584877,22.110242620360594,61784.3765,64420.39453359574,59148.35846640426,0.08532959893495862,619.7699999999999,0.12985445515080046,-0.019119569445523177,-0.043620871506794834,0.00869569362220863,1
2026-06-24 20:00:00+00:00,59858.84,61123.72,59754.55,60871.33,11804,59865.912,60715.863,61681.0825,62485.1858,60799.662527956934,61555.18533356655,-755.5228056096166,-582.1276609833365,-173.39514462628017,35.185683094804645,61681.0825,64288.64411243528,59073.520887564715,0.0845498005789792,703.4321428571426,0.39173056587799554,0.01124959443746798,-0.023824919038734738,0.01100201675922941,0
2026-06-24 21:00:00+00:00,60867.7,61052.88,60567.61,61006.74,4156,60113.871999999996,60533.15,61588.688,62417.4522,60831.520600578944,61514.559704008214,-683.0391034292697,-602.3099494725232,-80.72915395674659,37.3324878187665,61588.688,64151.73851072529,59025.63748927471,0.08323120994963523,719.9542857142852,0.4347269660911061,0.020743909592828347,-0.029078743677574015,0.010579791591819548,0
2026-06-24 22:00:00+00:00,61008.45,61185.18,60696.45,60789.7,3505,60408.898,60358.98299999999,61500.656,62345.901600000005,60825.08666202834,61460.8663322759,-635.7796702475607,-609.0038936275307,-26.77577662003,34.64963146847113,61500.656,64045.514478831115,58955.79752116889,0.08275874256792033,739.8285714285713,0.4489519850957333,0.024869606236713748,-0.027852740152662703,0.010561925324078588,0
2026-06-24 23:00:00+00:00,60786.52,61018.64,60729.46,60986.01,2791,60703.409999999996,60333.632,61417.13250000001,62280.7304,60849.84409863937,61425.69175255315,-575.8476539137846,-602.3726456847816,26.524991770996962,37.31815177040227,61417.13250000001,63911.41459700626,58922.850402993754,0.08122430974797636,748.8314285714285,0.5242664568083172,0.024743314326425514,-0.004139647077573305,0.008582371608057079,1
2026-06-25 00:00:00+00:00,60984.97,61074.45,60618.89,60718.2,4012,60874.39599999999,60302.43799999999,61319.773,62216.986,60829.59116038716,61373.284905588574,-543.6937452014172,-590.6368655881087,46.943120386691476,37.13576533239551,61319.773,63760.33538173059,58879.21061826941,0.07960115513573703,760.1835714285709,0.5198583255219964,0.014281378214053397,-0.005111245034011058,0.00862600232643481,1
2026-06-25 01:00:00+00:00,60718.27,60901.82,60622.34,60825.91,3456,60865.312,60365.612,61221.042,62154.528600000005,60829.02482801991,61332.738580123776,-503.7137521038676,-573.2522428912605,69.5384907873929,33.26794814960492,61221.042,63567.32419567681,58874.75980432319,0.07664953483401375,713.6271428571428,0.5083025139269846,-0.0007461640808570369,0.010495036313317385,0.007273036141885849,1
2026-06-25 02:00:00+00:00,60824.35,60878.55,60592.08,60697.91,2764,60803.545999999995,60458.708999999995,61120.90800000001,62086.9012,60808.853316016844,61285.71420202247,-476.8608860056265,-553.9739715141337,77.1130855085072,34.26441508863964,61120.90800000001,63370.2592102879,58871.55678971212,0.0736033309677889,705.3485714285713,0.8586523395073435,-0.005062227550595155,0.015576671651585272,0.006806578572077483,1
2026-06-25 03:00:00+00:00,60697.69,60814.32,60582.15,60786.11,2161,60802.828,60605.863,61031.570499999994,62021.01180000001,60805.354344321946,61248.70645505681,-443.35211073486425,-531.8495993582799,88.49748862341562,45.095290327745126,61031.570499999994,63177.67151452975,58885.46948547024,0.07032756971344054,622.5199999999999,0.9999999999966066,-5.905605719380702e-05,0.0248090814786317,0.006012612951148286,1
2026-06-25 04:00:00+00:00,60791.73,61322.8,60689.11,61248.01,2660,60855.228,60779.318999999996,60958.393000000004,61963.5064,60873.45521442627,61248.65486575682,-375.1996513305494,-500.5196097527338,125.31995842218441,52.23469703838794,60958.393000000004,62958.11365620817,58958.67234379184,0.06560936264209467,626.865,0.9999999999972683,0.004296067245586288,0.029145680514236716,0.006227960570775995,1
2026-06-25 05:00:00+00:00,61247.6,61723.55,61175.06,61503.83,5034,61012.35400000001,60943.375,60903.9015,61913.834,60970.43595066839,61267.55673994371,-297.12078927532275,-459.83984565725166,162.7190563819289,65.24789501136321,60903.9015,62770.996610866154,59036.806389133846,0.06131282446219488,603.0100000000004,0.9999999999979847,0.012938954053315133,0.027405118363898362,0.006160272169317521,0
2026-06-25 06:00:00+00:00,61504.15,61763.02,61499.43,61626.55,2903,61172.482,61018.897,60867.380000000005,61875.3702,61071.37657364248,61294.14884942236,-222.7722757798765,-412.4263316817767,189.65405590190016,73.3030914399568,60867.380000000005,62641.03617358704,59093.72382641297,0.05827936650426006,529.0707142857146,0.9999999999982662,0.013162811703104849,0.012406826004951688,0.003663643563093209,0
2026-06-25 07:00:00+00:00,61632.53,61872.68,61562.44,61818.03,2958,61396.50600000001,61100.026,60816.588,61845.156800000004,61186.24633154364,61332.95488238632,-146.7085508426826,-359.2827755139579,212.57422467127532,83.56600414034249,60816.588,62401.242902634775,59231.93309736523,0.052112588185143534,481.9685714285718,0.9999999999984559,0.01845401266699298,0.013298366705055908,0.003700446147117017,0
2026-06-25 08:00:00+00:00,61818.35,61833.83,61578.69,61616.64,1731,61562.612,61182.72000000001,60770.851500000004,61820.1522,61252.46074207539,61353.96860573761,-101.50786366222019,-307.72779314361037,206.21992948139018,78.18027853481142,60770.851500000004,62191.42531724472,59350.27768275529,0.04675181545694538,455.3242857142858,0.912364187304535,0.013663154296269298,0.013603291347053847,0.003657422202296303,0
2026-06-25 09:00:00+00:00,61617.72,61698.47,61508.55,61638.55,2049,61640.72000000001,61247.974,60790.803,61796.719800000006,61311.8590894484,61375.04871917372,-63.18962972531881,-258.82016045995204,195.63053073463323,76.07821938091989,60790.803,62249.78113089998,59331.82486910002,0.047999962458136335,434.79285714285703,0.8511317264252402,0.006376370432280121,0.010699830994026271,0.0036066026999342325,0
2026-06-25 10:00:00+00:00,61638.34,61661.68,61168.19,61182.55,2251,61576.464,61294.40900000001,60798.4235,61773.9154,61291.965383379415,61360.78954842867,-68.82416504925641,-220.8209613778129,151.99679632855648,55.45674509941438,60798.4235,62264.2413035447,59332.60569645529,0.048218941188325565,372.2442857142856,0.44114621356044914,-0.005223739724826926,0.007647624600202407,0.00419058255578203,0
2026-06-25 11:00:00+00:00,61185.48,61334.48,60966.44,61186.06,3834,61488.366,61330.424,60848.018,61751.7028,61275.67224747489,61347.846613568625,-72.17436609373544,-191.0916423209974,118.91727622726197,53.29656592396498,60848.018,62294.749429112286,59401.28657088771,0.04755229427891273,363.8707142857144,0.39819864564961566,-0.007147730969849886,0.005920996496394215,0.004180035995976366,0
2026-06-25 12:00:00+00:00,61187.01,61661.92,60973.71,61138.91,6592,61352.542,61374.524,60916.616500000004,61729.617999999995,61254.63190170953,61332.36982145838,-77.73791974884807,-168.42089780656755,90.68297805771948,56.84749657831072,60916.616500000004,62274.91842848869,59558.31457151132,0.044595448878507006,378.1192857142856,0.46879641696293617,-0.010985791685694246,0.007265489042374007,0.004104816306124886,0
2026-06-25 13:00:00+00:00,61138.84,61269.54,58002.68,58214.15,21797,60672.043999999994,61117.328,60861.595499999996,61645.2426,60786.86545529268,61101.39049361783,-314.52503832514776,-197.6417259102836,-116.88331241486415,23.743170227115996,60861.595499999996,62543.693225372204,59179.49777462779,0.05527616262942724,590.8107142857142,0.0,-0.05522031061739163,-0.04231163994537568,0.015871644877172717,1
2026-06-25 14:00:00+00:00,58206.25,60396.42,58194.46,59384.63,31690,60221.259999999995,60930.990000000005,60855.15449999999,61589.083,60571.136923709186,60974.22300794312,-403.0860842339316,-238.73059757501323,-164.35548665891838,39.21239663939504,60855.15449999999,62559.82311533329,59150.48588466669,0.05602380371356381,715.5535714285714,0.25858397873112166,-0.03656672650476045,-0.03042351906617058,0.017330331970717865,0
2026-06-25 15:00:00+00:00,59383.86,59563.78,58767.78,59474.43,14402,59879.636,60728.05,60835.7125,61530.4028,60402.41278160008,60863.12719584316,-460.7144142430843,-283.12736090862745,-177.58705333445687,39.03574812757171,60835.7125,62595.97606428242,59075.448935717584,0.057869415576662045,752.447857142857,0.2556311177536684,-0.027918417914912008,-0.03299631909102252,0.017228825403138897,0
2026-06-25 16:00:00+00:00,59475.93,59973.06,59060.5,59219.19,10164,59486.262,60487.314,60753.105500000005,61466.426,60220.378507507754,60741.354035988166,-520.9755284804123,-330.69699442298446,-190.27853405742786,38.246141715259505,60753.105500000005,62655.64702357955,58850.56397642046,0.06263191018538285,797.168571428571,0.24243203705722038,-0.0321457207736533,-0.039063682779581166,0.01713208703292267,1
2026-06-25 17:00:00+00:00,59216.28,59652.45,59039.88,59587.78,8156,59176.036,60264.289000000004,60682.15750000001,61409.9876,60123.055660198865,60655.90408515147,-532.8484249526082,-371.12728052890924,-161.72114442369895,40.88133013735111,60682.15750000001,62649.59697247315,58714.71802752687,0.06484408444024552,824.3399999999996,0.2864819131615447,-0.0253705864236049,-0.03607766213190555,0.0173000962066901,1
2026-06-25 18:00:00+00:00,59590.8,59701.08,59258.07,59411.04,6781,59415.414000000004,60043.72899999999,60613.2245,61348.785599999996,60013.51478939904,60563.691908468616,-550.1771190695727,-406.93724823704196,-143.2398708325307,35.38744970639186,60613.2245,62659.814732788254,58566.63426721174,0.06752949540865485,810.7199999999996,0.19464606936118278,0.02056012155120368,-0.03579552536457686,0.017300852266557552,1
2026-06-25 19:00:00+00:00,59413.08,59432.95,59081.12,59232.11,4903,59384.909999999996,59803.08500000001,60525.52949999999,61287.787000000004,59893.29866795304,60465.05618953061,-571.7575215775723,-439.90130290514804,-131.8562186724243,31.705348945834004,60525.52949999999,62653.549334795025,58397.509665204954,0.07031809064289263,796.672857142856,0.1330959802114006,-0.0025683413368071673,-0.039041152006333735,0.017250148877129192,1
2026-06-25 20:00:00+00:00,59236.65,59656.07,59224.05,59355.27,4528,59361.078,59620.356999999996,60457.382999999994,61231.817200000005,59810.52502672949,60382.84978813245,-572.3247614029606,-466.38599460471056,-105.93876679825001,31.710188528523958,60457.382999999994,62645.856702623765,58268.90929737622,0.07239723567339232,808.7035714285703,0.1331768787976656,-0.002003550097075424,-0.02986603206306382,0.017293093040423348,0
2026-06-25 21:00:00+00:00,59360.79,60178.11,59348.23,60110.14,3554,59539.268,59512.765,60421.59450000001,61187.7488,59856.61963800188,60362.64905922023,-506.02942121835076,-474.31467992743865,-31.714741290912116,37.39104883994606,60421.59450000001,62608.10244239702,58235.08655760299,0.07237504936739186,845.820714285713,0.2507091033502909,0.015044954177860115,-0.017584397491846926,0.0179825355834621,0
2026-06-25 22:00:00+00:00,60109.03,60113.38,59641.44,59752.26,3603,59572.164000000004,59374.1,60374.312,61135.138399999996,59840.564309078516,60317.43504682277,-476.87073774425517,-474.82589149080195,-2.0448462534532155,36.54658234497806,60374.312,62576.50355849754,58172.120441502455,0.07295127631425574,861.3064285714271,0.24464316600163172,0.0027602974972384953,-0.02268031929257497,0.018029846161459053,1
2026-06-25 23:00:00+00:00,59750.76,60106.19,59640.49,59708.88,3270,59631.731999999996,59523.573,60320.4505,61078.970199999996,59820.305184604906,60272.35688781118,-452.05170320627076,-470.2710538338957,18.21935062762492,36.11846071284176,60320.4505,62532.90459428128,58107.99640571872,0.07335668337826097,881.004999999999,0.37382698425584365,0.005013209666082208,0.0256764034173822,0.00828399308696425,1
2026-06-26 00:00:00+00:00,59711.69,59820.16,59539.55,59576.13,3915,59700.536,59542.723,60236.85650000001,61020.206399999995,59782.73977158877,60220.78451791732,-438.04474632854544,-463.82579233282564,25.7810460042802,37.88017334516322,60236.85650000001,62427.98284148426,58045.730158515755,0.07275035480924387,865.7992857142848,0.42704397509947584,0.005807998398166037,0.0032247401389888797,0.005609183932506749,1
2026-06-26 01:00:00+00:00,59576.38,59703.22,59134.74,59346.88,4661,59698.85799999999,59529.96800000001,60129.009,60954.0292,59715.684422113576,60156.050840818854,-440.3664187052782,-459.13391760731616,18.76749890203797,36.581166149616635,60129.009,62269.30554690868,57988.71245309131,0.0711901487319934,880.1164285714278,0.3878041735774073,-0.00014135223376121608,-0.0021446191245548807,0.005738922446902668,1
2026-06-26 02:00:00+00:00,59349.66,59365.71,58267.36,58489.4,11419,59374.71,59456.989,59972.15149999999,60865.073000000004,59527.02528024995,60032.595206902966,-505.5699266530137,-468.4211194164557,-37.14880723655796,32.71301826495336,59972.15149999999,62110.1649575148,57834.13804248519,0.07130020864816912,909.4121428571422,0.5233845456435571,-0.02696283854936954,-0.012323539041989573,0.007244799832469604,1
2026-06-26 03:00:00+00:00,58488.99,60051.13,58238.61,59943.71,10321,59413.0,59492.581999999995,59878.43550000001,60806.8546,59591.130621749966,60026.01111670882,-434.88049495885207,-461.712994524935,26.83249956608296,63.964145806622476,59878.43550000001,61832.142909300164,57924.72809069985,0.06525579344170264,805.5307142857133,0.9999999999969,0.003204062909084815,0.005973204573152424,0.010865134212797192,1
2026-06-26 04:00:00+00:00,59950.69,60166.65,59734.56,59833.54,5113,59437.93199999999,59534.83200000001,59789.28049999999,60752.5186,59628.42437224997,60011.75399536081,-383.32962311083975,-446.036320242116,62.70669713127626,54.37316733397634,59789.28049999999,61563.49988280845,58015.06111719154,0.059349079566477024,679.1114285714278,0.7026864171622431,0.0020877966560417516,0.00711147288450098,0.010829232008848576,0
2026-06-26 05:00:00+00:00,59833.46,59966.97,59636.18,59863.66,4187,59495.438,59597.987,59700.536,60696.6622,59664.61446882689,60000.78406864446,-336.169599817571,-424.062976157207,87.893376339636,53.83638847437451,59700.536,61248.40593795157,58152.66606204843,0.05185447373375567,645.8821428571422,0.6860466502820146,0.004826261793104081,0.010662291112033762,0.010749914771140066,0
2026-06-26 06:00:00+00:00,59860.25,60381.16,59608.58,60243.44,5532,59674.75,59686.804000000004,59653.580500000004,60648.2232,59753.66455054583,60018.758583798764,-265.09403325293533,-392.2691875763527,127.17515432341736,59.85346547607367,59653.580500000004,61062.933786946836,58244.22721305317,0.047251255503324985,635.8835714285711,0.8725718027124342,0.015107112623275354,0.014963624965399047,0.010876375254533971,0
2026-06-26 07:00:00+00:00,60242.55,60677.36,60187.79,60439.98,5360,60064.866,59719.788,59616.2765,60601.012200000005,59859.25154276955,60049.96017294948,-190.70863017993543,-351.95707609706926,161.24844591713384,58.47899453969473,59616.2765,60887.57200605441,58344.98099394559,0.04264927569082285,627.0978571428568,0.8299641709924369,0.03334929064069736,0.0054872605520466244,0.010185653003385059,0
2026-06-26 08:00:00+00:00,60437.28,60483.39,60052.24,60156.19,3930,60107.362,59760.181000000004,59567.140499999994,60550.1242,59904.93438234347,60057.82904967308,-152.89466732960864,-312.1445943435772,159.24992701396854,57.25926026954201,59567.140499999994,60653.10067518158,58481.18032481841,0.03646171919840894,626.2507142857139,0.792153267026841,0.003544658814077506,0.006760079032993804,0.010103217836077481,0
2026-06-26 09:00:00+00:00,60156.88,60171.16,59488.83,59650.73,5003,60070.8,59754.366,59638.96949999999,60491.6816,59865.82601582909,60027.67356222068,-161.84754639159655,-282.08518475318107,120.23763836158452,53.83426086383074,59638.96949999999,60518.55504133328,58759.3839586667,0.02949700669570725,649.8578571428573,0.6859335784592594,-0.0030553097811026886,-0.0009738919906049359,0.01050874399572281,0
2026-06-26 10:00:00+00:00,59655.73,59781.27,59149.42,59228.86,5390,59943.840000000004,59719.639,59631.181000000004,60422.0276,59767.83124416307,59968.50218307816,-200.67093891509285,-265.8023355855634,65.13139667047056,48.90224310265476,59631.181000000004,60522.92369920931,58739.4383007907,0.029908604332666237,664.1314285714288,0.5180365033569899,-0.010604096040903621,-0.005829012391372124,0.01072981401256268,1
2026-06-26 11:00:00+00:00,59234.2,59510.63,59175.52,59331.58,5083,59761.46800000001,59718.109,59624.0385,60356.78600000001,59700.715668137986,59921.32275903582,-220.60709089783631,-256.763286648018,36.156195750181666,42.37528155910295,59624.0385,60523.32400874595,58724.752991254056,0.03016519951918207,628.7907142857148,0.3091812697393194,-0.015136253839422187,-0.0002578063075935333,0.010683297257380214,1
2026-06-26 12:00:00+00:00,59332.02,59941.91,58884.39,59109.57,10733,59495.386,59780.126000000004,59618.557499999995,60291.8378,59609.77018073214,59861.19292140607,-251.4227406739301,-255.69517745320042,4.272436779270322,43.53382444970751,59618.557499999995,60529.49319326006,58707.62180673993,0.030558796839727766,670.6178571428583,0.34625330463009546,-0.022012085377923762,0.010603117829897313,0.00954772546757517,1
2026-06-26 13:00:00+00:00,59110.65,60133.3,58364.37,60084.33,20114,59481.014,59794.188,59643.384999999995,60236.847,59682.779383696434,59877.72159481768,-194.94221112124796,-243.54458418680997,48.602373065562006,53.18123507670724,59643.384999999995,60577.559208827995,58709.210791171994,0.03132532497369157,763.7057142857151,0.6549593061689313,-0.001194557035610111,0.0023458674813421343,0.007344486654653841,0
2026-06-26 14:00:00+00:00,60086.0,60216.37,59292.79,59509.49,15018,59452.766,59761.782999999996,59648.307499999995,60176.409400000004,59656.119478512366,59850.44517897612,-194.32570046375622,-233.70080744219922,39.375106978443,49.47470479733885,59648.307499999995,60578.3551446157,58718.25985538429,0.03118437667709866,809.6321428571438,0.5363546166448693,-0.0023677832609928506,-0.005415858730738687,0.00796972747598767,1
2026-06-26 15:00:00+00:00,59510.62,60422.41,59491.68,60232.38,10853,59653.469999999994,59798.65499999999,59698.32100000001,60156.2666,59744.77494335661,59878.73664855484,-133.96170519822772,-213.7529869934049,79.79128179517718,56.47603974993929,59698.32100000001,60641.61749003878,58755.024509961244,0.03160211122315372,835.5071428571438,0.7603892516590047,0.016943091594199045,0.006159329382800838,0.008927974104035348,0
2026-06-26 16:00:00+00:00,60229.04,60509.93,59872.6,59950.65,7340,59777.284,59769.376000000004,59728.090000000004,60134.676799999994,59776.44802899406,59884.06356371289,-107.61553471882507,-192.52549653848894,84.90996181966386,61.66948038568979,59728.090000000004,60663.34694099621,58792.833059003795,0.031317155495720984,802.577142857144,0.8937106929427422,0.010434072377644377,-0.004860114229864765,0.008826658423329914,0
2026-06-26 17:00:00+00:00,59944.16,60195.97,59845.56,59935.85,5622,59942.53999999999,59718.963,59719.3755,60129.5104,59800.97140914882,59887.899596187934,-86.92818703911325,-171.40603463861382,84.47784759950056,49.91848975833146,59719.3755,60642.816947365296,58795.93405263471,0.030926024916831024,698.140714285716,0.3909573166000081,0.013978785499539237,-0.008341002098280037,0.008731815685514965,1
2026-06-26 18:00:00+00:00,59935.29,60075.77,59451.3,59572.31,4617,59840.136,59660.575,59710.37799999999,60125.6178,59765.79273081823,59864.52258817429,-98.72985735605471,-156.87079918210202,58.14094182604731,47.426229346680174,59710.37799999999,60635.97451067297,58784.78148932701,0.03100286890406148,711.8821428571438,0.2617858265558551,-0.008521689432169799,-0.009706066823713444,0.008810072563205424,1
2026-06-26 19:00:00+00:00,59576.59,60006.7,59511.81,59657.5,5183,59869.738,59661.252,59707.808999999994,60132.47640000001,59749.13231069235,59849.18758110312,-100.05527041076857,-145.50769342783533,45.452423017066764,47.99061193936745,59707.808999999994,60633.70817847945,58781.90982152054,0.031014341138508573,723.6035714285723,0.2910372402972044,0.0024871663326302418,0.00011349400082782957,0.008424959796802425,1
2026-06-26 20:00:00+00:00,59656.05,59906.61,59483.21,59631.04,4676,59749.469999999994,59701.469999999994,59710.55449999999,60134.8282,59730.964262893525,59833.02850049479,-102.064237601262,-136.81900226252068,34.75476466125869,43.58958254825608,59710.55449999999,60635.13434611872,58785.97465388126,0.0309687241681445,698.6621428571436,0.06293606695259957,-0.009983666592620066,0.0067902708240543674,0.008055586812213515,1
2026-06-26 21:00:00+00:00,59633.15,59965.22,59583.53,59830.95,2536,59725.530000000006,59751.40700000001,59734.757999999994,60134.1818,59746.346683986834,59832.87453749052,-86.52785350368504,-126.76077251075355,40.23291900706852,43.62935332230113,59734.757999999994,60644.47712756312,58825.03887243687,0.030458619337275183,690.9564285714296,0.06499734839798597,-0.001996642238241031,0.008416597029777373,0.008094694553945446,1
2026-06-26 22:00:00+00:00,59830.35,60001.49,59657.91,59957.41,2323,59729.842000000004,59836.191000000006,59808.158500000005,60115.903399999996,59778.817963373476,59842.09938682304,-63.28142344956723,-114.06490269851628,50.78347924894905,47.84992991018121,59808.158500000005,60507.323705903334,59108.993294096676,0.02338026193878982,684.7014285714291,0.2837458243410439,0.0003597179317553767,0.01434353185110293,0.00793438960614015,1
2026-06-26 23:00:00+00:00,59956.89,60042.28,59830.17,60018.6,1806,59819.1,59829.618,59811.90299999999,60096.140600000006,59815.70750746986,59855.17350665587,-39.46599918600987,-99.14512199601499,59.679122810005126,54.40207545047464,59811.90299999999,60514.91650134639,59108.88949865359,0.023507478146829817,651.1142857142861,0.6233373046170121,0.007491567810615329,-0.0010939624357965139,0.0059322440471698,1
2026-06-27 00:00:00+00:00,60019.75,60116.46,59791.08,59978.37,1980,59883.274,59876.50600000001,59819.14450000001,60079.914,59840.73250632065,59864.29917304811,-23.566666727456322,-84.02943094230326,60.46276421484694,59.87046748122729,59819.14450000001,60526.06923141851,59112.21976858151,0.023635400918129063,629.2235714285717,0.906758869817689,0.005378535808574059,0.007879079454386151,0.0049372944158001504,1
2026-06-27 01:00:00+00:00,59975.22,59990.43,59835.18,59856.02,1501,59928.27,59838.87000000001,59818.7625,60057.3142,59843.084428425165,59863.685900956865,-20.601472531699983,-71.3438392601826,50.74236672848262,56.87094508903764,59818.7625,60525.594198833875,59111.93080116612,0.02363244137101223,616.3764285714288,0.7354087818127883,0.003772867285225967,-0.00624846635646803,0.0029524321149758644,1
2026-06-27 02:00:00+00:00,59852.66,60284.48,59816.24,60195.73,2642,60001.226,59863.378000000004,59816.377,60046.864799999996,59897.33759328283,59888.28176065037,9.055832632460806,-55.26390488165392,64.31973751411473,63.80456830856672,59816.377,60517.472713055504,59115.2812869445,0.023441597375765618,574.2850000000004,0.9999999999950533,0.006096844526119138,0.004088029070577148,0.0031790886405436286,1
2026-06-27 03:00:00+00:00,60193.48,60329.32,60064.86,60208.89,2283,60051.522,59890.68200000001,59804.822499999995,60034.524399999995,59945.268732777775,59912.030519572305,33.23821320546995,-37.56348126422915,70.8016944696991,52.09523425041879,59804.822499999995,60469.306125201234,59140.338874798756,0.022221740569541504,466.82285714285746,0.42075971771497944,0.004194310594803907,0.004555537295291456,0.0031717590380855878,1
2026-06-27 04:00:00+00:00,60208.2,60415.5,60123.38,60154.49,1985,60078.7,59948.9,59804.7375,60023.656,59977.45662004273,59929.99048140169,47.466138641037105,-20.557557283175893,68.023695924213,63.15242126899452,59804.7375,60469.03228471737,59140.44271528264,0.022215456918186913,421.7185714285718,0.9677394262157052,0.0022641314525830847,0.009772661157507523,0.0022891508512461307,1
2026-06-27 05:00:00+00:00,60156.62,60224.64,60034.21,60143.99,1881,60111.824,59997.549,59829.4005,60010.813599999994,60003.077140036155,59945.84229785259,57.23484218356316,-4.999077389828078,62.23391957339124,47.459517253668906,59829.4005,60506.130189032076,59152.67081096793,0.022621977936485328,368.84000000000015,0.19143890336008884,0.002761328792362905,0.008154716506725945,0.002309881473438341,1
2026-06-27 06:00:00+00:00,60148.48,60428.46,60011.22,60278.07,2102,60196.234,60062.252,59881.861,59991.414800000006,60045.38373387675,59970.451757642404,74.93197623434389,10.987133335006321,63.94484289933757,60.28342064598789,59881.861,60524.378734994716,59239.34326500528,0.021459511253156243,353.1192857142856,0.8258149817955991,0.007051086924924288,0.010850557025334329,0.00230271664452933,0
2026-06-27 07:00:00+00:00,60283.99,60492.1,60198.38,60450.89,1852,60247.266,60124.246,59937.8265,59970.356,60107.769313280325,60006.03977609224,101.72953718808276,29.135614105621617,72.59392308246115,64.71542857142853,59937.8265,60573.482815454765,59302.17018454524,0.021210522722400087,349.0699999999997,0.9999999999952666,0.004238838867806738,0.010361526935473986,0.0022541467006723724,0
2026-06-27 08:00:00+00:00,60453.15,60456.44,60271.38,60359.51,1806,60277.39,60164.45599999999,60000.32350000001,59945.0152,60146.49864969873,60032.22275597982,114.27589371891372,46.163670028280045,68.11222369063367,76.63346505711046,60000.32350000001,60530.06438268522,59470.58261731481,0.017657934217144816,317.68357142857195,0.9999999999969736,0.0025016239296224985,0.0067064271121783925,0.002350612158596572,1
2026-06-27 09:00:00+00:00,60351.29,60411.21,60194.75,60317.31,1557,60309.954000000005,60194.327000000005,60011.972499999996,59915.0008,60172.77731897585,60053.340329864004,119.43698911184765,60.81833384499357,58.618655266854084,72.99229884656916,60011.972499999996,60559.44132215741,59464.503677842586,0.018245320037011303,297.7957142857148,0.8898081601139151,0.00270669737204976,0.00497695714328561,0.0023848628775456236,1
2026-06-27 10:00:00+00:00,60322.82,60397.57,60273.75,60311.46,1316,60343.448,60227.636,60052.070999999996,59888.89720000001,60194.1131160565,60072.460305641776,121.6528104147219,72.98522915893925,48.66758125578265,74.05603009390187,60052.070999999996,60560.676179138034,59543.46582086196,0.01693880562880297,276.3971428571432,0.9219056406059137,0.0027844843682636178,0.005553502037484392,0.0023603923437674826,1
2026-06-27 11:00:00+00:00,60318.62,60354.76,60098.27,60265.37,1638,60340.907999999996,60268.570999999996,60053.720499999996,59861.4336,60205.075713586266,60086.749912778076,118.32580080819025,82.05334348878945,36.2724573194008,67.23314450738657,60053.720499999996,60564.99487171788,59542.446128282114,0.017027233865315038,267.4542857142863,0.6777837331743378,-0.00021069022282893535,0.0068389111070199515,0.002235654258053138,1
2026-06-27 12:00:00+00:00,60267.99,60341.08,60154.52,60324.62,1598,60315.654,60281.46,60072.418999999994,59844.275,60223.4671422653,60104.36991940657,119.09722285872704,89.46211936277697,29.635103495950062,65.38748418132599,60072.418999999994,60595.04946785493,59549.78853214506,0.017400014068184436,256.23857142857275,0.6145197437242529,-0.0020888029936365626,0.002141181774853562,0.0014125171654015183,1
2026-06-27 13:00:00+00:00,60326.29,60577.67,60286.52,60484.72,2059,60340.695999999996,60309.04299999999,60099.8625,59830.2482,60263.659889609095,60132.54399969868,131.11588991041208,97.79287347230401,33.32301643810807,68.03702442497607,60099.8625,60649.255559784855,59550.46944021515,0.018282672769337933,261.8842857142871,0.7053384516170681,0.0020744038511910645,0.004581217159127293,0.0016094602398410225,0
2026-06-27 14:00:00+00:00,60483.71,60632.7,60405.35,60512.55,2288,60379.744000000006,60344.849,60146.8745,59817.721,60301.95067582308,60160.692592543164,141.258083279914,106.48591543382604,34.77216784608795,70.87097177507567,60146.8745,60666.28758105937,59627.46141894063,0.017271490343504736,254.88214285714432,0.8024781109180141,0.003236881750860565,0.005952340382239241,0.001537408887759319,0
2026-06-27 15:00:00+00:00,60512.72,60858.81,60462.14,60743.09,3002,60466.06999999999,60404.759,60201.154,59868.29980000001,60369.818264157984,60203.83314156944,165.98512258854316,118.38575686476948,47.59936572377369,81.95704332413493,60201.154,60732.004855349325,59670.30314465068,0.017635902971206263,272.1264285714299,0.9999999999971012,0.007156682991922292,0.009961095032105405,0.0018083177801707366,0
2026-06-27 16:00:00+00:00,60743.02,60767.39,60576.69,60709.68,1791,60554.93199999999,60447.920000000006,60255.085999999996,59894.8008,60422.10468505676,60241.30327949296,180.80140556379774,130.86888660457515,49.93251895922259,73.75856362274774,60255.085999999996,60760.62542064408,59749.54657935591,0.01677997507609842,252.3021428571436,0.7623458654769365,0.0073725590666746665,0.007160315517733107,0.001810797040967496,0
2026-06-27 17:00:00+00:00,60709.74,60728.45,60312.35,60428.39,2728,60575.686,60445.670000000006,60284.958000000006,59913.88,60423.07165658649,60255.16155517579,167.9101014107,138.27712956580012,29.632971844899885,58.131195637678424,60284.958000000006,60754.280962509685,59815.63503749033,0.015570151430135496,263.1335714285721,0.3093461937583636,0.0017201931814903038,-0.00037220295681339444,0.002306080678019716,0
2026-06-27 18:00:00+00:00,60428.46,60478.66,60346.5,60472.66,1648,60573.274,60456.985,60310.720499999996,59938.949400000005,60430.70063249626,60271.272551185284,159.42808131097263,142.50731991483462,16.920761396138005,61.87547121923571,60310.720499999996,60760.49808837819,59860.9429116218,0.014915344557297877,251.7078571428579,0.417883703778596,-0.00019938920110729175,0.0018746010363570598,0.002255029093026548,0
2026-06-27 19:00:00+00:00,60472.27,60510.15,59975.53,60088.48,2904,60488.46000000001,60434.102,60314.2145,59948.96340000001,60378.05130441991,60257.73236213344,120.31894228646706,138.0696443891611,-17.75070210269405,48.38001739343617,60314.2145,60755.44166857818,59872.98733142182,0.014630951334968693,276.29285714285805,0.0,-0.007007967768669521,-0.0037937699807898406,0.003065668268973523,0
2026-06-27 20:00:00+00:00,60082.66,60208.81,60074.46,60204.96,1450,60380.833999999995,60423.452000000005,60325.543999999994,59964.84180000001,60351.4218729707,60253.82329825161,97.59857471908617,129.97543045514612,-32.37685573605995,47.844240397714174,60325.543999999994,60741.36647833464,59909.72152166535,0.013785950387273592,256.08642857142956,0.0,-0.008859114674607427,-0.001765833558000418,0.0031525769663467915,0
2026-06-27 21:00:00+00:00,60207.51,60399.66,60040.37,60107.46,2046,60260.39,60407.661,60338.116,59982.3488,60313.889277129056,60242.9815724036,70.9077047254541,118.16188530920772,-47.25418058375362,39.402729006337964,60338.116,60706.68687438683,59969.54512561317,0.012216850601925682,260.77000000000095,0.0,-0.009919670141565584,-0.0026202444289316063,0.0031818857539593396,0
2026-06-27 22:00:00+00:00,60105.63,60164.62,59752.34,60135.84,3121,60201.880000000005,60388.782999999996,60335.121499999994,59997.960199999994,60286.49708064766,60235.04515959799,51.45192104967282,104.81989245730072,-53.367971407627905,42.81898328592412,60335.121499999994,60709.49080582817,59960.752194171815,0.012409664438255214,277.000000000001,0.08027985726818278,-0.004841267490330314,-0.0031294022241665775,0.0031637945552043115,0
2026-06-27 23:00:00+00:00,60132.98,60243.71,59850.87,59944.94,2451,60096.335999999996,60334.80500000001,60321.924,59994.6562,60233.9498374711,60213.555888428986,20.393949042110762,87.93470377426274,-67.54075473215198,39.08690733674468,60321.924,60731.942619004636,59911.90538099536,0.013594348184405955,289.59857142857226,0.0,-0.008726588180509975,-0.008924237394171586,0.003093407917422779,1
2026-06-28 00:00:00+00:00,59944.99,60113.9,59917.77,60067.82,1755,60092.204000000005,60290.331999999995,60317.590500000006,60000.9674,60208.39140093708,60202.76063739346,5.630763543616922,71.47391572813358,-65.84315218451665,43.317974877955066,60317.590500000006,60736.78939430467,59898.39160569534,0.013899722811529321,294.7635714285726,0.0986949876353328,-0.0003438263041435352,-0.007349384549155569,0.003209280943188062,0
2026-06-28 01:00:00+00:00,60068.98,60199.71,59885.1,60134.3,1789,60078.072,60229.453,60317.10600000001,60009.4758,60196.99272386983,60197.689479050285,-0.6967551804555114,57.03978154641575,-57.736536726871265,46.445058014960736,60317.10600000001,60737.17121189723,59897.040788102786,0.013928559897990501,298.9150000000009,0.17163814643282696,-0.0011736574528078414,-0.010022374561452052,0.0028812397204909853,0
2026-06-28 02:00:00+00:00,60132.71,60258.01,59955.57,60065.06,1824,60069.59199999999,60164.990999999995,60306.455500000004,60019.254400000005,60176.695381736004,60187.865073162895,-11.169691426890495,43.3978869517545,-54.567578378644995,42.99803612663728,60306.455500000004,60741.23189249442,59871.67910750559,0.014418900560137069,307.19214285714355,0.09123201267740066,-0.0007054032893754059,-0.010618076062993587,0.002877006571446776,1
2026-06-28 03:00:00+00:00,60060.57,60200.2,60060.57,60116.42,1317,60065.708000000006,60133.793999999994,60289.731999999996,60034.6452,60167.4222460843,60182.57284550533,-15.150599421031075,31.688189677197386,-46.83878909822846,39.44541880165512,60289.731999999996,60726.840582658355,59852.62341734164,0.014500266236325566,296.3692857142861,0.008362732159633417,-0.0003229355406026979,-0.005162639613598863,0.0026334540345423147,1
2026-06-28 04:00:00+00:00,60112.99,60151.61,60006.46,60053.6,1410,60087.44,60091.888,60274.436499999996,60065.9292,60149.9111313021,60173.0193013673,-23.108170065199374,20.72891772871803,-43.837087793917405,37.10619026481525,60274.436499999996,60722.535148125025,59826.33785187497,0.014868613433657876,290.49785714285775,0.0,0.00181266342079911,-0.0069297431268940946,0.0025997105104044634,1
2026-06-28 05:00:00+00:00,60054.61,60057.52,59654.98,59897.07,2474,60053.29,60072.746999999996,60253.4245,60064.996399999996,60111.01249571716,60152.57861232457,-41.56611660741328,8.269910861491766,-49.836027468905044,25.20050184086486,60253.4245,60731.469014131755,59775.37998586825,0.015867795668004035,290.9171428571431,0.0,-0.0028426202249390853,-0.0031854691614765507,0.0018571938532410813,1
2026-06-28 06:00:00+00:00,59897.18,59952.65,59711.52,59905.17,1901,60007.464,60042.768,60233.11000000001,60066.429,60079.34441945298,60134.252048405055,-54.90762895207445,-4.365597101221481,-50.542031850852965,26.062091989454842,60233.11000000001,60734.72017520726,59731.49982479276,0.016655629277892173,294.5192857142865,0.02349259353699033,-0.003810304601533643,-0.004979490061948422,0.0016942081613943105,1
2026-06-28 07:00:00+00:00,59903.5,60184.46,59902.0,60133.03,1880,60021.058,60045.325,60226.493,60071.8164,60087.603739537146,60134.16152630078,-46.55778676363116,-12.80403503370342,-33.753751729927735,40.92305990239581,60226.493,60729.80001155026,59723.185988449746,0.01671380771084433,284.97357142857226,0.42869996425301715,0.0011316062949076056,0.0004254047667293648,0.002111774800215945,1
2026-06-28 08:00:00+00:00,60132.7,60470.7,60046.82,60282.51,2430,60054.276,60059.992000000006,60224.3875,60072.597799999996,60117.5893180699,60145.150302152775,-27.56098408287653,-15.755424843538043,-11.805559239338487,44.51128340424543,60224.3875,60726.31653376858,59722.458466231416,0.016668630586523826,305.8107142857147,0.8330968574170703,0.0027628059022810625,0.0024389781534606136,0.002248650396198051,0
2026-06-28 09:00:00+00:00,60277.1,60385.57,60162.99,60168.52,1998,60077.259999999995,60082.35,60208.57749999999,60067.1686,60125.424807597614,60146.88139088547,-21.45658328785794,-16.895656532402022,-4.560926755455917,52.73734610123097,60208.57749999999,60695.680565061666,59721.47443493832,0.016180520626373346,283.5221428571432,0.9999999999963686,0.0019136238293790964,0.003729756006094931,0.002060478322436987,0
2026-06-28 10:00:00+00:00,60169.42,60216.26,59973.93,60078.77,1848,60113.6,60083.44500000001,60186.8885,60065.6202,60118.247144890294,60141.836102662906,-23.588957772612048,-18.23431678044403,-5.354640992168019,45.60396301741128,60186.8885,60655.272526615176,59718.504473384826,0.015564321010386661,291.2350000000006,0.7409513226553383,0.003033537366685879,0.00018229394707502955,0.002044770919622947,0
2026-06-28 11:00:00+00:00,60080.2,60289.76,60029.02,60257.54,2155,60184.074,60095.76899999999,60162.611,60077.7564,60139.676814907165,60150.40676173881,-10.729946831641428,-16.733442790683508,6.00349595904208,54.94810555606845,60162.611,60553.538552466816,59771.68344753318,0.012995697692270011,284.19571428571516,0.9999999999966385,0.005882130039861488,0.002049412731170097,0.0022319558192870786,0
2026-06-28 12:00:00+00:00,60255.46,60378.35,60097.59,60200.6,2324,60197.588,60109.323,60137.15700000001,60097.1912,60149.04961261375,60154.124779393365,-5.075166779613937,-14.401787588469594,9.326620808855656,52.095657239013704,60137.15700000001,60432.779881960676,59841.53411803934,0.009831621470255717,274.8014285714292,0.904111660742364,0.001123675291266668,0.0022565531442073627,0.0022189097271193476,0
2026-06-28 13:00:00+00:00,60198.94,60204.44,59877.36,59984.23,3002,60137.93199999999,60096.10400000001,60114.949,60110.2442,60123.69274913471,60141.5399809023,-17.84723176759144,-15.090876424293963,-2.756355343297475,51.25081976607221,60114.949,60383.99109076643,59845.90690923357,0.00895092136787574,270.1042857142867,0.8757114749315362,-0.004948035508143267,-0.002198900067568843,0.0025065446922536753,0
2026-06-28 14:00:00+00:00,59982.62,60172.08,59921.81,59942.56,2629,60092.740000000005,60085.0,60088.444,60126.904,60095.82617234475,60126.80072303872,-30.97455069397256,-18.267611278229687,-12.706939415742873,45.79483805124349,60088.444,60309.22387545053,59867.664124549476,0.007348497007195842,273.9714285714295,0.6923023584512765,-0.0037554521866250967,-0.0018490148800405226,0.0024961184583475746,0
2026-06-28 15:00:00+00:00,59939.08,60054.13,59726.82,59805.89,2926,60038.164000000004,60075.882,60074.3145,60121.3352,60051.22060736864,60103.02955834088,-51.80895097224129,-24.97587921703201,-26.833071755209282,39.47100125036068,60074.3145,60328.69785549808,59819.93114450192,0.008468955746405764,274.8785714285722,0.47971929255445855,-0.0045420370623432404,-0.001522278134806987,0.002462799209920984,0
2026-06-28 16:00:00+00:00,59807.38,59865.7,59496.44,59600.55,4024,59906.766,60045.420000000006,60044.094000000005,60123.1564,59981.88666777346,60065.808850274596,-83.92218250113365,-36.76513987385234,-47.15704262728131,36.3028926960165,60044.094000000005,60367.39790372188,59720.79009627813,0.01076888273880448,279.65142857142877,0.37321967044491855,-0.010903033877586066,-0.005085036900821627,0.0026670276983003214,0
2026-06-28 17:00:00+00:00,59596.56,59771.41,59314.74,59503.76,3598,59767.398,59982.493,60013.909,60108.583999999995,59908.32871888524,60024.1756020636,-115.84688317836117,-52.58148853475411,-63.26539464360706,32.405748156316974,60013.909,60415.54214351819,59612.27585648181,0.01338466866133292,302.2971428571436,0.2422126630571387,-0.01157529991395434,-0.010464631501189925,0.0022046117237570465,0
2026-06-28 18:00:00+00:00,59503.99,59625.38,59414.5,59523.64,2299,59675.280000000006,59906.60600000001,59983.299,60100.0438,59849.14583905674,59987.09889076458,-137.9530517078383,-69.65580116937097,-68.29725053846734,34.39586842074279,59983.299,60435.888205157295,59530.7097948427,0.01509050728127826,306.99214285714334,0.30911285049650544,-0.007678518170525894,-0.012588560098111379,0.0019060370123125147,0
2026-06-28 19:00:00+00:00,59520.12,59608.43,59176.93,59389.1,3222,59564.588,59828.664000000004,59955.507000000005,60089.1088,59778.369556124926,59942.8026765951,-164.4331204701739,-88.61126502953157,-75.82185544064232,34.84711988783825,59955.507000000005,60480.488970499086,59430.525029500925,0.017512385325974492,309.0607142857152,0.3041273894749779,-0.009233172557194691,-0.012953950005750503,0.0019230294119397559,1
2026-06-28 20:00:00+00:00,59388.84,59687.3,59382.25,59564.67,2007,59516.344000000005,59777.25399999999,59930.3495,60088.956,59745.49270133647,59914.792848676465,-169.3001473399927,-104.7490414916238,-64.55110584836889,40.76545058092237,59930.3495,60480.29881515417,59380.40018484582,0.018352948706036685,313.62642857142936,0.3708441968301184,-0.00403338199632175,-0.008557099288151182,0.002342719803013107,0
2026-06-28 21:00:00+00:00,59566.32,59706.74,59234.07,59352.99,3016,59466.831999999995,59686.799,59891.284,60082.8658,59685.10767036163,59873.17782281735,-188.07015245572256,-121.41326368444356,-66.656888771279,28.65757562491801,59891.284,60489.14617455336,59293.42182544664,0.019964914245397047,327.2128571428579,0.0,-0.0041536529444778925,-0.015011399403294656,0.0020472597396518767,1
2026-06-28 22:00:00+00:00,59355.57,59825.57,58822.1,58983.67,9913,59362.81399999999,59565.10599999999,59837.2145,60069.918399999995,59577.19418261368,59807.288354414726,-230.09417180104356,-143.14944530776356,-86.94472649328,18.278887108749174,59837.2145,60552.893193281714,59121.53580671829,0.02392085591757324,368.61214285714385,0.0,-0.008740456065297497,-0.020214582578911178,0.002512841884252798,1
2026-06-28 23:00:00+00:00,58982.39,59759.33,58917.52,59483.17,5652,59354.719999999994,59515.0,59805.552,60062.9628,59562.72892375004,59783.2795874056,-220.5506636555656,-158.62968897732398,-61.920974678241606,35.91432059487259,59805.552,60525.24089195374,59085.863108046266,0.024067628100940788,412.8428571428584,0.4809328977494085,-0.0006798979363493718,-0.008353195498216892,0.004085532882327989,1
2026-06-29 00:00:00+00:00,59490.08,59611.18,58908.5,59563.9,8524,59389.67999999999,59477.134,59781.066999999995,60055.092599999996,59562.90908932695,59767.0292475881,-204.12015826114657,-167.72778283408852,-36.392375427058056,39.378736431262155,59781.066999999995,60498.540645950256,59063.593354049735,0.02400337370861113,445.72500000000116,0.5754103909459777,0.0029433010434574136,-0.006317047520159269,0.004144242430360417,1
2026-06-29 01:00:00+00:00,59558.58,59603.51,59103.41,59345.72,6453,59345.89,59431.117000000006,59753.4995,60041.635,59529.49538327665,59735.82115515695,-206.32577188029973,-175.44738064333077,-30.87839123696895,31.49099943974862,59753.4995,60494.199173251036,59012.79982674896,0.02479184246777171,462.82214285714355,0.39069705001590654,-0.003675836699842283,-0.007694392642597525,0.004227809591707105,1
2026-06-29 02:00:00+00:00,59345.02,59721.5,58783.65,59659.25,7288,59407.14200000001,59436.987,59741.20349999999,60035.25260000001,59549.457632003316,59730.149217735016,-180.6915857316999,-176.49622166100463,-4.195364070695263,40.047871695033045,59741.20349999999,60479.46265056867,59002.94434943131,0.02471524198767371,509.75714285714326,0.6602277401346983,0.005159975933815675,0.0009848902401068393,0.004505733269139577,1
2026-06-29 03:00:00+00:00,59661.49,60145.77,59661.49,59950.39,5654,59600.486,59481.65,59732.0715,60037.14,59611.13953477204,59746.463349762365,-135.32381499032635,-168.261740326869,32.937925336542634,49.39453362628547,59732.0715,60454.26688701063,59009.87611298937,0.0241811599321691,521.1457142857143,0.9999999999967862,0.016389621059523796,0.007505912231428713,0.004693527089960624,0
2026-06-29 04:00:00+00:00,59950.9,59961.47,59647.55,59738.16,3177,59651.48400000001,59503.102,59704.85399999999,60027.988600000004,59630.68114480712,59745.84828681674,-115.16714200962451,-157.6428206634201,42.4756786537956,46.55323597855055,59704.85399999999,60379.14552250299,59030.56247749699,0.022587494226281875,525.6921428571425,0.9086858874610085,0.004286758758822229,0.0036039462640389264,0.004888257139640631,1
2026-06-29 05:00:00+00:00,59737.17,60015.17,59285.9,59999.84,5326,59738.672,59564.176,59696.420000000006,60023.8076,59687.47481483679,59764.66248780091,-77.18767296412261,-141.5517911235606,64.364118159438,53.13823779735993,59696.420000000006,60350.2002553389,59042.63974466111,0.021903499584695275,554.403571428571,0.9999999999971313,0.007318862599661857,0.010283705259045872,0.004941925076709774,1
2026-06-29 06:00:00+00:00,60009.12,60257.02,59953.67,59983.43,4036,59866.214,59606.052,59691.653000000006,60020.386399999996,59733.00638178497,59780.86748871064,-47.86110692566581,-122.81365428398165,74.95254735831584,56.59869432437834,59691.653000000006,60335.001916972695,59048.30408302732,0.021555741368820495,549.6957142857142,0.9999999999973903,0.010745678037101802,0.00703034197956609,0.0049078050553800715,0
2026-06-29 07:00:00+00:00,59983.27,60103.38,59833.99,59929.87,2909,59920.338,59663.740000000005,59675.26950000001,60016.10400000001,59763.29309227959,59791.90471177294,-28.61161949334928,-103.97324732585518,75.3616278325059,57.45481901362871,59675.26950000001,60273.0136009385,59077.52539906152,0.020033226693295214,536.3185714285709,0.9999999999974474,0.004536094570414484,0.009719476643047065,0.004719364782415146,0
2026-06-29 08:00:00+00:00,59933.38,60001.32,59646.51,59745.96,4089,59879.452000000005,59739.969,59652.5375,60005.4618,59760.62646269812,59788.501399788656,-27.87493709053524,-88.7535852787912,60.878648188255966,53.678383046876554,59652.5375,60198.49984390334,59106.57515609666,0.018304748357212415,546.5992857142852,0.9036031618593827,-0.003409986156887368,0.012923746521706692,0.004268602676457596,0
2026-06-29 09:00:00+00:00,59741.7,60029.94,59687.69,59974.71,3813,59926.762,59789.123,59652.061499999996,59995.938200000004,59793.5623915138,59802.29462943805,-8.73223792425415,-72.7493158078838,64.01707788362965,59.39624990773994,59652.061499999996,60196.82148737097,59107.30151262902,0.01826458210068656,540.2242857142852,0.999999999997568,0.0039597804820235005,0.008263513864509964,0.0036021562560175587,0
2026-06-29 10:00:00+00:00,59973.97,60234.84,59973.97,60008.88,3032,59928.56999999999,59833.62100000001,59655.37749999999,59988.925599999995,59826.68817743475,59817.5972494839,9.090927950848709,-56.3812670561373,65.472195006986,57.46624131451298,59655.37749999999,60208.32872171128,59102.426278288694,0.01853818531988314,537.0685714285703,0.9530609829536625,0.00015066706844546474,0.007470632379679598,0.0035979344865812845,0
2026-06-29 11:00:00+00:00,60003.99,60138.16,59711.72,59866.06,3512,59905.096,59885.65499999999,59658.386,59979.90059999999,59832.74538090632,59821.187082856384,11.558298049938458,-42.793354034922146,54.3516520848606,58.82798278003948,59658.386,60215.42489805916,59101.34710194084,0.01867428656414405,533.7664285714278,0.9861793877545806,-0.001956707043928696,0.00876794484926613,0.003442595883045586,0
2026-06-29 12:00:00+00:00,59866.27,60709.16,59502.97,59869.96,11963,59893.114,59906.726,59671.856499999994,59971.0706,59838.470706920736,59824.79989153454,13.670815386198228,-31.500520150698073,45.1713355368963,67.44315117830682,59671.856499999994,60235.99124565122,59107.72175434877,0.018907899929382056,548.2464285714278,0.9999999999972184,-0.0009996684458017935,0.003531891534003462,0.003076854979086229,1
2026-06-29 13:00:00+00:00,59871.3,60259.79,59233.41,59484.79,13132,59840.880000000005,59860.16599999999,59670.907999999996,59955.459,59784.058290471396,59799.61397363757,-15.555683166174276,-28.31155275379332,12.755869587619042,50.03338581638631,59670.907999999996,60236.29515240688,59105.520847593114,0.018950177611069093,561.4299999999987,0.5157517834099384,-0.004371341593640832,-0.00776642153620688,0.0033007302375811084,1
2026-06-29 14:00:00+00:00,59488.18,59611.1,58899.53,59364.96,13983,59718.93000000001,59822.846000000005,59662.974,59936.2658,59719.581630398876,59767.41738299122,-47.83575259234203,-32.21639272150306,-15.61935987083897,45.965164200415295,59662.974,60241.36648198272,59084.58151801729,0.019388657427057365,562.0649999999987,0.4025952289554638,-0.010166785300003922,-0.006247263055976338,0.003192169584713841,1
2026-06-29 15:00:00+00:00,59366.13,59846.87,58985.15,59707.28,8375,59658.61,59793.58999999999,59678.882999999994,59920.717000000004,59717.68907187597,59762.96276202807,-45.2736901521057,-34.82785220762359,-10.445837944482108,56.981486201543206,59678.882999999994,60242.88168951082,59114.88431048917,0.018901114134821297,587.8949999999988,0.6181216189740715,-0.005025922830087737,-0.0048760130027013515,0.003452919359778328,1
2026-06-29 16:00:00+00:00,59707.92,59920.21,59478.82,59783.73,4766,59642.14399999999,59773.619999999995,59689.835999999996,59906.140600000006,59727.84921466428,59764.50107595218,-36.65186128790083,-35.19265402367904,-1.4592072642217886,52.64587602132353,59689.835999999996,60253.00333948869,59126.6686605113,0.018869790142787345,552.4335714285704,0.3110492537198182,-0.0013752366532889804,-0.0033292527619710466,0.0034980804724251066,1
2026-06-29 17:00:00+00:00,59783.74,60598.96,59783.74,60328.66,7405,59733.884000000005,59813.498999999996,59738.61950000001,59897.85199999999,59820.28164317748,59806.290625888374,13.991017289103183,-25.355919761122593,39.346937050225776,57.25731256690966,59738.61950000001,60346.208726903285,59131.03027309673,0.020341589142456745,575.9128571428561,0.5257545028808064,0.007661605252450521,0.00665427774163363,0.004582128586972537,0
2026-06-29 18:00:00+00:00,60329.97,60436.77,60092.77,60209.31,3622,59878.788,59859.83400000001,59799.9015,59887.8446,59880.13215961171,59836.143912864056,43.988246747656376,-11.487086459366797,55.47533320702317,59.373321396597916,59799.9015,60329.05639819395,59270.74660180605,0.01769751738450434,578.0614285714275,0.6242743889323497,0.012179920278780454,0.007755336093017817,0.004495347255052048,0
2026-06-29 19:00:00+00:00,60211.63,60470.41,60055.43,60347.02,3924,60075.2,59897.065,59843.094,59886.2172,59951.96105813299,59873.98658599047,77.97447214252315,6.405225261011199,71.56924688151196,57.26536864662157,59843.094,60403.494472156475,59282.69352784352,0.018728993930577118,555.6121428571423,0.5261295882982694,0.016542755187571867,0.00620778324730531,0.004404777498717282,0
2026-06-29 20:00:00+00:00,60340.32,60460.88,60198.14,60208.65,2673,60175.474,59917.041999999994,59875.33150000001,59880.93699999999,59991.45166457407,59898.776468512864,92.67519606120914,23.659219421050793,69.01597664015834,54.48423886207612,59875.33150000001,60442.248934820775,59308.41406517924,0.01893659444109356,552.711428571428,0.39664213738421167,0.008397133481880203,0.003329007306918541,0.0045009389099840355,0
2026-06-29 21:00:00+00:00,60206.91,60506.98,60168.52,60396.33,2156,60297.99399999999,59970.069,59927.862,59887.094,60053.74063925499,59935.63228566442,118.10835359057091,42.549046254954824,75.5593073356161,58.81656938942143,59927.862,60482.72377937593,59373.000220624075,0.018517656424182988,557.6449999999999,0.5983524062182811,0.010246935077486752,0.008857606463495316,0.004467189317969444,0
2026-06-29 22:00:00+00:00,60394.35,60435.97,60254.29,60273.91,1989,60287.043999999994,60010.46399999999,59958.59500000001,59888.473,60087.61284860038,59960.68989413647,126.92295446390926,59.42382789674573,67.49912656716353,60.216264750161656,59958.59500000001,60518.876233608935,59398.31376639108,0.01868893804496007,545.2785714285716,0.6635212398792053,-0.0009075288594176945,0.006747123265156807,0.004558235557916193,0
2026-06-29 23:00:00+00:00,60274.44,60301.56,60087.9,60167.16,1809,60278.614,60078.701,59969.4335,59889.667,60099.85087189263,59975.983976053845,123.86689583878615,72.31244148515383,51.55445435363232,53.90861418352724,59969.4335,60537.38070177943,59401.48629822057,0.018941222840780456,536.0935714285713,0.3698414563362755,-0.0007000578481964892,0.011471335781802372,0.0039470362721823245,0
2026-06-30 00:00:00+00:00,60162.14,60190.62,59606.02,59751.27,4193,60159.464,60117.331999999995,59970.089,59881.975600000005,60046.223045447616,59959.33849634459,86.88454910302244,75.22686300872755,11.657686094294888,45.470338550916274,59970.089,60536.94151054317,59403.23648945683,0.018904507897034104,559.2171428571435,0.0,-0.009872069905025982,0.006507374046912373,0.004628195408693201,0
2026-06-30 01:00:00+00:00,59752.32,59968.82,59685.67,59854.11,3607,60088.556,60132.015,59962.802500000005,59880.15900000001,60016.66719230183,59951.543792910976,65.12339939085359,73.20617028515277,-8.082770894299173,49.786881912962265,59962.802500000005,60531.78729235309,59393.81770764692,0.018977925268022063,548.9821428571433,0.19644928645345536,-0.005888522662441331,0.00245916410863134,0.004297078741579586,0
2026-06-30 02:00:00+00:00,59858.23,59954.01,59651.29,59846.77,1953,59978.64399999999,60138.318999999996,59955.96950000001,59875.738,59990.529162716935,59943.78277121324,46.7463915036933,67.91421452886087,-21.167823025167564,49.586932901088296,59955.96950000001,60527.18920990673,59384.74979009328,0.019054640085729144,484.4485714285719,0.27916824582743205,-0.009099228380267554,0.0010544674947514654,0.004282720844334217,0
2026-06-30 03:00:00+00:00,59846.18,59934.47,59489.13,59516.54,2095,59827.17,60057.107,59935.30299999999,59863.3828,59917.60775306817,59912.13515852843,5.472594539744023,55.425890531037496,-49.95329599129347,50.57683014123708,59935.30299999999,60539.45735685506,59331.14864314492,0.020160216987809995,442.94571428571516,0.3462984638121613,-0.01256546986913576,-0.013461595202015175,0.0032378410273577,0
2026-06-30 04:00:00+00:00,59520.26,59601.16,59321.06,59385.51,2550,59670.840000000004,59974.727,59917.28049999999,59849.7918,59835.746560288455,59873.12588752363,-37.37932723517588,36.86484697779482,-74.2441742129707,50.37183667413361,59917.28049999999,60565.1412995197,59269.419700480285,0.021625173709935285,412.1264285714299,0.33239676212640545,-0.012991306220868637,-0.013682269403186953,0.003243422017829282,0
2026-06-30 05:00:00+00:00,59386.96,59557.78,59254.69,59552.67,2301,59631.119999999995,59895.291999999994,59896.1785,59838.5168,59792.196320244075,59849.38841437222,-57.192094128142344,18.05345875660738,-75.24555288474973,47.013117477735065,59896.1785,60563.36804223833,59228.98895776167,0.02227820067813947,372.22428571428674,0.10462407759014009,-0.0033237787247032413,-0.013163036053810084,0.003313106830804586,0
2026-06-30 06:00:00+00:00,59550.89,59632.01,59412.87,59503.85,1975,59561.06799999999,59824.812,59870.927,59827.521799999995,59747.83534789883,59823.792976269055,-75.9576283702263,-0.7487586687593623,-75.20886970146694,44.53470388827262,59870.927,60558.086096541374,59183.76790345863,0.022954683716234114,356.34928571428674,0.0,-0.005851895550698205,-0.011705959193571092,0.003297717299701335,0
2026-06-30 07:00:00+00:00,59505.0,59542.74,59349.22,59430.28,2290,59477.77,59728.206999999995,59849.138,59818.18600000001,59698.98067899131,59794.64386691419,-95.66318792288075,-19.731644519583647,-75.9315434032971,28.499013957762855,59849.138,60564.023650673225,59134.25234932677,0.023889588875055354,311.94142857142964,0.0,-0.006959272822910867,-0.01599517719040222,0.002936119709050984,0
2026-06-30 08:00:00+00:00,59430.75,59464.97,59090.76,59213.78,3539,59417.21799999999,59622.193999999996,59816.329000000005,59804.3582,59624.334420684965,59751.61691380725,-127.28249312228581,-41.241814240124086,-86.04067888216173,27.232643129290906,59816.329000000005,60585.36937498112,59047.28862501889,0.02571339257483072,314.09928571428674,0.0,-0.005086989263824893,-0.017588538722641434,0.0030054366223220166,0
2026-06-30 09:00:00+00:00,59211.98,59330.86,59148.94,59278.05,2253,59395.726,59533.28300000001,59805.992000000006,59787.258599999994,59571.059894425736,59716.53788315322,-145.47798872748535,-62.08904913759635,-83.388939589889,24.703365564374707,59805.992000000006,60598.98085889933,59013.00314110068,0.026518709325959417,297.4521428571435,0.0,-0.0018095323253096707,-0.01477733035762363,0.003138021769880412,0
2026-06-30 10:00:00+00:00,59279.29,59326.5,59189.06,59233.72,1996,59331.936,59481.528000000006,59799.43000000001,59766.2828,59519.16144912947,59680.773595510684,-161.612146381216,-81.9936685863203,-79.61847779489571,25.85408380101356,59799.43000000001,60609.767634529126,58989.09236547089,0.0271018514567486,288.50214285714384,0.032402824410803235,-0.0053557632260652355,-0.008661740578903121,0.0024920101910388026,0
2026-06-30 11:00:00+00:00,59234.5,59326.84,59027.14,59088.94,3185,59248.954000000005,59405.011,59768.513,59744.6912,59452.97353387878,59636.93406991554,-183.96053603675682,-102.38704207640761,-81.57349396034921,16.917097265591536,59768.513,60638.63227059123,58898.39372940877,0.02911630980651075,285.73357142857174,0.0,-0.0069728261280571635,-0.012783917428560887,0.0023557754091904073,0
2026-06-30 12:00:00+00:00,59082.42,59093.63,58287.72,58306.88,5698,59024.274,59251.022,59694.67050000001,59709.2534,59276.65145174358,59538.41154621442,-261.76009447083925,-134.26165255529395,-127.4984419155453,12.683024924399746,59694.67050000001,60782.724872914034,58606.61612708598,0.03645398705782374,330.32142857142856,0.0,-0.018902821928484914,-0.025730544856472637,0.004400201523833257,1
2026-06-30 13:00:00+00:00,58308.9,58712.04,58128.02,58643.63,10051,58910.24399999999,59163.73099999999,59610.418999999994,59676.97520000001,59179.263536090715,59472.13143167773,-292.86789558701275,-165.98290116163773,-126.88499442537503,23.41663264202238,59610.418999999994,60751.4363811091,58469.401618890886,0.038282481494018965,356.77571428571486,0.2832549451334871,-0.0096286708938359,-0.014666679212198885,0.004977879873219061,0
2026-06-30 14:00:00+00:00,58640.13,59178.86,58316.68,58375.86,11741,58729.806000000004,59062.76599999999,59518.74650000001,59640.4804,59055.66299207676,59390.92614043975,-335.26314836298843,-199.8389506019079,-135.42419776108053,24.693002631143273,59518.74650000001,60748.33879044616,58289.15420955385,0.04131781540278758,376.6028571428573,0.31693775903443566,-0.015219630200386192,-0.01700162211286893,0.005072008313130978,1
2026-06-30 15:00:00+00:00,58379.52,58696.23,58085.97,58285.03,7774,58540.06800000001,58936.002,59415.64700000001,59606.496399999996,58937.10407021879,59309.007907812156,-371.9038375933669,-234.25192800019977,-137.65190959316715,21.001389792418237,59415.64700000001,60697.49935844209,58133.794641557935,0.04314864595994641,399.9678571428573,0.21951780298644816,-0.01601604626553932,-0.02128603133998863,0.004821703616033696,1
2026-06-30 16:00:00+00:00,58292.65,58542.68,58140.92,58408.83,4799,58404.045999999995,58826.5,59325.655999999995,59575.8218,58855.83113633897,59242.3280627872,-386.4969264482279,-264.7009276898054,-121.79599875842251,24.52177610829594,59325.655999999995,60625.68029846655,58025.63170153344,0.0438267146499502,407.0421428571431,0.3124191702607012,-0.011509937392683023,-0.018402506728556145,0.004997828452661115,1
2026-06-30 17:00:00+00:00,58406.26,58521.05,58222.42,58328.13,3460,58408.295999999995,58716.284999999996,59222.24600000001,59546.266599999995,58774.64634613298,59174.609687764205,-399.9633416312281,-291.75341047808996,-108.20993115313814,26.90048476696589,59222.24600000001,60492.35936694728,57952.13263305273,0.04289311712180846,396.56285714285747,0.3772329023514203,0.00036445098760218286,-0.01854526009300317,0.004996075919892158,1
2026-06-30 18:00:00+00:00,58331.22,58605.68,58265.3,58578.67,3668,58395.304000000004,58652.774,59137.484,59525.829000000005,58744.4961390356,59130.46600718805,-385.9698681524533,-310.5967020129626,-75.37316613949065,35.01344785057282,59137.484,60336.35573268219,57938.6122673178,0.04054523972248104,400.86857142857116,0.6504620659386636,-0.0011077076913553752,-0.01072571283238466,0.005302383826499249,0
2026-06-30 19:00:00+00:00,58576.12,58754.59,58483.35,58728.03,3635,58465.738,58597.772,59065.527500000004,59510.3144,58741.962886876274,59100.655932580885,-358.693045704611,-320.21597075129233,-38.47707495331866,34.58086519475867,59065.527500000004,60173.48996892172,57957.56503107829,0.03751638276392998,398.59357142857124,0.6874940657014459,0.006032801915038188,-0.009278645299567123,0.005387901846171651,0
2026-06-30 20:00:00+00:00,58719.37,58786.78,58548.0,58637.81,2531,58536.293999999994,58538.181,59009.8545,59492.5978,58725.93936581838,59066.371048685316,-340.43168286693253,-324.2591131744204,-16.172569692512127,34.05364797383896,59009.8545,60084.11985773896,57935.589142261044,0.03640969349412503,399.99642857142834,0.9570182848751785,0.006052669098737695,-0.010060316995117002,0.005390892193907732,1
2026-06-30 21:00:00+00:00,58636.17,58675.18,58408.37,58552.89,2468,58565.10599999999,58484.576,58944.79349999999,59475.873600000006,58699.31638646171,59028.33541544866,-329.0190289869497,-325.2110963369263,-3.8079326500234174,33.91190503258373,58944.79349999999,59959.74585149142,57929.84114850857,0.034437387637685946,405.2314285714284,0.9506707588241398,0.0024664079044212084,-0.009071917688826425,0.005370354616419453,1
2026-06-30 22:00:00+00:00,58555.76,58722.67,58418.56,58509.26,2193,58601.331999999995,58504.814,58877.918000000005,59454.765400000004,58670.07694239068,58989.885384674024,-319.8084422833417,-324.1305655262094,4.32212324286769,36.20730160221787,58877.918000000005,59815.97764159005,57939.85835840996,0.03186456564547828,400.22428571428566,0.9999999999957492,0.0031053627126398364,0.0034709454527492856,0.003193348252709955,1
2026-06-30 23:00:00+00:00,58509.15,58570.9,58455.54,58540.21,1962,58593.64,58494.471999999994,58829.101500000004,59438.50979999999,58650.09741279212,58956.57609691986,-306.47868412773823,-320.6001892465152,14.121505118776952,35.36403453091276,58829.101500000004,59728.02929454076,57930.17370545925,0.03056065014152059,395.47000000000014,0.9641533262445996,-0.0006565529739749332,-0.0017635333965513311,0.0025740771866905048,1
2026-07-01 00:00:00+00:00,58541.32,58650.77,58205.65,58486.96,3500,58545.426,58505.58200000001,58784.174,59428.5756,58624.99934928565,58921.78971936973,-296.79037008407613,-315.8382254140274,19.04785532995129,35.23933016018594,58784.174,59655.40288237669,57912.945117623305,0.029641613485176944,417.44714285714247,0.9588522335719447,-0.004104854189728502,0.0019031839530929684,0.00209611710224407,1
2026-07-01 01:00:00+00:00,58486.12,58931.94,57702.74,58674.13,11262,58552.69,58544.492000000006,58740.246999999996,59412.394799999995,58632.55791093402,58903.44455497172,-270.88664403770235,-306.8479091387624,35.961265101060064,41.93588522327408,58740.246999999996,59533.42459867042,57947.06940132957,0.027006273864337797,483.84000000000015,0.9999999999965816,0.0006193955742890278,0.006675813669479114,0.0021927649406902803,0
2026-07-01 02:00:00+00:00,58685.35,59085.81,58563.06,58995.51,4698,58641.214,58603.16000000001,58714.83,59401.027,58688.396693867246,58910.2642175665,-221.8675236992567,-289.8518320508613,67.98430835160457,66.30843047075939,58714.83,59434.11619868438,57995.54380131562,0.024501005919096697,463.61428571428615,0.9999999999977928,0.00755931944605992,0.010044371715714817,0.002649133572155961,0
2026-07-01 03:00:00+00:00,58997.41,59228.85,58754.38,59098.36,3577,58759.034,58680.183000000005,58698.234,59396.07979999999,58751.46797173382,58924.197238487664,-172.72926675384224,-266.42731899145747,93.69805223761523,62.11082525021713,58698.234,59361.12051616914,58035.347483830854,0.02258625076076881,455.78928571428594,0.9073520327572477,0.0100684917225069,0.013205120753914112,0.0025176211223223014,0
2026-07-01 04:00:00+00:00,59106.62,59379.28,58969.96,59252.65,3205,58901.522,58747.581000000006,58700.177500000005,59387.947799999994,58828.57289915939,58948.52707267403,-119.95417351463402,-237.13268989609278,117.17851638145876,74.85387410779578,58700.177500000005,59369.62376172597,58030.73123827404,0.02280900297877168,423.44214285714304,0.999999999998143,0.01217009641748823,0.0115055531305166,0.0023466359825513265,0
2026-07-01 05:00:00+00:00,59242.39,59290.39,59028.79,59060.14,2349,59016.157999999996,58780.791999999994,58689.28199999999,59370.1428,58864.19860698102,58956.79469692048,-92.59608993945585,-208.22536990476542,115.62927996530956,70.77407977186591,58689.28199999999,59325.3909031397,58053.173096860286,0.0216771744844214,398.53785714285704,0.9189424939913632,0.00980013322627804,0.005655050918615956,0.0026574010439453584,0
2026-07-01 06:00:00+00:00,59061.51,59074.04,58442.35,58671.13,3606,59015.558,58784.123999999996,58661.152500000004,59348.8022,58834.49574436856,58935.63434900025,-101.13860463168385,-186.80801685014913,85.66941221846528,56.155023043204714,58661.152500000004,59243.36342812965,58078.94157187036,0.019849965550187355,414.9614285714285,0.6100619513722059,-5.1129859104825925e-05,0.0005682340455757107,0.0034602389974127683,0
2026-07-01 07:00:00+00:00,58676.56,58743.15,58511.85,58690.41,2845,58954.538,58797.876000000004,58641.226,59322.613600000004,58812.3287067734,58917.46958240748,-105.14087563408248,-170.4745886069358,65.33371297285333,58.75343101248707,58641.226,59187.990258075,58094.461741925006,0.01864777718238688,410.1521428571427,0.6067496639990074,-0.005171580006681831,0.0023486458140666855,0.003419441184021319,0
2026-07-01 08:00:00+00:00,58688.99,58913.34,58410.19,58900.14,3647,58914.89399999999,58836.964,58670.88899999999,59300.9478,58825.83813650057,58916.185909636544,-90.34777313597442,-154.44922551274354,64.10145237676912,57.92364003845112,58670.88899999999,59205.515150021914,58136.26284997806,0.018224579826016486,421.778571428571,0.5864821733829708,-0.003354069385343328,0.006680651917320368,0.003551382443545631,1
2026-07-01 09:00:00+00:00,58901.67,59021.47,58744.64,58872.3,2563,58838.824,58870.17300000001,58682.322499999995,59279.7964,58832.986115500484,58912.9351015153,-79.94898601481691,-139.5491776131582,59.6001915983413,53.782583388829856,58682.322499999995,59224.22522204511,58140.41977795488,0.01846902777391325,422.177857142857,0.4853376328748223,-0.006419122182720893,0.005672852898887859,0.0035699333967105264,1
2026-07-01 10:00:00+00:00,58872.68,58875.31,58538.7,58580.69,2383,58742.933999999994,58879.545999999995,58692.564,59256.490999999995,58794.171328500415,58888.32435325474,-94.1530247543269,-130.46994704139195,36.31692228706504,48.64543117595177,58692.564,59217.55829479899,58167.56970520101,0.017889635722814604,429.1657142857143,0.3598636430081311,-0.008117996333906419,0.0016025794467691146,0.003963649427474216,1
2026-07-01 11:00:00+00:00,58579.97,58678.12,58470.52,58538.49,2895,58716.406,58865.981999999996,58705.237,59227.7666,58754.835739500355,58862.410697457926,-107.57495795757131,-125.89094922462782,18.315991267056503,49.65144987171415,58705.237,59200.186871614795,58210.28712838521,0.01686220504023495,424.93642857142913,0.36380880038785324,-0.0022607370950584738,-0.002311751362994219,0.003821669320595161,1
2026-07-01 12:00:00+00:00,58538.38,58605.93,58242.88,58451.7,4871,58668.664000000004,58811.601,58707.38050000001,59196.623,58708.19947188492,58831.98768283123,-123.78821094631712,-125.47040156896568,1.6821906226485623,48.63528162134981,58707.38050000001,59197.27093717736,58217.49006282265,0.016689228270961715,429.1464285714293,0.3381574070080467,-0.004067274363903861,-0.009217820135803634,0.0032603523243355994,1
2026-07-01 13:00:00+00:00,58466.31,59451.73,58447.5,59421.53,10579,58772.941999999995,58843.91799999999,58762.0505,59187.7324,58817.94263005646,58875.657484103234,-57.714854046775145,-111.9192920645276,54.20443801775245,64.45858242500994,58762.0505,59313.86424254262,58210.23675745737,0.01878129635869752,492.6371428571438,0.7375890103239013,0.008852101200438556,0.0054683412534628495,0.006439651928841626,1
2026-07-01 14:00:00+00:00,59419.02,60033.68,59197.52,59486.27,9693,58895.736,58867.280000000006,58807.4305,59180.058600000004,58920.76222543239,58920.88804083656,-0.12581540417158976,-89.56059673245639,89.4347813282848,66.33270463482631,58807.4305,59439.22760585297,58175.63339414704,0.021486982188516655,520.5685714285729,0.7411394267451649,0.010428843445899005,0.003942777242874396,0.006403798894478322,1
2026-07-01 15:00:00+00:00,59486.18,60484.27,59446.49,60083.83,7949,59196.364,58969.649,58875.220499999996,59192.0394,59099.69572921202,59007.03188966388,92.66383954814228,-53.115709476336654,145.77954902447894,70.31490480225497,58875.220499999996,59724.61998834208,58025.821011657914,0.028854226994940325,506.89571428571537,0.8268797492477917,0.025659308553723115,0.017333010047047015,0.006918614573235736,0
2026-07-01 16:00:00+00:00,60091.06,60214.06,59797.95,59868.24,3642,59462.314,59089.36000000001,58936.74199999999,59202.105,59217.933309333246,59070.825083022384,147.10822631086194,-13.07092231889693,160.17914862975886,62.97226673167181,58936.74199999999,59886.09675748477,57987.387242515215,0.03221605827769632,499.27857142857255,0.5468251248681256,0.02271582338389666,0.020403731784269352,0.006573968986900847,1
2026-07-01 17:00:00+00:00,59867.83,60185.06,59721.35,60131.92,3545,59798.35799999999,59233.511,59015.69350000001,59210.597799999996,59358.5466463589,59149.42470650253,209.12193985636986,31.367650116156444,177.7542897402134,64.6618397235477,59015.69350000001,60085.61676046905,57945.77023953097,0.03625894052974368,498.510000000001,0.6112669133715662,0.028745442818600697,0.024561252852041582,0.006582333461338965,1
2026-07-01 18:00:00+00:00,60126.81,60247.83,59956.43,60104.92,3192,59935.036,59353.989,59095.476500000004,59217.02159999999,59473.37331614983,59220.202135650754,253.1711804990773,75.72835619274063,177.44282430633666,62.543084797946534,59095.476500000004,60241.64888597273,57949.304114027276,0.038790528610856634,490.087142857144,0.6282094936671023,0.011500713630227866,0.020454620311598504,0.006628708791734464,0
2026-07-01 19:00:00+00:00,60102.55,60297.54,59932.32,59971.95,2933,60032.172,59463.95399999999,59167.063500000004,59209.8874,59550.07742135755,59275.887162639774,274.1902587177756,115.42073669774763,158.76952202002795,63.65872438081019,59167.063500000004,60345.60129574886,57988.52570425115,0.03983763012841942,497.48857142857275,0.692975271480887,0.008164573102330985,0.018678563602916753,0.006724305780778252,0
2026-07-01 20:00:00+00:00,59971.69,60143.71,59807.99,60073.32,2476,60030.06999999999,59613.217000000004,59246.3815,59207.1676,59630.576279610235,59334.95626170368,295.6200179065563,151.46059293950938,144.15942496704693,72.98528944098555,59246.3815,60445.543665113706,58047.2193348863,0.0404805199829361,476.34785714285835,0.9999999999958933,-0.00017492227110027514,0.025479897898095683,0.006289095141565331,1
2026-07-01 21:00:00+00:00,60072.43,60788.88,60058.19,60759.89,3515,60208.4,59835.356999999996,59350.669499999996,59215.425,59804.31685197789,59440.5069089852,363.80994299269514,193.93046295014656,169.87948004254858,77.83444699097225,59350.669499999996,60694.36185812377,58006.977141876225,0.04527977087516331,512.018571428572,0.9999999999965753,0.01489353954617667,0.03794768194396547,0.006746779226150522,0
2026-07-01 22:00:00+00:00,60760.92,61289.43,60276.45,60409.92,5829,60264.0,60031.17899999999,59421.39,59219.4504,59897.486567058215,59512.315286097604,385.1712809606106,232.17862655223942,152.99265440837118,69.56829422560466,59421.39,60833.518967346165,58009.261032653834,0.04752931452280619,548.4350000000013,0.7169044847412306,0.004623168526799004,0.0335015063719275,0.007233525709448223,1
2026-07-01 23:00:00+00:00,60403.99,60403.99,59912.28,59968.35,3844,60236.686,60085.861,59464.889500000005,59210.8908,59908.38863366464,59546.09563527565,362.2929983889917,258.2015009195899,104.09149746940182,62.82995235809843,59464.889500000005,60888.6714745631,58041.107525436906,0.04788647507915065,564.207142857144,0.4861327560912934,-0.0022721933578815356,0.009202388427224983,0.006243435739457111,1
2026-07-02 00:00:00+00:00,59974.43,59974.43,59519.42,59684.04,3937,60179.10399999999,60105.638,59486.458999999995,59199.0934,59873.8734592547,59556.31373636636,317.55972288833436,270.0731453133388,47.48657757499558,62.937513924228675,59486.458999999995,60909.77338605489,58063.1446139451,0.0478533908382375,572.664285714287,0.4898164766623539,-0.004800744347982611,0.003324632726173782,0.006494491012200015,1
2026-07-02 01:00:00+00:00,59686.71,60262.38,59651.84,60111.97,4001,60186.833999999995,60108.452000000005,59539.0505,59197.9896,59910.50369629243,59597.473459598565,313.0302366938631,278.6645635894437,34.36567310441944,66.9195764191764,59539.0505,60973.72354555366,58104.37745444634,0.04819267467336114,601.4457142857152,0.6261923779775623,0.0006433804557497425,0.0004683456430789601,0.006067176972405821,1
2026-07-02 02:00:00+00:00,60116.16,60427.44,59945.49,60350.45,3573,60104.945999999996,60156.67300000001,59623.01649999999,59209.97319999999,59978.18774301667,59653.24949962841,324.9382433882638,287.9192995492077,37.01894383905608,69.77217868322234,59623.01649999999,61040.274001577316,58205.758998422665,0.047540617190253216,609.9385714285725,0.4727566971453769,-0.006738656044308233,0.008054521061584552,0.006032268267468039,0
2026-07-02 03:00:00+00:00,60353.7,61062.56,60221.85,60991.79,4767,60221.31999999999,60242.659999999996,59738.0855,59232.7268,60134.12655178334,59752.40064780427,381.72590397906606,306.68062043517943,75.04528354388663,67.55233530363864,59738.0855,61209.20451108481,58266.96648891519,0.04925229855532652,598.2585714285722,0.3275869371496565,0.009632027322664882,0.014299726335031515,0.006724453335250482,0
2026-07-02 04:00:00+00:00,60990.21,60990.21,60653.34,60706.06,3010,60368.862,60302.774,59828.3815,59249.912599999996,60222.11631304744,59823.04208130037,399.0742317470649,325.15934269755655,73.91488904950836,62.9928825092084,59828.3815,61304.62584983844,58352.137150161565,0.04934929920637877,562.707857142858,0.029415149911501907,0.0123016557900959,0.010001510691637128,0.006985095361725318,1
2026-07-02 05:00:00+00:00,60705.99,60809.46,60413.51,60440.66,3247,60520.186,60349.645,59906.7995,59268.395,60255.73841873246,59868.79155675968,386.9468619727777,337.51684655260084,49.43001542017686,54.09029530641396,59906.7995,61335.04597950093,58478.55302049907,0.04768228286009267,516.8628571428578,0.0,0.012677090893981058,0.007815487073540295,0.0071279720388841795,1
2026-07-02 06:00:00+00:00,60437.25,60578.57,60180.6,60195.44,3068,60536.880000000005,60361.856999999996,59987.53699999999,59284.5936,60246.461738927464,59892.98773774047,353.4740011869944,340.7082774794796,12.765723707514837,53.725344639921346,59987.53699999999,61275.85243077792,58699.221569222056,0.042952769698743704,515.5671428571435,0.0,0.0013885753536275747,0.0020328491916212776,0.0072784837861214055,1
2026-07-02 07:00:00+00:00,60192.5,60236.17,60020.23,60065.74,2850,60479.938,60292.442,60063.8995,59294.855,60218.65839447708,59905.78420161157,312.8741928655145,335.1414605566866,-22.267267691172094,49.22279427653397,60063.8995,61156.80465372972,58970.99434627028,0.03639141523702503,497.8692857142861,0.0,-0.0047176118819329815,-0.011424477562418267,0.006132995313884582,1
2026-07-02 08:00:00+00:00,60062.9,60491.67,60053.43,60431.35,3249,60367.85,60294.585,60162.882,59313.405,60251.38017994214,59944.71500149224,306.6651784499045,329.44620413533016,-22.781025685425675,53.55110885802744,60162.882,60959.384868466484,59366.37913153351,0.026478215204733268,508.3578571428573,0.1512780343266976,-0.009188777702703987,0.00035474306206673134,0.006281985564409409,1
2026-07-02 09:00:00+00:00,60431.26,61358.1,60293.1,61094.93,6148,60445.623999999996,60407.243,60246.55199999999,59346.698,60381.15707533566,60029.91611249292,351.240962842734,333.80515587681094,17.435806965923064,60.95209858819767,60246.55199999999,61066.38217508545,59426.72182491453,0.02721583718468931,558.3421428571429,0.40994850694884033,0.006405785517953344,0.018786243076556186,0.006556739228620455,1
2026-07-02 10:00:00+00:00,61092.52,61283.68,60960.85,61187.19,4828,60594.93000000001,60557.558,60331.598,59386.1662,60505.16214066864,60115.640104160215,389.5220365084242,344.9485320031336,44.5735045052906,60.88258914701419,60331.598,61171.98536508304,59491.210634916955,0.02785894598989547,557.4214285714287,0.40751909674045467,0.012351453475193619,0.025185124867552533,0.006139862759525801,1
2026-07-02 11:00:00+00:00,61189.72,61318.72,61055.54,61278.37,4678,60811.516,60674.198,60391.325,59426.172600000005,60624.11719595039,60201.76824459288,422.3489513575114,360.4286158740092,61.920335483502186,55.73250661170917,60391.325,61322.46282502783,59460.18717497216,0.030836807274151903,524.0278571428577,0.3167838124155562,0.017990233147228363,0.01940378929521036,0.005919366663927575,1
2026-07-02 12:00:00+00:00,61276.68,61555.48,61060.76,61462.29,7297,61090.826,60785.382,60471.027500000004,59470.744000000006,60753.066858111866,60295.140226474985,457.9266316368812,379.92821902658363,77.99841261029758,62.07890767934661,60471.027500000004,61483.022109676065,59459.03289032394,0.03347039570895538,487.009285714286,0.6256203664459018,0.02325035869032832,0.018423060639978672,0.005890409576335276,1
2026-07-02 13:00:00+00:00,61465.27,62004.38,61429.55,61871.46,9074,61378.848,60873.349,60558.004499999995,59526.394400000005,60925.127341479274,60411.9046541436,513.2226873356776,406.5871126884025,106.63557464727512,72.0072250759165,60558.004499999995,61733.14610378397,59382.86289621602,0.03881044672745033,492.5228571428571,0.9999999999956111,0.02383051181216378,0.014422760833876058,0.005340768425492958,0
2026-07-02 14:00:00+00:00,61871.54,62148.91,61323.53,61628.56,10742,61485.574,60965.599,60634.186499999996,59592.828,61033.34775048246,60502.02727235525,531.3204781272143,431.5337857761649,99.7866923510494,72.7035181042494,60634.186499999996,61881.01650735921,59387.356492640785,0.04112630446057723,518.9778571428573,0.9999999999957413,0.00873443999362955,0.015196176460801514,0.005248579205066704,0
2026-07-02 15:00:00+00:00,61632.08,61793.45,61362.84,61549.3,6606,61557.996,61076.46300000001,60713.054000000004,59650.941399999996,61112.72501963901,60579.60302995863,533.1219896803814,451.85142655700815,81.27056312337322,68.2692087702574,60713.054000000004,61982.84494460626,59443.26305539375,0.04182925617961023,506.1257142857144,0.8111510800685338,0.005918068798387299,0.018342619025007334,0.004945541860980985,0
2026-07-02 16:00:00+00:00,61548.86,61727.14,61081.34,61623.28,5675,61626.978,61219.246999999996,60790.552,59715.8898,61191.27193969455,60656.91243514693,534.3595045476177,468.35304215513,66.00646239248766,66.88439344697224,60790.552,62084.90295985021,59496.2010401498,0.0425839515275402,517.8292857142858,0.7521743920652147,0.005628576608679214,0.023720069161385027,0.004510383760703091,0
2026-07-02 17:00:00+00:00,61623.22,61878.92,61566.02,61606.39,4298,61655.797999999995,61373.312,60832.877,59782.317,61255.13625666462,60727.244106617574,527.892150047046,480.26086373351325,47.63128631353277,59.77168659374204,60832.877,62177.394859661734,59488.35914033827,0.04420365848098006,480.12857142857166,0.44925754395662115,0.0023445270262465456,0.025649396810894176,0.004337294529693824,0
2026-07-02 18:00:00+00:00,61601.0,61819.72,61595.98,61701.63,2996,61621.831999999995,61500.340000000004,60897.4625,59848.172999999995,61323.82760179314,60799.420839460756,524.4067623323863,489.09004345328793,35.316718879098346,66.84945046389856,60897.4625,62279.99432858305,59514.93067141695,0.045405236009071835,471.9349999999998,0.750686235936387,-0.0027448843133813794,0.0210202155007293,0.004159243847752064,0
2026-07-02 19:00:00+00:00,61703.16,61709.11,61350.14,61421.9,3319,61580.5,61533.037,60970.14,59910.0484,61338.91566305574,60845.53040690814,493.38525614760147,489.9490859921507,3.4361701554507817,66.52675972836047,60970.14,62298.79321558413,59641.486784415865,0.0435837351065336,469.29357142857145,0.7369434425751437,-0.0033533154109067764,0.005351835250486436,0.0032737343601105624,0
2026-07-02 20:00:00+00:00,61418.49,61533.68,61265.63,61505.04,2232,61571.648,61564.82200000001,61061.19,59968.5758,61364.47325335486,60894.38296935941,470.0902839954506,485.97732559281064,-15.887041597360053,73.33105296163279,61061.19,62262.20095525833,59860.17904474167,0.03933794789319798,460.0135714285716,0.9999999999958521,-0.0007190983488033487,0.005194714776082909,0.0032689446892152432,1
2026-07-02 21:00:00+00:00,61505.47,61594.52,61444.21,61518.6,1268,61550.712,61588.84500000001,61131.521499999995,60024.3872,61388.18506053103,60940.6212679254,447.5637926056297,478.29461899537455,-30.730826389744834,77.00061700403671,61131.521499999995,62261.104995336136,60001.938004663854,0.036955844304844956,455.32571428571464,0.9999999999957356,-0.001698708669840343,0.003920306626954861,0.0032518205457126173,0
2026-07-02 22:00:00+00:00,61518.5,61522.63,61319.27,61393.11,1585,61508.056,61581.927,61183.654500000004,60079.4932,61388.94274352626,60974.13895178279,414.80379174347036,465.5964535449937,-50.792661801523366,69.62535199771476,61183.654500000004,62256.26111429458,60111.047885705426,0.03506186817574221,438.54857142857196,0.6532242465203727,-0.0034619785382652424,-0.001125568214266015,0.003193291602214815,0
2026-07-02 23:00:00+00:00,61392.31,61533.73,61272.69,61490.21,1938,61465.772,61543.802,61208.5755,60138.2396,61404.5223214453,61012.36643683593,392.1558846093685,450.9083397578687,-58.75245514850019,60.49144822753776,61208.5755,62285.56415471083,60131.58684528917,0.03519077664896262,381.12285714285775,0.22375949381582105,-0.003426489705377289,-0.006161968700916343,0.002267735520941791,0
2026-07-03 00:00:00+00:00,61484.34,61505.04,61166.73,61224.45,2926,61426.28199999999,61503.391,61234.494999999995,60192.543399999995,61376.8188873768,61028.076330403645,348.74255697315675,430.4751832009264,-81.73262622776963,50.90554702233963,61234.494999999995,62285.193057051925,60183.796942948065,0.034317195138195554,382.22857142857174,0.0,-0.003214651451680983,-0.006557187122334218,0.0023344590244590625,1
2026-07-03 01:00:00+00:00,61221.93,61659.61,61197.95,61517.72,4057,61428.81800000001,61500.23300000001,61288.348,60252.0936,61398.495981626525,61064.346231855234,334.1497497712917,411.2100965149995,-77.06034674370784,55.296736758711354,61288.348,62276.26232772711,60300.433672272884,0.03223824299284798,396.40571428571485,0.16827660318346904,0.00020616196656408903,-0.000513084632969063,0.0028792054153569456,1
2026-07-03 02:00:00+00:00,61518.64,61593.63,61213.91,61356.06,2837,61396.31,61473.511,61346.379,60309.475600000005,61391.9673690686,61085.954659125215,306.0127099433885,390.1706192006774,-84.1579092572889,47.62577386406804,61346.379,62189.763783778784,60502.99421622122,0.027495829339129647,388.1914285714286,0.0,-0.0026421277467302273,-0.004336348211260388,0.0029484098893808436,1
2026-07-03 03:00:00+00:00,61356.27,61505.83,61243.99,61347.02,2224,61387.092000000004,61447.574,61410.44299999999,60362.93340000001,61385.052389211894,61105.29283252336,279.75955668853567,368.08840669824906,-88.32885000971339,35.725795037615114,61410.44299999999,62000.9905130955,60819.89548690448,0.01923280420222695,365.83500000000066,0.0,-0.0007507357095934974,-0.004210115216944255,0.0029494296047562034,1
2026-07-03 04:00:00+00:00,61348.87,61451.49,61256.68,61366.33,1963,61362.31599999999,61414.043999999994,61457.192,60410.349799999996,61382.172021640836,61124.62891900311,257.5431026377264,345.9793458861446,-88.43624324841818,41.87352410702673,61457.192,61828.8621165821,61085.5218834179,0.012095252141754201,320.7942857142859,0.14894622863299323,-0.002014629645922472,-0.005434216243557888,0.002883299907127941,1
2026-07-03 05:00:00+00:00,61365.69,61737.5,61349.84,61626.35,2721,61442.695999999996,61434.489,61483.763,60460.9096,61419.737864465314,61161.793443521405,257.9444209439098,328.37236089769766,-70.42793995378787,52.14720848962473,61483.763,61820.75246427721,61146.77353572279,0.010961901088494288,317.726428571429,0.39785546416963785,0.006564370933507702,0.0033286173172759614,0.0028678010652396454,1
2026-07-03 06:00:00+00:00,61629.64,61779.64,61537.17,61636.54,2173,61466.46,61447.63899999999,61506.23049999999,60508.587400000004,61453.092039162955,61196.95985511242,256.1321840505334,313.92432552826483,-57.792141477731434,50.38314840499312,61506.23049999999,61819.0137667101,61193.44723328988,0.010170783160255943,288.9171428571431,0.35511608939868294,0.0019314760039872425,0.0021380361674425696,0.002845486496799926,1
2026-07-03 07:00:00+00:00,61634.37,61802.16,61584.34,61683.25,1805,61531.898,61464.10399999999,61526.4745,60561.0496,61488.50095621481,61232.98134732633,255.51960888848407,302.2433822003087,-46.72377331182463,52.183249821045116,61526.4745,61829.4171285396,61223.53187146039,0.009847553626353284,282.12571428571493,0.3987286679704833,0.00533264358891361,0.0026764263165937052,0.0028506235583225484,1
2026-07-03 08:00:00+00:00,61685.79,61835.29,61482.46,61514.24,2749,61565.34199999999,61476.21699999999,61529.072,60617.91180000001,61492.46080910484,61253.81532159846,238.64548750638642,289.5238032615243,-50.87831575513786,44.89119351795814,61529.072,61830.584927089825,61227.559072910175,0.00980066551596374,291.3464285714295,0.22205785618596177,0.0027258047742173552,0.001973022705642258,0.0029214006570691385,1
2026-07-03 09:00:00+00:00,61513.45,61720.22,61437.9,61640.93,2558,61620.262,61491.289000000004,61517.54550000001,60676.9222,61515.30222308871,61282.49048296154,232.81174012716656,278.18139063465276,-45.3696505074862,56.51506588536237,61517.54550000001,61778.89752325632,61256.1934767437,0.00849682870576524,285.8714285714294,0.5036792372989429,0.004474766537285069,0.0024511218940381774,0.002950262712713124,1
2026-07-03 10:00:00+00:00,61641.47,61980.55,61596.18,61849.42,3031,61664.876000000004,61553.786,61528.5885,60735.90779999999,61566.70495799813,61324.48526200144,242.21969599668955,270.9890517070601,-28.769355710370576,59.5327464983667,61528.5885,61825.88356443256,61231.29343556744,0.00966363999826068,294.1800000000008,0.5767911362540008,0.003619717864192795,0.010207849968435934,0.0026104140647431463,1
2026-07-03 11:00:00+00:00,61848.73,62036.75,61765.26,61940.62,2838,61725.692,61596.076,61548.15449999999,60797.2742,61624.23034907534,61370.12487222357,254.10547685177153,267.6123367360024,-13.506859884230892,61.200462859751376,61548.15449999999,61898.04474188369,61198.26425811629,0.01136964202179945,302.83571428571514,0.7514749485382723,0.004933437211108949,0.006874442030686545,0.0022660984223176086,1
2026-07-03 12:00:00+00:00,61940.12,62099.75,61787.17,61905.98,3007,61770.238,61651.06800000001,61562.28949999999,60863.78,61667.576449217595,61409.81784465146,257.75860456613736,265.6415903020294,-7.882985735892021,64.30128995198226,61562.28949999999,61946.15060280888,61178.428397191106,0.012470657148281836,310.6371428571438,0.9999999999965006,0.0036108668074397166,0.008962765862084554,0.0020097289568119657,1
2026-07-03 13:00:00+00:00,61906.74,62229.58,61860.93,62044.65,3142,61876.31999999999,61720.831000000006,61584.2025,60933.90319999999,61725.58776472258,61456.842448751355,268.74531597122404,266.2623354358683,2.4829805353557504,65.11015665027844,61584.2025,62024.545094175766,61143.85990582423,0.014300504879502723,318.3235714285724,0.9999999999965969,0.00862255633817477,0.01137186451762462,0.0020140102226653004,1
2026-07-03 14:00:00+00:00,62043.88,62216.39,61620.79,62101.23,4214,61968.380000000005,61794.320999999996,61604.182499999995,61006.8938,61783.37887784218,61504.57485995496,278.8040178872179,268.7706719261382,10.033345961079704,76.96987966631384,61604.182499999995,62099.75804231437,61108.60695768562,0.01608902260213836,336.7014285714296,0.9999999999975754,0.00746744087086304,0.011975622462676139,0.001995816904707062,1
2026-07-03 15:00:00+00:00,62105.25,62346.0,61743.59,61869.57,3975,61972.41000000001,61818.643,61626.566000000006,61055.8546,61796.63905048185,61531.61153699533,265.0275134865151,268.0220402382136,-2.9945267516985155,61.24933658168501,61626.566000000006,62127.88216351801,61125.249836482006,0.016269482337146625,346.755000000001,0.6188412659363047,0.0003257912523675355,0.003946688388976494,0.0022229371374470307,1
2026-07-03 16:00:00+00:00,61866.47,62075.04,61844.25,62047.72,2232,61993.83,61859.76100000001,61653.7,61107.08359999999,61835.26688886925,61569.8417935142,265.42509535505087,267.50265126158104,-2.077555906530165,71.88298868612205,61653.7,62185.16016318321,61122.239836816785,0.01724017092836965,336.11714285714436,0.8766637439993062,0.0017290753628231847,0.0066710428586680415,0.0023534763368586115,1
2026-07-03 17:00:00+00:00,62047.52,62235.9,62003.85,62146.18,2170,62041.87000000001,61906.054000000004,61685.079000000005,61148.330599999994,61883.09967519705,61612.53351251316,270.5661626838919,268.1153535460432,2.450809137848694,73.9300985758602,61685.079000000005,62255.624215989614,61114.5337840104,0.018498645871544026,333.9892857142872,0.913387557137949,0.0038800774981673225,0.0075049547486554236,0.0023715393891994016,1
2026-07-03 18:00:00+00:00,62148.47,62198.34,62054.91,62147.71,1757,62062.481999999996,61969.401,61722.808999999994,61193.92,61923.80895593597,61652.17621528997,271.6327406460041,268.81883096603536,2.813909679968731,73.64951573849861,61722.808999999994,62311.57027657472,61134.04772342527,0.019077591772426475,330.3192857142868,0.8964931446210405,0.00166106183208381,0.01029794076948698,0.002060124602399645,1
2026-07-03 19:00:00+00:00,62150.05,62264.6,62085.43,62145.31,2054,62071.297999999995,62019.839,61755.564,61234.1878,61957.88603963813,61688.704643787016,269.18139585111203,268.8913439430507,0.2900519080613435,68.60898750699216,61755.564,62362.45187544516,61148.67612455484,0.019654516488430356,315.4271428571436,0.7393630112926498,0.000709808807329404,0.008182550133490896,0.002050097172006176,1
2026-07-03 20:00:00+00:00,62151.99,62855.14,62125.9,62716.75,3777,62240.734,62106.572,61830.179000000004,61286.4244,62074.63434123226,61764.85615165465,309.7781895776134,277.0687130699632,32.70947650765015,77.61795431651163,61830.179000000004,62522.9894053812,61137.368594618805,0.022410105116506245,350.19642857142907,0.9999999999969443,0.013692999644251636,0.014023251956121863,0.00330082612508334,0
2026-07-03 21:00:00+00:00,62720.6,62912.46,62439.42,62659.13,3185,62363.016,62178.422999999995,61887.2495,61340.168,62164.556750273456,61831.09865893949,333.4580913339669,288.34658872276395,45.11150261120292,74.81210654245501,61887.2495,62655.61386242823,61118.885137571764,0.024831103939373943,368.42642857142863,0.9142644213578246,0.009853867313738496,0.011599980755762518,0.0033804962576030307,0
2026-07-03 22:00:00+00:00,62667.21,62689.81,62468.3,62511.98,1916,62436.176,62239.023,61945.04550000001,61388.9412,62218.006481000615,61881.53431383286,336.4721671677544,297.97170441176206,38.50046275599232,75.65306374313515,61945.04550000001,62719.049631538874,61171.04136846114,0.02499002544243401,359.0464285714282,0.9068899700684169,0.0058861220432213646,0.00978903815108012,0.003525773498751592,1
2026-07-03 23:00:00+00:00,62512.94,62649.97,62466.0,62522.03,1548,62511.04,62286.761,62003.795999999995,61424.184,62264.77933007744,61928.978438734135,335.80089134330774,305.53754179807123,30.263349545236508,74.0995820660379,62003.795999999995,62764.94272060564,61242.64927939435,0.0245516168269971,352.02142857142826,0.8054558020049797,0.006023069876589071,0.007694136400157037,0.0035044686113695537,1
2026-07-04 00:00:00+00:00,62523.67,62891.99,62517.84,62695.31,2302,62621.04,62346.168999999994,62070.244999999995,61469.891800000005,62331.01481775784,61985.74373956864,345.27107818919467,313.48424907629595,31.786829112898715,73.5909149222179,62070.244999999995,62829.10909405131,61311.38090594868,0.02445178342864006,351.2914285714282,0.7547104315555484,0.008850225383057797,0.00956631615831105,0.003561574747138169,0
2026-07-04 01:00:00+00:00,62694.05,62694.05,62339.91,62411.37,2403,62559.964,62400.349,62109.49600000001,61518.752199999995,62343.3771534874,62017.27161071171,326.10554277569463,316.0085078161757,10.097034959518908,61.85427862024512,62109.49600000001,62852.734371123166,61366.25762887685,0.02393316381518084,357.28499999999934,0.036957429659397134,-0.0048691936364686494,0.008757132141050894,0.0036851825772758525,1
2026-07-04 02:00:00+00:00,62415.09,62520.88,62364.33,62476.2,1581,62523.378000000004,62443.197,62151.47900000001,61574.5954,62363.81143756626,62051.266306214544,312.54513135171874,315.31583252328437,-2.7707011715656336,64.1440449259832,62151.47900000001,62876.87523471687,61426.08276528314,0.023342847069395194,346.1399999999989,0.17684500861191166,-0.0029194468547520946,0.006905652617050118,0.0036195113246284085,1
2026-07-04 03:00:00+00:00,62476.02,62702.51,62424.62,62568.47,1789,62534.676,62485.426,62195.740000000005,61623.72539999999,62395.29737024837,62089.57769093939,305.71967930898245,313.396601880424,-7.676922571441537,63.29924442458468,62195.740000000005,62908.76335351017,61482.71664648984,0.02292836626785581,339.6571428571416,0.12523402257269836,0.0009036667851505253,0.006795107921355736,0.003616664423569981,0
2026-07-04 04:00:00+00:00,62571.61,62702.97,62528.84,62619.18,1729,62554.10600000001,62532.57300000001,62250.987,61669.1,62429.740851748626,62128.807491610554,300.9333601380713,310.90395353195345,-9.970593393882154,63.18952477476329,62250.987,62910.92726859083,61591.04673140917,0.021202564020095876,309.55214285714203,0.11853097338441711,0.0015538522981419778,0.007586281135700812,0.003609291956477298,0
2026-07-04 05:00:00+00:00,62618.38,62623.47,62357.44,62415.36,1560,62498.116,62559.578,62289.70850000001,61697.57139999999,62427.528413018066,62150.03360334311,277.49480967495765,304.2221247605543,-26.727315085596672,64.09836489034703,62289.70850000001,62886.82214512026,61692.59485487975,0.019172144468142905,285.52499999999884,0.14235805869941656,-0.0044652462839723794,0.004345460663081502,0.0038253883467778724,1
2026-07-04 06:00:00+00:00,62416.16,62499.11,62269.91,62432.28,1785,62502.297999999995,62531.130999999994,62318.851500000004,61732.0958,62428.25942639989,62170.94074383622,257.31868256367306,294.8414363211781,-37.52275375750503,60.83621690467874,62318.851500000004,62881.37845468458,61756.32454531543,0.018053187475208007,285.41142857142717,0.0,0.0003350351065838364,-0.004535789880693808,0.002288076985430752,0
2026-07-04 07:00:00+00:00,62435.69,62579.02,62400.94,62510.75,1615,62509.208,62516.29299999999,62347.35800000001,61773.497599999995,62440.95028387683,62196.11179984835,244.83848402847798,284.8408458626381,-40.002361834160126,60.38998421139637,62347.35800000001,62886.47761096664,61808.23838903337,0.01729406436008513,281.5564285714266,0.0,0.0005530105864313128,-0.0023680507533379025,0.002341590641307893,1
2026-07-04 08:00:00+00:00,62507.56,62625.49,62445.05,62499.62,1572,62495.438,62515.05700000001,62377.04,61819.5812,62449.97639404963,62218.59388874848,231.382505301146,274.1491777503397,-42.76667244919366,59.97460360651482,62377.04,62877.84693647288,61876.23306352712,0.01605741267853941,284.1999999999981,0.0,-0.001100394495821888,-0.00019772210062773965,0.002221392805974055,1
2026-07-04 09:00:00+00:00,62504.63,62530.4,62350.22,62429.52,1678,62457.50600000001,62505.806,62396.2835,61866.85680000001,62446.82925650354,62234.21804513749,212.61121136604925,261.8415844734816,-49.23037310743234,57.75796651253189,62396.2835,62872.2757232109,61920.291276789096,0.015257069700662606,284.27214285714115,0.0,-0.0030287844714671497,-0.0014796384570366916,0.0022468241431517467,1
2026-07-04 10:00:00+00:00,62429.85,62489.62,62384.35,62446.81,1220,62463.795999999995,62480.956000000006,62413.5625,61907.166,62446.82629396453,62249.96559734952,196.86069661501097,248.84540690178747,-51.984710286776505,39.435495233175025,62413.5625,62869.107498335885,61958.017501664115,0.014597628466918065,239.70285714285586,0.0,0.0005038823776710721,-0.003963613865215709,0.0020132840387279225,1
2026-07-04 11:00:00+00:00,62450.42,62514.31,62394.62,62424.01,1255,62462.14199999999,62482.22000000001,62441.284499999994,61933.747599999995,62443.31609489307,62262.85777532363,180.45831956943584,235.16798943531717,-54.709669865881324,40.54041005503882,62441.284499999994,62818.12372041021,62064.44527958978,0.012070194373090225,214.46357142856974,0.030507702955179957,-0.00013246352688056628,0.00020252719977142952,0.0014007934335225332,1
2026-07-04 12:00:00+00:00,62427.63,62645.94,62427.12,62603.97,1415,62480.786,62494.996999999996,62469.096999999994,61962.0832,62468.03208029414,62288.125347521884,179.9067327722587,224.11573810270545,-44.20900533044676,53.6058389582696,62469.096999999994,62803.33293740825,62134.861062591735,0.010700841006498266,214.4935714285701,0.40879033662065695,0.0014912635026775867,0.002045098773613141,0.0016490360307294346,1
2026-07-04 13:00:00+00:00,62604.81,62733.77,62487.92,62535.26,1758,62487.914000000004,62491.676,62488.551,61987.221,62478.37483717196,62306.43161807582,171.94321909614519,213.68123430139337,-41.73801520524819,50.49579158016247,62488.551,62787.02885254067,62190.07314745933,0.009553041245609064,218.91357142856992,0.32382258650750007,0.0005702434670802337,-0.0005307785215140637,0.0016293433781563271,1
2026-07-04 14:00:00+00:00,62533.86,62694.66,62533.86,62643.37,1907,62530.68400000001,62494.094999999994,62513.33400000001,62010.842599999996,62503.75870837628,62331.39001673686,172.36869163941446,205.41872576899758,-33.05003412958311,47.95360345452557,62513.33400000001,62772.354535203885,62254.313464796134,0.008286889168441267,203.6742857142843,0.3447433510755755,0.0034254628259196007,0.00038630336583778124,0.0017073583560088333,1
2026-07-04 15:00:00+00:00,62643.92,63045.43,62636.29,62884.65,4267,62618.252,62541.024,62550.301,62031.1064,62562.357368626086,62372.37223771932,189.98513090676715,202.33200679655152,-12.346875889784371,69.29549902152647,62550.301,62798.99781578909,62301.60418421091,0.007951898290276423,207.51285714285612,0.9999999999966511,0.007011406987802893,0.007518822289897864,0.0016619410413870512,1
2026-07-04 16:00:00+00:00,62884.64,62919.7,62726.48,62865.83,2318,62706.616,62584.379,62557.755000000005,62055.851800000004,62609.045465760544,62408.92466455493,200.12080120561586,201.88976567836443,-1.7689644727485643,66.50429095468468,62557.755000000005,62834.78057065797,62280.72942934204,0.008856634022687125,210.1321428571417,0.90652351932985,0.007077725381628097,0.006944324314281047,0.0016897798113167707,1
2026-07-04 17:00:00+00:00,62866.95,63393.46,62747.45,63224.07,3574,62830.636,62655.71100000001,62586.002,62089.3472,62703.664624874305,62469.305800513815,234.35882436048996,208.38357741478956,25.975246945700405,72.6637904809315,62586.002,62991.820463617805,62180.183536382196,0.012968345976718717,236.4264285714276,0.9999999999969905,0.009905122630401886,0.011411157280947659,0.0023203785074833324,0
2026-07-04 18:00:00+00:00,63225.1,63301.26,63036.43,63110.76,2383,62945.736,62716.825,62615.94099999999,62119.09680000001,62766.294682585954,62516.820926401684,249.47375618427031,216.60161316868573,32.872143015584584,66.28870215247602,62615.94099999999,63082.560601269506,62149.32139873048,0.014904179153660395,242.90499999999884,0.808142780693309,0.009202808143757624,0.009778299452060768,0.002473189816021471,0
2026-07-04 19:00:00+00:00,63112.9,63421.99,63065.76,63235.92,2138,63064.246,62797.465000000004,62651.63550000001,62151.6874,62838.54473141888,62570.087524446004,268.4572069728747,226.97273192952352,41.48447504335118,78.68489128154948,62651.63550000001,63191.48119652867,62111.78980347135,0.01723325152552994,249.34785714285576,0.9999999999974521,0.009459101577708795,0.012916966204449487,0.00237343239611964,0
2026-07-04 20:00:00+00:00,63241.55,63345.66,63097.83,63185.04,2021,63124.324,62871.288,62676.121999999996,62181.3556,62891.85169581597,62615.63955967223,276.21213614373846,236.82061277236653,39.39152337137193,75.7044513952443,62676.121999999996,63266.38147217036,62085.86252782963,0.018835226345700343,250.6785714285704,0.9240640573749409,0.004776841407243326,0.011821740774268674,0.0024480331520321907,0
2026-07-04 21:00:00+00:00,63185.11,63404.8,63146.76,63245.39,1767,63200.236,62953.426,62717.823,62217.8254,62946.242204151975,62662.28774043725,283.95446371472644,246.2473829608385,37.70708075388794,75.40003042582347,62717.823,63345.95684889604,62089.68915110395,0.020030473599061193,256.3899999999994,0.9163079897645027,0.006037620118910292,0.013158078117698535,0.0023904515347346594,0
2026-07-04 22:00:00+00:00,63246.35,63264.98,63097.79,63140.7,1440,63183.562,63007.099,62751.047999999995,62250.5386,62976.158788128596,62697.72568559005,278.43310253854725,252.6845268763803,25.748575662166957,70.81834123530554,62751.047999999995,63395.45517727922,62106.64082272077,0.02053853115821183,255.44357142857137,0.7995752587726837,-0.0013186433584551072,0.008573417947775441,0.0024876093335441836,0
2026-07-04 23:00:00+00:00,63143.21,63183.7,62875.76,63094.8,2146,63180.369999999995,63063.053,62777.3645,62282.0626,62994.411282262656,62727.138597768564,267.27268449409166,255.60215839992262,11.670526094169048,71.94919168591275,62777.3645,63433.26363314516,62121.46536685485,0.020896039149434324,264.5692857142853,0.8283871785589287,-0.0002528887308598238,0.00894759212642593,0.002457841881074445,0
2026-07-05 00:00:00+00:00,63091.69,63093.16,62820.62,62934.86,1940,63120.157999999996,63092.202000000005,62793.148499999996,62312.897600000004,62985.249546529936,62742.525368304225,242.7241782257115,253.02656236508042,-10.302384139368911,64.71670234900367,62793.148499999996,63448.2125385646,62138.08446143539,0.02086418834579075,276.634285714285,0.63380839158192,-0.004760901715354149,0.004653166009427556,0.0026585422918218716,0
2026-07-05 01:00:00+00:00,62933.1,62997.92,62730.78,62831.83,2163,63049.516,63086.92,62813.971999999994,62339.73,62961.64653937149,62749.140526207615,212.50601316387474,244.92245252483931,-32.416439360964574,61.729886446001565,62813.971999999994,63444.488412259816,62183.45558774017,0.020075674000040046,287.1664285714282,0.4482819941999578,-0.005590089046394464,-0.000839950607978257,0.0024398333919988476,0
2026-07-05 02:00:00+00:00,62831.71,62875.97,62536.01,62643.79,2464,62929.195999999996,63064.716,62824.5475,62368.116799999996,62912.74553331434,62741.33678352557,171.40874978876673,230.2197119776248,-58.81096218885807,51.140020384091244,62824.5475,63434.88016172814,62214.21483827186,0.01942975114076681,295.5971428571424,0.1036864106538774,-0.009512155747636308,-0.003531966411642107,0.002609349530781894,1
2026-07-05 03:00:00+00:00,62639.88,62740.62,62601.4,62713.1,1738,62843.676,63013.61899999999,62834.665,62392.024399999995,62882.03083588136,62739.24516993108,142.78566595028678,212.7329027721572,-69.9472368218704,55.089693542293865,62834.665,63429.609968440076,62239.720031559926,0.018936839034315697,287.980714285714,0.23220927570337196,-0.0067721770585374985,-0.008081890330692065,0.0016566420747552374,1
2026-07-05 04:00:00+00:00,62713.58,62899.22,62653.92,62758.52,1780,62776.42,62978.395,62847.61,62420.073599999996,62863.02916882269,62740.67293512137,122.35623370132089,194.65756895798995,-72.30133525666906,53.41819196494819,62847.61,63422.798600098,62272.421399902,0.018304231460766804,294.01642857142826,0.08270765142917773,-0.0053297577613370395,-0.0055812986565207945,0.0016817869519606594,0
2026-07-05 05:00:00+00:00,62762.4,62766.08,62600.57,62683.03,1800,62726.054000000004,62923.10600000001,62860.2855,62446.7938,62835.336989003816,62736.40308807535,98.93390092846676,175.51283535208532,-76.57893442361856,43.36156145873101,62860.2855,63407.15662102209,62313.414378977905,0.017399574840368602,276.6142857142856,0.0,-0.004001438948144198,-0.00874329020594622,0.0014297301727155972,1
2026-07-05 06:00:00+00:00,62682.94,62771.92,62608.51,62717.35,1629,62703.157999999996,62876.337,62873.8125,62473.8142,62817.18514454168,62734.991748217915,82.19339632376796,156.84894754642187,-74.65555122265391,45.16061743846458,62873.8125,63390.152266304045,62357.472733695955,0.01642463676921278,274.48500000000007,0.050931098193531664,-0.0018220064575550365,-0.007401910325608774,0.001499554768733663,0
2026-07-05 07:00:00+00:00,62720.95,63002.44,62654.92,62958.01,1861,62766.002,62847.599,62900.5125,62500.447400000005,62838.85050691988,62751.511618720295,87.3388881995852,142.94693567705454,-55.60804747746934,40.608542181433094,62900.5125,63372.21517458887,62428.809825411125,0.014998373012902636,253.1642857142859,0.0,0.005015980035690815,-0.004543888495272097,0.002041086729473546,0
2026-07-05 08:00:00+00:00,62960.34,63052.51,62832.17,62860.82,1853,62795.545999999995,62819.611,62913.355,62524.933,62842.230428932206,62759.60853585212,82.62189308008237,130.8819271576601,-48.26003407757773,41.07599365886388,62913.355,63364.606046219626,62462.10395378038,0.014345159186618559,249.98642857142892,0.012276688508146089,0.002355488725641175,-0.0044326401196058685,0.002034080043912307,0
2026-07-05 09:00:00+00:00,62862.88,62880.47,62372.37,62561.14,2755,62756.06999999999,62766.244999999995,62914.649,62542.4908,62798.98574755802,62744.907162826035,54.07858473198576,115.52125867252522,-61.442673940539464,28.57705251127051,62914.649,63361.461511103385,62467.83648889661,0.014203767110053743,260.83428571428624,0.0,-0.003145070980003939,-0.008458066274875331,0.002454701240545648,1
2026-07-05 10:00:00+00:00,62560.24,62707.35,62477.5,62697.08,1637,62758.880000000005,62742.46699999999,62917.3345,62566.1476,62783.30794024141,62741.36441002411,41.94353021730058,100.8057129814803,-58.86218276417972,35.30205547121619,62917.3345,63357.88355481992,62476.785445180074,0.014004059718070961,259.5500000000003,0.14362612673213027,0.00022414359995037714,-0.0037781922451245453,0.002544671544083849,0
2026-07-05 11:00:00+00:00,62697.01,62764.22,62550.07,62598.07,1685,62735.024,62719.091,62903.00549999999,62585.2904,62754.80979558888,62730.750009281575,24.05978630730533,85.45652764664531,-61.39674133933998,30.945708869552973,62903.00549999999,63366.09617446495,62439.91482553504,0.014723960191852986,256.41500000000036,0.05461239411640206,-0.0019018660705529822,-0.003720407315846108,0.002541545635913086,0
2026-07-05 12:00:00+00:00,62599.59,62726.72,62500.11,62689.05,1789,62681.232,62723.617000000006,62894.16649999999,62602.083000000006,62744.69290395982,62727.66111970517,17.03178425465012,71.77157896824627,-54.739794713596154,36.59720697247944,62894.16649999999,63366.892970470784,62421.4400295292,0.015032442491174195,260.65928571428594,0.1849148926894403,-0.004272053706907197,0.0007224977926783005,0.0024175760449482793,0
2026-07-05 13:00:00+00:00,62686.59,62771.8,62584.41,62742.35,1672,62657.538,62726.542,62870.080500000004,62618.1176,62744.33245719676,62728.749184912194,15.583272284566192,60.533917631510256,-44.950645346944064,39.58671874538343,62870.080500000004,63320.59908373677,62419.561916263236,0.01433173236470623,252.04857142857196,0.30464230515557844,-0.001884639748574779,0.00046640972938671865,0.002406763442947878,1
2026-07-05 14:00:00+00:00,62745.36,62764.94,62594.46,62755.76,1630,62696.462,62726.266,62852.330500000004,62635.1132,62746.09054070495,62730.749986029805,15.34055467514554,51.495245040237315,-36.154690365091774,44.20680821332926,62852.330500000004,63290.732989401266,62413.92801059874,0.013950238150716204,244.64142857142932,0.4714455401544966,0.003110876815863639,-4.3978092536201e-05,0.002396245837001402,0
2026-07-05 15:00:00+00:00,62755.82,62896.94,62618.93,62687.96,2342,62694.638,62726.759,62824.932499999995,62647.979400000004,62737.1473805965,62727.58035743501,9.567023161493125,43.10960066448848,-33.54257750299536,45.23782728145372,62824.932499999995,63229.589151487664,62420.27584851233,0.012882040151421368,245.41785714285808,0.6284087183402446,-0.00014546131972981158,7.864967599680028e-05,0.002389728626048093,0
2026-07-05 16:00:00+00:00,62685.81,62720.58,62533.97,62582.58,1681,62691.54,62713.28199999999,62794.80950000001,62657.606400000004,62713.367783581656,62716.83959021759,-3.4718066359346267,33.79331920440386,-37.265125840338484,47.85662761137067,62794.80950000001,63175.58646101461,62414.03253898541,0.012127657175696941,234.46428571428675,0.7271842543889817,-0.0002474517185593328,-0.0021488471690847,0.0024375117199866123,1
2026-07-05 17:00:00+00:00,62584.95,62768.54,62529.6,62570.27,1786,62667.784,62674.507999999994,62761.0535,62671.6204,62691.35273995371,62705.98258353481,-14.629843581096793,24.108686647303724,-38.73853022840052,44.79061047932364,62761.0535,63089.7874497135,62432.319550286506,0.010475730771902872,241.587142857144,0.6526897849521744,-0.0018947487639389138,-0.006158708002365509,0.0019845692788611475,1
2026-07-05 18:00:00+00:00,62573.11,62839.04,62559.49,62756.36,1665,62670.585999999996,62664.062,62741.8365,62685.7932,62701.35385688391,62709.71424401372,-8.360387129810988,17.61487189188078,-25.97525902169177,49.92855063642872,62741.8365,63017.82972960711,62465.843270392885,0.008797741507203503,244.03357142857254,0.9999999999953165,0.00022329415458610669,-0.001661766423027844,0.002246774372921394,1
2026-07-05 19:00:00+00:00,62756.51,62822.9,62668.2,62715.63,1486,62662.56,62679.511,62722.878000000004,62697.182199999996,62703.550186594075,62710.15244816085,-6.602261566775269,12.77144520014957,-19.37370676692484,51.103737811484216,62722.878000000004,62943.276348504914,62502.479651495094,0.007027686086244647,243.26142857142986,0.9999999999955609,-0.000639463214213376,0.002469424310362678,0.001590962322916174,1
2026-07-05 20:00:00+00:00,62711.14,62790.56,62638.31,62680.76,1205,62661.119999999995,62677.879,62710.17300000001,62707.8432,62700.04400404115,62707.97522977856,-7.931225737411296,8.630911012637396,-16.562136750048694,48.7616340068367,62710.17300000001,62907.172876683115,62513.173123316905,0.006282868225641952,242.46428571428729,0.8960298076026793,-0.00011485459089743966,-0.0002602992037268326,0.0014520414940349888,1
2026-07-05 21:00:00+00:00,62678.68,63185.84,62551.21,63043.73,2753,62753.35,62722.44499999999,62720.768000000004,62725.8116,62752.9187726502,62732.84595349867,20.072819151529984,10.919292640415915,9.15352651111407,52.67931935536301,62720.768000000004,62962.93248751451,62478.6035124855,0.007721987317327064,262.9721428571439,0.9999999999958511,0.0073686639317203095,0.007119388824607498,0.002234904429090609,1
2026-07-05 22:00:00+00:00,63044.73,63911.3,62946.39,63679.82,5782,62975.259999999995,62821.522,62772.5695,62745.073,62895.51896147325,62802.992179165434,92.52678230781748,27.240790573896234,65.28599173392125,69.14839892263943,62772.5695,63262.197608818075,62282.94139118192,0.015600065847808786,316.15571428571536,0.9999999999975352,0.01773286258793516,0.01580451450452669,0.003725096806174804,0
2026-07-05 23:00:00+00:00,63673.73,63956.46,63507.46,63582.64,3605,63140.516,62905.551,62816.0465,62763.5432,63001.22989047737,62860.74386959762,140.48602087974723,49.88983663506644,90.59618424468079,76.38089728624095,62816.0465,63423.65044067668,62208.44255932331,0.01934550085627203,311.9342857142869,0.999999999997799,0.013166474282447105,0.013392708433777267,0.0038501997212040543,0
2026-07-06 00:00:00+00:00,63583.15,63724.69,63278.29,63690.94,4309,63335.578,62999.068999999996,62862.6675,62787.1224,63107.339138096235,62922.23987925705,185.09925883918186,76.93172107588953,108.16753776329233,76.03881745108504,62862.6675,63584.10992820497,62141.22507179504,0.02295296896858428,327.4021428571442,0.9924710373792679,0.01555130674761629,0.014901899044804878,0.003830639620153033,0
2026-07-06 01:00:00+00:00,63687.98,63869.72,63489.04,63512.89,3968,63502.004,63081.562,62904.16050000001,62806.9396,63169.731578389124,62965.99174005283,203.7398383362961,102.29334452797086,101.44649380832523,73.01480281364137,62904.16050000001,63675.81114073377,62132.509859266254,0.024534168633687056,339.29714285714414,0.9153900896034582,0.013275684596038673,0.013159305231817964,0.003993302622697603,0
2026-07-06 02:00:00+00:00,63513.42,63609.68,63305.33,63395.43,3231,63572.344000000005,63162.84700000001,62938.0645,62820.941999999995,63204.45441248311,62997.8019815304,206.65243095270853,123.1651618129184,83.48726913979013,67.53726526112978,62938.0645,63734.348013816794,62141.78098618321,0.02530371787384068,344.85000000000116,0.7596458903039004,0.005578667378976387,0.012988438635799238,0.0040076685610734184,0
2026-07-06 03:00:00+00:00,63392.84,63441.05,63071.59,63236.54,3175,63483.688,63229.474,62951.991,62837.4454,63209.390656716474,63015.48627919482,193.904377521656,137.31300495466596,56.59137256699003,61.658009086920195,62951.991,63759.40808603136,62144.57391396864,0.025651836366267132,357.85500000000167,0.5423992217460905,-0.006961074952787194,0.010648347849545825,0.004166805367594633,0
2026-07-06 04:00:00+00:00,63237.88,63337.67,63121.1,63214.22,2300,63410.004,63275.26000000001,62969.661,62852.2058,63210.133632606245,63030.207295550754,179.92633705549088,145.83567137483095,34.090665680659924,60.76985961549297,62969.661,63784.114447420645,62155.207552579355,0.025868122346113465,361.1471428571443,0.5058279221643464,-0.005794348897749435,0.00729583423895197,0.004130326766930468,0
2026-07-06 05:00:00+00:00,63215.4,63215.4,62884.33,63048.97,2948,63281.61,63308.594000000005,62994.052500000005,62861.815800000004,63185.339227589895,63031.59712550996,153.74210207993747,147.41695751585226,6.325144564085207,58.10934053344957,62994.052500000005,63785.897791929674,62202.20720807034,0.02514031914138779,364.93714285714407,0.4216083929686695,-0.010079455570917939,0.005315102471266098,0.004248539033924069,0
2026-07-06 06:00:00+00:00,63051.69,63094.17,62905.13,62921.55,2029,63163.342000000004,63332.672999999995,63005.276,62867.8632,63144.756269499136,63023.445486583296,121.31078291583981,142.1957225958498,-20.88493968000998,57.539603101520065,63005.276,63785.67868928738,62224.87331071262,0.02477261394069223,365.1107142857155,0.40357318374724055,-0.009310550976345033,0.003841529681516409,0.004315200470073553,0
2026-07-06 07:00:00+00:00,62924.05,63066.7,62821.43,63018.83,2070,63088.02200000001,63330.183000000005,63026.314,62879.93260000001,63125.382997268505,63023.103598688234,102.27939858027094,134.21245779273403,-31.933059212463093,59.613785417291886,63026.314,63782.8156065622,62269.812393437795,0.024005897173748857,365.562857142858,0.39291965540979396,-0.005940491294088579,-0.0003949639401095162,0.003915361859129109,0
2026-07-06 08:00:00+00:00,63018.99,63183.19,62762.54,62831.53,2373,63007.020000000004,63245.35400000001,63033.438,62887.9176,63080.174843842586,63008.91296174836,71.26188209422253,121.62234265303172,-50.360460558809194,51.61024973116087,63033.438,63779.17373799912,62287.70226200089,0.023661591741168088,375.64142857142934,0.10313872949819321,-0.006404683115173615,-0.013321174588747264,0.0017349074349891855,0
2026-07-06 09:00:00+00:00,62834.91,62860.24,62566.23,62606.71,2093,62885.518000000004,63147.761,63026.655999999995,62889.8368,63007.334098636034,62979.120149767,28.213948869037267,102.94066389623285,-74.72671502719558,47.83734413469942,63026.655999999995,63785.88319138721,62267.42880861278,0.0240922568186774,385.5921428571429,0.0,-0.009610337674023417,-0.015349000922264322,0.001875204948034428,0
2026-07-06 10:00:00+00:00,62606.74,62970.44,62593.72,62762.9,2087,62828.304000000004,63054.95700000001,63027.013,62895.102399999996,62969.72885269203,62963.10384237685,6.625010315183317,83.67753318002295,-77.05252286483963,51.55596472085832,63027.013,63785.710387065235,62268.31561293476,0.02407530837817862,401.6257142857144,0.13027882570902152,-0.0045372668260876825,-0.01457098921761868,0.0020372027661752193,1
2026-07-06 11:00:00+00:00,62763.6,62946.2,62426.8,62433.6,2357,62730.714,62947.028000000006,63014.295,62895.183999999994,62887.247490739406,62923.88133553412,-36.633844794712786,59.6152575850758,-96.24910237978858,38.293071358673686,63014.295,63804.78456126043,62223.80543873957,0.02508921384458655,393.3949999999999,0.0,-0.007754894785649835,-0.01699324341877695,0.0023400547214222113,1
2026-07-06 12:00:00+00:00,62430.18,62436.42,61612.74,61696.5,8866,62466.248,62777.134999999995,62969.990999999995,62880.177800000005,62704.05556908719,62832.964199568625,-128.90863048143365,21.910479971773903,-150.81911045320754,13.364932061503112,62969.990999999995,63941.056527429915,61998.925472570074,0.030842168214059953,383.30714285714254,0.0,-0.02098309346587368,-0.026798934875905123,0.00396206731345407,1
2026-07-06 13:00:00+00:00,61694.42,61986.55,61253.38,61725.3,8656,62245.002,62626.01100000001,62927.74249999999,62866.2036,62553.477789227625,62750.91499960059,-197.437210372962,-21.95905809717329,-175.47815227578872,14.802841029683961,62927.74249999999,64035.88265081391,61819.602349186076,0.03521944715604305,403.6050000000001,0.022942713049310552,-0.0176062877984986,-0.023898208219488293,0.004088230803734658,1
2026-07-06 14:00:00+00:00,61725.58,62362.19,61649.14,61993.12,8382,62122.284,62503.901,62889.580500000004,62853.98659999999,62467.268898577226,62694.78203666722,-227.51313808999112,-63.06987409573687,-164.44326399425424,19.66011436740537,62889.580500000004,64072.60960157629,61706.55139842372,0.03762241987212126,422.65142857142877,0.10553555651528454,-0.009800706665467618,-0.01931685623899182,0.004588901579419825,1
2026-07-06 15:00:00+00:00,61993.25,63507.26,61992.68,63501.37,9985,62269.978,62549.141,62928.86749999999,62873.3088,62626.36137571919,62754.529293210384,-128.16791749119147,-76.0894827748278,-52.078434716363674,49.860471876362624,62928.86749999999,64139.440053582795,61718.29494641719,0.03847431557807083,503.644285714286,0.6736933349410111,0.01176602738241872,0.007175374950613822,0.009466343209908735,1
2026-07-06 16:00:00+00:00,63499.55,63827.39,63338.91,63692.67,7632,62521.792,62626.253000000004,62979.463,62894.294799999996,62790.40885637778,62824.02119741702,-33.61234103924653,-67.59405442771154,33.98171338846501,53.53685352828623,62979.463,64230.28983353752,61728.636166462486,0.039721737022035825,516.7964285714287,0.8318360299460125,0.02016654493734138,0.012255260717512373,0.009436100732793929,1
2026-07-06 17:00:00+00:00,63689.29,63946.32,63512.38,63546.46,4403,62891.78400000001,62679.016,63004.5995,62907.530999999995,62906.724416935045,62877.53518279354,29.189234141507768,-48.237396713867675,77.42663085537544,53.69889434185649,63004.5995,64280.81226675936,61728.38673324063,0.04051173333017907,521.4021428571426,0.8508390237350666,0.029984845169499064,0.00837257689487414,0.009501070010327534,1
2026-07-06 18:00:00+00:00,63547.83,63853.82,63502.69,63658.27,2935,63278.378000000004,62761.68999999999,63003.52200000001,62923.379799999995,63022.346814329656,62935.3673914755,86.97942285415775,-21.194032800262587,108.17345565442034,55.18889421222987,63003.52200000001,64277.3686033829,61729.67539661712,0.0404373140721526,531.013571428571,0.9043243046241144,0.031315684168404134,0.01315804342182969,0.009405566472838063,1
2026-07-06 19:00:00+00:00,63657.88,63861.74,63602.29,63699.35,2777,63619.623999999996,62870.954000000005,63009.3575,62932.8854,63126.501150586635,62991.95869581065,134.54245477598306,9.953264714986553,124.58919006099651,57.82707693492636,63009.3575,64295.38544755325,61723.32955244675,0.04082022095061838,525.8978571428567,0.9613675074554463,0.027522892862949844,0.01745244239794741,0.009253403403261492,1
2026-07-06 20:00:00+00:00,63698.78,63855.15,63537.3,63782.65,2308,63675.880000000005,62972.92899999999,63013.94300000001,62946.32319999999,63227.44712741946,63050.5284220469,176.91870537256182,43.34635284650162,133.5723525260602,60.47424195243468,63013.94300000001,64310.8119816561,61717.07401834391,0.041161334140163056,535.0985714285707,0.9999999999978773,0.004429510733390485,0.016247655860388788,0.009250684432390834,1
2026-07-06 21:00:00+00:00,63780.58,64671.13,63760.45,64449.11,7227,63827.16799999999,63174.48,63060.75399999999,62970.587,63415.39526166262,63154.12705745083,261.26820421178854,86.93072311955902,174.33748109222952,65.28161820955862,63060.75399999999,64493.881555469845,61627.62644453014,0.04545228100094875,582.6278571428567,0.9999999999980738,0.011876405872135676,0.03228245688219178,0.009281766505951939,0
2026-07-06 22:00:00+00:00,64448.62,64461.35,64099.35,64204.11,2707,63958.698,63425.241,63101.188,62990.9684,63536.7359906376,63231.90357171373,304.83241892387014,130.51106228042127,174.32135664344887,64.48651592421226,63101.188,64617.302566863415,61585.07343313659,0.04805343971854896,578.4385714285709,0.984685033956571,0.010349120942378276,0.04064428290097499,0.008113481789281242,0
2026-07-06 23:00:00+00:00,64202.93,64301.55,63976.74,64003.12,2149,64027.66799999999,63653.02300000001,63139.51699999999,63006.12300000001,63608.48737669336,63289.03071454975,319.4566621436097,168.30018225305898,151.15647989055074,64.8125322205274,63139.51699999999,64707.8983297197,61571.13567028029,0.04967986466287681,580.6385714285716,0.9909646392338568,0.005417206593895996,0.036902534293069555,0.008364449088225426,0
2026-07-07 00:00:00+00:00,64003.07,64280.89,63956.08,64153.18,3513,64118.43400000001,63869.028999999995,63186.465000000004,63026.372599999995,63692.286241817455,63353.04177273125,339.244469086203,202.48903961968782,136.7554294665152,64.76671170137737,63186.465000000004,64819.15698587348,61553.77301412653,0.05167853545449888,576.9307142857142,0.990082061347062,0.0071245624955356135,0.03484354392874556,0.008370275778713873,0
2026-07-07 01:00:00+00:00,64150.67,64152.94,63730.07,63804.98,3858,64122.9,63899.38999999999,63224.2655,63040.5762,63709.62374307631,63386.518678454864,323.1050646214426,226.61224462003884,96.49282000140374,64.50772049644767,63224.2655,64878.41964528256,61570.11135471744,0.05232655950056271,570.0528571428575,0.9850934685815181,0.0003500952061414875,0.004781156690005339,0.004541037366499123,0
2026-07-07 02:00:00+00:00,63805.13,63869.09,63240.6,63286.0,3287,63890.278000000006,63858.723,63242.488,63047.598999999995,63644.45085952611,63379.07285042117,265.3780091049339,234.36539751701784,31.01261158791604,67.62875255641868,63242.488,64890.61973222311,61594.356267776886,0.05212102763013092,556.1107142857145,0.999999999998107,-0.01804695208358964,-0.006384879139153643,0.005175702437253913,0
2026-07-07 03:00:00+00:00,63285.01,63377.46,63099.01,63147.22,3124,63678.9,63818.799,63248.90750000001,63053.9068,63567.953804214405,63361.898565204785,206.05523900961998,228.7033658155383,-22.64812680591831,65.39460920177385,63248.90750000001,64894.36922520975,61603.44577479026,0.05203130900592219,523.6307142857139,0.9534249159641167,-0.016461407221437963,-0.006282647373276107,0.005172128816488659,0
2026-07-07 04:00:00+00:00,63145.63,63253.22,63004.9,63048.32,2282,63487.94,63757.804000000004,63259.74700000001,63061.9974,63488.01014202758,63338.67052333776,149.33961868982442,212.8306163903955,-63.490997700571086,61.85799178301403,63259.74700000001,64896.46495119082,61623.0290488092,0.05174595311583559,490.4357142857137,0.6752212058452263,-0.014918022746391202,-0.009581630163684851,0.0051088004423318675,1
2026-07-07 05:00:00+00:00,63047.53,63216.01,62728.97,63066.29,2685,63270.562,63694.498,63282.726,63069.061200000004,63423.13012017718,63318.494188275705,104.63593190147367,191.19167949261117,-86.5557475911375,42.648291337731116,63282.726,64893.53974953117,61671.912250468835,0.050908481708931676,417.03999999999934,0.0,-0.016942106377267674,-0.009938248977422792,0.005097552683129051,1
2026-07-07 06:00:00+00:00,63071.58,63354.5,62931.44,63282.29,2544,63166.024,63644.462000000014,63308.695499999994,63079.5366,63401.462409380685,63315.812396551584,85.65001282910089,170.08334615990913,-84.43333333080824,43.12306032026923,63308.695499999994,64900.86166864133,61716.52933135866,0.05029849868384464,412.3671428571423,0.01900561316222003,-0.008191993791080265,-0.007844766562693728,0.005245265785488741,1
2026-07-07 07:00:00+00:00,63284.91,63405.42,63015.57,63032.6,2455,63115.344,63502.811,63338.645500000006,63086.528,63344.714346399036,63294.833700510724,49.88064588831185,146.04280610558968,-96.16216021727783,41.67762582517604,63338.645500000006,64883.32831920092,61793.96268079909,0.04877536635041911,409.2178571428563,0.0,-0.004004045128464417,-0.02197873640148018,0.003511479013034742,1
2026-07-07 08:00:00+00:00,63032.81,63138.97,62922.95,63049.59,2239,63095.81799999999,63387.359,63406.3,63093.1728,63299.310600799174,63276.66750047289,22.643100326284184,121.36286494972857,-98.71976462344439,39.829568239540166,63406.3,64754.13119497438,62058.46880502562,0.04251410963813943,399.5671428571425,0.0,-0.0015460696448712508,-0.01798202638429225,0.0035428799254510913,0
2026-07-07 09:00:00+00:00,63049.46,63289.72,63003.97,63200.7,1930,63126.293999999994,63307.11699999999,63480.07000000001,63098.026600000005,63284.13973913776,63271.04027821563,13.099460922130675,99.710184144209,-86.61072322207832,41.96355759839865,63480.07000000001,64579.04105179,62381.09894821001,0.03462412854270623,401.44571428571413,0.07676445950808491,0.0024168764528538222,-0.012537201311436208,0.0037392104368441093,1
2026-07-07 10:00:00+00:00,63200.05,63404.49,63159.04,63230.6,2043,63159.156,63214.85900000001,63541.943999999996,63105.42220000001,63275.90285619349,63268.044702051506,7.858154141984414,81.33977814376408,-73.48162400177966,40.947120887626504,63541.943999999996,64401.73585499185,62682.15214500814,0.027062182894242396,396.27428571428544,0.040200915082381994,0.0026053538269017462,-0.014380892732051676,0.003582614010324951,1
2026-07-07 11:00:00+00:00,63227.74,63402.28,63042.93,63344.82,2381,63171.662,63168.84300000001,63534.116500000004,63121.0958,63286.505493702185,63273.73176115879,12.773732543391816,67.62656902368963,-54.85283648029781,27.88580537410033,63534.116500000004,64398.30286974465,62669.93013025536,0.02720385258665385,356.8935714285711,0.0,0.0009881121558654726,-0.007211976243860607,0.0034147612763754994,1
2026-07-07 12:00:00+00:00,63344.9,63822.18,63322.75,63421.23,4003,63249.388,63182.366,63520.544499999996,63135.578799999996,63307.23234082492,63284.65755662851,22.5747841964112,58.61621205823394,-36.04142786182274,33.187011425135395,63520.544499999996,64382.77002351935,62658.318976480645,0.02714792608616104,366.70999999999964,0.13338734107218492,0.0061655397365807385,0.002136807508769767,0.0022344504163026068,1
2026-07-07 13:00:00+00:00,63410.73,63427.15,62916.66,63000.12,8427,63239.49399999999,63167.655999999995,63493.2275,63143.61980000001,63259.98428839031,63263.58070058195,-3.596412191640411,46.17368720825907,-49.77009939989948,30.320367928674628,63493.2275,64386.07059117961,62600.38440882039,0.02812404177058441,379.9728571428563,0.06125772563870933,-0.0007846204868262596,-0.00232947705378006,0.0030578733891756266,1
2026-07-07 14:00:00+00:00,62997.22,63584.74,62606.74,63496.59,12137,63298.672,63212.48299999999,63485.14349999999,63159.770599999996,63296.38516709949,63280.840648686986,15.544518412505568,40.04785344910837,-24.503335036602806,38.658873193700224,63485.14349999999,64374.6160805009,62595.67091949908,0.028021440339058463,426.629285714285,0.2710686696221092,0.004681751942620771,0.007109943611502967,0.003932856550070374,1
2026-07-07 15:00:00+00:00,63507.88,64071.94,63314.23,63890.57,8319,63430.666000000005,63294.911,63494.70450000001,63182.735,63387.79821831496,63326.00578582128,61.79243249367573,44.39676925802185,17.395663235653885,51.455359784527104,63494.70450000001,64397.87726511186,62591.53173488815,0.0284487587500106,450.5292857142849,0.5930499895300562,0.010437509686765711,0.01307005691947305,0.004290120052701683,0
2026-07-07 16:00:00+00:00,63893.28,64206.17,63754.55,63938.79,5395,63549.46,63360.56100000001,63502.5115,63206.395599999996,63472.566184728035,63371.39720909378,101.168975634253,55.751210533268086,45.417765100984916,63.21571009211457,63502.5115,64418.768794667485,62586.254205332516,0.028857356127323704,437.8957142857133,0.9419096615353565,0.009376773033690888,0.010374150492973522,0.004226318341554995,0
2026-07-07 17:00:00+00:00,63937.99,64184.1,63841.48,64139.58,3603,63693.130000000005,63471.259,63487.034999999996,63235.428,63575.183694769876,63428.29963804979,146.8840567200823,73.97777977063093,72.90627694945137,69.5982241602679,63487.034999999996,64344.54331269182,62629.52668730817,0.02701365129720817,442.47928571428463,0.9999999999976026,0.011326648820907392,0.017562023460875764,0.003877004096567436,0
2026-07-07 18:00:00+00:00,64143.6,64143.6,63630.52,63637.87,3733,63820.68000000001,63530.087,63458.723,63256.5338,63584.82774172835,63443.82336856463,141.004373163727,87.38309844925016,53.62127471447684,60.04491288331853,63458.723,64251.49238437539,62665.9536156246,0.024985355736685564,461.39071428571333,0.7709720137304892,0.010122996591117595,0.009330433393777815,0.004923357192583285,0
2026-07-07 19:00:00+00:00,63637.32,63864.32,63336.0,63784.12,4976,63878.186,63588.429000000004,63447.77300000001,63280.8108,63615.48808915476,63469.03052644873,146.45756270602578,99.1979913006053,47.25957140542049,61.71833423118991,63447.77300000001,64214.50395862122,62681.042041378794,0.024168884812433494,464.3392857142847,0.8110900744079557,0.004528274667978227,0.00923122686932265,0.004920215942354003,0
2026-07-07 20:00:00+00:00,63778.72,63865.82,63571.04,63653.45,2224,63830.762,63630.71399999999,63422.7865,63298.7526,63621.32838313095,63482.69122819327,138.6371549376854,107.08582402802135,31.55133090966406,56.23270372659117,63422.7865,64122.35481995452,62723.218180045485,0.022060472538667674,455.1764285714276,0.6795793477654456,-0.003711345821456935,0.006687426657346229,0.0050100495200752545,0
2026-07-07 21:00:00+00:00,63656.43,63830.26,63265.97,63393.92,3255,63721.788,63635.623999999996,63402.233499999995,63312.31840000001,63586.34247803388,63476.11558166044,110.22689637344592,107.71403849710627,2.512857876339652,56.047480049274256,63402.233499999995,64078.28131831012,62726.18568168987,0.021325678323623167,467.63642857142776,0.6751388553963507,-0.008521743999221787,0.0007751225751371216,0.005204518266811988,0
2026-07-07 22:00:00+00:00,63386.27,63626.56,63165.3,63506.39,2903,63595.15,63644.14,63413.25299999999,63328.831,63574.04209679791,63478.35813116707,95.68396563083661,105.30802392385235,-9.624058293015736,57.40875296804247,63413.25299999999,64088.507784260044,62737.998215739935,0.021296960881664734,485.15357142857,0.707773570869057,-0.009872063396735742,0.0013427680289390675,0.0052211272534065925,0
2026-07-07 23:00:00+00:00,63499.17,63677.06,63272.95,63315.33,1981,63530.64200000001,63675.661,63421.6585,63334.263,63534.24023575208,63466.28197330284,67.95826244923956,97.8380716289298,-29.87980917969024,51.83537797930704,63421.6585,64087.08359889685,62756.23340110315,0.020984159501185193,493.6078571428557,0.574159286420746,-0.005068365738828184,0.005003323803192794,0.004806501553435622,0
2026-07-08 00:00:00+00:00,63321.06,63729.05,63257.52,63575.57,3305,63488.93200000001,63683.55900000001,63448.02099999999,63332.178,63540.59866102099,63474.37738268781,66.2212783331779,91.51471296977942,-25.293434636601518,55.14399978527526,63448.02099999999,64092.62004416767,62803.42195583232,0.020318964532169626,509.7564285714278,0.6534791125598496,-0.00326962259571828,0.0012438463230861618,0.004283502657469272,0
2026-07-08 01:00:00+00:00,63576.55,63610.19,62875.79,62991.34,4304,63356.509999999995,63593.636,63444.27350000001,63320.352,63456.09732855623,63438.59683582205,17.500492734179716,76.71186892265949,-59.211376188479775,45.377098406022235,63444.27350000001,64099.008602891,62789.53839710902,0.020639691079163844,536.5457142857138,0.3833389070047652,-0.010401792832910095,-0.014074534004000938,0.004612397311886292,0
2026-07-08 02:00:00+00:00,62988.03,63024.18,62473.62,62943.17,4642,63266.36,63494.074,63427.317500000005,63305.3966,63377.185431855265,63401.89855168709,-24.71311983182386,56.42687117176282,-81.13999100358669,43.701283301272696,63427.317500000005,64116.3804343756,62738.25456562441,0.02172763917930452,540.1978571428564,0.3406732611287735,-0.007110303322463762,-0.015571455137014634,0.004557983798685572,0
2026-07-08 03:00:00+00:00,62945.18,63057.32,62647.15,62726.69,2704,63110.42,63352.784999999996,63412.022,63289.6726,63277.10921156984,63351.88310341397,-74.77389184413187,30.186718568583874,-104.96061041271574,46.19206912014973,63412.022,64149.83307955812,62674.210920441874,0.02327038489824921,533.0321428571422,0.24348267468717594,-0.012277504673151696,-0.022028363765400405,0.004270078956189819,0
2026-07-08 04:00:00+00:00,62729.08,62859.07,62618.45,62745.69,2604,62996.492000000006,63263.567,63396.827000000005,63276.677800000005,63195.35240978986,63306.97991056849,-111.62750077862438,1.8238746991422154,-113.45137547776659,37.93851195065546,63396.827000000005,64177.34751018791,62616.3064898121,0.02462333044484714,480.3621428571423,0.0,-0.008996873269080274,-0.014019639563674913,0.003835921160779113,0
2026-07-08 05:00:00+00:00,62745.66,62832.51,62497.25,62595.57,2487,62800.492000000006,63144.712,63366.570499999994,63263.858400000005,63103.07819289912,63254.282880156,-151.2046872568826,-28.78183769206276,-122.42284956481984,27.430688686413816,63366.570499999994,64222.3860398263,62510.75496017369,0.027011578284051346,450.18714285714253,0.0,-0.01541472612829109,-0.018633948387153487,0.003613204426434814,0
2026-07-08 06:00:00+00:00,62595.09,62696.01,62414.56,62610.68,3177,62724.36,63040.43500000001,63335.5745,63251.787599999996,63027.32462476079,63206.608592737044,-179.28396797625464,-58.88226374890115,-120.40170422735349,26.583398863824712,63335.5745,64254.68889781528,62416.46010218473,0.02902363813926645,438.0321428571432,0.0,-0.006043052902192536,-0.01638198715073569,0.0036729347837382185,0
2026-07-08 07:00:00+00:00,62611.35,62847.52,62487.42,62828.38,2618,62701.402,62983.88100000001,63309.7525,63247.3758,62996.717759412975,63178.59165994171,-181.87390052873525,-83.48059110486798,-98.39330942386727,27.018585640471883,63309.7525,64256.37962385316,62363.12537614685,0.02990462247828738,439.28071428571485,0.012386155605402151,-0.001823708593005402,-0.008921044794201083,0.0038875376472898722,0
2026-07-08 08:00:00+00:00,62829.76,62900.81,61794.44,61963.61,9270,62548.786,62829.603,63236.871499999994,63228.217000000004,62837.77810411867,63088.59301846454,-250.81491434587224,-116.94745575306885,-133.8674585928034,23.96821941663032,63236.871499999994,64356.075016063165,62117.66798393682,0.035397181723740755,481.6585714285715,0.0,-0.012165156490801632,-0.024293303398287946,0.0054828015228993625,0
2026-07-08 09:00:00+00:00,61970.38,62113.2,61672.32,62010.87,4538,62401.822,62699.15700000001,63187.409,63208.057799999995,62710.56147271579,63008.76168376346,-298.2002110476751,-153.19800681199013,-145.00220423568499,21.553447274617298,63187.409,64431.17459404125,61943.64340595875,0.039367513677962374,475.41285714285704,0.0,-0.011711083263248878,-0.020602593400366076,0.005568585407976443,0
2026-07-08 10:00:00+00:00,62011.76,62143.78,61842.65,62124.06,2580,62307.52,62554.005999999994,63118.78250000001,63193.9084,62620.33047691336,62943.2282257069,-322.8977487935408,-187.1379552083003,-135.75979358524052,25.327086821990463,63118.78250000001,64439.78310371864,61797.781896281376,0.04185760724135108,475.8664285714284,0.10524633591548535,-0.007532641686943675,-0.02283125420660803,0.00532873597321528,0
2026-07-08 11:00:00+00:00,62124.13,62343.62,61989.11,62249.01,3089,62235.186,62479.773,63036.70450000001,63186.754400000005,62563.20424969592,62891.804653432315,-328.6004037363964,-215.43044491391956,-113.16995882247684,30.691289316131233,63036.70450000001,64359.78421047527,61713.62478952474,0.04197807359917629,460.88214285714275,0.254853273867473,-0.005776490528452971,-0.011784635792792986,0.00487626555207754,0
2026-07-08 12:00:00+00:00,62252.87,62373.84,61894.21,61902.14,2794,62049.938,62375.67,62934.871999999996,63169.53920000001,62461.502057435006,62818.49616058548,-356.99410315047135,-243.74317656122994,-113.2509265892414,24.926933716768474,62934.871999999996,64278.95421987806,61590.78978012193,0.04271343301939396,462.1942857142858,0.10042962053305785,-0.014742382343775229,-0.01653920512741891,0.005064780791843854,1
2026-07-08 13:00:00+00:00,61900.81,62037.92,61566.43,61882.47,6376,62033.71,62291.248,62822.016500000005,63158.5166,62372.42020244501,62749.160889431,-376.7406869859842,-270.34267864618084,-106.39800833980337,26.3379528099981,62822.016500000005,64118.3796023386,61525.65339766141,0.04127098028884816,467.00714285714275,0.1424360475716641,-0.0013094782566734908,-0.013458704739561456,0.005038700872041809,1
2026-07-08 14:00:00+00:00,61880.86,62120.71,61641.51,61828.25,8124,61997.186,62199.50399999999,62731.5355,63161.151600000005,62288.70170976117,62680.94526799166,-392.2435582304897,-294.72285456304263,-97.5207036674471,19.038252992834188,62731.5355,64040.68273855995,61422.38826144004,0.04173809004117093,467.55499999999927,0.0,-0.002944967551656741,-0.014621562054700554,0.005009628865191192,1
2026-07-08 15:00:00+00:00,61828.48,61866.82,61470.47,61634.96,4704,61899.366,62103.44300000001,62624.07749999999,63159.34479999999,62188.126062105606,62603.46487777005,-415.33881566444325,-318.8460467833228,-96.49276888112047,22.10013164390324,62624.07749999999,63922.210985989004,61325.94401401098,0.04145796753617687,443.4085714285705,0.1127605282698243,-0.007872956146137255,-0.015346293675415068,0.005030127446795502,1
2026-07-08 16:00:00+00:00,61636.65,62095.06,61621.25,62048.39,3981,61859.24199999999,62047.21399999999,62543.8245,63160.45020000001,62166.62820639706,62562.34822015745,-395.72001376039407,-334.22084017873703,-61.49917358165703,33.999270401922715,62543.8245,63770.49844321636,61317.15055678364,0.03922606118263073,437.9264285714276,0.5509729217759306,-0.003222862500142587,-0.00898073619388895,0.005659903406489718,1
2026-07-08 17:00:00+00:00,62050.97,62351.33,61961.65,62062.16,3023,61891.246,61970.59199999999,62477.2365,63131.666000000005,62150.556174643665,62525.29724088653,-374.7410662428665,-342.324885391563,-32.41618085130352,37.187807276302905,62477.2365,63653.14570439403,61301.327295605966,0.03764280465234831,436.4628571428563,0.9602807201677029,0.002585047948261643,-0.012195444160743807,0.005471484350015455,1
2026-07-08 18:00:00+00:00,62060.38,62303.41,61980.77,62122.42,3170,61939.236,61986.473,62408.038,63100.261000000006,62146.22753239079,62495.454482302346,-349.2269499115573,-343.7052982955619,-5.521651615995438,38.171494073126496,62408.038,63487.910394480336,61328.165605519665,0.0346068368462516,442.32142857142804,0.9999999999947736,0.0038775116765701334,0.0025629559026660864,0.0032481964035861273,1
2026-07-08 19:00:00+00:00,62123.69,62242.66,62004.11,62218.38,2847,62017.262,62007.224,62353.190500000004,63073.699400000005,62157.32791202298,62474.93044657625,-317.6025345532689,-338.48474554710333,20.882210993834406,42.69139103644708,62353.190500000004,63347.03653946787,61359.34446053214,0.03187795304453145,435.41357142857095,0.9999999999957723,0.006309898792218771,0.0033463487933647063,0.003270956747701451,0
2026-07-08 20:00:00+00:00,62228.29,62264.11,62024.04,62059.48,2110,62102.16599999999,62000.766,62277.386,63041.723600000005,62142.27438709637,62444.15633942245,-301.8819523260827,-331.16418690289925,29.282234576816563,39.88341702640004,62277.386,63094.16336896754,61460.60863103246,0.026230303531607373,432.45785714285637,0.8812853497511545,0.006887649476855495,-0.0010395328315631058,0.0033422201654700967,0
2026-07-08 21:00:00+00:00,62059.55,62205.0,61897.79,62139.7,3038,62120.428,61989.835,62234.80399999999,63010.530600000006,62141.87832754308,62421.60401798375,-279.7256904406677,-320.87648761045295,41.15079716978528,36.68836691459579,62234.80399999999,62980.57207749117,61489.03592250881,0.023966270625394075,428.67999999999927,0.7462060166876285,0.0014715933805855563,-0.001756011862678708,0.0032992521310631143,0
2026-07-08 22:00:00+00:00,62141.01,62308.55,62118.68,62276.74,2023,62163.344,62027.295,62201.4825,62980.4124,62162.62627715184,62410.87334998495,-248.24707283311,-306.3506046549844,58.10353182187441,58.42186516624258,62201.4825,62869.48461338591,61533.48038661409,0.021478655702005554,363.21571428571406,0.9999999999974608,0.0034575013180333514,0.006051487072983308,0.002756548458547297,0
2026-07-08 23:00:00+00:00,62273.23,62305.91,62115.2,62240.87,1890,62187.03400000001,62063.13500000001,62177.1915,62936.247599999995,62174.66377297463,62398.28050924532,-223.61673627069104,-289.80383097812575,66.18709470743471,56.22415622090889,62177.1915,62798.47790993349,61555.90509006651,0.019984383177985485,345.346428571429,0.9441973748941191,0.001906719023502479,0.00579162402534994,0.0027673609739791135,1
2026-07-09 00:00:00+00:00,62239.47,62267.43,61999.13,62078.22,2715,62159.002,62088.132000000005,62143.81800000001,62893.729799999994,62159.82626944008,62374.572323375294,-214.7460539352178,-274.7922755695442,60.0462216343264,48.79184017711252,62143.81800000001,62705.35982828,61582.27617172001,0.018072331129702864,343.00142857142936,0.7554814183421257,-0.002252710533446778,0.0040429738832976625,0.002919340752712974,1
2026-07-09 01:00:00+00:00,62082.62,62600.7,61775.4,61852.9,5184,62117.686,62109.926,62106.684499999996,62850.7254,62112.60684337238,62335.9299290512,-223.32308567882137,-264.49843759139964,41.175351912578265,40.08470715455043,62106.684499999996,62639.95431323039,61573.4146867696,0.0171727026655365,376.6292857142861,0.5343962374246934,-0.00332874203908895,0.00353598022940238,0.0029905123101211743,1
2026-07-09 02:00:00+00:00,61859.7,62075.48,61634.82,61728.13,3713,62035.371999999996,62077.9,62062.55700000001,62802.22440000001,62053.456559776634,62290.907712084445,-237.45115230781084,-259.08898053468187,21.637828226871022,45.09933140697423,62062.55700000001,62565.41967151458,61559.694328485435,0.01620502589071774,373.8457142857151,0.6617239246447325,-0.006623302011435572,-0.005161455438247531,0.002059725324558437,1
2026-07-09 03:00:00+00:00,61731.75,62017.59,61663.57,61913.93,3033,61962.81,62063.077000000005,62016.8345,62764.40340000001,62031.99093519561,62262.98343711523,-230.99250191962346,-253.4696848116702,22.477182892046727,50.81019830028327,62016.8345,62370.73927252865,61662.929727471346,0.011413184029205842,365.4550000000007,0.8067300979776724,-0.005825770584651613,-0.002388411876093288,0.002340221088016259,1
2026-07-09 04:00:00+00:00,61917.74,62408.86,61902.68,62391.68,2578,61992.971999999994,62090.003000000004,62038.238,62746.517,62087.327714396284,62272.51651584744,-185.1888014511569,-239.81350813956755,54.62470668841064,61.91168822382808,62038.238,62428.49969312214,61647.976306877856,0.012581327442669854,367.3821428571438,0.9999999999974881,0.0024230059766194856,0.004334344991711481,0.003440468999648471,1
2026-07-09 05:00:00+00:00,62390.97,62577.64,62177.46,62536.91,3092,62084.71,62121.85599999999,62064.54,62734.3108,62156.49421987377,62292.10121837726,-135.60699850349192,-218.97220621235246,83.36520770886054,69.46399823907964,62064.54,62513.52335460722,61615.55664539278,0.014468273014098506,367.65571428571536,0.9999999999971803,0.007388903869988583,0.005119548274963304,0.00347717204678686,1
2026-07-09 06:00:00+00:00,62536.74,62933.64,62425.59,62899.16,3182,62293.962,62205.824,62103.295,62731.327600000004,62270.750493739346,62337.068535534505,-66.31804179515893,-188.44137332891376,122.12333153375482,68.77424651004742,62103.295,62687.389920889655,61519.20007911034,0.01881043255078998,370.10142857143,0.9789553487985793,0.01691529418992488,0.013530245499962401,0.0036555074360352102,0
2026-07-09 07:00:00+00:00,62899.81,63236.56,62739.75,62950.68,3820,62538.471999999994,62286.922000000006,62138.37849999999,62729.015400000004,62375.355033164065,62382.52123660603,-7.166203441964171,-152.18633935152386,145.02013590955968,69.2859685527493,62138.37849999999,62833.13390587252,61443.62309412746,0.022361555696936288,377.7535714285727,0.9945682301381998,0.019805395044366403,0.013050915920096218,0.0036594106231687667,0
2026-07-09 08:00:00+00:00,62948.8,63051.43,62786.34,62837.74,2441,62723.23400000001,62343.02200000001,62185.1585,62720.1244,62446.49118190806,62416.24114500559,30.250036902471038,-115.69906410072487,145.9491010031959,65.17939750957045,62185.1585,62936.61807796505,61433.69892203494,0.02416845421291498,373.6428571428582,0.8692748070303236,0.014920874833821651,0.009008178655465882,0.003766870810356743,1
2026-07-09 09:00:00+00:00,62838.04,62955.1,62723.14,62901.95,2203,62825.288,62409.130000000005,62236.13250000001,62717.511399999996,62516.56176930682,62452.21957870887,64.3421905979485,-79.69081316099019,144.0330037589387,64.7037819373879,62236.13250000001,63037.77389051249,61434.49110948752,0.025761285552648578,373.1721428571436,0.8547635511685393,0.008178494312061968,0.01062131682927947,0.0037308549151955305,1
2026-07-09 10:00:00+00:00,62894.34,63001.5,62621.12,62728.52,2258,62863.61,62474.159999999996,62281.14599999999,62711.09,62549.170727875004,62472.68627658229,76.48445129271568,-48.45576027024901,124.94021156296469,64.30183839247528,62281.14599999999,63087.44232503366,61474.849674966325,0.02589214800362437,383.1942857142863,0.8425000636728418,0.003063950553361172,0.010475493659450885,0.003746855914559022,1
2026-07-09 11:00:00+00:00,62726.33,62776.18,62549.46,62722.28,2612,62828.234,62561.098,62335.512,62701.5216,62575.80292358655,62491.17470053916,84.62822304738802,-21.8389636067216,106.46718665410961,62.86037209384466,62335.512,63104.101959548396,61566.92204045161,0.024659778507903917,377.44500000000073,0.7752285401879593,-0.002812120225452963,0.014055606123560827,0.0034080641032605604,0
2026-07-09 12:00:00+00:00,62721.8,62907.49,62395.02,62557.4,5170,62749.578,62644.025,62360.9625,62688.0576,62572.97170457323,62496.080278277,76.8914262962353,-2.092885626130215,78.9843119223655,56.1203038999329,62360.9625,63123.204439871195,61598.72056012881,0.02444612492538721,400.48785714285776,0.5458129230957531,-0.006247430528153131,0.01343423168659097,0.0034809400436780144,1
2026-07-09 13:00:00+00:00,62559.2,63192.95,62455.06,62970.4,7035,62776.11,62749.672,62406.3745,62680.5692,62634.114519254275,62531.2150724787,102.89944677557651,18.905580854211134,83.99386592136537,63.66166165416345,62406.3745,63201.18620471719,61611.56279528281,0.02547213200847586,439.572142857143,0.8025024985013379,0.002111151674137224,0.01706352673784406,0.0038392074950298863,1
2026-07-09 14:00:00+00:00,62975.18,63091.28,62602.12,62948.68,6907,62785.45599999999,62805.371999999996,62447.6875,62671.118200000004,62682.50920859977,62562.13840044324,120.37080815652735,39.198626314674385,81.17218184185296,67.20916071583903,62447.6875,63265.90464222138,61629.47035777862,0.02620488203734941,455.3478571428568,0.9232507851586553,0.0007429022470686331,0.008927472380932944,0.0032342344516317115,1
2026-07-09 15:00:00+00:00,62951.08,63209.14,62756.44,62809.7,4414,62801.691999999995,62832.651,62477.253500000006,62667.309799999995,62702.077022661346,62580.4762967067,121.6007259546459,55.6790462426687,65.92167971197719,69.58472522433992,62477.253500000006,63303.279469981506,61651.22753001851,0.026442454612109336,428.7335714285712,0.999999999995916,0.0012941481801260757,0.004362063939519878,0.003327495539075439,1
2026-07-09 16:00:00+00:00,62808.65,62945.84,62495.15,62640.0,3352,62785.236,62806.735,62506.279500000004,62650.178,62692.52671148268,62584.88545991361,107.64125156906812,66.07148730794859,41.56976426111953,68.3279400237172,62506.279500000004,63311.01761916653,61701.54138083348,0.025749032756509728,429.4499999999992,0.9330590216307584,-0.001311814557761637,-0.004120245802964662,0.002860865020483985,1
2026-07-09 17:00:00+00:00,62643.7,63118.87,62603.11,63091.48,2774,62892.052,62820.81499999999,62553.868500000004,62634.1962,62753.90414048534,62622.41098140149,131.49315908385324,79.15582166312953,52.33733742072371,71.38410579189568,62553.868500000004,63379.6250818274,61728.11191817261,0.026401455309750962,441.00285714285667,0.9999999999934486,0.008537439215824172,0.0022366716292818722,0.0037429133284252883,1
2026-07-09 18:00:00+00:00,63090.2,63459.61,63011.19,63166.19,5132,62931.21,62853.659999999996,62598.341,62618.7442,62817.33273425683,62662.69090870509,154.64182555174193,94.25302244085202,60.38880311088991,66.47690285028659,62598.341,63456.427307494894,61740.25469250511,0.027415624560877542,436.87714285714225,0.6785071650949004,0.003109238626402222,0.0052269543748708625,0.0036819776345042754,1
2026-07-09 19:00:00+00:00,63170.26,63330.68,63099.7,63197.69,4582,62981.012,62883.234,62646.18199999999,62599.90640000001,62875.849236678856,62702.320471023224,173.52876565563201,110.10817108380803,63.42059457182398,64.7722395106771,62646.18199999999,63526.74892385777,61765.61507614222,0.028112389159095946,424.7914285714282,0.5668270377148453,0.0039557620588708264,0.0047016030504618556,0.0036778886087148114,0
2026-07-09 20:00:00+00:00,63200.11,63275.3,63118.21,63260.53,4002,63071.178,62936.435,62705.2975,62592.359599999996,62935.03089257442,62743.66932502151,191.36156755290722,126.35885037762787,65.00271717527934,59.32736236223308,62705.2975,63584.06347626788,61826.53152373212,0.028028444527127275,399.7228571428568,0.21010875828831754,0.00717771299655956,0.008481150200897458,0.003498500554358142,1
2026-07-09 21:00:00+00:00,63261.14,63349.02,63147.29,63226.52,3814,63188.482,62986.859,62773.978500000005,62581.207599999994,62979.87537063989,62779.43604168659,200.43932895330363,141.17494609276307,59.264382860540564,57.184680460919665,62773.978500000005,63584.28586159985,61963.67113840016,0.02581666419629094,378.64571428571384,0.06973207386426082,0.009363346104725334,0.008039248573234126,0.0035144254558975778,1
2026-07-09 22:00:00+00:00,63226.57,63380.01,63158.13,63163.21,4059,63202.828,63047.43999999999,62845.7325,62571.4028,63008.08069823376,62807.8637423024,200.21695593136246,152.98334806048297,47.233607870879496,58.7023598804285,62845.7325,63506.44502472635,62185.019975273644,0.021026488146235034,375.5592857142853,0.16916204748688987,0.0011369205477504973,0.009684066153644366,0.0033724866090280824,1
2026-07-09 23:00:00+00:00,63163.34,63281.52,63008.0,63173.35,4277,63204.259999999995,63067.73500000001,62908.7035,62566.9914,63033.50674465933,62834.93679842814,198.56994623118953,162.1006676946243,36.46927853656524,57.47271385618473,62908.7035,63418.26271758007,62399.14428241993,0.01619995928163009,378.5278571428566,0.08860243115151345,0.00011335177885496428,0.0032229428429864093,0.0027313309415321844,1
2026-07-10 00:00:00+00:00,63173.71,63217.0,62866.06,63057.18,4964,63176.157999999996,63078.585,62941.978500000005,62558.00720000001,63037.14878394251,62851.399257803845,185.7495261386648,166.8304393834324,18.9190867552324,59.34393977301171,62941.978500000005,63392.925524791375,62491.031475208634,0.014328975209807568,376.4249999999998,0.21119481868767653,-0.002223340758182757,0.001723626293672842,0.0028117322089441306,1
2026-07-10 01:00:00+00:00,63057.1,63910.1,62905.26,63707.68,6106,63265.588,63168.38300000001,63000.51699999999,62565.8542,63140.30743256674,62914.82746092949,225.47997163725086,178.5603458341961,46.91962580305474,70.50404920638891,63000.51699999999,63527.59653435869,62473.4374656413,0.01673254631731655,432.0049999999995,0.9423435529476836,0.007068388456435759,0.014296836316683548,0.004117861800060919,1
2026-07-10 02:00:00+00:00,63706.89,64007.16,63639.33,63915.26,5112,63403.335999999996,63295.90900000001,63051.322,62572.64800000001,63259.53090447955,62988.933574934716,270.5973295448348,196.96774257632387,73.62958696851092,77.7608315205836,63051.322,63715.35584867973,62387.288151320274,0.021063280756578786,421.67357142857094,0.9999999999951401,0.010893213796995482,0.02035855683269472,0.003878022719776938,1
2026-07-10 03:00:00+00:00,63913.95,63999.65,63772.52,63898.61,4158,63550.416000000005,63376.62200000001,63098.7185,62590.793399999995,63357.85076532885,63056.31701382843,301.5337515004139,217.88094436114193,83.652807139272,72.64711192656966,63098.7185,63860.61490150144,62336.82209849857,0.024149346281935512,385.19071428571414,0.7514734617149239,0.011642853490188454,0.012793011037306457,0.0034661364745727824,1
2026-07-10 04:00:00+00:00,63898.63,64148.99,63808.0,64009.3,4296,63717.60600000001,63460.933,63157.29650000001,62612.115999999995,63458.07372450902,63126.90834613745,331.16537837157375,240.53783116322828,90.62754720834548,74.80100642578549,63157.29650000001,64009.50482027573,62305.08817972429,0.026986852430446264,374.60714285714283,0.8561526358208967,0.013232636863487635,0.013347488585270018,0.0034688314119008046,1
2026-07-10 05:00:00+00:00,64009.29,64165.1,63890.72,64070.73,4187,63920.316000000006,63548.23700000001,63215.735499999995,62638.99679999999,63552.328536123016,63196.82106123838,355.5074748846382,263.53175990751026,91.97571497712795,80.59697871122106,63215.735499999995,64150.512359372726,62280.958640627265,0.029574182819489005,361.87,0.9999999999957289,0.016073506617327427,0.013814428976755444,0.0034595742808112375,1
2026-07-10 06:00:00+00:00,64072.26,64122.03,63782.69,63819.26,3910,63942.632000000005,63604.11,63270.27250000001,62660.4682,63593.394915181016,63242.92764929479,350.4672658862255,280.91886110325333,69.54840478297217,77.52091034688772,63270.27250000001,64212.60601243983,62327.938987560185,0.0297875597877288,353.9164285714287,0.8686131394904557,0.001751437189362548,0.008832205484209599,0.003848147947434179,1
2026-07-10 07:00:00+00:00,63818.59,63965.17,63745.85,63937.75,3636,63947.130000000005,63675.23299999999,63331.04600000001,62687.311799999996,63646.37262053779,63294.39597156925,351.9766489685426,295.1304186763112,56.84623029223138,73.38421323135242,63331.04600000001,64281.31756208098,62380.77443791904,0.030009659467205657,332.7421428571428,0.6919240732872102,0.0003518721507196343,0.011248918966281884,0.0038241144321730716,1
2026-07-10 08:00:00+00:00,63937.76,64366.48,63924.44,64194.63,4667,64006.333999999995,63778.375,63412.907499999994,62718.9908,63730.719909685824,63361.07997367523,369.6399360105934,310.0323221431677,59.6076138674257,75.81866382816337,63412.907499999994,64364.642678355725,62461.17232164426,0.030017080618980656,332.2864285714287,0.7959057743049311,0.004632651633580176,0.016329442408009376,0.0038432327099968532,1
2026-07-10 09:00:00+00:00,64194.86,64449.29,64053.71,64342.04,4464,64072.882000000005,63895.24399999999,63481.4895,62749.264,63824.76915434954,63433.74367932892,391.025475020615,326.23095271865714,64.79452230195784,77.14856446049238,63481.4895,64494.66104849088,62468.317951509125,0.03192021978283538,344.04357142857145,0.8527092806546853,0.005198307120996448,0.018499731294921107,0.0038118571465770314,0
2026-07-10 10:00:00+00:00,64340.39,64466.37,64227.04,64357.89,4037,64130.314,64025.315,63551.95,62797.1496,63906.78774598808,63502.198962341594,404.5887836464826,341.9025189042223,62.686264742260335,76.62745440604101,63551.95,64604.35096607151,62499.54903392848,0.033119391806908094,349.91785714285703,0.8304513182420274,0.004481921776136932,0.02062746859279141,0.0036413913674653883,0
2026-07-10 11:00:00+00:00,64357.09,64440.5,64291.55,64382.09,4066,64242.87999999999,64092.755999999994,63630.5695,62844.574,63979.91116968223,63567.37607624221,412.5350934400194,356.02903381138174,56.50605962863767,78.17405169765506,63630.5695,64684.42746107637,62576.71153892363,0.033124266193354436,346.1478571428571,0.8952214468721665,0.008819124508808063,0.010586007840812872,0.002209270904823126,0
2026-07-10 12:00:00+00:00,64382.46,64575.44,64217.93,64241.52,4772,64303.634,64125.382,63710.6455,62886.923200000005,64020.15868203881,63617.31266318724,402.8460188515746,365.3924308194203,37.4535880321543,75.33587402433233,63710.6455,64688.206172360085,62733.08482763991,0.030687514298064576,355.83571428571406,0.7724855375966627,0.004751027366461935,0.00510457127139885,0.0022756613671577174,0
2026-07-10 13:00:00+00:00,64239.42,64660.15,64096.6,64435.38,6405,64351.784,64179.058999999994,63777.84049999999,62930.65059999999,64084.038884802074,63677.910243691884,406.1286411101901,373.53967287757433,32.58896823261574,77.29598788796363,63777.84049999999,64760.938604253686,62794.742395746296,0.03082883009353994,376.5521428571431,0.8446814672979651,0.0037503136944632143,0.00840033922490635,0.0023855400220612337,0
2026-07-10 14:00:00+00:00,64436.94,64480.05,63740.43,63873.98,8796,64258.172,64165.527,63813.23,62970.08739999999,64051.72213329406,63692.43392934433,359.2882039497272,370.68937909200497,-11.401175142277793,64.81331021625118,63813.23,64753.65175055935,62872.808249440655,0.029474193691789236,404.3150000000002,0.0,-0.007274559525933588,-0.002114067799522834,0.00381156133852297,1
2026-07-10 15:00:00+00:00,63873.97,64166.57,63842.58,63994.11,5676,64185.41599999999,64157.865000000005,63853.051,63012.3202,64042.8587281719,63714.78030494845,328.07842322345095,362.1671879182942,-34.088764694843235,56.43197506523373,63853.051,64750.1786878401,62955.923312159895,0.028099759488081598,355.6828571428575,0.0,-0.005652453801701651,-0.0011958658813471246,0.0038537285760255093,0
2026-07-10 16:00:00+00:00,63992.59,64181.53,63767.54,64089.99,5021,64126.996,64184.938,63894.524,63057.555,64050.10969306852,63742.573615693014,307.5360773755092,351.24096580973725,-43.70488843422805,54.13090864386657,63894.524,64752.13876802317,63036.909231976824,0.026844703249473256,358.9800000000001,0.0,-0.004536976044114072,0.004242136308067357,0.0036329530888825723,0
2026-07-10 17:00:00+00:00,64088.42,64117.6,63770.56,63776.81,4440,64034.054000000004,64168.844000000005,63922.0385,63100.392,64008.06358644259,63745.10964416019,262.95394228240184,333.5835611042702,-70.62961882186835,47.474538035364695,63922.0385,64722.844142580856,63121.23285741915,0.02505569788988671,367.5449999999998,0.0,-0.007233795215306205,-0.0025171358078757144,0.003950527979437657,1
2026-07-10 18:00:00+00:00,63782.83,63967.1,63690.7,63761.36,4142,63899.25,64125.51700000001,63951.945999999996,63134.651399999995,63970.109188528346,63746.3133742224,223.79581430594408,311.62601174460497,-87.83019743866089,44.6476988170278,63951.945999999996,64674.25715666811,63229.634843331885,0.02258918459394843,362.9314285714286,0.0,-0.010460402344178,-0.006749318439875696,0.0036587110144911793,1
2026-07-10 19:00:00+00:00,63761.72,64004.59,63724.63,63887.95,4186,63902.04400000001,64080.10799999999,63987.676,63171.167199999996,63957.469313370144,63756.804976131854,200.6643372382896,289.4336768433419,-88.76933960505232,46.16227701817433,63987.676,64611.85289501317,63363.499104986826,0.019509284725801688,363.3300000000002,0.04517575193862461,0.00021871190741507007,-0.0070574386513079235,0.003631915867386622,1
2026-07-10 20:00:00+00:00,63885.75,63886.47,63593.65,63788.93,3978,63861.007999999994,64023.212,64024.2635,63204.49739999999,63931.54018823628,63759.1846075295,172.35558070677507,266.01805761602856,-93.66247690925348,49.319622595797895,64024.2635,64482.518553241,63566.008446759,0.014315043334813288,360.11285714285725,0.1393507905673738,-0.0032062325735915387,-0.008840563293793458,0.003624210509028793,1
2026-07-10 21:00:00+00:00,63788.55,64060.7,63777.74,63966.06,3938,63836.221999999994,63981.609,64037.18250000001,63239.450999999994,63936.85092850762,63774.50871067546,162.34221783216344,245.28288965925552,-82.94067182709207,50.61878428886796,64037.18250000001,64471.81811734773,63602.54688265229,0.013574476589369555,364.6585714285715,0.17810125345523803,-0.0019336873043668268,-0.0064618902555042546,0.003792396163616218,1
2026-07-10 22:00:00+00:00,63971.68,64124.7,63930.36,64064.67,3754,63893.793999999994,63963.924,64044.653000000006,63279.554800000005,63956.515401044904,63796.00213951432,160.5132615305847,228.32896403352137,-67.81570250293666,46.948264201983754,64044.653000000006,64475.58537193552,63613.72062806449,0.013457247459378572,346.96571428571406,0.06861961374505607,0.0045135528101829525,-0.002752892521845629,0.003807041061532329,1
2026-07-10 23:00:00+00:00,64064.6,64170.86,63971.05,64118.65,3737,63965.252,63932.251000000004,64055.65499999999,63319.133799999996,63981.45918549954,63819.90198103178,161.55720446776104,214.9746121203693,-53.41740765260826,44.51359383058668,64055.65499999999,64482.10027919321,63629.20972080677,0.013314836268342583,332.9821428571423,0.0,0.005603550488885389,-0.004915467247962213,0.0036575943939843375,0
2026-07-11 00:00:00+00:00,64119.88,64125.11,63986.84,64077.13,3597,64003.088,63952.566000000006,64059.0465,63355.1416,63996.17777234576,63838.95590836276,157.22186398300255,203.42406249289596,-46.20219850989341,43.19046140711697,64059.0465,64485.0181646987,63633.0748353013,0.013299344525794649,325.7635714285711,0.0,0.0029611217764853315,0.0031804813164921786,0.002267062148584752,1
2026-07-11 01:00:00+00:00,64078.56,64276.16,63958.56,63970.33,4009,64039.368,63950.188,64054.0265,63389.7308,63992.20119198488,63848.68732255811,143.51386942677345,191.44202387967147,-47.92815445289801,40.39792548924504,64054.0265,64481.781086809664,63626.271913190336,0.013356056135195936,337.8100000000003,0.0,0.002843753610540345,-0.0003715966985086139,0.0022732328613675893,1
2026-07-11 02:00:00+00:00,63978.03,64126.58,63937.62,64114.09,3594,64068.974,63952.598,64068.768,63430.448200000006,64010.9533162949,63868.34678014639,142.6065361485089,181.67492633343898,-39.06839018493008,47.032799176644225,64068.768,64482.54966480566,63654.986335194335,0.012916797925805641,325.77071428571435,0.1798163170652457,0.0023141959970647275,0.0003760337612783715,0.0023407003215980666,0
2026-07-11 03:00:00+00:00,64109.18,64157.63,64024.23,64108.67,3614,64077.774,63985.784,64077.31399999999,63475.563599999994,64025.986652249536,63886.148500135554,139.83815211398178,173.30757148954754,-33.469419375565764,41.660753393538016,64077.31399999999,64486.739344412425,63667.88865558756,0.012779104455359454,295.0457142857137,0.051722629743817854,0.0006868060039957324,0.005203458749347911,0.0015898210052132532,1
2026-07-11 04:00:00+00:00,64109.51,64172.76,64034.1,64108.12,3392,64075.668000000005,64020.46,64072.9885,63523.1634,64038.62255190345,63902.59083345885,136.03171844459575,165.85240088055718,-29.82068243596143,58.37398606600777,64072.9885,64479.00899516571,63666.96800483429,0.012673686827194176,252.1199999999995,0.9999999999944371,-0.00016422678892957787,0.0054384034468524245,0.0015790489787103955,1
2026-07-11 05:00:00+00:00,64108.07,64181.01,64069.97,64120.75,3403,64084.39200000001,64043.740000000005,64061.924,63567.29979999999,64051.2575439183,63918.75077172116,132.50677219713543,159.18327514387283,-26.6765029467374,54.90654929795748,64061.924,64448.676753842985,63675.17124615701,0.012074340878147394,236.90928571428543,0.8071080839250577,0.0006807420994043856,0.0036438796361442094,0.001496747691128533,1
2026-07-11 06:00:00+00:00,64120.76,64232.4,64064.62,64169.75,3465,64124.276,64081.822,64052.51700000001,63602.8612,64069.48715254625,63937.343307149225,132.14384539702587,153.77538919450345,-21.631543797477576,53.206715769837075,64052.51700000001,64417.49855108801,63687.53544891201,0.011396321899044179,219.32285714285692,0.7125471248733125,0.003117382699135751,0.005970001377981982,0.0013383328759034691,0
2026-07-11 07:00:00+00:00,64169.27,64206.7,64096.58,64108.43,3351,64123.14400000001,64096.05900000001,64038.833999999995,63634.291600000004,64075.47835984683,63950.016395508545,125.461964338283,148.11270422325936,-22.65073988497636,66.71842545725919,64038.833999999995,64370.81947573631,63706.84852426368,0.010368254854119102,202.39999999999938,0.9999999999962007,-8.828012688000264e-05,0.0022257115726684873,0.00117284855902026,1
2026-07-11 08:00:00+00:00,64106.49,64267.0,64096.66,64219.31,3318,64145.272,64111.523,64037.7235,63660.6946,64097.60630448578,63969.96406991531,127.64223457047046,144.0186102927016,-16.37637572223113,71.06078862409316,64037.7235,64366.99174746601,63708.45525253399,0.010283571291100331,194.82428571428474,0.9999999999967388,0.0017258196122302838,0.002413810919497328,0.0011975758968252878,0
2026-07-11 09:00:00+00:00,64210.78,64250.77,64095.96,64111.93,3375,64146.034,64110.851,64021.551,63683.9196,64099.80994994951,63980.4800647364,119.32988521310472,139.08086527678222,-19.750980063677503,60.48595505618014,64021.551,64295.74970504295,63747.35229495705,0.008565825124822499,185.8849999999989,0.6551256964663449,5.9430849009389775e-05,-0.0001048057000576641,0.0013155970663355848,1
2026-07-11 10:00:00+00:00,64114.22,64151.89,64077.58,64132.13,3366,64148.31,64116.351,64034.45849999999,63709.80739999999,64104.78226534189,63991.71339327444,113.0688720674516,133.8784666349161,-20.8095945674645,67.34770213712392,64034.45849999999,64303.66664128979,63765.2503587102,0.00840822730748311,170.17142857142764,0.8789060737502612,0.00017747764959086254,0.0008583405655029352,0.0012988510817143325,0
2026-07-11 11:00:00+00:00,64132.26,64165.36,64113.6,64140.66,3336,64142.492000000006,64133.384,64041.786,63734.581600000005,64110.30191682776,64002.74647525411,107.55544157364784,128.61386162266245,-21.058420049014615,60.63881644690393,64041.786,64314.327169415155,63769.244830584845,0.008511354427721779,153.65714285714213,0.6601109253424301,-0.00045332886601545663,0.002662640633556146,0.0011444217367228462,0
2026-07-11 12:00:00+00:00,64140.66,64185.07,64076.74,64135.74,3236,64147.954000000005,64135.549,64044.0735,63762.726,64114.21546808503,64012.59784745751,101.6176206275195,123.21461342363386,-21.596992796114364,54.888635144244695,64044.0735,64319.075068703416,63769.07193129658,0.008587884988403101,147.51357142857108,0.4725817543921334,0.000425997017864832,0.00033767928391403856,0.0009093116404008056,1
2026-07-11 13:00:00+00:00,64135.34,64222.75,64114.6,64193.21,3349,64142.73400000001,64144.003000000004,64064.89349999999,63792.1446,64126.36847299503,64025.97652542362,100.39194757141377,118.65008025318984,-18.258132681776075,55.104192338234796,64064.89349999999,64316.777064349364,63813.00993565062,0.007863388217429037,140.96642857142848,0.4796116652338388,-0.00040641981360434176,0.0013186983913409112,0.0009471780572745034,1
2026-07-11 14:00:00+00:00,64193.46,64472.08,64185.83,64300.17,3901,64180.382,64163.208,64091.83400000001,63827.0,64153.10716945733,64046.28715317002,106.82001628731086,116.28406746001406,-9.464051172703194,64.01321906963918,64091.83400000001,64321.28274555491,63862.38525444511,0.0071599993707436235,151.5364285714282,0.7701594425955126,0.0029361150101081535,0.0029957203549253464,0.0010607772197688365,0
2026-07-11 15:00:00+00:00,64300.22,64443.37,63767.08,64122.25,5363,64178.405999999995,64163.35799999999,64103.549,63850.037000000004,64148.35991261774,64051.914030712986,96.4458819047577,112.31643034896278,-15.870548444205085,58.761852031282466,64103.549,64312.145097038934,63894.952902961064,0.00650809823459026,177.15714285714213,0.5816693246650702,-0.00015405694462355957,2.3393363302925962e-05,0.001439242829305121,1
2026-07-11 16:00:00+00:00,64123.07,64228.31,64038.34,64130.3,4231,64176.33400000001,64159.413,64120.61750000001,63873.66939999999,64145.58146452271,64057.72039880832,87.86106571438722,107.42535742204767,-19.564291707660445,51.10840638376478,64120.61750000001,64267.57786169442,63973.65713830559,0.004583872315154015,177.22928571428514,0.3213483560854983,-0.0001615200093045832,-0.0006147756536373228,0.0014157038650584263,1
2026-07-11 17:00:00+00:00,64131.3,64361.85,64111.81,64270.48,3732,64203.28199999999,64175.617999999995,64135.8385,63902.885,64164.79662382691,64073.48036926696,91.31625455994799,104.20353684962774,-12.887282289679746,59.342486633795154,64135.8385,64278.3901149178,63993.2868850822,0.004445302914931101,185.56071428571417,0.41268657300210115,0.0021008567142126733,0.0025277486907728797,0.0015382753688988646,0
2026-07-11 18:00:00+00:00,64268.88,64355.34,64233.95,64280.58,3626,64220.75600000001,64181.74500000001,64146.634,63935.6966,64182.60945093046,64088.82108265459,93.78836827586929,102.12050313487606,-8.332134859006771,59.84877903922145,64146.634,64298.86572355912,63994.40227644087,0.004746366693508045,184.32714285714246,0.43806160839012726,0.0013610473755714114,0.00095407440534645,0.0014483721815537797,0
2026-07-11 19:00:00+00:00,64280.78,64297.15,64181.74,64238.45,3499,64208.412,64194.397,64152.623999999996,63958.636000000006,64191.20030463347,64099.90470616166,91.29559847181372,99.95552220226361,-8.65992373044989,56.50247502872779,64152.623999999996,64309.57409966259,63995.6739003374,0.004893021980288565,184.6392857142855,0.2703470984047865,-0.0009598730454367654,0.0019734236670148064,0.0013422427345333523,0
2026-07-11 20:00:00+00:00,64238.61,64420.52,64234.34,64329.53,3379,64249.868,64214.137,64165.24399999999,63981.9028,64212.48179622832,64116.913987186716,95.56780904160405,99.0779795701317,-3.5101705285276523,58.43504518962735,64165.24399999999,64336.56667879154,63993.92132120844,0.005340046047095161,185.95357142857134,0.367206217161228,0.003232575276132632,0.0030780203308389265,0.001397111585350902,0
2026-07-11 21:00:00+00:00,64329.79,64390.51,64290.95,64304.67,3307,64284.742000000006,64230.538,64181.960999999996,64004.04239999999,64226.66459680857,64130.82183998771,95.84275682086445,98.43093502027827,-2.588178199413818,60.77460303516107,64181.960999999996,64337.746558802704,64026.17544119729,0.004854496695814847,185.1992857142863,0.4844632853820445,0.002718995545007541,0.002557036363517229,0.0014139072698277635,0
2026-07-11 22:00:00+00:00,64307.59,64384.9,64090.01,64159.09,3912,64262.464,64232.87300000001,64184.210999999996,64022.013600000006,64216.268504991865,64132.91577776639,83.35272722547234,95.41529346131709,-12.062566235844756,46.814969958534306,64184.210999999996,64337.1428916687,64031.27910833129,0.004765405363281769,194.09571428571508,0.0,-0.0017331440499589457,0.00036407157693973957,0.0016246171226118138,1
2026-07-11 23:00:00+00:00,64159.63,64207.45,63771.22,63774.43,4898,64161.234,64190.994999999995,64167.498999999996,64032.9718,64148.29335037773,64106.36127570963,41.93207466810418,84.71864970267451,-42.78657503457033,36.19789962703673,64167.498999999996,64404.90692474445,63930.09107525554,0.007399631540710457,214.19714285714352,0.0,-0.007874073320433661,-0.006523742931690113,0.0024645321413800042,1
2026-07-12 00:00:00+00:00,63774.45,63876.77,63645.48,63789.68,4958,64071.479999999996,64139.94600000001,64151.577000000005,64045.5012,64093.122065704236,64082.903403434844,10.218662269391643,69.81865221601794,-59.599989946626295,35.938539365520285,64151.577000000005,64442.44615575817,63860.70784424184,0.009068184115198365,225.41000000000037,0.0,-0.0069860029312661664,-0.00793917030079394,0.0023542591991153033,1
2026-07-12 01:00:00+00:00,63788.66,64131.87,63764.84,64081.1,4221,64021.793999999994,64135.831000000006,64149.59449999999,64063.6562,64091.272517134355,64082.76981799523,8.502699139127799,57.55546160063991,-49.05276246151211,48.01543403217407,64149.59449999999,64441.88534645964,63857.303653540344,0.00911278859166125,247.92928571428638,0.43017034544614746,-0.0038618345260722498,-0.0006417429207490333,0.0027762664919786426,0
2026-07-12 02:00:00+00:00,64082.49,64096.02,63984.66,64031.16,3834,63967.092000000004,64125.917,64142.665,64083.13579999999,64082.02443757523,64078.946868514104,3.077569061126269,46.65988309273718,-43.58231403161091,46.61684782608713,64142.665,64439.480142575296,63845.849857424706,0.009254842859282348,248.14571428571435,0.3803537056546428,-0.004253345830092847,-0.0015459151134487037,0.0027842557563717905,0
2026-07-12 03:00:00+00:00,64030.55,64205.24,63982.14,64183.19,3743,63971.912,64117.188,64146.403000000006,64092.64600000001,64097.588370255966,64086.6685819575,10.919788298466301,39.51186413388301,-28.592075835416708,49.69454199590293,64146.403000000006,64443.28579615983,63849.520203840184,0.009256412901587692,256.3564285714284,0.4899789694952594,0.0003756287690490634,-0.0013581662996760002,0.002802410218163288,0
2026-07-12 04:00:00+00:00,64186.18,64227.39,63892.2,63961.51,3679,64009.328,64085.280999999995,64133.513,64093.570999999996,64076.65323637043,64077.39757588657,-0.7443395161390072,31.460623403878607,-32.204962920017614,40.35090718453693,64133.513,64439.31963770788,63827.70636229212,0.009536562817255291,259.8521428571429,0.1776597079831329,0.0029334640858413863,-0.004963707545887153,0.0029874951110132157,0
2026-07-12 05:00:00+00:00,63962.86,63988.95,63857.84,63925.93,3579,64036.578,64054.029,64124.213,64094.1174,64053.46504615959,64066.17775545054,-12.712709290950443,22.625956864912798,-35.33866615586324,43.912709142098805,64124.213,64443.78644906986,63804.639550930144,0.009967325417930965,220.91071428571428,0.3210722070379419,0.0021359254349606616,-0.004864999077655141,0.002987062463712207,0
2026-07-12 06:00:00+00:00,63924.68,63925.6,63586.96,63708.55,4128,63962.06800000001,63991.931,64103.034,64088.1024,64000.40119290426,64039.686810602354,-39.28561769809312,10.243641952311613,-49.52925965040473,38.42535416906802,64103.034,64472.62728977573,63733.44071022427,0.011531226112502888,231.55357142857142,0.1001291845848168,-0.00581372666823754,-0.009653109543937277,0.0030345150339193784,1
2026-07-12 07:00:00+00:00,63707.02,63862.41,63690.55,63835.77,3434,63922.990000000005,63945.041000000005,64087.7895,64083.4032,63975.073317072834,64024.58186166885,-49.50854459601396,-1.7067953573535055,-47.801749238660456,37.98420043009301,64087.7895,64475.553028995215,63700.02597100478,0.012101011191694041,225.9692857142857,0.08236655742935117,-0.003051483059185678,-0.007291849876533085,0.003175365094347366,1
2026-07-12 08:00:00+00:00,63835.82,64069.01,63830.12,63942.24,3817,63874.8,63923.35599999999,64078.1145,64085.8628,63970.022037523166,64018.4824645082,-48.46042698503152,-11.057521682889112,-37.40290530214241,41.120990090695194,64078.1145,64470.469314579976,63685.75968542003,0.012246141062092965,234.36214285714283,0.20866634882600135,-0.00375409823039341,-0.0033798796086416116,0.0032071847626365993,1
2026-07-12 09:00:00+00:00,63939.1,64005.08,63713.75,63917.07,3832,63865.912,63937.62000000001,64064.30750000001,64085.4492,63961.87557021191,64010.970430100184,-49.094859888275096,-18.664989323966314,-30.429870564308782,41.4903194373835,64064.30750000001,64459.036352803625,63669.578647196395,0.012322894547907666,246.927857142857,0.22353703653237403,-0.0006947928527641922,0.0022366330831964376,0.0025251373506159354,1
2026-07-12 10:00:00+00:00,63917.07,63920.64,63789.29,63823.28,3551,63845.382000000005,63940.979999999996,64040.463,64078.0222,63940.553174794695,63997.06743527795,-56.51426048325811,-26.23484355582468,-30.279416927433434,36.61443763451653,64040.463,64432.809128770146,63648.11687122986,0.012253069712195646,243.0114285714283,0.027214387834724723,-0.0016057646717068108,0.0005267309696490585,0.002581214919189251,1
2026-07-12 11:00:00+00:00,63823.88,63991.88,63775.42,63963.82,3603,63896.436,63929.252,64032.54149999999,64070.457800000004,63944.13268636474,63994.6046622944,-50.471975929656764,-31.082270030591097,-19.389705899065667,41.5072431990671,64032.54149999999,64424.33188043303,63640.75111956696,0.012237227236499258,251.3614285714279,0.4048199163037982,0.004006840526114663,-0.0018301808177449974,0.0022021604628100645,1
2026-07-12 12:00:00+00:00,63963.17,64097.75,63921.09,63983.91,3793,63926.064,63924.527,64025.221999999994,64062.97819999999,63950.25227307785,63993.81246508741,-43.560192009557795,-33.57785442638444,-9.982337583173354,45.34397890730499,64025.221999999994,64414.78596199755,63635.65803800244,0.012169078054818943,242.91642857142818,0.6837334794442897,0.0023206424861799135,-0.000737921974238831,0.002196287918821907,1
2026-07-12 13:00:00+00:00,63983.26,64063.39,63947.13,63974.07,3683,63932.43000000001,63903.615000000005,64010.40149999999,64054.817800000004,63953.91653875818,63992.350060266115,-38.43352150793362,-34.54898784269428,-3.8845336652393385,56.626394052044624,64010.40149999999,64382.85636577834,63637.94663422165,0.011637323217800635,220.06142857142862,0.9999999999951663,0.0004977930081899729,-0.0032581739860546577,0.002022046158954498,1
2026-07-12 14:00:00+00:00,63973.47,64260.67,63911.09,64152.52,3832,63979.52,63922.716,64003.9985,64053.037800000006,63984.47091741077,64004.2145002464,-19.74358283563197,-31.587906841281818,11.844324005649849,60.866075706756064,64003.9985,64360.97815634187,63647.01884365813,0.011154917339793116,228.5107142857149,0.9999999999958766,0.003683679492817671,0.002986327245870113,0.0019091344393778909,1
2026-07-12 15:00:00+00:00,64152.54,64222.83,64071.69,64133.65,3892,64041.594000000005,63943.488,63998.75850000001,64047.00320000001,64007.42154550142,64013.802315042965,-6.380769541545305,-26.546479381334517,20.165709839789212,51.88074872051835,63998.75850000001,64344.13597771917,63653.38102228085,0.010793255551016897,213.09000000000015,0.6294960794179909,0.004862959095803365,0.0032493856561806034,0.0018978393597982235,1
2026-07-12 16:00:00+00:00,64131.58,64170.97,63997.58,64124.89,3643,64073.808,63985.121999999996,63988.5265,64052.021400000005,64025.493615424275,64022.031032447194,3.4625829770811833,-20.54466690965138,24.007249886732563,53.456452314749804,63988.5265,64303.42401169791,63673.62898830209,0.009842311705612184,217.52071428571486,0.6944691583304888,0.002518142287311731,0.006535072607993797,0.001401486540238104,0
2026-07-12 17:00:00+00:00,64124.71,64140.04,63972.14,64038.29,3496,64084.683999999994,64005.373999999996,63975.2075,64052.905,64027.46228997438,64023.235400414065,4.2268895603119745,-15.590355615658709,19.817245175970683,44.38563590713237,63975.2075,64254.30147842578,63696.11352157421,0.008725066766709156,213.57785714285794,0.3204401389067143,0.0008499011704661275,0.003172515973411283,0.0014438127356758304,0
2026-07-12 18:00:00+00:00,64042.03,64115.3,63967.95,64104.03,3371,64110.676,64021.553,63972.45450000001,64053.1858,64039.24193767063,64029.22018556858,10.021752102053142,-10.467934072116337,20.489686174169478,56.281181137064685,63972.45450000001,64244.91879579297,63699.990204207046,0.008518175452935322,200.16071428571533,0.8109449532392318,0.002031448053875673,0.0025302523027030954,0.0013904359878330497,0
2026-07-12 19:00:00+00:00,64104.0,64241.69,64102.19,64192.75,3336,64118.721999999994,64049.121,63993.3705,64061.5046,64062.85856264438,64041.333505156086,21.525057488295715,-4.069335760033925,25.59439324832964,61.23320198039816,63993.3705,64266.053693039416,63720.68730696058,0.008522232565931756,200.76000000000099,0.9999999999959381,0.0006270992939949593,0.004313088819622113,0.001411959876032296,0
2026-07-12 20:00:00+00:00,64194.42,64219.35,64126.53,64158.04,3425,64123.6,64082.59700000001,64011.7885,64069.438200000004,64077.501860699085,64049.97843070008,27.523429999004293,2.2492173917737204,25.274212607230574,72.36335412997407,64011.7885,64276.177908916536,63747.39909108347,0.008260647456102036,183.17785714285804,0.9999999999972027,0.0003802995775228357,0.005245108054615866,0.001299424739617381,0
2026-07-12 21:00:00+00:00,64158.06,64195.41,63849.76,63885.03,3750,64075.628000000004,64074.71799999999,64001.98500000001,64069.379799999995,64047.89080520692,64037.760028426,10.130776780919405,3.8255292696028573,6.305247511316548,52.14032465501069,64001.98500000001,64270.06779117677,63733.902208823245,0.008377327396228814,195.59142857142953,0.43430370882495234,-0.0037405132390870843,-0.0012317900963388917,0.0018575089910433079,0
2026-07-12 22:00:00+00:00,63885.04,63894.1,63624.43,63844.74,5024,64036.918000000005,64060.801,63992.664000000004,64070.49600000001,64016.63683517508,64023.462248542586,-6.825413367507281,1.6953407421808293,-8.52075410968811,45.505172509174066,63992.664000000004,64269.30247107517,63716.02552892484,0.008645943262345393,197.79000000000087,0.2486994221422732,-0.0030224104984689637,-0.002175078078223147,0.0018569075879142816,0
2026-07-12 23:00:00+00:00,63841.89,63881.76,63680.98,63749.31,4189,63965.974,64038.325,63970.969999999994,64066.16100000001,63975.509629763525,64003.15467457647,-27.645044812947162,-4.172736368844771,-23.472308444102392,42.73665616016065,63970.969999999994,64252.70164812759,63689.238351872395,0.008808109307318596,191.32214285714352,0.17125605824738546,-0.005533505459797139,-0.0035132984348190677,0.0018998229883722955,0
2026-07-13 00:00:00+00:00,63748.42,64401.62,63530.52,64021.68,8522,63931.759999999995,64025.240999999995,63973.978500000005,64065.301199999994,63982.61276364606,64004.52692090414,-21.914157258084742,-7.721020546692768,-14.193136711391976,57.43951643143198,63973.978500000005,64256.568557727034,63691.388442272975,0.00883453130016072,244.16142857142975,0.5163409370671764,-0.0026649426921264707,-0.002039514581812174,0.0022054608580827292,0
2026-07-13 01:00:00+00:00,64021.05,64022.88,63350.93,63370.91,7334,63774.333999999995,63948.96699999999,63946.2275,64050.346399999995,63888.504646162044,63957.592334170506,-69.08768800846156,-19.994354039046527,-49.09333396941503,33.92021262170164,63946.2275,64336.989782231256,63555.465217768746,0.012221589842223456,276.69642857142964,0.0,-0.012268610450069772,-0.01189297661991795,0.0038482908694264075,0
2026-07-13 02:00:00+00:00,63372.29,63511.15,63189.23,63326.13,6316,63662.554000000004,63869.091,63927.10650000001,64035.3264,63801.98546982942,63910.817346454176,-108.83187662475393,-37.76185855618802,-71.07001806856591,32.39667298243347,63927.10650000001,64396.37694799107,63457.83605200895,0.014681423067100987,287.07214285714355,0.0,-0.008748528411116063,-0.012456317663858796,0.0038351687790996853,0
2026-07-13 03:00:00+00:00,63325.75,63347.14,62687.04,62766.06,6373,63446.81800000001,63741.868,63873.621,64011.240999999995,63642.61232062489,63826.020505976085,-183.40818535119615,-66.89112391518965,-116.5170614360065,25.02635855071381,63873.621,64573.770265765845,63173.471734234154,0.0219229551982295,325.91785714285754,0.0,-0.016895362092476218,-0.0198667078711815,0.004527480199023378,1
2026-07-13 04:00:00+00:00,62766.06,62861.68,62564.94,62636.87,4869,63224.33,63595.152,63808.3525,63981.6966,63487.88273283644,63737.93528331119,-250.0525504747493,-103.52340922710158,-146.52914124764771,18.014949500065512,63808.3525,64699.0219880132,62917.6830119868,0.027917018795092636,322.1435714285716,0.0,-0.01745022808874319,-0.022887172616136597,0.0044020539558697796,1
2026-07-13 05:00:00+00:00,62636.94,62863.75,62431.16,62755.34,5244,62971.062,63451.411,63750.26599999999,63954.63,63375.18385086161,63665.150447510365,-289.9665966487519,-140.81204671143166,-149.1545499373202,22.08666982595544,63750.26599999999,64755.27164553259,62745.260354467384,0.03152945732124804,342.2471428571428,0.07491885647075132,-0.01977986207172322,-0.022392092564970434,0.0044519246611987575,1
2026-07-13 06:00:00+00:00,62756.72,62833.37,62661.08,62755.46,4219,62847.971999999994,63311.15299999999,63696.875,63927.576799999995,63279.841719959826,63597.765969917,-317.9242499571774,-176.23448736058083,-141.68976259659655,22.169111520280254,63696.875,64794.71676855213,62599.03323144787,0.03447082038332735,342.16857142857145,0.07643576749851852,-0.00971186937350288,-0.021861328681487158,0.004478344447024819,1
2026-07-13 07:00:00+00:00,62755.82,63013.2,62699.18,62941.89,4193,62771.123999999996,63216.839,63645.7785,63903.9996,63227.84914765832,63549.18256473797,-321.3334170796443,-205.25427330439354,-116.07914377525074,28.586773954142373,63645.7785,64785.630224212066,62505.926775787935,0.03581861204548123,352.605714285714,0.19451949925756626,-0.006067637482347288,-0.014763082994560639,0.004687747769536606,0
2026-07-13 08:00:00+00:00,62942.33,63231.31,62877.43,63153.64,4331,62848.63999999999,63147.72900000001,63604.26499999999,63883.6774,63216.43235571089,63519.883115498116,-303.4507597872289,-224.89357060096063,-78.55718918626826,32.43992298908766,63604.26499999999,64752.709646686955,62455.82035331303,0.03611218985666962,367.35785714285623,0.2654166867863749,0.006174993300519516,-0.010824697539687622,0.004931691496222304,0
2026-07-13 09:00:00+00:00,63154.61,63158.14,63027.94,63038.15,3611,62928.89599999999,63076.613,63557.469000000005,63862.271799999995,63189.00430098614,63484.199181016775,-295.1948800306345,-238.9538324868954,-56.241047543739114,28.87576476098475,63557.469000000005,64718.66868805168,62396.26931194833,0.036540148823474214,366.69357142857035,0.19983687349899545,0.00640645038617027,-0.011155571723050706,0.004935965488226138,0
2026-07-13 10:00:00+00:00,63037.87,63095.2,62796.74,62811.43,3871,62940.114,62955.588,63490.4145,63834.114199999996,63130.91594698827,63434.36442686739,-303.44847987911635,-251.8527619653396,-51.59571791377675,26.98015993763866,63490.4145,64661.77356457671,62319.05543542329,0.03689876885515406,381.38214285714173,0.227401621257065,0.0008937884807891372,-0.0189037526038055,0.004598188084726468,0
2026-07-13 11:00:00+00:00,62811.43,63076.63,62811.43,62848.18,3924,62958.657999999996,62903.315,63426.14099999999,63808.8392,63087.418108990074,63390.94335821055,-303.5252492204745,-262.1872594163666,-41.337989804107906,30.717874902831568,63426.14099999999,64589.93528140285,62262.346718597124,0.036697622243890414,375.6357142857128,0.32220836882870857,0.0014774810032465169,-0.008248737472761558,0.0035984510581186535,0
2026-07-13 12:00:00+00:00,62848.07,62932.45,62499.48,62573.82,4662,62885.043999999994,62828.083999999995,63348.5875,63777.67300000001,63008.40301529929,63330.4157020468,-322.01268674750463,-274.1523448825942,-47.860341864910424,28.257775344715512,63348.5875,64522.99811406795,62174.17688593205,0.03707772060641291,387.29999999999825,0.25980820188730475,-0.005847774828496521,-0.011879930133106176,0.0037674459887374213,0
2026-07-13 13:00:00+00:00,62573.77,62718.4,62098.56,62253.89,7142,62705.094,62776.86699999999,63259.36750000001,63739.9376,62892.324089868634,63250.67305745074,-358.3489675821038,-290.99166942249616,-67.35729815960764,26.24205643111337,63259.36750000001,64483.24058333816,62035.49441666185,0.03869381347634106,417.2328571428557,0.20867970332684727,-0.01424700143966362,-0.008159983277586602,0.0030393194082135246,0
2026-07-13 14:00:00+00:00,62254.9,62739.71,62026.59,62722.94,8060,62642.052,62785.474,63190.313,63711.68159999999,62866.264999119616,63211.581719861795,-345.3167207421793,-301.8566796864328,-43.4600410557465,30.580343792241365,63190.313,64368.51765865952,62012.108341340485,0.037290673292266076,405.9485714285698,0.7900148646396168,-0.005000305370636671,0.0013741108072609087,0.00397352484025866,0
2026-07-13 15:00:00+00:00,62721.51,62917.91,62498.3,62546.91,4940,62589.148,62764.63100000001,63108.02099999999,63678.7556,62817.13346079353,63162.34677764981,-345.21331685627956,-310.5280071204022,-34.685309735877354,35.64029639543557,63108.02099999999,64219.43901792249,61996.6029820775,0.035222718136653126,387.92428571428434,0.9999999999943264,-0.004211335420957529,-0.003321310983256498,0.004021457013106465,0
2026-07-13 16:00:00+00:00,62549.97,62569.08,62136.91,62218.56,4971,62463.224,62710.941000000006,63011.047,63637.1234,62725.04523605606,63092.43664597204,-367.39140991598106,-321.900687679518,-45.49072223646306,32.434635599214644,63011.047,64074.10707027507,61947.986929724924,0.03374202210209503,395.79928571428434,0.8181221161017364,-0.010018110309638284,-0.00855543087406263,0.004306748820407142,0
2026-07-13 17:00:00+00:00,62218.94,62303.02,61825.91,61830.63,5047,62314.585999999996,62599.815,62908.32699999999,63591.291,62587.44289204743,62998.96948701115,-411.5265949637178,-339.825869136358,-71.7007258273598,34.30786728712964,62908.32699999999,64012.04983214227,61804.60416785771,0.0350898802997028,382.72857142856964,0.9244026732461997,-0.011877011823794748,-0.017655332561510306,0.004382395132508532,1
2026-07-13 18:00:00+00:00,61831.42,62037.89,61751.55,61952.68,4939,62254.344,62479.719,62813.724,63547.738600000004,62489.787062501666,62921.46656204737,-431.67949954570213,-358.19659521822683,-73.4829043274753,38.49493682380281,62813.724,63903.76183210759,61723.68616789241,0.034706995945904796,381.9857142857124,0.9999999999939057,-0.004838412507234491,-0.01901648107694187,0.004220441173249185,1
2026-07-13 19:00:00+00:00,61956.11,62222.0,61912.56,62204.66,4351,62150.688,62396.369999999995,62736.491500000004,63506.42220000001,62445.921360578344,62868.36977967349,-422.448419095148,-371.0469599936111,-51.40145910153689,41.13790417581301,62736.491500000004,63764.54099398031,61708.4420060197,0.03277357306410107,373.18928571428427,0.9999999999947283,-0.008263005528758693,-0.013221993348472294,0.0046254806691738435,1
2026-07-13 20:00:00+00:00,62203.64,62254.97,61976.29,62132.37,4011,62067.780000000006,62328.464,62642.026,63463.458,62397.68268972014,62813.851277475456,-416.1685877553173,-380.0712855459524,-36.0973022093649,40.20024472257969,62642.026,63507.13762191542,61776.91437808458,0.027620805939942653,380.7885714285699,0.9370522934043366,-0.0066276655393527895,-0.010811089637666194,0.004555920824832358,1
2026-07-13 21:00:00+00:00,62132.85,62155.71,61827.91,61999.75,4107,62024.018000000004,62243.621,62573.46800000001,63418.683999999994,62336.46227591704,62753.54747914394,-417.0852032269031,-387.4740690821426,-29.611134144760513,34.92720698812923,62573.46800000001,63412.292823279546,61734.64317672047,0.02681087847902365,381.77285714285557,0.5830584942738806,-0.003516796274294909,-0.013499674930920857,0.004526753493728783,1
2026-07-13 22:00:00+00:00,61998.39,62167.5,61827.61,61844.34,4325,62026.759999999995,62170.67300000001,62499.37849999999,63368.980200000005,62260.75115654518,62686.198776985126,-425.44762043994706,-395.0687793537035,-30.37884108624354,28.668669516709343,62499.37849999999,63319.84962571755,61678.90737428243,0.02625533710603406,380.77357142857,0.16290533625003922,0.00022173476155740168,-0.01165791060862198,0.004426175051157659,1
2026-07-13 23:00:00+00:00,61850.78,62285.89,61799.74,62267.35,4297,62089.693999999996,62172.01900000001,62474.44300000001,63328.2338,62261.766363230534,62655.17294165289,-393.4065784223567,-394.7363391674342,1.3297607450775217,38.58574610244993,62474.44300000001,63291.092605053556,61657.79339494646,0.026143477743484633,406.1985714285703,0.8286664769144088,0.005079199156517555,0.00021621138855731914,0.004835990680154261,1
2026-07-14 00:00:00+00:00,62263.76,62596.65,62190.61,62480.66,5335,62144.89399999999,62147.79099999999,62466.63249999999,63294.665199999996,62295.44230734891,62642.24605708601,-346.8037497371042,-385.14982128136825,38.34607154426402,45.08232061776897,62466.63249999999,63279.721449023804,61653.54355097618,0.026032744730518698,413.88285714285615,0.9999999999946924,0.004436966619542737,-0.003862701588924211,0.004269066753307096,1
2026-07-14 01:00:00+00:00,62481.55,62572.1,62382.71,62455.91,4589,62209.602,62138.691000000006,62451.66100000001,63268.2948,62320.129644679844,62628.44338619076,-308.31374151091586,-369.7826053272778,61.46886381636193,44.147093316463206,62451.66100000001,63253.31321762007,61650.00878237995,0.025672726866946247,408.4678571428563,0.9503601811452722,0.005207269576228857,-0.001454908004248301,0.004183962217925946,1
2026-07-14 02:00:00+00:00,62456.82,62571.37,62245.68,62479.17,4173,62305.486,62164.752,62437.8465,63242.0846,62344.597391652176,62617.38609832479,-272.7887066726107,-350.3838255963444,77.59511892373371,48.47337232295796,62437.8465,63226.87867532247,61648.81432467753,0.025274163654009776,400.8049999999998,0.9999999999955019,0.007732611825047586,0.004188621530295755,0.003778848820885553,0
2026-07-14 03:00:00+00:00,62478.34,62536.74,62238.19,62493.81,4195,62435.380000000005,62231.06999999999,62415.442500000005,63210.3388,62367.55317755184,62608.232313263696,-240.67913571185636,-328.4428876194468,87.76375190759046,54.29244135285607,62415.442500000005,63168.855674429265,61662.029325570744,0.024141883618922055,377.8557142857135,0.9999999999960975,0.010501688594299896,0.010725751945273698,0.0029817961250516232,1
2026-07-14 04:00:00+00:00,62493.64,62707.82,62460.4,62674.4,4052,62516.79,62303.242000000006,62391.48049999999,63183.2036,62414.760381005406,62613.13362339231,-198.37324238690053,-302.4289585729376,104.05571618603705,49.03160935592246,62391.48049999999,63073.10226470793,61709.85873529205,0.021849834600669218,344.59142857142746,0.7946893989435322,0.006537133826957531,0.01164953638809485,0.0030263250692634676,0
2026-07-14 05:00:00+00:00,62671.51,62810.39,62625.37,62655.2,4066,62551.698,62348.29600000001,62372.333,63152.6438,62451.75109161996,62616.249651289174,-164.49855966921314,-274.8428787921927,110.34431912297958,52.304640779095685,62372.333,62996.56694575598,61748.09905424402,0.020016373149164685,327.8349999999986,0.9224235765692974,0.0027935044220082084,0.007242865727422831,0.0028720681476338277,1
2026-07-14 06:00:00+00:00,62653.86,62703.84,62479.46,62549.7,4038,62570.45599999999,62390.029,62359.246499999994,63124.4076,62466.82015444766,62611.32004748997,-144.49989304230985,-248.77428164221615,104.2743885999063,57.78588693370442,62359.246499999994,62955.04774521465,61763.445254785336,0.019108673650014604,312.9928571428557,0.9999999999965656,0.0015016993587955163,0.006716788688408304,0.0029145911225197728,1
2026-07-14 07:00:00+00:00,62550.07,62578.31,62428.12,62471.74,4145,62568.969999999994,62437.228,62340.42450000001,63095.3238,62467.5770537634,62600.980784712934,-133.40373094953247,-225.70017150367943,92.29644055414695,67.64616832822279,62340.42450000001,62893.43812017811,61787.41087982191,0.017741734183349962,289.64142857142724,0.9999999999974344,-0.00011891963353549695,0.0076127726321477684,0.0028318804753718306,1
2026-07-14 08:00:00+00:00,62469.65,62721.7,62401.31,62626.16,4058,62595.44,62515.409999999996,62343.04150000001,63073.676,62491.974430107504,62602.84591177124,-110.87148166373663,-202.73443353569087,91.86295187195424,68.21259748829044,62343.04150000001,62901.17724037464,61784.90575962537,0.017905309941435466,292.0735714285703,0.9999999999974711,0.0021178097478775637,0.012641738920651457,0.0026232774608305,1
2026-07-14 09:00:00+00:00,62626.26,62667.74,62451.6,62549.28,3835,62570.41599999999,62543.603,62357.811,63047.9462,62500.790671629424,62598.878066454854,-98.08739482543024,-181.80502579363875,83.71763096820851,60.294293361372354,62357.811,62921.61802439042,61794.00397560959,0.018082963957487694,285.4092857142844,0.7997592921803649,-0.001996349386671481,0.004527734037180098,0.001840306596569298,1
2026-07-14 10:00:00+00:00,62549.3,62838.86,62530.42,62725.87,4156,62584.55,62568.12400000001,62357.9575,63023.6188,62535.41826060951,62608.28487634708,-72.8666157375701,-160.01734378242503,87.15072804485493,66.68878715961597,62357.9575,62922.16537978729,61793.7496202127,0.018095778066088725,287.53499999999883,0.9614653776967799,0.0011279191511639475,0.003924574420308691,0.0017392720778041243,1
2026-07-14 11:00:00+00:00,62725.87,62856.96,62637.28,62771.3,4043,62628.869999999995,62599.663,62369.177,63000.7034,62571.70775897728,62620.36007069174,-48.652311714460666,-137.74433736883216,89.0920256543715,72.81409858363614,62369.177,62957.609611463784,61780.74438853622,0.01886934026606702,279.812142857142,0.9999999999977347,0.0035427827791341127,0.005049802332557363,0.0017187468882968967,1
2026-07-14 12:00:00+00:00,62770.65,63927.03,62707.59,63901.3,9054,62914.78200000001,62741.876000000004,62453.314,63002.2638,62776.26041144231,62715.24450989976,61.01590154254518,-97.99228958655668,159.00819112910187,88.58430186753883,62453.314,63351.01119049672,61555.61680950328,0.028747784000596712,342.63714285714224,0.9999999999979999,0.022883306916055224,0.022761666008047188,0.005789106269028738,1
2026-07-14 13:00:00+00:00,63902.88,64130.3,63631.97,63770.46,7439,63143.64200000001,62869.541000000005,62550.3055,62998.3966,62929.21419429734,62793.40862027756,135.8055740197815,-51.23271686528904,187.03829088507052,81.6661540341368,62550.3055,63574.9314772216,61525.6795227784,0.03276166180264619,343.50714285714224,0.8443163272613124,0.01827191703914144,0.020428423231036774,0.005921632018768322,1
2026-07-14 14:00:00+00:00,63780.04,64286.08,63513.15,64240.27,6630,63481.840000000004,63026.128000000004,62664.685,63003.523799999995,63130.91508748236,62900.583537294035,230.33155018832622,5.080136545434023,225.2514136428922,83.45431523231152,62664.685,63897.90907920672,61431.46092079327,0.03935945993207256,369.7135714285708,0.8845565056270486,0.02703452381865934,0.024984204076943684,0.00615760153497625,1
2026-07-14 15:00:00+00:00,64235.62,64926.7,64135.03,64706.36,8224,63877.938,63231.24399999999,62789.770000000004,63018.1696,63373.29122786969,63034.34475675374,338.9464711159526,71.85340345953776,267.09306765641486,86.63783980906518,62789.770000000004,64302.37572667746,61277.164273322545,0.048180005331360784,412.73357142857066,0.9514730254155438,0.031573735047437435,0.032737266819035105,0.006240115470719714,0
2026-07-14 16:00:00+00:00,64702.71,64859.19,64561.56,64696.49,5436,64262.976,63445.922999999995,62917.976,63029.04899999999,63576.86026973589,63157.466626623835,419.3936431120528,141.3614513900408,278.03219172201204,86.25654878311965,62917.976,64618.9080807303,61217.0439192697,0.054068238963386264,410.72928571428514,0.9411480499379494,0.030669908063079676,0.034321347664337365,0.0061234558968444345,0
2026-07-14 17:00:00+00:00,64695.48,64695.48,64187.41,64582.21,5281,64399.157999999996,63656.969999999994,63047.099,63038.0202,63731.52945900729,63263.00317279985,468.5262862074378,206.79441835352026,261.73186785391755,83.07088609198506,63047.099,64843.917127314795,61250.28087268521,0.05699923250441048,425.7671428571422,0.8606058039153573,0.010655651762953022,0.033782795228690654,0.006169307400948764,1
2026-07-14 18:00:00+00:00,64582.21,64624.62,64430.56,64530.68,4322,64551.202000000005,63847.422,63181.416000000005,63046.136,63854.475696083085,63356.905159999864,497.57053608322167,264.9496418994606,232.6208941837611,80.64786686038806,63181.416000000005,65001.14416415697,61361.68783584304,0.05760327258752682,421.9557142857141,0.7812428570409927,0.011921193605942237,0.03041093370565906,0.006305862129545374,1
2026-07-14 19:00:00+00:00,64530.2,64674.74,64445.03,64536.22,4209,64610.39199999999,64046.115999999995,63294.8595,63056.0946,63959.35943514722,63444.26181481469,515.0976203325336,314.9792375860752,200.11838274645834,81.1970518187305,63294.8595,65157.047742024566,61432.67125797543,0.05884168972756998,425.1478571428571,0.7601418753284969,0.004606923351972325,0.031765993149721394,0.006220708480237061,1
2026-07-14 20:00:00+00:00,64539.33,64559.14,64372.99,64511.78,3868,64571.476,64224.706999999995,63396.4155,63064.2496,64044.34721435534,63523.33723593952,521.0099784158156,356.1853857520233,164.82459266379226,83.44059338441798,63396.4155,65292.86599257759,61499.96500742242,0.059828319239203155,422.4171428571431,0.8181793235558247,-0.003007123256508315,0.0284716656779731,0.006320956740859968,1
2026-07-14 21:00:00+00:00,64511.9,64861.01,64471.96,64625.84,3993,64557.346,64410.161,63504.912,63072.9114,64133.80764291605,63605.00410735141,528.8035355646425,390.7090157145472,138.0945198500953,86.26699620847307,63504.912,65422.9699779237,61586.854022076295,0.06040660218295245,439.47857142857225,0.9180874880736621,-0.0010920221483422532,0.02954439369584505,0.006290882971532366,0
2026-07-14 22:00:00+00:00,64625.84,65088.09,64466.51,64810.28,4951,64602.96,64501.058999999994,63621.467500000006,63085.9562,64237.88031323665,63694.28380310316,543.596510133495,421.28651459833685,122.30999553515818,86.40442696179716,63621.467500000006,65560.27509366597,61682.65990633404,0.0609482198336895,460.99214285714334,0.9229454135597447,0.0035314678763702645,0.014224749731226005,0.003434835962025832,0
2026-07-14 23:00:00+00:00,64810.28,65014.56,64727.15,64984.4,4060,64693.704000000005,64622.453,63745.996999999996,63107.943600000006,64352.72949581563,63789.847965836256,562.8815299793714,449.60551767454376,113.27601230482765,89.31366724356144,63745.996999999996,65699.72231279497,61792.271687205015,0.06129719212941252,466.0828571428574,0.9999999999955802,0.00703107421152227,0.01903608661439793,0.0032237676964026393,0
2026-07-15 00:00:00+00:00,64996.6,65021.32,64717.6,64777.63,4201,64741.986,64676.189,63851.1585,63126.6014,64418.09880415168,63863.01700540394,555.0817987477421,470.70077388918344,84.3810248585587,82.80485543070178,63851.1585,65788.36864997017,61913.94835002982,0.06067893505707261,465.7457142857144,0.6055162442683105,0.003740690111692313,0.008364846536292658,0.002947223980524116,1
2026-07-15 01:00:00+00:00,64776.63,64811.15,64590.65,64625.66,4174,64764.762,64668.11899999999,63949.681500000006,63144.1284,64450.03129582065,63919.509079077725,530.5222167429238,482.6650624599315,47.85715428299227,78.67188659640783,63949.681500000006,65830.39358483163,62068.96941516838,0.05881849731594445,465.80428571428587,0.0,0.0017652589961090204,-0.0012471726117803117,0.0020520123477321987,1
2026-07-15 02:00:00+00:00,64625.88,64707.66,64435.18,64443.74,3805,64728.342000000004,64642.844000000005,64044.38350000001,63152.5696,64449.06340415593,63958.34099914604,490.72240500988846,484.2765309699229,6.445874039965588,61.86605299079468,64044.38350000001,65815.84715107626,62272.91984892376,0.05531987519487169,398.16428571428594,0.0,-0.0028177583455781807,-0.003906703439398362,0.0022219708776528464,1
2026-07-15 03:00:00+00:00,64444.04,64797.12,64443.03,64735.45,3914,64713.376000000004,64658.168000000005,64157.569,63179.8604,64493.12288043963,64015.90462883893,477.2182516007015,482.86487509607866,-5.6466234953771846,69.72144448304743,64157.569,65789.74821163708,62525.38978836292,0.050880332190799855,387.8614285714289,0.28619578444535676,-0.00115460078246854,0.0023727896583285446,0.002640321537425025,0
2026-07-15 04:00:00+00:00,64736.23,64840.84,64659.13,64700.33,3891,64656.562,64675.132999999994,64261.277500000004,63207.3444,64525.00089883354,64066.60280448049,458.3980943530478,477.9715189474726,-19.573424594424807,61.43369816985285,64261.277500000004,65740.13264526193,62782.422354738075,0.04602632262522091,345.63142857142884,0.0,-0.004371356817943983,0.002628982059386331,0.002630381786370196,0
2026-07-15 05:00:00+00:00,64701.64,64911.61,64553.73,64892.78,4050,64679.592000000004,64710.789000000004,64378.4525,63249.8788,64581.58229901299,64127.80111525972,453.78118375327176,473.1334519086325,-19.35226815536072,55.36238220708536,64378.4525,65641.82892206336,63115.07607793663,0.039248424682571045,314.64642857142877,0.0,0.0017776198357364326,0.00552495947237075,0.0027636713661558683,0
2026-07-15 06:00:00+00:00,64895.03,65242.89,64767.71,64768.42,5145,64708.14399999999,64736.453,64480.58,63292.50979999999,64610.326560703295,64175.25436598122,435.0721947220736,465.52120047132075,-30.449005749247135,51.94121044308069,64480.58,65485.202487860566,63475.95751213944,0.0311604668525179,327.3285714285713,0.0,0.0022090296640684404,0.003978188169664554,0.0028623824527180745,0
2026-07-15 07:00:00+00:00,64770.79,64840.09,64429.52,64501.18,4565,64719.632000000005,64723.987,64567.074,63327.4266,64593.53478213356,64199.39700553817,394.13777659538755,451.2445156961341,-57.10673910074655,47.9799767658688,64567.074,65169.381340793836,63964.766659206165,0.018656795282184706,320.2921428571431,0.0,0.000891320087878178,-0.0019289497823161694,0.003142685719820415,1
2026-07-15 08:00:00+00:00,64501.74,64743.43,64501.74,64720.24,4001,64716.590000000004,64714.98299999999,64608.02099999999,63366.722200000004,64613.02789257455,64237.977968090905,375.04992448364646,436.0055974536366,-60.95567296999013,54.36131050984718,64608.02099999999,65125.06702237941,64090.97497762058,0.016005629467567638,323.73428571428565,0.1543857727247191,-0.00023495627202718694,-0.001389285773800042,0.0032050754790063627,1
2026-07-15 09:00:00+00:00,64720.23,64875.07,64595.43,64620.78,3895,64700.68000000001,64678.621,64650.537,63400.3,64614.22052448616,64266.333674158246,347.88685032791545,418.3818480284924,-70.49499770057696,51.86492113342033,64650.537,64985.31138033693,64315.762619663066,0.010356429996457117,327.3007142857142,0.09398977741024112,-0.001229514594438763,-0.005595496765377628,0.0030673453323570173,1
2026-07-15 10:00:00+00:00,64621.61,64799.87,64558.28,64605.33,3876,64643.19,64661.39099999999,64668.79,63429.3338,64612.852751488295,64291.44451310948,321.4082383788118,398.98712609855636,-77.57888771974456,52.07140421499212,64668.79,64943.86402969016,64393.715970309844,0.008507164884023862,331.2607142857144,0.09898529267115706,-0.004429614511814672,-0.0026598688466989984,0.0029253906244134766,1
2026-07-15 11:00:00+00:00,64605.03,64707.82,64555.18,64682.34,3797,64625.974,64667.05900000001,64667.58899999999,63462.217599999996,64623.543097413174,64320.39973436063,303.14336305254255,379.81837348935363,-76.67501043681108,51.2719037585319,64667.58899999999,64942.1816852161,64392.996314783886,0.008492436148071223,314.3742857142856,0.07964270682366856,-0.0013290427649771397,0.000877051004198437,0.002858586126512519,1
2026-07-15 12:00:00+00:00,64682.32,65210.49,64537.72,65102.55,6199,64746.248,64732.93999999999,64687.89199999999,63508.04,64697.23646704192,64378.33679107466,318.8996759672591,367.63463398493474,-48.73495801767564,55.948063577345074,64687.89199999999,65024.521421648584,64351.2625783514,0.010407803106293563,318.0307142857143,0.19277462813917598,0.00932339532393045,0.01022302554134824,0.0032906048445041315,0
2026-07-15 13:00:00+00:00,65102.74,65522.95,64821.04,65056.21,8970,64813.442,64765.016,64711.59199999999,63552.200600000004,64752.46316442009,64428.54962136542,323.91354305467394,358.8904157988826,-34.97687274420866,51.54160244217645,64711.59199999999,65081.94678288214,64341.237217117836,0.011446319629477014,347.6378571428572,0.1022724504104027,0.005191111775852519,0.004954935819554862,0.0030810857863610413,0
2026-07-15 14:00:00+00:00,65055.57,65465.12,64998.7,65336.73,7737,64956.632000000005,64828.656,64751.894499999995,63607.4588,64842.35036989392,64495.82224200502,346.52812788889423,356.417958216885,-9.889830327990751,61.63424642711496,64751.894499999995,65205.443127206105,64298.345872793885,0.014008814126854926,359.259285714286,0.444881720837568,0.011079253453765148,0.00983611675550966,0.0032751330555319804,0
2026-07-15 15:00:00+00:00,65336.75,65554.6,65197.61,65366.36,5699,65108.838,64876.014,64793.4015,63669.7082,64922.967236064076,64560.306520375016,362.66071568906045,357.6665097113201,4.994205977740364,66.24000210482001,64793.4015,65311.231168531165,64275.571831468835,0.015984024809414125,369.0085714285721,0.8398708668798559,0.01177967824017001,0.0072978842946780365,0.0032010914327183443,0
2026-07-15 16:00:00+00:00,65364.66,65412.86,64726.87,65064.76,5539,65185.322,64905.648,64821.0505,63716.5446,64944.781507438835,64597.67344479168,347.1080626471521,355.5548202984865,-8.446757651334394,62.93705419638705,64821.0505,65334.600858088874,64307.50014191112,0.015845172336072407,398.54500000000036,0.6879515966914869,0.005912278374591962,0.004575377938816461,0.0035443363670731864,0
2026-07-15 17:00:00+00:00,65066.99,65139.41,64913.34,65005.43,4422,65165.898,64956.073,64840.02999999999,63765.715,64954.11204475594,64627.87763406638,326.23441068955435,349.6907383767001,-23.456327687145745,56.22710791685513,64840.02999999999,65351.25568735349,64328.80431264649,0.015768829451605768,389.40071428571486,0.4516494910523961,-0.0014918002443836675,0.007817686436124127,0.0032121841401981373,0
2026-07-15 18:00:00+00:00,65004.84,65098.96,64794.01,64822.17,4339,65119.090000000004,64966.266,64840.6245,63817.7872,64933.81326863964,64642.26966117258,291.54360746706516,338.06131219477317,-46.51770472770801,52.63048809976158,64840.6245,65351.73215982846,64329.516840171535,0.015765044330455624,398.2035714285718,0.2546826331038608,-0.003597504373525573,0.0015749323550098282,0.003251580117058037,0
2026-07-15 19:00:00+00:00,64821.91,64967.41,64693.63,64939.66,4373,65039.676,64998.154,64838.3875,63879.967800000006,64934.71276577201,64664.2985751598,270.4141906122095,324.5318878782605,-54.11769726605098,51.04598029415975,64838.3875,65347.23221670696,64329.542783293036,0.01569578567039351,392.19642857142964,0.16790795584132848,-0.006077286083953082,0.004934635576977042,0.00322956208100713,0
2026-07-15 20:00:00+00:00,64939.28,65014.83,64853.51,64926.95,3700,64951.793999999994,65030.316000000006,64845.853500000005,63939.4532,64933.51849411478,64683.754236259076,249.7642578557061,309.5783618737496,-59.81410401804351,53.722567404464314,64845.853500000005,65355.32608831335,64336.38091168666,0.015713343592997607,369.7778571428581,0.31448974094873305,-0.006722265091707813,0.004978227028636706,0.0032284926786971626,0
2026-07-15 21:00:00+00:00,64926.93,64978.29,64740.61,64790.11,3666,64896.864,65041.09299999999,64854.076,63991.1622,64911.45564886635,64691.632440980626,219.82320788572542,291.6273310761448,-71.80412319041938,57.22718881790573,64854.076,65353.80034124969,64354.35165875031,0.01541073042963992,357.42857142857247,0.40681845799171534,-0.004221179022254162,0.0016661425668893504,0.003317456473098603,0
2026-07-15 22:00:00+00:00,64788.13,64942.0,64722.92,64822.38,3906,64860.254,65013.076,64873.007999999994,64044.962400000004,64897.75170288692,64701.31744535243,196.43425753448537,272.58871636781294,-76.15445883332757,52.81824603227156,64873.007999999994,65334.50478060526,64411.51121939473,0.01422769792346507,355.7735714285726,0.11664230578218013,-0.0028159186086454957,-0.004303518064960654,0.002484430047469744,0
2026-07-15 23:00:00+00:00,64823.61,64903.41,64645.86,64716.98,3849,64839.216,64979.15299999999,64872.0845,64099.307,64869.94067167355,64702.477634585586,167.4630370879604,251.56358051184242,-84.10054342388202,52.64567726037655,64872.0845,65334.812577314675,64409.35642268532,0.01426586122154523,354.1957142857157,0.10528463010918637,-0.0016227472792100794,-0.005214413812301588,0.0025126751955280462,0
2026-07-16 00:00:00+00:00,64711.75,64806.58,64452.02,64540.65,4226,64759.414000000004,64899.545,64864.1005,64153.233199999995,64819.280568339156,64690.49040239406,128.7901659450945,227.00889759849287,-98.21873165339838,48.36579178752261,64864.1005,65344.480039354115,64383.720960645885,0.014811877005960022,362.2650000000015,0.0,-0.006144319203395976,-0.012184264501758801,0.0019260039045149856,1
2026-07-16 01:00:00+00:00,64543.02,64787.69,64342.86,64692.08,4362,64712.44,64832.117000000006,64854.06549999999,64201.7278,64799.71125013313,64690.60815036487,109.10309976826102,203.4277380324465,-94.3246382641855,50.23717224451643,64854.06549999999,65340.27227816678,64367.858721833196,0.014993871993014652,383.13571428571595,0.1046972382982626,-0.0036174500727355063,-0.01031539770609835,0.0021847469728992746,1
2026-07-16 02:00:00+00:00,64692.11,64697.91,64527.46,64592.35,4064,64672.888,64784.876000000004,64845.262,64243.9616,64767.809519343406,64683.329768856354,84.4797504870512,179.63814052336747,-95.15839003631626,35.278842158718405,64845.262,65344.20735444229,64346.316645557716,0.015388799090434294,347.25571428571646,0.0,-0.0030523177071315466,-0.007260612349911155,0.0018091348356000648,0
2026-07-16 03:00:00+00:00,64591.71,64702.03,64498.29,64566.37,3870,64621.686,64740.97000000001,64848.521499999995,64286.1708,64736.8188240598,64674.6660822744,62.152741785401304,156.14106077577424,-93.98831899037293,35.69826921729394,64848.521499999995,65338.77847988596,64358.26452011403,0.015120066534931325,311.67214285714516,0.013546878066078162,-0.003949407596573806,-0.006754204994875002,0.001810525662467094,0
2026-07-16 04:00:00+00:00,64569.17,64643.41,64482.33,64586.48,3728,64595.585999999996,64717.401,64841.83350000001,64328.317,64713.689774204446,64668.133779883705,45.555994320740865,134.02404748476755,-88.46805316402668,24.166901956463363,64841.83350000001,65342.98723681826,64340.67976318175,0.015457728746003284,289.86214285714493,0.0,-0.0020164723384805683,-0.003635947392689798,0.0016634633347678116,0
2026-07-16 05:00:00+00:00,64587.12,64950.84,64547.85,64867.44,4093,64660.944,64710.179000000004,64854.16650000001,64375.7896,64737.34365509607,64682.89720359602,54.4464515000509,118.10852828782421,-63.662076787773316,35.35551589724329,64854.16650000001,65344.43722174524,64363.89577825477,0.015119174239799487,293.1478571428587,0.2885883416580851,0.005063320558438722,-0.0011121093026973394,0.002153566097835191,0
2026-07-16 06:00:00+00:00,64866.81,64922.85,64578.98,64720.47,4017,64666.621999999996,64689.531,64859.9235,64416.710999999996,64734.74770815822,64685.680373700015,49.06733445820282,104.30028952189996,-55.23295506369713,38.88533777545342,64859.9235,65340.49943676816,64379.34756323184,0.014818886943897193,268.71071428571565,0.44519988228267293,0.00043884815575578884,-0.003180189428272806,0.0022596758212622184,0
2026-07-16 07:00:00+00:00,64720.85,64726.36,64014.44,64170.58,4728,64582.268000000004,64627.578,64834.33550000001,64447.018599999996,64647.95267613388,64647.52479046298,0.42788567089883145,83.52580875169974,-83.09792308080091,29.531669093886904,64834.33550000001,65401.431796267745,64267.23920373227,0.017493702739275755,303.41428571428645,0.16227225008335147,-0.006529720624810831,-0.009562107550056598,0.00342507299482991,0
2026-07-16 08:00:00+00:00,64170.16,64310.51,63815.48,64072.65,5524,64483.524,64552.605,64782.840500000006,64477.4776,64559.44457211329,64604.94147265091,-45.49690053762606,57.72126689383458,-103.21816743146064,30.82127285009527,64782.840500000006,65428.927112458776,64136.753887541236,0.019946226731406447,316.9914285714294,0.20127988972088004,-0.007646705242992602,-0.011565912883791052,0.003389278831724992,1
2026-07-16 09:00:00+00:00,64072.65,64132.74,63954.46,64038.75,4089,64373.978,64484.78200000001,64731.967500000006,64508.81779999999,64479.33771486508,64563.001363565665,-83.66364870058169,29.44428377495132,-113.107932475533,25.91729263011561,64731.967500000006,65444.259740789515,64019.6752592105,0.02200743367763414,310.17000000000036,0.052945416988755885,-0.008480567450029786,-0.010479938958832813,0.0033901811126549795,1
2026-07-16 10:00:00+00:00,64040.48,64219.01,64017.5,64159.5,3805,64232.39,64446.667,64673.10600000001,64539.48460000001,64430.131912578145,64533.11237367192,-102.98046109377174,2.9593348012067007,-105.93979589497843,30.60515847944643,64673.10600000001,65369.358972156915,63976.8530278431,0.021531453032637957,313.0407142857148,0.19474291163735846,-0.010913641728423462,-0.005905580436515567,0.0034497558297644426,1
2026-07-16 11:00:00+00:00,64161.9,64220.08,64032.0,64197.92,4139,64127.880000000005,64397.251000000004,64614.683999999994,64572.4574,64394.407002950735,64508.28330895548,-113.87630600474222,-20.40779335998309,-93.46851264475913,34.25085236188001,64614.683999999994,65260.249762523505,63969.11823747648,0.019982014073566028,309.49785714285775,0.35195383430182064,-0.008073952491383318,-0.00763864757478816,0.003326741527268712,1
2026-07-16 12:00:00+00:00,64197.93,64201.77,63802.91,63907.13,4656,64075.19,64328.72900000001,64556.802500000005,64596.082599999994,64319.44131018908,64463.75343421804,-144.3121240289547,-45.18865949377742,-99.12346453517729,28.601555230315256,64556.802500000005,65239.00417979118,63874.60082020883,0.021134927796065434,322.3392857142857,0.1557178364066438,-0.004105463905733853,-0.010608376998204938,0.0035324201728018315,1
2026-07-16 13:00:00+00:00,63907.15,64432.09,63902.07,64329.34,6139,64126.528000000006,64305.026,64522.998,64627.2434,64320.9641855446,64453.796883535215,-132.83269799061236,-62.71746719314442,-70.11523079746794,42.106377779587724,64522.998,65178.061443663755,63867.934556336244,0.020304804921301257,341.8014285714281,0.6881200549453634,0.004006233548947913,-0.003671106181128092,0.004291311646039831,0
2026-07-16 14:00:00+00:00,64327.91,64814.22,64271.5,64490.92,7146,64216.962,64295.469999999994,64506.4355,64639.0358,64347.111233922355,64456.54674401409,-109.43551009173825,-72.06107577286319,-37.37443431887506,48.981214020855035,64506.4355,65146.22203211206,63866.64896788794,0.019836362904041182,355.2414285714279,0.9518241195860508,0.007060881107142203,-0.001479566621373496,0.004384919681033683,0
2026-07-16 15:00:00+00:00,64492.67,64850.9,64258.76,64658.2,6444,64316.702000000005,64274.545999999995,64492.3625,64656.79059999999,64394.971044088146,64471.484022235265,-76.5129781471187,-72.95145624771429,-3.5615218994044113,49.3104009769997,64492.3625,65103.778516726634,63880.94648327337,0.018960881351699,365.7635714285706,0.9999999999960228,0.007772816184664633,-0.003225655274818995,0.004217081594096614,0
2026-07-16 16:00:00+00:00,64659.87,64671.28,64278.35,64429.23,5807,64362.964,64245.422,64467.476500000004,64660.569800000005,64400.24165268996,64468.35409466228,-68.11244197232008,-71.98365339263545,3.871211420315362,46.84577722431498,64467.476500000004,65043.93090750045,63891.02209249956,0.01788357288967081,381.65499999999884,0.9019776940845863,0.0036030762367380564,-0.004499967321003662,0.004301093187041051,0
2026-07-16 17:00:00+00:00,64428.79,64440.29,63940.33,64031.64,5365,64387.866,64231.528000000006,64429.55299999999,64647.0754,64343.533706122274,64436.00490246508,-92.47119634280534,-76.08116198266943,-16.390034360135914,40.95930478299823,64429.55299999999,65016.340999198605,63842.76500080138,0.01821487102971557,402.81357142857036,0.6678626078555189,0.0019482959100181052,-0.0021651666542519266,0.003857235251061028,0
2026-07-16 18:00:00+00:00,64032.82,64290.73,64002.7,64194.16,4617,64360.83,64243.679000000004,64398.14200000001,64637.0288,64320.55313594962,64418.09046524545,-97.53732929582475,-80.3723954453005,-17.16493385052425,43.671768136888026,64398.14200000001,64963.24739959917,63833.03660040085,0.017550363474746228,411.8814285714278,0.7589617952186921,-0.0021013739609327953,0.0018964409931538917,0.003916814655894106,0
2026-07-16 19:00:00+00:00,64191.57,64258.04,64094.45,64222.95,4274,64307.236,64262.099,64373.440500000004,64629.8436,64305.53726888045,64403.63561596801,-98.09834708755807,-83.91758577375202,-14.180761313806045,38.683588578411815,64373.440500000004,64922.8355394832,63824.045460516805,0.01706899725153572,394.7814285714282,0.5457289283209802,-0.004155158586666152,0.002876383439714081,0.003908887400155924,0
2026-07-16 20:00:00+00:00,64222.38,64233.41,64048.12,64063.52,3732,64188.3,64252.501000000004,64349.583999999995,64620.5004,64268.303842898844,64378.44186663704,-110.13802373819635,-89.1616733666409,-20.976350371555455,38.515060925508195,64349.583999999995,64909.73902878108,63789.42897121891,0.017409748252019235,383.45428571428573,0.5385247701388399,-0.009197286655056924,-0.0014959592889596252,0.003955073378973015,0
2026-07-16 21:00:00+00:00,64062.49,64190.87,64045.41,64111.26,3524,64124.706000000006,64243.835,64320.543000000005,64612.00119999999,64244.143251683636,64358.65061725652,-114.50736557288474,-94.23081180788968,-20.276553764995057,48.74210102209594,64320.543000000005,64865.96453521578,63775.12146478423,0.016959481676508143,342.99285714285725,0.9757065223409257,-0.004935182369865343,-0.0013498879714481937,0.003958391988090161,0
2026-07-16 22:00:00+00:00,64112.72,64198.72,63896.64,63922.8,4150,64102.938,64245.40199999999,64287.065500000004,64600.221600000004,64194.70582834769,64326.36538634863,-131.65955800094525,-101.71656104650081,-29.94299695444444,46.93987575711785,64287.065500000004,64844.306387397584,63729.824612602424,0.017336018779627763,329.2107142857146,0.8986656589273883,-0.0016997846689542628,0.00024519955754565004,0.0037903101480917336,0
2026-07-16 23:00:00+00:00,63922.79,63958.02,63690.76,63777.01,4363,64019.50800000001,64190.168999999994,64247.59750000001,64583.245,64130.444931678816,64285.67239476726,-155.22746308844216,-112.41874145488909,-42.80872163355308,44.88852955880519,64247.59750000001,64832.66588649696,63662.529113503064,0.01821292652995925,335.5664285714286,0.7864742693840812,-0.006498254669895176,-0.008585973367673194,0.003046027541492382,0
2026-07-17 00:00:00+00:00,63776.15,63863.06,63555.81,63835.93,5008,63942.10400000001,64124.670000000006,64210.06999999999,64563.758,64085.13494218976,64252.35814330302,-167.22320111325826,-123.37963338656293,-43.843567726695326,43.52468891210291,64210.06999999999,64799.88020083557,63620.259799164414,0.01837126795954523,343.1192857142856,0.7206163909016917,-0.006026194685855968,-0.010156313477928336,0.0028881532751391377,0
2026-07-17 01:00:00+00:00,63834.26,64015.28,63418.0,63493.89,5680,63828.178,64008.239,64141.392499999994,64533.9478,63994.174181852875,64196.17531787317,-202.0011360202916,-139.10393391330868,-62.89720210698292,37.43750245350827,64141.392499999994,64728.77883250606,63554.00616749393,0.018315359539662835,372.3478571428568,0.4266750224147579,-0.008891643793534909,-0.018007151451787995,0.002878343023607996,0
2026-07-17 02:00:00+00:00,63493.91,63603.55,63325.67,63431.63,5150,63692.252,63908.47900000001,64076.9505,64507.0278,63907.628923106284,64139.54233136405,-231.9134082577657,-157.6658287822001,-74.2475794755656,40.7618958804467,64076.9505,64679.44260002083,63474.458399979165,0.01880526758278967,363.70642857142906,0.27999847049419857,-0.010600789939240074,-0.015483655477490643,0.0028207113928022474,0
2026-07-17 03:00:00+00:00,63434.86,63672.16,63419.99,63515.33,4459,63610.75800000001,63856.848,64044.188,64484.8212,63847.27524262839,64093.30438089264,-246.02913826424628,-175.33849067860936,-70.69064758563692,31.790055792436206,64044.188,64694.59968257062,63393.77631742939,0.020311341368575556,343.8600000000011,0.0,-0.006374407879504718,-0.008063357427671614,0.0024258544987731216,0
2026-07-17 04:00:00+00:00,63517.23,63522.62,63248.79,63423.17,4405,63539.990000000005,63779.748999999996,64011.714,64464.4098,63782.02828222402,64043.664797122816,-261.63651489879703,-192.59809552264693,-69.0384193761501,25.348047930182716,64011.714,64718.54979605472,63304.87820394528,0.022084576459075033,324.65357142857255,0.0,-0.005548080726895166,-0.012010282555297902,0.0021239250739148825,0
2026-07-17 05:00:00+00:00,63422.73,63422.73,62737.45,62786.58,4735,63330.12000000001,63636.112,63949.105500000005,64425.432400000005,63628.882392651096,63950.54740474334,-321.66501209224225,-218.41147883656603,-103.25353325567622,14.48484986489376,63949.105500000005,64842.94475194285,63055.26624805716,0.027954706948726444,331.3378571428584,0.0,-0.016438234705752675,-0.02236536938898004,0.0034134835976865957,1
2026-07-17 06:00:00+00:00,62785.17,62939.81,62643.47,62891.28,4804,63209.598,63518.888,63885.6945,64389.251399999994,63515.405101474,63872.08315254013,-356.6780510661265,-246.06479328247815,-110.61325778364835,19.371965475626254,63885.6945,64889.82446997821,62881.56453002179,0.03143520557573998,324.4385714285724,0.14265930410738079,-0.009490834472419274,-0.01829808914652209,0.0036281587908487288,1
2026-07-17 07:00:00+00:00,62891.26,62928.03,62740.32,62774.16,4227,63078.10400000001,63385.178,63814.5065,64346.879,63401.36739355493,63790.755511611234,-389.38811805630394,-274.7294582372433,-114.65865981906063,21.808162423438148,63814.5065,64921.99158735118,62707.02141264883,0.03470950879644192,302.135000000001,0.2137740861027424,-0.010365018209369636,-0.020855930767855746,0.0035136854952957266,1
2026-07-17 08:00:00+00:00,62773.49,62874.92,62580.78,62832.1,4517,62941.458000000006,63276.10800000001,63760.75499999999,64308.15260000001,63313.78779454647,63719.74399223262,-405.9561976861514,-300.9748061270249,-104.98139155912651,17.96117875087009,63760.75499999999,64950.601892609084,62570.9081073909,0.03732223348387558,302.57142857142907,0.10147716960750147,-0.010756930649655772,-0.017062769465667982,0.003621760465601448,1
2026-07-17 09:00:00+00:00,62834.32,63008.35,62798.16,62927.4,3900,62842.304000000004,63191.14700000001,63690.65800000001,64276.677,63254.343518462396,63661.051844659836,-406.70832619744033,-322.12151014110805,-84.58681605633228,20.45024291220959,63690.65800000001,64904.40939203472,62476.9066079653,0.038113953604772356,305.8999999999999,0.17413519315732554,-0.007816859359126904,-0.01332157151926694,0.0037524166636193537,1
2026-07-17 10:00:00+00:00,62927.01,63135.26,62918.81,63109.7,3951,62906.928,63118.524,63621.596999999994,64244.466199999995,63232.090669468176,63620.21096727762,-388.1202978094443,-335.3212676747753,-52.79903013466901,28.46926890050652,63621.596999999994,64800.29999751033,62442.89400248966,0.03705354952062383,308.1257142857144,0.4082177805626965,0.005146322669589587,-0.011376508496077409,0.00393190859099932,1
2026-07-17 11:00:00+00:00,63121.07,63297.75,62997.22,63244.97,3925,62977.666000000005,63093.632,63550.9355,64216.95,63234.07210493461,63592.41534007187,-358.3432351372612,-339.9256611672725,-18.417573969988723,31.188464962758616,63550.9355,64633.5064903538,62468.3645096462,0.034069395889657704,319.202142857143,0.5146695970381404,0.005623832111542271,-0.003920377220548277,0.0037483053296081454,1
2026-07-17 12:00:00+00:00,63244.94,63286.37,62995.96,63045.27,4203,63031.888,63054.996,63481.7375,64185.7488,63205.02562725237,63551.886055622104,-346.860428369735,-341.31261460776506,-5.547813761969962,31.036956681461888,63481.7375,64503.12343804476,62460.35156195525,0.032178890442144996,318.36857142857167,0.5444113009725061,0.004318815257742914,-0.006090967550416049,0.0038485294542158137,1
2026-07-17 13:00:00+00:00,63042.99,63121.93,62467.81,63094.12,8083,63084.292,63012.875,63434.86150000001,64153.9844,63187.9632230597,63517.97745890936,-330.0142358496596,-339.052938856144,9.038703006484411,34.59774003653838,63434.86150000001,64435.8343155359,62433.888684464124,0.03155907625134138,346.00142857142936,0.6925964754445944,0.004170161430224528,-0.006631627356734171,0.0038220425798366625,1
2026-07-17 14:00:00+00:00,63092.57,63463.35,63018.64,63120.52,8488,63122.916000000005,62982.61,63381.17949999999,64114.3438,63177.58734258898,63488.53616565681,-310.94882306783256,-333.43211569848177,22.483292630649203,33.62404032357742,63381.17949999999,64324.174445221535,62438.18455477845,0.029756307871220487,355.82000000000073,0.7283615687730903,0.0030689334057976136,-0.004771915374144786,0.0038246933961106947,1
2026-07-17 15:00:00+00:00,63109.03,63411.47,62792.0,63405.46,6511,63182.06799999999,63044.498,63340.30500000001,64081.328799999996,63212.64467449837,63482.382375608155,-269.7377011097851,-320.69323278074245,50.95553167095733,47.921475345872324,63340.30500000001,64196.5495469538,62484.060453046215,0.027036325352515822,357.40500000000094,0.9999999999970092,0.004686442813069958,0.009856883429548047,0.0022070185631090436,1
2026-07-17 16:00:00+00:00,63417.42,63666.45,63247.27,63537.43,5554,63240.56,63109.113,63314.0005,64045.34279999999,63262.61164765246,63486.45997741497,-223.84832976250618,-301.3242521770952,77.47592241458904,52.40789461705833,63314.0005,64106.659547283045,62521.34145271696,0.02503898161617644,367.49785714285775,0.999999999997363,0.004624241263771589,0.010274079331824781,0.002225074457060774,1
2026-07-17 17:00:00+00:00,63536.95,64186.6,63536.95,64008.35,6110,63433.176,63232.53199999999,63308.854999999996,64018.1826,63377.340624936696,63525.118497606454,-147.77787266975793,-270.6149762756278,122.83710360586986,59.53927001424056,63308.854999999996,64080.78814808628,62536.921851913714,0.02438626154544359,395.889285714286,0.9999999999977804,0.015276007224649835,0.019660796735472053,0.0027570743180361803,0
2026-07-17 18:00:00+00:00,63999.3,64353.39,63842.4,64222.32,5239,63658.816000000006,63371.55399999999,63323.83099999999,64001.33380000001,63507.33745186951,63576.76305333931,-69.42560146979667,-230.37710131446156,160.95149984466488,64.76642387018339,63323.83099999999,64155.24551577839,62492.41648422159,0.02625913507281013,412.82928571428573,0.9999999999980111,0.01788122252913582,0.022125951543876532,0.0027628818370728082,0
2026-07-17 19:00:00+00:00,64215.36,64226.28,63936.21,64112.51,4647,63857.214,63490.06499999999,63340.60599999999,63983.4754,63600.44092081267,63616.44801235121,-16.007091538544046,-187.50309935927805,171.496007820734,80.42254232077063,63340.60599999999,64222.5241615539,62458.68783844609,0.027846849509267583,384.5685714285714,0.999999999998399,0.015715808424898947,0.018832972600171027,0.003026618488678645,0
2026-07-17 20:00:00+00:00,64110.2,64158.56,63913.27,64072.67,4066,63990.655999999995,63586.362,63352.44299999999,63968.4854,63673.09154837995,63650.24223365854,22.849314721410337,-145.43261654314037,168.2819312645507,77.93769184564374,63352.44299999999,64268.06448594199,62436.82151405799,0.028905640969267746,380.9221428571431,0.960217799721229,0.01052291080294987,0.015258668635724781,0.0030978450928770686,0
2026-07-17 21:00:00+00:00,64070.21,64185.26,64020.15,64059.89,3561,64095.148,63667.85400000001,63380.743,63950.89,63732.59900247534,63680.58651264679,52.012489828550315,-105.94359526880223,157.95608509735254,81.98349245518617,63380.743,64348.287809811074,62413.19819018893,0.030531191778899527,379.3078571428575,0.999999999998438,0.008222869574674219,0.012885135371239809,0.003133827190251773,0
2026-07-17 22:00:00+00:00,64056.58,64111.82,63877.29,63939.6,3571,64081.398,63757.287,63406.141500000005,63931.143,63764.445309786825,63699.772696895176,64.6726128916489,-71.820353636712,136.4929665283609,76.72100138008227,63406.141500000005,64405.458007350346,62406.824992649665,0.031521126619898185,375.0500000000003,0.9144772766872994,-0.001074078616305485,0.014185520975641852,0.0029531439129733966,1
2026-07-17 23:00:00+00:00,63938.98,63969.88,63839.31,63896.95,3527,64016.324,63837.56999999999,63425.222499999996,63913.2798,63784.830646742696,63714.37842305109,70.4522236916091,-43.36583817104777,113.81806186265688,74.00244591991819,63425.222499999996,64447.62402816465,62402.82097183534,0.032239588222639885,369.36285714285776,0.8508612102500523,-0.005066307165483952,0.012724323597824938,0.003022183636440234,1
2026-07-18 00:00:00+00:00,63891.35,63976.4,63843.63,63869.65,3420,63967.752,63912.48299999999,63447.5465,63894.22520000001,63797.879778013055,63725.880021343604,71.99975666945102,-20.292719202948007,92.29247587239902,70.37738176318854,63447.5465,64489.07802144217,62406.014978557825,0.03283126232287553,363.3857142857149,0.7721903851594025,-0.003788028264686605,0.011868248233696477,0.0030602310189616613,1
2026-07-18 01:00:00+00:00,63861.66,63959.64,63835.91,63910.25,3375,63935.268,63962.962,63503.729999999996,63878.0906,63815.167504472585,63739.53705679963,75.6304476729565,-1.1080858277670989,76.7385335007236,68.79300798861021,63503.729999999996,64515.953053699544,62491.50694630045,0.031879168474026595,350.75714285714326,0.7410916313282861,-0.002534934161476321,0.007961301755400996,0.0028283644088967067,1
2026-07-18 02:00:00+00:00,63909.74,63988.08,63882.82,63920.24,3408,63907.338,64001.242999999995,63555.178,63865.682400000005,63831.33250378449,63752.92245999966,78.41004378483194,14.795540094752715,63.614503690079225,77.68349247932376,63555.178,64540.57413387491,62569.78186612509,0.03100915345953108,337.5321428571432,0.9110825332708237,-0.002179991255058411,0.006024952535851558,0.002796558329785463,1
2026-07-18 03:00:00+00:00,63918.36,63980.15,63883.66,63964.95,3371,63912.407999999996,63996.903000000006,63614.71749999999,63851.139800000004,63851.8890416638,63768.62820370338,83.26083796042076,28.48859966788633,54.772238292534425,77.62487548931902,63614.71749999999,64543.70124044683,62685.73375955315,0.029206566560539764,297.70142857142855,0.9098704229713709,0.0003964679165961993,-0.00067803653742049,0.0014738722480044878,0
2026-07-18 04:00:00+00:00,63964.96,63978.06,63894.87,63925.92,3263,63918.202000000005,63967.263,63669.408500000005,63837.811200000004,63863.27841986937,63780.2794478735,82.99897199586849,39.39067413348277,43.60829786238572,75.34617321248753,63669.408500000005,64530.7215719583,62808.09542804171,0.027055789970415425,271.8785714285711,0.8051401588614592,0.00045338627274071897,-0.004615217886865475,0.0008600554173944557,1
2026-07-18 05:00:00+00:00,63923.62,63951.76,63873.94,63916.41,3334,63927.554000000004,63947.653000000006,63718.859,63824.81199999999,63871.45250912024,63790.363192475466,81.08931664477132,47.73040263574048,33.35891400903083,69.45186809505353,63718.859,64511.637202947306,62926.08079705269,0.02488362834454739,233.1892857142853,0.5762850026302788,0.0007321161146178756,-0.0030586854266039243,0.0007419971009163389,1
2026-07-18 06:00:00+00:00,63915.35,63958.02,63890.58,63926.69,3202,63930.84199999999,63933.05500000001,63759.70849999999,63811.616200000004,63879.950584640195,63800.461474514326,79.48911012586905,54.0821441337662,25.406965992102847,66.33240467239555,63759.70849999999,64502.97405144739,63016.4429485526,0.023314584364744876,208.0649999999992,0.30266740921850027,0.00025723573292246726,-0.002278350504200888,0.0007462771597284448,1
2026-07-18 07:00:00+00:00,63926.7,63985.13,63925.21,63957.08,3197,63938.21,63922.774,63795.314,63793.40899999999,63891.81664854171,63812.06284677252,79.75380176919134,59.21647566085123,20.53732610834011,46.58723290953886,63795.314,64502.08608905589,63088.541910944106,0.022157492290292423,165.94142857142756,0.0,0.0005763432677976521,-0.0016049044105445054,0.0007789251478230672,1
2026-07-18 08:00:00+00:00,63957.98,63982.45,63907.35,63956.34,3224,63936.488,63924.448,63840.86750000001,63778.12640000001,63901.74331799682,63822.75004330789,78.9932746889317,63.171835466467336,15.82143922246437,25.276992861391307,63840.86750000001,64455.53269365299,63226.202306347026,0.01925616670710126,134.8064285714276,0.0,-0.00013460496725159476,0.00026180958279375943,0.0004926995200898379,1
2026-07-18 09:00:00+00:00,63956.34,63964.27,63889.25,63928.0,3209,63936.904,63927.553,63882.561499999996,63773.27480000001,63905.78280753577,63830.54633639619,75.2364711395785,65.58476260108958,9.651708538488919,29.78858582539094,63882.561499999996,64387.235574595165,63377.88742540483,0.015800057566419543,119.4457142857131,0.07956042069797163,3.2537662344234164e-05,0.0004859386872144711,0.00046180838073587677,1
2026-07-18 10:00:00+00:00,63927.91,63964.13,63927.21,63952.01,2906,63944.024,63935.789000000004,63924.13600000001,63770.861999999994,63912.8946832995,63839.54364481128,73.35103848821745,67.13801777851515,6.213020709702306,36.307929735372944,63924.13600000001,64279.35355909524,63568.91844090479,0.011113722650712858,104.56214285714148,0.19452685235343378,0.0005569774647855574,0.0012895013515810128,0.00043910308130759736,1
2026-07-18 11:00:00+00:00,63952.87,64052.15,63952.4,64013.71,2984,63961.428,63946.134999999995,63954.5485,63770.36119999999,63928.40473202266,63852.444856306734,75.95987571592559,68.90238936599724,7.057486349928354,45.28332720513119,63954.5485,64214.04314987915,63695.05385012084,0.008114970896218716,99.92142857142711,0.3817529216711115,0.0013612467656309857,0.0016188326598627345,0.000490614217019209,1
2026-07-18 12:00:00+00:00,64011.79,64222.75,64005.88,64163.38,3656,64002.688,63970.449,63985.846,63770.438799999996,63964.55477324994,63875.4770891729,89.07768407704134,72.93744830820606,16.140235768835282,71.56209049564536,63985.846,64174.9631068416,63796.7288931584,0.00591121689136065,98.65999999999882,0.883193839916908,0.0032256006684481253,0.00380380298947558,0.0008449985665820319,1
2026-07-18 13:00:00+00:00,64161.92,64174.25,63917.67,64058.33,3772,64023.085999999996,63979.787,63988.34500000001,63767.64699999999,63978.98173121149,63889.02174923416,89.95998197732843,76.34195504203053,13.618026935297891,63.88047891006767,63988.34500000001,64180.0177917411,63796.67220825892,0.005990865734723718,107.66071428571324,0.7366163802207726,0.001594681621869043,0.0014598620025498832,0.0010460283332356932,1
2026-07-18 14:00:00+00:00,64058.7,64155.06,64040.03,64084.98,3446,64054.482,63995.69300000001,63981.478,63771.204,63995.28915717895,63903.537175216814,91.7519819621375,79.42396042605193,12.328021536085572,68.54151239085951,63981.478,64145.73619823529,63817.21980176472,0.0051345546670642965,106.39357142857001,0.8255563688627163,0.0024555750218997474,0.002488192582914772,0.001013387732177346,1
2026-07-18 15:00:00+00:00,64084.96,64120.84,63984.66,64072.21,3491,64078.522,64011.273,63979.463,63766.061400000006,64007.12313299758,63916.03145853408,91.09167446349602,81.75750323354076,9.33417122995526,64.64799942117088,63979.463,64137.83650643379,63821.089493566215,0.004950760728760379,107.28285714285552,0.7512619016102438,0.0018795343570905398,0.00243755868015727,0.0010157133665544852,1
2026-07-18 16:00:00+00:00,64074.52,64281.65,64039.14,64253.93,3501,64126.56599999999,64043.99700000001,63988.526,63761.3216,64045.093420228724,63941.06098012416,104.03244010456547,86.2124906077457,17.81994949681976,73.02676069944972,63988.526,64185.41877107131,63791.63322892869,0.006154002393220015,117.08642857142695,0.9121623538693537,0.0037526336155175866,0.005118988641520383,0.001303074352301987,1
2026-07-18 17:00:00+00:00,64253.96,64454.66,64224.08,64436.34,3893,64181.15800000001,64091.922999999995,64007.3485,63756.884399999995,64105.285201732004,63977.74831492977,127.53688680223422,94.47736984664343,33.059516955590794,77.3342456539138,64007.3485,64287.38644992849,63727.31055007151,0.00875018123672128,126.66428571428436,0.999999999998079,0.0042541399782867195,0.007493462803492612,0.001495880385734197,1
2026-07-18 18:00:00+00:00,64438.28,64634.83,64408.4,64464.94,4034,64262.48,64142.78300000001,64033.6155,63757.598600000005,64160.61670915785,64013.83658789793,146.78012125992245,104.93792012929924,41.84220113062321,81.63857062359165,64033.6155,64378.04545452924,63689.18554547076,0.01075778563617848,136.8957142857133,0.9999999999982258,0.00634749610238039,0.007952299959628872,0.001477004909244766,1
2026-07-18 19:00:00+00:00,64462.74,64560.69,64431.2,64507.76,3521,64347.036,64200.759,64064.155999999995,63767.121,64214.02336928742,64050.423507312895,163.59986197452236,116.67030849834389,46.92955347617847,83.40394283454768,64064.155999999995,64461.776044680555,63666.535955319436,0.012413182956177857,140.586428571428,0.9999999999982796,0.006597177685005118,0.009068952571643196,0.001414175410581709,1
2026-07-18 20:00:00+00:00,64511.71,64707.01,64460.46,64648.55,3764,64462.304000000004,64270.413,64103.101,63776.20880000001,64280.873620166276,64094.729173437874,186.14444672840182,130.56513614435548,55.57931058404634,85.5364984345154,64103.101,64567.48119300797,63638.72080699204,0.01448854067162724,153.37999999999997,0.9999999999983404,0.008995163425766117,0.010891604501563013,0.00145401794624879,1
2026-07-18 21:00:00+00:00,64652.31,64805.75,64570.24,64684.1,3882,64548.338,64337.452000000005,64141.79350000001,63785.4318,64342.908447833,64138.38627170174,204.52217613125686,145.35654414173575,59.1656319895211,85.60960796222629,64141.79350000001,64663.88619514768,63619.700804852335,0.016279329487338772,165.92214285714311,0.9999999999983424,0.006694843412690776,0.010472600322649628,0.0014637101537546347,1
2026-07-18 22:00:00+00:00,64686.94,64831.42,64666.57,64760.73,3629,64613.216,64397.187,64183.81800000001,63799.376,64407.188686627924,64184.48580713124,222.70287949668273,160.82581121272517,61.877068283957556,86.6728670295706,64183.81800000001,64763.00690322976,63604.62909677025,0.01804781707531811,172.3328571428574,0.999999999998242,0.005034271034016102,0.009309827505969981,0.001394136043640664,0
2026-07-18 23:00:00+00:00,64758.3,64807.51,64672.9,64796.06,3505,64679.44,64470.96,64225.3735,63813.072,64467.01504253132,64229.78759919559,237.22744333573064,176.10613763732627,61.12130569840437,89.32499773489172,64225.3735,64855.466869062984,63595.28013093702,0.019621322064027627,176.58928571428623,0.9999999999981137,0.005136435401940975,0.011516535008015305,0.001084335995922546,0
2026-07-19 00:00:00+00:00,64796.78,64874.91,64725.97,64738.6,3434,64725.60799999999,64536.322,64266.00749999999,63829.388,64508.79734368034,64267.477406662576,241.31993701776082,189.1488975134132,52.17103950434762,84.586026469683,64266.00749999999,64919.184425781175,63612.83057421881,0.02032729124432331,184.5907142857151,0.8923980128752004,0.003578484200970511,0.01019926978209229,0.0012477687509634598,0
2026-07-19 01:00:00+00:00,64737.96,64753.95,64718.13,64723.97,3278,64740.692,64601.498,64306.3855,63848.32720000001,64541.90082926799,64301.29167283572,240.60915643226326,199.44094929718324,41.168207135080024,82.57834287391776,64306.3855,64968.35131872189,63644.4196812781,0.020587872062002167,179.9964285714294,0.7348484006518013,0.0011666154925360495,0.010172272815312633,0.001250685346042579,0
2026-07-19 02:00:00+00:00,64722.04,64931.55,64641.71,64783.94,3885,64760.659999999996,64654.498999999996,64349.248,63867.2874,64579.137624765215,64337.043400773815,242.0942239914002,207.97160423602665,34.12261975537356,81.0162138387416,64349.248,65018.668769120486,63679.82723087951,0.020805861449087533,185.20857142857236,0.6734548625808051,0.0015435014168860839,0.008248678329870307,0.0010748604175612215,0
2026-07-19 03:00:00+00:00,64783.11,64803.2,64573.43,64667.22,3479,64741.958,64677.587,64384.755000000005,63890.75399999999,64592.68875941673,64361.50092664242,231.18783277431066,212.61484994368345,18.57298283062721,80.08201175831222,64384.755000000005,65041.81148250312,63727.69851749689,0.020410312425763452,183.293571428572,0.625441236444759,-0.0014439306042411948,0.0035830712917588325,0.0011087252933193422,0
2026-07-19 04:00:00+00:00,64667.77,64751.87,64559.62,64674.12,3354,64717.56999999999,64698.50499999999,64420.64399999999,63915.6038,64605.21664258338,64384.65789503927,220.55874754410615,214.203629463768,6.355118080338144,79.6855789579763,64420.64399999999,65057.266268452746,63784.02173154724,0.019764542200253477,188.80928571428635,0.6093763652114581,-0.0018819045478999374,0.0032448645728981873,0.001110958147707419,0
2026-07-19 05:00:00+00:00,64676.48,64772.75,64623.38,64678.55,3336,64705.56000000001,64715.58400000001,64458.1715,63938.8682,64616.498697570554,64406.42768059192,210.07101697863254,213.3771069667409,-3.3060899881083685,80.81121183787981,64458.1715,65060.05778306128,63856.28521693871,0.018675251533043728,189.7514285714299,0.47762534815602,-0.0009275764381682094,0.002647588445173099,0.001106684729429837,0
2026-07-19 06:00:00+00:00,64678.64,64725.56,64648.66,64667.5,3358,64694.266,64717.47900000001,64493.945999999996,63963.754799999995,64624.34505179047,64425.76637091845,198.57868087202223,210.4174217477972,-11.83874087577496,75.42573989597801,64493.945999999996,65052.664717306776,63935.22728269322,0.017326237638080933,177.92214285714363,0.0,-0.0008724742935267704,0.0002931233569816172,0.0008807791083354015,0
2026-07-19 07:00:00+00:00,64665.45,64736.47,64626.11,64670.3,2507,64671.538,64716.099,64526.7755,64001.4292,64631.4150438227,64443.879973072646,187.53507075005473,205.8409515482487,-18.305880798193982,68.46042166393161,64526.7755,65042.161910027025,64011.38908997298,0.01597434262082481,169.3350000000007,0.0,-0.0017541384485105782,-0.0002133445468051054,0.0008618984370058339,0
2026-07-19 08:00:00+00:00,64670.3,64700.74,64579.41,64661.62,3415,64670.418000000005,64706.18800000001,64551.6875,64036.836,64636.06196015767,64460.00886395615,176.0530962015182,199.88338047890264,-23.830284277384436,66.02254953076118,64551.6875,65040.60134779189,64062.77365220811,0.015147980377488646,161.82785714285743,0.0,-8.65971971579782e-05,-0.0015304027610559823,0.0007506306886040042,0
2026-07-19 09:00:00+00:00,64667.81,64680.45,64447.11,64471.61,3408,64629.916000000005,64673.743,64572.351500000004,64070.785,64610.76165859495,64460.86820736681,149.8934512281412,189.88539462875036,-39.99194340060916,47.62467967671981,64572.351500000004,65005.1867866374,64139.51621336261,0.013406211066586201,169.24571428571394,0.0,-0.0031312370388650868,-0.005007248897540895,0.001112009818196052,1
2026-07-19 10:00:00+00:00,64471.28,64657.5,64426.46,64552.27,3535,64604.659999999996,64655.11,64595.716,64105.1884,64601.76294188804,64467.63871052483,134.12423136321013,178.73316197564233,-44.608930612432204,43.13090379840714,64595.716,64963.31120668024,64228.12079331976,0.01138141132084493,168.13785714285663,0.0,-0.0019524247219520063,-0.0028781901369507867,0.0012290161003534667,0
2026-07-19 11:00:00+00:00,64547.12,64595.71,64393.56,64429.47,3635,64557.054000000004,64625.66000000001,64613.579000000005,64135.229799999994,64575.256335443715,64464.8113986341,110.4449368096175,165.0755169424374,-54.63058013281989,33.844709226337926,64613.579000000005,64899.76888395743,64327.38911604258,0.008858505855477462,165.75499999999946,0.0,-0.0036808288552981905,-0.004550091720269989,0.0013298778719224823,1
2026-07-19 12:00:00+00:00,64430.33,64430.33,64239.88,64396.85,3967,64502.364,64586.951,64620.725,64160.9728,64547.8092069139,64459.7772209575,88.03198595640424,149.66681074523078,-61.634824788826535,25.547670886756066,64620.725,64874.39276277891,64367.05723722109,0.007850972355352263,167.5835714285713,0.0,-0.004228370674018933,-0.005975091974955604,0.0012385207326042961,1
2026-07-19 13:00:00+00:00,64397.57,64478.2,64252.96,64427.77,3753,64455.594,64563.00600000001,64620.2965,64184.6288,64529.34163661946,64457.406315701395,71.93532091806264,134.12051277979714,-62.185191861734495,25.103765294395984,64620.2965,64875.301130485495,64365.2918695145,0.007892400508731762,174.05714285714254,0.0,-0.0036165193510463434,-0.003702803367765073,0.0012018619299756699,0
2026-07-19 14:00:00+00:00,64435.46,64617.78,64363.27,64545.05,3895,64470.28200000001,64550.099,64624.302,64214.6244,64531.75830790877,64463.89844046426,67.85986744450929,120.86838371273957,-53.00851626823028,37.89510550739905,64624.302,64871.42672049043,64377.177279509575,0.007648043006806586,181.5978571428568,0.2225564893501431,0.001139106034423465,-0.001995697815447617,0.0013855508735072797,0
2026-07-19 15:00:00+00:00,64545.31,64579.04,64446.56,64524.24,3664,64464.676,64534.66799999999,64625.126000000004,64243.2268,64530.60164515357,64468.36818561505,62.23345953851822,109.14139887789531,-46.907939339377094,37.604418792279574,64625.126000000004,64870.71970259285,64379.53229740716,0.007600563984752411,188.5021428571428,0.22357549746630462,-0.00043422175548590847,-0.0023857986921476115,0.0013826803928391092,0
2026-07-19 16:00:00+00:00,64524.29,64608.91,64453.97,64497.53,3671,64478.288,64517.670999999995,64617.575,64270.767,64525.51369974532,64470.52832001394,54.985379731384455,98.31019504859314,-43.32481531720869,31.45949585054194,64617.575,64869.34514182655,64365.80485817345,0.007792621181669218,178.86642857142837,0.11409122030343691,0.00105634890369255,-0.002628368191131547,0.0013835058937128012,0
2026-07-19 17:00:00+00:00,64498.47,64711.78,64355.81,64507.5,4099,64500.418000000005,64501.391,64608.744999999995,64292.8078,64522.74236132297,64473.26696297587,49.47539834710187,88.5432357082949,-39.06783736119303,38.002523886785816,64608.744999999995,64863.06577651655,64354.42422348344,0.007872642519725685,187.88071428571442,0.23154460296969873,0.0017182517467857483,-0.002517384332529793,0.0013866808413361366,1
2026-07-19 18:00:00+00:00,64507.5,64517.26,64238.8,64375.2,4268,64489.904,64472.748999999996,64589.468499999995,64309.563200000004,64500.04353650405,64466.002743496174,34.04079300787271,77.64274716821046,-43.601954160337755,31.105885922330117,64589.468499999995,64853.5409303563,64325.39606964369,0.008176950096943554,194.0385714285715,0.1077435962396563,-0.0008159524999856727,-0.004429520943026288,0.0014968137053861625,1
2026-07-19 19:00:00+00:00,64375.59,64421.18,64295.53,64405.6,3555,64462.014,64466.148,64569.94550000001,64317.508200000004,64485.51376165726,64461.528466200165,23.985295457096072,66.91125682598758,-42.92596136889151,33.29579809304667,64569.94550000001,64827.35866659278,64312.53233340724,0.007973157313343889,192.3442857142857,0.1627923558940961,-0.0021605064989492773,-0.0010238615105160331,0.0012297042002566152,1
2026-07-19 20:00:00+00:00,64405.59,64513.1,64405.59,64488.5,3509,64454.866,64459.77100000001,64557.440500000004,64322.8318,64485.973182940754,64463.526357592746,22.446825348008133,58.018370530391685,-35.57154518238355,39.93092275498971,64557.440500000004,64804.44522430714,64310.435775692866,0.007652246507732552,194.53071428571482,0.341981109755912,-0.0005539003636462203,-0.0009878816035439053,0.0012341571318106326,1
2026-07-19 21:00:00+00:00,64488.45,64517.3,64286.77,64366.32,3705,64428.623999999996,64453.45599999999,64539.558000000005,64327.907999999996,64467.565000949864,64456.32588665994,11.239114289921417,48.66251928229763,-37.42340499237621,34.925216218360745,64539.558000000005,64787.58309665785,64291.53290334216,0.007685986837959007,203.11428571428664,0.24002303849517292,-0.002034341470130707,-0.0009801415408198233,0.001232902842173304,1
2026-07-19 22:00:00+00:00,64360.7,64858.51,64290.95,64622.82,5792,64451.688,64476.053,64531.502,64338.91100000001,64491.45038541911,64468.65878394439,22.791601474724303,43.48833572078297,-20.696734246058668,48.45548779516892,64531.502,64755.39819150876,64307.605808491244,0.00693912847429947,234.98785714285881,0.9999999999957178,0.0017876991047551805,0.0035090225686504883,0.001768924922681014,1
2026-07-19 23:00:00+00:00,64627.72,64732.3,64519.98,64677.04,4561,64512.056000000004,64500.979999999996,64531.992999999995,64351.254,64520.00263381617,64484.09442957814,35.90820423803234,41.97230942423285,-6.064105186200507,59.16877181393763,64531.992999999995,64757.181697022876,64306.804302977114,0.006979133498104752,233.48642857143048,0.9999999999970643,0.004688762132001312,0.0038689838248320285,0.001775447469337567,0
2026-07-20 00:00:00+00:00,64679.73,65059.3,64363.79,64511.25,6103,64533.186,64497.6,64523.8495,64362.687000000005,64518.65607476753,64486.10595331309,32.55012145444198,40.08787183027468,-7.537750375832701,48.298490127758576,64523.8495,64738.95100117784,64308.74799882215,0.0066673486732326355,266.66285714285914,0.6808959458143263,0.0016403853081099484,-0.0005236652539583053,0.0019178700110083584,0
2026-07-20 01:00:00+00:00,64513.73,64991.36,64453.59,64576.63,6120,64550.812,64502.839,64518.753500000006,64376.280600000006,64527.57514018791,64492.811438252866,34.76370193504408,39.023037851228565,-4.259335916184483,56.409519329604784,64518.753500000006,64722.977457176305,64314.52954282371,0.006330685144941568,290.63571428571646,0.9190003829049062,0.0013666002465555493,0.0008119429225357244,0.0019432007432366178,0
2026-07-20 02:00:00+00:00,64576.32,64925.21,64534.05,64779.1,5770,64633.367999999995,64530.996,64524.33349999999,64394.4696,64566.271272466685,64514.01799838228,52.25327408440353,41.66908509786356,10.58418898653997,64.50300873405504,64524.33349999999,64750.58083464091,64298.08616535908,0.007012775564459476,304.97214285714443,0.9999999999974618,0.00641298119886291,0.004365593535132328,0.0021549769469787167,0
2026-07-20 03:00:00+00:00,64778.94,64868.46,64594.23,64815.38,4702,64671.880000000005,64561.784,64531.5875,64412.572199999995,64604.5956920872,64536.341109613226,68.25458247397182,46.98618457308522,21.268397900886605,64.64680053507038,64531.5875,64785.18965579882,64277.98534420118,0.007859783576494863,308.47142857143,0.9999999999970185,0.0029797523537351545,0.00477277835910539,0.0021528696239262214,0
2026-07-20 04:00:00+00:00,64813.88,64824.66,64481.81,64494.79,4341,64635.43000000001,64573.742999999995,64523.246,64424.063200000004,64587.702508689166,64533.26324964188,54.439259047285304,48.47679946792524,5.962459579360065,48.35375040943328,64523.246,64769.71399569222,64276.77800430778,0.007639665112081284,314.7814285714303,0.5142335766985993,-0.002817846951561176,0.0018577029663597866,0.0026646628179274458,0
2026-07-20 05:00:00+00:00,64496.81,64518.63,64025.19,64081.18,6270,64549.416000000005,64541.301,64503.7245,64426.3878,64509.77596889083,64499.77560152026,10.000367370572349,40.78151304845466,-30.781145677882314,38.457771062366575,64503.7245,64819.51258313653,64187.936416863464,0.009791313155460746,340.5642857142869,0.2191915523144971,-0.006666589160805314,-0.005037139627609988,0.003377502584287841,1
2026-07-20 06:00:00+00:00,64081.41,64170.93,63702.36,63856.8,5960,64405.45,64478.130999999994,64468.951,64425.0054,64409.318127523016,64452.14777918543,-42.82965166241047,24.059280106281633,-66.8889317686921,34.86681436203641,64468.951,64895.84942400304,64042.05257599696,0.013243535605319231,362.9664285714295,0.11212957318303171,-0.011146911816240612,-0.009795544942121426,0.003434989068692437,1
2026-07-20 07:00:00+00:00,63858.39,64251.99,63831.13,64215.68,4789,64292.766,64463.067,64458.2615,64430.9908,64379.52764636563,64434.631647393915,-55.10400102828862,8.22662387936758,-63.3306249076562,44.08284263630022,64458.2615,64899.77871617558,64016.744283824424,0.013699321263127033,367.6014285714295,0.3868993098060067,-0.008697558317420251,-0.0023403543965229145,0.003989549055242983,1
2026-07-20 08:00:00+00:00,64215.27,64305.88,63821.47,63995.09,4578,64128.708000000006,64400.293999999994,64438.17350000001,64432.3588,64320.383393078606,64402.073006846214,-81.68961376760853,-9.756623650027649,-71.93299011758089,42.55903091806731,64438.17350000001,64925.62418502034,63950.72281497969,0.015129252073550007,382.31214285714356,0.29546847320500375,-0.012655792498632246,-0.009713751272383386,0.00380485284603585,1
2026-07-20 09:00:00+00:00,63993.19,64223.57,63947.77,64135.06,3998,64056.762,64346.096,64423.538,64435.91840000001,64291.87210183575,64382.29426559835,-90.4221637626033,-25.88973167254279,-64.53243209006051,44.921801677340866,64423.538,64929.52830839838,63917.54769160162,0.015708243418682807,393.0371428571437,0.3376424440510845,-0.005577659838880034,-0.00837978979866738,0.003898766001037565,1
2026-07-20 10:00:00+00:00,64134.27,64357.61,64094.48,64250.56,4023,64090.638,64320.027,64408.813500000004,64441.80279999999,64285.51639386101,64372.53617185032,-87.01977798930602,-38.115740935895445,-48.904037053410576,45.58772261658392,64408.813500000004,64917.04975199562,63900.57724800439,0.015781574737302528,404.1528571428576,0.3600038022925404,0.002643209753628195,-0.004041000600670475,0.0039278695143348035,1
2026-07-20 11:00:00+00:00,64249.41,65019.3,64202.52,64932.69,6018,64305.81599999999,64355.63300000001,64429.236,64461.8966,64385.08156403624,64414.02904800955,-28.947483973308408,-36.28208954337804,7.334605570069634,58.69655343965069,64429.236,64987.37692871871,63871.095071281285,0.0173257037758049,446.0278571428576,0.8001930873665849,0.016848479723380994,0.0055137593894263315,0.005259497233852181,1
2026-07-20 12:00:00+00:00,64933.83,64950.71,64537.64,64589.75,5122,64380.630000000005,64336.698,64433.846999999994,64474.6514,64416.56901572297,64427.04541482366,-10.476399100691197,-31.12095145484067,20.644552354149475,49.505344434040445,64433.846999999994,64995.873709389125,63871.82029061086,0.017445076945014033,434.99285714285725,0.4915559727563001,0.005825212782921474,-0.0029230106623895358,0.005471216573273273,1
2026-07-20 13:00:00+00:00,64590.78,64704.21,64130.25,64280.02,7078,64437.616,64283.162,64422.473,64479.977600000006,64395.561474842514,64416.154643355236,-20.593168512721604,-29.015394866416862,8.422226353695258,44.48313619991992,64422.473,64987.42334319602,63857.52265680398,0.01753892133870795,460.8242857142858,0.3229122331345768,0.0044523728304781685,-0.008259767974823307,0.005639450100859599,1
2026-07-20 14:00:00+00:00,64281.71,64514.39,64002.1,64348.05,7837,64480.214,64268.488,64421.1155,64483.670999999995,64388.25201717443,64411.10985495855,-22.8578377841186,-27.783883449957216,4.926045665838615,47.66889112350311,64421.1155,64986.6742677765,63855.5567322235,0.017558179903808084,447.7371428571428,0.4298886066312583,0.003320960485575286,-0.0022752225412315807,0.005467734721449488,1
2026-07-20 15:00:00+00:00,64353.56,65647.15,64343.16,65539.52,8118,64738.00600000001,64414.322,64477.811499999996,64513.2948,64565.37016837837,64494.69579162829,70.67437675008114,-8.09223140994954,78.76660816003067,60.40608917621481,64477.811499999996,65232.532582764296,63723.0904172357,0.023410257426752127,502.4671428571419,0.8575986122256387,0.020061459386502056,0.02275769578525244,0.007596204052332629,0
2026-07-20 16:00:00+00:00,65539.52,65589.24,65270.99,65454.52,5549,64842.371999999996,64574.094000000005,64526.1125,64540.685600000004,64702.16245016632,64565.79388113731,136.36856902900763,20.799928677841905,115.56864035116573,57.48952119048142,64526.1125,65398.230804815474,63653.99419518453,0.027031484496000614,497.2592857142855,0.7596614282129551,0.008036475926070485,0.025020358051139224,0.007440204675130866,0
2026-07-20 17:00:00+00:00,65452.33,65610.31,65287.13,65532.82,4668,65030.986,64705.808,64584.4375,64569.89779999999,64829.955919371496,64637.4254454975,192.5304738739942,55.14603771707238,137.38443615692182,57.882015855437764,64584.4375,65561.2954424356,63607.5795575644,0.030250567481851936,500.7557142857144,0.9011689509889335,0.014600923521146836,0.020511189790406226,0.007365151822473624,0
2026-07-20 18:00:00+00:00,65532.81,65761.59,65147.24,65199.5,5242,65214.882000000005,64826.248999999996,64613.27150000001,64588.809199999996,64886.8088548528,64679.060597682874,207.74825716992927,85.66648160764377,122.0817755622855,57.72056487395504,64613.27150000001,65628.20162567917,63598.34137432085,0.031415531271440374,520.148571428571,0.8948472765225755,0.0143042892643781,0.018820350123736063,0.007518854610235556,1
2026-07-20 19:00:00+00:00,65199.49,65231.79,64994.31,65099.71,4818,65365.214,64922.71399999999,64634.405000000006,64602.0766,64919.56287718315,64710.219812669326,209.34306451382145,110.40179818887931,98.94126632494213,61.98262129914368,64634.405000000006,65672.26905217618,63596.54094782383,0.03211491007540573,501.8657142857145,0.9999999999963122,0.011681162055415806,0.015040915218602846,0.007594146622746937,1
2026-07-20 20:00:00+00:00,65101.48,65398.81,65008.37,65328.48,4115,65323.00600000001,65030.50600000001,64675.266500000005,64619.34739999999,64982.47320377035,64756.01686358271,226.45634018764395,133.61270658863225,92.8436335990117,67.29589462253361,64675.266500000005,65756.17237878415,63594.36062121587,0.03342563354676362,496.28499999999985,0.9999999999959576,-0.0032200418922812,0.016776818754575817,0.007620473721099485,0
2026-07-20 21:00:00+00:00,65328.79,65402.91,65217.8,65243.69,3705,65280.840000000004,65061.60600000001,64708.61949999999,64634.066,65022.6604031903,64792.14079961362,230.5196035766785,152.99408598624152,77.52551759043698,62.91362776453198,64708.61949999999,65817.51424402437,63599.72475597562,0.03427347863677951,479.44571428571413,0.822844685953754,-0.0032210151415058563,0.004789575173922422,0.006973887955319871,1
2026-07-20 22:00:00+00:00,65242.81,65244.62,65041.33,65102.39,3976,65194.754,65112.87000000001,64724.784,64643.142799999994,65034.926495007174,64815.12222186447,219.80427314270491,166.3561234175342,53.44814972517071,64.19236921436325,64724.784,65847.34570974467,63602.222290255326,0.03468722923029516,459.3657142857145,0.8639565917122803,-0.006568159282631214,0.00793686304715524,0.006753009749121041,1
2026-07-20 23:00:00+00:00,65103.33,65234.8,65078.96,65207.78,3800,65196.409999999996,65205.64600000001,64744.403999999995,64653.616400000006,65061.519341929146,64844.207983207845,217.31135872130108,176.5471704782876,40.76418824301348,63.87212075128142,64744.403999999995,65887.1676285204,63601.640371479596,0.03530076911420492,450.7971428571431,0.849918461945256,0.00012699483891753793,0.014433100674206445,0.006459558140769096,1
2026-07-21 00:00:00+00:00,65207.08,65547.32,65103.94,65518.22,4833,65280.112,65322.663,64795.5755,64668.7662,65131.78098163235,64894.13479926652,237.64618236583192,188.7669728557965,48.87920951003542,65.60619490815964,64795.5755,65982.09451134045,63609.05648865955,0.03662345776496564,463.6721428571436,0.9259318104735809,0.0064287536764757736,0.018185011045400712,0.006540053432369744,1
2026-07-21 01:00:00+00:00,65517.41,65620.27,65186.73,65198.05,4500,65254.026,65288.51599999999,64851.418999999994,64676.806000000004,65141.976215227376,64916.64703635789,225.32917886948417,196.07941405853404,29.249764810950126,53.58648876586724,64851.418999999994,66000.92093728723,63701.91706271277,0.03545032491231164,436.29785714285754,0.39904655093719393,-0.00199652586437038,-0.0052101388597292075,0.003275140563911411,1
2026-07-21 02:00:00+00:00,65200.06,65460.61,65126.66,65364.43,4509,65278.174,65279.507,64926.8005,64689.3226,65176.19987442317,64949.81614477583,226.3837296473357,202.1402771762944,24.24345247104131,60.994981378871756,64926.8005,65996.64562044786,63856.955379552135,0.03295542402240697,430.64642857142877,0.7237987126761356,0.001850600418216608,-0.0013763755352570461,0.0033972322354730187,1
2026-07-21 03:00:00+00:00,65366.07,65546.19,65352.48,65513.92,4387,65360.479999999996,65277.617000000006,64991.7125,64705.12159999999,65228.1568168196,64991.60161553318,236.55520128642092,209.02326199831975,27.53193928810117,68.34719149239874,64991.7125,66037.1483295567,63946.2766704433,0.03217135814221544,403.4857142857145,0.9999999999951641,0.00632127330501997,-0.00028840510754768456,0.003461539142176541,1
2026-07-21 04:00:00+00:00,65516.27,65700.26,65430.47,65473.86,4260,65413.69600000001,65305.053,65065.651,64718.92,65265.957306539654,65027.324458827025,238.63284771262988,214.9451791411818,23.687668571448086,66.88038096723204,65065.651,66019.45977690497,64111.842223095024,0.029318350381370175,386.1642857142854,0.9006273242926132,0.004080494689437497,0.004208007730120533,0.002991675845962306,1
2026-07-21 05:00:00+00:00,65468.07,65894.8,65435.81,65699.29,4539,65449.909999999996,65365.01100000001,65143.8625,64739.561400000006,65332.623874764315,65077.0996840991,255.52419066521543,223.06098144598855,32.46320921922688,53.37262468177785,65143.8625,66030.54479843198,64257.18020156803,0.02722228202025857,325.80714285714356,0.0,0.0027636587196659956,0.009210179277296282,0.0030436018812751947,1
2026-07-21 06:00:00+00:00,65699.38,65945.87,65579.72,65869.38,4527,65584.176,65419.101,65224.8035,64763.4666,65415.20174018519,65135.787114906576,279.41462527861586,234.331710212514,45.08291506610186,58.45369479810261,65224.8035,66062.32283129051,64387.284168709484,0.025681007418918905,329.22857142857123,0.3393133290965733,0.01029678034849213,0.00827969669583628,0.0029691799065009717,1
2026-07-21 07:00:00+00:00,65872.54,66206.34,65812.35,66139.9,4657,65739.26999999999,65508.721999999994,65285.164000000004,64792.693600000006,65526.693780156704,65210.165847135715,316.5279330209887,250.77095477420897,65.75697824677974,61.471915462935584,65285.164000000004,66204.0920943269,64366.23590567311,0.028151207350169075,334.2864285714277,0.5408697883239688,0.011863791973707905,0.01373634753031272,0.003030318812764285,1
2026-07-21 08:00:00+00:00,66139.39,66314.14,66073.3,66179.9,4789,65872.466,65616.473,65364.67150000001,64822.9416,65627.18704474797,65281.998006607144,345.18903814083023,269.65457144753327,75.53446669329696,70.83634416097789,65364.67150000001,66305.17081075338,64424.17218924665,0.028776991887838454,307.6071428571418,0.9999999999942739,0.010165473230727029,0.01655100527031328,0.002788183702135057,1
2026-07-21 09:00:00+00:00,66179.61,66309.76,66089.47,66239.0,3927,66025.49399999999,65719.595,65462.620500000005,64854.315599999994,65721.31211478675,65352.88704315476,368.4250716319875,289.40867148442413,79.01640014756339,74.63937056917815,65462.620500000005,66332.9091812881,64592.331818711915,0.026588873914330687,306.379285714284,0.9999999999952979,0.01168619048884545,0.015814370616512363,0.0027984094275476214,1
2026-07-21 10:00:00+00:00,66238.97,66381.02,66126.16,66145.32,4158,66114.7,65782.30500000001,65552.484,64883.9896,65786.54409712725,65411.58578069886,374.9583164283904,306.5186004732174,68.43971595517297,68.76205876408022,65552.484,66300.81035462592,64804.15764537407,0.022831365311066654,296.6949999999987,0.7236384054105632,0.006788962255147801,0.009571383349547657,0.0026964730821899176,1
2026-07-21 11:00:00+00:00,66145.33,66319.41,66100.72,66302.17,3787,66201.258,65892.71699999999,65590.6165,64920.6008,65865.87115910767,65477.55498212857,388.31617697910406,322.87811577439476,65.4380612047093,73.53328293832553,65590.6165,66410.46794534424,64770.76505465577,0.02499904678725601,299.0935714285702,0.9479898035739103,0.006570427716185989,0.01693486231566732,0.0017648347919384567,1
2026-07-21 12:00:00+00:00,66302.28,66601.59,66216.5,66507.74,4547,66274.826,66007.048,65643.2775,64959.710199999994,65964.62021155264,65553.86498345238,410.7552281002572,340.4535382395673,70.30168986068992,80.37714478399806,65643.2775,66556.32589354966,64730.229106450344,0.027818488909230832,312.0792857142842,0.999999999996297,0.0055615445442163125,0.017491317525449412,0.0018029896599229087,0
2026-07-21 13:00:00+00:00,66505.0,66768.56,66268.91,66728.61,5963,66384.568,66128.51699999999,65703.067,65005.69300000001,66082.157102083,65640.88313282627,441.27396925672656,360.6176244429992,80.65634481372734,81.31019290552393,65703.067,66734.58326694548,64671.550733054515,0.03139933382243736,336.63714285714065,0.9999999999964206,0.008291188109985193,0.018540945191495295,0.001866562983109143,0
2026-07-21 14:00:00+00:00,66728.6,66920.92,66602.02,66804.73,5843,66497.714,66261.604,65783.32849999999,65053.850600000005,66193.322163301,65727.09401187618,466.22815142481704,381.73972983936284,84.4884215854542,79.3144148783458,65783.32849999999,66896.44324483543,64670.21375516455,0.03384184930184682,327.74571428571136,0.9285629296262573,0.008540738839656337,0.020326738029497582,0.0016841561639236828,0
2026-07-21 15:00:00+00:00,66803.74,66803.74,66485.11,66648.94,5105,66598.438,66356.56899999999,65860.79,65098.274000000005,66263.41721510084,65795.37889988536,468.0383152154827,398.9994469145869,69.03886830089584,85.73708712037298,65860.79,66989.1152053425,64732.46479465749,0.0342639438531638,319.6085714285681,0.9999999999969101,0.007613841765373497,0.014454494104883198,0.0020831699376372497,0
2026-07-21 16:00:00+00:00,66648.8,66738.48,66423.69,66505.82,4391,66639.168,66420.21300000002,65919.65699999999,65137.48939999999,66300.70995123917,65848.00416656052,452.70578467864834,409.74071446739924,42.9650702112491,78.43961947286392,65919.65699999999,67053.88177061586,64785.43222938412,0.03441233835958432,318.2399999999964,0.7745222043643721,0.003071543510567043,0.009662152581366268,0.002317666527397008,0
2026-07-21 17:00:00+00:00,66505.82,66540.46,65952.48,66178.01,4882,66573.222,66424.024,65966.37299999999,65170.56480000001,66281.83303566392,65872.4490431116,409.3839925523207,409.6693700843836,-0.2853775320629097,65.19649795653115,65966.37299999999,67059.59420728016,64873.15179271983,0.033144802649075863,346.40214285714006,0.36533507383754993,-0.004957768825102349,0.000576202866953146,0.002688196546711422,1
2026-07-21 18:00:00+00:00,66178.26,66329.68,66061.73,66282.88,4672,66484.076,66434.322,66025.3975,65206.271799999995,66281.99410710024,65902.85133621444,379.14277088579547,403.564050244666,-24.42127935887055,67.97966059506999,66025.3975,67047.35765093587,65003.437349064145,0.0309565770031407,346.27071428571173,0.45132947723018213,-0.006679743516311731,0.0015560615836531788,0.002727793663257356,1
2026-07-21 19:00:00+00:00,66284.64,66472.95,66225.56,66406.98,4075,66404.526,66451.12,66085.35750000001,65244.261399999996,66301.22270600789,65940.19420019856,361.02850580932864,395.0569413575986,-34.028435548269954,66.46947390958313,66085.35750000001,67044.09734276285,65126.61765723717,0.029015197285203135,331.15642857142564,0.29379701089839083,-0.005953919729935309,0.002535968236235364,0.002774259937227837,1
2026-07-21 20:00:00+00:00,66407.97,66468.16,66324.39,66367.27,3776,66348.19200000001,66473.31499999999,66127.81000000001,65284.1028,66311.38382816053,65971.8294446283,339.55438353223144,383.9564297925252,-44.40204626029379,62.33555158043929,66127.81000000001,67055.50100205035,65200.11899794966,0.028057514744563455,315.27214285714064,0.035591593156335026,-0.0042261737395973276,0.003355490607649836,0.002731304875921874,1
2026-07-21 21:00:00+00:00,66366.61,66382.36,66252.11,66342.3,3810,66315.488,66477.32800000001,66185.0225,65322.8368,66316.14016228967,65999.27170798916,316.86845430050744,370.5388346941217,-53.670380393614266,55.70925666832182,66185.0225,67006.31637355113,65363.72862644889,0.024818118738302863,296.43357142856985,0.0,-0.0024587321831383013,0.0006052592245473498,0.0026407787784180014,0
2026-07-21 22:00:00+00:00,66342.3,66346.11,66158.41,66261.03,3987,66332.09199999999,66452.657,66229.8525,65358.2874,66307.66167578356,66018.66121110108,289.00046468248183,354.2311606917938,-65.23069600931194,52.236427890155234,66229.8525,66954.77685002486,65504.92814997513,0.021891166072727303,292.6378571428556,0.0,0.0012544952620969774,-0.003709493060507052,0.0024342597203312415,0
2026-07-21 23:00:00+00:00,66259.79,66535.7,66188.94,66514.13,3967,66378.34199999999,66431.209,66279.863,65401.2436,66339.42603335532,66055.36260287136,284.0634304839623,340.19761465022754,-56.13418416626524,56.85142666460822,66279.863,66931.08550837626,65628.64049162374,0.019650689633328316,301.6714285714271,0.13775844656443237,0.0034888345225796424,-0.0032142135135138084,0.0025218006476449163,0
2026-07-22 00:00:00+00:00,66514.11,66704.79,66489.4,66581.27,4504,66413.2,66408.86300000001,66335.2335,65440.412599999996,66376.63279745451,66094.31870636238,282.31409109213564,328.6209099386092,-46.30681884647356,61.00167062873175,66335.2335,66877.0275153272,65793.43948467281,0.016335030020726227,298.8521428571413,0.261643888208745,0.0026245735011591886,-0.003344972728727358,0.00251368269998851,0
2026-07-22 01:00:00+00:00,66584.05,66626.56,66239.15,66390.36,4298,66417.818,66383.005,66369.787,65474.679,66378.7446747692,66116.24769107628,262.4969836929231,315.396124689472,-52.89914099654891,52.18795742674975,66369.787,66821.46329186954,65918.11070813045,0.013610900751257371,310.90357142857,0.0,0.00034791245745080523,-0.0038797316206379273,0.0025661550107652547,0
2026-07-22 02:00:00+00:00,66389.43,66496.96,66249.08,66270.08,4272,66403.374,66359.431,66389.822,65509.855599999995,66362.02703249702,66127.64267692248,234.38435557454068,299.19377086648575,-64.80941529194507,43.843196584562044,66389.822,66779.30500164948,66000.33899835052,0.011733214216163483,301.1028571428563,0.0,-0.0010885965665947683,-0.0035446521823203625,0.002542638715264357,0
2026-07-22 03:00:00+00:00,66269.68,66334.81,66127.79,66159.01,4199,66382.97,66357.531,66390.7775,65541.5032,66330.7936428821,66129.96618233563,200.8274605464685,279.5205088024823,-78.69304825601381,34.35388351114668,66390.7775,66777.76470348243,66003.79029651756,0.011657860264776583,280.2007142857141,0.0,-0.0015396681880738283,-0.000287104432423968,0.0020529488113938455,0
2026-07-22 04:00:00+00:00,66156.72,66384.63,66142.35,66330.53,3874,66346.25,66362.296,66398.309,65572.5318,66330.7530824387,66144.82276142188,185.9303210168291,260.8024712453517,-74.87215022852257,37.623064635687115,66398.309,66773.70540123503,66022.91259876496,0.011307408483400788,274.7278571428573,0.06362353638742498,-0.0027603157404300083,0.0007188884973012843,0.002162662363071432,0
2026-07-22 05:00:00+00:00,66332.69,66336.26,65888.01,65933.66,4417,66216.728,66314.96399999999,66383.042,65594.8974,66269.66183898659,66129.18107539063,140.4807635959587,236.7381297154731,-96.25736611951439,33.4175653996311,66383.042,66807.36545798334,65958.71854201666,0.012784091996969256,283.9157142857148,0.0,-0.009726609300183098,-0.0071275640000493246,0.0027764623479894974,1
2026-07-22 06:00:00+00:00,65933.65,65979.88,65780.63,65888.49,4444,66116.354,66267.08600000001,66370.2005,65622.7714,66211.02001760404,66111.35210684317,99.6679107608652,209.32408592455153,-109.65617516368633,35.00745583570945,66370.2005,66838.1211488511,65902.27985114891,0.014100323498377774,275.6628571428581,0.046000985388280645,-0.007559380608871513,-0.00721409815410512,0.0027762029769118385,1
2026-07-22 07:00:00+00:00,65891.81,65929.93,65645.69,65794.68,4127,66021.274,66212.324,66344.826,65657.0414,66146.96770720341,66087.89491374369,59.07279345972347,179.27382743158594,-120.20103397186247,39.49659960872218,66344.826,66878.67589545865,65810.97610454135,0.01609318850150135,253.9671428571424,0.17588731744121028,-0.007173674756390969,-0.008254462085276026,0.0027815364508836284,0
2026-07-22 08:00:00+00:00,65794.09,66118.92,65794.09,65938.87,4175,65977.246,66180.108,66316.38249999999,65698.68280000001,66114.95267532596,66076.85603124416,38.09664408180106,151.03839076162896,-112.9417466798279,40.7728084716029,66316.38249999999,66873.78404200316,65758.98095799683,0.016810372369245704,258.02999999999986,0.222536107702672,-0.0033274379408034793,-0.004861982978532131,0.0029326683501557853,0
2026-07-22 09:00:00+00:00,65938.86,66036.71,65793.5,65878.14,3855,65886.768,66116.50899999999,66273.85900000001,65731.932,66078.51995604504,66062.13632522608,16.383630818963866,124.10743877309594,-107.72380795413207,35.31603674045141,66273.85900000001,66828.60280836857,65719.11519163146,0.016740953876506738,257.7314285714289,0.06565019185442758,-0.006820237980911692,-0.00956172771108943,0.0025128995851010616,0
2026-07-22 10:00:00+00:00,65880.87,66074.12,65843.79,66007.67,3828,65901.56999999999,66059.149,66234.00600000001,65772.18359999999,66067.61996280734,66058.10178261675,9.518180190585554,101.18958705659387,-91.67140686600831,40.48959038591738,66234.00600000001,66740.60157715884,65727.41042284117,0.015297144405211852,263.91428571428594,0.2563804382097486,0.0011224919108083764,-0.00861503542963371,0.002612357213654079,1
2026-07-22 11:00:00+00:00,66006.96,66044.08,65856.43,65974.67,3854,65918.80600000001,66017.57999999999,66200.29250000001,65808.9758,66053.31996852928,66051.92165057106,1.3983179582137382,81.23133323691785,-79.83301527870411,40.31834150606504,66200.29250000001,66679.63164138007,65720.95335861995,0.014481481071403311,268.01428571428653,0.2501721933372248,0.001307967446210867,-0.006261300586410501,0.002515904899851711,1
2026-07-22 12:00:00+00:00,65973.87,65974.85,65490.44,65582.92,4293,65876.454,65948.864,66154.14749999999,65835.623,65980.9507426017,66017.18078756581,-36.23004496411886,57.7390575967105,-93.96910256082936,34.65168600361251,66154.14749999999,66684.6096796489,65623.68532035108,0.016037155634086534,289.2078571428584,0.04474028045234414,-0.003218497300997547,-0.010369083604546803,0.0030199987995729954,1
2026-07-22 13:00:00+00:00,65586.59,65937.04,65516.02,65913.62,5442,65871.40400000001,65924.325,66140.928,65855.2416,65970.59216681682,66009.50961811648,-38.917451299668755,38.40775581743465,-77.3252071171034,36.86933400971706,66140.928,66681.95860423698,65599.89739576302,0.016359933874437852,294.5121428571443,0.12513614566811831,-0.000382930432383799,-0.003709094195937901,0.0035610593720633086,0
2026-07-22 14:00:00+00:00,65912.87,66175.17,65542.15,65757.82,6629,65847.34,65867.05399999999,66114.675,65878.603,65937.85798730653,65990.86594270046,-53.00795539392857,20.124613575162,-73.13256896909057,32.666618953998054,66114.675,66677.23101154668,65552.11898845332,0.017017583813175505,324.3428571428589,0.0,-0.0018264025062030287,-0.008634183987373367,0.003446633026190279,1
2026-07-22 15:00:00+00:00,65757.31,66098.0,65757.31,66013.46,5862,65848.49799999999,65875.034,66094.999,65913.2718,65949.48906618246,65992.53957657449,-43.05051039202954,7.489588781723691,-50.54009917375323,42.27682925829704,66094.999,66641.81531242457,65548.18268757542,0.016546374784711826,321.00571428571595,0.859852686741286,8.771707893950875e-05,0.001210307451459558,0.0032230245977109863,0
2026-07-22 16:00:00+00:00,66005.48,66366.98,65878.59,66199.95,5340,65893.55399999999,65906.18,66086.633,65950.3098,65988.021517539,66007.90331164304,-19.88179410403245,2.015312204572461,-21.89710630860491,48.60090892042747,66086.633,66620.88541296888,65552.38058703112,0.0161682442792594,338.1850000000013,0.9999999999937242,0.0034146438322464334,0.004727077521430312,0.003314753694670583,0
2026-07-22 17:00:00+00:00,66201.1,66255.84,65904.52,65994.28,4639,65975.826,65926.14,66069.23199999999,65959.405,65988.98436099455,66006.89417744725,-17.90981645269494,-1.9697135268810206,-15.94010292581392,46.8331750529631,66069.23199999999,66590.9456458622,65547.51835413778,0.015792938106567116,348.49214285714334,0.889061020523816,0.006272364816937159,0.003033679926705446,0.0034614479386530814,1
2026-07-22 18:00:00+00:00,65993.62,66051.05,65696.14,65852.48,4651,65963.598,65917.501,66048.8045,65967.3642,65967.9836900723,65995.45609022894,-27.47240015663556,-7.070250852831929,-20.40214930380363,40.70357622075712,66048.8045,66570.89113546025,65526.71786453976,0.015809116892047427,356.5371428571437,0.5043812610189097,-0.0009275776387338563,-0.0013101528734114076,0.0034711751123396757,1
2026-07-22 19:00:00+00:00,65852.21,65926.47,65646.92,65890.37,4300,65990.108,65918.724,66017.6165,65974.51520000001,65956.04312236888,65987.67193539717,-31.628813028291916,-11.981963287923929,-19.646849740367987,49.021548976796346,66017.6165,66495.29697101744,65539.93602898257,0.014471303156406224,344.48714285714385,0.9999999999938858,0.0020157298401921597,0.00018564579995716812,0.00346532831227451,1
2026-07-22 20:00:00+00:00,65880.94,65955.01,65746.49,65890.86,4340,65965.58799999999,65907.04299999999,65983.09599999999,65988.34240000001,65946.01494969674,65980.5006809233,-34.48573122656671,-16.48271687565249,-18.003014350914224,50.05467153250986,65983.09599999999,66382.66870537521,65583.52329462477,0.012111365776932318,345.149285714286,0.999999999994249,-0.0018571970019448658,-0.001769642830901308,0.0033980519192542743,0
2026-07-22 21:00:00+00:00,65891.83,66110.16,65847.83,66039.78,3772,65933.554,65913.554,65965.56700000001,66007.1438,65960.44034205108,65984.89174159565,-24.451399544574087,-18.07645340943681,-6.374946135137279,55.51381265184937,65965.56700000001,66317.87695355438,65613.25704644564,0.010681631935472434,343.58428571428675,0.9999999999956232,-0.0024194882322418065,0.0009868939094352935,0.0034795608253104134,0
2026-07-22 22:00:00+00:00,66042.25,66049.83,65894.52,66016.85,3944,65938.068,65956.947,65952.90550000001,66020.9112,65969.1187509663,65987.25901999597,-18.14026902966725,-18.089216533482897,-0.05105249618435437,51.85548269199681,65952.90550000001,66276.13800497664,65629.67299502337,0.009801918581938344,331.47571428571507,0.8398783671939283,0.0003419993369122576,0.006616509298457807,0.0027796618876024066,0
2026-07-22 23:00:00+00:00,66015.77,66119.1,65805.77,66077.83,3997,65983.138,65973.36799999999,65948.8465,66037.594,65985.84355850995,65993.96798147775,-8.124422967797727,-16.096257820345862,7.971834852548135,54.750926679323875,65948.8465,66263.09548089153,65634.59751910847,0.009530082710135864,336.48428571428616,0.9666092044952592,0.0034220427233719874,0.0024912908743293105,0.002326938740999815,0
2026-07-23 00:00:00+00:00,66077.88,66281.86,66015.49,66021.63,4349,66009.39,65999.749,65933.4015,66055.9788,65991.34916489304,65996.01701988681,-4.667854993778747,-13.810577255032438,9.142722261253692,50.34413733939452,65933.4015,66194.5399741187,65672.26302588132,0.007921280206321286,339.0585714285714,0.773728214462575,0.0019920968724262966,0.004011842241728791,0.002182725884377537,0
2026-07-23 01:00:00+00:00,66020.19,66180.43,65716.87,65790.83,4444,65989.384,65977.486,65926.26,66067.63979999999,65960.5000626018,65980.81798137668,-20.31791877487558,-15.11204555900107,-5.20587321587451,45.87073124713621,65926.26,66195.06818165959,65657.4518183404,0.008154813625392826,358.76642857142775,0.5779314723594329,-0.001518116473210429,-0.0033724940337925835,0.0021207887636103128,0
2026-07-23 02:00:00+00:00,65791.34,65813.16,65610.94,65781.45,4242,65937.718,65935.636,65920.90800000001,66072.9044,65932.95389912461,65966.04998275617,-33.0960836315644,-18.708853173513738,-14.38723045805066,55.384039616204504,65920.90800000001,66197.04496758709,65644.77103241293,0.008377826579302609,338.60999999999905,0.9943199573015175,-0.003911733200807177,-0.006321757040602005,0.0018149349662784974,0
2026-07-23 03:00:00+00:00,65781.54,65790.96,65542.27,65626.97,4085,65859.742,65898.905,65912.52249999999,66081.4828,65885.87945310543,65940.93294699646,-55.053493891027756,-25.977781317016547,-29.07571257401121,41.404642962092296,65912.52249999999,66213.8371373648,65611.20786263519,0.009142864692056206,326.3007142857137,0.3824550237378945,-0.005905764967580329,-0.005565785398370826,0.0017130372473035812,0
2026-07-23 04:00:00+00:00,65626.69,65701.1,65550.42,65575.12,3848,65759.2,65871.169,65894.33499999999,66085.6966,65838.07030647382,65913.83569166338,-75.76538518955931,-35.9353020915251,-39.83008309803421,44.1574140401142,65894.33499999999,66230.81381888565,65557.85618111433,0.010212678188061597,291.8478571428568,0.2332061230354738,-0.007607846686248698,-0.004211838339269858,0.001624324165026428,1
2026-07-23 05:00:00+00:00,65575.78,65755.77,65527.28,65655.17,3745,65685.908,65847.649,65883.18650000001,66088.52160000001,65809.93179778554,65894.6752700587,-84.74347227315593,-45.696936127851274,-39.04653614530466,37.092648764706794,65883.18650000001,66236.28923354001,65530.08376646002,0.010719054505355347,283.8335714285713,0.0,-0.005550605157733979,-0.0035695656284825406,0.0016801614733448378,1
2026-07-23 06:00:00+00:00,65655.23,65793.74,65582.34,65758.0,3765,65679.34199999999,65834.363,65870.70300000001,66094.20439999999,65801.94229043392,65884.55117598028,-82.6088855463604,-53.07932601155311,-29.52955953480729,33.057572435155464,65870.70300000001,66222.92783239027,65518.47816760974,0.010694430645146266,264.04857142857196,0.0,-0.0004990057124982794,-0.0020163646369162347,0.0017865899527879708,0
2026-07-23 07:00:00+00:00,65756.15,65757.77,65306.42,65400.07,4612,65603.066,65770.392,65841.973,66088.22,65740.11578421331,65848.66368146322,-108.54789724991133,-64.17304025922476,-44.37485699068657,29.601861959589,65841.973,66248.10341857163,65435.84258142837,0.012336520309670215,271.21000000000123,0.0,-0.005797683085429051,-0.009686737296823233,0.0022167461379951296,0
2026-07-23 08:00:00+00:00,65400.97,65629.58,65371.44,65596.46,3808,65596.964,65728.353,65842.65,66082.7616,65718.01489433434,65829.98192728075,-111.96703294641338,-73.73183879666249,-38.235194149750896,41.52879983058963,65842.65,66247.00344492386,65438.29655507613,0.012282417093597085,264.29785714285805,0.460287147525217,-0.0004649003298490273,-0.006367919705347891,0.0025496005042660217,0
2026-07-23 09:00:00+00:00,65597.01,65720.58,65561.24,65606.96,3730,65603.33200000001,65681.26599999999,65827.31700000001,66072.10280000001,65700.92952597521,65813.46178451921,-112.5322585440008,-81.49192274613016,-31.04033579787064,40.4494079111433,65827.31700000001,66243.42531900095,65411.20868099907,0.01264242074459567,255.71142857142902,0.4186310046797242,0.0004855500073810415,-0.00712599066888242,0.0025088148769970096,0
2026-07-23 10:00:00+00:00,65602.69,65756.68,65549.18,65711.25,3721,65614.54800000001,65650.228,65824.9885,66062.7298,65702.51729120979,65805.8905412215,-103.37325001170393,-85.86818819924493,-17.505061812459004,44.34309902804984,65824.9885,66243.2499165324,65406.727083467624,0.012708286809116164,255.63857142857265,0.5688972336925219,0.0008541596952684749,-0.004701186565675641,0.0026104594798610423,0
2026-07-23 11:00:00+00:00,65710.19,65711.87,65503.23,65527.61,3690,65568.47,65623.906,65800.696,66048.50200000001,65675.6084771775,65785.27716779769,-109.6686906201794,-90.62828868343183,-19.04040193674757,34.214208660810655,65800.696,66229.17860162022,65372.213398379776,0.013023649525537669,251.80357142857196,0.17889670774261665,-0.0035036041242130223,-0.004000861518238974,0.0025282179260432466,0
2026-07-23 12:00:00+00:00,65525.93,65557.95,64937.22,65128.91,5068,65514.23800000001,65558.652,65747.144,66028.1738,65591.5010191502,65736.65737759045,-145.1563584402611,-101.5339026347977,-43.6224558054634,27.779501706689615,65747.144,66229.81719306308,65264.47080693692,0.014682712090522979,285.04785714285754,0.0,-0.004146172932230741,-0.009919817820981391,0.003096015266986815,0
2026-07-23 13:00:00+00:00,65128.88,65191.82,64814.17,64839.1,6823,65362.766,65479.865000000005,65689.385,65998.9124,65475.747016204004,65670.17164591709,-194.42462971308123,-120.11204805045442,-74.31258166262681,22.18649662078731,65689.385,66305.54789122837,65073.22210877162,0.018759892217848524,289.64214285714326,0.0,-0.01154574499904426,-0.012005277708234896,0.003265003929633546,0
2026-07-23 14:00:00+00:00,64838.32,65172.74,64770.26,64861.72,5513,65213.71799999999,65408.52500000001,65639.847,65965.992,65381.28132140338,65610.2863388121,-229.00501740872278,-141.8906419221081,-87.11437548661468,23.557519138090754,65639.847,66352.54660747075,64927.14739252924,0.021715456084800345,299.36428571428615,0.04129891532902238,-0.011359160674416335,-0.010879126107584569,0.003300650053027663,0
2026-07-23 15:00:00+00:00,64857.92,64979.47,64665.55,64913.77,5201,65054.221999999994,65334.38500000001,65591.01699999999,65929.6952,65309.35650272594,65558.69253593714,-249.3360332111988,-163.37972017992627,-85.95631303127254,28.23153902666641,65591.01699999999,66362.81696429705,64819.21703570294,0.023533709327820108,288.6757142857147,0.1820930665469848,-0.01213612585363999,-0.011292332347932366,0.003270651504381482,1
2026-07-23 16:00:00+00:00,64915.48,64915.48,64644.76,64692.27,4251,64887.154,65227.812,65531.0875,65887.446,65214.42011769119,65494.51308883069,-280.09297113950015,-186.72237037184107,-93.37060076765908,25.542072360148097,65531.0875,66386.46880299358,64675.706197006424,0.02610612262442851,293.5685714285719,0.15144811815758116,-0.012747908858571244,-0.016206849356732334,0.003192578923029284,1
2026-07-23 17:00:00+00:00,64690.81,64837.13,64594.68,64617.3,4393,64784.831999999995,65149.534999999996,65459.9635,65846.81319999999,65122.55548420024,65429.534341509905,-306.97885730966664,-210.7736677594062,-96.20518955026043,26.487916427976046,65459.9635,66371.93460321912,64547.99239678087,0.02786347729079092,293.12285714285724,0.19413715731791964,-0.007855344116767804,-0.011968947433848243,0.002897558668995855,1
2026-07-23 18:00:00+00:00,64617.28,64892.13,64613.87,64809.96,4111,64779.004,65070.884999999995,65399.61899999999,65812.89600000001,65074.46387124636,65383.6399458425,-309.17607459614374,-230.45414912675378,-78.72192546938996,33.27840765055032,65399.61899999999,66316.14406725205,64483.09393274793,0.02802845280343494,302.23571428571347,0.5006142560051186,-0.00044942018010740714,-0.011989976288354742,0.0028941243187311214,1
2026-07-23 19:00:00+00:00,64810.11,64876.39,64630.35,64779.72,4258,64762.60400000001,64988.16100000001,65334.7135,65784.9302,65029.11866028538,65338.90513503935,-309.78647475397156,-246.32061425219734,-63.465860501774216,30.44237823540186,65334.7135,66232.68039375808,64436.74660624191,0.027488201773719766,303.48928571428456,0.37261496428130886,-0.0012642279606522866,-0.012609028066534522,0.002868027606937522,1
2026-07-23 20:00:00+00:00,64778.09,65143.82,64769.02,65092.13,3738,64798.276,64926.248999999996,65288.2385,65761.1152,65038.81271254917,65320.625495406806,-281.81278285763983,-253.4190479732859,-28.393734884353933,36.398102716416425,65288.2385,66131.03216768237,64445.444832317626,0.025817626177259176,315.16071428571274,0.6414163071729205,0.0027476450682188958,-0.00942182655177004,0.0033647158096908724,0
2026-07-23 21:00:00+00:00,65092.11,65162.34,64953.23,65114.04,3863,64882.630000000005,64884.89199999999,65254.39900000001,65735.2564,65050.38614138775,65305.322866117414,-254.93672472966136,-253.72258332456104,-1.214141405100321,43.227462364267474,65254.39900000001,66065.99589322394,64442.80210677608,0.02487485612192766,297.84142857142643,0.9496476651351723,0.0065196351897993665,-0.006311385383962587,0.0033184372094228563,0
2026-07-23 22:00:00+00:00,65114.38,65175.99,64961.4,65137.35,3888,64986.64,64885.736,65222.193999999996,65710.658,65063.76519655887,65292.880431590194,-229.11523503132776,-248.80111366591441,19.685878634586658,38.158783870917496,65222.193999999996,65995.96802895852,64448.41997104147,0.023727322909699335,294.73071428571194,0.7208816115607452,0.008048154286854903,0.00012958914865901505,0.0027112252599928435,1
2026-07-23 23:00:00+00:00,65137.36,65169.14,64995.74,65043.53,3679,65033.35400000001,64906.179000000004,65193.022,65684.6826,65060.65208939596,65274.41002925018,-213.75793985422206,-241.79247890357595,28.034539049353896,36.06702507010595,65193.022,65946.26156914828,64439.78243085172,0.02310798137715653,295.73499999999797,0.6264736891567007,0.003603921372579144,0.0031528815174795,0.002295576636768229,1
2026-07-24 00:00:00+00:00,65049.89,65063.39,64703.14,64926.07,4305,65062.623999999996,64912.61399999999,65160.569500000005,65657.9834,65039.947152565815,65248.60706412053,-208.6599115547142,-235.16596543380365,26.50605387908945,30.709056066040816,65160.569500000005,65900.30031506516,64420.838684934846,0.022704860339354732,306.64571428571224,0.405046020658716,0.0022591946985877076,0.0009921106008290437,0.0023914017620631865,1
2026-07-24 01:00:00+00:00,64925.98,65124.88,64881.83,65023.77,4356,65048.952000000005,64923.61399999999,65128.9995,65628.1762,65037.45835986338,65231.95246677827,-194.49410691488447,-227.0315937300198,32.53748681513534,37.07545814607296,65128.9995,65832.87734895654,64425.12165104347,0.021614882905011734,309.10357142856964,0.7076177826974716,-0.0010502037650327312,0.0016945557159906421,0.002424353616406892,1
2026-07-24 02:00:00+00:00,65024.25,65135.61,64866.32,65064.18,4257,65038.98,64960.80500000001,65094.3085,65597.83439999999,65041.569381422865,65219.52487664655,-177.95549522368674,-217.2163740287532,39.260878805066454,47.96557858278792,65094.3085,65733.03251645045,64455.58448354955,0.01962457336651629,284.0007142857129,0.999999999996121,-0.0007657334731495657,0.005748909413752168,0.002071660586237025,1
2026-07-24 03:00:00+00:00,65063.26,65413.03,65016.37,65400.28,4303,65091.566000000006,65039.103,65094.319,65578.0328,65096.75563043473,65232.914145043105,-136.1585146083744,-201.00480214467743,64.84628753630304,67.13882577145809,65094.319,65733.0641868815,64455.57381311851,0.019625220655015787,285.35857142856963,0.9999999999977054,0.004036547387942457,0.012117188430961878,0.0024195886570999438,0
2026-07-24 04:00:00+00:00,65400.3,65422.5,65213.21,65258.38,3847,65134.536,65083.94500000001,65077.41499999999,65557.7988,65121.62091806016,65234.80050466954,-113.17958660938166,-183.4397590376183,70.26017242823664,61.291589806654386,65077.41499999999,65676.89437744262,64477.93562255737,0.018423576825927143,271.5592857142843,0.8594304726844426,0.0033031725061662964,0.006918998252737563,0.002545092008424456,0
2026-07-24 05:00:00+00:00,65258.81,65343.6,65187.44,65254.64,3656,65200.25,65131.43699999999,65059.799,65539.7114,65142.085392204746,65236.27009691624,-94.1847047114934,-165.58874817239334,71.40404346089994,59.977870536786014,65059.799,65612.65151928522,64506.94648071477,0.016995211414201527,260.2907142857127,0.827848217769615,0.005060679015378655,0.007331306773169066,0.002527609084291414,0
2026-07-24 06:00:00+00:00,65256.74,65469.0,65221.77,65422.3,3878,65279.956000000006,65164.454000000005,65045.351500000004,65521.5468,65185.19533186556,65250.05008973726,-64.85475787170435,-145.44195011225554,80.58719224055119,72.06475285469936,65045.351500000004,65538.38977712089,64552.31322287912,0.015159831279284651,258.6128571428557,0.9999999999978059,0.006128989444937005,0.005072348992113174,0.0022020447517524335,0
2026-07-24 07:00:00+00:00,65421.1,65764.34,65313.45,65455.9,4447,65358.3,65198.64,65041.766,65511.991599999994,65226.84220388625,65265.29823123821,-38.456027351960074,-124.04476556019645,85.58873820823638,75.99632963817186,65041.766,65520.883988254966,64562.64801174504,0.014732625441165366,273.5014285714273,0.9999999999978048,0.006020516972626178,0.005250173388104962,0.00220122286091932,0
2026-07-24 08:00:00+00:00,65454.03,65462.87,65251.13,65252.28,3739,65328.7,65210.13300000001,65047.934499999996,65499.267400000004,65230.755710980666,65264.33391781316,-33.57820683249156,-105.9514538146555,72.37324698216393,63.619232948247415,65047.934499999996,65534.88911396532,64560.97988603467,0.0149721776012834,268.7499999999995,0.7282980661641427,-0.0022629872532655693,0.0017644254793909298,0.002485579824204866,0
2026-07-24 09:00:00+00:00,65251.59,65276.02,64898.56,65068.68,4228,65290.759999999995,65212.648,65059.4135,65484.7474,65205.82098621441,65249.84103501219,-44.02004879778542,-93.56517281128149,49.545124013496064,58.129459161396305,65059.4135,65536.36124288509,64582.465757114915,0.014661913387371307,278.13714285714224,0.6054770122476296,-0.0029069063620641433,0.0003866641309289154,0.002619341071453035,0
2026-07-24 10:00:00+00:00,65069.33,65108.47,64851.97,64903.54,3862,65220.54,65210.395,65061.5045,65464.04079999999,65159.3162191045,65224.18910649278,-64.8728873882792,-87.82671572668103,22.953828338401834,44.21492420105903,65061.5045,65535.158235904004,64587.850764096,0.014560183922706589,269.687142857142,0.2982265671939159,-0.005380460301367074,-0.0003470100685286637,0.002686096011758767,0
2026-07-24 11:00:00+00:00,64903.81,65060.14,64801.29,65027.89,4212,65141.65800000001,65210.80700000001,65067.2105,65447.0358,65139.09680078073,65209.648431937756,-70.55163115702453,-84.37169881274974,13.820067655725211,47.51357934899933,65067.2105,65536.09621735106,64598.32478264894,0.014412350360434227,273.2399999999995,0.37106502461792273,-0.006028678294709988,6.336144459173632e-05,0.002715210964385718,0
2026-07-24 12:00:00+00:00,65027.89,65089.45,64688.69,64715.74,4411,64993.626000000004,65175.963,65068.384,65421.19720000001,65073.964985276,65173.062622164594,-99.09763688859675,-87.31688642791916,-11.780750460677595,39.57056277056276,65068.384,65533.42032398706,64603.347676012934,0.014293772041028835,286.5378571428565,0.19567322131654188,-0.011307765992064955,-0.005355327616516581,0.003094307461647884,0
2026-07-24 13:00:00+00:00,64712.72,64750.55,63852.98,64098.47,6985,64762.864,65045.78199999999,65042.442500000005,65383.67319999999,64923.888833695084,65093.46316867092,-169.57433497583406,-103.76837613750216,-65.8059588383319,31.430816992179857,65042.442500000005,65649.59744968012,64435.287550319896,0.01866950029375396,338.264285714285,0.015937389672793317,-0.01768229401332788,-0.019905266460632842,0.0035462779552509487,1
2026-07-24 14:00:00+00:00,64095.46,64137.12,63646.23,63990.9,7019,64547.308,64919.034,65001.4895,65351.8328,64780.35209004969,65011.79182284344,-231.43973279375496,-129.30264746875272,-102.13708532500223,31.553449765465686,65001.4895,65765.02379367643,64237.955206323575,0.023492824535241708,347.59571428571354,0.0027517415598849447,-0.016563729278048944,-0.019422486430095254,0.0035471151834284057,1
2026-07-24 15:00:00+00:00,63988.47,64262.1,63780.95,64026.08,6458,64371.816000000006,64796.178,64963.80750000001,65314.082,64664.31023004204,64938.77613226244,-274.4659022203996,-158.3352984190821,-116.13060380131748,29.82255317944103,64963.80750000001,65839.56524741826,64088.04975258176,0.02696140454570022,364.6028571428568,0.0,-0.013519447475438207,-0.01882716692636721,0.003588136212002109,1
2026-07-24 16:00:00+00:00,64020.49,64138.52,63811.52,63889.33,4577,64144.10400000001,64642.88100000001,64903.667499999996,65276.712199999994,64545.08250234327,64861.03938172448,-315.9568793812068,-189.85961461150708,-126.09726476969973,27.130805137368952,64903.667499999996,65899.31265923615,63908.02234076385,0.030680705654611947,368.72499999999957,0.0,-0.017508795072391226,-0.02343191847428172,0.0032284307720527546,1
2026-07-24 17:00:00+00:00,63889.36,64139.7,63839.05,64117.34,4222,64024.424,64509.025,64853.8325,65238.7898,64479.27596352123,64805.95053863377,-326.6745751125418,-217.22260671171406,-109.45196840082772,23.929706487193755,64853.8325,65903.4542763681,63804.2107236319,0.0323688434717593,361.8671428571423,0.0,-0.009246591323841757,-0.020449799024992443,0.0036482370493653112,0
2026-07-24 18:00:00+00:00,64118.41,64233.36,64061.68,64213.91,3857,64047.512,64405.188,64807.6605,65199.068999999996,64438.4504306718,64762.09568392016,-323.64525324835995,-238.50713601904326,-85.13811722931669,28.377242558618207,64807.6605,65885.62978579366,63729.69121420634,0.03326672425688505,359.1807142857137,0.0854200983712607,0.001800979024928484,-0.015913160429030127,0.0037896084086904746,0
2026-07-24 19:00:00+00:00,64212.82,64239.32,64073.71,64164.64,4063,64082.259999999995,64314.78400000001,64763.716,65162.476200000005,64396.32574902999,64717.839707333485,-321.51395830349793,-255.10850047593422,-66.40545782756371,27.852190804392222,64763.716,65872.41870525878,63655.01329474123,0.03423839068341219,359.855714285714,0.07533586931145635,0.002715073549520275,-0.013893627471772918,0.003771778402536045,0
2026-07-24 20:00:00+00:00,64164.55,64228.84,64066.21,64106.93,3547,64098.43000000001,64235.123,64722.759,65127.565200000005,64351.803326102294,64672.5871364199,-320.78381031760364,-268.24356244426815,-52.54024787333549,22.022809353451336,64722.759,65866.18529455035,63579.332705449655,0.03533305168743956,353.81285714285644,0.0,0.0012627666725808506,-0.01227375271056097,0.003751989750214329,0
2026-07-24 21:00:00+00:00,64108.62,64158.93,64066.81,64084.51,3744,64137.46599999999,64140.784999999996,64675.795999999995,65091.448,64310.68127593271,64629.02586705546,-318.3445911227536,-278.26376817996527,-40.08082294278836,20.691910190159916,64675.795999999995,65844.05212089834,63507.53987910165,0.03612653243257636,328.1864285714281,0.0,0.0030549702117708133,-0.014507313708010505,0.0036066502864067164,0
2026-07-24 22:00:00+00:00,64082.03,64153.98,64064.5,64101.71,3367,64134.340000000004,64079.382,64627.6725,65055.665,64278.53184886614,64589.965432458754,-311.4335835926104,-284.8977312624943,-26.535852330116086,23.28219989875481,64627.6725,65807.79929140156,63447.54570859843,0.03652078887419522,319.4535714285708,0.06918961790415605,-0.00024377180962276146,-0.00948810907516473,0.003436336771425468,0
2026-07-24 23:00:00+00:00,64101.15,64119.75,64066.44,64085.78,3315,64108.714,64078.113,64561.947499999995,65016.58500000001,64248.87771827135,64552.61836338774,-303.74064511638426,-288.6663140332723,-15.074331083111986,25.248297675168146,64561.947499999995,65706.78957396041,63417.10542603957,0.03546491759593908,296.2999999999993,0.16987710414322327,-0.001995362064076245,-0.00019797664437237739,0.0016443756832317633,1
2026-07-25 00:00:00+00:00,64085.76,64120.85,63959.87,64007.58,3396,64077.302,64079.780999999995,64499.40750000001,64976.3996,64211.75499238345,64512.24515128494,-300.4901589014844,-291.0310830069147,-9.459075894569708,26.40447070968824,64499.40750000001,65620.47194661663,63378.34305338339,0.03476200759260058,289.4771428571418,0.21298303568196766,-0.0024477656229349165,0.000260662062887107,0.0015987642085387658,0
2026-07-25 01:00:00+00:00,64008.48,64098.12,63938.12,64011.4,3560,64058.195999999996,64078.313,64437.2455,64935.071,64180.93114740138,64475.145510449016,-294.21436304763483,-291.6677390150587,-2.546624032576119,21.415595736902787,64437.2455,65519.17593847724,63355.31506152276,0.03358090278633156,282.4164285714277,0.03833353803492661,-0.0014901665077394766,-0.0002292815677611415,0.0015884442651353556,0
2026-07-25 02:00:00+00:00,64010.99,64041.78,63947.98,63980.37,3350,64037.368,64087.416999999994,64365.149,64894.245800000004,64150.075586262705,64438.49547263798,-288.4198863752754,-291.01816848710206,2.598282111826677,25.437395202180497,64365.149,65359.30759672775,63370.99040327225,0.030891207809609817,260.4907142857134,0.4369072155080093,-0.0016250416832398473,0.0014249640745958025,0.001421302349928163,0
2026-07-25 03:00:00+00:00,63978.69,64041.07,63954.26,64017.06,3331,64020.438,64077.389,64293.206999999995,64858.7704,64129.6116499146,64407.27803022035,-277.6663803057454,-288.34781085083074,10.681430545085334,45.55792000873006,64293.206999999995,65154.36704124377,63432.04695875622,0.02678852343588263,202.5792857142847,0.9999999999959786,-0.0013205575951094062,-0.001564007490017505,0.0007982308039766854,0
2026-07-25 04:00:00+00:00,64018.07,64143.74,64013.59,64119.26,3294,64027.134000000005,64067.924,64236.556,64825.526600000005,64128.01908838928,64385.943361315134,-257.9242729258549,-282.2631032658356,24.33883033998069,57.04516015719341,64236.556,64971.95188371461,63501.160116285384,0.022896491639888442,176.812142857142,0.9999999999972492,0.0005224247875270649,-0.0014739797031515511,0.0008193581766296271,0
2026-07-25 05:00:00+00:00,64112.91,64136.92,63911.53,63959.37,3220,64017.492000000006,64047.39700000001,64181.090500000006,64792.1746,64102.073074790926,64354.34533455105,-252.27225976012414,-276.2649345646933,23.992674804569162,46.77944172484047,64181.090500000006,64812.164279303455,63550.016720696556,0.019665411553063266,158.54357142857043,0.7176120858043216,-0.0007531920438172968,-0.003199114029159955,0.0010987557717099877,1
2026-07-25 06:00:00+00:00,63958.56,64003.59,63895.63,63945.22,3410,64004.25600000001,64031.226,64133.1745,64759.5766,64077.941832515404,64324.03975421394,-246.09792169853608,-270.23153199146185,24.133610292925766,53.06048691804749,64133.1745,64672.07978363973,63594.26921636027,0.016805819697564832,142.89785714285608,0.8903901785164073,-0.0010338783404205687,-0.00252250419728417,0.0010797736211527117,1
2026-07-25 07:00:00+00:00,63945.22,63978.26,63927.68,63942.17,3380,63996.616,64016.992000000006,64078.8885,64725.3166,64057.053858282256,64295.753105753654,-238.69924747139885,-263.9250750874493,25.225827616050424,37.27202708790511,64078.8885,64421.177173075535,63736.59982692447,0.01068335238291577,125.03571428571377,0.4560834839453161,-0.0005970581289230781,-0.0022211295678160603,0.001080960152666488,1
2026-07-25 08:00:00+00:00,63942.18,63945.88,63728.2,63809.79,3576,63955.162,63987.8,64033.591,64686.3524,64019.01326470037,64259.75583866079,-240.7425739604223,-259.2885748620439,18.546000901621596,22.088847142027973,64033.591,64229.50408178824,63837.67791821176,0.006119072153496425,128.32142857142804,0.03842674184924345,-0.0032377306924122884,-0.004554012677664865,0.001208578976281302,1
2026-07-25 09:00:00+00:00,63814.58,63971.51,63762.86,63947.94,3423,63920.898,63974.016,64026.06449999999,64657.309799999995,64008.078916284925,64236.65836913037,-228.57945284544257,-253.14675045872363,24.567297613281056,36.669865406855195,64026.06449999999,64223.045952127024,63829.08304787296,0.006153164454673954,131.39571428571384,0.4395193065583061,-0.002671896088632386,-0.0021508671658516665,0.0014677511769731024,1
2026-07-25 10:00:00+00:00,63943.34,64004.37,63920.86,63995.4,3242,63928.10400000001,63972.79800000001,64026.2895,64625.28859999999,64006.128313779554,64218.78737882442,-212.65906504486338,-245.0492133759516,32.39014833108823,43.05169642523394,64026.2895,64223.11204700209,63829.46695299791,0.006148179085158186,125.7442857142856,0.6150698013324591,0.0005633263742279571,-0.0001902899625325638,0.0014493888250345594,1
2026-07-25 11:00:00+00:00,63994.91,64050.27,63971.32,63994.8,3377,63938.020000000004,63971.138,64024.7255,64593.0454,64004.385496275005,64202.19572113372,-197.81022485871654,-235.6014156725046,37.79119081378806,44.254883125200124,64024.7255,64222.05152948839,63827.39947051161,0.0061640570247626465,124.8035714285709,0.6410206736972212,0.0007753511521269019,-0.00025932880705625827,0.001449141631446971,1
2026-07-25 12:00:00+00:00,63995.06,64057.17,63969.56,64048.69,3359,63959.324,63977.97000000001,64032.69350000001,64559.7942,64011.201573771155,64190.82492697566,-179.62335320450802,-224.4058031789053,44.78244997439728,46.75694852221588,64032.69350000001,64219.59397700646,63845.79302299356,0.005837657821045724,124.66999999999929,0.7112450909113658,0.0016658802790083804,0.0010678275227229417,0.0014630450843917803,1
2026-07-25 13:00:00+00:00,64050.94,64208.11,64035.17,64108.4,3445,64019.04600000001,63987.10400000001,64032.246499999994,64531.41,64026.155177806366,64184.71937682932,-158.56419902295602,-211.23748234771546,52.67328332475944,51.31325329184197,64032.246499999994,64218.33558022482,63846.15741977517,0.005812355192780095,133.21499999999963,0.8391249806531146,0.004679689433235934,0.0014268071667147275,0.0014800377822425563,1
2026-07-25 14:00:00+00:00,64105.31,64158.73,64053.81,64140.29,3475,64057.516,63989.206999999995,64028.565500000004,64511.637599999995,64043.714381220765,64181.428311879004,-137.7139306582394,-196.53277200982026,58.81884135158086,58.142616976107774,64028.565500000004,64202.006961618594,63855.124038381415,0.005417627593689867,129.2107142857146,0.9999999999972772,0.0030079155012654457,0.00032798257497046457,0.001398737533784436,1
2026-07-25 15:00:00+00:00,64140.09,64216.49,64101.35,64120.68,3460,64082.572,64005.338,64026.36749999999,64497.2692,64055.555245648335,64176.928436925,-121.37319127666706,-181.50085586318963,60.12766458652257,56.577585169134416,64026.36749999999,64193.54934575948,63859.18565424051,0.005222281140952919,126.00642857142884,0.9565917291237136,0.0019576407054255895,0.00252206987029413,0.0010983533080438242,1
2026-07-25 16:00:00+00:00,64119.76,64182.0,64051.56,64141.36,3437,64111.884000000005,64024.952000000005,64028.089,64482.862,64068.75597708705,64174.29373789352,-105.5377608064664,-166.30823685184498,60.77047604537859,59.81227524836949,64028.089,64199.421298104164,63856.756701895836,0.005351785467286515,128.62357142857218,0.9999999999973491,0.002290186077618772,0.003067312928159538,0.0010856831273481223,1
2026-07-25 17:00:00+00:00,64141.73,64300.13,64123.77,64206.35,3429,64143.416000000005,64051.369999999995,64034.181000000004,64468.7136,64089.92428830442,64176.668275827324,-86.7439875229029,-150.39538698605656,63.651399463153666,61.152418547104254,64034.181000000004,64221.84615442188,63846.51584557813,0.0058614056271564284,135.02000000000095,0.99999999999744,0.0024615647876637947,0.004131545738907505,0.0010989442880102536,1
2026-07-25 18:00:00+00:00,64208.67,64389.66,64206.86,64366.35,3666,64195.005999999994,64107.026,64047.413,64462.1952,64132.45132087296,64190.71877391419,-58.26745304122596,-131.96980019709045,73.70234715586449,63.62954382481092,64047.413,64285.63486059702,63809.19113940298,0.007438922180885566,138.81714285714406,0.9999999999975927,0.004023653686568318,0.008722172569444187,0.000878355192586589,0
2026-07-25 19:00:00+00:00,64363.97,64380.71,64320.3,64328.78,3308,64232.704000000005,64145.11,64059.563,64456.42480000001,64162.65573304635,64200.94553140203,-38.28979835568316,-113.23379982880898,74.94400147312582,73.55540535370395,64059.563,64328.79339345708,63790.33260654292,0.008405626914972271,127.03285714285812,0.999999999998057,0.0029387144959900358,0.005955469402141755,0.0008576142996658351,1
2026-07-25 20:00:00+00:00,64327.44,64337.13,64238.66,64273.21,3396,64263.21,64172.89099999999,64072.84449999999,64445.68979999999,64179.66408180845,64206.29845500188,-26.63437319343211,-95.91391450173361,69.2795413083015,69.86493852583123,64072.84449999999,64357.067768831526,63788.62123116846,0.008871879219644585,126.3550000000006,0.9282938872114377,0.002378795733295469,0.004341093266078566,0.0009698723806661124,1
2026-07-25 21:00:00+00:00,64271.81,64369.38,64190.51,64286.41,3427,64292.219999999994,64202.052,64086.59500000001,64435.8236,64196.08653076099,64212.23264352026,-16.14611275927018,-79.96035415324093,63.81424139397075,70.59590762235291,64086.59500000001,64384.57835781689,63788.611642183125,0.009299397411171044,135.51857142857156,0.9424966845602301,0.0022614113576637784,0.004556776488089609,0.0009613117782471341,1
2026-07-25 22:00:00+00:00,64286.5,64363.29,64283.04,64344.64,3257,64319.878000000004,64231.647,64104.8085,64420.87380000001,64218.94091064391,64222.04059585209,-3.0996852081807447,-64.58822036422889,61.488535156048144,85.11588208259482,64104.8085,64419.51495538853,63790.10204461147,0.009818497636991722,125.70214285714299,0.9999999999979358,0.002153836808975962,0.004620703405487259,0.000964366369302897,1
2026-07-25 23:00:00+00:00,64344.65,64367.25,64298.86,64303.35,3203,64307.278000000006,64251.14199999999,64119.12300000001,64404.66,64231.926924390995,64228.06351467786,3.863409713136207,-50.89789434875586,54.76130406189207,76.73501933232023,64119.12300000001,64442.93631750363,63795.30968249639,0.01010036639158711,115.68357142857141,0.8007601331303063,-0.0009787722932868004,0.003040943152535336,0.0010065243083376386,1
2026-07-26 00:00:00+00:00,64305.27,64447.86,64284.83,64445.51,3364,64330.623999999996,64281.664000000004,64135.43550000001,64390.823200000006,64264.78585910007,64244.17066173876,20.615197361308674,-36.59527600674296,57.21047336805163,79.63628701984493,64135.43550000001,64490.627978195145,63780.24302180487,0.011076325448671456,121.36357142857118,0.8658966936038447,0.001814584389755236,0.004758631431195592,0.001174836498723134,0
2026-07-26 01:00:00+00:00,64445.48,64483.36,64385.89,64403.32,3404,64356.64599999999,64309.928,64157.632999999994,64378.01899999999,64286.0988038539,64255.95950160996,30.13930224393698,-23.248360356606966,53.38766260054395,75.50126095532943,64157.632999999994,64521.87020542222,63793.395794577766,0.01135444649032575,122.6864285714286,0.7493511879779864,0.0020243270874442665,0.004407938281378199,0.0012054001271615592,0
2026-07-26 02:00:00+00:00,64408.47,64470.58,64358.42,64456.19,3282,64390.602,64341.411,64183.181500000006,64368.621399999996,64312.26668018407,64270.7913903796,41.47528980446805,-10.30363032439196,51.77892012886001,75.47002350117485,64183.181500000006,64556.25945326268,63810.10354673733,0.011625411659055155,124.44000000000025,0.7146417622960086,0.0026409936408020585,0.004908377371480865,0.0012102703696368147,0
2026-07-26 03:00:00+00:00,64456.19,64526.18,64418.06,64490.78,3367,64419.83,64369.85400000001,64210.612,64357.9616,64339.730267848056,64287.086842944074,52.64342490398121,2.285780721282678,50.357644182698536,74.6747715657423,64210.612,64589.70250543187,63831.52149456813,0.011807721297902342,119.81000000000027,0.6341368740896636,0.002271207050035473,0.00442993566835681,0.0011967027401409704,0
2026-07-26 04:00:00+00:00,64490.43,64534.65,64426.06,64467.77,3245,64452.714,64379.99600000001,64243.511,64346.03340000001,64359.42868817913,64300.47078050377,58.957907675358,13.620206112097748,45.337701563260254,71.37709540968152,64243.511,64588.839441975244,63898.18255802475,0.010750609255314373,120.072142857143,0.5185842128341894,0.0025569429897509544,0.0015756680315102134,0.0009728172811482392,1
2026-07-26 05:00:00+00:00,64467.74,64467.74,64324.81,64353.68,3287,64434.348,64382.486,64263.79800000001,64325.1014,64358.54427461311,64304.412204170156,54.13207044295268,21.722578978268736,32.409491464683946,63.53958439867971,64263.79800000001,64582.67414362291,63944.92185637711,0.009923974416292771,122.05928571428583,0.14730347237509156,-0.001424924715468956,0.0003870740281410878,0.0011324711115632284,1
2026-07-26 06:00:00+00:00,64356.28,64389.72,64227.44,64374.4,3313,64428.564,64392.605,64282.748,64307.421800000004,64360.98361698033,64309.596485342736,51.3871316375953,27.655489510134053,23.73164212746125,63.54127928597992,64282.748,64578.68637982939,63986.80962017061,0.009207396666657527,124.3335714285713,0.09968762384150875,-0.0004490451734475709,0.0015743728996886475,0.0010886326490301794,1
2026-07-26 07:00:00+00:00,64373.4,64406.01,64276.24,64303.37,3281,64398.0,64394.301,64298.1765,64288.3964,64352.11998359874,64309.135264206234,42.98471939250885,30.721335486609018,12.263383905899833,55.59825508932301,64298.1765,64561.2567103227,64035.096289677305,0.008183131299927178,121.0057142857144,0.0,-0.00237091270830625,0.0002638193671102851,0.0011587010156790386,1
2026-07-26 08:00:00+00:00,64302.5,64431.21,64281.57,64413.13,3311,64382.47000000001,64401.15,64316.398499999996,64268.21300000001,64361.506139968165,64316.83857796873,44.66756199943484,33.510580789174185,11.156981210260653,52.86543832998474,64316.398499999996,64556.17170593533,64076.62529406466,0.007456052003139964,118.60071428571402,0.0,-0.0012040480825321609,0.0010644243250097496,0.0012502872009880904,1
2026-07-26 09:00:00+00:00,64414.09,64493.3,64410.44,64473.25,3053,64383.566000000006,64418.14,64334.641,64248.56000000001,64378.69750304998,64328.42460923031,50.27289381967421,36.86304339527419,13.40985042440002,58.61139921080558,64334.641,64563.02958611749,64106.25241388252,0.0071000189809868,120.20428571428576,0.17816687810188633,8.500371581021682e-05,0.002642164055216334,0.0012446725436572892,1
2026-07-26 10:00:00+00:00,64473.23,64519.49,64429.54,64448.77,3383,64402.583999999995,64418.466,64350.065,64232.489799999996,64389.477887196146,64337.33908262066,52.138804575486574,39.91819563131667,12.220608944169904,60.867358308366335,64350.065,64564.42402824179,64135.705971758216,0.006662278530465704,119.59571428571455,0.24811813566779753,0.0014776155769180566,5.0585370493516635e-05,0.001048775280457076,1
2026-07-26 11:00:00+00:00,64449.51,64471.79,64425.64,64444.69,3305,64416.64200000001,64422.60299999999,64366.2655,64220.01,64397.97205839674,64345.29100242654,52.681055970206216,42.47076769909459,10.21028827111163,59.90959404973578,64366.2655,64555.083878393925,64177.44712160608,0.005866998090604586,110.11571428571499,0.21842042775486156,0.0010918936720187844,0.0006423581889878349,0.00102378675865782,1
2026-07-26 12:00:00+00:00,64443.76,64603.52,64376.17,64402.33,3585,64436.43400000001,64417.217000000004,64379.314,64209.9858,64398.6425109511,64349.5161133579,49.12639759319427,43.80189367791453,5.324503915279742,53.68508463749616,64379.314,64536.031447573856,64222.59655242614,0.004868565315059353,120.62285714285774,0.030617120772073608,0.0015389551123059508,-0.0008356063242335177,0.0010090772165337945,1
2026-07-26 13:00:00+00:00,64402.67,64516.67,64342.36,64462.43,3406,64446.29400000001,64414.382,64392.117999999995,64198.6766,64408.45597080477,64357.88010496103,50.57586584374076,45.15668811107978,5.419177732660977,59.923149857777474,64392.117999999995,64530.053589939555,64254.182410060435,0.004284238326795201,128.18857142857192,0.2636342093420285,0.0007653719047653329,-0.0004395977223410341,0.0010433497599518918,1
2026-07-26 14:00:00+00:00,64462.42,64721.46,64461.22,64652.23,4183,64482.090000000004,64432.828,64406.412,64197.4064,64445.95966760403,64379.68380088984,66.27586671418976,49.38052383170178,16.89534288248798,62.17145548751777,64406.412,64586.05050959604,64226.77349040395,0.005578280299049826,135.13214285714326,0.4111190174759645,0.002776035022276746,0.0028612747113792025,0.001395883181597168,0
2026-07-26 15:00:00+00:00,64651.9,64778.24,64609.42,64707.07,3895,64533.75,64468.167,64425.3265,64209.5784,64486.130487972645,64403.93463045355,82.19585751909472,55.94359056918037,26.252266949914343,67.62197598189958,64425.3265,64645.6113927864,64205.04160721361,0.006838456388308597,140.22857142857174,0.6528116990466604,0.004007834439664348,0.005491372055180133,0.0011989728816116866,0
2026-07-26 16:00:00+00:00,64707.91,64882.24,64638.85,64673.87,3863,64579.585999999996,64498.114,64445.3595,64223.2378,64515.01348982301,64423.92984301254,91.08364681046805,62.97160181743791,28.112044993030146,62.92360303023131,64445.3595,64679.81467201071,64210.90432798929,0.0072760916792065375,149.60214285714287,0.4611862541358925,0.0035562278288561178,0.004652004523537423,0.001244705112049252,1
2026-07-26 17:00:00+00:00,64673.4,64744.63,64606.1,64631.06,3564,64625.33200000001,64530.88300000001,64462.59199999999,64235.337400000004,64532.866799081006,64439.27281760421,93.59398147679894,69.09607774931013,24.49790372748882,58.24788334901222,64462.59199999999,64698.51544097957,64226.66855902041,0.007319700733708713,151.77428571428547,0.2907597626633741,0.00355157957794372,0.0050960004117979185,0.0011895067564263485,1
2026-07-26 18:00:00+00:00,64633.52,64717.18,64600.59,64678.29,3397,64668.504,64557.399,64479.2745,64251.1166,64555.23959922239,64456.97779407797,98.2618051444224,74.92922322833259,23.332581916089808,62.034940888614784,64479.2745,64726.971776738494,64231.577223261505,0.007683004458696076,152.34571428571402,0.6213857731985016,0.003348617171273327,0.00411655201354133,0.0011182020710046206,1
2026-07-26 19:00:00+00:00,64677.88,64703.05,64611.16,64641.19,3238,64666.295999999995,64574.19300000001,64496.16649999999,64261.5936,64568.46273780356,64470.62314266479,97.83959513877198,79.51129761042047,18.328297528351513,68.02276744856657,64496.16649999999,64739.38683565105,64252.946164348934,0.0075421640959407454,148.69785714285692,0.9999999999934025,-0.0001707597711633202,0.0026048012160082568,0.0011413574042271773,1
2026-07-26 20:00:00+00:00,64648.6,64655.32,64572.11,64591.55,3250,64643.192,64588.471,64503.468499999995,64269.146400000005,64572.01462429532,64479.58068765258,92.43393664273754,82.09582541688388,10.338111225853652,63.13592644123178,64503.468499999995,64749.042873964194,64257.8941260358,0.007614299809759795,143.04999999999978,0.6775922084180636,-0.0017852763229736501,0.0022154030247591994,0.0011717614932095517,1
2026-07-26 21:00:00+00:00,64593.0,64866.55,64585.82,64796.78,3717,64667.774,64623.68000000001,64523.141500000005,64281.7892,64606.593912865275,64503.07693301165,103.51697985362262,86.38005630423164,17.13692354939097,75.67837626854019,64523.141500000005,64796.413505557866,64249.869494442144,0.00847051148487124,153.83285714285688,0.9999999999956166,0.0019004584077000342,0.005463444699633113,0.0014892259743267016,1
2026-07-26 22:00:00+00:00,64800.81,65451.14,64800.81,65344.86,5369,64810.534,64717.933,64567.575,64306.54779999999,64720.173310886,64565.43123427005,154.74207661594846,100.05246036657502,54.689616249373444,83.2981909411253,64567.575,65023.176538581094,64111.9734614189,0.014112394296397131,189.88428571428554,0.9999999999966231,0.011044225485393522,0.014635029509025399,0.0028442776970827666,0
2026-07-26 23:00:00+00:00,65343.88,65524.87,65206.61,65342.38,4577,64943.352,64805.928,64610.155000000006,64331.705200000004,64815.897416903535,64622.982994694496,192.9144222090399,118.62485273506802,74.2895694739719,82.39565240079605,64610.155000000006,65180.31376040169,64039.996239598324,0.017649199584854183,206.69857142857134,0.9695223280134043,0.010267587470231376,0.01365058686121512,0.0028805200595169956,0
2026-07-27 00:00:00+00:00,65343.09,65365.29,64998.24,65067.87,4758,65028.688,64847.492000000006,64640.16000000001,64351.028399999996,64854.6624296876,64655.937587680084,198.72484200751933,134.6448505895583,64.07999141796103,69.45069307428427,64640.16000000001,65241.09932433859,64039.22067566143,0.018593373665491495,226.4914285714289,0.5323861764141499,0.006600744819208915,0.006428857906370711,0.0032997157672860055,1
2026-07-27 01:00:00+00:00,65067.87,65161.06,64836.35,65139.73,4676,65138.324,64890.757999999994,64679.4625,64372.10739999999,64898.51897896643,64691.77406266674,206.7449162996927,149.06486373158518,57.68005256810753,70.94452882042386,64679.4625,65303.87194801741,64055.05305198259,0.01930781190451018,246.3885714285716,0.5828312641674553,0.0084868686383901,0.006686440909779989,0.0033024539328860188,1
2026-07-27 02:00:00+00:00,65140.35,65218.63,65050.31,65110.34,4071,65201.036,64934.405000000006,64716.2595,64394.16260000001,64931.106828356205,64722.77894691364,208.32788144256483,160.9174672737811,47.41041416878372,71.50345933534575,64716.2595,65351.616989274866,64080.902010725134,0.01963517342268107,242.17214285714311,0.5291582124306549,0.004839129351797977,0.006748784323560519,0.0033000440483057316,1
2026-07-27 03:00:00+00:00,65115.76,65308.99,65102.86,65227.78,3848,65177.619999999995,64994.07699999999,64762.479999999996,64418.49019999999,64976.74885476294,64760.18643232744,216.56242243549787,172.0464583061245,44.51596412937337,72.46259413832964,64762.479999999996,65405.814193483515,64119.14580651648,0.01986749715216338,244.44500000000022,0.5674465567734617,-0.0017917247048965246,0.0092327125688485,0.00328088453083239,0
2026-07-27 04:00:00+00:00,65227.44,65451.46,65182.76,65231.74,4073,65155.49199999999,65049.422,64803.4105,64443.51760000001,65015.978261722485,64795.11632622911,220.86193549337622,181.80955374357487,39.052381749801356,69.0908372151246,64803.4105,65457.23779248543,64149.583207514566,0.020178792672815634,245.04928571428587,0.4328471347586535,-0.00169323492655149,0.008556967105963986,0.003292099065681089,0
2026-07-27 05:00:00+00:00,65231.04,65436.98,65215.25,65394.88,3905,65220.89399999999,65124.79099999999,64849.492000000006,64471.074,65074.2708368421,64839.54326502695,234.72757181515044,192.39315735789,42.334414457260436,71.14945851039607,64849.492000000006,65534.51036021799,64164.47363978202,0.021126406363151842,248.82857142857185,0.5150266164952931,0.00502567549852162,0.011659593519240508,0.0032871821546642983,0
2026-07-27 06:00:00+00:00,65394.89,65696.08,65347.6,65349.21,4651,65262.79,65200.55700000001,64894.514,64495.672999999995,65116.56916963562,64877.29635650643,239.27281312919513,201.76908851215106,37.50372461704407,70.60798027512277,64894.514,65586.96024785192,64202.067752148076,0.02134067135018296,256.33500000000066,0.4934109843007558,0.0032158561295847488,0.01173001731650647,0.003282708665164673,0
2026-07-27 07:00:00+00:00,65350.56,65391.26,65152.03,65165.77,4176,65273.876000000004,65237.456000000006,64930.56800000001,64519.80100000001,65124.13852815322,64898.664774542995,225.47375361022569,206.51002153176603,18.963732078459657,65.02695076917882,64930.56800000001,65599.07441811197,64262.06158188804,0.020591423691595095,263.5278571428581,0.14071272609601412,0.0008513240754079998,0.0056945730945272555,0.003419099199046501,0
2026-07-27 08:00:00+00:00,65168.11,65205.83,65053.31,65105.7,3954,65249.46,65213.54,64965.7365,64543.010599999994,65121.30183151426,64914.00071716943,207.30111434483115,206.6682400943791,0.6328742504520619,61.925435683952536,64965.7365,65589.76050636268,64341.712493637315,0.019210865295514176,266.09428571428674,0.0,-0.0018715952006952419,-0.0036599665222329936,0.0020130717315799684,1
2026-07-27 09:00:00+00:00,65103.46,65285.78,65029.32,65199.33,3771,65242.978,65199.235,65002.58150000001,64568.1538,65133.30616512745,64935.13621960132,198.16994552612596,204.96858118072848,-6.798635654602521,65.09677907970607,65002.58150000001,65587.2587789111,64417.90422108891,0.017989355666162107,277.84928571428674,0.14838252520925588,-0.0004968440210240122,-0.002189237673926092,0.0020922574078283567,0
2026-07-27 10:00:00+00:00,65199.39,65378.27,65165.9,65282.1,3612,65220.422,65220.657999999996,65034.075,64597.6,65156.197524338604,64960.83724037159,195.36028396701295,203.0469217379854,-7.686637770972453,68.34939176369909,65034.075,65607.0310155252,64461.11898447481,0.01762017882241557,287.0750000000007,0.30056752170783396,-0.0017245998463487622,0.0032924083729803932,0.001589673477351906,0
2026-07-27 11:00:00+00:00,65282.32,65282.93,65026.46,65040.08,3742,65158.596,65210.69300000001,65050.7255,64619.442800000004,65138.33328982497,64966.70707441814,171.62621540683176,196.7627804717547,-25.136565064922934,56.341023529289174,65050.7255,65602.63745649802,64498.81354350198,0.016968664138819513,285.3421428571434,0.0,-0.004730432089385617,-0.001529788348831107,0.002003534729174297,0
2026-07-27 12:00:00+00:00,65040.1,65202.5,64789.71,65027.67,4297,65130.976,65202.42599999999,65068.4155,64640.088200000006,65121.30816831344,64971.22284668347,150.08532162996562,187.4272887033969,-37.34196707343128,38.53079643329788,65068.4155,65591.38980809314,64545.44119190686,0.016074597915885634,268.0871428571435,0.0,-0.002119210745150424,-0.0012696908048706046,0.002000894274930676,0
2026-07-27 13:00:00+00:00,65026.47,65658.67,64838.13,65165.6,7621,65142.95599999999,65196.208000000006,65095.1425,64663.504199999996,65128.12229626521,64985.62115433654,142.5011419286675,178.44205934845104,-35.940917419783545,44.17812730530093,65095.1425,65577.02771148468,64613.25728851531,0.01480556591406755,303.96428571428623,0.1664318207092507,0.0009200423311630512,-0.0009532748163435523,0.002037081761111976,0
2026-07-27 14:00:00+00:00,65166.27,65376.8,64379.18,64621.44,10323,65027.378000000004,65135.178,65092.3,64674.9592,65050.17117376287,64958.644772533844,91.52640122902812,161.05892772456647,-69.53252649553835,37.51517151502614,65092.3,65585.0858297692,64599.5141702308,0.015141140496470399,349.0050000000005,0.0,-0.008863434639589052,-0.009355874916106677,0.003306988048802713,1
2026-07-27 15:00:00+00:00,64619.79,64709.39,64335.37,64476.74,6589,64866.306,65043.364,65084.0775,64682.32600000001,64961.950993183964,64922.94812271652,39.002870467440516,136.6477162731413,-97.64484580570078,32.184680206155605,65084.0775,65612.73848837211,64555.41651162789,0.016245478423570197,352.5271428571432,0.0,-0.012336612945968328,-0.014039937071526065,0.0030926011235540376,1
2026-07-27 16:00:00+00:00,64475.51,64902.9,64435.95,64827.7,5526,64823.83,64991.213,65095.884999999995,64696.0742,64941.29699423259,64915.892706219005,25.404288013582118,114.39903062122946,-88.99474260764734,43.524263391834324,65095.884999999995,65587.47732919827,64604.29267080171,0.015103637632341274,373.8578571428578,0.2815335274002981,-0.003265371137304962,-0.00798035661027885,0.003782251419966202,0
2026-07-27 17:00:00+00:00,64827.61,65024.06,64713.49,64951.44,4618,64808.583999999995,64969.780000000006,65103.618,64712.689399999996,64942.85745665834,64918.52583909167,24.331617566669593,96.38554801031748,-72.05393044364789,43.686831764598466,65103.618,65580.03089198195,64627.20510801806,0.01463552738288508,381.317857142858,0.2951935583619523,-0.0011722702043606148,-0.0032889966618977473,0.0037973930530977758,0
2026-07-27 18:00:00+00:00,64951.08,64996.5,64673.37,64808.17,4348,64737.098,64940.027,65076.7835,64726.02559999999,64922.136309480135,64910.35133249229,11.784976987844857,79.46543380582295,-67.6804568179781,40.90235447246676,65076.7835,65556.43115964331,64597.13584035669,0.014740976239039518,385.20571428571515,0.2237321664766165,-0.005484949114256565,-0.004569953168462981,0.0038413474718613084,0
2026-07-27 19:00:00+00:00,64808.41,65015.95,64732.99,64914.35,4389,64795.68000000001,64911.529,65055.382,64740.1856,64920.93841571396,64910.64753008545,10.290885628506658,65.63052417035969,-55.339638541853034,39.42006649199682,65055.382,65523.182356589736,64587.58164341026,0.014381603557096567,389.5792857142863,0.18830725816979194,0.004532706173059564,-0.004370903811434901,0.0038527963087150855,0
2026-07-27 20:00:00+00:00,64907.09,64987.88,64833.24,64894.97,3713,64879.326,64872.816000000006,65046.737,64750.758,64916.943274834885,64909.4862315606,7.457043274283933,53.99582799114454,-46.538784716860604,39.881763830602495,65046.737,65519.92504848124,64573.548951518766,0.014549170959374502,375.73357142857174,0.2128340941466764,0.006486525218241557,-0.005930109478708534,0.0038075296385240306,0
2026-07-27 21:00:00+00:00,64894.95,64896.34,64719.34,64757.15,3714,64865.216,64844.523,65027.60799999999,64759.3254,64892.35969409106,64898.20206625982,-5.842372168764996,42.02818795916263,-47.870560127927625,40.70912761932494,65027.60799999999,65515.66590715983,64539.55009284015,0.015010790713994599,371.2885714285715,0.2357117489954838,-0.001088269366335659,-0.004350086900262173,0.0036946427957785734,0
2026-07-27 22:00:00+00:00,64757.22,64757.22,63729.46,63733.94,5818,64621.716,64715.15,64958.788,64748.54,64714.141279615505,64811.96043172206,-97.81915210655279,14.058719946019538,-111.87787205257233,28.309900132187423,64958.788,65713.2080890221,64204.36791097791,0.023227652862676338,433.8057142857142,0.0,-0.018744773018119387,-0.019895069283583422,0.006098247754589951,0
2026-07-27 23:00:00+00:00,63730.15,63887.33,63539.44,63696.58,6373,64399.398,64568.248,64882.228,64736.7434,64557.59339044389,64729.339659001904,-171.74626855801034,-23.10227775478645,-148.6439908032239,25.808217237460227,64882.228,65812.0887256347,63952.3672743653,0.028663033138587726,440.3364285714285,0.0,-0.017152004137749866,-0.022542875382103422,0.005953808058553921,0
2026-07-28 00:00:00+00:00,63696.57,63766.71,63403.4,63420.38,5873,64100.60400000001,64448.14200000001,64791.659999999996,64718.2582,64382.637484221756,64632.37968426102,-249.74220003926166,-68.43026221168151,-181.31193782758015,21.78647850782285,64791.659999999996,65911.60683027924,63671.71316972075,0.03457070957216545,451.11785714285725,0.0,-0.023014479849216674,-0.01858609155103952,0.005623836932031638,0
2026-07-28 01:00:00+00:00,63420.72,63471.7,62990.67,63171.31,6209,63755.871999999996,64317.599,64680.481499999994,64695.6174,64196.2794097261,64524.15230024168,-327.87289051558037,-120.3187878724613,-207.55410264311905,21.740024618995392,64680.481499999994,65976.00259933894,63384.96040066105,0.04005910498173842,467.1578571428571,0.0,-0.026560764262623215,-0.02024652611158695,0.005661691726753535,1
2026-07-28 02:00:00+00:00,63171.31,63241.44,63033.73,63120.29,4120,63428.5,64146.85799999999,64569.0355,64669.113,64030.74257746054,64420.162500223785,-389.41992276324163,-174.1390148506174,-215.28090791262423,21.489088191330453,64569.0355,65998.85892348117,63139.21207651883,0.044288207572224556,452.5092857142855,0.0,-0.025276899925336438,-0.026337661215807384,0.005057949498674304,1
2026-07-28 03:00:00+00:00,63120.3,63308.76,63095.35,63273.38,4120,63336.388,63979.052,64474.41599999999,64646.5142,63914.22525785123,64335.215648355355,-420.9903905041283,-223.50928998131963,-197.48110052280867,21.84330508071045,64474.41599999999,65986.08642298299,62962.74557701699,0.04689210129434905,409.14285714285717,0.015957337655029668,-0.007226291046811273,-0.02583560887949532,0.0051120790429107854,1
2026-07-28 04:00:00+00:00,63274.6,63298.14,63146.34,63280.63,3796,63253.198,63826.297999999995,64383.1625,64623.003,63816.74906433565,64257.09819292162,-440.3491285859709,-266.8772577022499,-173.471870883721,26.254139732577684,64383.1625,65953.58061204747,62812.74438795253,0.04878350335920425,348.7271428571429,0.2146637799241971,-0.006530177915360702,-0.023570176414486,0.005184224980514946,1
2026-07-28 05:00:00+00:00,63283.43,63544.36,63251.48,63380.93,4094,63245.308,63672.95599999999,64292.24249999999,64600.806,63749.69997751478,64192.1968452978,-442.49686778302566,-302.00117971840507,-140.4956880646206,30.283030750130536,64292.24249999999,65874.21486249538,62710.2701375046,0.049211920473776954,342.9314285714286,0.3961638051063313,-0.0006220397922560572,-0.023622203719208423,0.005179665179932227,1
2026-07-28 06:00:00+00:00,63380.93,63605.06,63324.32,63560.86,3861,63323.21799999999,63539.545,64206.1805,64582.667799999996,63720.64767328173,64145.43115305352,-424.7834797717878,-326.55763972908164,-98.22584004270618,25.710746907378706,64206.1805,65748.18826663283,62664.172733367166,0.04803300101717879,329.6307142857139,0.19018413750455407,0.006166565170169891,-0.020557987776248288,0.005409376189402704,0
2026-07-28 07:00:00+00:00,63560.74,63587.75,63381.47,63437.52,3367,63386.664000000004,63407.581999999995,64126.052500000005,64564.3446,63677.08956969993,64092.99328986437,-415.9037201644387,-344.4268558161531,-71.47686434828563,20.96900384287912,64126.052500000005,65652.07474127895,62600.03025872107,0.047594454415510475,322.1814285714281,0.0,0.0050258007369736735,-0.02037813585063586,0.005409453390854025,1
2026-07-28 08:00:00+00:00,63433.17,63472.59,63322.88,63352.36,3780,63402.46,63369.424,64042.287,64543.9038,63627.13117436148,64038.13156468923,-411.00039032775385,-357.7415627184733,-53.25882760928056,21.44697977099689,64042.287,65543.6468203043,62540.92717969568,0.04688651485242278,309.79428571428537,0.024213421026552922,0.001248234249537461,-0.005987076901255439,0.0024423307061190455,0
2026-07-28 09:00:00+00:00,63352.62,63510.78,63287.44,63315.68,3649,63409.469999999994,63331.333999999995,63949.79099999999,64524.15,63579.2156090751,63984.61663397151,-405.4010248964114,-367.27345515406097,-38.12756974235043,17.766280481165907,63949.79099999999,65386.30004764031,62513.28195235967,0.04492615300776574,305.53571428571377,0.0,0.0005538819698855946,-0.00597991289328248,0.0024423355215105825,1
2026-07-28 10:00:00+00:00,63315.3,63485.81,63218.7,63395.43,4016,63412.37000000001,63328.839,63888.4905,64503.795999999995,63550.94089998662,63940.97317960325,-390.03227961662924,-371.82522004657466,-18.207059570054582,20.483587777244125,63888.4905,65308.864829600185,62468.116170399815,0.04446416932014335,313.5692857142853,0.118438103157079,0.00022877543765931208,-0.0003934066620224774,0.002108665518183627,1
2026-07-28 11:00:00+00:00,63394.87,63531.01,63273.41,63387.34,4299,63377.666000000005,63350.442,63834.0205,64482.07779999999,63525.77153075792,63899.96331444745,-374.19178368953,-372.29853277516577,-1.8932509143642164,21.586010910825735,63834.0205,65242.918920251475,62425.12207974852,0.04414255624871621,319.32642857142804,0.30516950067305887,-0.00272998194171703,0.003419748616895868,0.0016142073939730004,1
2026-07-28 12:00:00+00:00,63387.03,63506.64,63304.17,63468.21,4137,63383.804000000004,63385.234,63766.04600000001,64462.4666,63516.91591064132,63867.98158745134,-351.06567681001616,-368.0519615821359,16.986284772119745,40.94992882004748,63766.04600000001,65102.3986814252,62429.69331857482,0.041914240109075886,260.37714285714225,0.9999999999956867,0.0004837830987087788,0.005512015233136491,0.0015834081896866684,1
2026-07-28 13:00:00+00:00,63467.6,63523.67,62629.14,63027.43,7220,63318.81799999999,63360.639,63669.845499999996,64434.121399999996,63441.61038592727,63805.71850689939,-364.1081209721233,-367.26319346013344,3.1550724880101484,32.12291547557348,63669.845499999996,64921.20575017728,62418.48524982271,0.03930778346799299,299.4228571428565,0.6192569342189322,-0.005128932844806422,-0.0038871007049093853,0.0027174129380593184,1
2026-07-28 14:00:00+00:00,63028.59,63469.13,62885.47,63335.89,7288,63322.86,63366.165,63596.231499999994,64412.79260000001,63425.345711169226,63770.916395277214,-345.5706841079882,-362.9246915897044,17.354007481716224,47.78100525793292,63596.231499999994,64733.670909462955,62458.792090537034,0.035770654412532625,315.1621428571421,0.9999999999966683,0.00031919423435078365,0.0008732530001676064,0.0031938077792901753,1
2026-07-28 15:00:00+00:00,63334.96,63971.85,63184.37,63857.73,7431,63415.31999999999,63413.84500000001,63543.4005,64400.6986,63491.86637098934,63777.34703266408,-285.4806616747446,-347.4358856067125,61.95522393196785,65.76846032271115,63543.4005,64508.09546053493,62578.705539465074,0.030363340738584776,337.0514285714276,0.9999999999979168,0.007292323752674301,0.007522767494891669,0.004103194282720746,0
2026-07-28 16:00:00+00:00,63858.9,64041.33,63701.05,63972.69,4940,63532.39,63455.028000000006,63497.2865,64387.107800000005,63565.83923699098,63791.81688209637,-225.97764510539128,-323.14423750644823,97.16659240105696,69.02253961169379,63497.2865,64256.16962452152,62738.40337547848,0.02390285211704342,346.5207142857133,0.999999999998049,0.009234493827947388,0.00647930188483925,0.004057541858986948,0
2026-07-28 17:00:00+00:00,63971.37,63971.37,63429.71,63617.7,4943,63562.288,63473.04600000001,63440.314,64365.3204,63573.81781591545,63778.91933527441,-205.10151935896283,-299.53569387695114,94.43417451798831,57.048804454634734,63440.314,63921.07395574364,62959.55404425636,0.015156291809767544,370.0614285714276,0.7663946733482113,0.00235535238822715,0.002840274966612766,0.004454878788445333,1
2026-07-28 18:00:00+00:00,63620.29,63777.67,63594.87,63657.19,4538,63688.240000000005,63503.529,63436.476500000004,64344.986800000006,63586.64430577461,63769.90234747631,-183.2580417017016,-276.28016344190127,93.02212174019968,57.60837940064013,63436.476500000004,63908.51409548009,62964.43890451992,0.014882213563046295,372.27571428571275,0.777311875568906,0.009991840060748158,0.004811659739274221,0.004417924446407617,1
2026-07-28 19:00:00+00:00,63657.17,63827.44,63589.64,63823.29,4155,63785.72000000001,63554.29,63442.812,64328.831399999995,63623.05133565543,63773.856988404,-150.8056527485678,-251.18526130323457,100.37960855466676,58.706365826392236,63442.812,63932.61554100533,62953.008458994664,0.015440789131646133,368.34142857142746,0.79873338475384,0.007695478819355062,0.008017129406175494,0.004447241536735389,1
2026-07-28 20:00:00+00:00,63825.39,63944.69,63789.92,63834.64,3919,63781.102,63598.210999999996,63463.525,64311.958399999996,63655.603437862286,63778.35943370741,-122.75599584512383,-225.49940821161243,102.7434123664886,55.77141989830759,63463.525,63983.445254268125,62943.60474573188,0.01638485269351563,359.3435714285707,0.7414731402907228,-0.0003615850422494793,0.006928101915232743,0.004448186045540552,0
2026-07-28 21:00:00+00:00,63833.96,63995.83,63804.58,63892.49,3803,63765.062,63648.726,63499.583999999995,64296.9844,63692.047524345006,63786.81354972908,-94.76602538407315,-199.3527316461046,104.58670626203144,59.86333502430224,63499.583999999995,64034.003984985546,62965.164015014445,0.016832235782380887,358.2699999999994,0.8213056367584477,-0.0012536599602112064,0.007969256952571335,0.004438829235639814,0
2026-07-28 22:00:00+00:00,63893.52,63944.35,63678.29,63700.87,4051,63781.695999999996,63671.992000000006,63528.613,64279.17079999999,63693.404828291925,63780.44736086026,-87.04253256833181,-176.89069183055005,89.84815926221825,57.2220172991881,63528.613,64038.808190761534,63018.41780923846,0.016061902398578628,366.58071428571355,0.7697740234508383,0.0013073405671693017,0.003665772203123474,0.004591457666086187,0
2026-07-28 23:00:00+00:00,63700.52,63883.76,63469.92,63844.88,4252,63819.234,63753.737,63557.188,64260.1328,63716.7087008624,63785.22014894468,-68.51144808228128,-155.21484308089632,86.70339499861504,60.499333375658615,63557.188,64071.19623231419,63043.17976768581,0.016174668782205737,380.18785714285696,0.8244048148137303,0.002948449342485837,0.01296974983749144,0.0038184590766886374,1
2026-07-29 00:00:00+00:00,63846.19,64118.02,63787.01,63870.28,5146,63828.632000000005,63807.176,63586.67049999999,64230.6412,63740.33505457589,63791.52087865249,-51.18582407660142,-134.40903928003735,83.22321520343593,59.628681853021874,63586.67049999999,64101.529523256744,63071.81147674324,0.016193929300221854,384.75214285714225,0.8019699582575018,0.0007362516097180194,0.008437396237741313,0.003606551305446094,1
2026-07-29 01:00:00+00:00,63868.6,63925.17,63601.83,63626.8,5703,63787.064,63784.083,63598.964,64196.3296,63722.86812310267,63779.319332085644,-56.451208982973185,-118.8174732206245,62.36626423765132,54.43247445579755,63598.964,64104.80103143712,63093.12696856288,0.015907084003353278,389.4478571428564,0.6046012527895976,-0.003255912463828392,-0.003616320216832003,0.002780664053461719,1
2026-07-29 02:00:00+00:00,63619.06,64046.93,63565.2,63888.94,5436,63786.35400000001,63775.708000000006,63615.367999999995,64172.751000000004,63748.41764262533,63787.43938156078,-39.021738935443864,-102.85832636358838,63.83658742814451,57.29808115956114,63615.367999999995,64137.033365155294,63093.702634844696,0.01640060826670998,409.3949999999994,0.6822607620893343,-5.556208562218501e-05,-0.001309152389871393,0.0030631907290250716,1
2026-07-29 03:00:00+00:00,63889.91,63922.5,63617.85,63663.13,5007,63778.806000000004,63780.251000000004,63626.648499999996,64143.219000000005,63735.29646683682,63778.23127922294,-42.93481238612003,-90.87362356809471,47.938811181974685,61.91565135895027,63626.648499999996,64141.83806790016,63111.458932099835,0.016194144436199903,367.26071428571385,0.665424910722056,-0.0005924565865428333,0.0007141094380966884,0.0027131951604063252,1
2026-07-29 04:00:00+00:00,63664.95,63883.25,63503.44,63873.57,4867,63784.543999999994,63801.889,63652.70900000001,64118.48359999999,63756.5693180927,63785.29340668791,-28.72408859521238,-78.44371657351826,49.71962797830588,60.462817379391936,63652.70900000001,64162.177130168515,63143.240869831505,0.016007743839103687,352.6999999999997,0.41331843683480934,0.00044937041153492174,0.003399144699915313,0.002899657064118838,1
2026-07-29 05:00:00+00:00,63874.96,64013.67,63800.25,63978.13,4111,63806.114,63817.373,63685.83149999999,64093.4906,63790.655576847676,63799.5775987851,-8.922021937425598,-64.53937764629973,55.61735570887413,52.79713781247083,63685.83149999999,64189.140072223054,63182.52292777693,0.01580598259828203,311.69571428571413,0.0,0.001688578788131112,0.0024260736167001085,0.0028307093985201694,1
2026-07-29 06:00:00+00:00,63977.37,64380.54,63940.04,64345.81,4317,63949.916000000005,63868.48999999999,63733.3505,64075.77199999999,63876.06394964034,63840.03925813436,36.02469150597608,-44.42656381584456,80.45125532182064,57.75743060060201,63733.3505,64297.04978464853,63169.65121535147,0.017689303331025412,318.85428571428565,0.5439804155351499,0.011300426864151447,0.008007721199649653,0.003321165087704549,1
2026-07-29 07:00:00+00:00,64345.11,64496.21,64317.08,64485.35,3645,64069.198,63927.776,63788.251000000004,64057.581399999995,63969.80026508029,63887.84005382811,81.96021125217521,-19.1492088022406,101.1094200544158,69.81415593728171,63788.251000000004,64419.84778686115,63156.654213138856,0.01980291909433754,292.8649999999995,0.9999999999941236,0.009335105575393632,0.009279024811836178,0.0033494016395287612,0
2026-07-29 08:00:00+00:00,64485.5,64506.28,64193.94,64337.19,3881,64204.009999999995,63991.407999999996,63831.7,64037.34099999999,64026.32176276024,63921.125235026026,105.19652773421694,5.719938505050916,99.47658922916602,64.79457300251516,63831.7,64489.606624728614,63173.79337527138,0.02061378984826089,302.11785714285674,0.7050257043848078,0.010587917999005159,0.009989188530706183,0.0032642489615673127,1
2026-07-29 09:00:00+00:00,64337.26,64672.2,64297.42,64614.95,4054,64352.286,64068.41499999999,63911.076,64026.3246,64116.87995310482,63972.519662061124,144.36029104369663,33.44800901278007,110.91228203091657,66.42584446842066,63911.076,64542.96784528833,63279.18415471167,0.01977409503442971,311.90214285714217,0.8008868860519716,0.011606991749482543,0.012061577999676665,0.0034139061750206785,0
2026-07-29 10:00:00+00:00,64614.98,64640.21,64334.13,64401.45,3880,64436.95,64121.53199999999,63964.35400000001,64012.2396,64160.65996031947,64004.292279686226,156.36768063324416,58.03194333687291,98.33573729637126,60.85032255594482,63964.35400000001,64571.23932069806,63357.46867930195,0.018975735163308506,322.7099999999991,0.4732430020559884,0.006616636028592859,0.008316387527970814,0.003699892711044851,0
2026-07-29 11:00:00+00:00,64399.76,64521.81,64341.87,64435.2,3823,64454.828,64202.371999999996,63993.2275,63996.957,64202.89688950109,64036.211370079836,166.68551942125487,79.7626585537493,86.92286086750556,60.48573139865144,63993.2275,64632.820333074196,63353.634666925806,0.019989391317204477,321.90214285714165,0.45181791132521787,0.0013892124444465637,0.012705338002225286,0.003330438081625782,0
2026-07-29 12:00:00+00:00,64436.25,64437.42,64135.98,64201.26,4251,64398.009999999995,64233.60399999999,64004.655999999995,63975.340200000006,64202.64506034708,64048.43719451837,154.2078658287137,94.6517000087422,59.5561658199715,59.512502994103095,64004.655999999995,64650.83810444106,63358.47389555893,0.020191721816021264,324.4292857142843,0.3946264340990372,-0.004405496752363125,0.0048884830457351924,0.0034910509660499045,0
2026-07-29 13:00:00+00:00,64202.14,64599.43,64055.05,64591.04,6629,64448.780000000006,64326.395,64053.323,63966.359399999994,64262.39812798598,64088.62999492442,173.76813306155964,110.47498661930571,63.29314644225393,62.97245422366264,64053.323,64722.98284204311,63383.663157956886,0.020909448899102737,333.75357142856956,0.5979494372340335,0.003945618389612493,0.014575312272582241,0.003580062698669907,0
2026-07-29 14:00:00+00:00,64593.2,64649.15,63960.23,64016.22,7828,64329.034,64340.659999999996,64071.2745,63946.1304,64224.524569834284,64083.26629159669,141.25827823759755,116.63164494296409,24.626633294633464,52.13028703552331,64071.2745,64714.967888286825,63427.581111713174,0.020093041485754283,359.3185714285698,0.0,-0.009266121849510034,0.002233318100115511,0.0047634671813464894,0
2026-07-29 15:00:00+00:00,64017.74,64106.7,63788.39,63865.32,6072,64221.808,64329.379,64073.376000000004,63920.1248,64169.26232832132,64067.12212184878,102.14020647254074,113.73335724887943,-11.593150776338689,53.57839401340619,64073.376000000004,64713.92727801225,63432.82472198776,0.019994303968382886,358.9592857142842,0.08188858365324671,-0.00832481256244999,-0.0017632587885890727,0.004800010414347536,0
2026-07-29 16:00:00+00:00,63864.54,64060.66,63539.47,63719.39,5954,64078.64599999999,64266.737,64067.6135,63902.0838,64100.05120088727,64041.36418689702,58.68701399024576,102.72408859715269,-44.03707460690693,47.36442856831962,64067.6135,64719.18654332625,63416.04045667375,0.0203401690099242,361.77785714285557,0.0,-0.01110899011720301,-0.009735210420072415,0.004351693800926859,1
2026-07-29 17:00:00+00:00,63718.02,64215.43,63616.68,64190.94,5268,64076.581999999995,64237.295999999995,64082.536,63896.36779999999,64114.034093058464,64052.44387675651,61.59021630195639,94.49731413811344,-32.90709783615705,57.622223313337145,64082.536,64730.8841620687,63434.1878379313,0.0202347847803246,382.7849999999983,0.45692290941375824,-0.00016074450875258606,-0.004565533101704489,0.005032158024074409,0
2026-07-29 18:00:00+00:00,64188.75,64621.95,63688.28,64432.62,10576,64044.898,64246.839,64119.1235,63888.4662,64163.04730951101,64080.605071070844,82.44223844016233,92.08629899852323,-9.644060558360906,58.001173591332666,64119.1235,64759.32163213527,63478.92536786474,0.019969023192753562,422.3464285714269,0.47380285952476725,-0.002452662164907027,0.0014832789557641668,0.005148177336342007,0
2026-07-29 19:00:00+00:00,64432.83,64526.61,63433.33,63510.17,8915,63943.688,64136.361,64102.388,63859.6408,64062.60464650931,64038.3506213619,24.254025147412904,78.51984422830117,-54.265819080888264,44.57304288126473,64102.388,64788.61615885327,63416.15984114673,0.021410377374810795,485.1935714285698,0.0,-0.007905027819512078,-0.01709790071802264,0.006634122887088466,1
2026-07-29 20:00:00+00:00,63512.33,63662.1,63294.24,63431.74,6638,63856.971999999994,64039.39,64080.460999999996,63832.1122,63965.54854704634,63993.41650126102,-27.86795421467832,57.24228453970527,-85.11023875438359,38.63716035294205,64080.460999999996,64823.5834179345,63337.338582065495,0.023193416724467723,480.0049999999984,0.0,-0.006788974047260754,-0.01505726967327603,0.006610868828341173,1
2026-07-29 21:00:00+00:00,63431.85,63785.43,63184.58,63785.14,5202,63870.121999999996,63974.384000000005,64088.378000000004,63809.528,63937.79338596229,63977.988612278714,-40.1952263164203,37.75478236848015,-77.95000868490045,41.7351069982649,64088.378000000004,64814.32558698943,63362.43041301058,0.02265457824473021,510.12785714285565,0.11148230813801326,0.001031868007524972,-0.010088585121175941,0.006965425782169323,1
2026-07-29 22:00:00+00:00,63786.82,64056.22,63786.72,63855.81,4786,63803.096,63939.839,64086.72150000001,63788.74479999999,63925.180557352716,63968.93834470252,-43.75778734980122,21.452268424823874,-65.21005577462509,44.212179215882365,64086.72150000001,64814.73350097829,63358.70949902172,0.022719589454370324,507.1807142857132,0.2006219092545986,-0.005220830229312856,-0.005380735518274893,0.006927018374261127,1
2026-07-29 23:00:00+00:00,63855.79,63988.98,63802.9,63894.56,4146,63695.484,63870.191000000006,64098.29299999999,63771.492999999995,63920.46970237537,63963.42883768752,-42.959135312150465,8.569987677429003,-51.52912298957947,40.810297100432464,64098.29299999999,64805.00149948564,63391.58450051434,0.02205077440941052,493.70214285714195,0.0892997947354206,-0.008350739113200834,-0.010782919736235907,0.006555040123403537,1
2026-07-30 00:00:00+00:00,63894.83,64037.47,63509.82,63615.18,4670,63716.486,63830.087,64085.37350000001,63769.1178,63873.50205585608,63937.63262748845,-64.13057163236954,-5.97012418453071,-58.16044744783883,40.13569426636527,64085.37350000001,64818.339323120796,63352.40767687922,0.022874668058875766,509.5285714285705,0.06157862409132652,0.0016534359772615304,-0.006264662299648394,0.006093914630805156,1
2026-07-30 01:00:00+00:00,63615.57,64293.26,63595.99,64186.23,5182,63867.384,63862.17799999999,64095.7785,63778.9108,63921.61404726283,63956.04724767449,-34.43320041165862,-11.662739429956293,-22.770460981702325,47.24756949895314,64095.7785,64828.242309007146,63363.314690992855,0.022855290196908858,546.480714285714,0.35382392305257787,0.011894518422480793,0.005024792798345112,0.006751627930719414,0
2026-07-30 02:00:00+00:00,64188.95,64330.7,64075.1,64101.38,4425,63930.632000000005,63900.377,64083.55699999999,63792.5308,63949.27034768393,63966.81263673564,-17.542289051707485,-12.838649354306533,-4.703639697400952,48.85815933638795,64083.55699999999,64806.55058288116,63360.56341711883,0.02256409028235324,543.2064285714285,0.42000721411880976,0.004957894581715916,0.005994878482044497,0.006713905625146028,0
2026-07-30 03:00:00+00:00,64098.27,64225.76,64045.14,64076.71,4246,63974.812,63888.954000000005,64063.125,63810.6388,63968.87644804025,63974.95318216262,-6.076734122369089,-11.486266307919045,5.409532185549956,43.58455593446974,64063.125,64760.968084201115,63365.281915798885,0.021786108130101827,517.2235714285717,0.2554943296410043,0.003459356321687812,-0.0017795346196831652,0.006277259260048741,1
2026-07-30 04:00:00+00:00,64075.92,64099.63,63917.63,63941.44,3922,63984.188,63839.835999999996,64043.3375,63827.061799999996,63964.65545603407,63972.470724224644,-7.815268190577626,-10.752066684450762,2.9367984938731357,48.95236173920842,64043.3375,64730.8261900765,63355.848809923504,0.021469483537659095,481.01500000000044,0.5326995628035638,0.000733708785223719,-0.0076231573386275064,0.006142569300976362,1
2026-07-30 05:00:00+00:00,63940.63,64100.75,63820.87,63957.53,4585,64052.65800000001,63884.572,64010.466499999995,63840.74480000001,63963.55923202882,63971.36400391171,-7.804771882889327,-10.162607724138475,2.3578358412491482,51.34253691576129,64010.466499999995,64643.596626185856,63377.336373814134,0.019782081300278004,478.27000000000044,0.6561334371309077,0.005381577164444096,0.007043911235003808,0.003876560481779183,1
2026-07-30 06:00:00+00:00,63957.53,63998.99,63863.39,63914.11,4060,63998.234,63932.808999999994,63986.0995,63853.4144,63955.951657870544,63967.12296658491,-11.171308714365296,-10.364347922183839,-0.8069607921814566,52.92226697802299,63986.0995,64592.83308556323,63379.36591443676,0.01896454355881573,450.7278571428573,0.7377141530086269,-0.00423953860508719,0.007604552547352483,0.003849474440968469,1
2026-07-30 07:00:00+00:00,63914.33,64061.21,63848.66,63922.0,4377,63962.35799999999,63946.494999999995,63960.4395,63864.2358,63950.72832589046,63963.78052461566,-13.05219872519956,-10.901918082786985,-2.150280642412575,45.31136680613664,63960.4395,64529.435954172535,63391.443045827466,0.017792137096635643,423.1421428571427,0.3446706202373384,-0.002798379691669628,0.0021456408185354103,0.0034593426639111793,1
2026-07-30 08:00:00+00:00,63922.01,64268.34,63887.16,64205.5,4444,63988.116,63981.464,63960.6515,63877.128600000004,63989.92396806116,63981.68567094042,8.238297120740754,-7.073875042081436,15.31217216282219,46.09735310087905,63960.6515,64530.02878120047,63391.27421879953,0.017803986289929147,383.67857142857093,0.5222357062975375,0.0020099346548847485,0.0054762440567273085,0.003705504718548617,1
2026-07-30 09:00:00+00:00,64206.2,64555.57,64183.58,64480.07,4035,64095.842000000004,64040.01499999999,63955.103,63897.9796,64065.331049897904,64018.60302864853,46.72802124937152,3.686504216209159,43.041517033162364,71.43956073105394,63955.103,64500.262565209916,63409.94343479009,0.017048195988673902,332.1578571428566,0.9999999999969514,0.00842380152839839,0.009163690930808599,0.0038886646775380743,1
2026-07-30 10:00:00+00:00,64479.81,64552.01,64472.48,64480.14,3565,64200.364,64126.511,63978.299,63920.5352,64129.14781145208,64052.79095245234,76.3568589997376,18.220575172914852,58.13628382682275,74.0064481264713,63978.299,64571.747884008946,63384.85011599105,0.0185515680561919,311.56285714285644,0.9999999999970476,0.008171203609645294,0.013596754736841188,0.003448373644076871,1
2026-07-30 11:00:00+00:00,64486.21,64810.31,64443.78,64713.07,3925,64360.155999999995,64179.19500000001,64020.686499999996,63948.483,64218.98199430561,64101.70051152995,117.28148277566652,38.032756693465195,79.24872608220133,72.48862154708192,64020.686499999996,64695.660598536124,63345.71240146387,0.02108612498355911,294.8257142857136,0.9551876942050398,0.012500526096663078,0.008207991028605255,0.002384432040699846,1
2026-07-30 12:00:00+00:00,64712.64,64960.7,64697.72,64833.0,4425,64542.35599999999,64252.357,64076.367000000006,63977.234399999994,64313.44630287398,64155.87084400921,157.57545886476873,61.94129712772592,95.63416173704282,73.13018079219087,64076.367000000006,64826.26101915273,63326.472980847284,0.02340625894575832,294.24714285714174,0.9741290867632582,0.014251744313381831,0.011413482829854882,0.0022764264706659305,0
2026-07-30 13:00:00+00:00,64834.59,65109.65,64604.99,64959.51,5665,64693.157999999996,64340.637,64114.79550000001,64008.677800000005,64412.84071781645,64215.3996703789,197.44104743754724,89.0412471896902,108.39980024785704,74.20197897396984,64114.79550000001,64961.88333285225,63267.70766714776,0.026424098408057616,317.00285714285616,0.9999999999970645,0.011743697969800238,0.013777236690210914,0.00222201974560619,0
2026-07-30 14:00:00+00:00,64959.29,64980.98,64547.88,64610.77,5388,64719.297999999995,64407.56999999999,64123.703,64031.529,64443.291376613925,64244.68636146194,198.6050151519812,110.95400078214843,87.65101436983278,71.93422310739405,64123.703,64988.42576718459,63258.98023281541,0.026970456375065874,310.24928571428507,0.9259325037334881,0.002026982911153663,0.010467859341297236,0.0029188164185342405,1
2026-07-30 15:00:00+00:00,64611.31,64826.01,64527.18,64651.63,4907,64753.596,64476.979999999996,64180.776,64064.013,64475.343472519475,64274.83033468699,200.5131378324877,128.8658281922163,71.6473096402714,63.37894555280841,64180.776,65025.44081462677,63336.11118537323,0.026321427295511943,281.78928571428486,0.6465073691125772,0.0026595785927263638,0.01085251416056865,0.00290977596925575,1
2026-07-30 16:00:00+00:00,64651.59,64903.04,64650.08,64744.99,4350,64759.979999999996,64560.06799999999,64246.438500000004,64092.195,64516.82755367032,64309.65697656203,207.1705771082925,144.52677797543154,62.64379913286095,68.41189831846715,64246.438500000004,65049.063117437014,63443.813882562994,0.024985808900115446,281.6007142857135,0.8108893538128964,0.0004932542993245637,0.01299994633422874,0.002843573455615661,0
2026-07-30 17:00:00+00:00,64745.15,64929.24,64700.92,64810.25,4024,64755.42999999999,64648.893,64297.693999999996,64111.2454,64561.96946849027,64346.73794126114,215.23152722913073,158.6677278261714,56.56379940295935,70.50827555356744,64297.693999999996,65107.18043748929,63488.2075625107,0.02517933030348781,285.00785714285615,0.872148662027931,-0.0003509015470516408,0.013895841807202602,0.0028166741415964723,0
2026-07-30 18:00:00+00:00,64810.27,64838.24,64616.22,64630.81,3643,64689.68999999999,64691.424,64336.443999999996,64124.40779999999,64572.56031949177,64367.78031598254,204.78000350922957,167.89018296278303,36.88982054644654,68.8088313134012,64336.443999999996,65130.9246896101,63541.96331038989,0.0246976873515144,287.8664285714273,0.8133252549541091,-0.00506007511448292,0.006624198861468145,0.0028704817793285846,1
2026-07-30 19:00:00+00:00,64629.8,64840.39,64627.96,64734.55,3950,64714.445999999996,64716.87200000001,64378.44350000001,64146.74480000001,64597.48180880072,64394.948440724576,202.53336807614687,174.8188199854558,27.714548090691068,70.23257751715943,64378.44350000001,65163.31971512147,63593.56728487855,0.02438319948264861,283.0485714285704,0.8626058377082018,0.0019157796757414136,0.003946645839559393,0.0026093926712206727,0
2026-07-30 20:00:00+00:00,64737.22,64870.75,64679.62,64715.58,4022,64727.236,64740.416000000005,64433.46349999999,64167.912599999996,64615.65076129293,64418.69892659682,196.95183469610492,179.24542292758565,17.706411768519274,71.13837649081886,64433.46349999999,65143.7920434444,63723.13495655558,0.022048435854900506,287.0149999999989,0.8939585473148473,0.0009891475280670026,0.0036513568363840676,0.0026160009979513408,0
2026-07-30 21:00:00+00:00,64715.59,64744.7,64635.07,64669.15,3596,64712.06799999999,64736.024,64457.6095,64184.82980000001,64623.881413401716,64437.250857960025,186.63055544169038,180.7224494304066,5.908106011283763,69.31308838810722,64457.6095,65165.37911382276,63749.83988617724,0.021960777612230937,279.66357142857044,0.8260467651118539,-0.0011713647650574144,-0.0006786882464392407,0.0023656090867593634,0
2026-07-30 22:00:00+00:00,64669.13,64960.37,64591.43,64791.18,4070,64708.254,64731.84199999999,64492.0995,64203.960600000006,64649.61965749376,64463.46783144447,186.1518260492885,181.80832475418302,4.343501295105483,66.51812910358504,64492.0995,65193.98167552094,63790.217324479054,0.021766454525827397,278.7892857142854,0.2900465542876199,-0.00029424358029783715,-0.0006450418768220167,0.002368670930504408,0
2026-07-30 23:00:00+00:00,64788.63,65031.69,64672.52,64717.74,4116,64725.64,64707.66499999999,64524.151,64220.465599999996,64660.09971018702,64482.30280689303,177.79690329399455,181.00604046214534,-3.2091371681507894,57.560873189074165,64524.151,65204.3758111318,63843.926188868194,0.021084347506774757,277.87357142857167,0.0,0.0013450241456047785,-0.0037218568920855954,0.0022764123683563313,0
2026-07-31 00:00:00+00:00,64719.61,64846.28,64625.21,64657.49,4158,64710.228,64712.337,64559.95349999999,64239.598000000005,64659.6982163121,64495.27963601206,164.4185803000364,177.68854842972357,-13.269968129687157,55.43388341125922,64559.95349999999,65184.10653778746,63935.800462212515,0.019335609892825383,287.98357142857174,0.0,-0.0011903998714751785,0.000723099260386384,0.0014908006707122598,0
2026-07-31 01:00:00+00:00,64659.59,65357.55,64407.55,64494.53,7075,64666.018,64696.627,64586.8035,64252.59099999999,64634.287721494846,64495.22410741858,139.06361407626537,169.96356155903194,-30.899947482766578,43.00412313050611,64586.8035,65144.503859135046,64029.10314086496,0.017269792865195564,329.66000000000037,0.0,-0.003415715350152171,-0.0024299464684803818,0.0016806999938564174,0
2026-07-31 02:00:00+00:00,64496.15,64547.26,64139.06,64236.05,5222,64579.398,64645.73300000001,64602.9005,64259.9064,64573.020379726404,64476.026025387575,96.994354338829,155.36972011499137,-58.37536577616237,32.447499808876614,64602.9005,65093.38259042727,64112.41840957274,0.015184522262348383,340.0328571428581,0.0,-0.0066971654954487425,-0.00786068543681906,0.0019376103411672982,0
2026-07-31 03:00:00+00:00,64236.01,64368.89,64096.84,64300.86,4472,64481.333999999995,64594.79400000001,64621.843499999995,64273.387599999995,64531.14955207619,64463.05076424776,68.09878782842861,137.91553365767882,-69.81674582925021,29.90413541863724,64621.843499999995,65022.67066124274,64221.016338757254,0.012405314968853887,323.41785714285805,0.0,-0.007567696714275041,-0.007859713548397096,0.0019377113042938546,0
2026-07-31 04:00:00+00:00,64298.53,64372.72,64164.97,64238.88,3772,64385.562,64555.601,64623.5125,64280.386399999996,64486.18500560293,64446.445522451635,39.739483151293825,118.28032355640183,-78.540840405108,36.24677332268264,64623.5125,65017.25563929451,64229.76936070548,0.01218575481468961,307.32142857142907,0.15381968332888843,-0.00739920769792024,-0.006064135665327375,0.0018126479989773552,0
2026-07-31 05:00:00+00:00,64239.66,64356.56,64198.24,64291.55,3720,64312.373999999996,64511.301,64614.0865,64292.95479999999,64456.24115858709,64434.97178004781,21.26937853927666,98.87813455297679,-77.60875601370013,36.79884442228481,64614.0865,65030.652977882186,64197.52002211781,0.012893983353991651,297.28500000000037,0.16720834006769958,-0.005659669127273448,-0.006843331729347035,0.0017208790700771936,0
2026-07-31 06:00:00+00:00,64295.94,64438.67,64136.53,64168.61,3854,64247.19,64456.60400000001,64598.509999999995,64298.8556,64411.99021111215,64415.241277822046,-3.2510667098977137,78.45229430040189,-81.7033610102996,29.317496770489782,64598.509999999995,65057.32112843774,64139.69887156225,0.014205006537697067,300.79785714285754,0.0,-0.005053451819867494,-0.008451906017067357,0.0017557121806848954,0
2026-07-31 07:00:00+00:00,64169.95,64183.94,63798.66,63874.94,4369,64174.96800000001,64377.183,64556.603500000005,64296.791800000006,64329.36710171028,64375.21896094634,-45.85185923605604,53.5914635931103,-99.44332282916633,21.164624709429873,64556.603500000005,65113.89352209505,63999.31347790496,0.017265159313873967,312.009285714286,0.0,-0.0056216096724502895,-0.012281126317571833,0.0021120255704290417,0
2026-07-31 08:00:00+00:00,63873.03,63915.31,63735.12,63768.31,4039,64068.458,64274.89600000001,64503.36899999999,64285.2418,64243.05062452408,64330.26274161698,-87.21211709289491,25.43074745590925,-112.64286454880417,22.159457714654877,64503.36899999999,65146.314717374175,63860.42328262581,0.019935260044298866,309.02142857142877,0.019907110628293975,-0.008282159834254177,-0.015787179674764396,0.0018054727752375912,0
2026-07-31 09:00:00+00:00,63769.42,63785.31,63563.15,63650.88,3914,63950.85799999999,64168.21000000001,64437.9375,64268.5524,64151.94745152038,64279.9380940898,-127.99064256942074,-5.253530549156758,-122.73711202026398,15.326776264006327,64437.9375,65148.25224683615,63727.62275316385,0.022046476792841156,309.7164285714285,0.0,-0.009153335176453892,-0.016484815446274892,0.0017995161738874447,0
2026-07-31 10:00:00+00:00,63651.5,63888.25,63532.95,63850.7,3757,63862.688,64087.531,64399.933999999994,64258.8226,64105.60168974801,64248.14267971277,-142.54098996476387,-32.71102243227819,-109.82996753248568,25.197586519380096,64399.933999999994,65151.45035148035,63648.41764851964,0.023339041045612165,321.44285714285746,0.1828391284195332,-0.006857044199432227,-0.012477904725345823,0.002356656512835757,0
2026-07-31 11:00:00+00:00,63850.18,63946.39,63719.99,63738.29,3805,63776.623999999996,64011.90700000001,64354.26700000001,64241.289399999994,64049.09219901754,64210.37581454887,-161.2836155313271,-58.425541052087986,-102.8580744792391,24.278814271187983,64354.26700000001,65151.02389148553,63557.510108514485,0.024761587028425694,329.78357142857203,0.1748740267759222,-0.006706082615783648,-0.011725645570252241,0.0023232429970852426,0
2026-07-31 12:00:00+00:00,63739.93,63771.81,63546.28,63677.11,4155,63737.058000000005,63956.013,64300.873,64226.80260000001,63991.86416839945,64170.874643100804,-179.01047470135381,-82.54252778194116,-96.46794691941265,18.145218937821426,64300.873,65129.85602818202,63471.88997181798,0.025784503055876637,319.54000000000036,0.06673382122527528,-0.0030971457663991897,-0.008701344494252083,0.002099685387270636,0
2026-07-31 13:00:00+00:00,63674.96,63763.77,63163.42,63194.07,6598,63622.21,63845.333999999995,64220.064,64201.98,63869.1266040303,64098.51874361185,-229.3921395815487,-111.91245014186269,-117.479689439686,14.70158969915731,64220.064,65149.037077948284,63291.09092205171,0.028930929684164913,336.7671428571427,0.0,-0.00900509986857101,-0.01721267802639037,0.002864249309066936,0
2026-07-31 14:00:00+00:00,63193.3,63241.24,62361.09,62607.53,10889,63413.54,63682.199,64118.9,64170.10539999999,63675.03481879488,63988.075132973936,-313.04031417905935,-152.13802294930204,-160.9022912297573,11.819441547218261,64118.9,65272.938919310414,62964.86108068959,0.035996840847563286,383.8442857142857,0.0,-0.016391760805192335,-0.02539505670086395,0.003701933894874805,1
2026-07-31 15:00:00+00:00,62607.5,62685.1,62391.29,62630.78,5705,63169.556,63516.121999999996,64013.7115,64130.900200000004,63514.38023128796,63887.53475275365,-373.15452146568714,-196.3413226525791,-176.81319881310804,13.381928207949471,64013.7115,65306.6283557832,62720.794644216796,0.040394997430611465,336.97357142857123,0.06255100126050521,-0.01910582029641017,-0.025831855041603458,0.003658859649800884,1
2026-07-31 16:00:00+00:00,62631.22,62861.42,62614.7,62794.31,4530,62980.759999999995,63378.691999999995,63917.64800000001,64106.462,63403.6001957052,63806.55514143857,-402.95494573337055,-237.66404726873742,-165.29089846463313,20.575533695252872,63917.64800000001,65274.89119560794,62560.40480439208,0.042468496200233484,325.4392857142853,0.3505324843749385,-0.014810249851384572,-0.021417013708104338,0.00401649837284011,1
2026-07-31 17:00:00+00:00,62794.26,63228.69,62725.95,63175.57,4456,62880.452000000005,63308.755000000005,63842.969,64092.667,63368.51862713517,63759.81550133201,-391.29687419683614,-268.3906126543572,-122.90626154247894,29.66110578921692,63842.969,65190.43474047837,62495.503259521625,0.04221187584425693,341.9171428571426,0.7142550336836144,-0.007876299662468944,-0.01094905138071367,0.004662760460272924,0
2026-07-31 18:00:00+00:00,63175.69,63239.92,62890.25,63023.92,4163,62846.422,63234.31599999999,63754.60600000001,64078.7576,63315.503453729754,63705.30472345556,-389.8012697258091,-292.6727440686476,-97.1285256571615,28.729840827445287,63754.60600000001,65071.698523375366,62437.51347662465,0.04131756451840855,352.05428571428536,0.6769737196976242,-0.0026924994702826055,-0.011673353112227725,0.00467854942029974,0
2026-07-31 19:00:00+00:00,63020.2,63095.61,62857.43,62913.38,4141,62907.59199999999,63160.56599999999,63664.388,64053.2064,63253.638307002104,63646.643632829226,-393.00532582712185,-312.7392604203425,-80.26606540677938,26.351715404493618,63664.388,64950.52695684664,62378.24904315336,0.04040371696800542,357.7585714285711,0.8145133581757155,0.004885195119500807,-0.011586642635577071,0.004677221375983,0
2026-07-31 20:00:00+00:00,62917.06,62967.63,62862.73,62894.43,3861,62960.322,63064.939,63576.235,64022.442599999995,63198.375490540246,63590.92410447151,-392.5486139312634,-328.7011311225267,-63.847482808736686,27.32695113705114,63576.235,64816.64184655801,62335.828153441995,0.03902108536493253,343.6699999999993,0.8691739391240098,0.0042095915139488405,-0.01497665648144808,0.004447127867360767,1
2026-07-31 21:00:00+00:00,62894.47,63007.08,62774.23,62893.67,4095,62980.193999999996,62980.47699999999,63496.192,64010.1126,63151.49772276482,63539.27565228844,-387.7779295236178,-340.51649080274495,-47.26143872087283,30.507073925601574,63496.192,64692.931876226256,62299.45212377375,0.037694855030873435,332.7821428571421,0.999999999994649,0.001582308970351054,-0.013251375272226529,0.004470012737564118,1
2026-07-31 22:00:00+00:00,62894.71,62967.19,62796.0,62884.83,3554,62922.045999999995,62901.248999999996,63428.630999999994,63999.174399999996,63110.47191926254,63490.798196563366,-380.3262773008246,-348.4784481023609,-31.84782919846367,31.740244708994766,63428.630999999994,64601.837935071315,62255.42406492867,0.03699297672280901,332.1392857142855,0.9999999999949802,-0.004602095398585249,-0.012442147578619722,0.004484914200773308,1
2026-07-31 23:00:00+00:00,62885.8,62961.11,62784.13,62828.05,3404,62882.871999999996,62864.647,63354.9905,63980.032600000006,63067.02239322214,63441.705737558674,-374.6833443365322,-353.7194273491952,-20.963916987336972,32.556443577621934,63354.9905,64481.64596769254,62228.33503230746,0.03556643158813313,328.9121428571431,0.9999999999951777,-0.0031078676159781438,-0.005791999154351024,0.0038935525702643364,1
2026-08-01 00:00:00+00:00,62826.67,62962.47,62822.14,62882.91,3563,62876.778000000006,62892.185,63287.192,63960.5746,63038.69740964951,63400.31346070248,-361.6160510529662,-355.29875208994946,-6.3172989630167535,28.139809088404007,63287.192,64351.35376025144,62223.030239748565,0.03362960898159103,313.55714285714305,0.7870167306334275,-0.0004843166906625118,0.004398512447304714,0.002412835939356312,1
2026-08-01 01:00:00+00:00,62882.9,62927.03,62853.3,62905.51,3416,62878.994000000006,62919.657999999996,63217.89,63940.793600000005,63018.2070389342,63363.66135250229,-345.4543135680942,-353.32986438557845,7.875550817484225,30.393920274228037,63217.89,64182.52595639867,62253.25404360133,0.03051781564992662,302.6521428571427,0.8957166855501644,0.0001761682234817652,0.00438650133368923,0.002412877597008406,1
2026-08-01 02:00:00+00:00,62904.43,63049.27,62900.47,63009.41,3447,62902.14200000001,62941.168000000005,63159.93000000001,63928.678199999995,63016.85364832893,63337.4205115762,-320.56686324727343,-346.7772641579175,26.21040091064407,34.590353104085,63159.93000000001,64017.39139023606,62302.46860976396,0.027152069048716504,297.1714285714282,0.9999999999956085,0.0018402487881532537,0.003425469600669251,0.002334794909197213,0
2026-08-01 03:00:00+00:00,63008.51,63015.76,62901.73,62936.72,3385,62912.520000000004,62917.282999999996,63113.01899999999,63903.687999999995,63004.52539473986,63307.73899220019,-303.21359746032977,-338.0645308184,34.85093335807022,42.67289240668512,63113.01899999999,63906.00944068986,62320.02855931013,0.025129219082036438,262.4342857142853,0.9999999999967589,0.0008251592633707894,-0.0037807335968634836,0.0012149834006606637,1
2026-08-01 04:00:00+00:00,62938.11,63041.53,62925.64,63033.72,3210,62953.654,62918.263,63076.2895,63882.334800000004,63009.01687247219,63287.44128907425,-278.4244166020653,-326.1365079751331,47.71209137306778,66.82404212820055,63076.2895,63807.09462899505,62345.484371004946,0.02317210269621369,207.84428571428518,0.9999999999981288,0.003273537854509234,0.00015549651624335858,0.0011217806451060074,0
2026-08-01 05:00:00+00:00,63033.01,63083.51,62932.08,62970.23,3324,62971.117999999995,62923.948,63042.257,63860.205200000004,63003.04966132262,63263.944156550235,-260.89449522761424,-313.08810542562935,52.19361019801511,62.98733596051593,63042.257,63722.00800741853,62362.505992581464,0.021564932468028035,197.67428571428536,0.9170415155477093,0.0013886125817015316,0.000903623362788819,0.0010101671235934985,1
2026-08-01 06:00:00+00:00,62971.2,63020.71,62926.11,63009.76,3336,62991.96800000001,62935.48099999999,63000.21,63841.5716,63004.082021119146,63245.11570050947,-241.03367939032614,-298.6772202185687,57.64354082824258,59.10724098575494,63000.21,63563.45413123128,62436.96586876872,0.0178807064684794,186.8085714285709,0.8093314181018811,0.0016572475129761344,0.0018337076908081507,0.0010128245523459188,1
2026-08-01 07:00:00+00:00,63011.58,63052.77,62967.53,62990.38,3196,62988.162,62945.152,62962.8145,63822.228599999995,63001.974017870045,63226.246389360625,-224.27237149058055,-283.7962504729711,59.523878982390556,38.721268743072095,62962.8145,63406.311332739104,62519.3176672609,0.014087579669396876,156.9871428571418,0.3056299041809812,-0.0003020183810641397,0.0015376746181292589,0.0010234254050804326,1
2026-08-01 08:00:00+00:00,62992.5,63091.02,62988.32,63057.82,3029,63012.382000000005,62962.451,62931.85,63805.1028,63010.5657074285,63213.77036051909,-203.20465309059364,-267.6779309964956,64.47327790590197,52.300613496932606,62931.85,63227.04193456053,62636.658065439464,0.009381320732205862,139.34642857142742,0.641151626135078,0.0019241549289508164,0.0027509019265854473,0.0010558325848883375,0
2026-08-01 09:00:00+00:00,63056.19,63079.58,62984.17,62997.99,3217,63005.236,62979.44500000001,62922.045999999995,63786.622599999995,63008.63098320873,63197.78663011027,-189.15564690154133,-251.97347417750476,62.817827275963424,56.16646017054153,62922.045999999995,63192.56192986289,62651.5300701371,0.00859844671493655,129.1485714285705,0.7301679265412176,-0.0005668394630683471,0.00270484282100103,0.0010616063871525271,1
2026-08-01 10:00:00+00:00,62998.01,63059.49,62917.13,62998.25,3400,63010.840000000004,62990.97900000001,62941.581999999995,63762.4776,63007.03390886892,63183.006138991,-175.97223012207542,-236.7732253664189,60.80099524434348,57.77841045312863,62941.581999999995,63169.54933556902,62713.61466443097,0.007243775206318289,131.82428571428525,0.7661674805380577,0.0004449721717707522,0.0018342026474282846,0.0010421967296873338,0
2026-08-01 11:00:00+00:00,62994.99,63032.68,62971.11,63011.82,3293,63011.252,63001.61,62960.634,63733.11260000001,63007.770230581395,63170.325684250914,-162.55545366951992,-221.92967102703915,59.37421735751923,58.685328667833076,62960.634,63137.107748320974,62784.16025167902,0.005605844068246694,119.58999999999962,0.7896116112196485,3.26933478240754e-05,0.0016899950417696985,0.001040493718362773,0
2026-08-01 12:00:00+00:00,63013.24,63059.24,63013.24,63034.08,3314,63019.99199999999,63004.077000000005,62972.6225,63704.191399999996,63011.817887415025,63160.23341134344,-148.4155239284155,-207.2268416073144,58.81131767889892,60.75923816664006,62972.6225,63133.40043287029,62811.84456712971,0.005106280363987988,110.74928571428505,0.8432228459743374,0.000693756729202244,0.0003915288208538037,0.0009074745068395262,0
2026-08-01 13:00:00+00:00,63034.9,63046.58,62983.72,63005.85,3251,63009.598,63010.990000000005,62964.1365,63670.047,63010.899750889635,63148.79760309578,-137.8978522061443,-193.3610437270804,55.46319152093611,63.367616985443846,62964.1365,63094.93282028115,62833.34017971885,0.004154629208046125,102.59785714285628,0.9106502864024225,-0.0008241642353002954,0.0010984048739750563,0.0008283645117669992,0
2026-08-01 14:00:00+00:00,63005.92,63068.81,62997.38,63057.9,3296,63021.58,63013.40800000001,62965.8355,63634.545,63018.13055844508,63142.064447310906,-123.93388886582397,-179.47561275482914,55.54172388900517,63.21217703818864,62965.8355,63100.720451121655,62830.95054887835,0.004284385335334874,97.67642857142762,0.9008549819135964,0.0009509827218296962,0.00038360420422600683,0.0007140716038651123,0
2026-08-01 15:00:00+00:00,63062.01,63062.86,62936.86,62938.35,3021,63009.6,63010.22000000001,62967.083999999995,63594.12179999999,63005.856626376604,63126.97448825084,-121.11786187423422,-167.80406257871016,46.68620070447594,52.16285992781656,62967.083999999995,63100.37747192186,62833.79052807813,0.004233750825172985,101.40999999999933,0.5451596561141427,-0.0009508200624620544,-0.0005062709791595621,0.0008918462862214381,0
2026-08-01 16:00:00+00:00,62938.34,62960.67,62798.77,62866.75,3441,62980.585999999996,62995.91900000001,62965.7,63559.2414,62984.45560693405,63107.69860023225,-123.24299329820496,-158.89184872260913,35.64885542440416,40.18682588597844,62965.7,63102.69324577333,62828.70675422667,0.004351361003636274,102.34571428571404,0.052149911427485075,-0.0023022664636571655,-0.0022696483846312843,0.0009170863895900865,0
2026-08-01 17:00:00+00:00,62860.1,62933.72,62591.78,62647.79,3896,62903.328,62961.66000000001,62953.405999999995,63519.1646,62932.66089817495,63073.63129651135,-140.97039833639428,-155.30755864536616,14.337160308971875,33.454732863769394,62953.405999999995,63149.149956320296,62757.662043679695,0.006218693117900583,118.625,0.0,-0.006128272198150597,-0.005438766999024236,0.0013806935870255093,1
2026-08-01 18:00:00+00:00,62648.28,62677.75,62193.77,62521.93,5653,62806.54400000001,62908.070999999996,62935.26100000001,63474.7034,62869.47152922496,63032.7645338068,-163.29300458184298,-156.90464783266154,-6.38835674918144,21.630580592233372,62935.26100000001,63209.36570852562,62661.156291474406,0.0087106879091391,144.91714285714312,0.0,-0.007680556646724068,-0.008498390841928827,0.0013226834502218026,1
2026-08-01 19:00:00+00:00,62521.09,62570.9,62395.81,62469.3,4066,62688.824,62855.202000000005,62917.3235,63427.884399999995,62807.90667857497,62991.02642019149,-183.11974161652324,-162.1476665894339,-20.972075027089346,21.894181675363782,62917.3235,63259.47581611097,62575.171183889026,0.010876251470263913,146.60714285714337,0.006315759476699691,-0.009334278496429427,-0.008392172512170504,0.001322248845641739,1
2026-08-01 20:00:00+00:00,62467.44,62616.45,62426.49,62609.51,3781,62623.056000000004,62816.328,62903.65349999999,63387.45840000001,62777.38411264036,62962.76594462175,-185.3818319813945,-166.79449966782602,-18.58733231356848,29.822651059153614,62903.65349999999,63272.407153054635,62534.89984694535,0.01172439540589299,153.418571428572,0.19627820216370825,-0.005224795375156743,-0.006170647597353862,0.0016344134234957247,1
2026-08-01 21:00:00+00:00,62609.52,62821.46,62599.6,62756.3,4056,62600.966,62790.776,62896.19299999999,63347.8934,62774.140403003374,62947.472170946065,-173.33176794269093,-168.101953322799,-5.2298146198919255,39.542904113505955,62896.19299999999,63270.77990094567,62521.60609905431,0.011911274214821879,163.1771428571436,0.4291709490936336,-0.0017568905661576872,-0.004055112199584099,0.0018758317304368706,1
2026-08-01 22:00:00+00:00,62757.65,62814.38,62727.9,62771.74,3284,62625.75600000001,62764.541999999994,62884.309499999996,63309.0166,62773.771110233625,62934.45497309821,-160.68386286458554,-166.61833523115632,5.9344723665707875,36.59720400284846,62884.309499999996,63258.85315324537,62509.76584675462,0.011912149667330769,162.0185714285721,0.35859334308206664,0.0019785215088992114,-0.0041618756076078345,0.0018713184794014743,1
2026-08-01 23:00:00+00:00,62771.72,62801.57,62700.14,62758.33,3399,62673.03600000001,62739.79,62875.39,63270.8002,62771.39555481307,62921.408678794636,-150.01312398156733,-163.29729298123854,13.28416899967121,38.26139769988851,62875.39,63253.160977177926,62497.61902282207,0.012016497302932878,162.44857142857185,0.3984666508406115,0.0037810732970016137,-0.003928524097365549,0.0018723325843753484,1
2026-08-02 00:00:00+00:00,62758.75,62918.52,62741.03,62769.79,3511,62733.134,62710.97899999999,62862.19350000001,63230.37239999999,62771.14854638028,62910.1776655506,-139.02911917031452,-158.44365821905376,19.414539048739243,38.93141605782834,62862.19350000001,63235.084579636794,62489.30242036322,0.011863762903430514,164.9578571428574,0.41451997939096397,0.0048102027716012685,-0.0045689754971225405,0.0018365324004572382,1
2026-08-02 01:00:00+00:00,62772.23,63029.37,62772.23,62919.69,3489,62795.17,62709.113,62859.66650000001,63194.4114,62794.001077706394,62910.88228291721,-116.88120521081873,-150.13116761740676,33.249962406588025,46.05726023879842,62859.66650000001,63230.152125730194,62489.18087426982,0.011787705737515712,179.10142857142895,0.5852518951364766,0.0049541994498918385,-0.00029648060363829387,0.001958990349042374,1
2026-08-02 02:00:00+00:00,62917.31,63492.5,62880.02,63386.85,5764,62921.280000000006,62761.123,62878.52100000001,63168.99859999999,62885.2086042131,62946.13915084927,-60.93054663616931,-132.29104342115926,71.36049678498995,60.93351929335188,62878.52100000001,63313.87146624176,62443.17053375825,0.013847350711119762,219.4628571428579,0.9416801502326576,0.01004759681498113,0.008273053720766477,0.0030095713804834316,1
2026-08-02 03:00:00+00:00,63384.24,63487.91,63300.76,63392.14,3774,63045.36000000001,62835.558,62898.609,63146.9508,62963.198049718776,62979.17625078636,-15.97820106758445,-109.02847495044429,93.05027388285984,62.145116360961175,62898.609,63389.25607469785,62407.961925302145,0.015601205893054077,228.3407142857151,0.9743381503230212,0.009883428434515285,0.011881504519153818,0.0026291924058979886,0
2026-08-02 04:00:00+00:00,63390.27,63549.01,63390.27,63508.34,3452,63195.362,62934.199,62921.13500000001,63132.3966,63047.06604206973,63018.37356554293,28.692476526804967,-81.48428465499444,110.1767611817994,63.612900886089704,62921.13500000001,63479.2831519775,62362.98684802252,0.01774119783368465,234.57714285714403,0.999999999997618,0.011950764145572279,0.015777024157763497,0.0023794587437386493,0
2026-08-02 05:00:00+00:00,63507.19,63576.48,63339.78,63385.4,3627,63318.484,63025.808999999994,62940.50550000001,63114.087400000004,63099.11742021286,63045.56070883605,53.55671137681202,-54.47608544863314,108.03279682544516,63.48282413969928,62940.50550000001,63535.55444653794,62345.45655346207,0.018908298934394035,242.48428571428718,0.9969016303629804,0.009807424877476878,0.014664803351406297,0.002523420437076335,0
2026-08-02 06:00:00+00:00,63386.79,63439.75,63356.53,63417.44,3327,63418.034,63106.602,62961.465000000004,63097.6586,63148.0901247955,63073.107322996344,74.9828017991531,-28.58430799907589,103.56710979822898,67.01456475662611,62961.465000000004,63593.46125396802,62329.46874603199,0.020075652749440082,236.86428571428718,0.9999999999977965,0.007910878136875743,0.012904269654881562,0.0025232540880053096,0
2026-08-02 07:00:00+00:00,63416.27,63470.38,63398.82,63427.82,3319,63426.228,63173.754,62982.265,63080.384000000005,63191.125490211576,63099.382336107716,91.74315410386043,-4.518815578488618,96.26196968234905,77.66632853565667,62982.265,63647.7351652359,62316.7948347641,0.021131985813336498,217.55142857142968,0.9999999999982154,0.0006463485722985052,0.010700439637135961,0.0025158199146499225,0
2026-08-02 08:00:00+00:00,63427.83,63467.84,63098.55,63129.6,3667,63373.719999999994,63209.54,62987.041000000005,63059.6038,63181.66003017902,63101.62068158122,80.03934859779838,12.392817256768787,67.6465313410296,69.20490243794544,62987.041000000005,63655.44155330393,62318.64044669608,0.02122343081028123,209.35928571428616,0.8482858097789991,-0.004141522908045037,0.005700973081198546,0.0031114099698855034,0
2026-08-02 09:00:00+00:00,63129.56,63265.54,63019.8,63204.28,3718,63312.907999999996,63254.134999999995,62996.9625,63046.190599999994,63185.14002553609,63109.22507553817,75.91494999792485,25.097243805000005,50.817706192924845,72.90913398000164,62996.9625,63672.39249244002,62321.53250755998,0.02144325585348717,214.4057142857143,0.9005679578439295,-0.004787717644643141,0.007105829616562476,0.003103512334894151,0
2026-08-02 10:00:00+00:00,63204.44,63211.22,63044.47,63139.87,3514,63263.802,63291.143000000004,63001.061,63033.62179999999,63178.17540622285,63111.49506994274,66.68033628010744,33.4138623000215,33.26647398008594,67.35107830820797,63001.061,63679.037893779656,62323.08410622035,0.02152271352317874,212.7478571428572,0.7488319913105718,-0.0038736049626569846,0.005895829825143695,0.0031492436437181364,0
2026-08-02 11:00:00+00:00,63138.1,63147.5,62920.84,62971.06,3901,63174.526,63296.280000000006,63002.696500000005,63020.0254,63146.31149757319,63101.0924721692,45.21902540398878,35.77489492081496,9.444130483173822,56.9262226350348,63002.696500000005,63680.19407329467,62325.19892670534,0.02150693893854725,213.09071428571457,0.4949951785774476,-0.007038757792809158,0.0008164375889327946,0.003234201543975123,1
2026-08-02 12:00:00+00:00,62967.31,63176.53,62966.24,63061.65,3765,63101.292,63263.759999999995,63012.4415,63004.2444,63133.2866517927,63098.17080756408,35.115844228625065,35.64308478237698,-0.5272405537519163,58.917618687288304,63012.4415,63687.30738647333,62337.57561352667,0.021420083729760883,221.93428571428635,0.5242039650681878,-0.005773018842520461,-0.005130401652708727,0.002069188882638456,1
2026-08-02 13:00:00+00:00,63063.49,63084.41,62931.88,63053.29,3600,63086.030000000006,63229.875,63032.7165,62990.544400000006,63120.97947459382,63094.84630330007,26.133171293746273,33.74110208465084,-7.607930790904568,59.101231764212194,63032.7165,63685.457313146006,62379.975686854,0.020711175065602744,225.58428571428678,0.5207141159251846,-0.0012087832015409417,-0.005345299906265977,0.002063397641931046,1
2026-08-02 14:00:00+00:00,63056.74,63124.55,62982.75,63002.87,3692,63045.748,63179.328,63056.7635,62977.0596,63102.80878619477,63088.033243796366,14.775542398405378,29.947990147401747,-15.172447748996369,57.02302036880808,63056.7635,63664.131940031686,62449.395059968316,0.019264180599173477,223.03500000000142,0.3469181700323923,-0.00318665128374207,-0.007959112141806779,0.0018883744211662453,1
2026-08-02 15:00:00+00:00,63000.86,63120.51,62975.82,63049.26,3451,63027.626000000004,63145.714,63085.7615,62974.1634,63094.57051139558,63085.161151663306,9.409359732271696,25.84026406437574,-16.430904332104046,54.163854771224194,63085.7615,63626.79039558908,62544.73260441092,0.01715217135293133,214.82857142857287,0.0,-0.00143506788975023,-0.005303113966307671,0.0018983814891046981,1
2026-08-02 16:00:00+00:00,63049.24,63218.12,62990.59,63113.79,3703,63056.172,63115.349,63110.9755,62984.2886,63097.52735579625,63087.28180709566,10.245548700593645,22.721320991619326,-12.475772291025681,38.161385984079956,63110.9755,63603.36782378604,62618.583176213964,0.015604015621214294,187.33214285714453,0.0,0.002266596750952088,-0.004788115067401066,0.0019364598904531723,1
2026-08-02 17:00:00+00:00,63112.37,63277.84,63075.06,63231.28,3583,63090.098,63095.69499999999,63134.7245,62996.2986,63118.10468567375,63097.94833990339,20.15634577035962,22.20832594736739,-2.051980177007767,43.64420843013601,63134.7245,63600.169757086675,62669.27924291332,0.014744509009037583,188.4485714285729,0.13878826526285748,0.0026899074159969505,-0.0030986403127208906,0.002068894614316388,1
2026-08-02 18:00:00+00:00,63229.98,63537.33,63208.88,63308.64,3980,63141.168000000005,63113.599,63161.569500000005,63006.585199999994,63147.417810954714,63113.555129540175,33.86268141453911,24.539197040801735,9.323484373737376,41.85974466419927,63161.569500000005,63600.01469270676,62723.12430729325,0.013883289987173501,200.5707142857157,0.09361761949866049,0.0040497490297493055,0.0028360705596106595,0.0014164528530971818,1
2026-08-02 19:00:00+00:00,63308.59,63406.59,63244.99,63379.12,3390,63216.418000000005,63131.083,63192.609,63010.6562,63183.06430157706,63133.22660142609,49.83770015097252,29.598897662835896,20.238802488136628,49.7325747768618,63192.609,63597.466220516726,62787.75177948327,0.012813435840787308,195.20642857142957,0.29290483786036353,0.00597195016671459,0.0027662683603073557,0.0014117029612437158,0
2026-08-02 20:00:00+00:00,63378.69,63433.05,63324.71,63422.11,3451,63290.988,63159.30700000001,63225.225,63018.62,63219.840562872894,63154.62537169082,65.21519118207652,36.722156366684025,28.493034815392498,50.197028123971535,63225.225,63589.7544691406,62860.6955308594,0.011531140273224858,197.00071428571547,0.3046616793366466,0.005913630072739817,0.004470075722360578,0.0013386831447583655,0
2026-08-02 21:00:00+00:00,63422.13,63721.28,63402.0,63507.27,4243,63369.683999999994,63212.92799999999,63254.60400000001,63030.49779999999,63264.06047627707,63180.747196010016,83.3132802670516,46.04038114675755,37.27289912029405,53.15305304431328,63254.60400000001,63610.0498930982,62899.158106901814,0.011238577767341416,214.69500000000127,0.4314428394596893,0.006234453674862417,0.0085151814182578,0.0007874369828591327,0
2026-08-02 22:00:00+00:00,63507.27,63728.77,63292.75,63350.11,4693,63393.45,63241.774,63252.76699999999,63039.61140000001,63277.29886454213,63193.29258889816,84.00627564396564,53.63356004619918,30.372715597766458,59.854490852050944,63252.76699999999,63605.70604916221,62899.827950837775,0.011159639835589107,219.46142857143008,0.6243024690536682,0.0018792913886924723,0.00457425392453259,0.0012799669339271231,0
2026-08-02 23:00:00+00:00,63347.42,63531.73,63252.56,63502.69,4157,63432.259999999995,63286.714,63258.294499999996,63051.791800000006,63311.974423843334,63216.21091564644,95.76350819689105,62.05954967633757,33.703958520553485,62.467724549397296,63258.294499999996,63623.66784235338,62892.92115764661,0.011551792385214716,221.84928571428776,0.8327028012262604,0.0030651424513306047,0.007127304538748103,0.0013967750242217367,0
2026-08-03 00:00:00+00:00,63503.25,63530.45,63115.14,63250.08,4593,63406.452000000005,63311.435,63245.381499999996,63059.09680000001,63302.45220479051,63218.71973670966,83.73246808085241,66.39413335724055,17.338334723611865,53.97890146072361,63245.381499999996,63591.281939356006,62899.481060643986,0.010938362016395139,239.6035714285733,0.6507568153086026,-0.002036001762094508,0.00392378950355754,0.0020070686181893537,0
2026-08-03 01:00:00+00:00,63244.78,63283.76,63029.79,63127.43,4185,63347.516,63319.252,63232.48299999999,63065.08439999999,63275.52571174582,63211.957533990426,63.568177755390934,65.82894223687063,-2.260764481479697,55.84006214659736,63232.48299999999,63575.62751189632,62889.33848810367,0.010853425189591996,241.55428571428743,0.7273278167724668,-0.004646329174478714,0.0012398242263271797,0.0021307997161471855,0
2026-08-03 02:00:00+00:00,63127.65,63211.36,63007.21,63055.58,3942,63257.178,63313.431,63214.39,63068.537800000006,63241.68790993877,63200.37401295409,41.313896984684106,60.925933186433326,-19.61203620174922,49.77008098300797,63214.39,63554.61970190945,62874.16029809055,0.010764311793863631,241.11571428571602,0.47759949396264384,-0.007112414059051719,-0.0009223024001568936,0.002139261728723581,0
2026-08-03 03:00:00+00:00,63056.64,63097.91,62684.42,62784.37,3932,63144.030000000006,63268.740000000005,63182.217500000006,63066.115,63171.33130840973,63169.55890088342,1.7724075263104169,49.09522805440874,-47.322820528098326,41.50535732335995,63182.217500000006,63557.36817237368,62807.06682762633,0.011875198029371942,259.75571428571595,0.13757610305147908,-0.008930371233767387,-0.0070678626148323875,0.0023877592186381164,0
2026-08-03 04:00:00+00:00,62785.5,62919.72,62687.15,62712.44,3880,62985.98,63209.12000000001,63161.3595,63060.1756,63100.73264557746,63135.69824155872,-34.96559598125896,32.2830632472752,-67.24865922853417,40.948896465323216,63161.3595,63591.225281521925,62731.49371847807,0.013611669695676095,266.2392857142872,0.11468245098870153,-0.012444354719461481,-0.009417355988061038,0.0022905499619740484,1
2026-08-03 05:00:00+00:00,62712.7,62794.74,62653.52,62744.47,3794,62884.85800000001,63145.655000000006,63138.369000000006,63056.33060000001,63045.923007796315,63106.71837181362,-60.79536401730729,13.667377794358696,-74.46274181166599,40.41558964296263,63138.369000000006,63606.08691480073,62670.65108519928,0.014815647670617754,265.99142857142994,0.09274139142001081,-0.00799382388132952,-0.01001355020391581,0.002237754358968851,0
2026-08-03 06:00:00+00:00,62744.46,62799.2,62520.78,62547.83,3916,62768.938,63058.22699999999,63108.76700000001,63046.612799999995,62969.29331428919,63065.31923316076,-96.0259188715645,-8.27128153882595,-87.75463733273855,33.568118735991206,63108.76700000001,63645.87792975802,62571.656070241996,0.01702175324572611,269.62642857142936,0.0,-0.00918142873866401,-0.013785097972930926,0.002244103051347979,0
2026-08-03 07:00:00+00:00,62547.84,62618.6,62461.43,62535.62,3985,62664.945999999996,62961.06200000001,63086.994999999995,63037.9206,62902.57434286008,63026.08225292662,-123.5079100665389,-31.318607244368547,-92.18930282217035,28.487314919040628,63086.994999999995,63680.00207064056,62493.98792935943,0.01879966134511773,266.3685714285722,0.0,-0.008246058477298868,-0.015299823154104941,0.0020833424455284463,1
2026-08-03 08:00:00+00:00,62532.98,62569.27,62210.82,62458.63,4248,62599.797999999995,62871.914000000004,63056.844000000005,63026.898,62834.27521318931,62984.04875270983,-149.77353952052363,-55.00959369959958,-94.76394582092405,23.708157798687182,63056.844000000005,63713.212178270805,62400.475821729204,0.02081830096890992,268.51142857142884,0.0,-0.005188233950583654,-0.014072272329124669,0.0020582261655494043,1
2026-08-03 09:00:00+00:00,62456.53,62786.98,62427.83,62740.64,3702,62605.438,62795.708999999995,63041.2115,63021.9032,62819.869795775565,62966.018474731325,-146.14867895576026,-73.23741075083171,-72.91126820492855,32.536296101793084,63041.2115,63712.655500634915,62369.76749936508,0.021301748004475384,282.62214285714333,0.22776669202375396,0.0004496715484199054,-0.012000279043297257,0.002543560917719622,1
2026-08-03 10:00:00+00:00,62740.66,62780.91,62526.54,62657.39,3885,62588.022,62736.44,63023.9375,63013.8946,62794.872904117794,62943.157106232706,-148.28420211491175,-88.24676902364773,-60.03743309126402,29.53411694178598,63023.9375,63716.96397024192,62330.91102975808,0.021992484053917533,293.05285714285753,0.15031022355215132,-0.0013878513915250856,-0.009370581033257275,0.0023533189997174144,1
2026-08-03 11:00:00+00:00,62657.94,62698.8,62449.41,62485.42,3881,62575.54,62672.239,62995.745500000005,63003.643200000006,62747.264765022745,62909.250653919175,-161.98588889642997,-102.99459299820418,-58.991295898225786,23.866931957096696,62995.745500000005,63729.1328984085,62262.35810159151,0.023283712021742578,288.0607142857147,0.004096386304581064,-0.0009977964063662137,-0.010170063948429453,0.0024045978150911713,1
2026-08-03 12:00:00+00:00,62484.96,62720.98,62348.53,62624.26,4223,62593.268,62629.107,62971.26900000001,62996.1634,62728.340955019245,62888.140235110346,-159.79928009110154,-114.35553041678367,-45.44374967431787,31.261326848309437,62971.26900000001,63720.57128646329,62221.96671353673,0.023798227298334428,283.52000000000095,0.19487238075137633,0.0014174321770537013,-0.006840314528864799,0.002611938050146657,1
2026-08-03 13:00:00+00:00,62624.54,63313.05,62472.47,63255.59,6960,62752.659999999996,62676.22900000001,62972.4845,63001.0388,62809.4561927086,62915.358736213275,-105.90254350467148,-112.66493303436123,6.762389529689742,44.885159303172706,62972.4845,63723.63929734602,62221.32970265398,0.02385660350898235,323.620714285715,0.6590646254614829,0.01275980597076809,0.007505371161644181,0.003992978947787215,1
2026-08-03 14:00:00+00:00,63255.45,63924.84,63052.08,63885.87,9211,62981.706000000006,62793.572,63001.346,63018.07460000001,62975.05831690728,62987.248459456736,-12.19014254945796,-92.56997493738058,80.37983238792262,61.38107325316213,63001.346,63845.48643397265,62157.20556602735,0.02679753648351102,356.2957142857148,0.9999999999973456,0.018253400029072164,0.018711279612147136,0.004857324375136338,0
2026-08-03 15:00:00+00:00,63884.79,63924.87,63572.82,63623.27,6011,63174.882,62881.452000000005,63013.5535,63030.422999999995,63074.78319122923,63034.361166163646,40.42202506558533,-65.97157493678739,106.39360000237272,58.45237527018816,63013.5535,63887.24113523788,62139.86586476213,0.027730149680826204,363.3014285714292,0.9222598530606075,0.015415260673960374,0.014006015191458276,0.005207786168195833,1
2026-08-03 16:00:00+00:00,63623.29,63885.21,63588.83,63699.28,4815,63417.654,62996.59700000001,63027.412,63043.25060000001,63170.85962334781,63083.61441311449,87.24521023331909,-35.328217902766085,122.57342813608517,60.95734177646126,63027.412,63936.46346140138,62118.360538598616,0.028846225239309554,369.889285714286,0.9887523577167318,0.01942629176534294,0.01840911187486438,0.004962817972493936,0
2026-08-03 17:00:00+00:00,63699.8,64019.53,63643.45,63846.38,4465,63662.078,63127.67300000001,63044.36749999999,63061.4112,63274.78583514046,63140.1155676986,134.67026744185569,-1.3285208338417196,135.9987882756974,68.87554697691922,63044.36749999999,64002.432904070636,62086.30209592935,0.030393370321960746,367.2171428571429,0.999999999997786,0.019515120817395593,0.02096021435463502,0.004911806764281361,0
2026-08-03 18:00:00+00:00,63846.13,63949.11,63698.53,63808.43,4158,63772.64599999999,63262.653000000006,63067.283500000005,63080.24480000001,63356.88493742654,63189.62034046167,167.2645969648729,32.390102725901215,134.8744942389717,69.71765357781514,63067.283500000005,64076.69024908802,62057.87675091199,0.032010471771406215,368.50357142857166,0.9999999999978265,0.008739780942680353,0.021611104822504057,0.004867939251657447,0
2026-08-03 19:00:00+00:00,63808.43,64036.89,63773.38,63809.74,4208,63757.42,63369.563,63082.63600000001,63103.4838,63426.55494705323,63235.555130057095,190.99981699613272,64.11204557994753,126.88777141618519,69.37918638961742,63082.63600000001,64128.604025904715,62036.66797409531,0.033161836353975495,377.2385714285717,0.992643536240392,-0.0011916563083511633,0.017039991941427468,0.004832770407246876,0
2026-08-03 20:00:00+00:00,63814.37,63973.98,63704.15,63724.49,3775,63777.66399999999,63476.273,63106.35650000001,63127.535,63472.39110904504,63271.77252783064,200.6185812144031,91.41335270683865,109.20522850756444,72.309734177695,63106.35650000001,64189.1811784315,62023.53182156852,0.034317451948964614,376.6250000000005,0.9999999999979424,0.0015909273446650385,0.017030712578356644,0.004833405652169459,1
2026-08-03 21:00:00+00:00,63726.47,63740.18,63478.97,63525.42,3813,63742.89200000001,63580.273,63126.25600000001,63148.657400000004,63480.549399961186,63290.56122947281,189.98817048837373,111.12831626314568,78.85985422522805,67.52503576537896,63126.25600000001,64225.21909239989,62027.292907600124,0.03481793985690786,384.05642857142914,0.9015526086007196,-0.002729387208144307,0.01664388268495265,0.0048734884590903756,1
2026-08-03 22:00:00+00:00,63524.9,63616.44,63321.91,63547.98,4100,63683.212,63672.645,63150.876000000004,63167.426799999994,63490.92333842869,63309.629286548894,181.29405187979864,125.16146338647627,56.13258849332237,69.66669434886064,63150.876000000004,64265.12841115396,62036.62358884605,0.03528858130658245,379.490714285715,0.9454399888575178,-0.0046737183846601305,0.014750194253792426,0.004885425571364336,1
2026-08-03 23:00:00+00:00,63547.78,63562.31,63401.63,63459.44,3731,63613.414000000004,63693.030000000006,63184.629499999995,63181.4896,63486.079747901196,63320.72637643416,165.35337146703387,133.19984500258778,32.15352646444609,63.95153839584481,63184.629499999995,64293.018723739755,62076.240276260236,0.03508414095360833,365.3142857142863,0.8274625868282457,-0.005469340022940528,0.003222640086038231,0.003884770054581997,1
2026-08-04 00:00:00+00:00,63459.09,63527.94,63254.67,63302.01,4268,63511.867999999995,63634.64399999999,63214.10799999999,63192.095,63457.76132514716,63319.33997817978,138.42134696738503,134.24414539554724,4.177201571837799,62.16154008693552,63214.10799999999,64300.767517421365,62127.44848257862,0.03438028477508131,366.66428571428645,0.790511827853686,-0.00795693572799383,-0.009139110103689618,0.0019828715446691776,1
2026-08-04 01:00:00+00:00,63305.0,63880.54,63296.69,63775.84,5046,63522.138,63649.901,63265.6765,63212.4452,63506.69650589375,63353.154794610906,153.5417112828436,138.10365857300653,15.43805270983708,71.85596693878927,63265.6765,64356.37729762816,62174.97570237184,0.03448001690547513,390.5542857142864,0.9889455579758927,0.0008058126475394278,0.002398021981580012,0.0030242405642600875,0
2026-08-04 02:00:00+00:00,63780.69,63924.97,63608.9,63759.99,4083,63569.052,63655.971999999994,63326.284499999994,63232.2492,63545.66473575625,63383.29073575084,162.37400000540947,142.9577268594871,19.41627314592236,70.07221352298065,63326.284499999994,64383.22245442923,62269.346545570756,0.03338070321903187,386.5271428571432,0.918411838103464,0.0036925375699994323,0.0009530719970460844,0.00300820635083549,0
2026-08-04 03:00:00+00:00,63761.22,63802.43,63576.45,63725.82,3703,63604.619999999995,63643.91599999999,63385.7945,63248.37180000001,63573.38093025528,63408.66327384337,164.7176564119145,147.3097127699726,17.4079436419419,60.534062142969205,63385.7945,64387.89326599983,62383.695734000175,0.03161903306267868,342.62714285714327,0.15022248371140354,0.0027985153894740655,-0.0018882824680114263,0.0029088720865115066,0
2026-08-04 04:00:00+00:00,63726.99,64188.7,63687.48,63970.66,4224,63706.864,63660.139,63461.39599999999,63260.04800000001,63634.50078713909,63450.292660966086,184.20812617300544,154.68939545057918,29.518730722426255,52.29595290575195,63461.39599999999,64394.76354275468,62528.02845724531,0.029415285562097757,316.0885714285718,0.0,0.008055854259035433,0.0025424540299769927,0.003166440776470613,0
2026-08-04 05:00:00+00:00,63971.51,64005.06,63723.87,63757.59,3891,63797.98,63654.924,63512.243500000004,63267.357,63653.43758911769,63473.05542682045,180.38216229723912,159.82794881991117,20.55421347732795,53.73738160691826,63512.243500000004,64389.39360008163,62635.093399918376,0.027621449085848394,311.0271428571427,0.07202180745223888,0.007196927870062764,-0.000817273350432135,0.003365507487347133,0
2026-08-04 06:00:00+00:00,63755.17,63803.35,63590.84,63614.52,3702,63765.716,63643.927,63560.1,63269.4806,63647.450267714965,63483.53428409301,163.9159836219551,160.64555578031997,3.270427841635126,47.726443638548474,63560.1,64339.91030081788,62780.28969918212,0.02453773045724851,305.0364285714287,0.0,-0.0025294845195296123,-0.0017257101626078075,0.003415139184071185,1
2026-08-04 07:00:00+00:00,63614.28,63698.65,63432.1,63620.39,3756,63737.795999999995,63653.424,63616.8485,63274.18039999999,63643.28714960497,63493.67174453056,149.61540507440805,158.4395256391376,-8.824120564729554,43.441238441847986,63616.8485,64210.283538195006,63023.413461804994,0.01865653681964476,297.2128571428574,0.0,-0.002189460820178901,0.0014949920834841368,0.0032533928174771514,1
2026-08-04 08:00:00+00:00,63617.91,63689.43,63485.41,63516.75,3593,63695.981999999996,63650.301,63661.473,63276.16659999999,63623.81989581959,63495.38124493571,128.43865088388702,152.4393506880875,-24.00069980420048,41.845680738048664,63661.473,64033.59219313245,63289.35380686755,0.011690561829521292,293.88714285714275,0.0,-0.0032807737899646083,-0.0004914396964309509,0.003299945269539053,1
2026-08-04 09:00:00+00:00,63515.49,63538.19,63447.0,63533.09,3496,63608.46799999999,63657.66599999999,63675.34800000001,63278.272000000004,63609.86145030889,63498.17448605158,111.68696425730741,144.28887340193148,-32.601909144624074,42.33031887465137,63675.34800000001,64001.614332444886,63349.08166755514,0.010247806810411875,281.5785714285713,0.015908524371559794,-0.006840167039077083,0.0011605838311841143,0.0032660783804786568,1
2026-08-04 10:00:00+00:00,63535.43,63774.85,63375.52,63693.72,4374,63595.693999999996,63696.836999999985,63665.7405,63289.55439999999,63622.76276564599,63512.659338936646,110.10342670934187,137.45178406341356,-27.34835735407168,49.181174191419586,63665.7405,63976.87022596088,63354.610774039116,0.009773850850313558,290.8285714285713,0.24443263900513726,-0.0010017630842068526,0.006187955169196124,0.0032063160059887254,1
2026-08-04 11:00:00+00:00,63695.23,63881.78,63637.02,63857.75,4226,63644.340000000004,63705.02799999999,63677.4645,63302.6238,63658.9146478543,63538.22161012652,120.69303772777494,134.10003479628583,-13.40699706851089,59.01175245543341,63677.4645,63999.341549586,63355.587450414,0.010109606345459963,289.6535714285715,0.5720062648687408,0.003823498157339067,0.0012843421584098902,0.002280883303099167,1
2026-08-04 12:00:00+00:00,63856.33,63989.83,63714.98,63833.02,4098,63686.865999999995,63712.33099999999,63684.1515,63316.4868,63685.70008664594,63560.05852789493,125.64155875101278,132.4083395872312,-6.76678083621843,57.720309419080635,63684.1515,64013.40911619243,63354.89388380757,0.010340331414871088,288.24785714285724,0.5289729186450517,0.0033421675032170306,0.0011453891382353643,0.0022838663581588032,1
2026-08-04 13:00:00+00:00,63831.1,64032.7,63573.44,63623.09,6257,63708.134,63702.058000000005,63672.987,63329.5274,63676.067765623484,63564.72752582864,111.34023979484482,128.19471962875394,-16.854479833909124,54.1589789725681,63672.987,63994.125679344674,63351.84832065533,0.010087124681135902,309.5749999999997,0.4103025926548656,0.0016742040485382415,-0.0016120624261877214,0.0025245108287535725,1
2026-08-04 14:00:00+00:00,63626.05,64140.4,63533.49,64065.02,7121,63814.52,63711.49399999999,63685.81649999999,63349.594800000006,63735.906570912186,63601.78622761911,134.1203432930779,129.37984436161872,4.740498931459172,66.94124595347085,63685.81649999999,64047.65999319573,63323.973006804255,0.011363393392176676,333.4064285714282,0.8362321187966296,0.008372487470702294,0.0014750512187930997,0.0031774341753751803,1
2026-08-04 15:00:00+00:00,64069.67,64172.2,63747.54,64060.32,5708,63887.83999999999,63741.76700000001,63698.345499999996,63369.7354,63785.81632923339,63635.75169223991,150.06463699348387,133.51680288799176,16.547834105492115,57.97846084810414,63698.345499999996,64094.02671413409,63302.6642858659,0.012423594711234453,322.03571428571377,0.5715466448862043,0.005755669475734804,0.004748140574322157,0.0029387334072224886,1
2026-08-04 16:00:00+00:00,64058.27,64081.97,63836.11,63894.66,4662,63895.221999999994,63769.781,63706.85399999999,63387.5712,63802.561509351326,63654.93008540733,147.6314239439962,136.33972709919266,11.291696844803539,53.48414837965251,63706.85399999999,64112.105102631314,63301.60289736867,0.012722370582961837,317.02071428571384,0.46376591009813894,0.000578003452987419,0.0044037116054638226,0.002975687702029164,1
2026-08-04 17:00:00+00:00,63895.87,64130.18,63830.34,63916.14,4891,63911.846,63799.35599999999,63726.39,63404.9088,63820.03512329728,63674.278967969745,145.75615532753727,138.2230127448616,7.53314258267568,54.956456519021614,63726.39,64132.48420592132,63320.29579407868,0.012744930504342687,322.2964285714282,0.5224339706389092,0.0013021473839087694,0.004648666881796881,0.0029734879746217504,1
2026-08-04 18:00:00+00:00,63915.47,64361.19,63908.71,64255.21,4769,64038.27,63873.202000000005,63761.7515,63427.737199999996,63886.98510432848,63717.310896268275,169.67420806020527,144.51325180793035,25.16095625227493,57.06377380036232,63761.7515,64221.99083019995,63301.512169800044,0.014436219814317823,318.8150000000002,0.606405670947029,0.009935386665438584,0.01162622457855611,0.0032277747166356715,0
2026-08-04 19:00:00+00:00,64253.82,64373.09,64128.05,64190.49,4110,64063.364,63938.942,63798.304000000004,63446.9214,63933.67816520102,63752.3612002484,181.31696495261713,151.87399443686772,29.44297051574941,61.600921856576335,63798.304000000004,64273.332840847186,63323.27515915282,0.014891582097454578,316.2328571428573,0.787200485379329,0.0019584790576823163,0.010347363869756654,0.0032912682521165993,0
2026-08-04 20:00:00+00:00,64191.57,64382.79,63937.34,64289.03,4143,64109.10600000001,63998.473,63847.655000000006,63466.5292,63988.347678247024,63792.11444467445,196.23323357257323,160.74584226400884,35.48739130856438,68.51757290242531,63847.655000000006,64310.51629487516,63384.79370512485,0.014498928578509398,332.8714285714289,0.9999999999962508,0.003570228809347098,0.009346447342061248,0.0032559896881846043,0
2026-08-04 21:00:00+00:00,64289.04,64295.02,64124.84,64145.26,3679,64159.226,64027.224,63866.126000000004,63481.852,64012.48803543979,63818.27337469856,194.21466074122873,167.43960595945282,26.775054781775907,63.39521327909281,63866.126000000004,64346.08883449851,63386.1631655015,0.015030278633105226,325.98785714285725,0.8079491476703405,0.003922080499371816,0.004502350928430765,0.003341148853187426,1
2026-08-04 22:00:00+00:00,64145.1,64249.03,64076.76,64215.62,3737,64219.121999999996,64065.48400000001,63888.907499999994,63497.722200000004,64043.73910691059,63847.70645805422,196.032648856366,173.15821453883547,22.87443431753053,68.14407884147084,63888.907499999994,64390.42767382298,63387.387326177006,0.01569975738974682,323.72000000000014,0.985737562989349,0.00468551448820298,0.005993763102544847,0.00333256291998703,0
2026-08-04 23:00:00+00:00,64216.22,64494.57,64020.22,64052.78,4459,64178.636,64108.452999999994,63905.25549999999,63508.6324,64045.13001353973,63862.897090790946,182.23292274878622,174.97315618082564,7.2597665679605825,62.538421822147434,63905.25549999999,64405.706522702596,63404.80447729739,0.01566228063050633,351.0885714285713,0.6907825924718963,-0.003150406013769147,0.006753680149769625,0.0032421548994685696,1
2026-08-05 00:00:00+00:00,64054.88,64142.11,63925.42,63949.71,4139,64130.48,64096.922000000006,63904.208,63520.62439999999,64030.4500114567,63869.327676658286,161.12233479841234,172.202991904343,-11.080657105930669,56.3526451363142,63904.208,64404.170068648455,63404.24593135154,0.015647234643717232,338.04285714285703,0.19080793948826358,-0.0037510229319015487,-0.001799890174076224,0.002431919678343221,1
2026-08-05 01:00:00+00:00,63948.65,64300.52,63892.57,64284.44,4162,64129.562,64119.333999999995,63930.5505,63536.259399999995,64069.525394309516,63900.07673764657,169.44865666294936,171.6521248560643,-2.2034681931149294,59.76170539869054,63930.5505,64452.99834633986,63408.102653660135,0.016344231114977268,349.6992857142853,0.41757332199905317,-7.139631753649844e-05,0.0034985775906208882,0.0029755889574366173,0
2026-08-05 02:00:00+00:00,64288.34,64458.02,64265.1,64319.07,4369,64164.324,64161.775,63965.77799999999,63557.6392,64107.91687210805,63931.11327559868,176.80359650937316,172.6824191867261,4.121177322647071,61.069585457063184,63965.77799999999,64493.488728677155,63438.06727132283,0.01649978301451018,343.8471428571424,0.5045714677896384,0.0027096312338588113,0.006642339125053631,0.002790972918400736,0
2026-08-05 03:00:00+00:00,64315.59,64395.51,63991.45,64121.44,4063,64145.488,64182.30500000001,63990.8305,63577.519400000005,64109.99735332219,63945.21155148025,164.78580184194288,171.10309571776946,-6.317293875826579,61.41365837123781,63990.8305,64496.6198560075,63485.041143992494,0.0158081822678486,339.90428571428595,0.5274586624970804,-0.0014666213609710876,0.003212021251596253,0.0030333482491270497,0
2026-08-05 04:00:00+00:00,64121.23,64170.03,64027.52,64112.15,3580,64157.362,64167.998999999996,64020.6005,63598.6508,64110.328529734164,63957.57736248171,152.75116725245607,167.4327100247068,-14.681542772250737,51.34619449411321,64020.6005,64476.53209405884,63564.66890594116,0.014243277648070238,306.7328571428573,0.0,0.0009268918538742899,-0.002226434245565456,0.0024779153880263305,0
2026-08-05 05:00:00+00:00,64113.07,64466.48,64099.28,64271.21,3915,64221.662,64176.070999999996,64057.506499999996,63628.387599999995,64135.07952515968,63980.80940970528,154.27011545439746,164.80019111064496,-10.530075656247504,55.53560647820039,64057.506499999996,64464.109180719686,63650.903819280305,0.012694926884788762,302.6285714285722,0.24397645223605494,0.005027387927169613,0.0012575071478657662,0.0025974357608679337,0
2026-08-05 06:00:00+00:00,64272.33,64319.2,64174.14,64200.89,3619,64204.952000000005,64167.257,64082.86499999999,63658.1566,64145.204213596655,63997.11167565304,148.09253794361575,161.45866047723914,-13.366122533623383,58.46168299705437,64082.86499999999,64455.80619894786,63709.92380105212,0.01163934224688202,295.42857142857196,0.4143807406547713,-0.0012996924294588208,-0.0013709959537420158,0.0025722038377390135,0
2026-08-05 07:00:00+00:00,64201.16,64225.28,63938.39,64107.69,3867,64162.676,64163.5,64095.362,63685.420999999995,64139.43279612025,64005.302662641705,134.13013347854576,155.99295507750048,-21.862821598954724,55.09108402481364,64095.362,64452.97703033151,63737.74696966849,0.011158842673562184,294.50357142857166,0.2180890457149229,-0.003286428115331863,-0.0005857018897421629,0.002512225291112876,1
2026-08-05 08:00:00+00:00,64107.83,64219.45,64030.26,64066.51,3920,64151.69,64148.58899999999,64107.0365,63715.7946,64128.213904409444,64009.83653948306,118.37736492638214,148.46983704727683,-30.092472120894683,44.04107772177809,64107.0365,64443.19237112946,63770.880628870545,0.010487331484413774,275.69714285714247,0.0,-0.0008566557457224677,-0.0023220207170778773,0.0024836024132192554,1
2026-08-05 09:00:00+00:00,64066.32,64157.41,64032.14,64099.15,3531,64149.090000000004,64153.226,64130.8395,63747.065200000005,64123.74253450031,64016.452351373206,107.29018312710105,140.23390626324166,-32.94372313614062,47.055941621649595,64130.8395,64378.47249749956,63883.20650250044,0.007722743049373635,267.14214285714326,0.12317383994759779,-0.00020276967782240085,0.0007239342304894425,0.002352660675368253,1
2026-08-05 10:00:00+00:00,64097.43,64191.71,63951.4,64001.83,3713,64095.214,64158.438,64127.68000000001,63777.9292,64104.986759961794,64015.36921423445,89.61754572734208,130.11063415606174,-40.49308842871966,40.735722949085236,64127.68000000001,64380.408928048855,63874.95107195116,0.007882054303191619,252.48928571428561,0.0,-0.004191301206247666,0.0008150154238386609,0.0023455986137153766,1
2026-08-05 11:00:00+00:00,64002.46,64092.8,63981.93,64015.58,3619,64058.152,64131.552,64125.44299999999,63803.428,64091.23187381383,64015.38482799486,75.84704581896949,119.25791648864329,-43.4108706696738,45.43386712863197,64125.44299999999,64381.45308804769,63869.432911952295,0.007984664933938831,248.2528571428572,0.1714128420535722,-0.002886408584055422,-0.004182349570129307,0.0015088003303249137,1
2026-08-05 12:00:00+00:00,64015.21,64538.06,63982.82,64264.7,4673,64089.554000000004,64126.11499999999,64143.94500000001,63835.5742,64117.91927784247,64033.85261851376,84.06665932870965,112.21966505665657,-28.15300572794692,51.534920376787134,64143.94500000001,64382.628129955534,63905.26187004448,0.007442109460387163,275.6078571428573,0.49531470807933126,0.002449160155357344,-0.0008453169487681045,0.00202816584410566,1
2026-08-05 13:00:00+00:00,64269.49,64359.19,63813.39,64355.08,6849,64147.268,64149.47900000001,64165.89199999999,63872.9674,64154.40554278979,64057.64723936459,96.75830342520203,109.12739273036567,-12.36908930516364,59.902903716127824,64165.89199999999,64396.97878138222,63934.80521861777,0.007202791831592587,280.71142857142905,0.9269388058159722,0.004504225374536652,0.0036437110582669963,0.0017730264324792814,1
2026-08-05 14:00:00+00:00,64348.99,64526.95,64237.71,64419.15,7156,64211.268000000004,64180.179000000004,64174.089,63908.86520000001,64195.13545928367,64084.42522163388,110.71023764979327,109.44396171425119,1.2662759355420832,65.78140548099954,64174.089,64428.92571584416,63919.25228415584,0.007942043893888747,285.8935714285716,0.9999999999960074,0.004992265888081215,0.004788483930113108,0.0017732503996279918,1
2026-08-05 15:00:00+00:00,64425.6,64712.57,64319.1,64332.64,5810,64277.42999999999,64186.322,64181.1965,63930.4062,64216.290004009265,64102.81150151286,113.4785024964076,110.25086987068248,3.2276326257251213,51.94496005165029,64181.1965,64445.70494835803,63916.68805164197,0.008242552734523376,284.85928571428616,0.44755167235857923,0.005168758455812883,0.000955793426014484,0.0017045972046323041,1
2026-08-05 16:00:00+00:00,64333.87,64716.09,64325.76,64605.71,5014,64395.456000000006,64226.804000000004,64197.03049999999,63944.803,64276.200772623226,64140.063242141536,136.1375304816902,115.42820199288403,20.709328488806165,59.69990660151334,64197.03049999999,64520.14095961689,63873.9200403831,0.010066212007014725,298.96000000000015,0.7571837432734123,0.009218537112371639,0.006305520063662584,0.0020839756202545145,1
2026-08-05 17:00:00+00:00,64604.92,64745.01,64474.31,64688.3,4369,64480.176,64284.865000000005,64224.182499999995,63966.1036,64339.60065375811,64180.67337235328,158.92728140483086,124.12801787527341,34.79926352955745,70.80220183486242,64224.182499999995,64613.46596272576,63834.899037274234,0.012122644386349695,289.43428571428586,0.9999999999966741,0.006591488017527514,0.0090567917827018,0.0019557398013587174,0
2026-08-05 18:00:00+00:00,64688.31,64791.71,64599.25,64733.47,4037,64555.85400000001,64351.56100000001,64250.075,63986.7874,64400.195937795324,64221.62127069748,178.57466709784785,135.01734771978832,43.55731937805953,72.21570674637798,64250.075,64700.97227580178,63799.17772419821,0.014035696481343701,293.00214285714276,0.9999999999968234,0.0058797223156275,0.010410431284613386,0.001882562406038709,0
2026-08-05 19:00:00+00:00,64733.22,64884.47,64712.92,64798.27,3808,64631.678,64421.473,64287.3495,64005.82520000001,64461.438101211425,64264.33599138656,197.1021098248675,147.43430014080417,49.66780968406334,70.20749624267704,64287.3495,64789.87351928269,63784.8254807173,0.01563368293112463,279.0271428571427,0.9362067491290367,0.005885206495273465,0.010906852898985298,0.0018736309873512047,0
2026-08-05 20:00:00+00:00,64798.73,64995.92,64748.17,64770.98,3894,64719.346,64498.388,64328.413,64025.0762,64509.059931794276,64301.86517720977,207.19475458450324,159.386391029544,47.80836355495924,72.60306560197958,64328.413,64848.67470746661,63808.15129253339,0.016175176199873367,286.3621428571428,0.9999999999968621,0.006813648561601049,0.012017625121031772,0.0017308080387125938,0
2026-08-05 21:00:00+00:00,64776.5,64783.38,64594.72,64667.84,3966,64731.772,64563.614,64347.583,64042.2382,64533.48763459515,64328.974423342384,204.51321125276445,168.4117550741881,36.10145617857634,72.03527847493744,64347.583,64888.8525497024,63806.313450297595,0.016823306314470376,279.34571428571405,0.982182790283934,0.0009616797029241564,0.010189082095327429,0.001927849279167549,0
2026-08-05 22:00:00+00:00,64667.76,64728.23,64563.08,64570.04,3683,64708.12000000001,64594.14800000001,64360.1315,64059.1492,64539.111075426656,64346.83113272443,192.27994270222553,173.18539259979562,19.094550102429906,68.96320566414346,64360.1315,64910.183224735534,63810.07977526447,0.01709293352626326,277.62857142857166,0.8857808767561575,-0.001828151304022585,0.004751286476090355,0.0017842597856830755,0
2026-08-05 23:00:00+00:00,64568.64,64691.65,64494.62,64601.41,3661,64681.708,64618.780999999995,64384.12999999999,64080.669,64548.69552536102,64365.6888265967,183.0066987643222,175.14965383270095,7.85704493162126,68.93348814065362,64384.12999999999,64932.2115146436,63836.04848535638,0.017025360586331046,282.7542857142856,0.8848483382695497,-0.002040057484945512,0.003827669859162608,0.0017543969934140514,1
2026-08-06 00:00:00+00:00,64601.41,64665.18,64497.58,64579.16,3775,64637.886,64634.78199999999,64407.480500000005,64101.2926,64553.38236761318,64381.501506108056,171.8808615051239,174.49589536718557,-2.615033862061665,73.06902366320108,64407.480500000005,64946.49071575941,63868.4702842406,0.016737503519002214,277.5607142857142,0.9999999999963815,-0.003381417435990075,0.002483888719425842,0.0017536260583424683,1
2026-08-06 01:00:00+00:00,64579.2,64599.25,64421.01,64521.53,3844,64587.99600000001,64653.67100000001,64419.996499999994,64122.534400000004,64548.48200336499,64391.87398713709,156.60801622789586,170.91831953932765,-14.310303311431795,69.53188335302141,64419.996499999994,64957.30591677796,63882.68708322203,0.016681448182877926,282.37285714285673,0.8357423913493137,-0.0038512617842126895,0.002936145633072096,0.0017134972071115966,1
2026-08-06 02:00:00+00:00,64520.02,64593.06,64346.63,64516.03,3935,64557.634,64644.703,64435.753500000006,64146.81479999999,64543.48938746268,64401.070728830644,142.41865863203566,165.21838735786926,-22.799728725833603,61.95022680373157,64435.753500000006,64964.42229657692,63907.08470342309,0.01640917558531898,260.3149999999997,0.4736430895125198,-0.002347534725143041,-0.0013881125987160736,0.0010050272145052691,1
2026-08-06 03:00:00+00:00,64516.03,64518.75,64425.59,64468.34,3532,64537.29400000001,64622.70700000001,64453.786,64160.6648,64531.92794323766,64406.05363780615,125.87430543150549,157.34957097259652,-31.475265541091034,55.61315518198369,64453.786,64959.44109507381,63948.13090492619,0.01569046991510504,227.9835714285712,0.17365007025969387,-0.0015750338701974176,-0.003400305773996304,0.000884257608624535,1
2026-08-06 04:00:00+00:00,64468.45,64674.48,64428.43,64661.65,3637,64549.342000000004,64615.525,64483.54299999999,64178.698000000004,64551.885182739556,64424.98670167236,126.89848106719728,151.2593529915167,-24.36087192431941,60.65353389800715,64483.54299999999,64962.58343745741,64004.50256254257,0.014857757969577478,224.89857142857156,0.4122584558755883,0.0009324873868852279,-0.001109472425933622,0.0013571520616336142,0
2026-08-06 05:00:00+00:00,64661.35,64938.09,64656.65,64852.03,4092,64603.916000000005,64620.901,64521.187,64201.2222,64598.06130847192,64456.61953858552,141.44176988640538,149.29583637049444,-7.85406648408906,70.90958864403083,64521.187,64991.28487209794,64051.08912790206,0.014571891620590928,216.89642857142826,0.876291745576484,0.004225356910805278,0.0008296517792836244,0.001642960656656066,0
2026-08-06 06:00:00+00:00,64852.01,64852.01,64675.4,64794.93,3531,64658.596,64623.295999999995,64560.84199999999,64217.70760000001,64628.34879947624,64481.67957276437,146.66922671187058,148.77051443876968,-2.101287726899102,59.22106781544222,64560.84199999999,64977.20853905637,64144.475460943606,0.012898423445480586,201.63214285714275,0.20668766136270972,0.004237345270640791,0.00036976436052071904,0.0016649301246570317,0
2026-08-06 07:00:00+00:00,64789.56,64903.06,64705.46,64745.57,3661,64704.504,64631.068999999996,64597.341499999995,64237.4672,64646.38283032605,64501.22701181886,145.15581850719173,148.0475752524541,-2.89175674526237,52.88429577251971,64597.341499999995,64932.51928969649,64262.1637103035,0.010377448418569742,196.41071428571377,0.0,0.0035578754613387886,0.0012019885000025265,0.0015937414354100965,0
2026-08-06 08:00:00+00:00,64746.21,64929.1,64682.96,64865.76,3695,64783.988,64660.64099999999,64627.394499999995,64262.492,64680.133164122046,64528.22945538783,151.9037087342149,148.81880194880625,3.0849067854086343,56.19445406954422,64627.394499999995,64944.27707273594,64310.51192726405,0.009806447410964203,200.2449999999995,0.1639932088723528,0.006164576286592949,0.004579832999948685,0.0015658525985060958,0
2026-08-06 09:00:00+00:00,64865.76,64881.86,64557.73,64613.78,3530,64774.414000000004,64661.878000000004,64640.32950000001,64282.359800000006,64669.92498502634,64534.56653276651,135.35845225982484,146.12673201100998,-10.768279751185133,42.6497422290219,64640.32950000001,64930.39412673465,64350.26487326536,0.008974726118456606,211.14357142857054,0.0,-0.0007403151636248273,0.0001914818887078784,0.0020820914150683698,1
2026-08-06 10:00:00+00:00,64614.02,64624.99,64512.55,64553.73,3471,64714.754,64659.335,64647.0585,64303.09940000001,64652.04883348382,64535.98604885788,116.06278462594491,140.11394253399698,-24.051157908052062,41.564744709765186,64647.0585,64921.33326805219,64372.783731947806,0.00848529768921175,201.47857142857018,0.0,-0.004599701813497559,-0.0003937802845376259,0.0021016265614087794,1
2026-08-06 11:00:00+00:00,64553.89,64588.71,64432.77,64550.78,3623,64665.924,64662.259999999995,64657.965500000006,64323.4532,64636.46901294785,64537.081897090626,99.38711585722194,131.96857719864198,-32.58146134142004,45.07140691838743,64657.965500000006,64894.32289365495,64421.60810634506,0.00731100621020758,199.14142857142775,0.11130748981095706,-0.003768041727956195,0.00045333704888905757,0.00208030098814315,1
2026-08-06 12:00:00+00:00,64550.82,64576.59,64304.07,64340.73,3778,64584.95599999999,64644.729999999996,64644.7165,64336.39340000001,64590.97070326356,64522.53731212095,68.43339114261471,119.26153998743652,-50.82814884482181,41.17909540625186,64644.7165,64919.921643944006,64369.511356056,0.008514389383825476,206.81071428571315,0.0,-0.0062527830089378345,-0.002717154170831626,0.002329181249433242,1
2026-08-06 13:00:00+00:00,64341.82,64452.73,64088.9,64354.0,5599,64482.60400000001,64633.295999999995,64628.0015,64346.31840000001,64554.513671992245,64510.05306677866,44.46060521358595,104.30135303266643,-59.84074781908048,40.34844075492887,64628.0015,64931.241417471225,64324.76158252877,0.00938416508117542,218.72499999999906,0.0,-0.007889524457895813,-0.0017735837466886784,0.0023271895847039935,1
2026-08-06 14:00:00+00:00,64355.97,64782.17,64281.46,64702.82,6047,64500.412,64637.413,64626.469000000005,64363.714400000004,64577.330030147285,64524.33209886913,52.99793127815792,94.04066868176474,-41.04273740360682,53.844479816947164,64626.469000000005,64927.76824211752,64325.16975788249,0.009324329389480182,242.51857142857054,0.4416077272669064,0.0013780342211830998,0.0006366988779284988,0.0027767397711278004,0
2026-08-06 15:00:00+00:00,64702.57,64925.36,64555.96,64573.5,5697,64504.366,64609.56000000001,64615.230500000005,64382.7226,64576.740794740006,64527.97416561957,48.766629120436846,84.98586076949917,-36.21923164906232,51.54675381107999,64615.230500000005,64906.136493820304,64324.324506179706,0.009004254618276074,256.1728571428565,0.36642318203328245,0.00030625650911253466,-0.004294853993005332,0.0026444686407767447,0
2026-08-06 16:00:00+00:00,64573.26,64717.92,64525.28,64682.25,5004,64530.659999999996,64598.292,64610.79400000001,64395.0672,64592.97298016462,64539.40200520331,53.57097496130882,78.70288360786111,-25.13190864655229,54.6606700238894,64610.79400000001,64894.31136895749,64327.27663104253,0.008776161115044657,252.33071428571358,0.4683145188410089,0.002036691113569855,-0.0017390249514892542,0.0027189323223859173,0
2026-08-06 17:00:00+00:00,64682.28,64777.31,64481.8,64550.99,4092,64572.712,64578.83400000001,64604.9515,64404.8806,64586.514060139285,64540.26037518825,46.25368495103612,72.21304387649612,-25.959358925459995,52.21369302385382,64604.9515,64888.33502069337,64321.56797930664,0.008772811189042233,266.7842857142844,0.3882462894372252,0.0032679144299418983,-0.003005302138818222,0.002778442127676455,0
2026-08-06 18:00:00+00:00,64550.98,64563.62,64311.97,64363.02,4018,64574.51599999999,64528.56000000001,64594.6005,64414.24779999999,64552.1303585794,64527.13145850764,24.998900071761454,62.770215115549185,-37.77131504378773,41.97856509710158,64594.6005,64897.784903811014,64291.41609618899,0.009387298674012664,267.1842857142843,0.05333976158495903,0.00014016222767820885,-0.00775046804354107,0.002776902356370468,0
2026-08-06 19:00:00+00:00,64363.75,64425.08,64296.15,64389.96,3759,64511.943999999996,64506.178,64584.028000000006,64423.7242,64527.18107264411,64516.97060972929,10.210462914823438,52.258264675404035,-42.0478017605806,36.393778599654915,64584.028000000006,64900.661451608314,64267.3945483917,0.009805317550286827,256.29071428571325,0.0,-0.0048353379342662706,-0.0034639669742274615,0.002566831610355267,0
2026-08-06 20:00:00+00:00,64389.17,64481.85,64375.51,64375.54,3567,64472.352,64488.35900000001,64573.846999999994,64426.1308,64503.851676852704,64506.49426826787,-2.6425914151623147,41.278093457290765,-43.92068487245308,37.332133169821155,64573.846999999994,64903.9474699426,64243.74653005739,0.01022396791514078,251.26999999999887,0.04739002826385633,-0.0030656538672985123,-0.0027603362346374505,0.0025586364139417507,0
2026-08-06 21:00:00+00:00,64376.35,64465.64,64342.0,64383.34,3662,64412.56999999999,64471.615000000005,64566.9375,64429.9878,64485.31141887536,64497.371729877654,-12.06031100229302,30.61041256537401,-42.670723567667025,38.77690129324488,64566.9375,64907.27511750496,64226.59988249504,0.010542163859172147,245.9871428571418,0.12035562610992356,-0.004621205972272224,-0.0025939268278400984,0.002560829786499892,0
2026-08-06 22:00:00+00:00,64383.65,64394.5,64261.45,64293.33,3506,64361.038,64466.875,64555.802500000005,64430.073800000006,64455.775815971465,64482.25752766449,-26.481711693028046,19.191987713693596,-45.67369940672164,31.926193017131837,64555.802500000005,64917.08115669547,64194.52384330454,0.011192755498484194,237.9092857142849,0.0,-0.003991573173393603,-0.0007367028630231864,0.002380359927758357,0
2026-08-06 23:00:00+00:00,64293.11,64311.1,64131.45,64270.14,3456,64342.462,64458.489,64545.8925,64432.57139999999,64427.21645966816,64466.54511820786,-39.32865853969997,7.487858463014879,-46.81651700271485,37.31768526719802,64545.8925,64927.57023261371,64164.21476738629,0.011826553722646531,227.58928571428518,0.23715048507339365,-0.001443064666636129,-0.0013031047021164754,0.0023797704171106705,0
2026-08-07 00:00:00+00:00,64268.28,64356.0,64166.72,64262.9,3855,64317.05,64414.496999999996,64525.955,64433.51699999999,64401.9370043346,64451.46029463691,-49.5232903023134,-3.91437129005078,-45.60891901226262,38.83132742955,64525.955,64923.50138606473,64128.40861393527,0.012322061287267386,233.07785714285689,0.30372963540508624,-0.001973289003440848,-0.006799085418533468,0.0013794674036245293,1
2026-08-07 01:00:00+00:00,64262.37,64416.26,64228.48,64357.94,4356,64313.530000000006,64392.94099999999,64501.2505,64439.620200000005,64395.16823443697,64444.532865404544,-49.36463096757507,-13.00442322555564,-36.360207742019426,43.08361069666023,64501.2505,64874.12066261265,64128.38033738735,0.011561641354926891,235.35214285714235,0.49077080929387124,-0.00027339576491314244,-0.0033382114954276787,0.0014471038402852129,0
2026-08-07 02:00:00+00:00,64357.89,64490.15,64191.95,64331.98,4468,64303.25800000001,64357.91399999999,64478.103,64447.265600000006,64385.44696760051,64436.195616115314,-50.74864851480379,-20.553268283405274,-30.195380231398516,49.63842676385755,64478.103,64831.16225240513,64125.04374759488,0.010951291554130382,237.18642857142862,0.7790913220208693,-0.0007977218951361609,-0.005415241430222317,0.0012625274893199017,0
2026-08-07 03:00:00+00:00,64332.39,64353.54,64193.9,64237.57,3915,64292.10599999999,64326.572,64452.703,64446.3282,64362.696664892734,64421.482607514175,-58.78594262144179,-28.19980315101258,-30.58613947042921,45.49115890731373,64452.703,64797.744812147306,64107.6611878527,0.010706822090837832,222.60142857142844,0.5966693619602597,-0.0008672750345953828,-0.004855386416226848,0.0011999502632291674,1
2026-08-07 04:00:00+00:00,64233.67,64305.2,64097.78,64192.59,3795,64276.596,64309.528999999995,64419.0445,64443.798599999995,64336.52640875539,64404.527599550165,-68.00119079477736,-36.16008067976554,-31.841110115011816,24.160074547498567,64419.0445,64723.361022439814,64114.72797756019,0.009448029687550263,201.65214285714268,0.0,-0.001206625658509597,-0.0026479490862920674,0.0008583018348408303,1
2026-08-07 05:00:00+00:00,64193.09,64337.43,64101.13,64273.34,3602,64278.683999999994,64297.86699999999,64402.0225,64446.8366,64326.805422793026,64394.809999583485,-68.0045767904594,-42.528979901904314,-25.47559688855508,34.01227202999813,64402.0225,64698.458703972516,64105.58629602748,0.00920580418021861,192.14499999999992,0.3230165617616683,0.00016245765441635918,-0.0018111519249274233,0.0009667460355595691,1
2026-08-07 06:00:00+00:00,64273.67,64406.07,64223.52,64246.89,3760,64256.474,64285.00199999999,64386.6805,64449.5314,64314.51074236333,64383.8529625773,-69.34222021397,-47.89162796431746,-21.450592249652537,24.582564629504134,64386.6805,64681.815401213054,64091.54559878695,0.009167576241581587,191.42428571428587,0.01506009224300789,-0.0017255058194840522,-0.0019984298384138066,0.000969491180864771,1
2026-08-07 07:00:00+00:00,64246.33,64382.39,64197.59,64262.75,3487,64242.628000000004,64272.94299999999,64372.279,64449.362199999996,64306.547551230506,64374.882372756765,-68.33482152625947,-51.980266676705874,-16.3545548495536,30.551132223151924,64372.279,64661.75364427699,64082.80435572301,0.0089937671548646,183.51642857142932,0.2508426613054176,-0.0010761366275373607,-0.0018730000649235246,0.0009749117078785073,1
2026-08-07 08:00:00+00:00,64260.95,64614.85,64239.96,64541.76,3813,64303.46599999999,64297.786,64382.330500000004,64456.1796,64342.73408181043,64387.24367847849,-44.50959666806011,-50.48613267497673,5.976536006916618,60.740811960676254,64382.330500000004,64681.00715067997,64083.653849320035,0.009278218056426788,192.3192857142863,0.9999999999972663,0.0047353908312535165,0.0038640089104111652,0.0016432537893634937,1
2026-08-07 09:00:00+00:00,64542.96,64918.38,64541.52,64788.55,3900,64422.657999999996,64349.627,64404.058,64469.7968,64411.32114614728,64416.970072665266,-5.648926517984364,-41.51869144357826,35.8697649255939,68.94601249156321,64404.058,64753.04352306477,64055.072476935224,0.010837376833142209,210.02857142857206,0.9999999999977671,0.00928393760089774,0.008066109705066715,0.0019380439616552448,1
2026-08-07 10:00:00+00:00,64787.88,64876.85,64748.99,64845.82,3523,64537.154,64407.918999999994,64411.208,64485.38300000001,64478.16712366309,64448.73673394932,29.43038971376518,-27.328875212109573,56.75926492587475,71.4786802586869,64411.208,64790.50908432742,64031.906915672575,0.011777487058694015,211.5657142857152,0.9999999999978866,0.008906958935073206,0.009070863593146239,0.0019110262862954508,1
2026-08-07 11:00:00+00:00,64845.82,65170.83,64845.06,64973.16,4063,64682.40800000001,64469.441000000006,64431.191000000006,64502.86319999999,64554.319873868764,64487.58290180493,66.73697206383076,-8.5157057569215,75.25267782075227,74.28642015976305,64431.191000000006,64881.88501125888,63980.496988741135,0.013989932647958373,226.00357142857268,0.999999999998005,0.011304360413399106,0.00955934885423626,0.0019332234165810715,0
2026-08-07 12:00:00+00:00,64974.82,65348.5,64926.21,65247.55,6107,64879.368,64560.998,64459.45599999999,64527.77760000001,64660.97066250433,64543.87676093049,117.09390157384041,16.606215709230888,100.48768586460952,84.11144793662582,64459.45599999999,65031.116071403674,63887.79592859631,0.017737042999670466,246.66357142857254,0.999999999998332,0.015324585393560186,0.014231957418378904,0.0021172534574005627,0
2026-08-07 13:00:00+00:00,65246.35,65297.28,64924.79,64967.27,6402,64964.469999999994,64633.96799999999,64480.27,64546.811400000006,64708.09363750366,64575.239223083794,132.85441441986768,39.85585545135825,92.99855896850943,71.05153493540747,64480.27,65094.67763262753,63865.862367372465,0.019057228905137395,260.437857142858,0.7821582348659738,0.0065927858180501175,0.011359396066818794,0.002663624347580795,0
2026-08-07 14:00:00+00:00,64966.72,65228.09,64730.73,64907.51,7254,64988.262,64705.46,64507.49449999999,64559.6676,64738.773077887716,64599.851873225736,138.92120466197957,59.66892529348252,79.25227936849706,68.86711272676177,64507.49449999999,65147.73664128097,63867.252358719015,0.019850163031242152,282.4435714285719,0.7457216682761879,0.001836126908226765,0.01113711099676773,0.002681270472955015,1
2026-08-07 15:00:00+00:00,64909.43,65087.27,64830.88,64861.63,4731,64991.424,64764.289000000004,64531.078,64569.798599999995,64757.674142828066,64619.242845579385,138.4312972486805,75.42139968452213,63.009897564158365,65.1793409799109,64531.078,65187.63143498692,63874.52456501308,0.020348441567547327,287.34428571428623,0.684208953247819,0.00024380908437882098,0.009152939616954736,0.002740669909666589,1
2026-08-07 16:00:00+00:00,64864.44,65027.39,64751.29,64751.29,4528,64947.05,64814.72900000001,64549.8655,64576.441399999996,64756.69196700836,64629.024116277214,127.66785073114443,85.8706898938466,41.797160837297824,62.024880843814934,64549.8655,65209.177472173295,63890.553527826705,0.020427989030381316,285.76571428571435,0.6315919745571724,-0.0034147946629039527,0.00785096368088789,0.0028386139094190225,1
2026-08-07 17:00:00+00:00,64754.07,64787.59,64463.13,64713.33,4738,64840.20599999999,64859.787,64566.365000000005,64584.055199999995,64750.020895160924,64635.26899655298,114.7518986079449,91.64693163666627,23.10496697127863,64.10026910720427,64566.365000000005,65224.64562240283,63908.08437759718,0.020390821828139914,297.5385714285715,0.6662098347672317,-0.008187587120129458,0.007011526895440934,0.0028682644489703433,1
2026-08-07 18:00:00+00:00,64713.33,64838.59,64622.35,64684.9,3838,64783.732,64874.101,64585.94350000001,64585.638999999996,64740.002295905404,64638.94536717869,101.05692872671352,93.52893105467572,7.527997672037799,64.7353203512701,64585.94350000001,65233.232522966704,63938.65447703331,0.020044269322060625,298.16857142857145,0.6745088012913368,-0.004346342396717495,0.002217788916819119,0.0025780702998228124,1
2026-08-07 19:00:00+00:00,64684.07,64985.51,64684.07,64919.41,4020,64786.112,64887.187,64618.40699999999,64590.2612,64767.60348115073,64659.72052516546,107.88295598526747,96.39973604079408,11.48321994447339,67.70763099760467,64618.40699999999,65264.13141666504,63972.68258333494,0.01998577330032444,302.82142857142856,0.7244393640904878,0.00018333779866153144,0.002019801338353666,0.00254789546486091,0
2026-08-07 20:00:00+00:00,64913.66,65001.64,64896.83,64927.58,3429,64799.302,64895.363,64651.641,64594.1434,64792.215253281385,64679.561967745794,112.65328553559084,99.65044593975344,13.0028395958374,68.84534244375662,64651.641,65288.68563159812,64014.596368401886,0.019706990317480636,297.2685714285711,0.714973571578476,0.0010167798743263567,0.0012608368588753471,0.00253669358721685,0
2026-08-07 21:00:00+00:00,64929.99,65068.97,64884.69,64894.99,3582,64828.042,64887.545999999995,64678.493500000004,64596.07779999999,64808.02675277655,64695.51959976462,112.50715301193122,102.221787354189,10.285365657742219,67.34331109550547,64678.493500000004,65308.649733067905,64048.3372669321,0.01948580429035196,297.2314285714279,0.28251260006768814,0.0022192608054603102,-0.0012031121773976583,0.002457115523034752,0
2026-08-07 22:00:00+00:00,64894.42,64913.41,64798.38,64850.17,3353,64855.409999999996,64847.808,64704.403000000006,64597.6616,64814.51032927246,64706.97518496725,107.53514430521318,103.28445874439385,4.250685560819335,59.707402441250565,64704.403000000006,65316.93619429162,64091.86980570839,0.01893327705354507,278.6699999999998,0.0,0.002114556614533525,-0.006090343622097705,0.00192665776811643,1
2026-08-07 23:00:00+00:00,64850.04,64884.3,64832.52,64882.04,3113,64894.838,64839.28500000001,64736.6265,64601.9456,64824.899509384384,64719.94294904375,104.95656034063722,103.61887906364254,1.3376812769946866,53.40307656467255,64736.6265,65312.46275539015,64160.790244609845,0.01779012242444093,255.45000000000022,0.0,0.003047697376049152,-0.0013118913569862833,0.0014428562499906928,1
2026-08-08 00:00:00+00:00,64881.71,64924.97,64782.09,64880.55,3411,64887.066000000006,64836.589,64771.0245,64608.1558,64833.46112332524,64731.8397676331,101.62135569214297,103.21937438934263,-1.598018697199663,51.31769651624273,64771.0245,65289.34444372374,64252.70455627626,0.01600468566692941,256.5228571428576,0.0,-0.0005985883112615831,-0.0004153602564633818,0.0014159511446912264,1
2026-08-08 01:00:00+00:00,64882.55,64931.93,64863.05,64872.28,3322,64876.005999999994,64837.654,64800.97150000001,64613.57319999999,64839.43325819828,64742.24274780843,97.19051038985344,102.0136015894448,-4.82309119959136,45.792318729353504,64800.97150000001,65264.536697334435,64337.40630266558,0.014307353319060296,238.17357142857145,0.0,-0.0008517181758507242,0.0001641956885758411,0.001397394145251546,1
2026-08-08 02:00:00+00:00,64873.91,64917.34,64852.02,64880.88,3260,64873.183999999994,64850.613,64832.670999999995,64619.60760000001,64845.80968001393,64752.51217389669,93.29750611724012,100.27038249500389,-6.972876377763768,30.349314554594343,64832.670999999995,65216.5630302099,64448.77896979009,0.011842548649890016,212.67571428571424,0.0,-0.0002174281866751393,0.00200135008893243,0.0012604380221881515,1
2026-08-08 03:00:00+00:00,64880.89,65031.19,64872.23,64983.17,3380,64899.784,64877.59700000001,64868.691999999995,64628.8404,64866.94203693486,64769.59793879324,97.34409814162063,99.68512562432724,-2.3410274827066075,51.05300802670278,64868.691999999995,65148.50845695514,64588.87554304485,0.008627165072332414,197.42357142857145,0.5375097865021516,0.002050881285276418,0.0041697746043976025,0.001295481972680626,0
2026-08-08 04:00:00+00:00,64983.81,65022.69,64921.53,64969.33,3004,64917.242000000006,64906.04,64890.070499999994,64637.90640000001,64882.69403125258,64784.39290629003,98.30112496254878,99.40832549197157,-1.1072005294227836,54.35929258454851,64890.070499999994,65126.72018766601,64653.42081233398,0.007293864403060456,169.12357142857218,0.6237001411943409,0.0013453646032091093,0.004397162243429342,0.0012807526359136447,0
2026-08-08 05:00:00+00:00,64969.92,64986.42,64932.57,64956.69,3296,64932.47000000001,64909.768000000004,64898.4775,64647.67340000001,64894.07802644449,64797.155653972244,96.92237247224693,98.91113488802665,-1.9887624157797177,57.03293776449388,64898.4775,65131.86572302586,64665.08927697414,0.007192409807329009,154.65642857142925,0.6931526360760565,0.0011735412230629017,0.0005742504437424856,0.0006286058668562614,1
2026-08-08 06:00:00+00:00,64956.27,64980.48,64918.57,64968.28,3246,64951.67,64913.838,64904.6005,64653.806,64905.493714683806,64809.831531455784,95.6621832280216,98.26134455602565,-2.599161328004044,68.80101200894156,64904.6005,65138.59669956162,64670.60430043838,0.007210465753089958,139.35714285714388,0.9988484413238012,0.0014798308306722685,0.0006268522560057832,0.0006294595629390198,0
2026-08-08 07:00:00+00:00,64968.78,64976.32,64906.38,64927.75,3219,64961.04400000001,64917.114,64902.329999999994,64655.3204,64908.9177585786,64818.566232829435,90.3515257491672,96.67938079465397,-6.327855045486771,68.49596301152427,64902.329999999994,65134.39847564733,64670.26152435266,0.007151314156127669,121.17714285714412,0.9909242731915776,0.0007224008059076859,0.0005048155489353334,0.0006426544024631891,1
2026-08-08 08:00:00+00:00,64929.63,64980.31,64910.62,64953.48,3259,64955.10600000001,64927.44499999999,64887.6265,64658.4914,64915.77348802805,64828.55984521244,87.21364281560818,94.78623319884483,-7.572590383236644,73.27625056331686,64887.6265,65056.168581863065,64719.08441813693,0.005194891259062047,110.70928571428678,0.9999999999976704,-0.00045688752949413214,0.0015930567336985835,0.0005933724802653941,1
2026-08-08 09:00:00+00:00,64952.9,65014.05,64946.22,64959.92,3261,64953.224,64935.23299999999,64887.259000000005,64662.778399999996,64922.56525910065,64838.29022704856,84.2750320520936,92.6839929694946,-8.408960917401004,55.80588757990015,64887.259000000005,65055.10047933409,64719.41752066592,0.005173326225232762,94.02285714285816,0.5930209652064118,-0.00014483757182048862,0.0012003321720464033,0.000581833203405214,1
2026-08-08 10:00:00+00:00,64959.45,64985.25,64947.65,64966.42,3267,64955.17,64943.82000000001,64890.20450000001,64664.79159999999,64929.31214231593,64847.78132134126,81.53082097467268,90.45335857053023,-8.922537595857548,55.59331797234977,64890.20450000001,65061.572962303966,64718.83603769605,0.005281797572512163,89.22214285714394,0.5880690718892021,0.00014979211533083792,0.0013235091256160736,0.0005797685614990447,1
2026-08-08 11:00:00+00:00,64966.14,64988.86,64909.02,64924.14,3168,64946.342000000004,64949.00600000001,64893.329999999994,64670.9988,64928.516428113486,64853.437519760424,75.0789083530617,87.37846852703653,-12.299560173974825,54.083891395108026,64893.329999999994,65064.78427685662,64721.87572314337,0.005284187969907673,81.7621428571443,0.5529063811038285,-0.0006794084744123907,0.0007994169466527534,0.0006274896933999402,1
2026-08-08 12:00:00+00:00,64924.14,65003.13,64876.59,64956.63,3252,64952.118,64956.581000000006,64903.596999999994,64679.0568,64932.8415930191,64861.08140718557,71.76018583352561,84.25481198833435,-12.494626154808742,65.44868818202957,64903.596999999994,65063.43705533103,64743.75694466896,0.004925460612946762,82.58428571428678,0.8176538297590459,0.0004448021069574093,0.0011675242382656048,0.0006415337079289527,1
2026-08-08 13:00:00+00:00,64956.83,64982.87,64949.59,64966.91,3242,64954.804000000004,64954.954999999994,64916.276,64687.3794,64938.08288640076,64868.92056220886,69.16232419190055,81.2363144290476,-12.073990237147044,63.138991237576896,64916.276,65050.79179400842,64781.76020599157,0.004144285602840945,81.26285714285821,0.7638485233663889,0.00020676336356428848,-0.00025021863353225093,0.0003907114041271353,1
2026-08-08 14:00:00+00:00,64966.94,65147.54,64962.68,65083.64,3449,64979.547999999995,64966.386,64936.213,64702.2376,64960.47628849295,64884.825705748946,75.65058274400508,80.1191680920391,-4.468585348034026,73.17267976540931,64936.213,65041.31950760489,64831.10649239512,0.003237223199476801,84.26142857142933,0.9975872771821808,0.001904558995762251,0.0017594455722416136,0.0006874504676186238,0
2026-08-08 15:00:00+00:00,65082.29,65104.5,65008.01,65033.24,3136,64992.912,64974.04099999999,64941.904500000004,64715.82239999999,64971.67070564788,64895.81935717495,75.85134847292647,79.26560416821658,-3.414255695290109,66.7547986842656,64941.904500000004,65055.18949663219,64828.619503367816,0.003488810422311784,86.23357142857223,0.8480801919379721,0.001028531355121709,0.001178477536339928,0.0007442834833063783,0
2026-08-08 16:00:00+00:00,65033.27,65073.05,64985.82,65043.81,3281,65016.846,64981.594000000005,64947.71599999999,64722.642199999995,64982.76905862513,64906.78162701385,75.9874316112764,78.60996965682855,-2.6225380455521474,66.8905890402442,64947.71599999999,65069.512334470215,64825.91966552977,0.003750596386491007,87.79857142857249,0.7126584245020418,0.001843228112070383,0.0011625673328583552,0.0007441571455349951,0
2026-08-08 17:00:00+00:00,65044.07,65109.12,65023.37,65073.42,3228,65040.204000000005,64996.161,64956.6375,64732.6406,64996.715357298184,64919.12521019801,77.59014710017073,78.40600514549699,-0.8158580453262658,61.01603886434125,64956.6375,65087.94088511238,64825.33411488761,0.004042801172163005,82.56928571428683,0.3611930877512886,0.0017979688909353087,0.00224357073824355,0.0007019210709517914,0
2026-08-08 18:00:00+00:00,65072.06,65087.46,64981.37,64996.39,3171,65046.1,65000.45199999999,64963.9485,64738.9234,64996.66530232923,64924.84852796113,71.81677436810423,77.08815899001844,-5.271384621914208,52.86155407977646,64963.9485,65086.2670386426,64841.629961357394,0.003765735964851485,82.92142857142919,0.0,0.0004537694651014501,0.0006606266515665205,0.0008258162926440793,0
2026-08-08 19:00:00+00:00,64999.4,65040.96,64959.24,65027.25,3027,65034.822,65007.185,64971.208999999995,64748.4486,65001.370640432426,64932.433822186234,68.93681824619125,75.457890841253,-6.521072595061753,57.18475073313769,64971.208999999995,65090.25118498581,64852.16681501418,0.003664459591195774,84.91214285714366,0.21176884294242054,-0.00086642357434219,0.0010364852666076008,0.0008359554788349639,0
2026-08-08 20:00:00+00:00,65026.17,65045.78,65004.86,65027.46,3257,65033.666000000005,65013.289000000004,64978.55449999999,64761.737400000005,65005.38438805821,64939.47279832059,65.91158973762504,73.54863062052742,-7.637040882902383,56.16895300838102,64978.55449999999,65092.04314250568,64865.0658574943,0.0034931107156497376,83.41285714285758,0.16201068339443525,-8.8877626272299e-05,0.0009395623154238031,0.0008365656694999017,0
2026-08-08 21:00:00+00:00,65026.28,65035.8,64937.52,64970.42,3083,65018.988,65017.916999999994,64983.4615,64773.346600000004,65000.00525143387,64941.765183630174,58.24006780369382,70.48691805716071,-12.246850253466889,54.29993752141387,64983.4615,65085.51284894748,64881.410151052514,0.0031408406567410493,85.43714285714357,0.07045823300826805,-0.0011283164377978716,0.0007128319296951791,0.0008616523443947658,0
2026-08-08 22:00:00+00:00,64967.95,64992.0,64887.81,64896.37,3023,64983.578,65011.89099999999,64984.236,64783.7632,64984.06136659789,64938.40257743535,45.658789162538596,65.52129227823629,-19.86250311569769,44.75564289518618,64984.236,65083.197702193065,64885.27429780693,0.003045714108051314,87.9014285714298,0.0,-0.0027207729361695687,-0.0009276959103327043,0.0009247484669741687,0
2026-08-08 23:00:00+00:00,64897.34,64926.28,64878.8,64910.12,3089,64966.324,65006.212,64980.58350000001,64794.2988,64972.68577173667,64936.30757169939,36.3782000372812,59.69267383004527,-23.31447379276407,45.48749546937332,64980.58350000001,65084.955272605126,64876.21172739489,0.0032123987500087053,86.44785714285796,0.02575400727130147,-0.0013273044856798588,-0.0008741373108248629,0.0009265171633299393,0
2026-08-09 00:00:00+00:00,64910.14,64939.63,64897.89,64922.24,3105,64945.322,64990.072,64978.22900000001,64806.87699999999,64964.92488377719,64935.265529351294,29.65935442589398,53.68600994921501,-24.026655523321033,46.03709949409772,64978.22900000001,65085.74684887756,64870.71115112245,0.0033093499324998955,86.7435714285722,0.04509465940306421,-0.0016148614619255763,-0.002479885882227917,0.0006660706833569583,0
2026-08-09 01:00:00+00:00,64922.22,64957.69,64782.2,64812.09,3335,64902.248,64967.95700000001,64970.998999999996,64817.71600000001,64941.41182473455,64926.141416066006,15.270408668540767,46.002889693080164,-30.732481024539396,41.04015736698139,64970.998999999996,65101.58730283672,64840.41069716327,0.004019895179285278,93.57571428571516,0.0,-0.0033119854289249684,-0.003400568693794126,0.000797855592031521,0
2026-08-09 02:00:00+00:00,64811.93,64816.9,64721.92,64759.09,3168,64859.981999999996,64939.485,64960.5395,64827.639800000004,64913.362313236925,64913.76723709815,-0.4049238612278714,36.72132698221856,-37.12625084344643,34.70579126664586,64960.5395,65121.92377921506,64799.15522078494,0.004968686542853013,91.3214285714296,0.0,-0.003252711002945663,-0.004377357353451461,0.0007893879470510057,1
2026-08-09 03:00:00+00:00,64759.09,64767.9,64671.22,64738.67,3312,64828.441999999995,64906.01000000001,64951.0855,64835.2544,64886.48657273893,64900.797071387184,-14.310498648250359,26.51496185612477,-40.82546050437513,32.602067262248866,64951.0855,65140.30915930536,64761.86184069464,0.005826651174455286,95.85000000000062,0.0,-0.0024300280585802803,-0.0051441894401739185,0.0007276689358331664,1
2026-08-09 04:00:00+00:00,64738.25,64782.12,64724.92,64737.83,3212,64793.984,64880.154,64940.303,64843.371399999996,64863.61633077911,64888.725436469605,-25.109105690498836,16.19014834680005,-41.29925403729889,17.983520044439857,64940.303,65152.17361415142,64728.43238584858,0.006525088561764777,86.73142857142946,0.0,-0.0026542856491407196,-0.003978067089572157,0.0007019135966904829,1
2026-08-09 05:00:00+00:00,64737.63,64753.29,64715.26,64753.29,3021,64760.194,64852.75800000001,64929.9715,64853.6858,64846.64304912078,64878.6931819163,-32.05013279552077,6.5420921183358836,-38.592224913856654,22.2882144483375,64929.9715,65157.39539545063,64702.54760454937,0.0070052054604899695,82.55571428571524,0.08801783652702912,-0.0026023439733440235,-0.004213003010276495,0.0006726554600891627,1
2026-08-09 06:00:00+00:00,64752.86,64808.0,64742.02,64796.52,3214,64757.079999999994,64829.66399999999,64921.476500000004,64865.76440000001,64838.93181079451,64872.60627955213,-33.67446875762107,-1.5012200568555092,-32.17324870076556,27.00782862561978,64921.476500000004,65155.75714288894,64687.195857111066,0.007217354118215041,81.0378571428581,0.20970904861338144,-0.0002402329565363015,-0.003551422737409715,0.0007479114256826647,1
2026-08-09 07:00:00+00:00,64796.5,64804.05,64761.64,64772.98,3188,64759.85800000001,64809.920000000006,64913.91850000001,64875.7572,64828.78537836458,64865.226555140864,-36.44117677628674,-8.489211400741757,-27.95196537554498,21.747225879254373,64913.91850000001,65157.40929405666,64670.42770594335,0.007501959508318864,77.94214285714406,0.09600988970711154,0.00021448726348705094,-0.003038921404540651,0.0007253978232858486,1
2026-08-09 08:00:00+00:00,64772.98,64886.84,64734.76,64763.67,3433,64764.85799999999,64796.65,64904.2705,64886.092800000006,64818.76762784695,64857.703847352655,-38.936219505703775,-14.578613021734162,-24.35760648396961,24.921332816068528,64904.2705,65155.79450898023,64652.74649101977,0.007750615084110125,81.22714285714392,0.1769794633924905,0.00038616795803814163,-0.0020447984995155544,0.0006636568854506939,1
2026-08-09 09:00:00+00:00,64762.49,64829.47,64748.59,64825.94,3250,64782.479999999996,64788.232,64897.221999999994,64897.3566,64819.871069716646,64855.350969770974,-35.47990005432803,-18.758870428252937,-16.72102962607509,29.681664950846425,64897.221999999994,65149.25536743126,64645.18863256873,0.007767154268368042,81.16714285714417,0.3063509825179302,0.0013610280109790374,-0.0012968701952792427,0.0007523225697656828,1
2026-08-09 10:00:00+00:00,64825.59,64928.95,64817.92,64903.85,3169,64812.592000000004,64786.393000000004,64888.2325,64904.598399999995,64832.79090514485,64858.94349052868,-26.152585383832047,-20.23761341936876,-5.914971964463287,39.21548098902402,64888.2325,65124.60861615656,64651.856383843435,0.00728563892248301,86.17500000000135,0.5846380898663138,0.002325132823366882,-0.00028326194536720806,0.000860447447879717,1
2026-08-09 11:00:00+00:00,64903.32,64959.02,64893.66,64893.66,3023,64832.02,64794.55,64881.25349999999,64906.700600000004,64842.1553812764,64861.51508382286,-19.359702546455082,-20.062031244786027,0.7023286983309447,42.706749771967324,64881.25349999999,65107.633747536114,64654.87325246387,0.0069782945095572995,83.82357142857187,0.8812861036790391,0.0014991545842277798,0.001258561481353393,0.0006375763476391373,1
2026-08-09 12:00:00+00:00,64901.65,64910.29,64860.99,64900.16,3228,64857.456000000006,64808.65699999999,64874.07100000001,64907.787399999994,64851.07916877233,64864.377670206355,-13.29850143402291,-18.709325282633404,5.4108238486104945,50.41313305282446,64874.07100000001,65087.47901157897,64660.66298842105,0.006579146592448684,79.90285714285763,0.9999999999969164,0.0019634730407649403,0.0021783814442113414,0.0005461319671127367,1
2026-08-09 13:00:00+00:00,64903.29,65223.63,64897.64,65167.97,3487,64938.316000000006,64851.587,64878.7985,64911.683600000004,64899.83160434582,64886.86599093181,12.965613414009567,-12.374337543304808,25.339950957314375,68.0883900385834,64878.7985,65113.88807551669,64643.708924483304,0.007247038507246493,99.79642857142919,0.9999999999980042,0.006242697487650162,0.00663127617542969,0.0013210007879711696,0
2026-08-09 14:00:00+00:00,65167.98,65253.63,65093.07,65206.46,3549,65014.42,64898.45,64889.302,64910.8618,64947.00520367723,64910.539621233154,36.46558244407788,-2.6063535458282683,39.07193598990615,69.2269184976735,64889.302,65162.237925744295,64616.36607425571,0.008412355113460522,108.28357142857203,0.9999999999980484,0.005869872461548464,0.007238889533368598,0.0013003644083132305,0
2026-08-09 15:00:00+00:00,65208.91,65216.28,65143.43,65176.85,3291,65069.020000000004,64940.806,64896.78200000001,64915.0534,64982.36594157304,64930.26631595662,52.09962561642169,8.334842286621727,43.76478332979996,77.69291505967485,64896.78200000001,65192.85517250588,64600.708827494134,0.00912443308840405,100.95214285714299,0.9999999999983252,0.004206221972964608,0.0065411348211033005,0.0013466279812246386,0
2026-08-09 16:00:00+00:00,65175.12,65216.84,65119.16,65182.66,3321,65126.81999999999,64979.420000000006,64904.542,64920.556399999994,65013.180412100264,64948.96214440428,64.21826769598556,19.511527368494498,44.70674032749106,84.6399188733883,64904.542,65222.37244990723,64586.711550092776,0.009793781455455784,101.1449999999994,0.9999999999984998,0.00445343967345968,0.005959270652189375,0.0013583050632458363,0
2026-08-09 17:00:00+00:00,65182.63,65190.61,65137.97,65147.56,3353,65176.3,65016.87799999999,64913.399,64926.275,65033.85419485407,64963.67309667063,70.18109818344237,29.645441531484078,40.53565665195829,82.65529413643877,64913.399,65248.36980286877,64578.42819713122,0.010320544233672763,97.99928571428505,0.9702260432319568,0.0038120090921192062,0.005782966909967602,0.0013730902734794322,0
2026-08-09 18:00:00+00:00,65148.19,65175.65,65129.39,65151.55,3269,65173.01599999999,65055.666000000005,64926.15800000001,64934.28020000001,65051.961241799596,64977.58990432466,74.37133747493499,38.590620720174265,35.780716754760725,82.87562378818222,64926.15800000001,65277.44013417924,64574.87586582078,0.010820974011098257,97.21785714285632,0.971947534740358,-0.0002519642701774849,0.005989160280756245,0.001362614865273005,0
2026-08-09 19:00:00+00:00,65151.29,65165.97,65125.44,65134.17,3186,65158.558,65086.489,64937.360499999995,64942.697,65064.608743061195,64989.18842993025,75.42031313094776,45.95655920232897,29.463753928618793,80.17397090978177,64937.360499999995,65300.576474345624,64574.14452565437,0.011186656542519269,97.39642857142773,0.9289909884425529,-0.001108632488253436,0.004754732441982323,0.0013814503128393696,0
2026-08-09 20:00:00+00:00,65134.2,65142.37,65018.12,65092.15,3480,65141.618,65105.318999999996,64945.85599999999,64950.842000000004,65068.84585951332,64996.81521289838,72.03064661494136,51.17137668485145,20.85926993008991,73.46530566888393,64945.85599999999,65315.47470779701,64576.237292202975,0.011382364651472672,101.55857142857037,0.8223225517528902,-0.0012995411714434857,0.002901214642891059,0.0013969048126360277,1
2026-08-09 21:00:00+00:00,65092.15,65212.72,65066.03,65143.09,3362,65133.70399999999,65130.262,64962.406,64955.315599999994,65080.26803497282,65007.65038231331,72.61765265950817,55.4606318797828,17.157020779725364,78.15252612842775,64962.406,65336.421284370874,64588.39071562913,0.011514822415009415,109.00714285714172,0.8913672748577323,-0.0006070632895314176,0.003843672864190406,0.001395049547231513,0
2026-08-09 22:00:00+00:00,65143.09,65439.71,64910.99,65020.67,4453,65108.326,65142.313,64975.485,64957.1774,65071.09910651546,65008.614798438255,62.48430807720433,56.86536711926711,5.61894095793722,66.6787809563366,64975.485,65337.67175017162,64613.29824982838,0.011148412364189933,135.90999999999934,0.6731857976704748,-0.0019477321944213477,0.0018568521248636394,0.0015694187487290845,0
2026-08-09 23:00:00+00:00,65015.16,65054.39,64784.55,64845.83,4041,65047.18199999999,65110.099,64980.84300000001,64956.1942,65036.4423208977,64996.556665220596,39.885655677106115,53.46942483083492,-13.583769153728802,51.12626131074391,64980.84300000001,65331.25818562969,64630.42781437033,0.01078518435440061,149.40714285714162,0.262210846769631,-0.0046924440017159785,-0.004943225943665253,0.0010681952614098875,1
2026-08-10 00:00:00+00:00,64844.7,65270.06,64768.84,64927.0,5086,65005.748,65082.153000000006,64990.3015,64957.73079999999,65019.60504075959,64991.4043196487,28.200721110893937,48.415684086846724,-20.214962975952787,51.30603540681743,64990.3015,65322.85487428497,64657.748125715036,0.010233938498807108,177.27785714285605,0.20507120780762064,-0.003180665386539827,-0.004285771685811457,0.0011594085382343718,1
2026-08-10 01:00:00+00:00,64927.49,65350.22,64838.83,65144.28,4824,65016.174,65078.89599999999,65009.851,64962.975600000005,65038.78580371965,65002.728444119166,36.05735960048332,45.94401918957405,-9.886659589090726,61.4610009511961,65009.851,65329.45669963286,64690.24530036715,0.009832531369218344,209.1371428571422,0.32278426482283573,0.0008008646203880865,-0.0004997173076023431,0.0016635317980289465,1
2026-08-10 02:00:00+00:00,65146.19,65163.43,64845.54,65037.92,4187,64995.14,65064.422,65021.920999999995,64966.123,65038.65260314739,65005.33522603627,33.31737711111782,43.41869077388281,-10.101313662764987,55.77261527631093,65021.920999999995,65325.43242199252,64718.40957800747,0.009335664567416382,228.32214285714196,0.13864061112601936,-0.0016144459834496194,-0.0022205292020915923,0.0017352376166809666,1
2026-08-10 03:00:00+00:00,65036.61,65121.43,64850.3,64921.48,4010,64975.302,65041.814,65029.346,64967.107,65020.62604881702,64999.12372781136,21.502321005660633,39.035416820238375,-17.53309581457774,38.1705619810914,65029.346,65313.88821075437,64744.80378924563,0.00875119398415512,224.4035714285705,0.0,-0.0015255148862660661,-0.0034702757862303812,0.0018044685799222706,1
2026-08-10 04:00:00+00:00,64921.48,65047.77,64861.15,64950.36,3730,64996.208,65021.69499999999,65038.6805,64968.49659999999,65009.81588746056,64995.51159982533,14.304287635226501,34.089190983236,-19.7849033480095,37.59493916143537,65038.6805,65297.62275102774,64779.738248972266,0.007962715388352208,226.2649999999989,0.0,0.0016119772080949168,-0.003088030906402084,0.0018181160942523518,0
2026-08-10 05:00:00+00:00,64948.0,65104.63,64921.99,65083.4,3690,65027.488,65016.617999999995,65051.5535,64970.5012,65021.136520158936,65002.02185169012,19.11466846881376,31.094286480351553,-11.979618011537791,45.88568862433641,65051.5535,65290.81539361837,64812.29160638163,0.007356070093495052,234.1071428571418,0.17623026970456848,0.0024088591803101966,-0.0007794679812453964,0.001965349273087799,0
2026-08-10 06:00:00+00:00,65084.18,65283.28,65062.46,65243.95,3947,65047.422,65031.79800000001,65068.5585,64975.993599999994,65055.41551705756,65019.942455268625,35.47306178893632,31.970041542068508,3.5030202468678127,52.37482660549724,65068.5585,65311.92800207013,64825.188997929865,0.007480402445679947,242.9028571428566,0.3264060065756801,0.0015299885116544232,0.002332078445711039,0.002106564337944649,0
2026-08-10 07:00:00+00:00,65243.93,65323.93,65138.7,65153.27,3697,65070.492000000006,65032.81599999999,65081.539000000004,64979.9252,65070.47005289486,65029.81856969317,40.65148320169101,33.70632987399301,6.945153327697994,50.21211153128921,65081.539000000004,65313.03440378746,64850.04359621255,0.007114011356967322,252.37357142857113,0.2786435866381123,0.0017735807049179542,0.00015627137122287138,0.0021552705411390315,0
2026-08-10 08:00:00+00:00,65153.24,65276.02,65131.54,65187.6,3587,65123.716,65049.509000000005,65095.911,64984.3116,65088.490044757185,65041.50608304922,46.98396170796332,36.36185624078708,10.62210546717624,51.30964230962037,65095.911,65315.370904396885,64876.451095603115,0.006742663280244581,259.389285714285,0.3220999300597157,0.0040991055656771636,0.002567337432850314,0.0020517897468235857,0
2026-08-10 09:00:00+00:00,65187.39,65189.52,64895.57,64914.66,3708,65116.576,65056.39199999999,65083.2455,64984.04980000001,65061.74696094839,65032.110076897436,29.636884050953086,35.01686180282028,-5.3799777518671945,43.274362855339554,65083.2455,65314.13563723547,64852.35536276452,0.007095225060203059,277.4907142857134,0.14003357000781025,-0.0005496505331147317,0.0010614406508484553,0.0023270956130322833,0
2026-08-10 10:00:00+00:00,64911.17,65020.72,64902.42,64951.83,3558,65090.262,65058.875,65070.514,64984.0168,65044.83665926402,65026.16340453466,18.673254729365,31.748140388129222,-13.074885658764224,45.68787491395411,65070.514,65300.87760836495,64840.150391635056,0.007080429958335572,277.0657142857136,0.19954184550193255,-0.002021560029131897,0.00038242949774369706,0.002299774838523473,0
2026-08-10 11:00:00+00:00,64951.89,65077.63,64911.95,65070.98,3611,65055.668000000005,65051.545000000006,65065.220499999996,64986.238,65048.85871168494,65029.483152346904,19.37555933803378,29.27362417811014,-9.898064840076358,47.87317504792821,65065.220499999996,65290.09593297747,64840.34506702252,0.0069123083346032685,278.4221428571421,0.35340021304404856,-0.0026511270393652087,-0.0011251947216239788,0.0020992268577682068,0
2026-08-10 12:00:00+00:00,65071.12,65196.89,64780.82,64814.58,4004,64987.93000000001,65029.210999999996,65046.8165,64983.2012,65012.81583296418,65013.5644003212,-0.7485673570190556,23.2691858710843,-24.017753228103356,44.366755410746634,65046.8165,65290.670227275725,64802.96277272428,0.007497791295465596,270.3757142857134,0.28374250887878816,-0.005198357657259511,-0.00343399665917965,0.0023916118013494014,0
2026-08-10 13:00:00+00:00,64814.75,64916.1,64443.88,64499.71,5285,64850.352,64987.03400000001,65014.424,64974.7126,64933.876474046614,64975.501111408514,-41.62463736189966,10.290421224487506,-51.91505858638716,41.21192732295368,65014.424,65354.902867071105,64673.94513292889,0.010473948583197659,284.83142857142803,0.15155362427893113,-0.010552467033607571,-0.006496617144279626,0.0027656189874876915,0
2026-08-10 14:00:00+00:00,64498.32,64828.81,64465.38,64570.78,5049,64781.576,64949.076,64985.38550000001,64966.9956,64878.01547803944,64945.521769822706,-67.50629178326926,-5.268921377063852,-62.23737040620541,40.90885889871162,64985.38550000001,65372.493427040754,64598.27757295927,0.011913691795849779,274.9892857142851,0.13885490477880766,-0.005297416639015062,-0.005844155444250099,0.0028020339171663093,0
2026-08-10 15:00:00+00:00,64570.75,64659.57,64129.08,64234.45,5180,64638.1,64864.181000000004,64940.3995,64952.346399999995,64779.00540449491,64892.849786872874,-113.84438237796712,-26.98401357724451,-86.86036880072261,28.1102487236611,64940.3995,65445.758589193385,64435.040410806614,0.015563781346721942,276.3535714285707,0.0,-0.011044800431335156,-0.01304403273338528,0.002979144540078715,0
2026-08-10 16:00:00+00:00,64234.9,64301.72,63754.26,63838.07,4811,64391.518000000004,64723.59299999999,64877.69550000001,64927.435,64634.24611149569,64814.71795080821,-180.4718393125222,-57.68157872430006,-122.79026058822214,24.667789868382627,64877.69550000001,65577.55388761462,64177.8371123854,0.021574699354560384,292.7514285714278,0.0,-0.018947155859647458,-0.02154805158179418,0.0030150071873350564,1
2026-08-10 17:00:00+00:00,63843.27,63961.04,63755.94,63884.74,4124,64205.55,64596.740000000005,64814.778000000006,64904.465,64518.93747895789,64745.83069519279,-226.89321623490105,-91.52390622642027,-135.3693100084808,27.447073257746297,64814.778000000006,65630.79045102971,63998.765548970296,0.02517982707677272,288.03499999999934,0.10030965836309318,-0.014346154831212377,-0.019469936044652858,0.0031478066365956685,1
2026-08-10 18:00:00+00:00,63884.53,63952.63,63733.1,63820.31,4048,64069.67,64460.011,64754.759999999995,64879.995,64411.456328348984,64677.27360665998,-265.8172783109985,-126.38258064333596,-139.43469766766256,25.791663274793052,64754.759999999995,65676.70809786535,63832.811902134636,0.028475068021728726,290.38571428571385,0.040562742853727775,-0.010533380692719363,-0.020974694573814623,0.0030489269513549284,1
2026-08-10 19:00:00+00:00,63820.28,64034.18,63805.82,63970.81,4017,63949.676,64365.626000000004,64711.009,64857.942800000004,64343.664585526065,64624.94296912961,-281.2783836035451,-157.36174123537782,-123.91664236816726,26.342670754889355,64711.009,65695.67514802638,63726.342851973626,0.030432724299705345,293.65142857142826,0.06044965769497526,-0.009291664124236987,-0.01453985894711618,0.0032501996248205448,0
2026-08-10 20:00:00+00:00,63970.95,64154.38,63942.04,64097.8,3610,63922.346,64280.223,64669.549,64839.971,64305.8392646759,64585.89534178667,-280.0560771107703,-181.90060841045633,-98.15546870031395,25.27621866250216,64669.549,65685.2613290607,63653.83667093931,0.03141238325508329,293.0457142857137,0.022837330679584766,-0.002127363120568382,-0.01314866725079189,0.0033765327372525062,0
2026-08-10 21:00:00+00:00,64097.81,64098.64,63904.45,63915.62,3642,63937.85599999999,64164.687,64608.115999999995,64817.7384,64245.80553164884,64536.24531646915,-290.439784820308,-203.60844369242668,-86.8313411278813,24.31632640355953,64608.115999999995,65651.188277667,63565.043722333,0.03228920272700716,293.6857142857137,0.0,0.001214792364493622,-0.017755380355421124,0.003211282971175733,1
2026-08-10 22:00:00+00:00,63912.24,64000.08,63867.49,63961.15,3430,63953.138,64079.344000000005,64554.277500000004,64796.4122,64202.012372933634,64493.64566339736,-291.6332904637238,-221.21341304668613,-70.4198774170377,24.666509681443998,64554.277500000004,65614.94866618354,63493.60633381647,0.03286137517946928,292.8364285714285,0.014865455187559407,0.0011960602798102293,-0.0131672534173638,0.0032013867035773093,1
2026-08-10 23:00:00+00:00,63961.16,63961.16,63841.44,63910.95,3372,63971.266,64020.46799999999,64503.751000000004,64775.2228,64157.23354632846,64450.483021664215,-293.24947533575323,-235.62062550449954,-57.62884983125369,27.166301919585734,64503.751000000004,65586.81049055415,63420.69150944586,0.03358128709613019,280.3914285714288,0.1209828852339042,0.0014202375388023825,-0.0091281030565874,0.00295050750306388,1
2026-08-11 00:00:00+00:00,63911.66,63999.6,63823.4,63967.67,3760,63970.638,63960.15700000001,64454.61649999999,64756.648799999995,64128.069923816394,64414.719094133536,-286.6491703171414,-245.82633446702792,-40.82283585011348,27.808444047586875,64454.61649999999,65541.52172447929,63367.71127552068,0.03372621802751094,284.5271428571427,0.14824213954642532,-4.908488731025784e-05,-0.009340292931260818,0.0029349818406209562,0
2026-08-11 01:00:00+00:00,63967.99,64016.7,63888.03,63994.52,3646,63949.982,63936.16399999999,64400.1725,64738.3368,64107.5237816908,64383.59323530883,-276.0694536180308,-251.87495829722852,-24.194495320802304,24.672959644631803,64400.1725,65463.28720985488,63337.05779014512,0.033015896342665316,281.8835714285711,0.017786813486268014,-0.0016112877509056878,-0.0037352230773362027,0.0025368334127161742,0
2026-08-11 02:00:00+00:00,63993.0,64025.45,63956.19,63977.79,3330,63962.416000000005,63950.136,64336.8645,64719.4478,64087.56473835375,64353.53373639706,-265.9689980433104,-254.6937662464449,-11.275231796865512,27.809276300087532,64336.8645,65337.369599752004,63336.359400248,0.031102078334949042,257.1114285714279,0.20673723966206123,0.0009726886792305045,0.002188662658504592,0.001520398494217714,1
2026-08-11 03:00:00+00:00,63977.71,64118.08,63977.71,64074.52,3347,63985.08999999999,63969.114,64282.927,64704.69639999999,64085.5578555301,64332.866052219506,-247.3081966894024,-253.21665233503646,5.908455645634064,37.249221800384966,64282.927,65211.867684482924,63353.98631551708,0.028901629961029025,233.40785714285656,0.7794407153052827,0.0017724822020865894,0.002970662477455477,0.0015688603763523569,0
2026-08-11 04:00:00+00:00,64074.88,64094.93,63958.96,63962.51,3129,63995.402,63983.333999999995,64221.6725,64688.7648,64066.62741621778,64305.43227057361,-238.8048543558325,-250.3342927391957,11.529438383363185,32.196107127176944,64221.6725,65056.205186020125,63387.13981397988,0.02598912963595347,217.16071428571377,0.6092820270927647,0.0008067475135324909,0.002228130825437935,0.0016524881882015571,1
2026-08-11 05:00:00+00:00,63962.09,63994.0,63888.81,63926.5,3273,63987.16799999999,63978.903000000006,64172.264500000005,64672.5214,64045.06935218428,64277.363213494085,-232.29386130980856,-246.72620645331827,14.432345143509707,39.06373186166931,64172.264500000005,64949.05749409961,63395.4715059004,0.024209617664329226,186.78214285714265,0.9999999999932191,-0.0006436063717811802,-0.0006926596677453434,0.0014827408352270344,1
2026-08-11 06:00:00+00:00,63926.45,63988.63,63777.93,63901.69,3456,63968.602,63959.291999999994,64119.75749999999,64655.7986,64023.01099030977,64249.53556805007,-226.52457774030336,-242.6858807107153,16.161302970411953,53.06939673472553,64119.75749999999,64812.05093181999,63427.464068179994,0.021593763258384087,162.72785714285678,0.9999999999965222,-0.001450592957021879,-0.003059543385264374,0.0012956849962354312,1
2026-08-11 07:00:00+00:00,63901.66,64043.37,63831.19,63994.99,3561,63972.041999999994,63967.22900000001,64065.958,64640.6326,64018.70006872365,64230.680340787105,-211.98027206345432,-236.5447589812631,24.56448691780878,55.09007470059746,64065.958,64594.98658152119,63536.92941847881,0.016515122790209117,163.2335714285712,0.9999999999967505,0.0002688432970254784,0.0012417934770874162,0.0010510056815462314,1
2026-08-11 08:00:00+00:00,64000.95,64089.2,63966.89,64073.92,3390,63971.922,63978.505999999994,64028.925,64626.18059999999,64027.19544276616,64219.068463691765,-191.87302092560276,-227.61041137013106,35.7373904445283,61.55409160903528,64028.925,64424.05003633123,63633.799963668775,0.012342079344022356,156.2892857142854,0.9999999999973145,-9.364096679953526e-06,0.0017631015077119727,0.001095359156449011,1
2026-08-11 09:00:00+00:00,64072.92,64244.85,64059.69,64244.85,3413,64028.39,64011.89599999999,64016.18199999999,64615.617999999995,64060.68075926367,64220.978207121996,-160.29744785832736,-214.14781866777034,53.85037080944298,62.25669099756705,64016.18199999999,64360.5579975482,63671.80600245178,0.01075902956999872,153.2035714285708,0.9999999999973642,0.004414148225265091,0.005224456841902647,0.0012861105339137735,0
2026-08-11 10:00:00+00:00,64244.0,64255.82,64136.08,64166.23,3575,64076.335999999996,64031.752,63995.95449999999,64603.6692,64076.91910399233,64216.92278437221,-140.00368037987937,-199.31899101019215,59.31531063031278,53.199008928988896,63995.95449999999,64234.404696538826,63757.50430346116,0.0074520396922537835,146.58928571428518,0.7612652865733164,0.003750087991678086,0.0031040680393705777,0.0013886415041298365,0
2026-08-11 11:00:00+00:00,64165.53,64353.69,64165.53,64324.06,3529,64160.81,64064.70599999999,64000.435,64593.6316,64114.9407803012,64224.85887441872,-109.91809411752183,-181.4388116316581,71.52071751413627,69.538844240337,64000.435,64260.17149606546,63740.69850393454,0.00811671033378006,146.15857142857098,0.9999999999977714,0.006609684344811573,0.005149503426230995,0.0015472031361481262,0
2026-08-11 12:00:00+00:00,64325.87,64435.59,64225.02,64265.66,3785,64214.943999999996,64093.493,64021.81449999999,64580.8678,64138.12835256255,64227.88118001734,-89.7528274547949,-163.10161479628547,73.34878734149058,64.38987968659968,64021.81449999999,64295.30643083057,63748.32256916942,0.008543710701313415,151.7285714285707,0.885236531047496,0.004229549844448899,0.004499530227599413,0.001595979192444704,0
2026-08-11 13:00:00+00:00,64267.37,64318.73,63980.39,64141.21,5138,64228.402,64100.162,64034.638,64565.8188,64138.602452168314,64221.461092608646,-82.85864044033224,-147.05301992509484,64.1943794847626,60.16762046064752,64034.638,64305.10221921728,63764.173780782716,0.008447434940360973,167.34428571428518,0.7911280728282875,0.0010501932767652544,0.0010408193459741089,0.0017095856087815508,0
2026-08-11 14:00:00+00:00,64141.22,64206.68,63641.8,63715.72,5599,64122.576,64075.48299999999,64029.408500000005,64542.13,64073.543613373186,64183.998789452446,-110.45517607926013,-139.7334511559279,29.278275076667768,41.60776502408241,64029.408500000005,64320.57385061709,63738.24314938292,0.009094738103572647,195.10714285714235,0.37745395041278096,-0.008236146554937873,-0.0038583539013713475,0.0027058780996171697,0
2026-08-11 15:00:00+00:00,63715.71,63814.91,63389.57,63548.76,5570,63999.08200000001,64037.708999999995,64008.306000000004,64509.745800000004,63992.80767285424,64136.94406430782,-144.1363914535832,-140.61403921545897,-3.5223522381242276,36.419692907628466,64008.306000000004,64369.99061919621,63646.6213808038,0.011301177668917002,216.29785714285703,0.2063385036684093,-0.009622974577125687,-0.005908973586853605,0.0027977246776009906,1
2026-08-11 16:00:00+00:00,63548.4,63599.66,63385.94,63446.35,4231,63823.54,63992.175,63975.733499999995,64474.543600000005,63908.73726164589,64085.78894843316,-177.05168678727205,-147.9015687298216,-29.15011805745044,34.612711942925685,63975.733499999995,64412.93534249854,63538.53165750145,0.013667739893862838,226.6164285714289,0.0647141854765281,-0.013645127499725573,-0.0071256331405320505,0.0028146642632152882,1
2026-08-11 17:00:00+00:00,63442.28,63567.07,63392.58,63535.38,3731,63677.484,63946.214,63956.72150000001,64441.7142,63851.29768293114,64045.017915215896,-193.72023228475882,-157.06530144080907,-36.65493084394976,34.31985016112314,63956.72150000001,64435.97735779569,63477.465642204326,0.014986880082515818,229.05357142857142,0.056871648896675994,-0.011363456004342076,-0.007181968463468746,0.0028098469337543763,1
2026-08-11 18:00:00+00:00,63536.42,63567.77,63176.16,63308.7,4162,63510.982,63869.692,63924.099,64404.235,63767.82111632635,63990.47584742212,-222.6547310957758,-170.18318737180243,-52.471543723973355,32.17384191727757,63924.099,64484.105963222566,63364.09203677744,0.017520996681472636,247.31357142857087,0.0,-0.012979331072800138,-0.011942768602264398,0.002849469724857826,1
2026-08-11 19:00:00+00:00,63309.04,63474.31,63162.28,63461.16,3987,63460.06999999999,63791.323,63901.6095,64370.507000000005,63720.642483045376,63951.2672661316,-230.62478308622667,-182.2715065146873,-48.35327657153937,38.07004050658874,63901.6095,64498.736148629076,63304.48285137092,0.018688939239600123,262.0878571428563,0.15780003272357915,-0.003995246385036455,-0.01219848750522412,0.002811288373875306,1
2026-08-11 20:00:00+00:00,63461.99,63696.12,63461.71,63678.94,3880,63486.10600000001,63742.594000000005,63887.172999999995,64341.0548,63714.226716423014,63931.09487604778,-216.86815962476248,-189.19083713670236,-27.677322488060128,44.80350119210363,63887.172999999995,64491.49264003273,63282.85335996726,0.018918340306988888,263.8207142857136,0.3380077208505349,0.0020485057458241585,-0.007594181550014678,0.003173314933933692,1
2026-08-11 21:00:00+00:00,63685.48,63719.5,63549.65,63600.3,3478,63516.89599999999,63670.21800000001,63867.462,64310.377400000005,63696.69952928101,63906.5915518961,-209.89202261508763,-193.33107423237942,-16.560948382708204,40.728926388582316,63867.462,64482.65779238758,63252.26620761242,0.019264764032351295,260.7971428571421,0.2289598270947294,0.0024264595205241157,-0.011251777328731949,0.0029653918263018806,1
2026-08-11 22:00:00+00:00,63600.38,63711.67,63555.91,63598.13,3521,63529.445999999996,63603.465000000004,63848.47900000001,64280.497,63681.534986314706,63883.742548051945,-202.2075617372393,-195.1063717333514,-7.1011900038878935,38.405828886127125,63848.47900000001,64472.7045364975,63224.253463502515,0.019553340855543062,263.1864285714276,0.16678674110470665,0.0009876386983127539,-0.010387040294925876,0.0029853697173601464,1
2026-08-11 23:00:00+00:00,63600.17,63603.1,63481.69,63534.53,3470,63574.612,63542.797,63821.4795,64248.3258,63658.918834573975,63857.87495189995,-198.95611732597172,-195.8763208518755,-3.079796474096213,31.735338283998075,63821.4795,64451.22685166095,63191.732148339055,0.019734652239171174,258.63285714285615,0.0,0.0035671242657011604,-0.00945850569392126,0.002968750136679674,1
2026-08-12 00:00:00+00:00,63534.34,63686.37,63459.86,63676.92,3721,63617.764,63538.917,63807.2,64221.45079999999,63661.68824463952,63844.47088138884,-182.78263674932532,-193.2575840313655,10.474947282040176,37.81774544512982,63807.2,64436.4339482249,63177.966051775096,0.019722976348277337,266.259285714285,0.1608953192897114,0.0033998748210715135,-0.0006089549015534379,0.0023393356367556162,1
2026-08-12 01:00:00+00:00,63677.72,63798.22,63626.39,63768.44,3620,63635.664000000004,63560.884999999995,63799.297,64199.903000000006,63678.11159161805,63838.838964248935,-160.72737263088493,-186.7515417512694,26.02416912038447,35.69449736866517,63799.297,64426.188019994916,63172.40598000508,0.019651972654022094,265.0928571428563,0.12124375093320218,0.0014054882194960427,0.0034568731160136146,0.0021929070218744263,0
2026-08-12 02:00:00+00:00,63768.43,63856.37,63662.1,63690.57,3656,63653.71800000001,63585.30700000001,63788.741,64175.1744,63680.02826983066,63827.85607800826,-147.82780817760067,-178.96679503653567,31.138986858935,35.34018200820826,63788.741,64415.482333091255,63161.99966690875,0.019650531528479395,263.92857142857093,0.12678699872914362,0.0014193329276748212,0.003849236402094114,0.0021573477612717527,1
2026-08-12 03:00:00+00:00,63689.09,63785.75,63638.49,63759.54,3610,63686.0,63607.72300000001,63776.9685,64147.4796,63692.26084370287,63822.79562778543,-130.53478408256342,-169.28039284574123,38.74560876317781,39.98751291993065,63776.9685,64396.197992641966,63157.73900735804,0.019418592862154103,250.27999999999935,0.6314716685044537,0.0025379677043964044,0.0035281129978290693,0.002142900533790634,0
2026-08-12 04:00:00+00:00,63760.39,63833.06,63669.21,63712.83,3517,63721.659999999996,63648.136,63758.91399999999,64120.9778,63695.42532928704,63814.65002572725,-119.22469644020748,-159.26925356463448,40.044557124427,49.90538177960831,63758.91399999999,64362.54839371746,63155.27960628252,0.018934901987743016,221.63499999999945,0.9999999999944965,0.002806347981168633,0.006383482838851595,0.0017101961046593333,1
2026-08-12 05:00:00+00:00,63712.46,63808.84,63658.63,63779.39,3270,63742.154,63679.958999999995,63735.641,64098.136,63708.34297093519,63812.03817196968,-103.69520103449031,-148.15444305860566,44.459242024115355,58.08212841413224,63735.641,64294.6309925615,63176.65100743851,0.01754089183982618,201.98285714285626,0.9999999999962046,0.001609217279981534,0.005014563238364911,0.0016044508371790948,1
2026-08-12 06:00:00+00:00,63779.21,63779.21,63531.55,63647.31,3607,63717.928,63676.795999999995,63709.69500000001,64072.075,63698.95328309901,63799.836085157105,-100.8828020580986,-138.70011485850426,37.81731280040566,56.898919297474606,63709.69500000001,64231.46590885266,63187.92409114735,0.016379639200992988,204.41999999999877,0.955090957535664,-0.0018995289833028117,-0.0004967105294152452,0.0014209319995927947,1
2026-08-12 07:00:00+00:00,63648.06,63776.12,63566.65,63756.87,3545,63731.188,63692.452999999994,63681.3355,64045.54439999999,63707.86354723762,63796.6534121825,-88.78986494488345,-128.7180648757801,39.92819993089665,57.49801962098601,63681.3355,64117.070593083976,63245.600406916026,0.01368486039630795,206.91857142857043,0.9778299826901516,0.0010409704293743438,0.0024617808406564023,0.0014538771698785118,1
2026-08-12 08:00:00+00:00,63757.15,63804.46,63704.73,63727.86,3623,63724.852,63705.426,63654.44550000001,64015.2226,63710.93992458568,63791.55760387269,-80.6176792870101,-119.0979877580261,38.48030847101599,66.38214051214695,63654.44550000001,63994.14414499,63314.74685501002,0.01067321040413406,186.0699999999992,0.9999999999971136,-0.0004968668218120476,0.0020398398506371596,0.0014689294573393932,1
2026-08-12 09:00:00+00:00,63727.85,64048.14,63693.81,64047.03,4120,63791.691999999995,63756.676,63649.7365,63993.0978,63762.646090034024,63810.48148506731,-47.83539503328211,-104.8454692130773,57.01007417979518,70.25787846725136,63649.7365,63962.57292009275,63336.900079907246,0.009829936062429843,189.09142857142797,0.9999999999974041,0.0052454113245321565,0.008066479755181932,0.0020394007319296916,0
2026-08-12 10:00:00+00:00,64050.04,64159.49,63995.6,64082.31,3878,63852.276,63797.215000000004,63668.06599999999,63970.992,63811.82515310571,63830.61693061788,-18.791777512167755,-87.63473087289539,68.84295336072763,65.96202701954013,63668.06599999999,64035.39292207156,63300.739077928425,0.011538812002600065,184.01499999999942,0.8884847305664544,0.004749496663420505,0.006366356915504134,0.0019762707336257266,0
2026-08-12 11:00:00+00:00,64083.01,64194.74,64048.68,64180.17,3623,63958.848,63838.388,63699.6365,63956.3022,63868.49359108945,63856.509750572106,11.983840517343197,-67.71101659484768,79.69485711219087,72.60261157669026,63699.6365,64127.35892037844,63271.91407962156,0.013429351998843592,182.31571428571365,0.999999999997553,0.008372074169356036,0.006456642188518158,0.001980514807025762,0
2026-08-12 12:00:00+00:00,64178.84,64423.25,63903.77,64068.09,5997,64021.092000000004,63876.14,63730.7235,63938.627400000005,63899.20073092183,63872.18236164084,27.018369280995103,-48.765139419679116,75.78350870067422,66.87274711702769,63730.7235,64171.12322906165,63290.32377093835,0.013820641124893349,208.29571428571424,0.8597933260995623,0.004881356315013408,0.0059274080919671235,0.002041539811293228,0
2026-08-12 13:00:00+00:00,64070.67,64104.92,63762.9,63772.38,5960,64029.996,63877.424,63742.5735,63912.6554,63879.68984924155,63864.789594111884,14.900255129665311,-36.03206050981023,50.93231563947554,57.319497528880916,63742.5735,64173.494022028084,63311.65297797191,0.01352065027710516,224.05357142857142,0.5898519172030753,0.0006985955593048487,0.00020138162853733377,0.0026066848196695134,0
2026-08-12 14:00:00+00:00,63768.68,63866.29,63289.56,63307.79,6805,63882.148,63836.92,63742.528000000006,63882.5196,63791.70525705054,63823.53036491842,-31.825107867880433,-35.19066998142427,3.365562113543838,40.52039836258402,63742.528000000006,64173.64156274397,63311.41443725604,0.01352671681750574,249.0692857142858,0.13901982276387803,-0.011542143328113652,-0.0063572752929040854,0.003491259524976537,1
2026-08-12 15:00:00+00:00,63306.44,63502.95,63242.9,63370.99,5080,63739.884,63796.079999999994,63738.01950000001,63859.9452,63726.97983288892,63790.00885640594,-63.02902351701778,-40.75834068854297,-22.270682828474804,39.64245693586626,63738.01950000001,64183.179624115866,63292.85937588415,0.01396843289477662,255.37071428571394,0.1154587872414385,-0.011100099231753702,-0.006403322452598004,0.0034888139539741188,1
2026-08-12 16:00:00+00:00,63371.01,63510.37,63285.54,63421.82,4291,63588.214,63773.531,63725.1635,63836.96599999999,63680.03216629063,63762.735607783274,-82.70344149264565,-49.147360849363515,-33.55608064328214,42.896262971754226,63725.1635,64191.83863737265,63258.48836262735,0.014646494782948688,257.55357142857093,0.09871938015266397,-0.011815954990458843,-0.0035428048726646733,0.0034758571532336182,0
2026-08-12 17:00:00+00:00,63421.78,63488.8,63337.29,63396.58,3752,63453.912,63737.502,63714.9775,63820.208600000005,63636.42414070745,63735.61297016969,-99.18882946224039,-59.1556545719389,-40.03317489030149,40.179015953416894,63714.9775,64201.5948530054,63228.3601469946,0.015274818326833757,257.8571428571423,0.016279020028760246,-0.010481192743532652,-0.005650998864906609,0.003399336508629805,0
2026-08-12 18:00:00+00:00,63396.13,63455.7,63298.42,63310.36,3543,63361.50800000001,63695.75199999999,63700.589,63809.65439999999,63586.26042675246,63704.11275015712,-117.85232340465882,-70.89498833848289,-46.95733506617593,39.33792168020384,63700.589,64217.80920833508,63183.36879166492,0.016239102854608722,257.38785714285666,0.0,-0.007244829187808222,-0.006551294834001964,0.003408226590592552,1
2026-08-12 19:00:00+00:00,63310.27,63391.83,63230.17,63344.94,3812,63368.938,63625.543000000005,63691.1095,63798.8584,63549.13420725208,63677.50736125658,-128.3731540045046,-82.39062147168724,-45.98253253281737,38.292345088147734,63691.1095,64227.73010201114,63154.48889798886,0.016850722376288395,258.2057142857141,0.0,0.0005868156193733487,-0.010962100818726395,0.0028274620837224233,1
2026-08-12 20:00:00+00:00,63342.84,63534.6,63336.64,63532.58,3641,63401.25600000001,63570.56999999999,63683.8925,63793.1038,63546.58740613637,63666.772001163496,-120.18459502712358,-89.94941618277451,-30.235178844349065,46.998121372915435,63683.8925,64225.17878354247,63142.606216457534,0.016999158257874,254.64285714285714,0.2537367725677534,0.0025499049328407963,-0.008578498496698894,0.0030756412654193398,0
2026-08-12 21:00:00+00:00,63532.38,63592.03,63353.83,63405.75,3862,63398.042,63493.128000000004,63665.75800000001,63781.802599999995,63524.92011288462,63647.437038114345,-122.51692522972735,-96.46291799216509,-26.05400723756226,40.89532423349783,63665.75800000001,64219.28150063042,63112.234499369595,0.01738842096658658,256.6949999999997,0.07586589705479968,-0.0002533828262891724,-0.012066343856677153,0.0029722679675325573,1
2026-08-12 22:00:00+00:00,63400.08,63471.65,63291.77,63361.13,3818,63390.952000000005,63422.43199999999,63649.286,63767.069200000005,63499.72163397929,63626.22910936514,-126.50747538584983,-102.47182947090204,-24.035645914947793,40.5669161715152,63649.286,64219.06902604877,63079.50297395123,0.01790383087875544,262.42000000000036,0.06629418294143542,-0.0005591784288679902,-0.011034510315509616,0.0029696200557984952,1
2026-08-12 23:00:00+00:00,63360.31,63414.26,63296.1,63405.78,3525,63410.036,63385.772,63631.598,63756.8724,63485.26907490555,63609.89954570846,-124.6304708029129,-106.90355773730423,-17.72691306560867,30.7931924784195,63631.598,64208.88425213841,63054.31174786159,0.018144641036310565,245.55071428571475,0.0,0.0015071782880400342,-0.0057485701490206376,0.002738372096894442,1
2026-08-13 00:00:00+00:00,63404.81,63648.01,63386.49,63489.53,3884,63438.954000000005,63403.94600000001,63620.433000000005,63747.44,63485.92460184316,63600.9832830634,-115.05868122023821,-108.53458243389105,-6.524098786347167,32.745954127372286,63620.433000000005,64199.73816721383,63041.12783278618,0.018211292815747557,252.5242857142865,0.04670626119818255,0.0022825816868718984,0.0028707367608313827,0.0014381798839697103,1
2026-08-13 01:00:00+00:00,63486.75,63569.56,63305.1,63384.05,3893,63409.248,63405.252,63600.666000000005,63736.902,63470.25158617498,63584.91415098463,-114.6625648096524,-109.7601789090433,-4.90238590060909,26.92967509360051,63600.666000000005,64184.09843394911,63017.2335660509,0.01834673976367187,260.9814285714295,0.0,-0.002337855632495889,0.00020608799073529305,0.001534834921645204,1
2026-08-13 02:00:00+00:00,63382.22,63507.33,63300.05,63472.21,3696,63422.53999999999,63410.29099999999,63591.911,63726.9928,63470.552880609604,63576.565695356134,-106.01281474652933,-109.0107060765405,2.9978913300111714,32.489568028210414,63591.911,64177.64687623611,63006.17512376389,0.018421710152289994,238.68142857142917,0.1829524653009151,0.0010481699214976992,0.0007945215069513623,0.0015787646495233891,1
2026-08-13 03:00:00+00:00,63469.81,63622.15,63434.42,63574.59,3549,63465.232,63428.092000000004,63582.797,63718.5942,63486.55859128505,63576.41934755198,-89.86075626692764,-105.18071611461794,15.3199598476903,43.442715343760916,63582.797,64163.375332320975,63002.21866767902,0.018262119935396243,227.66071428571533,0.8228360093376311,0.003368942441525302,0.0028078801727158265,0.001638003310180105,1
2026-08-13 04:00:00+00:00,63574.14,63718.2,63517.68,63627.74,3471,63509.623999999996,63459.83,63577.79099999999,63711.5932,63508.27880801043,63580.22087736294,-71.94206935250986,-98.53298676219633,26.59091740968647,64.58654363425813,63577.79099999999,64154.81851888638,63000.7634811136,0.018151858056420642,200.788571428572,0.9999999999973443,0.003500627229883424,0.005013081587278867,0.0015375868611994118,1
2026-08-13 05:00:00+00:00,63627.02,63943.65,63595.27,63805.55,3833,63572.828,63505.89099999999,63565.71699999999,63706.2138,63554.01283754729,63596.9119234842,-42.899085936907795,-87.40620659713863,44.50712066023084,67.93716049994237,63565.71699999999,64110.614265413686,63020.81973458629,0.017144375651853217,207.09785714285837,0.9999999999975614,0.004977513615237017,0.007271456883533256,0.0017006280613567925,0
2026-08-13 06:00:00+00:00,63806.23,63880.91,63686.71,63880.91,3636,63672.2,63540.724,63555.64700000001,63704.58180000001,63604.30470869387,63617.94881804093,-13.644109347063932,-72.6537871471237,59.00967780005976,68.57355547104481,63555.64700000001,64066.74223129778,63044.551768702244,0.016083393228544043,204.91000000000142,0.9999999999975987,0.007838880601665599,0.005482698798002561,0.0015245694995672735,0
2026-08-13 07:00:00+00:00,63878.98,63879.75,63784.13,63804.81,3319,63738.719999999994,63580.630000000005,63536.87899999999,63702.14800000001,63635.15167658711,63631.79038707494,3.3612895121696056,-57.45077181526503,60.812061327434634,65.86307927848082,63536.87899999999,63973.56401474118,63100.193985258804,0.013745875517152478,201.000714285716,0.9349129771747793,0.0052400885363845795,0.006293750961072098,0.0013906710050114166,0
2026-08-13 08:00:00+00:00,63804.82,63853.35,63672.17,63708.9,3329,63765.58200000001,63615.40700000001,63518.9195,63698.292199999996,63646.497572496795,63637.502210254584,8.995362242210831,-44.16154500376985,53.15690724598068,65.37079033029417,63518.9195,63887.91551626366,63149.92348373635,0.01161846011135804,202.70785714285896,0.9230915776384355,0.0021126365109078726,0.0054886963032383385,0.0014948418146033043,0
2026-08-13 09:00:00+00:00,63708.75,63727.92,63517.14,63715.5,3578,63783.134000000005,63646.379,63516.0755,63692.7024,63657.11333057421,63643.2798243098,13.833506264410971,-32.562534750133686,46.39604101454466,64.60691873482375,63516.0755,63877.64828841709,63154.50271158291,0.011385237062295888,206.21642857143004,0.9047486281211201,0.0013792726254304721,0.00488472817462382,0.0014999410997875483,1
2026-08-13 10:00:00+00:00,63715.4,63757.5,63501.27,63580.88,3546,63738.2,63655.51399999999,63529.729999999996,63682.8416,63645.38512587048,63638.65761510167,6.727510768811044,-24.704525646344738,31.432036415155782,51.98696746803555,63529.729999999996,63878.586342803515,63180.87365719648,0.010982459481679507,210.3785714285732,0.6017040714569607,-0.0035211670458135114,0.0014388199125114909,0.0016714231934515777,0
2026-08-13 11:00:00+00:00,63581.15,63597.1,63275.01,63419.08,3748,63645.833999999995,63659.01700000001,63532.1345,63666.3262,63610.56895265964,63622.39260657562,-11.823653915977047,-22.128351300271202,10.304697384294155,50.5330336934877,63532.1345,63877.024400078786,63187.244599921214,0.010857179686880693,216.37071428571602,0.5667905676872242,-0.007229546354302063,0.0005526626966878556,0.0017961970445468484,0
2026-08-13 12:00:00+00:00,63417.61,63646.06,63367.43,63622.68,4089,63609.407999999996,63674.06399999999,63542.177500000005,63655.455200000004,63612.432190712,63622.41389497743,-9.981704265424924,-19.699021893301946,9.717317627877023,59.27896861718369,63542.177500000005,63885.23493473951,63199.120065260504,0.010797786548611788,223.42428571428692,0.7768078582087885,-0.002854486989303795,0.0023706437825310456,0.002024064898693822,0
2026-08-13 13:00:00+00:00,63627.19,63783.31,63475.68,63652.84,5251,63598.195999999996,63681.889,63554.9905,63642.0308,63618.6487767563,63624.66768053465,-6.01890377834934,-16.962998270311424,10.944094491962083,58.855958935535654,63554.9905,63894.27271889834,63215.70828110166,0.010676808106779307,236.9578571428579,0.7666500708505254,-0.0008799398514179879,0.001230837666432505,0.0019694455525096255,0
2026-08-13 14:00:00+00:00,63654.3,63940.84,63606.72,63788.61,5019,63612.81799999999,63697.976,63578.90299999999,63632.489799999996,63644.796657255334,63636.811556050605,7.98510120472929,-11.97337837530328,19.95847958003257,60.335199391803265,63578.90299999999,63912.96314284,63244.84285715998,0.010508521760434006,242.14357142857156,0.8021712673110085,0.0011474444993762045,0.002528299763593811,0.0020620180673945362,0
2026-08-13 15:00:00+00:00,63788.81,63876.4,63344.63,63349.8,4778,63566.602,63652.401,63579.14599999999,63616.6616,63599.41255613913,63615.5514407876,-16.13888464847696,-12.806479629938018,-3.3324050185389424,49.03804564578734,63579.14599999999,63912.49587741595,63245.79612258403,0.01048613888006485,261.23714285714334,0.45861000377931577,-0.0036344259469197615,-0.007142795571858596,0.0028547288554057744,0
2026-08-13 16:00:00+00:00,63351.13,63506.47,62767.52,63095.59,6381,63501.904,63573.869000000006,63557.2965,63604.259000000005,63521.90139365618,63577.03577850704,-55.134384850854985,-21.272060674121416,-33.862324176733566,40.32461927369131,63557.2965,63954.64035703802,63159.95264296197,0.012503485167529868,299.2135714285723,0.0,-0.005100830854058547,-0.012293500515255795,0.0029429703704827942,1
2026-08-13 17:00:00+00:00,63096.51,63233.02,63001.95,63066.39,4865,63390.64599999999,63500.027,63540.32849999999,63594.611600000004,63451.82271770908,63539.2101652843,-87.38744757521636,-34.49513805434041,-52.89230952087595,36.43425337675523,63540.32849999999,63990.40562977542,63090.251370224556,0.014166660462746358,302.3092857142864,0.0,-0.008743580119542238,-0.011573108673154864,0.002953097513709868,1
2026-08-13 18:00:00+00:00,63067.06,63301.94,63031.66,63231.99,4012,63306.476,63452.33600000001,63533.871499999994,63590.3244,63418.00229959999,63516.45311600398,-98.45081640398712,-47.286273724269755,-51.164542679717364,40.03424743773767,63533.871499999994,63998.25143275645,63069.49156724354,0.014618342052599634,307.29214285714363,0.11201220394922247,-0.006611645293438606,-0.007485767294679424,0.003179661436036079,1
2026-08-13 19:00:00+00:00,63231.14,63438.25,63231.14,63345.96,4064,63217.945999999996,63415.382000000005,63530.88049999999,63586.53599999999,63406.9188688923,63503.82399629998,-96.90512740767736,-57.21004446095128,-39.695082946726075,38.042160367589176,63530.88049999999,63999.48555356748,63062.275446432504,0.014752040263867826,297.20142857142906,0.050029306364889344,-0.006939326629001652,-0.005799844621795391,0.003274108594121608,1
2026-08-13 20:00:00+00:00,63344.6,63407.91,63289.99,63346.01,3510,63217.188,63391.895000000004,63523.70449999999,63587.28220000001,63397.548273678105,63492.13407064813,-94.58579697002278,-64.68519496276558,-29.900602007257206,35.515056325823195,63523.70449999999,63999.31892709463,63048.090072905354,0.014974392026983844,291.75285714285775,0.0,-5.982655036007589e-05,-0.003694035062112966,0.003231872903833812,1
2026-08-13 21:00:00+00:00,63345.99,63437.31,63318.63,63398.77,3463,63277.824,63389.864,63524.44049999999,63586.034400000004,63397.736231573785,63485.21821356309,-87.48198198930186,-69.24455236807283,-18.237429621229026,38.863778482331824,63524.44049999999,63999.18975492309,63049.69124507689,0.014946979499114296,293.31714285714304,0.11216345094700846,0.004805090181421612,-0.0003202506248909387,0.003154356531557699,0
2026-08-13 22:00:00+00:00,63399.04,63582.54,63399.04,63458.67,3787,63356.280000000006,63373.463,63523.7635,63581.629,63407.11065748551,63483.25167922508,-76.14102173957508,-70.62384624237329,-5.517175497201791,42.99879689991875,63523.7635,63998.86484729288,63048.66215270712,0.014958224170483304,293.50214285714327,0.25724515223042177,0.006220111853556309,-0.0025778543123301523,0.0029720489309732825,0
2026-08-13 23:00:00+00:00,63458.72,63474.4,63323.13,63415.71,3539,63393.024,63349.75,63515.819500000005,63577.9372,63408.43363325697,63478.248591875075,-69.81495861810254,-70.46206871751914,0.6471100994166079,41.77941329706425,63515.819500000005,63992.65251976085,63038.98648023916,0.015014622294555916,289.25142857142936,0.2523900428197817,0.002905491350185363,-0.0037253640214638395,0.0029629906043007223,0
2026-08-14 00:00:00+00:00,63416.76,63498.42,63333.51,63477.55,3976,63419.34199999999,63318.64399999999,63508.31000000001,63575.52559999999,63419.06692044821,63478.19684432878,-59.12992388056591,-68.1956397501285,9.065715869562595,47.048776726093045,63508.31000000001,63982.444494796946,63034.17550520308,0.01493141589807487,282.72857142857174,0.46469193870329334,0.0020773226895607344,-0.0048764191600976226,0.0028756865691901045,0
2026-08-14 01:00:00+00:00,63476.66,63534.46,63389.67,63507.36,3895,63451.612,63334.4,63493.4005,63574.982200000006,63432.65047114848,63480.357078082205,-47.70660693372338,-64.09783318684748,16.391226253124103,52.72698067513465,63493.4005,63946.46495157571,63040.336048424295,0.014271229702863639,270.0642857142863,0.6934659604292842,0.0025471217524197787,0.002487142816551824,0.0017966616052196944,0
2026-08-14 02:00:00+00:00,63508.03,63556.31,63397.44,63397.44,3737,63451.346,63364.585,63469.22699999999,63569.39260000001,63427.23347558718,63474.215072298335,-46.98159671115718,-60.67458589170942,13.692989180552239,42.614888259364236,63469.22699999999,63885.31853345526,63053.13546654472,0.01311159921501077,261.5100000000005,0.2860512090779959,-2.097832497371943e-05,0.004784011053704518,0.0012598015974111488,0
2026-08-14 03:00:00+00:00,63397.77,63510.21,63236.32,63252.97,3681,63410.206000000006,63383.242999999995,63441.63500000001,63559.083199999994,63400.423710112234,63457.82654842438,-57.40283831214765,-60.02023637579707,2.617398063649418,37.80341249458617,63441.63500000001,63836.68397788088,63046.58602211914,0.012453934325017619,259.10000000000065,0.09219754143521872,-0.0032414798482224283,0.0029584696381068643,0.0015154495213027853,0
2026-08-14 04:00:00+00:00,63252.01,63404.9,63196.26,63296.09,3466,63386.28200000001,63389.65299999999,63420.99449999999,63551.193600000006,63384.37237009496,63445.84606335591,-61.473693260944856,-60.310927752826636,-1.1627655081182198,34.07753682223152,63420.99449999999,63800.061141242135,63041.92785875785,0.01195397972644978,250.13714285714377,0.0,-0.0018862833830923798,0.0010137273870394203,0.0012915972197212757,0
2026-08-14 05:00:00+00:00,63296.07,63332.49,63209.48,63311.14,3477,63353.0,63386.170999999995,63400.7765,63542.2256,63373.10585161881,63435.86783644065,-62.76198482183827,-60.801139166628964,-1.9608456552093045,48.27850310813442,63400.7765,63756.09515136797,63045.45784863203,0.011208652984493602,220.94000000000025,0.7614686206106954,-0.0026215567551047814,-0.0005496798848734219,0.0011497092301638698,0
2026-08-14 06:00:00+00:00,63311.54,63311.54,62868.38,62911.13,3808,63233.754,63342.683,63367.289000000004,63526.1916,63302.03264367746,63396.99836707468,-94.96572339721752,-67.63405601274668,-27.331667384470833,42.73012469850079,63367.289000000004,63773.70648179665,62960.871518203356,0.012827358980014077,199.81214285714304,0.46395956600474914,-0.009388360656150785,-0.006865152201377844,0.0022885075641162827,0
2026-08-14 07:00:00+00:00,62911.1,63045.18,62845.37,62850.71,3656,63124.407999999996,63287.87699999999,63338.8705,63507.61800000001,63232.598390804014,63356.532562106186,-123.93417130217131,-78.89407907063162,-45.04009223153969,41.703849586115616,63338.8705,63805.1212542846,62872.6197457154,0.014722420864281112,197.57928571428576,0.40892976884434157,-0.008623849795827754,-0.008644647206877965,0.002225635653703655,0
2026-08-14 08:00:00+00:00,62850.72,62931.4,62617.21,62864.09,4202,63046.632,63228.41900000001,63300.941000000006,63491.9536,63175.90479221878,63320.055335283505,-144.15054306472302,-91.94537186944991,-52.20517119527311,33.971733788752644,63300.941000000006,63792.70413069392,62809.17786930609,0.015537308701111242,200.71571428571457,0.0,-0.006148011706011647,-0.00936956289818247,0.0021708430090544156,0
2026-08-14 09:00:00+00:00,62865.57,62867.93,62668.55,62724.5,3633,62932.314,63159.297999999995,63254.524,63471.3062,63106.4579011082,63275.9401252625,-169.48222415430064,-107.45274232642008,-62.02948182788056,23.516125732987717,63254.524,63780.493321072856,62728.55467892714,0.01663025149229985,200.1635714285715,0.0,-0.009030415622829135,-0.010899665082989674,0.002204767357237022,0
2026-08-14 10:00:00+00:00,62725.51,62873.79,62666.42,62752.83,3756,62820.652,63086.826,63202.73500000001,63451.80560000001,63052.05360863002,63237.1912270949,-185.13761846488342,-122.98971755411276,-62.14790091077066,25.316255534471637,63202.73500000001,63710.954742297945,62694.51525770207,0.01608220727466737,206.552857142857,0.06162537197363699,-0.008818511244624516,-0.011416949772006024,0.002155874035667935,1
2026-08-14 11:00:00+00:00,62752.83,62865.08,62733.61,62804.86,3709,62799.398,63016.576,63175.488,63426.962199999994,63014.02382268694,63205.16669175454,-191.14286906759662,-136.62034785680953,-54.52252121078709,25.270854325758066,63175.488,63708.34388590092,62642.63211409908,0.01686907067186947,207.46642857142848,0.06007111384585079,-0.0016892082529752495,-0.011061710012823744,0.002188550165215607,1
2026-08-14 12:00:00+00:00,62806.42,62844.82,62639.71,62660.03,3979,62761.262,62942.835,63153.71,63398.516599999995,62959.56323458126,63164.78619606901,-205.22296148775058,-150.34087058299775,-54.88209090475283,18.942882030861014,63153.71,63733.82264978476,62573.59735021524,0.018371451171586218,208.99071428571395,0.0,-0.003033855942120578,-0.0116315422200014,0.0022141028636275865,1
2026-08-14 13:00:00+00:00,62661.39,62747.08,62511.41,62585.18,5644,62705.48,62876.056000000004,63129.6495,63366.616799999996,62901.96581387645,63121.85240376761,-219.88658989116084,-164.25001444463038,-55.63657544653046,18.484423025841366,63129.6495,63762.52833364932,62496.770666350676,0.020050129809427296,215.01928571428496,0.0,-0.004436714187702306,-0.01055744892295174,0.0021798962068118434,1
2026-08-14 14:00:00+00:00,62583.93,62724.33,62446.04,62539.4,5488,62668.46,62800.387,63095.020000000004,63336.043,62846.186457895456,63078.707781266305,-232.52132337084913,-177.90427622987414,-54.61704714097499,13.961385689809802,63095.020000000004,63778.121446544974,62411.918553455034,0.02165310183101518,223.11785714285674,0.0,-0.0029510000079713272,-0.011954766874225475,0.0020988360160283446,1
2026-08-14 15:00:00+00:00,62541.52,63012.56,62535.84,62910.24,4642,62699.942,62760.297,63073.23400000001,63318.800200000005,62856.04084898846,63066.22868635769,-210.1878373692307,-184.36098845774546,-25.82684891148523,31.824158965554815,63073.23400000001,63750.404771227215,62396.06322877281,0.02147252418441723,246.82714285714246,0.5205207960198491,0.0025084127679977364,-0.006332218942827428,0.003076276781890253,0
2026-08-14 16:00:00+00:00,62910.24,63153.5,62880.78,63065.87,4184,62752.14399999999,62775.77099999999,63059.227,63313.961800000005,62888.322256836385,63066.20211699786,-177.87986016147624,-183.06476279849164,5.184902637015398,40.18053342652204,63059.227,63724.11872288443,62394.33527711557,0.021087848821376428,254.95928571428573,0.764025352625782,0.004155888572954458,0.0024596601587032474,0.0024660735061261835,0
2026-08-14 17:00:00+00:00,63071.19,63185.31,62928.4,62954.09,3937,62810.95599999999,62786.10900000001,63036.993,63305.6238,62898.44037116925,63057.89751573876,-159.457144569511,-178.34323915269553,18.88609458318453,40.973883211326,63036.993,63683.56486514905,62390.421134850956,0.020514045305081288,253.74642857142837,0.7871435468240515,0.004692943811230199,0.001644850153641908,0.0025230125078321993,0
2026-08-14 18:00:00+00:00,62954.46,63014.82,62814.21,62851.6,3894,62864.240000000005,62784.86,63006.63949999999,63294.2194,62891.234160220134,63042.61621827663,-151.3820580564934,-172.95100293345513,21.568944876961723,37.041183433332826,63006.63949999999,63626.298907754026,62386.980092245954,0.019669654267278795,253.17285714285703,0.6725447671526059,0.004256918331144721,-0.00019868258651323245,0.002585691780268221,1
2026-08-14 19:00:00+00:00,62851.6,62925.5,62737.31,62891.9,3896,62934.740000000005,62801.6,62980.449,63284.1258,62891.336597109344,63031.452053959845,-140.11545685050078,-166.38389371686426,26.268436866363487,37.954673439601045,62980.449,63570.89969240562,62389.99830759438,0.018750285264102152,257.8285714285718,0.8340055413085542,0.005636446783947369,0.002668813621471644,0.0024704996147748145,1
2026-08-14 20:00:00+00:00,62891.9,62954.52,62817.22,62828.19,3555,62918.33,62809.136,62947.98099999999,63274.4824,62881.62173601559,63016.39560551838,-134.77386950278742,-160.06188887404892,25.2880193712615,47.046212142796264,62947.98099999999,63493.004818730245,62402.95718126974,0.017316641775381263,235.98142857142844,0.9999999999969774,-0.0013042391826830757,0.0012009020150964833,0.002501707328223779,1
2026-08-14 21:00:00+00:00,62829.51,62871.22,62796.97,62860.36,3484,62877.228,62814.686,62915.63100000001,63264.7908,62878.3506997055,63004.837412517016,-126.48671281151474,-153.3468536615421,26.860140850027364,50.350727987730025,62915.63100000001,63393.52863232652,62437.7333676735,0.015191697984448688,227.01285714285717,0.9999999999972519,-0.0032586563857757156,0.0008836895743418172,0.0024937572774203433,1
2026-08-14 22:00:00+00:00,62856.47,62894.0,62721.87,62810.26,3468,62848.462,62829.708999999995,62886.27200000001,63250.3444,62867.87520744312,62990.424270849086,-122.5490634059679,-147.18729561042727,24.63823220445937,48.0944188384559,62886.27200000001,63308.43642686172,62464.1075731383,0.013426282507626121,216.86571428571395,0.9379953303114005,-0.002284680788809612,0.0023975411438519334,0.002375432661139732,1
2026-08-14 23:00:00+00:00,62808.48,62999.57,62791.56,62979.18,3610,62873.978,62869.109,62872.5825,63241.812999999995,62884.99902168263,62989.591361897306,-104.59234021467273,-138.66830453127636,34.07596431660363,58.832260570413936,62872.5825,63261.09511329263,62484.069886707366,0.012358729285301132,217.48214285714286,0.9999999999977713,0.002029860814999118,0.006295420097857107,0.002431309438420497,1
2026-08-15 00:00:00+00:00,62979.18,62999.57,62923.77,62949.73,3417,62885.543999999994,62910.14200000001,62855.264500000005,63233.585,62894.95763373146,62986.63866842343,-91.68103469197376,-129.27085056341585,37.589815871442084,56.823159237081455,62855.264500000005,63191.675781019134,62518.853218980876,0.010704315181718122,208.08428571428573,0.955224823701923,0.0009195142776732279,0.006561143854913798,0.00241627188261126,1
2026-08-15 01:00:00+00:00,62949.85,62977.65,62919.55,62966.33,3321,62913.172,62915.751000000004,62838.024,63224.795999999995,62905.93799777278,62985.134322614285,-79.19632484150497,-119.25594541903367,40.05962057752869,55.73626061316571,62838.024,63104.04259431265,62572.00540568735,0.008466803294535453,202.84357142857127,0.9310020148798213,0.0021986945668814872,0.0008915877605935041,0.0015522771463874498,1
2026-08-15 02:00:00+00:00,62966.54,63070.67,62965.27,63065.09,3380,62954.118,62915.67300000001,62845.721999999994,63216.30720000001,62930.42292119236,62991.0569653836,-60.63404419123981,-107.5315651734749,46.89752098223509,64.87681617182567,62845.721999999994,63128.99879842956,62562.44520157043,0.009014990660130033,195.72142857142848,0.9999999999980359,0.003256901487678432,-1.2368020928077428e-05,0.001418434737024776,0
2026-08-15 03:00:00+00:00,63064.71,63119.31,62969.86,62990.78,3340,62990.221999999994,62919.34199999999,62852.7255,63208.4418,62939.708625624306,62991.03644942926,-51.32782380495337,-96.29081689977059,44.96299309481722,64.9025601834162,62852.7255,63143.3521367643,62562.098863235704,0.009247861073718961,189.56285714285696,0.9999999999980369,0.00287405274233854,0.0005828056604424425,0.0013465840960165988,0
2026-08-15 04:00:00+00:00,62993.22,63085.28,62991.45,63048.58,3154,63004.102,62939.04,62861.95,63199.9692,62956.45806783595,62995.29893465672,-38.840866820770316,-84.80082688397054,45.95996006320023,68.5444983465176,62861.95,63165.518688070646,62558.38131192935,0.009658265073566727,176.43499999999975,0.9999999999972766,0.0011019514703112243,0.003134049093420188,0.00122756995994157,0
2026-08-15 05:00:00+00:00,63048.99,63089.34,62965.71,63013.41,3363,63016.838,62951.19099999999,62876.3955,63188.7456,62965.2199035535,62996.64049505252,-31.420591499016155,-74.12477980697967,42.70418830796352,54.97353426083968,62876.3955,63179.92055644787,62572.87044355213,0.00965465828739722,151.21428571428518,0.5692210764761418,0.0010116008440386182,0.0019320453031312912,0.0012503665967811485,0
2026-08-15 06:00:00+00:00,63014.44,63070.37,62955.05,63038.8,3364,63031.331999999995,62972.252,62890.693999999996,63176.966799999995,62976.53991839142,62999.763421344935,-23.22350295351498,-63.944524436286734,40.721021482771754,48.50763548155907,62890.693999999996,63196.64318094368,62584.74481905631,0.009729553340393658,139.97142857142794,0.3639760475933568,0.001150932569835339,0.0033521576859050217,0.001176519441265235,0
2026-08-15 07:00:00+00:00,63038.8,63065.1,62967.35,63004.83,3329,63019.280000000006,62986.699,62900.692500000005,63160.9524,62980.8922386389,63000.13872346753,-19.246484828625398,-55.00491651475447,35.75843168612907,53.059796897991056,62900.692500000005,63207.89839089938,62593.486609100626,0.009767965301793094,128.60285714285678,0.5084739021512708,-0.0009555207167705193,0.002298268734063802,0.0012055593101356905,0
2026-08-15 08:00:00+00:00,63004.48,63019.06,62860.0,62874.72,3405,62996.06799999999,62993.145000000004,62911.427,63140.82859999999,62964.55804807907,62990.84844765512,-26.290399576049822,-49.26201312701354,22.971613550963717,51.349269340305504,62911.427,63197.5020634695,62625.351936530504,0.009094534240003794,125.63499999999944,0.4378774949323776,-0.0018424918694449621,0.0010262654540833527,0.00137972729293085,1
2026-08-15 09:00:00+00:00,62874.72,62980.31,62846.04,62959.99,3284,62978.35,62991.226,62930.1675,63123.932199999996,62963.85527145152,62988.5626367177,-24.70736526618566,-44.35108355484797,19.643718288662306,53.775520388586266,62930.1675,63171.929500133534,62688.40549986647,0.007683500926118806,121.78357142857047,0.3130160321613852,-0.0014051069825840035,-0.0003047038719780071,0.0011468520114966685,0
2026-08-15 10:00:00+00:00,62961.41,62984.26,62925.39,62969.58,3226,62969.583999999995,62993.210999999996,62951.6765,63109.1458,62964.735998920514,62987.15651547935,-22.420516558835516,-39.96497015564548,17.544453596809966,58.34051037623445,62951.6765,63108.777521368094,62794.57547863191,0.004991162431332323,116.18142857142811,0.5010294230733576,-0.0006955662294740872,0.00031533097917968433,0.0011372765667115004,1
2026-08-15 11:00:00+00:00,62973.84,62990.85,62920.67,62947.2,3273,62951.264,62991.29800000001,62953.5245,63093.7798,62962.03815293274,62984.19677359198,-22.158620659240114,-36.40370025636441,14.245079597124295,55.182497433816174,62953.5245,63109.43825840561,62797.61074159439,0.004953297202783554,115.89071428571386,0.3466039627147364,-0.0014530733453048672,-0.000303813164909017,0.0011401164335548347,1
2026-08-15 12:00:00+00:00,62946.88,62985.22,62875.91,62979.45,3269,62946.188,62982.734,62949.2035,63081.7512,62964.71689863539,62983.84516073331,-19.128262097918196,-32.948612624675164,13.820350526756968,60.31684086003124,62949.2035,63096.56301357552,62801.84398642449,0.004681854745803631,111.40357142857101,0.5893739682705403,-0.00040282625951060247,-0.0013579620674448734,0.0010179899506696627,1
2026-08-15 13:00:00+00:00,62985.17,63015.22,62944.43,62983.7,3363,62967.984,62982.026,62950.683999999994,63073.043600000005,62967.637375768405,62983.8344080864,-16.197032317992125,-29.598296563338554,13.401264245346429,50.34488020753829,62950.683999999994,63098.84303096673,62802.52496903326,0.004707146024552718,101.60214285714235,0.09169323253607303,0.0017332880369089754,-0.00011239740165147616,0.000950150403335845,1
2026-08-15 14:00:00+00:00,62982.26,62987.54,62918.77,62957.7,3309,62967.526,62972.938,62955.989,63059.74399999999,62966.10854872711,62981.89852600592,-15.789977278807783,-26.8366327064324,11.046655427624618,50.611336964025,62955.989,63096.61649777583,62815.36150222417,0.004467485937702588,101.09999999999958,0.10499155963853449,-3.637230565001204e-05,-0.001441428181253368,0.0008973836825304606,1
2026-08-15 15:00:00+00:00,62962.88,63051.97,62947.97,63027.68,3261,62979.14599999999,62974.36499999999,62962.778000000006,63047.2408,62975.581079692165,62985.28974630178,-9.708666609614738,-23.41103948706887,13.702372877454131,54.34964479673285,62962.778000000006,63103.488102514515,62822.067897485496,0.004469628151239112,104.37857142857112,0.2915630732474307,0.0009226677389304605,0.0002264597329362239,0.000964578722004105,1
2026-08-15 16:00:00+00:00,63026.92,63048.97,62985.12,63025.03,3240,62994.712,62972.988,62972.619999999995,63031.9692,62983.188605893374,62988.233468797946,-5.044862904571346,-19.737804170569365,14.69294126599802,46.71164959285551,62972.619999999995,63100.65857477202,62844.581425227974,0.004066483966270455,101.41071428571377,0.0,0.0012364330740683993,-0.0002184368991796637,0.000955327071861195,1
2026-08-15 17:00:00+00:00,63024.22,63037.44,62980.99,62996.13,3261,62998.047999999995,62972.118,62979.4085,63024.89579999999,62985.179589602085,62988.81839703514,-3.6388074330534437,-16.518004823066182,12.879197390012738,50.47453477852073,62979.4085,63096.29769795742,62862.51930204257,0.0037119814473146567,94.76785714285714,0.17234971157929282,0.0002648482957536835,-0.00013808465160536354,0.0009508199525457294,1
2026-08-15 18:00:00+00:00,62996.44,63040.21,62965.29,62984.95,3216,62998.297999999995,62983.14099999999,62988.143,63022.683,62985.144268124845,62988.53184910661,-3.3875809817618574,-13.891920054805317,10.50433907304346,43.84729930959762,62988.143,63073.728679090906,62902.55732090909,0.002717517139405404,93.3692857142856,0.0,1.9846404704759735e-05,0.0017531688411493995,0.0006322586430167285,1
2026-08-15 19:00:00+00:00,62983.88,63053.75,62977.28,63047.0,3191,63016.157999999996,62991.84199999999,62991.534,63022.29519999999,62994.66053456717,62992.862823246855,1.7977113203160116,-10.75399377978105,12.551705100097061,53.08748644226662,62991.534,63080.91449789749,62902.15350210251,0.0028378574777203442,90.00071428571444,0.5610470154446782,0.001418412680259884,0.0013819887836703515,0.0005622774933965383,0
2026-08-15 20:00:00+00:00,63047.33,63047.33,62994.01,63031.8,3057,63016.981999999996,62998.064,62995.6375,63018.291399999995,63000.37429847991,62995.74705856191,4.627239918001578,-7.677747040224524,12.304986958226102,49.34429914946234,62995.6375,63084.471053127454,62906.80394687254,0.0028203080928407777,85.572142857143,0.33376762935375176,6.536810493429357e-05,0.0009880961569062041,0.0005748073834573529,0
2026-08-15 21:00:00+00:00,63031.23,63100.48,63017.92,63079.92,3158,63027.96,63011.335999999996,63001.316999999995,63012.97060000001,63012.61209871377,63001.98209126103,10.630007452738937,-4.0161961416318315,14.646203594370768,56.85215264723554,63001.316999999995,63096.55479282014,62906.07920717985,0.0030233587916946515,84.48714285714335,0.7896305612232758,0.0008709238218529425,0.002108433734939741,0.0005853409102523354,0
2026-08-15 22:00:00+00:00,63081.61,63103.89,63057.0,63060.91,3163,63040.916000000005,63019.481999999996,63001.10800000001,63007.268599999996,63020.04254506549,63006.347121538,13.695423527489766,-0.4738722078075108,14.169295735297275,71.31149417393512,63001.10800000001,63095.77315294053,62906.44284705949,0.0030051900973081546,76.47500000000062,0.9999999999963589,0.0010283171363068,0.0012934377801014918,0.0005952394980120481,0
2026-08-15 23:00:00+00:00,63062.32,63073.72,63008.11,63020.04,3216,63047.93400000001,63023.116,63002.570999999996,62999.693999999996,63020.042153516944,63007.36140883148,12.68074468546547,2.1570511708470863,10.523693514618383,57.65104604642888,63002.570999999996,63097.46820618255,62907.67379381744,0.003012486781930066,71.57071428571518,0.5026088259629009,0.0005571172160969695,0.0005769746775754481,0.0006444896498973593,1
2026-08-16 00:00:00+00:00,63020.07,63023.8,62993.04,63006.53,2938,63039.840000000004,63027.998999999996,63000.468499999995,62990.6512,63017.96336066819,63007.29982299211,10.663537676082342,3.858348471894138,6.8051892041882045,54.66128421849333,63000.468499999995,63092.90506629614,62908.03193370385,0.002934472345904625,69.562857142858,0.3937484773274163,-0.0006419020730565883,0.0007756001251635336,0.0006313079804967605,0
2026-08-16 01:00:00+00:00,63006.53,63020.34,62938.93,63020.11,3195,63037.502,63027.242000000006,63000.8035,62982.739199999996,63018.29361287308,63008.248724992685,10.044887880394526,5.095656353594216,4.94923152680031,59.406528189911356,63000.8035,63093.485782240205,62908.1212177598,0.00294225714883788,70.36500000000056,0.5665277630425235,-0.00018546194143276296,-0.00012010595979417005,0.0005224791254582764,0
2026-08-16 02:00:00+00:00,63017.84,63085.53,62949.09,63051.19,3187,63031.75600000001,63029.85799999999,63001.422999999995,62974.212,63023.35459550799,63011.4295601784,11.925035329586535,6.461532148792681,5.463503180793854,59.28360681194735,63001.422999999995,63095.33215611539,62907.5138438846,0.0029811757145675336,72.30285714285803,0.5620520673751013,-0.00045545397013813105,0.0004150731860024237,0.0005459338948358834,0
2026-08-16 03:00:00+00:00,63052.75,63059.95,63035.62,63052.21,3263,63030.016,63035.466,63003.791999999994,62965.109,63027.79388850676,63014.45033349852,13.34355500824313,7.837936720682772,5.505618287560357,58.94036278220042,63003.791999999994,63100.4143076683,62907.169692331685,0.003067190230972418,68.98428571428614,0.5495541940006522,-0.00013796185307191067,0.000890213414697083,0.0005175073058256187,0
2026-08-16 04:00:00+00:00,63055.07,63084.42,63012.0,63020.18,3189,63030.043999999994,63038.989,63011.065,62957.563799999996,63026.622521044184,63014.874753239375,11.747767804808973,8.619902937508014,3.127864867300959,58.02713397399702,63011.065,63086.3139746613,62935.8160253387,0.0023884368455381333,69.24500000000002,0.5163025799369204,2.2215155686122756e-06,0.0005593399693102352,0.0005461849819250128,0
2026-08-16 05:00:00+00:00,63020.79,63034.39,62965.2,62996.7,3144,63028.078,63033.95900000001,63012.9005,62952.4384,63022.01905626816,63013.52847522164,8.490581046520674,8.594038559310546,-0.10345751278987159,45.47974786973223,63012.9005,63084.61155073176,62941.18944926825,0.0022760752215097817,66.75857142857161,0.05943915589706282,-0.00015601557489364204,-0.0007978175012293143,0.0004498165134856078,0
2026-08-16 06:00:00+00:00,62996.75,63013.09,62971.37,62997.69,3115,63023.594000000005,63030.547999999995,63014.306,62946.4704,63018.2761245346,63012.355254834845,5.920869699752075,8.05940478739885,-2.138535087646776,45.991437452349395,63014.306,63083.499763441214,62945.11223655878,0.002196128715317979,65.177857142857,0.07807030766185517,-0.00035575945519605856,-0.0005411554167896737,0.00044690123703490574,0
2026-08-16 07:00:00+00:00,62997.35,63001.5,62979.23,62993.76,2275,63012.10800000001,63021.93199999999,63016.634,62940.122800000005,63014.50441306774,63010.97782855078,3.5265845169633394,7.1528407333117485,-3.626256216348409,49.62505932605674,63016.634,63079.13026762921,62954.137732370786,0.0019834847932122977,62.736428571427886,0.21037427257481928,-0.000910847202090892,-0.0013658863232546281,0.00034336803525178346,0
2026-08-16 08:00:00+00:00,62993.12,63007.72,62984.74,62999.22,3184,63001.509999999995,63015.763,63017.6225,62941.8846,63012.15296490348,63010.106878287756,2.046086615722743,6.131489909793947,-4.085403294071204,52.299165404569976,63017.6225,63078.23954878474,62957.00545121526,0.001923812621929404,59.02642857142824,0.2639936709854499,-0.0008404146341579599,-0.00097826054206962,0.00034460557249191726,0
2026-08-16 09:00:00+00:00,62999.84,63003.57,62890.3,62922.19,3257,62981.912,63005.978,63014.547,62943.3142,62998.31250876448,63003.5945169331,-5.282008168622269,3.8487902941107035,-9.130798462732972,30.816759398727584,63014.547,63087.414548781846,62941.67945121815,0.002312721498477083,61.654999999999355,0.0,-0.0015548987641735845,-0.0015526807028367617,0.000471208586798793,1
2026-08-16 10:00:00+00:00,62922.82,62939.33,62892.49,62930.72,3268,62968.716,62998.397,63013.19800000001,62944.646799999995,62987.91366126226,62998.19640456769,-10.282743305426266,1.022483574203309,-11.305226879629574,34.13884007029846,63013.19800000001,63091.307190659456,62935.08880934057,0.002479137486703808,61.19214285714251,0.08203734855911632,-0.001047356448829806,-0.0012032086198049408,0.00047925725643641336,1
2026-08-16 11:00:00+00:00,62933.02,62939.5,62898.53,62934.54,3180,62956.085999999996,62989.840000000004,63008.54099999999,62948.8476,62979.70232876037,62993.48111534045,-13.778786580078304,-1.937770456653015,-11.84101612342529,23.503681563024827,63008.54099999999,63093.79426549815,62923.28773450183,0.002706086005011999,58.22142857142795,0.0,-0.0010024177076969343,-0.0013578205433154578,0.000469606621416146,1
2026-08-16 12:00:00+00:00,62936.09,62954.83,62915.63,62941.32,3271,62945.598,62978.853,63004.355500000005,62952.6174,62973.797355104936,62989.61732901893,-15.819973913996364,-4.714211148121686,-11.105762765874678,27.187058868413985,63004.355500000005,63094.29111917864,62914.41988082137,0.00285490164814512,57.67214285714259,0.10259290422449487,-0.0008324634058992642,-0.0017425523610260507,0.0004260463772137755,1
2026-08-16 13:00:00+00:00,62938.59,62998.55,62933.39,62987.83,3082,62943.32000000001,62972.415,63003.940500000004,62956.2768,62975.95622355033,62989.484934276785,-13.528710726452118,-6.477111063787773,-7.051599662664345,43.98506069094337,63003.940500000004,63094.112222590506,62913.7687774095,0.002862415330688762,57.63999999999994,0.5704667192746669,-0.00018079588921893208,-0.0010210585798657856,0.0005141492852140982,1
2026-08-16 14:00:00+00:00,62988.96,63035.62,62981.5,63031.04,3190,62965.090000000004,62973.501000000004,63006.24500000001,62963.697,62984.430650696435,62992.563087293325,-8.13243659689033,-6.808176170408284,-1.324260426482045,54.12002017145767,63006.24500000001,63096.72848763693,62915.76151236309,0.0028722069577998325,59.308571428571405,0.8527551847496109,0.0017299143593063615,0.0001723257534331779,0.0005469904149088697,1
2026-08-16 15:00:00+00:00,63031.01,63074.15,63022.03,63062.11,3054,62991.368,62980.041999999994,63007.0005,62973.23560000001,62996.38131982006,62997.714710456785,-1.333390636726108,-5.713219063671849,4.379828426945741,56.66793674985707,63007.0005,63099.15369611897,62914.84730388103,0.0029251732470257324,57.216428571429006,0.9268955973500325,0.002087851529427809,0.0010383083558345163,0.0005469086337699288,0
2026-08-16 16:00:00+00:00,63065.8,63328.71,63057.16,63184.25,3762,63041.31,62998.698,63014.623,62986.132600000004,63025.28419369389,63011.532139311836,13.752054382057395,-1.8201643745259992,15.572218756583394,66.38669950738887,63014.623,63135.99959950575,62893.24640049425,0.0038523312122567942,66.86714285714281,0.9999999999976681,0.003967773499258032,0.0029613784251454334,0.0007940524201192136,0
2026-08-16 17:00:00+00:00,63185.12,63207.66,63046.16,63090.78,3354,63071.202000000005,63008.4,63015.166000000005,62989.7434,63035.36047158713,63017.40235121466,17.958120372473786,2.135492574873959,15.822627797599827,53.86899388103114,63015.166000000005,63137.86256047254,62892.46943952747,0.0038941914545629775,76.66500000000035,0.7080964394187723,0.002374592715882029,0.0015401525484428635,0.0009716719339108656,0
2026-08-16 18:00:00+00:00,63090.74,63108.03,63039.15,63078.67,3179,63089.369999999995,63016.34500000001,63016.05399999999,62989.99939999999,63042.02347595834,63021.94069556913,20.082780389209802,5.7249501377411285,14.357830251468673,56.111424571081976,63016.05399999999,63140.39063293105,62891.71736706893,0.003946189107018961,76.41214285714315,0.7603882508988998,0.0014421833551019336,0.001261126725061068,0.0009778028509257635,0
2026-08-16 19:00:00+00:00,63078.68,63164.03,63021.27,63039.93,3322,63091.148,63028.11899999999,63017.04850000001,62991.7162,63041.701402733976,63023.27323663809,18.42816609588772,8.265593329370448,10.16257276651727,54.3773668968593,63017.04850000001,63141.83673025305,62892.26026974697,0.003960459374832242,81.66714285714313,0.719951319047033,0.00014104162012884558,0.0018711999693590275,0.0009003750343353496,0
2026-08-16 20:00:00+00:00,63040.03,63073.51,62946.86,63002.58,3187,63079.242000000006,63035.30500000001,63016.851,62994.7358,63035.682725390296,63021.74040429453,13.94232109576842,9.400938882650044,4.541382213118377,50.46119022918037,63016.851,63141.72180057404,62891.98019942596,0.003963092366327251,87.73357142857223,0.6286289995043505,-0.0009439899806714669,0.001141890637831544,0.0009338388121844959,1
2026-08-16 21:00:00+00:00,63002.57,63017.25,62666.97,62855.97,3804,63013.585999999996,63027.448,63008.64399999999,62994.017199999995,63008.03461379179,63009.46111508753,-1.4265012957403087,7.235450846971973,-8.66195214271228,39.76041496366081,63008.64399999999,63152.71297695272,62864.57502304727,0.004572990872576895,111.1628571428581,0.3790949000298761,-0.005195598586673067,-0.0012484400457999367,0.0012127438395982486,1
2026-08-16 22:00:00+00:00,62860.45,62895.8,62638.11,62840.46,4110,62963.522,63017.362,62998.107500000006,62994.262599999995,62982.25390397767,62996.94251396993,-14.688609992263082,2.8506386791249607,-17.539248671388044,38.37570290534189,62998.107500000006,63158.92496577438,62837.29003422563,0.005105469740479838,127.92785714285803,0.3468044474289841,-0.003967616187341427,-0.0016024449439573374,0.001210388057283425,1
2026-08-16 23:00:00+00:00,62843.38,62923.46,62752.21,62832.86,3702,62914.36,63001.86499999999,62987.14,62993.712600000006,62959.27022644264,62984.78825367586,-25.5180272332218,-2.8230945033443935,-22.694932729877408,42.71904800717237,62987.14,63161.74913148538,62812.530868514616,0.005544278768186136,132.06928571428685,0.4480880163106183,-0.0038968798803145077,-0.002460316540512708,0.0011692997147917997,1
2026-08-17 00:00:00+00:00,62833.07,62887.47,62675.66,62833.95,4116,62873.164000000004,62982.156,62977.82849999999,62994.1864,62939.99019160532,62973.615049699874,-33.62485809455393,-8.983447221586303,-24.641410872967626,42.01580831999431,62977.82849999999,63164.46696878578,62791.190031214195,0.005927116676809317,143.85285714285783,0.4316889912212743,-0.00326745286677832,-0.003126872093495603,0.0011285083331165225,1
2026-08-17 01:00:00+00:00,62833.94,63176.55,62814.1,63034.1,4858,62879.46799999999,62979.355,62979.6985,62995.2848,62954.468623666035,62978.09541638877,-23.626792722738173,-11.91211632181668,-11.714676400921494,56.20435226961126,62979.6985,63167.87619924692,62791.520800753075,0.005975820898759115,166.8157142857152,0.7402438626509329,0.0005002969719651862,-0.0004441652840351251,0.0015749282390062679,1
2026-08-17 02:00:00+00:00,63035.03,63431.46,62964.78,63335.72,4236,62975.41799999999,62994.502,62996.6,63003.0046,63013.12268156357,63004.586126285896,8.536555277671141,-7.822382001919115,16.358937279590258,67.97334986055165,62996.6,63243.226041733724,62749.97395826627,0.007829820712029706,197.35000000000062,0.9999999999966214,0.0076325287796847885,0.0023972746372711295,0.0021318823783264447,1
2026-08-17 03:00:00+00:00,63337.64,63459.41,63270.21,63374.28,3698,63082.18199999999,63022.852,63015.626000000004,63011.1636,63068.6853459384,63031.970857672124,36.71448826627602,1.084992051719915,35.629496214556106,67.73959586129644,63015.626000000004,63314.504699024765,62716.74730097524,0.009485859873065796,206.2100000000007,0.9921022775996969,0.008494845518317362,0.004493525044388491,0.002045100100699879,0
2026-08-17 04:00:00+00:00,63377.34,63526.22,63365.7,63475.31,3617,63210.672,63062.51599999999,63039.4305,63019.367999999995,63131.24298502479,63064.810794140845,66.43219088394835,14.154431818165607,52.277759065782746,69.36576435203341,63039.4305,63401.883372605844,62676.97762739416,0.011499243242872936,213.8100000000008,0.9999999999967732,0.010224745459620932,0.006288020974443587,0.002060711237021331,0
2026-08-17 05:00:00+00:00,63475.31,63539.05,63374.59,63451.54,3465,63334.19,63103.677,63065.89800000001,63028.5832,63180.519448867126,63093.45740198227,87.06204688485741,28.735954831503975,58.326092053353435,67.08400965123943,63065.89800000001,63467.498937593584,62664.29706240643,0.012735914347674094,221.83428571428678,0.9263714044319774,0.009828922103417126,0.006529353696934637,0.002045987837938717,1
2026-08-17 06:00:00+00:00,63451.56,63657.01,63406.43,63600.53,3624,63447.476,63163.471999999994,63099.38849999999,63039.6222,63245.13645673372,63131.01833516877,114.1181215649558,45.81238817819435,68.30573338676146,67.84159094805426,63099.38849999999,63560.78723132996,62637.98976867001,0.014624507219431237,220.33642857143008,0.9508173481134885,0.008986088482265897,0.009490881167088627,0.0020583856951374704,0
2026-08-17 07:00:00+00:00,63600.86,63606.27,63453.02,63453.02,3485,63470.936,63223.177,63125.3125,63048.414399999994,63277.11854031315,63154.87031034145,122.24822997170122,61.09955653689574,61.14867343480548,64.83811770874297,63125.3125,63605.58892991279,62645.03607008721,0.015216603637812912,219.74714285714435,0.8539000430456005,0.0018520354706632602,0.00949869996437891,0.0020570210522761114,1
2026-08-17 08:00:00+00:00,63450.67,63484.78,63270.73,63311.67,3475,63458.414000000004,63270.297999999995,63143.83,63053.87179999999,63282.43414949575,63166.485102168015,115.94904732773284,72.06945469506317,43.87959263266967,58.63039677600978,63143.83,63622.79353118869,62664.86646881131,0.01517055684422971,230.11642857142994,0.6535867605633584,-0.0009879402180190677,0.007498512900764975,0.0022692580019913326,1
2026-08-17 09:00:00+00:00,63308.21,63367.24,63213.48,63242.61,3344,63411.873999999996,63311.273,63156.568999999996,63058.627400000005,63276.30735726563,63172.1239834889,104.18337377673015,78.49223851139658,25.69113526533357,57.34241414287791,63156.568999999996,63631.599115604105,62681.538884395886,0.015042936091227806,230.9021428571437,0.6120256092457568,-0.0036659923362327707,0.006521269284893272,0.002330498911404464,1
2026-08-17 10:00:00+00:00,63243.15,63622.87,63216.26,63605.24,3747,63442.614,63388.402,63185.278999999995,63073.2378,63326.912379224756,63204.20665137861,122.70572784614342,87.33493637834596,35.37079146779746,67.66833970495111,63185.278999999995,63696.40108972471,62674.15691027528,0.016178518091997933,250.8992857142865,0.9452268060166097,0.0024223210342884105,0.012275051942461035,0.0028092888926953452,1
2026-08-17 11:00:00+00:00,63605.31,63711.28,63510.56,63561.88,3519,63434.884,63441.17999999999,63210.2675,63085.27559999999,63363.061243959404,63230.70097349872,132.36027046068193,96.34000319481316,36.02026726586877,72.02898460271001,63210.2675,63744.38491531275,62676.15008468725,0.016899704318218568,240.21642857142953,0.9999999999970285,-0.0006076993383545837,0.008372928303886251,0.002775301739536008,1
2026-08-17 12:00:00+00:00,63560.12,63618.45,63453.0,63478.26,3808,63439.93199999999,63455.433999999994,63224.96800000001,63095.4492,63380.784129504114,63249.03867916549,131.74545033862523,103.42109262357559,28.324357715049644,69.09192140522318,63224.96800000001,63772.09594406925,62677.84005593076,0.01730733795133736,233.62785714285772,0.9021408740644197,0.0003977746055270348,0.002250546768869155,0.0024642573776609824,1
2026-08-17 13:00:00+00:00,63478.26,63727.3,63357.39,63595.6,4859,63496.71800000001,63477.566000000006,63250.208999999995,63108.4172,63413.83272496502,63274.709888116195,139.12283684882277,110.56144146862505,28.561395380197723,71.4243180081796,63250.208999999995,63817.478951067,62682.93904893299,0.017937330485880493,247.81785714285797,0.9798532954682101,0.004484639245813549,0.0034922684723202035,0.002516203517109576,1
2026-08-17 14:00:00+00:00,63596.49,63832.08,63507.28,63819.69,4695,63612.134,63512.004,63287.26000000001,63125.222,63476.27230573963,63315.07878529277,161.19352044686093,120.68785726427222,40.505663182588705,74.60560736465871,63287.26000000001,63902.15487957265,62672.36512042737,0.019431869212623177,255.88857142857265,0.9999999999945657,0.009124860596360529,0.0054254165911125085,0.0026900548610796996,1
2026-08-17 15:00:00+00:00,63817.79,64174.47,63744.81,64138.93,4783,63718.871999999996,63580.743,63342.21,63148.32659999999,63578.219643318145,63376.104801197005,202.1148421211401,136.9732542356458,65.14158788549429,76.0306667232128,63342.21,64052.98929750859,62631.43070249141,0.022442516530717525,260.6892857142869,0.9999999999946492,0.008390660895234436,0.010833306803901044,0.003004879390885319,1
2026-08-17 16:00:00+00:00,64139.01,64158.6,63990.18,64056.64,4072,63817.824,63626.35400000001,63394.913,63170.3054,63651.82277511535,63426.514815923154,225.30795919219963,154.6401952269566,70.66776396524304,68.94326375312704,63394.913,64154.30940992907,62635.51659007093,0.023957644990507926,239.38500000000099,0.6207562510362417,0.007783910733917931,0.007171481118160461,0.0030538949920831983,1
2026-08-17 17:00:00+00:00,64056.63,64374.69,63915.53,64268.06,5005,63975.784,63707.85799999999,63465.5175,63195.113,63746.628502020685,63488.851496225136,257.7770057955495,175.26755734067518,82.5094484548743,71.5296044707811,63465.5175,64274.86681995989,62656.16818004011,0.025505167273232706,258.66785714285805,0.7591501809407286,0.012442054964959537,0.012844778703992255,0.0029478934241490375,0
2026-08-17 18:00:00+00:00,64268.07,64579.29,64219.26,64374.13,4421,64131.490000000005,63814.10400000001,63542.20099999999,63222.095,63843.16719401751,63554.427681689944,288.7395123275637,197.9619483380529,90.77756398951081,71.59856589482604,63542.20099999999,64391.813003281866,62692.58899671811,0.02674166112948716,272.91857142857197,0.7628402757608906,0.012241884658687141,0.0167814243408837,0.00267773933664736,1
2026-08-17 19:00:00+00:00,64374.12,64374.12,64227.0,64247.61,3801,64217.074,63914.60400000001,63612.938500000004,63247.12460000001,63905.38916416866,63605.77452008328,299.6146440853772,218.29248748751777,81.32215659785945,68.22930263019308,63612.938500000004,64449.35994582846,62776.51705417155,0.02629721140231417,271.6807142857142,0.5825525120905563,0.006705140686205091,0.015891184756606336,0.002789824512854902,1
2026-08-17 20:00:00+00:00,64247.35,64395.19,64205.12,64333.43,3620,64255.974,63987.42300000001,63687.9125,63274.0942,63971.241600450405,63659.67492600304,311.56667444736377,236.94732487948698,74.61934956787678,67.28276863869621,63687.9125,64498.755709111254,62877.06929088874,0.025463017306816438,267.3585714285712,0.531903903429958,0.003032479650034725,0.01144858505368429,0.0023788425850726964,0
2026-08-17 21:00:00+00:00,64335.66,64387.09,64237.52,64326.24,3474,64309.89399999999,64063.85900000001,63752.519499999995,63299.679000000004,64025.856738842645,63709.05011666948,316.8066221731642,252.91918433822246,63.88743783494175,72.05101010101029,63752.519499999995,64549.814505098846,62955.224494901144,0.025012188109643296,267.09571428571405,0.7870503619761169,0.0042087752339179385,0.012025446698555875,0.0023367613175586193,0
2026-08-17 22:00:00+00:00,64326.96,64371.2,64214.76,64235.57,3476,64303.39599999999,64139.590000000004,63797.512,63323.754400000005,64058.12031748224,63748.051589508774,310.06872797346296,264.3490930652706,45.71963490819235,73.94366927207535,63797.512,64597.32859156982,62997.69540843018,0.025073598217116026,262.980714285714,0.8883257039546668,-0.0005055388321975052,0.011930226190824955,0.002348155431380042,0
2026-08-17 23:00:00+00:00,64233.74,64523.27,64223.66,64472.4,3640,64323.05,64227.27,63852.41799999999,63351.60399999999,64121.855653254206,63801.70702732294,320.148625931266,275.5089996384697,44.63962629279632,79.321345292763,63852.41799999999,64680.1811705181,63024.65482948188,0.025927386822472788,273.398571428571,0.9999999999916934,0.001526544902432203,0.013787117347741074,0.0024741003879390606,0
2026-08-18 00:00:00+00:00,64473.3,64511.09,64296.29,64327.62,3780,64339.052,64278.063,63895.0335,63376.938200000004,64153.51170659971,63840.663543817536,312.84816278217477,282.9768322672107,29.871330514964086,69.2200038313363,63895.0335,64728.788007103685,63061.27899289631,0.026097631112555485,259.6978571428564,0.16091895647560403,0.0012453381534347496,0.007958829007160606,0.0025869514016869147,0
2026-08-18 01:00:00+00:00,64329.27,64331.74,64086.34,64148.47,3602,64302.06000000001,64279.01699999999,63929.87999999999,63399.5068,64152.73605943053,63863.464022053275,289.2720373772536,284.2358732892193,5.0361640880342975,64.55536642134376,63929.87999999999,64743.604930867106,63116.155069132874,0.025456795190828337,262.889285714285,0.0,-0.002875021586755122,0.00014873961882444497,0.0023404346531957503,1
2026-08-18 02:00:00+00:00,64149.25,64218.75,63965.07,64042.25,3870,64245.262,64277.578,63951.966,63420.2212,64135.73820413353,63876.7074278271,259.03077630642656,279.1948538926608,-20.164077586234214,63.839362396509635,63951.966,64751.91389518145,63152.01810481855,0.025017147875686967,269.19142857142805,0.0,-0.004414839107648727,-0.0002246449392288019,0.002366278907694061,1
2026-08-18 03:00:00+00:00,64039.44,64121.46,63970.33,64106.6,3630,64219.46799999999,64261.43199999999,63984.645000000004,63441.950999999994,64131.2554034976,63893.73650724731,237.51889625028707,270.859662364186,-33.34076611389895,62.87387133182845,63984.645000000004,64751.48544020631,63217.8045597937,0.02396951456732478,253.56428571428478,0.0,-0.002007766102176789,-0.002512289930643563,0.002105313007497045,1
2026-08-18 04:00:00+00:00,64108.31,64186.31,64014.11,64151.14,3561,64155.216,64239.132999999994,64026.6185,63463.95,64134.31457219028,63912.8034326364,221.511139553877,260.9899578021242,-39.478818248247194,59.18098266568419,64026.6185,64727.41503610809,63325.8219638919,0.021890787067197475,242.66428571428438,0.0,-0.0049829074146456875,-0.0034639691441266107,0.0020298234313584624,0
2026-08-18 05:00:00+00:00,64150.19,64210.99,64075.2,64165.25,3667,64122.742000000006,64230.897,64072.7505,63486.2108,64139.07386877639,63931.503178367035,207.57069040935312,250.30610432356997,-42.73541391421685,50.87735672951278,64072.7505,64670.07543406951,63475.42556593049,0.018645209684560397,221.6735714285699,0.0,-0.0025241101722712767,-0.0012819153895374802,0.0019521488986527851,0
2026-08-18 06:00:00+00:00,64165.95,64390.44,64093.94,64260.1,3802,64145.06799999999,64223.56399999999,64105.493500000004,63511.0092,64157.693273580015,63955.84368367318,201.84958990683663,240.61480144022335,-38.76521153338672,56.725861476211875,64105.493500000004,64665.545715921,63545.44128407901,0.01747283065283614,230.82214285714144,0.20561479040372102,0.0017401818001270275,-0.0011398428468682997,0.0019644855068138393,1
2026-08-18 07:00:00+00:00,64260.99,64297.41,64097.76,64140.23,3585,64164.664000000004,64204.963,64134.411,63533.8798,64155.00661610617,63969.501929327016,185.50468677915342,229.59277850800936,-44.08809172885594,45.50201622835122,64134.411,64632.58542571553,63636.23657428447,0.01553532395317483,212.28571428571271,0.0,0.0015299275087929942,-0.0028916659826533353,0.0020412033903995236,1
2026-08-18 08:00:00+00:00,64141.73,64273.72,64018.66,64224.51,3784,64188.246,64203.857,64171.7235,63558.41619999999,64165.699444397535,63988.39141604353,177.3080283540039,219.13582847720826,-41.827800123204355,44.653296931059764,64171.7235,64563.36877302701,63780.07822697299,0.01220616345225667,204.7878571428555,0.0,0.001839280198918658,-0.00017217874769381858,0.0020565233014936905,0
2026-08-18 09:00:00+00:00,64225.32,64225.32,64063.94,64108.42,3320,64179.702000000005,64167.458999999995,64197.3645,63580.70940000001,64156.88722218252,63997.28242226253,159.60479991999455,207.22962276576553,-47.62482284577098,44.9886588658865,64197.3645,64482.993417410806,63911.7355825892,0.008898462409957729,205.80571428571264,0.009673516412773695,-0.0006659273708932156,-0.005645516531104788,0.0016516134622976792,1
2026-08-18 10:00:00+00:00,64104.69,64158.02,64056.08,64133.85,3366,64173.422,64148.081999999995,64213.072499999995,63603.401999999995,64153.34303415444,64007.39853913197,145.94449502246425,194.9725972171053,-49.028102194641036,42.487729230027945,64213.072499999995,64439.71140183614,63986.43359816385,0.007058964569438543,199.5107142857123,0.0,-0.0004893614534347002,-0.003012236423483472,0.001561743298418286,1
2026-08-18 11:00:00+00:00,64133.86,64333.94,64119.26,64280.24,3530,64177.45,64161.259000000005,64220.138,63630.562999999995,64172.865644284524,64027.609017714785,145.25662656973873,185.029403087632,-39.77277651789328,48.43277276567909,64220.138,64445.853516392286,63994.42248360771,0.007029431060776827,204.16142857142663,0.16140265798257222,0.00031341376686300215,0.002054140963923201,0.00148636159795003,1
2026-08-18 12:00:00+00:00,64280.43,64298.13,64157.19,64161.06,3496,64181.615999999995,64173.14,64225.35900000001,63655.1698,64171.049391317676,64037.49427566184,133.55511565583583,174.7345456012728,-41.179429945436965,47.50980903299972,64225.35900000001,64439.694710793374,64011.02328920665,0.006674488523866795,203.0542857142838,0.13634501142664157,0.00032475717658009273,0.0018551815403111682,0.0015149993662183722,1
2026-08-18 13:00:00+00:00,64160.02,64227.71,63957.26,64156.54,4699,64168.022,64178.134000000005,64219.782999999996,63679.609800000006,64168.8171772688,64046.312477464664,122.50469980413618,164.2885764418455,-41.78387663770931,37.50316515794131,64219.782999999996,64435.24083771999,64004.32516228,0.006710014505031702,200.9714285714269,0.0,-0.0010583187010690942,0.0007790149532185264,0.0014883834102356697,1
2026-08-18 14:00:00+00:00,64158.73,65013.72,64150.16,64669.65,6588,64280.268,64229.98500000001,64234.55900000001,63714.1764,64245.86838076591,64092.4856272821,153.38275348381285,162.10741185023898,-8.724658366426127,60.47828244765912,64234.55900000001,64522.818969280735,63946.29903071928,0.008975229962448315,247.31142857142706,0.8492882729182837,0.008754388269122781,0.008082631111465899,0.0029237339692353447,0
2026-08-18 15:00:00+00:00,64667.94,64851.06,64593.33,64807.19,4698,64414.936,64294.179000000004,64262.538,63750.5636,64332.225552955766,64145.426691927874,186.7988610278917,167.04570168576953,19.75315934212216,70.7082138725417,64262.538,64648.27721971261,63876.79878028739,0.01200510380441588,248.19214285714094,0.9999999999969884,0.010498979867885838,0.0100044806184032,0.0029431532258049013,0
2026-08-18 16:00:00+00:00,64809.34,64850.97,64625.23,64789.73,3962,64516.833999999995,64347.14199999999,64285.353,63785.737400000005,64402.610852501035,64193.152862896175,209.4579896048599,175.52815926958763,33.92983033527227,74.88746237647518,64285.353,64737.07957925284,63833.62642074717,0.014053794781303735,246.19642857142648,0.999999999997325,0.007926074949315742,0.008241972857185198,0.002963409503714946,0
2026-08-18 17:00:00+00:00,64788.98,64798.28,64619.51,64627.88,3522,64610.198,64395.90699999999,64300.43500000001,63817.05279999999,64437.267644423955,64225.35487305201,211.91277137194265,182.80508169005864,29.10768968188401,66.29794524830851,64300.43500000001,64777.34919307583,63823.52080692419,0.014833933645264438,248.17071428571217,0.7702372983492837,0.007275752613812747,0.007602872643269087,0.003033167291873971,0
2026-08-18 18:00:00+00:00,64623.2,64786.58,64608.45,64725.63,3444,64724.016,64446.01899999999,64324.938,63847.8804,64481.63108374335,64262.41228986298,219.21879388036905,190.08782412812076,29.13096975224829,67.38318718493363,64324.938,64836.88975153353,63812.98624846648,0.01591767570871268,248.59428571428413,0.7992666507075299,0.008870334965071391,0.0078026286226238195,0.0030378285685468205,0
2026-08-18 19:00:00+00:00,64725.63,64766.6,64595.69,64609.55,3326,64711.996,64496.132000000005,64331.79550000001,63878.2558,64501.3109170136,64288.12619431757,213.1847226960308,194.70720384170278,18.477518854328025,62.662448700410515,64331.79550000001,64855.60096278209,63807.990037217925,0.016284496918233287,251.10285714285524,0.672990678287481,-0.0009293385691742095,0.007816913909280743,0.0030364916011363123,0
2026-08-18 20:00:00+00:00,64611.25,64623.11,64511.45,64538.28,3542,64658.214,64536.575,64342.3285,63907.448,64506.99846824227,64306.65610584961,200.34236239266465,195.83423555189518,4.508126840769478,58.036075386233115,64342.3285,64874.190632047044,63810.46636795296,0.016532262491776036,237.89999999999833,0.549238898573098,-0.004149385276541184,0.006306030278862007,0.0030941872619461887,0
2026-08-18 21:00:00+00:00,64538.43,64608.06,64514.72,64554.32,3447,64611.132,64563.98300000001,64362.621,63937.7358,64514.278703897304,64325.001579490374,189.27712440692994,194.52281332290215,-5.2456889159722095,62.72564674644575,64362.621,64894.309645053974,63830.932354946024,0.01652165921129828,230.30642857142655,0.6746811753875237,-0.0036334462267400003,0.004263829755458248,0.0030400918020617776,0
2026-08-18 22:00:00+00:00,64553.31,64611.36,64505.54,64586.0,3442,64602.755999999994,64606.477,64389.8085,63969.4042,64525.312749451565,64344.33479582443,180.97795362713805,191.81384138374935,-10.8358877566113,61.48031936178445,64389.8085,64907.956674184694,63871.660325815305,0.016094105146614766,219.6464285714267,0.6413696655474893,-0.0006480175428932311,0.006623020255588141,0.00293291055222942,0
2026-08-18 23:00:00+00:00,64585.85,64747.01,64579.35,64680.35,3510,64593.7,64658.85799999999,64418.496,64005.891800000005,64549.16463415132,64369.224810948544,179.93982320277428,189.43903774755435,-9.499214544780074,68.41786622870575,64418.496,64934.1491116896,63902.8428883104,0.01600947379117949,220.09499999999858,0.8269434861906478,-0.0006995683162913657,0.008164561243483526,0.002930266331073674,0
2026-08-19 00:00:00+00:00,64685.4,64696.48,64435.02,64452.18,3937,64562.226,64637.111,64433.547999999995,64038.1262,64534.243921204965,64375.36963976718,158.8742814377838,183.32608648560026,-24.451805047816464,59.06721583237918,64433.547999999995,64933.682771755964,63933.413228244026,0.015524048800043396,231.4892857142851,0.5768210794046827,-0.002435708033874273,-0.0033627830056294217,0.0018653094306694236,0
2026-08-19 01:00:00+00:00,64445.87,64502.17,64335.04,64359.07,3913,64526.384,64592.299,64443.239,64068.6504,64507.29408717343,64374.16225904368,133.13182812974992,173.2872348144302,-40.15540668468029,52.31565527492352,64443.239,64928.78266667461,63957.69533332539,0.015068878417939545,228.0928571428563,0.3962222435359586,-0.0027768016129342543,-0.006914664869746789,0.0016735889397097809,0
2026-08-19 02:00:00+00:00,64359.07,64367.61,64290.22,64292.78,3634,64474.076,64542.60400000001,64444.873,64097.827000000005,64474.29191991598,64368.13394355896,106.15797635701892,159.86138312294796,-53.70340676592903,53.993402941996855,64444.873,64928.03576355678,63961.71023644322,0.014994606741075535,223.5535714285709,0.441100649495054,-0.004051471690817876,-0.007670197113030186,0.0016695095920446841,0
2026-08-19 03:00:00+00:00,64296.75,64361.09,64219.89,64268.68,3540,64410.612,64506.683999999994,64451.29549999999,64122.5186,64442.65931685198,64360.76698477682,81.89233207516372,144.26757291339112,-62.3752408382274,53.359899328859036,64451.29549999999,64920.624553480025,63981.96644651996,0.014563836144458343,214.32142857142804,0.04626320122411039,-0.004913139070386818,-0.005557972812971657,0.0015562683458189284,1
2026-08-19 04:00:00+00:00,64268.42,64337.01,64233.23,64258.94,3410,64326.33,64460.015,64453.01699999999,64140.983,64414.39480656706,64353.224245163714,61.170561403348984,127.6481706113827,-66.47760920803371,32.37946509013844,64453.01699999999,64919.084776010306,63986.94922398968,0.014462248555729008,160.05142857142815,0.0,-0.006515270866654155,-0.007210281305875199,0.0013906577091705086,1
2026-08-19 05:00:00+00:00,64258.75,64353.62,64171.94,64179.33,3476,64271.76000000001,64416.992999999995,64456.5625,64157.084,64378.23099017213,64340.3431899664,37.887800205731764,109.69609653025252,-71.80829632452075,21.654176072234733,64456.5625,64912.56276232038,64000.56223767962,0.014149071704541601,154.61928571428558,0.0,-0.004233371159827359,-0.006658767937557264,0.0013537773864246612,1
2026-08-19 06:00:00+00:00,64180.27,64288.27,64098.91,64286.32,3668,64257.21,64391.797000000006,64464.186,64173.3042,64364.09083783796,64336.3414721911,27.74936564685777,93.30675035357356,-65.5573847067158,28.972540370750778,64464.186,64902.21362048871,64026.1583795113,0.013589797612234023,152.02071428571384,0.1564967237190477,-0.0011303768062528308,-0.0039040395870482136,0.0015269782650231387,1
2026-08-19 07:00:00+00:00,64286.36,64342.72,64205.86,64233.9,3623,64245.43400000001,64359.755000000005,64461.86899999999,64188.9514,64344.06147817058,64328.75321499176,15.308263178820198,77.70705291862289,-62.398789739802694,31.887642515630787,64461.86899999999,64904.459953739504,64019.27804626048,0.013731868486143734,149.02714285714268,0.2188335952345304,-0.0009158104533665279,-0.004963571764058483,0.00151455633124377,1
2026-08-19 08:00:00+00:00,64232.57,64446.68,64186.11,64356.32,3646,64262.962,64336.787,64471.632,64204.0672,64345.947404605875,64330.795199066444,15.152205539430724,65.19608344278446,-50.04387790335373,33.39836550477847,64471.632,64894.457156627795,64048.8068433722,0.01311662644518748,154.91571428571373,0.25113906522822804,0.001363650225895352,-0.0035561886476945803,0.001674684311353383,1
2026-08-19 09:00:00+00:00,64355.1,64417.46,64297.18,64369.02,3322,64284.978,64305.654,64482.25600000001,64222.3872,64349.497034666514,64333.626665802265,15.87036886424903,55.33094052707737,-39.460571662828336,38.07947348075568,64482.25600000001,64881.78181200517,64082.73018799485,0.012391806266987881,151.29928571428536,0.351240403687709,0.0017130690297721962,-0.004813362945624178,0.0015666468860216312,1
2026-08-19 10:00:00+00:00,64369.0,64400.06,64297.08,64387.2,3419,64326.552,64299.155999999995,64468.133499999996,64243.897800000006,64355.297490871664,64337.59506092802,17.702429943645257,47.80523841039094,-30.102808466745685,42.09667294413039,64468.133499999996,64859.6566754792,64076.61032452079,0.01214625441200974,150.67928571428482,0.43714464798332797,0.003238893269842391,-0.0010081893273432563,0.0011518388509581146,1
2026-08-19 11:00:00+00:00,64390.35,64481.84,64381.97,64459.38,3499,64361.164000000004,64309.187,64450.743,64268.233199999995,64371.310184583715,64346.61616752594,24.694017057772726,43.182994139867304,-18.48897708209458,45.30901041563712,64450.743,64808.277866674325,64093.20813332568,0.01109482528927007,151.1457142857133,0.5058376330910344,0.0026920190796424492,0.0015585992774600488,0.0011038604438660764,1
2026-08-19 12:00:00+00:00,64459.25,64936.86,64411.0,64829.57,4575,64480.297999999995,64362.865999999995,64452.735,64292.719800000006,64441.81169464776,64382.39052548698,59.421169160777936,46.43062914404943,12.990540016728502,59.01810507608581,64452.735,64818.56972187003,64086.90027812997,0.011352030968741022,181.1485714285705,0.7989944522930441,0.00927345218023512,0.008349149002423006,0.0020050796772231702,1
2026-08-19 13:00:00+00:00,64831.4,65166.62,64729.29,64954.08,6753,64599.85,64431.406,64469.045,64320.563799999996,64520.62220316349,64424.737893969424,95.88430919406528,56.321365154052614,39.56294404001267,59.91337162558596,64469.045,64892.33217978205,64045.75782021794,0.013131485964529344,200.41071428571325,0.9999999999973862,0.009288287459568778,0.010664603660756722,0.0019826294938971073,1
2026-08-19 14:00:00+00:00,64952.35,65928.87,64952.35,65872.85,7618,64900.616,64592.797,64526.406,64368.455599999994,64728.65724883065,64532.0054573791,196.6517914515498,84.38745041355206,112.26434103799774,84.29565326548264,64526.406,65278.958722836025,63773.85327716398,0.023325418831974695,251.48642857142684,0.9999999999984036,0.02336263624955004,0.02511572708793519,0.0045288683894564394,1
2026-08-19 15:00:00+00:00,65872.8,70384.92,65842.19,68510.01,26467,65725.178,65025.865000000005,64721.429000000004,64466.7438,65310.40382593362,64826.6724605362,483.7313653974197,164.25623341032562,319.4751319870941,94.96973084939967,64721.429000000004,66656.78440577128,62786.07359422873,0.05980570687866843,564.0292857142839,0.999999999998636,0.0640315155807365,0.06747780009545123,0.012515209673412925,1
2026-08-19 16:00:00+00:00,68505.61,68985.4,68383.08,68431.59,8720,66519.62,65440.39199999999,64916.09449999999,64558.981799999994,65790.58631425153,65093.70338938537,696.8829248661568,270.7815717014919,426.10135316466494,94.72078212556119,64916.09449999999,67461.07761641569,62371.111383584306,0.0784083865801782,601.5242857142833,0.9966044214669753,0.06162345961130877,0.06448137021997824,0.012669483184191045,1
2026-08-19 17:00:00+00:00,68436.54,68520.59,67791.52,68165.39,6930,67186.78400000001,65833.541,65096.64800000001,64639.511000000006,66155.94072744361,65321.23573091238,834.7049965312253,383.5662566674386,451.1387398637867,90.0114796416053,65096.64800000001,68018.09355706393,62175.2024429361,0.0897571732745414,643.5149999999974,0.9323710879231878,0.051455223287768304,0.06120584302058574,0.01289764636251453,1
2026-08-19 18:00:00+00:00,68165.82,68445.35,68001.49,68373.4,5477,67870.648,66235.249,65286.018000000004,64725.8462,66497.0883078369,65547.32197306702,949.766334769869,496.80627228792474,452.96006248194425,90.59446382622704,65286.018000000004,68540.15324871197,62031.88275128804,0.09968858105917765,667.8064285714261,0.9403228000311143,0.052642112704852195,0.06241935523970277,0.012861965768893237,1
2026-08-19 19:00:00+00:00,68373.13,68477.34,68080.43,68419.48,5984,68379.974,66640.295,65472.9745,64808.8746,66792.84087586199,65760.0744195065,1032.7664563554863,603.9983091014371,428.76814725404915,92.11319308017323,65472.9745,68998.88842412765,61947.06057587235,0.10770593366359592,683.1799999999977,0.956717282226639,0.038659781685474126,0.06292561235202898,0.012838334660814042,1
2026-08-19 20:00:00+00:00,68421.89,69587.67,68359.16,69021.01,8604,68482.17399999998,67103.676,65701.416,64901.8122,67135.63612572938,66001.62520324677,1134.010922482601,710.00083177767,424.01009070493103,92.81865586739917,65701.416,69528.05811386935,61874.77388613064,0.11648583384776227,757.4049999999978,0.9659003841040313,0.007458764055062961,0.07196787560260431,0.012684075104315812,1
2026-08-19 21:00:00+00:00,69024.27,70055.69,68954.39,69698.47,16512,68735.55,67627.58499999999,65968.386,65010.829399999995,67529.91826023256,66275.46555856183,1254.4527016707289,818.8912057562819,435.56149591444694,94.39989209936616,65968.386,70130.9823595228,61805.7896404772,0.12619973329415088,826.2935714285694,0.9907450688003564,0.018513087303685394,0.08127738740273327,0.012529965873578916,0
2026-08-19 22:00:00+00:00,69697.82,69824.7,68944.37,69210.21,7706,68944.514,68065.649,66214.25749999999,65108.365,67788.42468173524,66492.8540357054,1295.5706460298388,914.2270938109933,381.3435522188455,87.22508110097948,66214.25749999999,70537.92435600082,61890.59064399916,0.13059624978807108,870.562142857141,0.8638668533643308,0.015327719829667297,0.06757163436376334,0.0133941217754322,0
2026-08-19 23:00:00+00:00,69211.29,69425.24,69117.43,69288.63,6134,69127.56000000001,68499.104,66465.255,65207.612799999995,68019.22549992982,66699.94855157907,1319.2769483507436,995.2370647189434,324.0398836318002,87.35257092615917,66465.255,70894.90275118762,62035.6072488124,0.13329213139068258,883.9571428571419,0.8559349463582479,0.01338576112932821,0.06673252858019074,0.013427221656326222,1
2026-08-20 00:00:00+00:00,69288.74,69760.23,69267.93,69384.86,7199,69320.63600000001,68850.30500000001,66721.551,65310.598600000005,68229.32311532523,66898.83088109174,1330.4922342334903,1062.288098621853,268.2041356116374,87.50071284715668,66721.551,71206.51924802674,62236.58275197327,0.13443836903691692,911.7657142857139,0.8495990807807525,0.014109724306586413,0.053314984853395586,0.013231119492669162,0
2026-08-20 01:00:00+00:00,69384.97,69852.96,69227.83,69672.52,5954,69450.93800000001,68966.55600000001,66996.2105,65414.601,68451.3534052752,67104.2893343442,1347.0640709309955,1119.2432930836815,227.82077784731405,87.89225021442394,66996.2105,71498.4330970807,62493.987902919296,0.13440230614478427,949.2842857142859,0.80313878766758,0.00943929971468127,0.016968469279160958,0.005169933049697667,1
2026-08-20 02:00:00+00:00,69672.5,69784.84,69214.76,69246.27,5552,69360.49799999999,69048.024,67244.208,65512.974,68573.64826600208,67262.95456883722,1310.6936971648684,1157.5333738999188,153.1603232649495,81.84373089390576,67244.208,71663.58508211965,62824.83091788035,0.13144260936554275,952.4428571428574,0.6255743538068265,-0.006487947296404006,0.011905028072561441,0.005686912110291309,1
2026-08-20 03:00:00+00:00,69246.17,69292.52,68841.16,69130.77,5717,69344.61000000002,69144.562,67489.0515,65612.62,68659.35930200176,67401.31126744187,1258.0480345598917,1177.6363060319134,80.41172852797831,80.15247005825925,67489.0515,71745.80936328336,63232.29363671665,0.12614661989384626,953.4450000000003,0.0,-0.001147807527242084,0.014162319030229353,0.0055065379435650505,1
2026-08-20 04:00:00+00:00,69130.84,69582.17,69096.05,69436.28,4563,69374.14000000001,69250.85,67743.0495,65720.5006,68778.88556323225,67552.0496920758,1226.8358711564506,1187.4762190568208,39.359652099629784,78.22433859416515,67743.0495,71814.9644292248,63671.13457077518,0.12021646380784225,918.4164285714287,0.0,0.00213094125255453,0.015545226652470268,0.005568182923822254,1
2026-08-20 05:00:00+00:00,69430.57,69626.36,69302.87,69375.88,4529,69372.344,69346.49,67993.3925,65825.88620000001,68870.73086119651,67687.14823340352,1183.5826277929882,1186.6975008040542,-3.114873011066038,61.58841305913139,67993.3925,71798.81691587323,64187.96808412677,0.11193512416293194,617.0421428571436,0.0,-0.00012942304704510743,0.013978475136028568,0.005616598612699917,1
2026-08-20 06:00:00+00:00,69375.72,69889.45,69289.06,69813.7,5107,69400.57999999999,69425.75899999999,68264.7175,65939.1374,69015.80303639705,67844.67058648475,1171.1324499123002,1183.5844906257034,-12.452040713403221,66.8742201483154,68264.7175,71747.6839039781,64781.75109602189,0.1020429449218216,616.904285714287,0.16109627617475672,0.002026336925950112,0.011484763842198209,0.005299834752533117,1
2026-08-20 07:00:00+00:00,69809.13,69977.95,69450.87,69778.42,5259,69507.01000000001,69433.754,68530.66949999999,66051.4008,69133.1287231052,67987.91128378217,1145.2174393230234,1175.9110803651674,-30.69364104214401,70.87032690630664,68530.66949999999,71574.85649048434,65486.48250951565,0.08884159494412483,602.4764285714306,0.2828861763825125,0.007684890464136007,0.0011470840034222274,0.0043449018020761745,1
2026-08-20 08:00:00+00:00,69773.88,71765.89,69730.26,71534.19,18849,69987.69399999999,69666.152,68865.9005,66196.8826,69502.5227657044,68250.59859609461,1251.9241696097888,1191.1136982140918,60.81047139569705,79.20076420363752,68865.9005,71660.40657535623,66071.39442464377,0.08115790413155864,716.174285714288,0.5367740699178928,0.034766284246508405,0.033578571716514016,0.008449603234164948,1
2026-08-20 09:00:00+00:00,71536.86,72008.35,71420.3,71727.65,9015,70445.968,69910.05399999999,69204.579,66348.631,69844.85003251911,68508.15795934686,1336.6920731722494,1220.2293732057233,116.46269996652609,79.75213821262524,69204.579,71618.88779392447,66790.27020607553,0.06977309388514516,729.8271428571451,0.5535783721046343,0.0329996076978778,0.0352008691757939,0.008418557348453846,1
2026-08-20 10:00:00+00:00,71727.64,72439.42,71638.41,71941.64,9562,70959.12,70165.73199999999,69508.01849999999,66502.9736,70167.43310443926,68762.48996235822,1404.9431420810433,1257.1721269807874,147.7710151002559,78.23496087594587,69508.01849999999,71671.67949149598,67344.357508504,0.062256442873450196,699.2914285714307,0.5073391478741656,0.03698345880441445,0.03684924924544064,0.00838923950251351,1
2026-08-20 11:00:00+00:00,71943.84,72273.27,71753.67,71865.58,8164,71369.496,70385.03800000002,69675.79699999999,66658.1168,70428.68647298707,68992.34848366502,1436.3379893220554,1293.005299449041,143.33268987301426,73.70701066159674,69675.79699999999,72025.97593912434,67325.61806087564,0.06746041065376981,657.741428571431,0.46071596059820186,0.029390792924598008,0.031476685499534085,0.008515910331600563,1
2026-08-20 12:00:00+00:00,71862.8,71961.62,71415.67,71897.36,9052,71793.284,70650.14700000001,69849.0855,66813.387,70654.63624637367,69207.53452191205,1447.1017244616232,1323.8245844515577,123.27714001006552,82.65757280397082,69849.0855,72320.93045287557,67377.24054712443,0.07077673058083413,633.8571428571449,0.8009918712760905,0.030366695032647772,0.0382849502218674,0.007958241566382886,1
2026-08-20 13:00:00+00:00,71899.7,72047.12,71062.27,71643.01,12606,71815.048,70901.371,70022.9665,66960.6424,70806.69374693157,69387.94011288152,1418.753634050052,1342.8103943712567,75.94323967879518,77.43994256490585,70022.9665,72485.3669342908,67560.5660657092,0.07033122295071007,682.2171428571435,0.6026318294220712,0.001521230617135494,0.036340402399683835,0.008121074476105867,1
2026-08-20 14:00:00+00:00,71642.15,71936.79,71296.71,71778.34,10685,71825.186,71135.577,70193.2135,67112.988,70956.17778586519,69565.0067711866,1391.1710146785917,1352.482518432724,38.68849624586778,77.64369993255045,70193.2135,72646.21643671073,67740.21056328926,0.06989288036259331,692.7728571428567,0.6103781276690106,0.0007067009723586981,0.03372962952508396,0.008132303148819362,1
2026-08-20 15:00:00+00:00,71786.42,72803.75,71737.5,72423.19,14803,71921.496,71440.30799999999,70393.399,67278.321,71181.87197265516,69776.72404739501,1405.1479252601566,1363.0155997982106,42.13232546194604,79.34767996415124,70393.399,72890.00685273079,67896.79114726922,0.07093301042987804,724.2814285714277,0.8429034247217866,0.006693619995318478,0.04392463201908203,0.00816081641594102,1
2026-08-20 16:00:00+00:00,72420.49,72891.48,72157.12,72801.16,8423,72108.61200000001,71739.054,70582.4065,67440.9512,71430.99320763128,70000.75634018057,1430.236867450716,1376.459853328712,53.777014122004175,88.32294467310761,70582.4065,73210.44863391209,67954.3643660879,0.07446734290398827,736.0157142857133,0.9999999999962595,0.01301847142957735,0.04279188755215668,0.0081387551538144,0
2026-08-20 17:00:00+00:00,72805.86,72957.54,72507.57,72723.27,7490,72273.794,72033.539,70733.6465,67599.2728,71629.80502184186,70202.4240186857,1427.3810031561588,1386.6440832942014,40.736919861957404,89.04500854262406,70733.6465,73492.39747448418,67974.89552551582,0.07800392347888302,735.9164285714266,0.9999999999963579,0.011487348075089221,0.04220287590346716,0.00817710726039226,0
2026-08-20 18:00:00+00:00,72712.94,72793.51,72363.14,72407.46,6898,72426.684,72120.866,70893.509,67751.6274,71749.44424925081,70365.76001730158,1383.684231949228,1386.0521130252068,-2.3678810759788576,82.22006784131045,70893.509,73651.10255221975,68135.91544778027,0.0777953748126571,731.9342857142838,0.7514280055044694,0.010670266366530567,0.012207728919555905,0.004036539178389017,1
2026-08-20 19:00:00+00:00,72404.49,72775.57,72289.78,72689.22,6031,72608.86000000002,72217.023,71063.5385,67912.8542,71894.02513398146,70537.86816416813,1356.1569698133244,1380.0730843828305,-23.916114569506135,84.28453763565474,71063.5385,73823.83105580996,68303.24594419003,0.07768519874112284,743.5271428571411,0.7852818392209328,0.012690179237915045,0.013405848372280538,0.004101908895035171,1
2026-08-20 20:00:00+00:00,72687.4,73076.17,72569.28,72656.46,5548,72655.514,72288.505,71227.11850000001,68071.4708,72011.32280567662,70694.80089274827,1316.5219129283505,1367.3628500919347,-50.84093716358416,82.10663510320632,71227.11850000001,73956.12604239708,68498.11095760294,0.0766283292057384,736.8485714285697,0.6182396160593527,0.0032209296497434092,0.009936109324168996,0.004092789871087322,1
2026-08-20 21:00:00+00:00,72654.47,72837.37,72534.03,72723.61,4416,72640.004,72374.30799999999,71379.673,68233.75200000001,72120.90545095714,70845.08304884098,1275.8224021161586,1349.0547604967796,-73.23235838062101,83.02574832975631,71379.673,74083.77487812792,68675.57112187207,0.07576672081778596,720.8671428571407,0.6075589356825923,-0.0010652302792978352,0.01193937348032259,0.00402978140788478,1
2026-08-20 22:00:00+00:00,72726.58,72865.02,72474.52,72665.23,5144,72628.39600000001,72451.095,71550.62100000001,68396.29100000001,72204.64768927143,70979.90874892684,1224.738940344585,1324.1915964663408,-99.45265612175581,70.47842870282517,71550.62100000001,74115.54952718366,68985.69247281637,0.0716954931022511,603.3578571428546,0.0,-0.0007980939250945562,0.010680086167280667,0.004074599920916648,1
2026-08-20 23:00:00+00:00,72665.08,73407.57,72634.42,73005.83,7358,72748.06999999999,72587.37700000001,71744.374,68565.3212,72327.9065063066,71129.97698974707,1197.929516559525,1298.9391804849777,-101.00966392545274,71.9718222698957,71744.374,74117.94457401594,69370.80342598405,0.06616743423020031,616.5792857142836,0.08043450005053056,0.00826392750139271,0.01902237217559688,0.003865863648387071,1
2026-08-21 00:00:00+00:00,73005.11,73978.08,72995.08,73681.09,13113,72946.444,72777.652,71956.6145,68747.223,72536.08858225941,71318.94832383987,1217.1402584195457,1282.5793960718913,-65.43913765234561,75.80824641315151,71956.6145,74217.65186726167,69695.57713273833,0.06284446212409478,629.5785714285697,0.2870651329585624,0.013645352089346918,0.02650869329104011,0.004511777105265819,1
2026-08-21 01:00:00+00:00,73679.95,75764.61,73633.45,75104.6,21436,73436.072,73045.793,72243.05050000001,68955.708,72931.24418498874,71599.3669665184,1331.8772184703412,1292.4389605515814,39.438257918759746,84.33056344596598,72243.05050000001,74577.78086394406,69908.32013605596,0.06463543130543886,744.6899999999981,0.7460789689102075,0.03369473271888013,0.03702419073227792,0.006755448072269583,1
2026-08-21 02:00:00+00:00,75101.43,75172.75,74338.26,74414.64,11255,73774.278,73207.141,72473.0975,69154.9572,73159.45892575971,71807.90570973927,1351.5532160204457,1304.2618116453543,47.29140437509136,73.41403160217122,72473.0975,74704.34508842329,70241.84991157672,0.06157450599992043,765.2999999999987,0.15811220616074642,0.023252833570830633,0.02216283366913374,0.007836176768572279,1
2026-08-21 03:00:00+00:00,74415.9,74848.4,74204.32,74486.83,7337,74138.598,73383.497,72708.51800000001,69357.51239999999,73363.66986025822,72006.34454605487,1357.32531420335,1314.8745121569536,42.45080204639635,77.37906812851647,72708.51800000001,74725.97278369256,70691.06321630746,0.055494317287351345,740.9592857142842,0.37166992979838315,0.025068385526337833,0.024250284675042755,0.007767208161830742,1
2026-08-21 04:00:00+00:00,74485.6,75008.31,74485.6,74997.63,5775,74536.95800000001,73642.514,72881.69,69571.6094,73615.04834329542,72227.9212463471,1387.1270969483157,1329.3250291152262,57.802067833089495,78.9042340574154,72881.69,75062.67503749493,70700.70496250507,0.05985001273968622,732.575714285713,0.45381569611886635,0.027282752624002704,0.03577214281511876,0.007485149568065015,1
2026-08-21 05:00:00+00:00,74998.0,75478.32,74870.17,75433.99,7643,74887.538,73916.991,73067.007,69794.9156,73894.88552124998,72465.40782069176,1429.4777005582146,1349.3555634038241,80.12213715439043,78.08372509514214,73067.007,75455.13041627924,70678.88358372076,0.0653680372121781,699.8542857142851,0.4096229062055616,0.02379036466480078,0.03776034465633282,0.0075197529889145685,1
2026-08-21 06:00:00+00:00,75434.22,75703.37,75060.71,75609.19,8796,74988.45599999999,74212.264,73250.3845,70021.9206,74158.62467182691,72698.2805747146,1460.3440971123055,1371.5532701455206,88.79082696678483,77.2220961953455,73250.3845,75830.20829099351,70670.56070900649,0.07043850509736266,693.3042857142843,0.36321538757657673,0.006718496603403734,0.04063960726960825,0.007398241304897353,1
2026-08-21 07:00:00+00:00,75609.21,76878.81,75570.91,76277.87,14781,75361.102,74567.69,73470.999,70263.8914,74484.66241462277,72963.43534695797,1521.227067664804,1401.4880296493775,119.73903801542656,80.91806096283841,73470.999,76295.26047074996,70646.73752925004,0.07688098730629646,754.5849999999991,0.7536479000182474,0.025038487050397462,0.04887353639347647,0.0074541804083305225,1
2026-08-21 08:00:00+00:00,76282.21,79516.24,76222.71,79242.05,24108,76312.146,75225.372,73838.2335,70563.006,75216.5681969885,73428.51791384997,1788.0502831385384,1478.80048034721,309.2498027913284,90.69763564409726,73838.2335,77566.35190348735,70110.11509651266,0.10098070408164204,959.096428571428,0.9999999999950543,0.06383974187114694,0.09050848665861255,0.012783880666178795,0
2026-08-21 09:00:00+00:00,79245.75,79347.1,77227.07,77888.29,31689,76890.278,75713.61799999999,74150.49750000001,70836.0938,75627.60232052873,73758.87140171294,1868.730918815796,1556.7865680409272,311.9443507748688,77.45371900739154,74150.49750000001,78141.365833658,70159.62916634203,0.10764238860725067,1075.827857142856,0.34498337767608916,0.038543351303234274,0.0668776726461433,0.015185479621542467,0
2026-08-21 10:00:00+00:00,77888.5,78235.5,77593.11,77792.27,9835,77361.93400000001,76124.736,74451.19399999999,71104.8128,75960.62811737046,74057.64166825272,1902.9864491177432,1626.0265442562907,276.9599048614525,76.93969293069166,74451.19399999999,78592.90482889867,70309.48317110131,0.11125975572396271,1085.5064285714273,0.319560715046919,0.031262829925872815,0.0557969487150638,0.015343022671777088,0
2026-08-21 11:00:00+00:00,77789.05,77846.17,76390.79,76714.37,13600,77582.97,76285.713,74665.753,71351.7198,76076.58840700578,74254.43635949327,1822.1520475125144,1665.2516449075358,156.90040260497858,68.926471146185,74665.753,78809.71131356979,70521.7946864302,0.11100024166554084,1167.7949999999994,0.0,0.014617006213133443,0.021433707123132084,0.015618820044712765,1
2026-08-21 12:00:00+00:00,76712.77,77463.96,76495.69,77198.47,9777,77767.09,76564.09599999999,74885.6185,71607.9452,76249.18557515874,74472.51292545673,1776.6726497020136,1687.5358458664318,89.13680383558176,70.66477519300686,74885.6185,79079.34781590177,70691.88918409823,0.1120035969497073,1209.0642857142852,0.07984433019099994,0.012069031293086896,0.037409708627227145,0.015120921776205979,1
2026-08-21 13:00:00+00:00,77199.26,77704.82,76198.89,77225.12,17791,77363.704,76837.925,75110.71100000001,71863.26,76399.32933282663,74676.40974579327,1722.9195870333642,1694.6125940998186,28.306992933545644,69.80037673974635,75110.71100000001,79299.01979179887,70922.40220820115,0.11152360924392951,1261.4057142857139,0.040140507580159496,-0.025452774126868305,0.03676206921411462,0.015135113595312194,0
2026-08-21 14:00:00+00:00,77224.89,77425.31,76513.12,77356.49,15097,77257.344,77073.811,75358.1625,72113.7984,76546.58482008407,74874.93420906784,1671.65061101623,1690.0201974831011,-18.36958646687117,68.17582991450622,75358.1625,79457.85395165648,71258.47104834353,0.10880550468985949,1256.3478571428568,0.0,-0.006827727248858495,0.031452460564420415,0.0151040925031589,0
2026-08-21 15:00:00+00:00,77351.98,77862.21,77124.71,77193.59,9687,77137.608,77249.77100000001,75583.381,72358.5886,76646.12407853268,75046.68648987763,1599.4375886550552,1671.9036757174922,-72.46608706243705,61.802110039807495,75583.381,79558.74076733616,71608.02123266383,0.1051913718264645,1156.8007142857136,0.0,-0.007695880323327797,0.023326354604866983,0.01515939609316238,1
2026-08-21 16:00:00+00:00,77184.12,77534.96,76737.03,77442.78,8696,77283.29000000001,77433.12999999999,75822.697,72589.9872,76768.6865279892,75224.17489803483,1544.5116299543588,1646.4252665648658,-101.91363661050696,68.00470907209868,75822.697,79628.83083681154,72016.56316318846,0.10039563316539742,1154.1892857142852,0.21465603765826266,0.009495091988632742,0.02425088802035824,0.015161517038565631,1
2026-08-21 17:00:00+00:00,77445.74,77695.15,77146.51,77377.08,7341,77319.012,77543.051,76055.3705,72767.3286,76862.28552368317,75383.64935003225,1478.6361736509134,1612.8674479820754,-134.231274331162,67.19811586838208,76055.3705,79625.44015427418,72485.30084572583,0.09388080370403767,1147.3721428571432,0.1867419164631782,0.002313646889633869,0.014410601659432976,0.015020124171226341,1
2026-08-21 18:00:00+00:00,77377.09,77527.44,76574.9,77110.58,7408,77296.104,77329.904,76277.638,72940.9084,76900.48467388576,75511.57013891876,1388.9145349669998,1568.0768653790606,-179.16233041206078,62.94936207714393,76277.638,79495.12296077232,73060.15303922769,0.08436246966043483,1178.0742857142873,0.03970344935210825,-0.0014831961413590555,-0.026898218811855612,0.007324360323691633,1
2026-08-21 19:00:00+00:00,77111.46,77340.85,76816.07,77009.76,6774,77226.758,77242.051,76477.8345,73117.7958,76917.29626251872,75622.54716566551,1294.7490968532074,1513.4113116738902,-218.66221482068272,60.07143067147121,76477.8345,79313.79520262868,73641.87379737131,0.07416425219594007,1172.1192857142867,0.0,-0.004482235427176295,-0.011279359195072836,0.00530122920351101,1
2026-08-21 20:00:00+00:00,77009.16,77533.34,76817.12,77493.28,7279,77286.696,77212.152,76668.44399999999,73300.1934,77005.90914520815,75761.1199682088,1244.789176999344,1459.686884738981,-214.8977077396371,61.58543109395919,76668.44399999999,79210.11387764648,74126.7741223535,0.06630289451671906,1177.3735714285733,0.049434803425245054,0.0038823171716719784,-0.0038434409999863473,0.005792981590261832,1
2026-08-21 21:00:00+00:00,77493.28,78667.88,77351.01,78497.32,11250,77497.604,77390.447,76838.07999999999,73501.75020000001,77235.35696902228,75963.80145204518,1271.555516977096,1422.060611186604,-150.50509420950812,63.10701399018501,76838.07999999999,79393.11874973458,74283.04125026539,0.06650449229690786,1178.0142857142887,0.09911718808834183,0.013617021496387549,0.0232414083567396,0.005009400652151874,0
2026-08-21 22:00:00+00:00,78486.83,78757.19,78059.68,78445.57,11104,77711.302,77515.157,77039.6265,73690.2414,77421.5435891727,76147.6361593011,1273.9074298716005,1392.4299749236036,-118.52254505200312,42.82995632149978,77039.6265,79419.70178157461,74659.55121842539,0.061788339058850686,992.5842857142894,0.0,0.013808869499857046,0.01615446523745878,0.004874219308942136,0
2026-08-21 23:00:00+00:00,78448.49,78720.78,78106.38,78322.5,8348,77953.686,77624.895,77231.41,73862.72200000001,77560.15226776151,76308.73718453805,1251.415083223459,1364.2269965835749,-112.8119133601158,55.021475507282275,77231.41,79349.05409178384,75113.76590821617,0.05483893384269,885.039285714289,0.35742050211145243,0.015716650036869062,0.014210143020820132,0.004966311595909509,1
2026-08-22 00:00:00+00:00,78323.93,78502.87,77659.82,77934.77,8893,78138.68800000001,77682.72300000001,77378.267,74037.2132,77617.78576502898,76429.18405975746,1188.6017052715179,1329.1019383211635,-140.50023304964566,51.54379837234899,77378.267,79234.95227529938,75521.58172470063,0.047989838679105404,899.3721428571454,0.31305546089749364,0.012011594374531365,0.007475520153512605,0.005355140531304501,0
2026-08-22 01:00:00+00:00,77935.6,78240.16,77794.14,77823.92,6717,78204.816,77745.756,77497.7635,74207.91900000001,77649.49872425529,76532.49783310876,1117.0008911465266,1286.6817288862362,-169.68083773970966,65.2068560025655,77497.7635,79120.45692553962,75875.07007446038,0.0418771678627763,827.2750000000025,0.8039175603866167,0.004266692544179218,0.008165574369581652,0.005318767125215914,0
2026-08-22 02:00:00+00:00,77823.87,78553.94,77770.81,78473.77,7332,78200.106,77848.85500000001,77640.99250000001,74389.6972,77776.30968975447,76676.29577139701,1100.0139183574647,1249.348166780482,-149.33424842301724,66.71893107914633,77640.99250000001,79053.9382226843,76228.04677731571,0.03639690007013481,814.0507142857168,0.8857472144333399,-0.00030001024238790475,0.013312926008079762,0.005800592004904536,0
2026-08-22 03:00:00+00:00,78472.7,78838.4,78343.0,78395.73,6390,78190.138,77950.72,77746.8855,74564.1614,77871.60512209994,76803.66126981204,1067.9438522878918,1213.0673038819639,-145.1234515940721,65.14243285825508,77746.8855,79042.24022624841,76451.5307737516,0.033322356719959055,741.8700000000016,0.8803198853964076,-0.0006353449914381359,0.01316475111234472,0.0058068927160678345,0
2026-08-22 04:00:00+00:00,78395.75,78810.63,78180.65,78444.9,7123,78214.61799999999,78084.152,77707.028,74748.13399999999,77959.80433408455,76925.23450908523,1034.5698249993147,1177.367808105434,-142.79798310611932,64.38504624477582,77707.028,78848.60293438639,76565.45306561362,0.029381510624402883,721.7121428571451,0.8562185351622822,0.0015627693191611058,0.017303980854507905,0.0055734865055252665,0
2026-08-22 05:00:00+00:00,78440.98,78582.92,76516.46,77375.14,17320,78102.692,78120.69,77681.37049999999,74913.0214,77869.85597499463,76958.56084174558,911.2951332490484,1124.153273134157,-212.85813988510859,51.935505192974844,77681.37049999999,78828.84332111294,76533.89767888703,0.029543063252545347,816.6378571428587,0.361693676265491,-0.007180748721013819,0.004744593412575382,0.007388558121383558,0
2026-08-22 06:00:00+00:00,77373.84,77565.58,76958.75,77468.5,7838,78031.608,78118.212,77665.182,75073.6658,77808.10890191853,76996.33411272739,811.7747891911422,1061.677576345554,-249.90278715441173,50.283624750780746,77665.182,78815.19982203045,76515.16417796955,0.029614758954159187,802.9878571428583,0.3058773648830617,-0.004566976322960881,-0.0003197696626081603,0.0071167288570163035,0
2026-08-22 07:00:00+00:00,77468.99,77669.24,77195.07,77285.46,6797,77793.946,77997.026,77693.7365,75231.85740000001,77727.70137854645,77017.75084511795,709.9505334285059,991.3321677621443,-281.38163433363843,49.01515640116097,77693.7365,78770.36944392399,76617.103556076,0.027714793815431765,797.6685714285725,0.25891442150130367,-0.01514276681240112,-0.015438234069647172,0.005475128104695756,0
2026-08-22 08:00:00+00:00,77289.74,77430.36,77002.58,77188.27,6714,77552.454,77871.296,77693.2265,75379.34879999999,77644.71193569315,77030.38189362772,614.3300420654268,915.9317426228008,-301.601700557374,50.866652239195595,77693.2265,78770.85646581695,76615.59653418306,0.027740641349653424,760.1857142857147,0.336418619852647,-0.015402114375361875,-0.01602767371057412,0.005467684797597049,1
2026-08-22 09:00:00+00:00,77187.6,77383.07,76818.21,77038.09,6217,77271.09199999999,77742.855,77683.875,75524.5422,77551.38548404805,77030.95286447012,520.4326195779286,836.8319180138263,-316.3992984358978,50.312586201189454,77683.875,78781.6662041503,76586.0837958497,0.028263039251074963,763.048571428572,0.31322524116541506,-0.017933734379162902,-0.016398991349867553,0.0054687371818284685,0
2026-08-22 10:00:00+00:00,77046.65,77182.02,76507.48,76955.59,8228,77187.182,77644.937,77663.82999999999,75632.97020000001,77459.72464034834,77025.37043006493,434.35421028341807,756.3363764677448,-321.98216618432673,43.49127109596106,77663.82999999999,78800.73469165614,76526.92530834384,0.029277584987919072,760.0714285714296,0.027682844540946036,-0.005422284211698991,-0.012564096872294761,0.00534387445876163,1
2026-08-22 11:00:00+00:00,76955.65,77205.71,76789.82,77117.24,5289,77116.93000000001,77574.269,77660.0125,75740.762,77407.03469567937,77032.17558339346,374.85911228590703,680.0409236313773,-305.18181134547024,29.014275547878285,77660.0125,78804.05582126719,76515.9691787328,0.029462867296530307,695.7157142857146,0.0,-0.00453423004188791,-0.009080498643604606,0.0054464376100777385,1
2026-08-22 12:00:00+00:00,77118.59,77386.25,77052.51,77281.91,5234,77116.22,77455.08300000001,77651.96900000001,75847.5674,77387.78474249793,77050.67442906802,337.11031342990464,611.4548015910827,-274.3444881611781,32.89268639777019,77651.96900000001,78804.67240440944,76499.26559559058,0.029688967820234727,669.7321428571429,0.10286291693250713,-4.593360769289401e-05,-0.015188004858183835,0.004555541132326031,0
2026-08-22 13:00:00+00:00,77279.01,77362.87,77089.94,77274.81,4733,77133.528,77342.99100000001,77646.85549999999,75955.75200000001,77370.40401288286,77067.27706395187,303.1269489309925,549.7892310590647,-246.6622821280722,34.05386153804014,77646.85549999999,78805.5849674832,76488.12603251678,0.029846140195161113,645.3414285714285,0.13365951549323174,0.0011211548075891198,-0.014298227722351675,0.004576003459464327,0
2026-08-22 14:00:00+00:00,77275.19,77306.52,76909.38,76994.54,5487,77124.818,77197.955,77641.0535,76057.6956,77312.57878013165,77061.88913328877,250.68964684287494,489.9693142158267,-239.2796673729518,35.20548333191718,77641.0535,78812.18495784895,76469.92204215104,0.03016784046725885,613.490714285715,0.16420274092911882,-0.0005653047732622207,-0.018488901126778146,0.004561264471388579,1
2026-08-22 15:00:00+00:00,76992.82,77090.1,76856.29,76965.6,5013,77126.81999999999,77157.001,77638.84550000001,76164.14739999999,77259.19742934215,77054.75660489702,204.44082444513333,432.8636162616881,-228.42279181655476,36.136989133384354,77638.84550000001,78815.14349994158,76462.54750005844,0.030301790099173206,598.3328571428584,0.18890806679245198,0.00013007502119100067,-0.0052929144942418516,0.0019157570003052599,1
2026-08-22 16:00:00+00:00,76965.56,77548.24,76936.96,77269.75,5135,77157.322,77137.126,77627.66900000001,76273.97559999999,77260.82090175105,77070.68204157132,190.1388601797371,384.3186650452979,-194.1798048655608,28.108886480825547,77627.66900000001,78813.99544548323,76441.34255451678,0.030564525787402534,586.057857142858,0.0,0.0019776382038567686,-0.002565558904586984,0.002341461732036495,0
2026-08-22 17:00:00+00:00,77269.75,77373.94,77043.74,77272.4,4362,77155.42,77135.82,77566.423,76370.95980000001,77262.60230148166,77085.62411256603,176.9781889156293,342.85056981936424,-165.87238090373495,29.0002729349479,77566.423,78688.44291892352,76444.40308107647,0.028930557205751984,574.2578571428583,0.024572238625041005,-0.00012305596484363246,-0.00016898392013209307,0.0022212475452125244,0
2026-08-22 18:00:00+00:00,77272.4,77352.09,77117.77,77259.92,3973,77152.44200000001,77142.985,77507.14050000001,76460.135,77262.18963971524,77098.53491904262,163.65472067262453,307.01139999001634,-143.3566793173918,27.53967110700013,77507.14050000001,78556.51802606162,76457.7629739384,0.027078215485490897,545.9964285714284,0.0,-0.00019268892411383742,0.0009282498493616842,0.0021797598984260647,0
2026-08-22 19:00:00+00:00,77259.1,77467.32,77195.35,77406.68,3934,77234.87,77179.84400000001,77461.3495,76553.8032,77284.41892591289,77121.36048059503,163.05844531785988,278.22080905558505,-115.16236373772517,50.91956569909134,77461.3495,78438.34947814628,76484.34952185371,0.02522548301708281,417.8185714285719,0.9999999999957229,0.005352847097989111,0.004784516334711775,0.0021180828972565888,0
2026-08-22 20:00:00+00:00,77410.41,77471.16,77248.7,77302.6,3768,77302.26999999999,77214.545,77429.741,76651.70599999999,77287.21601423399,77134.78563018057,152.43038405341213,253.06272405515045,-100.63234000173833,45.19314349292454,77429.741,78382.86384905981,76476.61815094018,0.024619037510659247,390.36357142857224,0.7550706576675755,0.004378579521240766,0.004509224086255648,0.0021419749701134644,0
2026-08-22 21:00:00+00:00,77303.06,77314.36,76797.99,76851.81,4690,77218.682,77188.00200000001,77381.1355,76734.9578,77220.2304735826,77113.82447238942,106.40600119318697,223.7313794827578,-117.32537828957084,39.12290998841153,77381.1355,78348.65890374404,76413.61209625597,0.02500669956553012,393.37785714285775,0.4954358898298948,-0.0054088436936835516,-0.0034419022257540233,0.002823837598528215,1
2026-08-22 22:00:00+00:00,76851.55,77155.12,76754.59,76989.89,5025,77162.18,77158.8,77306.9415,76821.62640000001,77184.79347764682,77104.64414110131,80.14933654550987,195.0149708953082,-114.86563434979834,45.12412131937261,77306.9415,78139.89568433726,76473.98731566274,0.021549272760642255,391.43142857142914,0.7521184555830126,-0.0036560272490565593,-0.0037786333179394838,0.002792700664654118,0
2026-08-22 23:00:00+00:00,76989.54,77124.42,76878.58,77056.58,3909,77121.512,77136.977,77239.984,76908.2858,77165.06832723963,77101.08383435306,63.98449288656411,168.8088752935594,-104.82438240699528,50.47390571096123,77239.984,77902.22335004418,76577.74464995581,0.01714757864383253,368.644285714286,0.9809383234610922,-0.002631895036909082,-0.002824076823999877,0.0028197960140770822,0
2026-08-23 00:00:00+00:00,77058.44,77344.58,77026.09,77281.3,4458,77096.436,77165.65299999999,77181.80399999999,77000.6072,77182.95012304891,77114.43317995654,68.51694309237064,148.75048885332166,-80.23354576095102,57.78082492845323,77181.80399999999,77526.79850532541,76836.80949467457,0.008939788588652828,343.21214285714296,0.9999999999966933,-0.0016197568478585334,0.0037244199393879907,0.0027138248201113583,0
2026-08-23 01:00:00+00:00,77281.34,77402.0,77137.9,77173.16,4321,77070.548,77186.409,77171.705,77083.9538,77181.44395027217,77118.78331477458,62.6606354975811,131.53251818217353,-68.87188268459244,51.37091080254175,77171.705,77504.47862470364,76838.93137529636,0.008624239277948758,332.3700000000005,0.7880400277107455,-0.0016744585563746028,0.002696789214921891,0.0027641252146046913,0
2026-08-23 02:00:00+00:00,77173.23,77205.57,76988.2,77062.76,4209,77112.73800000001,77165.70999999999,77151.41799999999,77151.5872,77163.18488099953,77114.6334396061,48.55144139342883,114.93630282442459,-66.38486143099576,44.4805440120889,77151.41799999999,77456.31050868123,76846.52549131875,0.007903743484824553,324.05785714285804,0.5601926766767371,0.0027448930610742828,-0.002678797330132543,0.002477299570309106,0
2026-08-23 03:00:00+00:00,77062.77,77132.92,76819.0,76920.17,4166,77098.79400000001,77130.487,77133.1535,77187.8986,77125.79797623036,77100.22874037603,25.569235854331055,97.06288943040587,-71.49365357607482,41.638767599988604,77133.1535,77447.844288694,76818.462711306,0.008159676466333055,326.9857142857155,0.46622217446412184,-0.0009055734460720055,-0.004558289893933587,0.002523223887339282,0
2026-08-23 04:00:00+00:00,76920.13,77027.58,76454.31,76594.71,5745,77006.42,77063.966,77103.4755,77231.5,77044.09213373339,77062.78290775558,-18.69077402219409,73.91215673988589,-92.60293076207998,40.7700156514755,77103.4755,77498.08704510327,76708.86395489673,0.010235895140764891,339.56642857143015,0.4374947008485503,-0.0059939073340653515,-0.008610027036010326,0.0027853945989918033,0
2026-08-23 05:00:00+00:00,76590.54,76729.57,75563.43,76045.51,10687,76759.262,76927.849,77053.8465,77262.67360000001,76890.46411315902,76987.42935903295,-96.96524587392923,39.736676217122856,-136.7019220910521,32.873698435330056,77053.8465,77670.359064011,76437.333935989,0.01600212298320514,406.1614285714303,0.17638306262403,-0.015990802432153783,-0.01758465806827003,0.0032281344503134663,1
2026-08-23 06:00:00+00:00,76045.53,76351.22,75848.01,76083.52,5922,76541.334,76805.941,77010.243,77284.3914,76766.31886498071,76920.4731102157,-154.15424523498223,0.9584919267018283,-155.11273716168407,25.491622073924205,77010.243,77764.07819699508,76256.40780300493,0.019577530666799077,398.4421428571451,0.0,-0.014119416646927507,-0.015770232825286667,0.003306738325616872,1
2026-08-23 07:00:00+00:00,76084.6,76336.25,75869.92,75989.57,4561,76326.69600000001,76719.717,76953.8595,77295.503,76646.81903959907,76851.5173242738,-204.6982846747269,-40.17286339358393,-164.52542128114297,24.45935453043215,76953.8595,77832.37663323141,76075.3423667686,0.02283230857917934,408.1657142857169,0.0,-0.013926181725128828,-0.01121951454363912,0.0029509480162235166,1
2026-08-23 08:00:00+00:00,75994.1,76655.43,75930.53,76452.25,5229,76233.112,76665.95300000001,76912.3765,77312.3642,76616.8853411992,76821.94196692017,-205.05662572097208,-73.14961585906158,-131.9070098619105,36.36406611402818,76912.3765,77803.9265225326,76020.8264774674,0.023183525541759745,443.2071428571456,0.35726849509820263,-0.006083189883745677,-0.006983254554591478,0.003651808258655112,1
2026-08-23 09:00:00+00:00,76457.02,76642.0,76439.32,76530.2,4406,76220.20999999999,76613.315,76875.14600000001,77317.4108,76603.54913486086,76800.33145085201,-196.78231599114952,-97.87615588547918,-98.90616010567034,34.850349495634006,76875.14600000001,77765.15729328668,75985.13470671333,0.023154721378654056,438.2578571428593,0.31184082938272073,-0.0008422252659486817,-0.0068310843798155,0.0036594057639674654,1
2026-08-23 10:00:00+00:00,76527.58,76914.64,76517.48,76773.65,4838,76365.838,76562.55,76864.1015,77268.0428,76629.71849872841,76798.3550470852,-168.63654835679336,-112.02823437974202,-56.60831397705134,41.27752621112016,76864.1015,77753.35634790943,75974.84665209058,0.02313836577949007,450.7364285714305,0.5047247759401502,0.009575055779098562,-0.006568859478295663,0.0036891510691400508,1
2026-08-23 11:00:00+00:00,76775.06,77393.47,76714.17,77287.72,5672,76606.678,76574.00600000001,76880.20749999999,77256.0314,76730.94949892405,76834.60430285666,-103.65480393261532,-110.35354829031668,6.698744357701358,57.04127751268825,76880.20749999999,77788.66368031096,75971.75131968902,0.02363303143558681,462.3742857142882,0.977805678830227,0.015827343424699603,0.001484453921544615,0.004338204434113798,1
2026-08-23 12:00:00+00:00,77287.7,77295.3,76986.21,77191.12,4453,76846.988,76586.842,76876.276,77244.00839999999,76801.74496062804,76861.01287301542,-59.26791238738224,-100.1364211097298,40.868508722347556,53.294628852847566,76876.276,77778.29176475249,75974.26023524751,0.023466687297716924,455.84285714285943,0.8653662031685544,0.01581203841527179,0.0016656553697271814,0.004331229589982218,0
2026-08-23 13:00:00+00:00,77193.01,77762.3,77172.84,77467.84,7116,77050.106,76641.609,76886.048,77259.0778,76904.22112053141,76905.96303056984,-1.741910038428614,-80.45751889546956,78.71560885704095,56.30005453531609,76886.048,77810.0983509162,75961.99764908379,0.0240368799009206,480.3871428571459,0.9555610729195002,0.01328397790777891,0.007119979064008852,0.004389488062297847,0
2026-08-23 14:00:00+00:00,77472.84,77636.42,76773.91,77177.41,8142,77179.548,76699.879,76881.9225,77258.65659999999,76946.2501789112,76926.07021349059,20.179965420611552,-60.33002203225334,80.50998745286489,48.43992611836081,76881.9225,77799.65989393079,75964.18510606921,0.023873944981820328,519.2457142857165,0.7360084793311531,0.008456922887958074,0.007607574987881005,0.004331349286533036,1
2026-08-23 15:00:00+00:00,77179.62,77324.63,76900.18,77128.38,5808,77250.494,76808.166,76868.00749999999,77256.7218,76974.2701513864,76941.0561236024,33.21402778400807,-41.621212069001054,74.83523985300911,49.31540357249875,76868.00749999999,77760.33119168658,75975.6838083134,0.023217037118767162,530.6992857142884,0.7628785156581076,0.004620465485228431,0.014239762479073548,0.0033919352888149806,1
2026-08-23 16:00:00+00:00,77127.81,77465.26,77125.63,77395.53,4580,77272.056,76939.367,76872.654,77257.50259999999,77039.07935886542,76974.7208551874,64.35850367801322,-20.425268919598196,84.78377259761142,54.854710281301045,76872.654,77775.41293019758,75969.89506980241,0.02348712795053446,539.4321428571441,0.9328901724839481,0.0013949175884604426,0.01724433885288157,0.003431844320978205,1
2026-08-23 17:00:00+00:00,77395.36,77432.38,77123.06,77164.82,4889,77266.796,77056.892,76888.3045,77256.92719999999,77058.42407288612,76988.80227332168,69.62179956444015,-2.4158552227905212,72.03765478723068,53.47967946839784,76888.3045,77800.34705959787,75976.26194040212,0.023723830705562613,539.1035714285733,0.8906879116275888,-0.0003407127659241782,0.015465938286004288,0.003636978421256965,1
2026-08-23 18:00:00+00:00,77160.47,77403.23,77089.66,77332.93,4657,77239.814,77144.95999999999,76905.4565,77254.73019999999,77100.65575398055,77014.2932160386,86.36253794195363,15.339823410158317,71.02271453179532,60.991763101314305,76905.4565,77838.21033386704,75972.70266613296,0.024257156158147036,520.5535714285725,0.9999999999972626,-0.0017414968585673929,0.01151934704341584,0.0032871993111601413,1
2026-08-23 19:00:00+00:00,77343.32,77484.79,77231.2,77323.53,4112,77269.038,77224.29299999999,76918.804,77253.65920000001,77134.944099522,77037.19964448019,97.74445504181494,31.82074973648965,65.9237053053253,72.67391936868883,76918.804,77868.15559793077,75969.45240206923,0.02468451272151268,455.37142857142834,0.9999999999979259,0.0018933001249976655,0.010366234506116623,0.003311976633141732,1
2026-08-23 20:00:00+00:00,77323.56,77452.49,77179.82,77382.02,3988,77319.76599999999,77285.13,76923.84,77259.088,77172.95577651863,77062.74189303721,110.213883481425,47.49937648547673,62.71450699594827,72.87106251365074,76923.84,77882.31287033677,75965.36712966322,0.024920047421885666,438.9042857142849,0.9999999999979343,0.003288543075843142,0.007924203160850185,0.0032251641344583073,0
2026-08-23 21:00:00+00:00,77387.17,78052.87,77387.17,77825.93,7299,77405.84599999999,77338.951,76956.4785,77275.4114,77273.41334936192,77119.27434540482,154.13900395709788,68.82730197980098,85.3117019772969,78.79480666102194,76956.4785,77992.05452858155,75920.90247141845,0.026913290440688464,453.5128571428556,0.9999999999977244,0.005561044675318927,0.006963719462807161,0.0030390125452133356,0
2026-08-23 22:00:00+00:00,77825.96,77985.48,77549.85,77605.06,7441,77493.894,77380.345,76983.5935,77277.647,77324.43591099854,77155.25846796742,169.17744303111976,88.89733019006475,80.28011284105501,69.55977318461183,76983.5935,78058.53701063532,75908.64998936468,0.027926561018103667,432.85071428571246,0.7898475923429337,0.005705190525941539,0.005362533928773283,0.0031898860494618013,0
2026-08-23 23:00:00+00:00,77604.67,77824.88,77279.32,77733.35,6003,77573.978,77406.896,77024.2525,77262.3676,77387.34577084491,77198.08006293279,189.26570791212725,108.97100573447727,80.29470217764998,70.07103225311408,77024.2525,78149.43702763523,75899.06797236478,0.029216369938422318,457.34214285714137,0.7674731669414636,0.00517787183286611,0.0034273577267678323,0.003039941665906483,0
2026-08-24 00:00:00+00:00,77731.09,77744.65,77137.45,77677.86,6817,77644.844,77456.94099999999,77078.41,77247.0134,77432.040267638,77233.61931753035,198.4209501076548,126.86099460911278,71.55995549854201,66.09332673612744,77078.41,78220.6816387663,75936.13836123371,0.02963921125945112,472.34499999999804,0.5815671253556134,0.004582434350837383,0.006484410399364204,0.0027203287732258112,0
2026-08-24 01:00:00+00:00,77679.19,77723.55,76900.56,76915.56,7165,77551.552,77435.659,77121.9125,77218.8746,77352.58176492446,77210.05936808366,142.5223968407954,129.99327505544932,12.529121785346092,43.91398201144715,77121.9125,78160.08039250073,76083.74460749928,0.026922773537306377,482.60857142856963,0.0,-0.006028015293475186,-0.0027592956055865203,0.004294835319605816,1
2026-08-24 02:00:00+00:00,76913.52,77548.7,76866.74,77473.98,6530,77481.16199999998,77443.504,77191.43549999999,77209.6588,77371.25841647453,77229.60904452192,141.64937195261882,132.3244944348832,9.324877517735615,54.01867406203476,77191.43549999999,78116.92692698554,76265.94407301444,0.023979122061683924,509.2421428571407,0.28969189094793435,-0.004522271690168056,0.0010136244302481057,0.004799496546099085,0
2026-08-24 03:00:00+00:00,77474.78,77529.01,76913.54,76934.44,5366,77347.03800000002,77420.46599999999,77238.67899999999,77191.8692,77304.05558317076,77207.74467085363,96.31091231713071,125.12177801133271,-28.810865694201993,42.94843659938554,77238.67899999999,77984.96317796699,76492.39482203299,0.01932410516671312,511.0999999999975,0.0,-0.00864144683349255,-0.002985557408155759,0.005230605905973949,1
2026-08-24 04:00:00+00:00,76934.47,77247.12,76644.71,76889.36,5549,77178.24,77376.10900000001,77260.5345,77160.181,77240.25626268295,77184.16062116077,56.09564152217354,111.31655071350087,-55.22090919132734,45.927804591168744,77260.5345,77931.66320943204,76589.40579056795,0.017373131412443007,492.52142857142564,0.08311491475014042,-0.010857501960226945,-0.005735848880935923,0.005158393597271594,1
2026-08-24 05:00:00+00:00,76891.26,77237.52,76829.21,77152.15,6025,77073.098,77358.97099999999,77291.632,77135.3094,77226.70145303942,77181.78946403775,44.911989001673646,98.03563837113543,-53.12364936946179,50.31688685659423,77291.632,77871.7377825112,76711.52621748879,0.015010830215390136,491.3685714285675,0.20555638533325357,-0.006767822903463228,-0.0022164016567790545,0.005311211815492423,1
2026-08-24 06:00:00+00:00,77147.53,77527.71,77061.46,77458.04,5486,77181.594,77366.573,77325.8515,77115.57220000001,77262.29199872566,77202.25246670161,60.03953202404955,90.43641710171826,-30.396885077668713,50.82482470330847,77325.8515,77855.8861962475,76795.8168037525,0.013709120196303338,500.41285714285397,0.2197262397938153,0.0070529292122425424,0.000982398753612168,0.005470532998475739,1
2026-08-24 07:00:00+00:00,77456.79,77790.48,77262.07,77300.05,4949,77146.808,77313.98500000002,77326.46800000001,77114.0704,77268.10092199864,77209.49672842742,58.60419357122737,84.0699723956201,-25.46577882439273,51.81928498588749,77326.46800000001,77856.34461046092,76796.5913895391,0.013704922109229387,516.0621428571384,0.24746852669389224,-0.002245011809126063,-0.006757130945945544,0.005123824677796506,1
2026-08-24 08:00:00+00:00,77300.37,77401.33,76813.53,77029.15,5230,77165.74999999999,77256.394,77318.3695,77105.2834,77231.33924169117,77196.13771150688,35.20153018429119,74.29628395335432,-39.09475376906313,46.023155711951745,77318.3695,77861.73542380308,76775.00357619692,0.014055286662584921,535.6499999999962,0.08577490851293375,0.0012310481495672043,-0.007421036721059204,0.005159430497216704,1
2026-08-24 09:00:00+00:00,77024.53,77586.49,77006.64,77538.12,4646,77295.502,77236.871,77321.88350000001,77110.3366,77278.53628143098,77221.46973287674,57.06654855424131,70.85033687353172,-13.783788319290409,52.48429587884032,77321.88350000001,77870.20589689023,76773.5611031098,0.01418285153103433,558.9542857142826,0.2660202208210107,0.008437578359346443,-0.002511534624456635,0.005630357040312109,1
2026-08-24 10:00:00+00:00,77541.19,78003.82,77508.52,77606.25,5647,77386.322,77229.70999999999,77343.3255,77118.6962,77328.95377659544,77249.97197488586,78.98180170958221,72.47662984074182,6.505171868840392,52.59011636637499,77343.3255,77901.31426026495,76785.33673973507,0.014428879458123108,574.8564285714258,0.2689722767014924,0.0058857724638912146,-0.0009218843052576364,0.005637892565349475,1
2026-08-24 11:00:00+00:00,77606.3,78589.77,77415.89,78419.96,8045,77578.70599999999,77380.15,77407.9045,77146.3336,77496.80088788846,77336.63775452395,160.16313336450548,90.01393054549456,70.14920281901092,56.32166049076608,77407.9045,78134.6058797131,76681.20312028691,0.01877589593484198,610.787142857141,0.4930657840446335,0.012418594635237534,0.019559111316358013,0.005391990811187194,1
2026-08-24 12:00:00+00:00,78419.95,79312.36,77947.55,79139.93,9971,77946.682,77546.745,77495.1245,77190.0204,77749.58998205946,77470.21495789255,279.3750241669186,127.8861492697794,151.4888748971392,64.76554939230044,77495.1245,78557.00598699089,76433.24301300912,0.02740511725975437,677.1571428571416,0.8043888229346245,0.023801795729756936,0.021503348608139072,0.005631009150642663,0
2026-08-24 13:00:00+00:00,79140.3,79427.42,77821.35,78566.77,16478,78254.206,77709.978,77565.222,77219.011,77875.30998481954,77551.44125730792,323.86872751162446,167.08266491814845,156.786062593476,57.38541101741477,77565.222,78716.61595734426,76413.82804265573,0.029688407450036366,752.9078571428555,0.6237650873550071,0.019961534042632012,0.02121715580174488,0.0056814723172544795,1
2026-08-24 14:00:00+00:00,78561.67,79825.85,78553.36,79476.76,16640,78641.93400000001,77968.718,77672.4135,77262.908,78121.68691023193,77694.05746047029,427.62944976164727,219.19202188684824,208.43742787479903,63.84442282709751,77672.4135,79099.02751208586,76245.79948791413,0.036734123424293025,800.4285714285704,0.9577796304193906,0.02500241171697226,0.03365094988435313,0.00630706521101411,0
2026-08-24 15:00:00+00:00,79479.25,79995.29,78790.45,79076.63,14626,78936.01000000001,78161.166,77760.06850000001,77298.9444,78268.60123173472,77796.4702411762,472.13099055852217,269.77981562118305,202.35117493733912,67.61357986656188,77760.06850000001,79306.79796052935,76213.33903947067,0.039782101285812076,827.7035714285697,0.9999999999959458,0.01894666988805671,0.024943958139857614,0.006838430510952643,0
2026-08-24 16:00:00+00:00,79084.74,79860.21,78874.3,79040.46,10160,79060.11,78319.408,77842.9905,77339.86279999999,78387.34873454476,77888.6176307187,498.7311038260668,315.57007326215984,183.161030563907,63.955477316380666,77842.9905,79479.59337936681,76206.38762063319,0.04204881823924296,849.4142857142849,0.851689385679163,0.00791252635170947,0.020429383444249494,0.006875194154774752,0
2026-08-24 17:00:00+00:00,79046.5,79188.85,78447.31,78754.64,12395,78983.052,78464.867,77889.426,77375.64360000001,78443.85508307634,77952.76743585063,491.08764722570777,350.67358805486947,140.4140591708383,66.98359676787288,77889.426,79575.9307202678,76202.92127973221,0.04330510075315733,858.4192857142854,0.9709494776743844,-0.00486846526146778,0.018817452252618105,0.006996282424724798,0
2026-08-24 18:00:00+00:00,78754.6,79089.76,78718.03,78930.5,7437,79055.798,78655.00200000001,77955.698,77408.8586,78518.72353183384,78025.19207023208,493.53146160175675,379.24516276424697,114.28629883750978,68.59137841835667,77955.698,79698.38484304602,76213.01115695399,0.04470967197410037,841.942142857143,0.9999999999955691,0.004629565400232183,0.02468351267020341,0.0067353123848925295,1
2026-08-24 19:00:00+00:00,78930.64,79115.84,78571.41,78735.18,6833,78907.48199999999,78774.70800000001,78005.78949999998,77438.1142,78552.02452693632,78077.78376873341,474.2407582029118,398.24428185197996,75.99647635093186,64.59818406826993,78005.78949999998,79778.89371780396,76232.685282196,0.045460836411481464,851.6649999999998,0.823061195286957,-0.009330777953202918,0.015438341811743639,0.006726490129157695,1
2026-08-24 20:00:00+00:00,78738.69,78991.25,78537.86,78921.83,5261,78876.52200000001,78906.266,78067.988,77471.3524,78608.91767663843,78140.30571179019,468.61196484824177,412.31781845123237,56.2941463970094,63.80212605864493,78067.988,79879.51469354643,76256.46130645357,0.04640895045345428,850.7464285714284,0.7877877925038681,-0.0019575948039263213,0.01695198518160579,0.0067264045761367165,1
2026-08-24 21:00:00+00:00,78925.47,79037.55,78831.05,78967.15,4154,78861.86,78960.985,78170.56749999999,77502.56180000001,78664.03034177098,78201.55343684278,462.476904928204,422.34963574662675,40.127269181577276,66.06038419298274,78170.56749999999,79939.16423767559,76401.97076232439,0.04524968397282268,827.7528571428577,0.8878514157544001,-0.0009274996628310106,0.00697768782335495,0.005977001380366451,1
2026-08-24 22:00:00+00:00,78967.89,78985.89,78671.19,78734.34,4823,78857.8,78920.426,78233.5855,77531.1966,78674.84721226775,78241.01910818776,433.82810407999204,424.64532941329986,9.182774666692183,66.5487838727022,78233.5855,79987.43050410868,76479.74049589132,0.04483611464052548,808.2457142857145,0.8731865599663639,-0.0002577625902423497,-0.0051249729434937885,0.0052543505327735055,1
2026-08-24 23:00:00+00:00,78734.42,79005.69,78602.63,78980.84,4765,78867.86799999999,78961.833,78335.90550000001,77573.7772,78721.92302576502,78295.8206557294,426.10237003561633,424.93673753776324,1.165632497853096,64.75312606093831,78335.90550000001,80007.46896776726,76664.34203223276,0.04267681485515603,795.6178571428567,0.7601281483282115,0.000637776271529944,0.005270294298721945,0.004778001033595418,1
2026-08-25 00:00:00+00:00,78981.32,79879.27,78702.63,79723.87,8513,79065.606,78986.544,78477.631,77628.4568,78876.06871410886,78401.60208863833,474.46662547052256,434.84271512431513,39.623910346207424,69.02815018222863,78477.631,80113.04952038352,76842.21247961647,0.041678590435114495,844.2849999999993,0.99999999999213,0.012557156788109314,0.003109210793192929,0.0042383938895877715,1
2026-08-25 01:00:00+00:00,79723.78,79975.06,79455.43,79821.81,8363,79245.60199999998,79061.062,78611.114,77683.7614,79021.56737347672,78506.80267466513,514.7646988115885,450.8271118617698,63.93758694981864,64.45602608550385,78611.114,80226.68841808531,76995.5395819147,0.04110295188248591,797.5528571428565,0.6072982455363111,0.011403435526013528,0.009423517415954485,0.0037994960788038192,1
2026-08-25 02:00:00+00:00,79823.12,81267.49,79719.12,80637.76,13596,79579.724,79220.792,78770.1,77750.8906,79270.21239294184,78664.65136543068,605.5610275111685,481.7738949916496,123.78713251951888,65.14596584186958,78770.1,80527.49440636221,77012.7055936378,0.04462084995098911,810.6642857142859,0.6665574753956305,0.02115575907196865,0.020208637449731226,0.004744845173204904,0
2026-08-25 03:00:00+00:00,80637.56,80942.5,80291.05,80460.48,7669,79924.95199999999,79391.376,78928.1215,77816.63699999999,79453.3304863354,78797.67570873212,655.6547776032821,516.5500715139763,139.10470608930586,70.81562708160664,78928.1215,80697.27166025952,77158.97133974047,0.044829399880232136,742.4771428571433,0.9999999999857417,0.02192359775924957,0.021660184085661394,0.004576158697174899,0
2026-08-25 04:00:00+00:00,80453.3,80600.89,80122.9,80344.23,6531,80197.63,79532.749,79093.8755,77882.26640000001,79590.3919499761,78912.23528586306,678.1566641130339,548.8713900337879,129.28527407924605,61.55077322950818,79093.8755,80730.09522086411,77457.65577913588,0.04137411931127627,685.7271428571433,0.0,0.01726228791691753,0.01791107366607325,0.004714844541027822,0
2026-08-25 05:00:00+00:00,80345.87,80795.1,80294.34,80703.68,5872,80393.59199999999,79729.599,79252.15349999999,77957.9366,79761.66703459516,79044.93489431764,716.7321402775124,582.4435400825328,134.2886001949796,71.90221707701194,79252.15349999999,80867.0074433873,77637.29955661268,0.04075230443769099,635.4357142857158,0.9999999999903395,0.012290045628743362,0.02500153044674569,0.004525247864435544,0
2026-08-25 06:00:00+00:00,80703.0,80900.95,80357.39,80534.01,5240,80536.03199999999,79890.817,79398.54149999999,78036.72260000001,79880.48902927282,79155.23675399781,725.2522752750083,611.0052871210279,114.2469881539804,69.40759125225757,79398.54149999999,80912.85195987075,77884.23104012923,0.03814454097675731,603.8392857142868,0.759006969309712,0.008922373471611289,0.02042755470824731,0.004752788359293225,0
2026-08-25 07:00:00+00:00,80539.84,80776.88,79296.79,79656.94,7074,80339.86799999999,79959.796,79460.3905,78108.9512,79846.09687092317,79192.39995740537,653.6969135177933,619.543612400381,34.1533011174123,60.16309612308806,79460.3905,80905.89451763844,78014.88648236154,0.03638300815142483,656.5928571428584,0.0,-0.012163284297579624,0.00873515126226554,0.006281195460925436,0
2026-08-25 08:00:00+00:00,79653.76,80238.32,79574.93,79909.22,5934,80229.61600000001,80077.284,79498.85500000001,78185.46519999999,79855.80812155038,79245.49773833831,610.3103832120687,617.6969665627186,-7.3865833506498575,60.837290057402065,79498.85500000001,80949.386771208,78048.32322879203,0.036491890888440716,677.4257142857168,0.05743138152801021,-0.0068513138375509985,0.014922078473001754,0.00616279900840283,0
2026-08-25 09:00:00+00:00,79909.1,79940.28,78837.59,79180.88,7496,79996.946,80097.288,79529.56049999999,78249.2914,79751.97302592725,79240.71123920215,511.2617867250956,596.4099305951939,-85.14814387009835,54.41414745649251,79529.56049999999,80921.84530074969,78137.2756992503,0.035013013827724954,717.3014285714318,0.0,-0.014479571215008091,0.002532766174682566,0.006966752289257979,1
2026-08-25 10:00:00+00:00,79180.7,79470.49,78967.34,79293.15,5787,79714.84,80054.216,79520.37999999999,78306.1094,79681.38486809228,79244.59559185385,436.789276238429,564.485799723841,-127.69652348541194,53.73248950576575,79520.37999999999,80916.54670626533,78124.21329373465,0.03511468899583587,720.8557142857181,0.0,-0.017477889484097897,-0.005402647914608316,0.006221235564635182,1
2026-08-25 11:00:00+00:00,79293.98,79474.89,79016.3,79114.9,5812,79431.01800000001,79983.525,79522.2935,78357.8034,79594.23334992424,79234.98851097577,359.24483894846344,523.4376075687654,-164.192768620302,51.44651846746386,79522.2935,80916.00220087527,78128.58479912473,0.03505202477278328,738.8621428571465,0.0,-0.017621250947270628,-0.008856100857647875,0.00620953798046805,1
2026-08-25 12:00:00+00:00,79116.44,79167.97,78612.3,78971.78,8383,79293.986,79816.927,79518.85949999999,78401.766,79498.47129608973,79215.49158423684,282.979711852895,475.3460284255913,-192.36631657269635,52.36616574321365,79518.85949999999,80917.89521856085,78119.82378143913,0.03518751972444623,756.0742857142894,0.044957998907748396,-0.008601384888749175,-0.02066004809657407,0.0048345209320828295,1
2026-08-25 13:00:00+00:00,78972.13,79217.68,78096.66,78632.27,14172,79038.59599999999,79634.106,79512.74100000001,78428.65699999999,79365.20955822978,79172.28998540448,192.9195728252962,418.8607373055323,-225.94116448023613,46.58960827017798,79512.74100000001,80926.83846184463,78098.64353815539,0.035569078466169836,807.357142857146,0.0,-0.0159800083144348,-0.02272183809989692,0.004885852044597263,1
2026-08-25 14:00:00+00:00,78632.25,79375.44,78507.53,79218.39,11704,79046.098,79521.522,79527.1355,78469.20240000001,79342.62193388674,79175.70480130045,166.91713258628442,368.4720163616828,-201.55488377539837,44.897749066316734,79527.1355,80922.0083783123,78132.26262168771,0.03507916812399947,785.3050000000034,0.0,0.0004737254751399078,-0.01401270508162189,0.005783748382555177,0
2026-08-25 15:00:00+00:00,79230.34,79540.14,79001.51,79502.93,7841,79088.054,79401.44700000001,79565.523,78509.9042,79367.28471328877,79199.94370490783,167.3410083809431,328.2458147655349,-160.90480638459178,46.898114822668745,79565.523,80909.97393748684,78221.07206251317,0.03379481179271167,786.6621428571463,0.07407536247528936,0.002645625757079939,-0.014878503681616473,0.005690270904584677,0
2026-08-25 16:00:00+00:00,79506.1,79577.66,79063.47,79148.99,6386,79094.872,79262.945,79576.881,78549.3358,79333.70091124433,79196.16935639615,137.53155484818853,290.1029627820656,-152.57140793387708,34.08784354298432,79576.881,80902.13636877983,78251.62563122016,0.03330754742146367,712.7921428571457,0.0,0.00043089228451287376,-0.0171979515238343,0.005766666604237714,0
2026-08-25 17:00:00+00:00,79149.54,79256.69,78738.19,79222.89,5904,79145.09400000001,79219.54000000001,79589.668,78591.226,79316.6530787452,79198.14866332976,118.50441541544569,255.78325330874162,-137.27883789329593,36.47356881638383,79589.668,80894.93676463042,78284.3992353696,0.03279995500497404,703.2957142857174,0.063090434943908,0.003179743447596195,-0.005448991638393408,0.00480980352986635,0
2026-08-25 18:00:00+00:00,79223.13,79376.56,79030.11,79108.85,4719,79240.41,79139.503,79608.39349999999,78625.4924,79284.68337432288,79191.53394752755,93.14942679532396,223.25648800605813,-130.10706121073417,36.49119737561497,79608.39349999999,80872.07968499124,78344.70731500874,0.03174756151790083,693.9000000000025,0.06355662167618936,0.00606087042889647,-0.010015990645384831,0.004633105213227715,0
2026-08-25 19:00:00+00:00,79107.2,79232.41,78716.46,78921.92,4907,79181.116,79113.607,79605.4475,78660.63440000001,79228.87362442704,79171.56254400699,57.31108042005508,190.06740648885753,-132.75632606880245,29.75263523925085,79605.4475,80875.55210155013,78335.34289844986,0.03190999212836871,694.9850000000016,0.0,-0.003742439097790262,-0.0032704865113901693,0.0037207515885027487,0
2026-08-25 20:00:00+00:00,78933.77,78982.79,78163.09,78197.15,6714,78919.95999999999,79004.007,79529.1115,78677.9188,79070.14691297672,79099.38383704351,-29.23692406679038,146.20654037772795,-175.44346444451833,26.419553266546373,79529.1115,80944.46128616991,78113.76171383008,0.0355932503073397,714.7092857142873,0.0,-0.016424300337107067,-0.013822127132041007,0.004580983096225474,1
2026-08-25 21:00:00+00:00,78194.16,78658.65,77831.52,78550.99,8053,78800.36,78947.616,79465.5705,78702.468,78990.27661867261,79058.76207133659,-68.48545266398287,103.26814176938578,-171.75359443336865,37.52270496519505,79465.5705,80938.52466836495,77992.61633163506,0.03707150553622324,668.0692857142858,0.3225997039284223,-0.00755537120562122,-0.007127734472267444,0.004926303053318566,1
2026-08-25 22:00:00+00:00,78551.92,78997.43,78551.67,78876.72,5338,78731.126,78938.11000000002,79377.51849999999,78732.362,78972.80636964606,79045.2774734598,-72.4711038137466,68.1202926527593,-140.5913964665059,38.54127361108018,79377.51849999999,80763.40411906334,77991.63288093664,0.034918844661624246,652.5728571428554,0.4330021811440957,-0.004369570461264405,-0.001203721126711299,0.005133542458546179,1
2026-08-25 23:00:00+00:00,78876.36,78957.47,78383.07,78532.71,5534,78615.898,78928.15400000001,79281.13,78746.4976,78905.09923585436,79007.30951246279,-102.2102766084281,34.05417880052181,-136.2644554089499,42.135710767125154,79281.13,80617.1339348268,77945.12606517322,0.033702948856223144,614.8378571428548,0.5754107637081505,-0.007282876694579721,-0.0012661468376786722,0.0051392215723626775,1
2026-08-26 00:00:00+00:00,78534.28,78710.72,78294.34,78618.21,7098,78555.15599999999,78868.136,79194.829,78766.7606,78860.9624303383,78978.48732635444,-117.5248960161407,3.7383638371892984,-121.26325985333,41.75736407601005,79194.829,80462.95069474749,77926.70730525251,0.03202536606897628,608.6399999999974,0.5911296059629066,-0.0038482337986708304,-0.007576271115835476,0.004444916764618067,1
2026-08-26 01:00:00+00:00,78617.68,78950.9,78587.16,78808.07,5722,78677.34,78798.65,79100.0485,78788.255,78852.82513336318,78965.86382069855,-113.03868733537092,-19.617046397322753,-93.42164093804817,46.263465674251975,79100.0485,80159.53341214491,78040.5635878551,0.026788476928554798,601.8649999999969,0.7647978103297276,0.007812560943717406,-0.008740055240731182,0.004331273302844211,1
2026-08-26 02:00:00+00:00,78808.49,79233.99,78721.16,79094.75,4969,78786.092,78793.226,79028.0855,78816.5928,78890.044343615,78975.41094509125,-85.36660147625662,-32.76695741310953,-52.59964406314709,51.44692036701913,79028.0855,79845.28525639366,78210.88574360634,0.02068124898188658,598.8049999999972,0.9999999999960044,0.0069223825186670584,-0.0006852898565099519,0.0043431718981745155,0
2026-08-26 03:00:00+00:00,79095.03,79177.54,78869.71,79075.41,4411,78825.83,78778.478,78999.009,78859.7898,78918.56213690499,78982.8182824919,-64.2561455869145,-39.064795047870525,-25.191350539043974,55.63906138654183,78999.009,79761.55268197521,78236.4653180248,0.019305145510754615,540.719999999997,0.9999999999965777,0.0025189941975274355,-0.001861583186374527,0.004329177631072743,0
2026-08-26 04:00:00+00:00,79075.44,79174.92,78769.39,78813.2,4590,78881.928,78748.913,78944.208,78886.5742,78902.35257738114,78970.25396527028,-67.90138788914192,-44.83211361612481,-23.069274273017108,44.38061848006673,78944.208,79577.98930809175,78310.42669190824,0.01605643590956679,507.6928571428538,0.6146943042195769,0.0035716327629593536,-0.0037372556926311695,0.004429444467442552,0
2026-08-26 05:00:00+00:00,78813.22,79129.65,78622.1,79069.11,5353,78972.10800000001,78763.632,78938.6195,78929.26759999999,78928.00756547635,78977.57663450952,-49.56906903316849,-45.77950469953355,-3.7895643336349423,43.935403421068905,78938.6195,79565.547900711,78311.691099289,0.015883946404991193,505.47285714285266,0.5994573927298988,0.005735312467683995,0.001865007845729183,0.004503003563584117,0
2026-08-26 06:00:00+00:00,79069.94,79201.42,78794.65,78928.53,5034,78996.2,78836.77,78920.3885,78970.051,78928.08794001843,78973.94355047178,-45.85561045334907,-45.79472585029666,-0.06088460305241483,46.72256414830663,78920.3885,79524.70609313957,78316.07090686043,0.015314612728739093,497.79999999999563,0.6948443758297574,0.001528523665152548,0.009353026293157818,0.003213521664436817,0
2026-08-26 07:00:00+00:00,78928.88,79089.4,78843.2,78909.39,4739,78959.128,78872.61000000002,78910.113,79005.19579999999,78925.21133386176,78969.1618059924,-43.95047213062935,-45.4258751063632,1.47540297573385,45.2622606950498,78910.113,79507.45330747013,78312.77269252986,0.015139765608246807,478.3499999999954,0.6448673725463748,-0.0023435183751133737,0.00456264141292162,0.002966031605289877,0
2026-08-26 08:00:00+00:00,78908.71,79111.36,78590.36,78700.98,5048,78884.242,78855.036,78896.573,79030.0546,78890.71420557534,78949.29648702999,-58.58228145465546,-48.05715637602166,-10.525125078633799,44.00704103252793,78896.573,79500.27046949598,78292.87553050402,0.015303515641825888,490.8178571428528,0.6019090976376128,-0.004735100330178543,-0.0022280338229074825,0.0028004749943865087,0
2026-08-26 09:00:00+00:00,78701.36,78873.4,78223.3,78439.22,5788,78809.44600000001,78845.687,78886.9205,79052.838,78821.25355856375,78911.51304354628,-90.25948498252546,-56.497622097322434,-33.76186288520303,43.06014825720157,78886.9205,79514.12696988894,78259.71403011105,0.015901405858248566,500.3999999999952,0.5695029129943079,-0.004745144214420849,-0.0011904593640026384,0.0026451653225501854,0
2026-08-26 10:00:00+00:00,78432.07,78867.76,78272.06,78702.5,5242,78736.124,78854.11600000001,78861.126,79086.305,78802.98378032318,78896.03059587619,-93.04681555301067,-63.80746078846009,-29.239354764550583,58.37712391214266,78861.126,79473.18457256172,78249.06742743829,0.015522440614447046,484.3999999999952,0.999999999995205,-0.004636576787066415,0.0010721434639633376,0.0028492581023528787,0
2026-08-26 11:00:00+00:00,78701.55,78768.53,78285.34,78462.43,5026,78642.90400000001,78819.552,78809.101,79104.7912,78750.59089104268,78863.9120332187,-113.32114217602066,-73.71019706597222,-39.61094511004843,48.474408092389744,78809.101,79365.84693481261,78252.35506518738,0.014128975657585892,459.83285714285324,0.5007667597051504,-0.005905342466152708,-0.0043858452567105966,0.0028821546996960342,0
2026-08-26 12:00:00+00:00,78472.26,78704.06,77922.32,78299.03,8706,78520.832,78739.98,78766.603,79118.6468,78681.11998472843,78822.06891964695,-140.9489349185169,-87.15794463648116,-53.790990282035736,39.4587887524405,78766.603,79343.50305762356,78189.70294237645,0.014648341699426996,483.78285714285346,0.0,-0.007734947640578693,-0.010060339023765796,0.002530009249305915,1
2026-08-26 13:00:00+00:00,78299.24,78550.18,77887.53,78428.83,9969,78466.402,78675.322,78726.9,79118.8242,78642.30614092406,78792.94011078421,-150.6339698601514,-99.85314968121523,-50.78082017893618,47.94373579736643,78726.9,79280.40199396557,78173.39800603442,0.014061318150862688,490.08642857142485,0.4485038970529933,-0.003458025554446631,-0.008176751786680647,0.0026618491185580132,1
2026-08-26 14:00:00+00:00,78432.88,78598.55,77748.85,77774.04,8404,78333.366,78571.40599999999,78660.15950000001,79091.5064,78508.72673462804,78717.4660285039,-208.73929387585667,-121.63037852014354,-87.10891535571314,36.363372027280526,78660.15950000001,79329.51923532964,77990.79976467037,0.0170190281734589,521.0378571428529,0.0,-0.008480196513937943,-0.013185100972933461,0.0035231729366148904,1
2026-08-26 15:00:00+00:00,77785.97,78157.6,77614.92,78004.73,7267,78193.81199999999,78464.968,78614.3,79080.2656,78431.18877545449,78664.67076713324,-233.48199167875282,-144.0007011518654,-89.48129052688742,37.191890461279314,78614.3,79332.07566615456,77896.52433384545,0.018260689624013882,533.8192857142827,0.03763640284166005,-0.00886591912582202,-0.013461388398073537,0.0034836065129043867,1
2026-08-26 16:00:00+00:00,77998.17,78172.5,77841.64,77982.57,5858,78097.84,78370.372,78603.571,79050.3818,78362.17050230764,78614.14478438262,-251.9742820749816,-165.59541733648865,-86.37886473849295,30.634433091651346,78603.571,79353.30435603463,77853.83764396537,0.019076317945774513,520.8214285714255,0.0,-0.006115793252898016,-0.011985019865440205,0.0034951743937110384,1
2026-08-26 17:00:00+00:00,77981.8,78614.39,77981.8,78432.22,5447,78124.478,78322.655,78597.6325,79037.4936,78372.94734810646,78600.66887442836,-227.72152632189682,-178.0206391335703,-49.700887188326504,40.26015718460861,78597.6325,79350.99221522131,77844.2727847787,0.019170035820641394,544.018571428569,0.34696432855794984,0.0017010427843104914,-0.006047062333139341,0.004135735803676755,1
2026-08-26 18:00:00+00:00,78432.31,78655.45,78260.32,78467.3,5096,78132.17199999999,78299.287,78577.1615,79026.0304,78387.46314070547,78590.78969854477,-203.32655783930386,-183.08182287471703,-20.244734964586826,44.37509756986012,78577.1615,79320.77742782435,77833.54557217566,0.018927024433794112,543.2757142857112,0.4952895365149696,0.0004905084010560223,-0.0029692133439760404,0.004081219865366206,1
2026-08-26 19:00:00+00:00,78466.92,78576.21,78278.03,78473.4,4825,78272.04400000001,78302.705,78574.19600000001,79020.4056,78400.68419598155,78582.09416531923,-181.40996933767747,-182.74745216730915,1.337482829631682,39.45612426590566,78574.19600000001,79319.03038042742,77829.3616195726,0.018958752830952403,528.3207142857126,0.3179825356993358,0.008992203568182866,0.0004357514008934693,0.00393933536812441,1
2026-08-26 20:00:00+00:00,78465.58,78527.34,78188.94,78442.28,4543,78359.55399999999,78276.68299999999,78565.3995,79010.6412,78407.08355044592,78571.73756048076,-164.65401003483566,-179.12876374081446,14.474753705978799,41.046603693678705,78565.3995,79312.19810434309,77818.60089565691,0.019010877793425755,523.4371428571404,0.37531220995690834,0.00560927523241217,-0.0033063752739748153,0.003764269656336778,1
2026-08-26 21:00:00+00:00,78442.27,78839.01,78370.79,78716.75,5153,78506.38999999998,78302.11499999999,78560.83350000001,79010.2726,78454.72454268501,78582.47922266736,-127.75467998234672,-168.85394698912094,41.09926700677423,46.757753855889696,78560.83350000001,79302.48383235512,77819.1831676449,0.018880918119462544,539.2957142857122,0.5811736456461976,0.009414667918741237,0.0032412965033075114,0.0038068689805289125,1
2026-08-26 22:00:00+00:00,78716.77,78985.83,78548.73,78687.88,5215,78557.522,78341.0,78540.49,79005.5936,78490.59461304118,78590.28668765495,-99.69207461377664,-155.02157251405208,55.32949790027544,49.765337269457454,78540.49,79241.69371660924,77839.28628339077,0.01785585286287962,533.3028571428555,0.6895835844303423,0.0032596297797002904,0.004966217333727041,0.003723803456766589,1
2026-08-26 23:00:00+00:00,78687.87,79172.51,78640.65,79023.56,4990,78668.774,78400.473,78537.89749999999,79006.7218,78572.58928795792,78622.38100708791,-49.791719129993,-133.97560183724028,84.18388270724728,60.19733627441402,78537.89749999999,79231.11188853797,77844.68311146201,0.017652990737063657,524.8571428571419,0.9999999999966175,0.0070890676753245785,0.007583053323630962,0.003900897861880764,0
2026-08-27 00:00:00+00:00,79025.96,79038.06,78677.88,78682.76,4797,78710.646,78491.345,78531.3755,79005.6902,78589.53862827209,78626.8535250814,-37.31489680931554,-114.64346083165532,77.32856402233978,49.66459146084512,78531.3755,79216.08632532106,77846.66467467893,0.017437892077187947,508.0342857142844,0.6437175081040544,0.0026679104002120813,0.01168410436181544,0.0029451212975896476,1
2026-08-27 01:00:00+00:00,78679.49,79017.81,78548.45,78894.65,5195,78801.12,78580.33699999998,78522.6525,79003.9664,78636.47883930714,78646.69030100129,-10.211461694154423,-93.75706100415513,83.54559931000071,57.414993995539646,78522.6525,79182.51301129824,77862.79198870175,0.016806882862196938,507.0464285714271,0.9058839971918837,0.0057669154950621415,0.011408538943728175,0.0029277858189688173,0
2026-08-27 02:00:00+00:00,78895.59,78982.16,78694.04,78727.44,4169,78803.258,78654.824,78512.598,78984.0378,78650.47286402911,78652.67176018638,-2.198896157264244,-75.44542803477695,73.24653187751271,57.3400358426625,78512.598,79152.23688068619,77872.9591193138,0.016293917077771242,471.78785714285704,0.9033484494341589,0.00013580337094709627,0.009551749833328183,0.0030804434809175787,1
2026-08-27 03:00:00+00:00,78727.29,78981.52,78624.14,78820.86,4173,78829.854,78693.688,78508.1715,78964.0188,78676.68626956308,78665.13014832072,11.556121242363588,-58.04511817934884,69.60123942171242,56.801518426887604,78508.1715,79137.38900993486,77878.95399006513,0.016029350777450418,449.9828571428578,0.885132463932198,0.0016899680103212855,0.0049551064600747985,0.0025866326117438983,1
2026-08-27 04:00:00+00:00,78820.91,78889.56,78663.71,78757.86,3835,78776.714,78722.74399999999,78511.01550000001,78926.4208,78689.17453578416,78671.99902622288,17.17550956127525,-43.00099263122402,60.17650219249927,71.47947287065476,78511.01550000001,79144.4027463079,77877.62825369212,0.016134990543024825,405.4221428571431,0.9999999999975516,-0.003362288411202896,0.003702943774030576,0.002619150493776269,1
2026-08-27 05:00:00+00:00,78757.86,78913.74,78571.41,78897.73,4026,78819.708,78765.177,78533.941,78895.1658,78721.25999181737,78688.71983909527,32.540152722096536,-27.89276356055991,60.43291628265645,70.30172962552109,78533.941,79189.20054804045,77878.68145195956,0.016687295701623875,391.1114285714284,0.9711655747771799,0.002732110566533219,0.005407309992940368,0.0026527352423555083,1
2026-08-27 06:00:00+00:00,78897.26,78897.26,78582.38,78811.32,4152,78803.042,78802.081,78539.382,78864.5076,78735.11537769162,78697.80133249561,37.31404519600619,-14.851401809246687,52.16544700525288,68.3062595811046,78539.382,79202.29725078825,77876.46674921174,0.016881091597798763,390.0035714285706,0.9009093855609571,-0.0010562186409343033,0.004704605730481148,0.002689167811509717,1
2026-08-27 07:00:00+00:00,78808.04,79091.9,78724.05,79061.94,3996,78869.94200000001,78836.6,78569.35750000001,78831.6728,78785.39608881599,78724.77456712557,60.62152169042383,0.2431828906874217,60.37833879973641,65.25085491199047,78569.35750000001,79270.7236304178,77867.99136958223,0.01785342664709407,371.0935714285702,0.805497606274032,0.0042488362380384,0.004385216615269361,0.002650899113770942,1
2026-08-27 08:00:00+00:00,79064.57,80019.62,79020.61,79753.86,7672,79056.54199999999,78943.198,78642.099,78816.0698,78934.39053669045,78801.00311770887,133.38741898158332,26.87203010886661,106.51538887271671,73.63800718753028,78642.099,79507.91000782872,77776.28799217129,0.022019020825695755,414.2278571428563,0.9999999999970745,0.01183696803105172,0.013546940138684516,0.0037020730022479854,0
2026-08-27 09:00:00+00:00,79751.59,80527.99,79668.95,79986.36,7451,79302.242,79039.478,78719.9755,78822.65819999999,79096.23199258423,78888.80733121191,207.4246613723226,62.98255636155782,144.44210501076478,75.66270210124279,78719.9755,79766.3723569669,77673.5786430331,0.02658529427430765,454.28928571428486,0.9999999999971111,0.01559844312681924,0.0121837082510583,0.0036073978227278746,1
2026-08-27 10:00:00+00:00,79983.46,80164.9,79334.7,79635.71,6942,79449.83800000002,79134.773,78813.059,78817.18800000001,79179.22860910975,78944.13345482585,235.09515428390296,97.40507594602687,137.6900783378761,68.26318898421063,78813.059,79836.10710409815,77790.01089590184,0.025961385513488422,489.4178571428565,0.7440053151350603,0.009353627791319319,0.012111293503176634,0.0036195813765244993,1
2026-08-27 11:00:00+00:00,79634.77,79774.29,79162.82,79474.22,5461,79582.418,79192.73000000001,78886.53349999999,78823.0548,79224.61190001595,78983.39912483875,241.2127751772059,126.1666157922627,115.04615938494321,62.00682870847393,78886.53349999999,79875.65839907363,77897.40860092636,0.025077154621672784,499.64999999999833,0.4747359305565503,0.00841122823472551,0.007346125497736722,0.003711432703731862,1
2026-08-27 12:00:00+00:00,79474.19,79594.24,79248.51,79261.01,4817,79622.232,79246.087,78950.45550000001,78822.412,79230.2116077058,79003.9628933692,226.24871433660155,146.1830355011305,80.06567883547106,58.583208283537985,78950.45550000001,79855.25097108855,78045.66002891147,0.0229205890037845,493.1235714285701,0.34304865249708544,0.0025178992572152392,0.006777433636861563,0.003763539657271315,1
2026-08-27 13:00:00+00:00,79259.48,79577.68,78897.43,79521.42,8295,79575.744,79316.14300000001,79004.91549999999,78830.5424,79275.01289882798,79042.29304941592,232.719849412053,163.49039828331502,69.22945112873799,57.62793405650555,79004.91549999999,79909.4915980105,78100.33940198948,0.02289923588388653,503.7228571428558,0.3063046659727575,-0.0029144670866088074,0.0088880024907112,0.0038522837456712034,1
2026-08-27 14:00:00+00:00,79522.16,80399.74,79342.68,80205.06,9721,79619.484,79460.863,79091.80350000001,78855.20800000001,79418.09706823905,79128.42393464438,289.6731335946679,188.72694534558562,100.94618824908227,71.10647100581232,79091.80350000001,80106.12733600294,78077.47966399707,0.025649278208782666,553.5,0.7584334486015725,0.0027342161838592727,0.018375308826318992,0.004487498572097809,0
2026-08-27 15:00:00+00:00,80204.26,80810.85,80091.69,80319.2,9124,79756.182,79603.01000000001,79184.09349999999,78888.9466,79556.72828850996,79216.62956911516,340.0987193947949,219.00130015542754,121.09741923936735,70.30146872301208,79184.09349999999,80292.98402259678,78075.2029774032,0.028007911023109466,571.3428571428574,0.7157530794002211,0.008582707431125991,0.018016614673197928,0.004489371127907519,0
2026-08-27 16:00:00+00:00,80308.11,80650.77,80202.5,80377.23,6575,79936.784,79759.601,79280.84099999999,78912.1234,79682.95932104687,79302.59997140293,380.35934964394255,251.27291005313054,129.086439590812,74.26654232770771,79280.84099999999,80453.05144199001,78108.63055800996,0.02957108999360963,582.7821428571426,0.9259770861822434,0.011362300881971432,0.019869100022686936,0.0043950983449214075,0
2026-08-27 17:00:00+00:00,80378.64,80869.59,80236.73,80449.63,6458,80174.508,79898.37000000001,79367.485,78931.05739999999,79800.90865627043,79387.56515870643,413.3434975639975,283.6870275553039,129.6564700086936,74.10642662412059,79367.485,80617.71383690574,78117.25616309427,0.03150481174767564,602.4592857142852,0.9137069313365687,0.014996276227113636,0.017551934597102026,0.004384927780866162,0
2026-08-27 18:00:00+00:00,80449.89,80449.89,79744.95,80157.38,6420,80301.7,79938.72200000001,79440.95999999999,78951.2252,79855.75040145959,79444.58848028374,411.1619211758516,309.1820062794135,101.97991489643812,69.39715152153553,79440.95999999999,80695.73549507944,78186.18450492054,0.0315901392702064,636.6800000000003,0.652584909091699,0.007997342099776539,0.005059567022837497,0.003911020976897983,1
2026-08-27 19:00:00+00:00,80158.89,80301.48,79869.64,79911.02,4916,80242.892,79931.188,79485.333,78964.9878,79864.25341661966,79479.13896322569,385.11445339396596,324.368495702324,60.745957691641934,63.64138146433939,79485.333,80740.72530274565,78229.94069725435,0.031588023987913535,643.0735714285713,0.33343635986243203,-0.0036661028618393265,-0.0009419105957565455,0.0039602819167099184,1
2026-08-27 20:00:00+00:00,79916.69,80134.04,79878.85,80116.52,4316,80202.356,79979.269,79557.021,78985.1412,79903.06366021663,79526.35237335712,376.7112868595141,334.83705393376204,41.87423292575204,67.02529532078299,79557.021,80782.84290964418,78331.1990903558,0.03081618427226404,638.7764285714283,0.5210691504827862,-0.002523431508281826,0.006037618048486015,0.0037256522182050676,1
2026-08-27 21:00:00+00:00,80115.11,80201.79,79977.88,80201.79,4179,80167.26800000001,80052.026,79622.378,79010.7386,79949.02155864483,79576.38479014547,372.6367684993602,342.3969968468817,30.23977165247851,65.5387333447843,79622.378,80838.85244908104,78405.90355091896,0.030556094395498733,628.4949999999995,0.4386415876606385,-0.002182707714610266,0.009154792585570393,0.003609039008636952,0
2026-08-27 22:00:00+00:00,80200.48,80452.6,80157.76,80314.02,4571,80140.146,80157.327,79701.70700000001,79053.076,80005.17516500717,79631.02443531988,374.1507296872878,348.74774341496294,25.40298627232488,59.06971321986478,79701.70700000001,80878.74080379122,78524.6731962088,0.029535974776329823,578.1971428571435,0.07994442511124857,-0.0016856510092091437,0.013285346729747793,0.0033801677707408083,0
2026-08-27 23:00:00+00:00,80313.57,80420.06,80142.43,80271.15,4168,80162.9,80232.3,79774.2215,79087.4792,80046.09437039068,79678.44114381469,367.6532265759888,352.52884004716816,15.12438652882065,54.91279821973799,79774.2215,80900.3604622726,78648.0825377274,0.028233154547866023,536.6678571428575,0.0,0.001419332817514718,0.00942802580738622,0.003349771990897041,0
2026-08-28 00:00:00+00:00,80276.66,80736.39,80167.13,80594.66,5206,80299.628,80271.26000000001,79866.0615,79121.838,80130.48908263826,79746.30920723581,384.1798754024494,358.85904711822445,25.320828284224945,66.69882388178189,79866.0615,80941.6601820328,78790.46281796719,0.026935062574302872,518.029285714286,0.6089790996631815,0.008555015315784953,0.004857548887813312,0.0023537063143471205,0
2026-08-28 01:00:00+00:00,80594.64,81507.46,80440.18,80508.06,8062,80377.93599999999,80290.146,79946.57800000001,79161.345,80188.57691607853,79802.73519188502,385.84172419350944,364.2555825332815,21.586141660227952,68.48506304489277,79946.57800000001,80956.0252210516,78937.13077894841,0.025253043877665304,550.5871428571451,0.7012733427376309,0.004887131892398644,0.002351368041514368,0.0023757706912987822,0
2026-08-28 02:00:00+00:00,80504.72,80509.38,79712.12,79936.41,7644,80324.86,80246.064,80002.8325,79187.709,80149.78200591261,79812.63702952316,337.14497638944886,358.83346130451497,-21.688484915066113,60.704119992646305,80002.8325,80859.77612937833,79145.88887062168,0.02142283223230432,582.8392857142878,0.2992352146731946,-0.0033089037040194835,-0.00548438904898807,0.0033046932388023464,0
2026-08-28 03:00:00+00:00,79936.48,80063.73,79781.82,79817.39,4953,80225.53400000001,80182.84,80040.605,79207.8954,80098.64477423375,79812.98910141033,285.6556728234136,344.1979036082947,-58.5422307848811,54.91078391356141,80040.605,80781.69222589149,79299.5177741085,0.018517781715705166,554.3864285714299,0.0,-0.006183602813058076,-0.007858830425944818,0.0032748083903871,0
2026-08-28 04:00:00+00:00,79813.28,79980.0,79598.68,79645.01,4731,80100.30600000001,80131.603,80035.1625,79218.9006,80028.85480896702,79800.54620500957,228.3086039574555,321.0200436781269,-92.71143972067142,38.80889293864234,80035.1625,80786.64231808216,79283.68268191785,0.0187787416082813,506.1192857142866,0.0,-0.007800311818131456,-0.006392050239167113,0.0031636695086465095,0
2026-08-28 05:00:00+00:00,79645.92,79887.69,79558.05,79689.06,4429,79919.18599999999,80109.40699999999,80020.2975,79231.17360000001,79976.57868451055,79792.28796760146,184.2907169090904,293.6741783243196,-109.38346141522919,37.045458283308605,80020.2975,80787.44052484198,79253.15447515802,0.01917371089108931,478.2964285714292,0.0,-0.011236476461343736,-0.002777589373781031,0.0030594246133595045,0
2026-08-28 06:00:00+00:00,79689.0,80000.79,79684.93,79899.43,4022,79797.46,80087.698,80033.4835,79252.8982,79964.70965612431,79800.2244144458,164.48524167851429,267.8363909951585,-103.35114931664424,40.75628951502448,80033.4835,80781.62350845011,79285.3434915499,0.01869567525322342,468.8385714285718,0.100127746193276,-0.0075598641924796706,-0.002709678353478351,0.0030665481918414096,0
2026-08-28 07:00:00+00:00,79899.46,79907.79,79568.98,79676.94,4059,79745.56599999999,80035.213,80043.6195,79265.0548,79920.43740133595,79791.09223559797,129.34516573797737,240.1381459437223,-110.79298020574493,35.871715638770596,80043.6195,80764.86576470952,79322.37323529048,0.01802133059986183,447.83500000000015,0.0,-0.0032459551285828336,-0.006544118279654287,0.003121922117694307,0
2026-08-28 08:00:00+00:00,79676.92,79850.94,79470.85,79526.14,4324,79687.31599999999,79956.425,80056.876,79277.007,79859.77626266888,79771.4661440722,88.3101185966807,209.77254047431396,-121.46242187763326,37.82846785700512,80056.876,80725.37385037374,79388.37814962627,0.016700572986978322,424.63142857142833,0.05999850901110525,-0.003648954194067189,-0.009809993323706134,0.003054420156567084,0
2026-08-28 09:00:00+00:00,79523.88,79524.09,79222.06,79291.05,4517,79616.524,79858.415,80045.35750000001,79284.64020000001,79772.27991456597,79735.87976302982,36.40015153614513,175.0980626866802,-138.69791115053508,37.99359369129654,80045.35750000001,80759.10924119473,79331.6057588053,0.017833682389255843,415.5057142857144,0.06506164565373987,-0.004444220673711863,-0.0122098661847998,0.003110537195126464,1
2026-08-28 10:00:00+00:00,79290.14,79583.15,79002.64,79564.6,4539,79591.63200000001,79755.40900000001,80013.3345,79301.91260000001,79740.3291584789,79723.19237317577,17.13678530312609,143.5058072099694,-126.3690219068433,39.5859435144234,80013.3345,80753.88348384453,79272.78551615546,0.018510639219629962,438.74285714285776,0.1138867418112432,-0.0015618204054608231,-0.012780747508581825,0.0030052736552743284,0
2026-08-28 11:00:00+00:00,79567.18,79773.43,79540.87,79601.32,4117,79532.01,79664.735,79977.4405,79325.1546,79718.94313409753,79714.16478997757,4.778344119957183,115.76031459196695,-110.98197047200976,38.45840397027714,79977.4405,80725.12400289722,79229.75699710277,0.01869736011112352,439.3607142857155,0.07931379441942961,-0.003731065415610413,-0.011262723260254792,0.003055851858102643,0
2026-08-28 12:00:00+00:00,79601.61,79726.05,79294.79,79412.73,4386,79479.16799999999,79612.367,79929.2155,79339.3592,79671.83342115945,79691.83628701627,-20.00286585681897,88.60767850220977,-108.61054435902874,33.170381933681696,79929.2155,80692.58045229956,79165.85054770045,0.01910102451335969,449.1050000000011,0.0,-0.0033160159012131096,-0.0065512073909750335,0.002301524492196714,0
2026-08-28 13:00:00+00:00,79413.98,79560.64,79010.34,79341.37,6782,79442.214,79564.76499999998,79873.8025,79356.938,79620.99289482723,79665.87582131136,-44.88292648413335,61.90955750494114,-106.7924839890745,32.82117227974504,79873.8025,80639.0018628187,79108.60313718132,0.019160208700936456,468.58142857142957,0.0,-0.002323387002060029,-0.005963863263381608,0.002285261919485599,0
2026-08-28 14:00:00+00:00,79339.98,79728.82,78429.62,79560.07,16126,79496.01800000001,79556.271,79843.937,79382.1588,79611.62014177689,79658.03835306608,-46.41821128918673,40.24400374611557,-86.6622150353023,30.11451658164762,79843.937,80609.16015002273,79078.71384997728,0.01916797138955512,520.7200000000022,0.0,0.0033928167176497936,-0.0010664823822608138,0.0024352789293755803,0
2026-08-28 15:00:00+00:00,79561.77,79876.05,78307.61,78329.91,8345,79249.08,79420.356,79764.8815,79380.1804,79414.43396611892,79559.65847506118,-145.22450894226495,3.150301208439454,-148.3748101507044,20.91868205814285,79764.8815,80785.12119480397,78744.64180519604,0.025581174963670388,556.5171428571442,0.0,-0.015518082162167657,-0.017055666110253997,0.005407434601928873,0
2026-08-28 16:00:00+00:00,78329.87,78408.66,76859.88,77776.12,14611,78884.04000000001,79208.02500000001,79647.8615,79380.22200000001,79162.38566363908,79427.54451394553,-265.1588503064413,-50.51152909453672,-214.6473212119046,21.01892371219232,79647.8615,80985.72090389107,78310.00209610893,0.03359435843462205,610.1971428571435,0.0029489689833109042,-0.02292926800711359,-0.02657478282385739,0.005412222219884688,0
2026-08-28 17:00:00+00:00,77776.38,78126.15,77640.31,77902.12,7090,78581.918,79030.543,79532.878,79378.16979999999,78968.49863846383,79314.55010550511,-346.0514670412813,-109.61951668388566,-236.43195035739564,24.35398561883227,79532.878,81053.14282963143,78012.61317036857,0.03822984576595931,624.7635714285726,0.17317126413247996,-0.01902226507009641,-0.02227520283786011,0.00557910786336403,0
2026-08-28 18:00:00+00:00,77902.54,77939.39,77247.35,77552.22,6062,78224.088,78833.151,79394.788,79369.5628,78750.60961716171,79184.00713472695,-433.3975175652449,-174.37511686015753,-259.0224007050874,23.248721101757326,79394.788,81106.03074938705,77683.54525061295,0.043107181025209086,646.9578571428574,0.1174556482512938,-0.022550026549831403,-0.024821021113309416,0.005621701962140296,1
2026-08-28 19:00:00+00:00,77553.02,77816.29,77343.07,77563.26,5089,77824.726,78660.372,79259.3935,79352.18359999999,78567.94044529067,79063.95179141384,-496.01134612316673,-238.70236271275942,-257.30898341040734,22.595499360587496,79259.3935,81102.13298508308,77416.65401491693,0.04649895498085221,657.2135714285707,0.08452719442507718,-0.02509814282466083,-0.02179047950556856,0.005678620942074302,1
2026-08-28 20:00:00+00:00,77554.5,77604.88,77287.21,77403.14,4443,77639.372,78444.226,79099.81749999999,79330.9004,78388.74037678442,78940.92869575355,-552.1883189691289,-301.3995539640334,-250.7887650050955,17.39697150962192,79099.81749999999,81007.30812392222,77192.32687607776,0.04822996270306775,657.3428571428564,0.0,-0.01183162345009725,-0.027166101507454354,0.005327388394848076,1
2026-08-28 21:00:00+00:00,77404.37,77536.15,77231.32,77370.12,3957,77558.17199999999,78221.106,78942.92050000001,79308.83480000001,78232.02954958682,78824.57249606811,-592.5429464812914,-359.628232467485,-232.91471401380642,18.302810785854973,78942.92050000001,80878.69698841285,77007.14401158717,0.049042434106877024,654.9157142857127,0.04082385051605616,-0.0052201112629429725,-0.028029685939881532,0.00527528053532294,1
2026-08-28 22:00:00+00:00,77365.97,77772.53,77325.32,77744.85,4057,77526.718,78054.318,78833.3425,79294.88620000001,78157.07884965038,78744.59305191491,-587.5142022645305,-405.2054264268942,-182.3087758376363,26.94284153599648,78833.3425,80780.40777811341,76886.27722188659,0.049396999197729365,659.7099999999981,0.4302078538954353,-0.002018815405793739,-0.021002678034113598,0.005810625555544689,0
2026-08-28 23:00:00+00:00,77743.23,77847.87,77628.43,77830.37,3701,77582.348,77903.21800000001,78733.9915,79277.1586,78106.81594970418,78676.87282584714,-570.0568761429604,-438.17571637010747,-131.88115977285293,30.331250673273757,78733.9915,80672.39790550806,76795.58509449195,0.04923937853469686,653.6642857142839,0.5829147542659793,0.0035866155733517147,-0.019044289252882818,0.005890556688710917,0
2026-08-29 00:00:00+00:00,77830.37,77954.95,77708.23,77737.29,3841,77617.15400000001,77720.93999999999,78638.6055,79258.1468,78049.96580359584,78607.2740980066,-557.3082944107591,-462.0022319782378,-95.30606243252134,24.137423465704998,78638.6055,80576.00644533528,76701.20455466473,0.04927353258661936,629.8221428571414,0.32003767875916733,0.0022437169350539854,-0.02291073901770091,0.0056715437605783115,0
2026-08-29 01:00:00+00:00,77726.78,77852.4,77619.97,77792.29,3552,77694.984,77667.17799999999,78543.767,79233.5214,78010.3233722734,78546.90490556166,-536.581533288263,-476.9180922402429,-59.663441048020104,24.527951202615583,78543.767,80450.10766412219,76637.42633587783,0.0485421246506341,629.8128571428554,0.4520886416593397,0.005027573816772657,-0.006863533993592075,0.003319531931851153,0
2026-08-29 02:00:00+00:00,77792.42,77829.68,77570.65,77669.72,3704,77754.904,77656.53799999999,78432.28150000001,79213.26060000001,77957.9228534621,78481.92824589043,-524.0053924283275,-486.3355522778598,-37.66984015046768,24.992611169616097,78432.28150000001,80264.14541191517,76600.41758808485,0.046711988402764054,617.5107142857117,0.492449480731461,0.003872295919923774,-0.0013680291585642657,0.0024980854414210726,0
2026-08-29 03:00:00+00:00,77668.28,77729.21,77512.32,77528.99,3291,77711.732,77619.225,78324.88399999999,79185.94739999999,77891.93318369871,78411.34022767632,-519.4070439776115,-492.94985061781017,-26.457193359801295,24.504833500264596,78324.88399999999,80100.49490469642,76549.27309530356,0.04533963700977653,593.6957142857116,0.5495367697461156,-0.0027765183160042284,-0.004789728443847063,0.0024658609413584676,1
2026-08-29 04:00:00+00:00,77511.68,77674.08,77505.14,77640.62,3447,77673.782,77628.06499999999,78230.608,79164.211,77853.26961697583,78354.24984044104,-500.9802234652161,-494.55592518729134,-6.424298277924777,22.16001554844496,78230.608,79936.52426028848,76524.6917397115,0.04361250165123324,512.9628571428537,0.36824967039302925,-0.002437994320211967,0.001139877104743059,0.0020754430557115996,0
2026-08-29 05:00:00+00:00,77640.63,77720.23,77597.01,77633.33,3331,77652.98999999999,77635.072,78147.722,79140.4604,77819.4327528257,78300.84837077875,-481.4156179530546,-491.9278637404441,10.512245787389475,34.34243533145694,78147.722,79796.83760718262,76498.60639281737,0.04220508454955671,409.7328571428537,0.9999999999940988,-0.0013373247253666287,0.0009033916315535073,0.0020764523822675487,0
2026-08-29 06:00:00+00:00,77634.04,77638.26,77365.9,77459.78,3668,77586.488,77640.736,78042.481,79114.4988,77764.10156008329,78238.54700998032,-474.4454498970299,-488.43138097176126,13.985931074731354,41.42328839918005,78042.481,79575.43298020455,76509.52901979545,0.03928506527629624,318.55999999999665,0.999999999995838,-0.0042743310423178915,0.0007317532596222698,0.0020968062828353525,1
2026-08-29 07:00:00+00:00,77459.97,77672.72,77426.54,77612.94,3419,77575.13200000001,77665.018,77943.062,79088.80300000001,77740.84593545509,78192.20574998177,-451.35981452668784,-481.0170676827466,29.657253156058744,42.273451109899916,77943.062,79297.90260947956,76588.22139052046,0.03476488027836397,301.441428571426,0.9999999999959802,-0.0007310442216090784,0.0031384208787579304,0.002169433627320655,0
2026-08-29 08:00:00+00:00,77610.77,77643.18,77465.53,77639.86,3582,77597.30600000001,77654.519,77854.4185,79065.3738,77725.30963769276,78151.29124998313,-425.98161229037214,-470.00997660427174,44.0283643138996,52.83009119326259,77854.4185,79023.6666738221,76685.1703261779,0.030036783944949658,264.6992857142832,0.9999999999971777,0.0014300457158025193,-0.0013504431483243318,0.001484583479881078,1
2026-08-29 09:00:00+00:00,77639.81,77753.24,77556.68,77638.58,3592,77596.89800000002,77635.34,77769.279,79036.9066,77711.96661650925,78113.31263887326,-401.34602236401406,-456.2771857562202,54.931163392206145,52.44767970882647,77769.279,78707.8678559522,76830.6901440478,0.02413777954537033,244.93785714285644,0.9892075129723449,-2.62749060992995e-05,-0.0024642051682395305,0.0014221255222711087,1
2026-08-29 10:00:00+00:00,77635.54,77729.17,77514.7,77631.84,3525,77596.6,77624.79500000001,77672.86750000001,78994.4662,77699.63944473858,78077.64799895673,-378.00855421814776,-440.6234594486057,62.61490523045791,58.25500642497218,77672.86750000001,78085.95891816125,77259.77608183876,0.010636698024860381,237.56642857142808,0.999999999997497,-1.9192787427790847e-05,-0.0013564918458052189,0.0013824873055380904,1
2026-08-29 11:00:00+00:00,77631.82,77730.37,77553.62,77579.62,3436,77620.568,77603.528,77635.35299999999,78946.33140000001,77681.17491477879,78040.75703607105,-359.5821212922601,-424.4151918173365,64.83307052507638,57.45859500719167,77635.35299999999,77910.42426888834,77360.28173111164,0.007086237345719302,228.41785714285757,0.977935680310804,0.0015471254888665964,-0.002733818479954686,0.001357717120003543,1
2026-08-29 12:00:00+00:00,77579.64,77651.62,77484.01,77578.59,3437,77613.698,77594.41500000001,77625.4765,78905.189,77665.39262019744,78006.52244080653,-341.1298206090869,-407.75811757568664,66.62829696659975,41.93476404843149,77625.4765,77893.35736469536,77357.59563530465,0.006901880072719549,208.4464285714296,0.5478529851296174,-0.00044258083768000667,-0.0011733015131251134,0.001278749474292997,1
2026-08-29 13:00:00+00:00,77574.11,77724.4,77550.62,77683.04,3409,77622.334,77609.81999999999,77614.52249999999,78869.3654,77668.10760170552,77982.56077852457,-314.45317681905,-389.09712942435937,74.64395260530938,42.98194636307319,77614.52249999999,77850.82866939716,77378.21633060282,0.006089225618753722,205.1850000000008,0.5768648310730331,0.0005561576231589704,0.0019869986697877984,0.00120119995592572,1
2026-08-29 14:00:00+00:00,77684.14,78159.05,77644.29,77993.54,4168,77693.32599999999,77645.112,77636.5885,78844.016,77718.17412452005,77983.37405418942,-265.19992966936843,-364.3176894733612,99.11775980399278,60.11191173336929,77636.5885,77925.0608369871,77348.11616301289,0.007431350154884929,224.33071428571566,0.999999999997365,0.004571953788953698,0.004545558755197909,0.0016738621706531022,1
2026-08-29 15:00:00+00:00,77994.34,78014.6,77790.45,77855.17,3906,77737.992,77667.296,77651.184,78810.69099999999,77739.25041305543,77973.8774575828,-234.62704452736943,-338.3795604841629,103.75251595679345,52.32813009093354,77651.184,77953.25321638225,77349.11478361774,0.007780157386454101,223.7392857142882,0.7949040120528366,0.002876783546544859,0.0028575355456219587,0.0018135703169770106,1
2026-08-29 16:00:00+00:00,77852.92,78109.62,77846.72,78007.12,3988,77823.492,77722.03,77681.383,78766.7322,77780.46111873921,77976.33986813223,-195.878749393014,-309.8793982659331,114.0006488729191,62.22623240712555,77681.383,77999.3841991695,77363.38180083051,0.00818732074246134,224.01571428571646,0.9999999999975041,0.00551046782647302,0.00706611870056939,0.0016417256585134568,1
2026-08-29 17:00:00+00:00,78007.14,78107.16,77884.16,78102.22,3724,77928.218,77770.958,77717.988,78722.39259999999,77829.96248508703,77985.66432234466,-155.70183725762763,-279.04388606427204,123.34204880664441,71.48232260772458,77717.988,78053.20614660034,77382.76985339966,0.008626526631140748,224.45214285714505,0.9999999999979725,0.006749671526641521,0.00630410341368326,0.0015932631676849032,1
2026-08-29 18:00:00+00:00,78100.67,78250.56,78004.9,78155.79,3759,78022.768,77822.551,77738.535,78677.9638,77880.08979507364,77998.2662243932,-118.17642931955925,-246.87039471532947,128.69396539577022,70.18485577488195,77738.535,78126.85626351868,77350.21373648132,0.009990444597873608,229.93214285714515,0.9650654073533438,0.006085626927061494,0.006645169118027594,0.0015901781369922618,1
2026-08-29 19:00:00+00:00,78153.62,78338.9,78132.21,78177.86,3712,78059.63200000001,77876.47899999999,77755.9095,78632.5284,77925.90059583154,78011.56946703076,-85.66887119921739,-214.63009001210705,128.96121881288965,71.09093585145352,77755.9095,78189.9369041733,77321.88209582669,0.01116384354486411,235.89428571428704,0.9869793968211227,0.002363272650529824,0.0069460312128326596,0.0015787417365904133,0
2026-08-29 20:00:00+00:00,78177.09,78300.31,78104.66,78117.5,3580,78112.098,77925.045,77774.92,78591.7308,77955.37742724207,78019.41617317662,-64.03874593455112,-184.51182119659586,120.47307526204474,77.92344530109025,77774.92,78237.85730681129,77311.98269318871,0.011904539581944693,230.41500000000087,0.9999999999972213,0.00336946152708939,0.006255938285115947,0.001630405789477074,0
2026-08-29 21:00:00+00:00,78119.69,78203.66,78038.68,78157.39,3571,78142.15199999999,77982.822,77793.17499999999,78556.65819999999,77986.45628458944,78029.63645664502,-43.18017205558135,-156.24549136839298,113.06531931281162,75.57424021795286,77793.17499999999,78286.774815785,77299.57518421498,0.012690054514037043,224.6150000000011,0.9347237797701379,0.0019263626192072003,0.0074474456049153925,0.0015674840555211342,0
2026-08-29 22:00:00+00:00,78157.79,78239.92,78073.22,78221.49,3274,78166.00600000001,78047.112,77820.7635,78518.7576,78022.61531772952,78043.84783022688,-21.232512497357675,-129.2428955941859,108.01038309682824,76.39860933344235,77820.7635,78345.97699879126,77295.55000120874,0.013498029964490331,223.83285714285844,0.9576301238425896,0.0015271012782991367,0.008287080236957234,0.0015447756537762941,0
2026-08-29 23:00:00+00:00,78224.53,78288.28,78177.35,78234.62,3397,78181.772,78102.26999999999,77856.045,78479.4142,78055.23142269421,78057.97910206192,-2.747679367705132,-103.94385234888975,101.19617298118462,76.76473757948035,77856.045,78393.39395731977,77318.69604268023,0.013803654098272602,217.71642857142848,0.9678035515229922,0.0010086264881974394,0.007100391539774931,0.0015456793212407052,0
2026-08-30 00:00:00+00:00,78234.65,78325.43,78137.43,78173.11,3606,78180.82200000001,78120.227,77882.6695,78436.596,78073.36658843356,78066.50731672399,6.8592717095743865,-81.78322753719692,88.64249924677131,73.16584635138074,77882.6695,78427.78726376648,77337.55173623352,0.013998435525286674,215.82571428571413,0.867802909576054,-6.075889004897306e-05,0.002302370170657708,0.001087171179743482,0
2026-08-30 01:00:00+00:00,78173.12,78189.26,77971.35,78070.56,3613,78171.434,78141.766,77904.53099999999,78392.5842,78072.93480559763,78066.80751548517,6.127290112461196,-64.20112400726529,70.32841411972649,70.14393802622756,77904.53099999999,78442.56889494022,77366.49310505975,0.013812749734421394,218.76571428571333,0.7838346112122031,-0.0006008896854098333,0.00276654716700242,0.0009986854155961448,1
2026-08-30 02:00:00+00:00,78071.97,78175.66,77997.23,78098.03,3520,78159.562,78150.85699999999,77936.4435,78342.6516,78076.79560473646,78069.1202921159,7.675312620558543,-49.82583668170052,57.501149302259066,70.86070906491489,77936.4435,78437.87785226223,77435.00914773776,0.012867776094048652,219.53857142857098,0.7978696835878797,-0.0007594931202282718,0.0011654064398225472,0.000811077233272439,1
2026-08-30 03:00:00+00:00,78098.04,78240.24,78046.69,78132.37,3355,78141.73799999998,78153.872,77962.41500000001,78295.1378,78085.34551170007,78073.80545566288,11.540056037192699,-37.55265813792188,49.09271417511458,69.12189018733375,77962.41500000001,78446.81701841934,77478.01298158067,0.012426552420659003,220.95071428571413,0.6561263246201597,-0.0011393288468426466,0.0003860325609181814,0.0007264057844471971,0
2026-08-30 04:00:00+00:00,78132.39,78221.02,77978.4,78109.52,3382,78116.718,78149.245,77985.898,78258.6,78089.06466374622,78076.45097746563,12.61368628058699,-27.519389254220105,40.13307553480709,56.53585194869672,77985.898,78449.55267540124,77522.24332459876,0.011890731203768094,201.51214285714272,0.1643942191451126,-0.0015990363345536052,-0.00059202267675873,0.0006947688124941011,0
2026-08-30 05:00:00+00:00,78109.5,78215.48,78103.32,78129.67,3285,78108.03,78144.426,78010.4525,78224.8456,78095.31163855449,78080.393127283,14.918511271491298,-19.031809149077823,33.95032042056912,67.84692603765782,78010.4525,78447.93729698267,77572.96770301733,0.011216055873606579,193.5128571428556,0.5288614713465352,-0.0005556898017745615,-0.000616414928727882,0.0006934776175491212,1
2026-08-30 06:00:00+00:00,78130.58,78308.13,78102.53,78268.72,3425,78147.662,78159.548,78042.2965,78197.3198,78121.98984800764,78094.34326600278,27.646582004861557,-9.696130918289946,37.3427129231515,67.29838389716264,78042.2965,78455.80278347227,77628.79021652772,0.01059697886958715,189.4199999999993,0.5032137918037953,0.0025382167106269282,0.0019358018369763919,0.0008538759121841305,0
2026-08-30 07:00:00+00:00,78271.06,78291.97,78091.21,78110.64,3245,78150.18400000001,78154.87299999999,78068.8475,78165.7514,78120.24371754493,78095.55043148405,24.693286060879473,-2.81824752245606,27.511533583335535,50.51396620763737,78068.8475,78420.89191976243,77716.80308023757,0.009018819440428682,187.8314285714275,0.0,0.0001614637398663632,-0.0005981520109614724,0.0010914107501417112,1
2026-08-30 08:00:00+00:00,78112.54,78198.09,78011.06,78068.14,3416,78137.338,78139.538,78093.325,78129.1256,78112.22776099957,78093.52002915188,18.707731847680407,1.4869483515712345,17.22078349610917,44.5764494771366,78093.325,78359.43050862914,77827.21949137085,0.006815064120503138,183.64357142857003,0.0,-0.0008220664495394159,-0.001960458692361944,0.0010538875839764576,1
2026-08-30 09:00:00+00:00,78068.16,78115.1,77971.54,77987.7,3438,78112.974,78114.84599999999,78108.55799999999,78095.3408,78093.06964392272,78085.68150847398,7.388135448738467,2.667185771004682,4.720949677733785,39.02610743057598,78108.55799999999,78300.24834613333,77916.86765386665,0.004908305851283089,179.13428571428605,0.0,-0.001559605026378419,-0.003156147495827266,0.0010758463504964262,1
2026-08-30 10:00:00+00:00,77980.9,78143.18,77943.55,78135.35,3367,78114.11000000002,78111.06999999999,78115.6485,78067.525,78099.57431408844,78089.36065599442,10.213658094027778,4.176480235609302,6.0371778584184765,50.93581906449581,78115.6485,78299.76677659558,77931.5302234044,0.004713992141935278,179.41857142857148,0.31558410008249943,7.269965430545255e-05,-0.0004830305459254669,0.0012629887130506704,1
2026-08-30 11:00:00+00:00,78135.35,78222.83,78096.01,78160.68,3360,78092.50200000001,78120.082,78130.924,78044.9176,78108.97518884407,78094.64357036521,14.331618478856399,6.207507884258722,8.124110594597678,50.17515838790362,78130.924,78268.9817933626,77992.8662066374,0.0035340115358831435,176.69285714285692,0.29542807763046947,-0.0013803726443974984,0.0011543403813165654,0.001184555000243283,1
2026-08-30 12:00:00+00:00,78160.75,78855.79,78157.15,78778.22,5530,78226.018,78188.101,78169.47899999999,78029.19,78211.9359290219,78145.27886144926,66.65706757263979,18.29741982193494,48.35964775070485,68.64979666217792,78169.47899999999,78482.18188695222,77856.77611304776,0.00800063889263565,214.68857142857138,0.7849699131801549,0.008546594932521412,0.00870943863756879,0.0027381815015166105,1
2026-08-30 13:00:00+00:00,78771.24,78964.54,78582.06,78841.6,4367,78380.71,78259.024,78206.448,78013.9956,78308.80732455698,78196.85820504562,111.949119511366,37.027759759821166,74.92135975154484,69.67086671333423,78206.448,78637.93464186307,77774.96135813693,0.011034554129426001,234.08500000000018,0.897627230066296,0.00990749875685526,0.009077287684989166,0.002734225420020935,1
2026-08-30 14:00:00+00:00,78846.22,78938.74,78703.26,78774.46,4005,78538.062,78325.51800000001,78237.3815,78001.23019999999,78380.44619770207,78239.64352319039,140.80267451168038,57.78274271019302,83.01993180148736,69.41755410179097,78237.3815,78736.91648391588,77737.84651608413,0.01276972655113396,237.4764285714295,0.9546670952633282,0.010088257507273601,0.008512918783779577,0.0027670079227991753,1
2026-08-30 15:00:00+00:00,78775.82,78910.28,78612.25,78814.96,4090,78673.984,78394.04699999999,78269.2365,77990.702,78447.29447497868,78282.25955850961,165.0349164690706,79.23317746196854,85.80173900710206,75.04002906311842,78269.2365,78830.26028126545,77708.21271873455,0.01433574176401867,243.19928571428733,0.9999999999972232,0.008697855708075908,0.008771187693484617,0.002762084334807211,0
2026-08-30 16:00:00+00:00,78814.92,79406.62,78727.95,79335.41,6421,78908.93000000001,78500.716,78330.13200000001,77986.2088,78583.92763267427,78360.27070232372,223.656930350553,108.11792803968547,115.53900231086755,81.2564413458626,78330.13200000001,79060.60959765447,77599.65440234555,0.018651254096047287,278.9307142857152,0.999999999997632,0.015029679885077973,0.013628560681713031,0.0033050711327047943,0
2026-08-30 17:00:00+00:00,79327.83,79327.83,78755.29,79013.17,5045,78955.92000000001,78590.96900000001,78372.921,77999.874,78649.96491995515,78408.6336132627,241.33130669244565,134.7606037702375,106.57070292220814,69.42398447492616,78372.921,79158.93979764143,77586.90220235857,0.02005842802876853,306.5428571428586,0.7198114299843297,0.0029824233144641887,0.011554507810971781,0.0035880224986563074,0
2026-08-30 18:00:00+00:00,79013.14,79177.07,78749.04,79030.52,4057,78993.704,78687.20700000001,78413.37250000001,78024.962,78708.51185534666,78454.69927153953,253.81258380712825,158.57099977761567,95.24158402951258,70.35989035281618,78413.37250000001,79248.32601067086,77578.41898932916,0.021296202013778957,319.7864285714303,0.7419733640993953,0.0023961969315691167,0.012327436006545067,0.0035558166549455525,0
2026-08-30 19:00:00+00:00,79031.6,79043.04,78697.82,78851.61,3819,79009.134,78773.59800000001,78444.222,78043.95180000001,78730.5269545241,78484.10006624032,246.42688828377868,176.14217747884828,70.2847108049304,64.91266483788863,78444.222,79296.7743044066,77591.66969559339,0.021736522656993315,336.433571428573,0.6129849093587413,0.0009793783416605084,0.011077516069841753,0.0036627820930131326,0
2026-08-30 20:00:00+00:00,78851.63,78926.76,78411.05,78585.82,4418,78963.30600000001,78818.645,78464.8575,78064.6238,78708.26434613578,78491.63487614844,216.6294699873397,184.23963598054658,32.38983400679311,56.22423742786488,78464.8575,79309.72405447855,77619.99094552145,0.021534903175693582,358.58428571428624,0.4072458918214416,-0.002907316072989219,0.005765252219386063,0.003907521380098977,0
2026-08-30 21:00:00+00:00,78585.76,78733.86,78209.96,78638.17,5574,78823.858,78866.394,78493.238,78086.122,78697.48060057643,78502.48932976708,194.99127080934704,186.3899629463067,8.601307863040347,60.803089815159865,78493.238,79320.28159322622,77666.19440677378,0.02107298957971944,381.6657142857148,0.5156715650938635,-0.008788509443639403,0.006109081957833551,0.003906511701922074,0
2026-08-30 22:00:00+00:00,78638.96,78798.52,78255.28,78423.24,5868,78705.872,78830.89600000001,78509.4985,78106.524,78655.28973894929,78496.6190090436,158.67072990568704,180.84611633818278,-22.175386432495742,56.79227237949514,78509.4985,79316.36737067997,77702.62962932003,0.02055468156327538,407.10928571428667,0.42069676703280945,-0.007466223668788241,-0.004506067793864754,0.003058467089245885,0
2026-08-30 23:00:00+00:00,78423.28,78451.07,76978.29,77673.01,11685,78434.37,78714.03700000001,78486.5305,78112.5818,78504.16977911093,78435.61093429964,68.5588448112976,158.38866203280577,-89.82981722150816,45.2084329387689,78486.5305,79361.84867413752,77611.21232586246,0.0223049271909791,502.05357142857247,0.0,-0.017177034897404297,-0.01482199752414981,0.004150277251470302,0
2026-08-31 00:00:00+00:00,77669.97,78174.83,77422.22,77919.43,6659,78247.934,78628.534,78477.026,78116.0734,78414.20981309387,78397.3753095367,16.834503557169228,130.07783033767845,-113.24332678050922,46.80833451586945,78477.026,79373.45439887473,77580.59760112526,0.022845626154964993,541.5521428571446,0.04438252341234118,-0.0118219526525839,-0.010854152475307521,0.0044056849806439645,1
2026-08-31 01:00:00+00:00,77915.64,77988.03,77539.98,77631.96,6658,78057.162,78510.23400000001,78452.14050000001,78112.1052,78293.8636880025,78340.67787920065,-46.81419119815109,94.69942603051253,-141.51361722866363,42.746728125771845,78452.14050000001,79414.38765004247,77489.89334995755,0.024530806780025536,564.4971428571444,0.0,-0.012137813157640953,-0.015009840771345928,0.004436892229129075,1
2026-08-31 02:00:00+00:00,77632.6,77990.63,77364.96,77451.66,5603,77819.86,78321.859,78411.2875,78106.3926,78164.29388984828,78274.82470296357,-110.53081311528513,53.65337820135299,-164.18419131663813,29.320708598080714,78411.2875,79470.78656666583,77351.78843333418,0.027024146661686347,559.2850000000014,0.0,-0.015088219881006837,-0.023744126361734286,0.003402215714995028,1
2026-08-31 03:00:00+00:00,77450.13,77864.69,77371.57,77749.03,4488,77685.01800000001,78195.44499999999,78393.207,78105.5274,78100.40713756393,78235.87694718849,-135.46980962455564,15.828740636171256,-151.2985502607269,34.12631303665587,78393.207,79486.12340559677,77300.29059440322,0.027882936479350064,567.1878571428585,0.09252982839201682,-0.00859706893007739,-0.015999104959337762,0.003858928621880905,1
2026-08-31 04:00:00+00:00,77749.03,77762.02,77441.92,77604.2,4474,77671.25600000001,78052.813,78370.01,78104.217,78024.06757793871,78189.08606221157,-165.01848427286313,-20.340704345635633,-144.6777799272275,33.37292633995786,78370.01,79510.62998432863,77229.39001567136,0.029108583355511388,573.2321428571439,0.07802369442919638,-0.0008858933109454625,-0.018047711188032278,0.0038053531212552875,1
2026-08-31 05:00:00+00:00,77603.16,78148.62,77494.01,78002.83,5250,77687.936,77967.935,78370.7665,78113.6938,78020.80025825584,78175.28931686257,-154.48905860673403,-47.17037519785533,-107.31868340887871,39.52703835430591,78370.7665,79510.33844424663,77231.19455575336,0.029081556685977703,598.702142857144,0.19651845109745647,0.0010703363718138625,-0.010764269746679878,0.004383628614482338,1
2026-08-31 06:00:00+00:00,78002.8,78149.04,77831.45,78062.96,4802,77774.136,77915.649,78367.147,78122.1406,78027.28637237033,78166.9686267246,-139.68225435426575,-65.67275102913743,-74.00950332512832,31.380324558451278,78367.147,79510.32142827158,77223.97257172842,0.029174838488673853,572.9107142857154,0.050186574690366206,0.0055518371557281565,-0.006653363163990678,0.004337827690523663,1
2026-08-31 07:00:00+00:00,78063.56,78307.61,78016.59,78176.97,4489,77919.198,77869.52900000001,78367.9615,78133.0134,78050.3146227749,78167.70946918945,-117.39484641455056,-76.01717010622006,-41.37767630833049,36.96988207135555,78367.9615,79510.53959360575,77225.38340639426,0.029159316428199848,552.2607142857149,0.18638708537052073,0.00936467985321432,-0.005864836376533122,0.004371925718239097,0
2026-08-31 08:00:00+00:00,78177.85,78500.8,77961.36,78454.42,4981,78060.276,77872.647,78351.7715,78152.9062,78112.48468080953,78188.94728628652,-76.46260547699057,-76.10625718037417,-0.3563482966164031,41.69602343159908,78351.7715,79478.94523978054,77224.59776021946,0.028772131585577256,560.2185714285713,0.34769976536559105,0.009072653382299345,0.0003975862257157292,0.004478123494355248,0
2026-08-31 09:00:00+00:00,78456.54,78788.36,78370.47,78500.81,5254,78239.59800000001,77955.427,78334.73199999999,78170.6636,78172.22703760807,78212.04822804307,-39.82119043500279,-68.8492438312999,29.02805339629711,44.74267901567596,78334.73199999999,79440.83437103141,77228.62962896857,0.02824040735931588,565.4092857142865,0.48986035431080616,0.01155362725213327,0.010657498660088027,0.0029440366612762735,1
2026-08-31 10:00:00+00:00,78502.55,78706.63,78279.26,78673.97,4580,78373.826,78030.88100000001,78329.70749999999,78191.3458,78249.41826259144,78246.26465559544,3.153606995998416,-54.44867366584023,57.60228066183865,51.358800371184415,78329.70749999999,79428.28681767985,77231.12818232013,0.02805013200591517,559.0992857142877,0.7000134971073302,0.008604046801891752,0.009683592397942364,0.0028823545904098045,0
2026-08-31 11:00:00+00:00,78673.96,78678.92,78256.61,78279.31,4293,78417.09599999999,78095.616,78302.925,78204.1604,78254.01699142353,78248.71245888466,5.304532538866624,-42.49803242489886,47.802564963765484,44.996346884254784,78302.925,79377.54976486454,77228.30023513547,0.02744788307370476,551.8428571428594,0.5706132497896674,0.0027714808662135937,0.008338704832391075,0.003139669155328431,1
2026-08-31 12:00:00+00:00,78278.52,78516.66,77665.28,77904.22,6634,78362.546,78140.872,78231.36549999999,78209.608,78200.20206966608,78223.19449896729,-22.992429301215452,-38.59691180016218,15.60448249894673,43.07260273241251,78231.36549999999,79202.08552478677,77260.6454752132,0.024816645307994472,573.8528571428594,0.624005666001121,-0.0034888791417728715,0.005843128475232051,0.0034928306887503065,1
2026-08-31 13:00:00+00:00,77902.29,78263.22,77696.37,77845.77,9640,78240.81599999999,78150.546,78172.99549999999,78214.931,78145.67405894822,78195.23712867341,-49.56306972519087,-40.79014338516792,-8.772926340022948,52.82808837203227,78172.99549999999,79084.35503577508,77261.6359642249,0.023316479813674,509.1435714285731,0.9999999999957461,-0.007758007770626518,0.00124425989623278,0.0033151838567292073,1
2026-08-31 14:00:00+00:00,77844.2,78656.62,77716.75,78559.48,9399,78252.55,78246.07400000001,78149.4435,78234.5488,78209.33651141773,78222.21808210501,-12.881570687284693,-35.20842884559128,22.326858158306585,59.0873596183608,78149.4435,78989.0129426548,77309.8740573452,0.0214862551811978,522.5192857142871,0.9999999999966406,0.0007473808232041357,0.012309643034784212,0.0042749896023394,1
2026-08-31 15:00:00+00:00,78570.97,78754.2,78184.14,78555.48,7206,78228.852,78301.339,78134.637,78251.9976,78262.589355815,78246.90415009724,15.685205717760255,-25.02970193292097,40.714907650681226,64.25986202125873,78134.637,78931.42109275277,77337.85290724723,0.02039515695843758,531.2342857142867,0.9999999999971378,-0.0015060889897892116,0.007084999351946619,0.004057805457888357,1
2026-08-31 16:00:00+00:00,78559.38,78883.85,78483.44,78613.09,6185,78295.60800000001,78356.352,78136.0005,78264.38859999999,78316.51253184346,78274.02902786781,42.48350397564354,-11.527060751208065,54.01056472685161,68.63960404302367,78136.0005,78936.1218356378,77335.8791643622,0.020480222445933855,515.1442857142871,0.999999999997316,0.004263961958785867,0.007047260313982395,0.0040577640257646605,1
2026-08-31 17:00:00+00:00,78613.44,79048.19,78468.12,78882.33,5817,78491.23,78426.888,78148.20850000001,78284.93179999999,78403.56137309832,78319.08835913686,84.47301396145485,7.672954191324524,76.80005977013033,68.35386867744614,78148.20850000001,78987.10188527656,77309.31511472346,0.02146929280602888,521.3550000000022,0.9923311623405099,0.012555289045959261,0.009022606018115109,0.004144754108560564,0
2026-08-31 18:00:00+00:00,78881.66,79209.92,78751.31,79002.06,5121,78722.488,78481.652,78177.1495,78304.8306,78495.63808492935,78369.67885105265,125.95923387669609,31.330210128398846,94.62902374829724,72.82399273739009,78177.1495,79092.45140127616,77261.84759872383,0.023416098108723322,531.2485714285732,0.999999999997587,0.014853600908565578,0.0069803587866688055,0.0040495345119894105,0
2026-08-31 19:00:00+00:00,79000.43,79251.79,78844.35,78895.46,4705,78789.684,78521.117,78238.27200000001,78320.6954,78557.14914878637,78408.62560282653,148.52354595983343,54.76887729468577,93.75466866514765,66.11111712745893,78238.27200000001,79174.84330547151,77301.70069452851,0.023941513060807412,513.5935714285723,0.83802409620135,0.004276759469385549,0.0050273366606026215,0.004101658186455646,0
2026-08-31 20:00:00+00:00,78897.02,79183.15,78772.66,78842.72,4177,78847.13200000001,78537.992,78284.4365,78334.43400000001,78601.08312589616,78440.78074335791,160.30238253824064,75.87557834339675,84.42680419484388,64.11156635925352,78284.4365,79245.53362978016,77323.33937021984,0.024553977080237627,520.2292857142862,0.7570034170038482,0.0036565240260768572,0.002144927985711087,0.004070139537205857,0
2026-08-31 21:00:00+00:00,78843.45,79061.45,78706.57,78948.2,4057,78914.15400000001,78604.88100000001,78350.2485,78349.84079999999,78654.48572191213,78478.36735496104,176.11836695109378,95.92413606493616,80.19423088615761,64.0004211581122,78350.2485,79303.45290787255,77397.04409212746,0.02433187963335036,524.7907142857138,0.7165387985104441,0.004262776084746234,0.008544914358596056,0.0036341664732660916,0
2026-08-31 22:00:00+00:00,78948.2,79007.42,78552.19,78569.86,3847,78851.66,78671.44499999999,78406.15849999999,78358.888,78641.4663800795,78485.14458792689,156.3217921526084,108.00366728247063,48.318124870137765,52.021574670776175,78406.15849999999,79263.82889574372,77548.48810425626,0.021877628292265527,518.7757142857133,0.30079172559118655,-0.003961216662844547,0.008544338162939091,0.0036342646738776094,1
2026-08-31 23:00:00+00:00,78569.78,78574.22,78376.0,78565.22,3847,78764.292,78743.38999999998,78446.96800000001,78367.0446,78629.73616775958,78491.07609993231,138.66006782726618,114.13494739142975,24.525120435836428,51.144680019193586,78446.96800000001,79248.84307902388,77645.09292097614,0.02044374943908272,503.0849999999991,0.2713176522308181,-0.005529476066826522,0.009241992211008965,0.0036067655510779806,1
2026-09-01 00:00:00+00:00,78565.65,78887.12,78532.15,78630.19,4284,78711.238,78750.461,78498.2675,78375.2186,78629.80598810426,78501.38083327065,128.4251548336033,116.99298887986447,11.432165953738831,49.19083563132566,78498.2675,79197.88347385748,77798.65152614252,0.017825004197894654,497.9135714285699,0.2056452790228951,-0.0033622973996222383,0.0009000823325207019,0.0021653759974810125,1
2026-09-01 01:00:00+00:00,78630.74,78779.81,78342.22,78377.36,4860,78618.166,78732.649,78516.99399999999,78378.0734,78590.96814378053,78492.19410488024,98.77403890028654,113.34919888394887,-14.575159983662331,51.91247664262344,78516.99399999999,79179.8575801174,77854.13041988258,0.016884588834804592,499.0049999999984,0.29712473631323627,-0.005902383885284523,-0.0022674420676952467,0.0024064144621359514,1
2026-09-01 02:00:00+00:00,78375.76,78429.33,78148.4,78419.07,4618,78512.34,78713.247,78534.7995,78382.9926,78564.5222755066,78486.77750451874,77.74477098786156,106.2283133047314,-28.483542316869844,61.54346315105062,78534.7995,79164.61904270695,77904.97995729304,0.016039247485618364,458.25857142857006,0.5226820718126958,-0.006702242736376429,-0.0024680368116809515,0.002398344778439359,1
2026-09-01 03:00:00+00:00,78417.75,78852.35,78346.39,78656.36,4468,78529.63999999998,78690.65,78558.769,78394.7086,78578.6511561979,78499.33917085068,79.31198534721625,100.84504771322838,-21.533062366012132,66.82496917667476,78558.769,79167.38077380546,77950.15722619454,0.015494432551647034,453.9092857142844,0.7461607209791469,0.0011009310694967134,-0.0028646466198450904,0.0023329514386886477,0
2026-09-01 04:00:00+00:00,78656.36,78901.6,78612.18,78702.82,4130,78557.16,78660.726,78571.18899999998,78406.80440000001,78597.75405524438,78514.41182486175,83.34223038263735,97.34448424711019,-14.002253864472834,54.11508692956097,78571.18899999998,79180.97174510286,77961.40625489711,0.01552178992996712,407.44857142857137,0.20836197534314507,0.001751411120595181,-0.0037877493321059053,0.0022709700806829852,0
2026-09-01 05:00:00+00:00,78700.91,79204.73,78700.91,79153.69,4656,78661.86000000002,78686.549,78603.83300000001,78427.2308,78683.28266212986,78561.76576376088,121.51689836898004,102.17896707148417,19.33793129749587,63.667061151194375,78603.83300000001,79265.45108489096,77942.21491510907,0.016834244836150484,402.7171428571424,0.6125387926310009,0.006657748124479834,0.00327306539565142,0.002939050018587221,0
2026-09-01 06:00:00+00:00,79152.85,79152.85,78708.97,78709.74,4110,78728.33600000001,78673.25100000002,78605.62150000001,78439.2352,78687.35302180219,78572.72681829712,114.62620350507495,104.66841435820233,9.957789146872628,51.876808357768596,78605.62150000001,79268.23052943077,77943.01247056924,0.016859074880052057,405.88214285714224,0.1136527258874918,0.004240765445531869,-0.0016866490653797417,0.0034893469383195487,0
2026-09-01 07:00:00+00:00,78709.53,78781.7,78476.45,78600.5,4276,78764.622,78638.481,78621.68100000001,78448.65179999999,78673.99101844801,78574.78409101586,99.20692743215477,103.57611697299284,-4.3691895408380645,44.16464790773749,78621.68100000001,79266.31550793053,77977.0464920695,0.01639839036080944,386.25214285714173,0.0,0.0023135954047910356,-0.004404153609581907,0.00346543240625545,0
2026-09-01 08:00:00+00:00,78607.55,78636.82,77779.31,77844.18,6070,78602.186,78565.913,78618.679,78440.161,78546.32778484063,78520.66526945913,25.662515381496632,87.9933966546936,-62.330881273196965,31.027318249744326,78618.679,79277.77840313644,77959.57959686356,0.016766992565124095,414.7449999999995,0.0,-0.010325674872318058,-0.009236111659101987,0.004360973957183662,1
2026-09-01 09:00:00+00:00,77845.65,78029.86,77748.77,77880.9,4395,78437.802,78497.481,78620.43549999999,78435.5662,78443.95427948053,78473.2752494992,-29.320970018670778,64.53052332002072,-93.8514933386915,32.9860878197989,78620.43549999999,79270.99395402406,77969.87704597593,0.016549347504544593,405.72000000000014,0.05471782419598724,-0.010443336083764354,-0.008710215538122457,0.00437580638861268,1
2026-09-01 10:00:00+00:00,77882.41,78174.01,77715.02,77986.8,4635,78204.424,78433.14199999999,78591.8015,78433.9394,78373.62285186815,78437.2400458326,-63.61719396445551,38.900979863125464,-102.51817382758097,35.89787525702546,78591.8015,79301.39073473484,77882.21226526516,0.018057589244466973,409.18428571428586,0.13605800607445526,-0.014742079617513726,-0.00818248054595827,0.004401874523105837,0
2026-09-01 11:00:00+00:00,77988.44,78174.47,77835.71,78049.8,4424,78072.436,78400.386,78566.5175,78435.1814,78323.80395158073,78408.54078317832,-84.73683159759094,14.173417570982178,-98.91024916857312,34.987835200385206,78566.5175,79316.44605116016,77816.58894883984,0.019090283622668215,408.0328571428576,0.11063622467055052,-0.008384476940210939,-0.004179268094766098,0.004341293929762715,0
2026-09-01 12:00:00+00:00,78049.81,78127.66,77693.99,77961.49,5249,77944.63399999999,78354.628,78533.9375,78431.70420000001,78268.06334364523,78375.42591035031,-107.3625667050801,-10.133779284230286,-97.22878742084981,38.743102867652944,78533.9375,79330.5125503201,77737.3624496799,0.020286135540322246,406.49285714285776,0.21553885291625405,-0.008129846502248683,-0.005835060272966763,0.004333036594446257,0
2026-09-01 13:00:00+00:00,77958.94,78181.05,77388.68,78040.78,9710,77983.954,78293.06999999999,78491.86,78429.3062,78233.09667539212,78350.63732439843,-117.54064900630328,-31.615153228644896,-85.92549577765838,40.556960019590484,78491.86,79299.77385248007,77683.94614751994,0.020585927062502164,448.93214285714413,0.2662085785816305,0.002525558108518844,-0.00782619485569891,0.004191723782460004,0
2026-09-01 14:00:00+00:00,78043.46,78404.35,78007.96,78144.31,7069,78036.63600000001,78237.219,78448.9725,78416.628,78219.43718687026,78335.35381888744,-115.91663201717893,-48.47544898635171,-67.44118303082722,41.37109205731289,78448.9725,79233.58007556522,77664.36492443479,0.02000300451520159,451.89071428571543,0.2889511892457192,0.0033822156652016933,-0.007096442033462158,0.004224743501484488,0
2026-09-01 15:00:00+00:00,78140.92,78140.92,77689.21,77881.74,5573,78015.624,78110.024,78398.2865,78397.4308,78167.48377350559,78301.75279526615,-134.26902176055592,-65.63416354119256,-68.63485821936335,41.22846139687673,78398.2865,79192.36500410561,77604.2079958944,0.020257547442841313,453.14142857142934,0.2849668311456054,-0.0013471510563325406,-0.016069370865717025,0.0036217260687906525,0
2026-09-01 16:00:00+00:00,77881.28,77945.03,77259.31,77557.19,6421,77917.102,77994.769,78334.01,78373.08540000001,78073.5924237355,78246.5999956168,-173.00757188128773,-87.10884520921161,-85.89872667207612,36.13449163449156,78334.01,79182.84275931209,77485.1772406879,0.02167213855928203,482.0550000000003,0.14266783580737308,-0.006311483181250965,-0.014643041636270171,0.003470541256214713,0
2026-09-01 17:00:00+00:00,77557.21,77700.76,77201.66,77243.24,5223,77773.452,77859.04299999999,78248.762,78341.651,77945.84589700696,78172.27703297851,-226.43113597155025,-114.97330336167936,-111.45783260987089,27.813644156676162,78248.762,79176.65280684782,77320.87119315218,0.02371643418071763,481.5649999999992,0.0,-0.009212881898486014,-0.01726782908505664,0.0035643449324938158,0
2026-09-01 18:00:00+00:00,77244.99,77296.99,76366.92,77124.86,7879,77590.268,77787.111,78176.512,78297.44,77819.5403743905,78094.69058609122,-275.1502117007185,-147.0086850294872,-128.1415266712313,25.772743184567773,78176.512,79217.2922680079,77135.7317319921,0.026626418636019573,527.325714285713,0.0,-0.01173642805722852,-0.009240510979754535,0.002251449401573914,1
2026-09-01 19:00:00+00:00,77130.31,77456.92,77071.47,77281.86,5160,77417.778,77727.20700000001,78112.344,78262.8138,77736.82031679196,78034.48091304743,-297.66059625547496,-177.13906727468478,-120.52152898079018,18.410171768414756,78112.344,79208.96748642629,77015.7205135737,0.02807810981645347,518.8707142857135,0.0,-0.011036632097717658,-0.0076917447024879015,0.0024081645114345674,0
2026-09-01 20:00:00+00:00,77283.55,77440.9,77190.66,77399.57,4269,77321.344,77668.484,78050.813,78230.1948,77684.93565267012,77987.45047504392,-302.51482237380696,-202.21421829450924,-100.30060407929773,25.15295072578124,78050.813,79163.08242999697,76938.54357000302,0.028501161928882753,504.9792857142841,0.26180998288857515,-0.006191053255872325,-0.0075298640282713825,0.0024247084816237303,0
2026-09-01 21:00:00+00:00,77399.53,77493.2,76869.04,77174.57,4918,77244.81999999999,77580.96100000001,77990.6735,78196.654,77606.41785995165,77927.23710652215,-320.81924657050695,-225.9352239497088,-94.88402262079813,24.09500659465256,77990.6735,79157.33894755255,76824.00805244746,0.029918075974880325,527.75857142857,0.2475874117711966,-0.004933391733248693,-0.011213737895548692,0.0024435207801621127,1
2026-09-01 22:00:00+00:00,77174.25,77329.36,76981.86,77226.24,4352,77241.42000000001,77507.43600000002,77931.032,78169.4624,77547.92895842061,77875.31139492794,-327.3824365073233,-246.22466646123175,-81.15777004609154,34.91047968821762,77931.032,79127.07434304564,76734.98965695438,0.030694892967556967,491.3292857142837,0.7186257219711305,-0.00022008398404826934,-0.009430938274781586,0.0025084487140012166,1
2026-09-01 23:00:00+00:00,77226.85,77600.68,77165.33,77388.1,4449,77294.068,77442.168,77867.61899999999,78144.46100000001,77523.33988789437,77839.22166197031,-315.8817740759405,-260.1560879841735,-55.72568609176699,38.65937626569489,77867.61899999999,79035.90225583533,76699.33574416465,0.030006908412991036,502.3478571428547,0.8818986452813332,0.0034131666495083035,-0.00836331979254945,0.0026227738526976747,1
2026-09-02 00:00:00+00:00,77416.82,77477.6,77076.62,77168.32,4611,77271.36,77344.569,77790.894,78119.3626,77468.72144360293,77789.52524256511,-320.80379896218074,-272.28563017977496,-48.51816878240578,32.10268520948135,77790.894,78929.40006233356,76652.38793766644,0.029270934007611722,498.2042857142847,0.5963399231705641,-0.0014691675381518499,-0.012489584974261003,0.002571426974971633,1
2026-09-02 01:00:00+00:00,77168.83,77330.2,76667.45,76962.89,5680,77184.024,77252.684,77681.354,78105.1602,77390.90122151017,77728.2930023751,-337.39178086492757,-285.3068603168055,-52.08492054812206,27.62666578840104,77681.354,78680.86216439173,76681.84583560828,0.025733541266330703,521.346428571428,0.40139915578220203,-0.005641891808959798,-0.011798015812178875,0.002516773483574403,1
2026-09-02 02:00:00+00:00,76963.75,77299.79,76890.73,77278.03,5128,77204.71600000001,77224.76800000001,77609.7685,78092.3322,77373.5364182009,77694.94018738435,-321.40376918343827,-292.5262420901321,-28.877527093306185,37.132981407152364,77609.7685,78498.04673030152,76721.4902696985,0.02289088725477932,519.5885714285707,0.8154206975627522,0.0013405970386357602,-0.003599408384960867,0.0027715677018541954,1
2026-09-02 03:00:00+00:00,77279.5,77758.68,77249.56,77513.66,5013,77262.2,77251.81000000001,77555.4265,78089.9662,77395.09389232386,77681.51202535587,-286.41813303201343,-291.30462027850837,4.886487246494937,40.627978095441414,77555.4265,78311.67185115478,76799.18114884522,0.019502061565086725,499.3564285714269,0.9676357065562592,0.0037217919712262404,0.003500888880373143,0.002626292025062722,0
2026-09-02 04:00:00+00:00,77512.84,77573.82,77233.08,77513.28,3943,77287.236,77290.652,77538.8815,78091.19859999999,77413.27637042788,77669.05039384804,-255.77402342016285,-284.1985009068393,28.424477486676437,38.35329728133488,77538.8815,78282.90773059732,76794.85526940269,0.019191048831348322,495.3814285714273,0.8739973870765947,0.0016175613563325086,0.005036249012315919,0.002547703994572829,0
2026-09-02 05:00:00+00:00,77513.75,77726.1,77377.02,77603.81,4475,77374.334,77322.847,77525.027,78088.2942,77442.5892365159,77664.21777208152,-221.62853556562914,-271.68450783859726,50.05597227296812,44.52248907178125,77525.027,78252.36989509937,76797.68410490063,0.018764079762251983,487.8085714285709,0.9999999999961705,0.005643378007969879,0.004165919402043361,0.002504199299436014,0
2026-09-02 06:00:00+00:00,77606.47,77675.8,77403.14,77569.25,4274,77495.606,77339.815,77504.14950000001,78087.5952,77462.07550782114,77657.1831222977,-195.10761447656841,-256.3691291661915,61.261514689623084,50.268355421847545,77504.14950000001,78198.9248114375,76809.37418856253,0.017928725517786088,458.30428571428536,0.9999999999968612,0.007878602271822244,0.0021922602412389747,0.002485026078545455,0
2026-09-02 07:00:00+00:00,77569.36,77724.09,77428.25,77443.34,4029,77528.66799999999,77366.69200000001,77473.8265,78076.4054,77459.1931220025,77641.3428910164,-182.1497690138931,-241.5252571357318,59.375488121838714,54.859202129209336,77473.8265,78119.53445486391,76828.11854513608,0.016669060611428966,443.7857142857143,0.9999999999972564,0.002139159085706499,0.0034826238746776816,0.0023340015401387276,0
2026-09-02 08:00:00+00:00,77441.2,77507.79,76689.43,76798.56,4903,77385.648,77323.924,77415.68000000001,78051.11739999999,77357.55725707904,77578.91452871889,-221.35727163984848,-237.49166003655517,16.134388396706697,43.68951566114071,77415.68000000001,78085.48090862461,76745.8790913754,0.0173040115032149,435.8064285714281,0.6935532617034347,-0.009225470710581885,-0.005538014022177018,0.003591771044238123,1
2026-09-02 09:00:00+00:00,76799.58,77015.77,76429.26,76701.37,5907,77223.26599999999,77255.251,77348.7095,78021.6054,77256.60537137456,77513.91123029527,-257.30585892070667,-241.45449981338552,-15.851359107321144,38.50774280657435,77348.7095,78023.17549233329,76674.2435076667,0.01743961849378482,450.16785714285754,0.4684905930884952,-0.010474463214561469,-0.008873844945153198,0.003471995546125955,1
2026-09-02 10:00:00+00:00,76708.5,76721.4,76177.0,76629.57,5272,77028.418,77201.376,77272.9725,77985.10840000001,77160.1383911631,77448.40447249563,-288.26608133253467,-250.81681611721538,-37.449265215319286,34.4736778429301,77272.9725,77910.44371823095,76635.50128176906,0.01649920269939001,471.1792857142864,0.3373620232190262,-0.012554022798622833,-0.006981491886826063,0.0034044569904347274,1
2026-09-02 11:00:00+00:00,76637.06,76803.22,76307.74,76771.93,5198,76868.954,77182.28,77217.48199999999,77950.53080000001,77100.41402329186,77398.29525231078,-297.8812290189235,-260.229698697557,-37.651530321366465,41.601238204103105,77217.48199999999,77824.30586030008,76610.6581396999,0.015717266209226914,461.98785714285725,0.5131572116810023,-0.010278815381095097,-0.0024811958074859586,0.0034143206986990207,1
2026-09-02 12:00:00+00:00,76771.44,77009.98,76557.1,76560.23,5096,76692.332,77110.5,77167.63399999999,77908.256,77017.30878893926,77336.21634473221,-318.90755579294637,-271.9652701166349,-46.942285676311485,36.97698519778627,77167.63399999999,77819.10995859011,76516.15804140987,0.016884694393769266,469.5149999999994,0.3433510302651951,-0.01140330466118844,-0.009288539058254996,0.0031221123273320675,1
2026-09-02 13:00:00+00:00,76557.92,77407.4,76555.47,77106.26,7847,76753.872,77069.76,77160.785,77884.795,77030.99359064091,77319.1825414187,-288.188950777796,-275.2100062488671,-12.978944528928878,45.208790909894326,77160.785,77811.79421111914,76509.77578888087,0.016874095076122756,499.27071428571384,0.6456293641324069,0.004006585540145435,-0.005255847807986491,0.00387600604431348,1
2026-09-02 14:00:00+00:00,77109.1,77468.94,76961.7,77016.89,7320,76816.976,77020.12100000001,77155.3865,77867.0484,77028.82380746538,77296.79050131362,-267.96669384824054,-273.7613437687418,5.794649920501286,47.3062924921996,77155.3865,77809.43365843562,76501.33934156437,0.016954024549812277,506.86071428571347,0.72265126014855,0.004113616223543337,-0.006403934912830422,0.003876145055464027,1
2026-09-02 15:00:00+00:00,77011.37,77355.93,76695.36,77247.79,7435,76940.62,76984.519,77153.683,77855.0888,77062.51091400915,77293.16083454965,-230.649920540498,-265.13905912309303,34.48913858259505,55.02242373813582,77153.683,77806.51953604691,76500.8464639531,0.016923016780596288,506.7049999999986,0.9999999999951336,0.008067642817257026,-0.004587661353224859,0.004011591394610102,1
2026-09-02 16:00:00+00:00,77244.42,77548.81,77129.57,77132.29,5302,77012.692,76940.823,77140.31899999999,77826.545,77073.24615800774,77281.24447643486,-207.99831842712592,-253.71091098389962,45.7125925567737,47.23625523393397,77140.31899999999,77782.82300646695,76497.81499353303,0.016658059359774213,507.432142857141,0.621087897822486,0.0046939030971346885,-0.005633160047312624,0.004025098775910589,1
2026-09-02 17:00:00+00:00,77142.3,77370.27,76917.93,77344.23,5042,77169.492,76930.912,77148.802,77802.32,77114.9359798527,77285.91007077301,-170.97409092031012,-237.16354697118177,66.18945605087166,46.757879025622195,77148.802,77797.65872430158,76499.94527569841,0.01682091510122441,503.3764285714278,0.5978078295035208,0.01024030361455286,-0.001279774348575402,0.0041324035010776835,0
2026-09-02 18:00:00+00:00,77342.7,77497.47,77248.88,77337.23,4455,77215.686,76984.779,77154.3515,77776.8028,77149.13505987536,77289.71154701205,-140.5764871366846,-217.84613500428236,77.26964786759777,46.63971567852729,77154.3515,77807.87861207387,76500.82438792614,0.016940771307600494,496.79428571428434,0.5920574373532193,0.002995476631858507,0.007014063805363069,0.0029735867043817394,0
2026-09-02 19:00:00+00:00,77336.56,77395.75,77080.46,77291.89,4612,77270.68599999999,77043.83099999999,77149.541,77744.994,77171.09735835608,77289.87291390005,-118.77555554396531,-198.03201911221896,79.25646356825365,43.94184230766237,77149.541,77797.21370308862,76501.86829691137,0.0167900597902099,494.3807142857123,0.46076604932348864,0.0035706453480528477,0.007698949836228541,0.0029310734646046176,0
2026-09-02 20:00:00+00:00,77295.8,77500.56,77176.49,77379.11,4369,77296.95,77118.785,77160.08050000001,77712.535,77203.09930322439,77296.48306842597,-93.38376520157908,-177.102368330091,83.71860312851192,46.38109811803395,77160.08050000001,77815.8496061509,76504.31139384912,0.01699762628295588,498.0528571428544,0.579471873163026,0.0016999839089248958,0.009781341589154113,0.00286952717792295,0
2026-09-02 21:00:00+00:00,77379.61,77408.28,77208.35,77267.17,4000,77323.926,77168.309,77175.29449999999,77679.96919999999,77212.95633349755,77294.31173002404,-81.35539652648731,-157.95297396937028,76.59757744288297,46.629060836487334,77175.29449999999,77825.89941278491,76524.68958721506,0.01686044522408465,491.20214285713985,0.5915389219122167,0.0017486839817668631,0.006450795232059603,0.002946140655563858,1
2026-09-02 22:00:00+00:00,77267.17,77267.17,76983.03,77004.39,3914,77255.95800000001,77212.725,77161.61249999999,77643.2026,77180.86920526717,77272.83604631855,-91.96684105138411,-144.75574738577305,52.78890633438894,54.61280910056621,77161.61249999999,77814.62525835754,76508.59974164244,0.016925845305722515,453.0435714285683,0.9800661977253228,-0.004393863640506868,0.005801445476326439,0.003034457945843835,1
2026-09-02 23:00:00+00:00,77005.48,77342.53,76972.69,77292.04,3809,77246.92,77231.30299999999,77150.5315,77610.0794,77197.97240445683,77274.25856140607,-76.28615694923792,-131.06182929846602,54.7756723492281,62.19621478982315,77150.5315,77785.66762573652,76515.39537426348,0.016464854185392636,437.5671428571389,0.9999999999963929,-0.0005843240053982068,0.0024094022975567064,0.002327723102083552,1
2026-09-03 00:00:00+00:00,77291.21,77362.53,76938.56,77029.84,4438,77194.50999999998,77232.598,77126.35949999999,77579.279,77172.10588069425,77256.15348278338,-84.04760208913649,-121.65898385660012,37.61138176746363,57.6623416400898,77126.35949999999,77739.7940534111,76512.92494658889,0.015907260692399346,428.9649999999965,0.820221583959608,-0.00339039451616463,0.00016814493548089615,0.0025715600680574213,1
2026-09-03 01:00:00+00:00,77028.7,77514.5,76924.32,77322.4,5242,77183.16799999999,77240.059,77112.28899999999,77554.4226,77195.22805289514,77261.06063220683,-65.83257931169646,-110.49370294761938,44.66112363592292,59.964592542711706,77112.28899999999,77691.5712395541,76533.00676044587,0.015024381899858148,435.729285714282,0.9115110856555569,-0.0007328851417391924,0.0009658528742375605,0.0026844664253271723,1
2026-09-03 02:00:00+00:00,77322.4,77877.51,77195.4,77784.35,5292,77286.604,77305.26499999998,77123.044,77537.5058,77285.86219860359,77299.82280759892,-13.960608995330404,-91.18708415716158,77.22647516183117,70.3181537521829,77123.044,77744.5001539767,76501.58784602329,0.01611596539101081,452.1028571428542,0.9999999999962088,0.006693399020567314,0.008453787641985011,0.0031840622038003348,0
2026-09-03 03:00:00+00:00,77787.39,77853.18,77596.34,77676.36,4145,77420.99799999999,77338.478,77134.69499999999,77523.4858,77345.9387834338,77327.71445148048,18.224331953315414,-69.30480093506618,87.5291328883816,61.072740974385795,77134.69499999999,77789.28864188283,76480.10135811716,0.016972742081441696,409.59642857142586,0.6494804515290666,0.008726385599574282,0.004294179410668342,0.0031783159462042544,1
2026-09-03 04:00:00+00:00,77676.39,77793.64,77504.99,77747.97,4041,77512.184,77379.552,77182.16549999999,77510.0638,77407.7897398286,77358.84449211156,48.94524771704164,-45.65479120464461,94.60003892168625,64.29800749438706,77182.16549999999,77870.93121388541,76493.39978611456,0.017847794485253893,393.9828571428537,0.7717593579930357,0.005898796305544574,0.005311025491862242,0.003175906486759922,0
2026-09-03 05:00:00+00:00,77750.99,77798.32,77059.35,77771.53,5522,77660.522,77427.516,77235.6735,77492.36720000001,77463.74977985497,77389.41378899218,74.33599086278991,-21.656634791157703,95.99262565394761,61.14700924554333,77235.6735,77933.38639084224,76537.96060915777,0.018067114824660162,399.58285714285427,0.6522961701451236,0.009628606264793005,0.006205566974749832,0.0031534117413336057,0
2026-09-03 06:00:00+00:00,77771.54,77822.76,77653.06,77793.64,4238,77754.76999999999,77468.969,77293.87700000001,77474.18359999999,77514.50212141575,77419.35647128907,95.14565012668027,1.7038221924098969,93.44182793427036,64.65855442516134,77293.87700000001,77972.65729697101,76615.096703029,0.017563624010502224,381.75857142856904,0.7854287041232283,0.006094482323363071,0.005357130626082451,0.003149683229868209,1
2026-09-03 07:00:00+00:00,77793.22,78147.01,77561.12,77633.55,5284,77724.61000000002,77505.60699999999,77336.95800000001,77443.78080000001,77532.81717965947,77435.222658601,97.59452105847595,20.881961965623113,76.71255909285284,56.56352087114353,77336.95800000001,77984.92768899087,76688.98831100916,0.01675705136969188,391.2978571428539,0.47852326091847713,-0.0019386933232713455,0.004741729249304827,0.0031980557414818364,1
2026-09-03 08:00:00+00:00,77636.11,78033.66,77636.11,77795.82,5032,77748.50200000001,77584.75,77398.7375,77425.5024,77573.27915201956,77461.9335727787,111.34557924086403,38.97468542067131,72.37089382019272,59.718896099217346,77398.7375,77965.40294970003,76832.07205029998,0.014642756923522873,402.12071428571136,0.598152392334324,0.0015379196450504562,0.010277725724468612,0.0029171627158277418,1
2026-09-03 09:00:00+00:00,77795.46,77934.54,77568.9,77570.24,4411,77712.956,77612.57,77421.9365,77404.8972,77572.8115901704,77469.95627109139,102.85531907901168,51.750812152339385,51.10450692667229,55.48038794885637,77421.9365,77976.03650502057,76867.83649497942,0.014313772816069426,405.71714285714035,0.38013404697122527,-0.002285976084005714,0.003599335714260077,0.002986393209864866,1
2026-09-03 10:00:00+00:00,77570.83,77742.97,77432.18,77709.12,4570,77700.474,77680.498,77456.548,77402.196,77593.78211475957,77487.6721028624,106.11001189716626,62.622652101304766,43.487359795861494,56.3679727690579,77456.548,77990.22047018206,76922.87552981793,0.013779918779289364,404.76857142857,0.41111375463755284,-0.0008024787476856865,0.0088184007652099,0.002697983548091531,1
2026-09-03 11:00:00+00:00,77708.73,77974.69,77671.48,77901.08,4521,77721.962,77738.36600000001,77489.2125,77402.5996,77641.05871248887,77518.29491005778,122.76380243108724,74.65088216726126,48.112920263825984,61.86568533125691,77489.2125,78048.44493563205,76929.98006436793,0.0144338138842761,412.14571428571384,0.4618094280342916,0.0013810897651787002,0.007483989115702583,0.002568054841152887,1
2026-09-03 12:00:00+00:00,77901.26,78750.41,77848.02,78619.05,6684,77919.062,77821.83600000001,77563.5505,77415.2446,77791.51891056751,77599.83232412758,191.68658643992967,98.05802302179495,93.62856341813472,75.82315649409223,77563.5505,78292.52031333359,76834.5806866664,0.01879671079094275,456.3064285714281,0.9999999999950844,0.012694253966229807,0.01073095037755012,0.0033779883734491173,1
2026-09-03 13:00:00+00:00,78617.1,78968.02,78414.04,78812.46,7620,78122.39,77935.446,77636.962,77430.4978,77948.5867704802,77689.65659641442,258.93017406576837,130.23245323058967,128.6977208351787,75.07173151635489,77636.962,78546.33126520774,76727.59273479226,0.02342619396178187,469.45928571428624,0.963061813530311,0.013068054299061327,0.014626071561540721,0.0032843336902647255,1
2026-09-03 14:00:00+00:00,78809.21,80566.06,78673.98,80533.92,10852,78715.126,78214.041,77796.7965,77481.9464,78346.33034425248,77900.34277445781,445.98756979467,193.38347654340575,252.60409325126423,89.00877232043455,77796.7965,79367.556237166,76226.03676283399,0.04038109042615935,574.3242857142862,0.9999999999970174,0.03820640493055061,0.03583308991861767,0.007215403101646043,1
2026-09-03 15:00:00+00:00,80531.23,81373.1,80341.95,81355.9,11222,79444.482,78572.478,77999.997,77548.2488,78809.34106052133,78156.30997634982,653.0310841715109,285.31299806902683,367.71808610248405,90.16774152429278,77999.997,80215.06917454001,75784.92482546,0.05679672460859217,605.8221428571445,0.9999999999971171,0.04692859731264498,0.046088459362957135,0.007397588970447635,1
2026-09-03 16:00:00+00:00,81360.72,81372.9,80608.09,80971.02,7936,80058.47,78890.216,78179.5925,77604.783,79141.90705121036,78364.80701513872,777.1000360716425,383.67040566955,393.4296304020925,82.22927939317327,78179.5925,80738.47686360187,75620.70813639813,0.06546169612234476,611.7292857142872,0.7711424679910379,0.039408182787709745,0.040843698790800964,0.007872907505238735,1
2026-09-03 17:00:00+00:00,80970.62,81203.56,80877.48,81049.75,5726,80544.61,79231.836,78368.7215,77668.1432,79435.42135102415,78563.691680684,871.7296703401516,481.28225860367036,390.4474117364813,84.3208552667725,78368.7215,81189.41075202567,75548.03224797433,0.07198507766968397,616.6750000000019,0.8314404053659529,0.030917443037024706,0.044004170877153026,0.0076678226494582055,1
2026-09-03 18:00:00+00:00,81049.14,81365.13,80894.29,81259.45,5172,81034.008,79578.199,78581.4745,77742.1884,79716.04114317428,78763.37748211483,952.6636610594578,575.558539094828,377.1051219646298,84.74937556654238,78581.4745,81603.56862779616,75559.38037220383,0.07691619804859143,629.6885714285745,0.8437941958860836,0.031048263180720292,0.04452205786891872,0.007653201104509949,0
2026-09-03 19:00:00+00:00,81259.46,81812.57,81163.55,81773.43,6844,81281.91,79998.518,78805.54400000001,77832.7922,80032.56250576285,78986.3443352915,1046.218170471344,669.6904653701313,376.52770510121263,86.09868302363355,78805.54400000001,82079.16414722713,75531.92385277289,0.08308096057879177,623.2635714285747,0.8826933138067653,0.015391154435298704,0.054185600044553084,0.007220428100054002,0
2026-09-03 20:00:00+00:00,81767.37,81793.59,81386.22,81458.47,5488,81302.424,80373.45300000001,79026.9755,77919.4644,80251.93288949164,79169.46475489954,1082.468134592098,752.2459992145248,330.2221353775733,81.39928202404127,79026.9755,82392.68651760377,75661.26448239623,0.08517878854173706,640.2400000000032,0.7472145149021818,0.0012607567490496852,0.04824851960747978,0.00772888463988344,0
2026-09-03 21:00:00+00:00,81458.71,82305.54,81289.1,81601.36,6985,81428.492,80743.481,79240.9235,78005.8544,80459.53706033908,79349.60514342549,1109.9319169135852,823.783182754337,286.1487341592482,84.09562355529222,79240.9235,82693.28969363881,75788.5573063612,0.08713594039925111,670.9935714285738,0.8249472114994965,0.007784760522962397,0.04749972657631951,0.007755623173102675,0
2026-09-03 22:00:00+00:00,81601.07,81627.04,80910.58,81153.8,5655,81449.302,80996.95599999999,79409.396,78080.939,80566.34674336383,79483.24920687547,1083.0975364883634,875.6460535011424,207.45148298722097,77.50665963295853,79409.396,82891.206904185,75927.58509581498,0.08769266811159253,693.5900000000017,0.6349942965852662,0.0012837794070925668,0.032240913620808165,0.008181445910158944,0
2026-09-03 23:00:00+00:00,81153.13,81343.4,81069.26,81254.84,4601,81448.38,81241.19399999999,79588.32,78162.5444,80672.26878284632,79614.47815451432,1057.7906283320044,912.0749684673148,145.71565986468966,80.81078369067149,79588.32,83062.92737331212,76113.71262668789,0.0873145047743718,687.0542857142874,0.7231650340138965,-5.6731863186332276e-05,0.03098976989171498,0.008202783767468847,0
2026-09-04 00:00:00+00:00,81255.75,81436.01,80952.44,80973.57,5167,81288.40800000001,81285.159,79749.6,78237.491,80718.62281625457,79715.1516245503,1003.4711917042732,930.3542131147066,73.11697858956666,76.66254477856998,79749.6,83163.44372243396,76335.75627756605,0.08561406508456362,699.3957142857149,0.5228192378086568,-0.00978141677559552,0.005459190363513944,0.005084142548454271,1
2026-09-04 01:00:00+00:00,80974.41,81103.84,80753.99,80974.51,5088,81191.61600000001,81247.01999999999,79909.749,78309.21919999999,80757.99007529233,79808.43743013917,949.5526451531623,934.1938995223978,15.358745630764474,75.9108850958647,79909.749,83232.16892038114,76587.32907961885,0.08315430750210827,702.7271428571423,0.05558777313097989,-0.005941186963123735,-0.004687920605635276,0.0037919246641886627,0
2026-09-04 02:00:00+00:00,80975.23,80975.23,80655.62,80835.08,4328,81038.36,81233.426,80061.821,78382.55440000001,80769.8500637089,79884.48502790663,885.3650358022714,924.4281267783726,-39.06309097610119,70.7019317181813,80061.821,83252.21956942153,76871.42243057846,0.07969837631900821,661.0999999999996,0.0,-0.009390529765680333,-0.0016788722681275736,0.0035257042656213935,0
2026-09-04 03:00:00+00:00,80835.86,81049.79,80785.95,80840.06,4298,80975.612,81212.45700000001,80222.1465,78460.09779999999,80780.65159236907,79955.26835917281,825.3832331962622,904.6191480619505,-79.2359148656883,69.63282853712406,80222.1465,83214.89651061146,77229.39648938854,0.07461156653571867,640.3757142857129,0.0,-0.003865992719995881,-0.002587176394745261,0.003504836622070467,1
2026-09-04 04:00:00+00:00,80839.42,81294.28,80807.58,81072.61,4383,80939.166,81193.773,80385.986,78535.9894,80825.56827046614,80038.0344066415,787.5338638246467,881.2020912144897,-93.66822738984297,57.32933502771529,80385.986,83171.02063905883,77600.95136094118,0.0692915463911539,539.9914285714268,0.0,-0.002242697173485242,-0.0022993018042823943,0.0035319863424429694,0
2026-09-04 05:00:00+00:00,81075.51,81147.82,80849.27,80981.67,4482,80940.78600000001,81114.597,80556.55750000001,78605.3496,80849.58392116366,80107.93333948287,741.6505816807912,853.29178930775,-111.64120762695882,43.643867724238596,80556.55750000001,83014.0918389022,78099.02316109782,0.061013886768986794,487.662857142855,0.0,0.00010003264028002334,-0.009682362596261318,0.002679856634736322,1
2026-09-04 06:00:00+00:00,80979.34,81088.07,80552.3,80784.4,4499,80902.764,81047.19,80710.32149999999,78670.772,80839.55562560003,80158.04198100265,681.5136445973767,818.9361603656755,-137.4225157682988,46.61459089193949,80710.32149999999,82770.40074794825,78650.24225205173,0.05104871866848561,471.30285714285543,0.06997376261665743,-0.002347775861811341,-0.008275014249592538,0.0025446573577767896,1
2026-09-04 07:00:00+00:00,80783.35,80955.93,80627.39,80650.76,4331,80865.9,80952.12999999999,80847.80549999999,78731.71100000001,80810.51014473848,80194.53961203949,615.9705326989933,778.3430348323392,-162.37250213334585,42.903438094729694,80847.80549999999,82430.09722065947,79265.5137793405,0.03914247791572987,471.4785714285691,0.0,-0.002280198151594637,-0.011649315648660785,0.0023835834306650118,0
2026-09-04 08:00:00+00:00,80649.74,81227.42,80480.27,81132.47,5244,80924.382,80949.997,80973.4765,78802.9754,80860.04243016332,80264.0159370736,596.0264930897247,741.8797264838164,-145.85323339409172,47.94074910157116,80973.4765,82160.2583021402,79786.69469785981,0.029312852885603615,491.2149999999965,0.11661725764307711,0.0036171422930662,-0.0002628342727020172,0.002796320250802751,0
2026-09-04 09:00:00+00:00,81135.48,81304.75,80913.37,81037.66,5413,80917.392,80928.279,81084.7365,78874.8618,80887.3682101382,80321.32290469776,566.0453054404352,706.7128422751402,-140.66753683470506,36.190451165357224,81084.7365,81696.32527212246,80473.14772787754,0.015085176286475498,472.8121428571394,0.0,-0.00043109503937266425,-0.0026728253972316818,0.0027788411284755308,0
2026-09-04 10:00:00+00:00,81040.17,81192.29,80813.47,81176.5,4762,80956.35800000001,80948.572,81116.8655,78962.42060000001,80931.8500239631,80384.66935620163,547.1806677614659,674.8064073724055,-127.6257396109396,44.33310422168351,81116.8655,81671.47682807251,80562.25417192749,0.013674377693317334,470.77285714285347,0.16997440255574747,0.0024058530776163156,0.0025061263817316437,0.0025928585015173194,0
2026-09-04 11:00:00+00:00,81177.3,81402.27,81061.19,81223.59,4592,81044.196,80973.48,81110.25,79052.865,80976.73309719954,80446.81162611261,529.9214710869273,645.8294201153099,-115.90794902838252,42.10370097865008,81110.25,81655.94077897558,80564.55922102442,0.013455531920455892,422.5328571428545,0.13252366082043127,0.005436569436673366,0.003076029728367624,0.002593201427599207,0
2026-09-04 12:00:00+00:00,81223.63,81359.31,79152.33,79456.75,14389,80805.394,80835.647,81034.5365,79109.4086,80742.88954378423,80373.47372788204,369.41581590218993,590.5466992726859,-221.130883370496,27.137025610626594,81034.5365,81953.85822939836,80115.21477060164,0.02268962763545545,528.9985714285691,0.0,-0.014804696198771006,-0.017051136709458348,0.0074762197218380105,1
2026-09-04 13:00:00+00:00,79457.83,79695.5,78969.32,79364.29,10468,80451.758,80688.06999999999,80950.2635,79161.2558,80530.79730627895,80298.71937766855,232.07792861040798,518.8529451402303,-286.7750165298223,24.471139174185595,80950.2635,82134.54007240791,79765.9869275921,0.029259363001527653,561.28714285714,0.0,-0.021793740533229244,-0.018255429300769954,0.007454278830893835,1
2026-09-04 14:00:00+00:00,79364.3,79569.13,78634.1,78892.58,9455,80022.742,80470.067,80831.92000000001,79207.9028,80278.76387454373,80194.56090524867,84.20296929506003,431.9229499711962,-347.7199806761362,23.274110566858482,80831.92000000001,82320.13961200029,79343.70038799974,0.036822572369932,593.5342857142833,0.0,-0.02647016214436604,-0.026889846028146813,0.00735861555272939,1
2026-09-04 15:00:00+00:00,78890.8,79564.31,78767.61,79429.1,5455,79673.262,80314.81000000001,80714.70349999999,79254.3596,80148.04635538317,80137.86009745247,10.186257930690772,347.5756115630951,-337.3893536324043,32.55268369012765,80714.70349999999,82258.92583054146,79170.48116945852,0.03826371809794151,625.4521428571409,0.1956356606314565,-0.021525934229733923,-0.01917186938723281,0.007949823951684034,1
2026-09-04 16:00:00+00:00,79429.47,79882.88,79368.06,79750.01,5228,79378.546,80211.371,80629.2805,79309.022,80086.80999301652,80109.13046060414,-22.320467587618623,273.5963957329524,-295.916863320571,38.232034132491044,80629.2805,82189.20361166912,79069.35738833087,0.03869371280496848,639.3957142857128,0.32265610915285214,-0.018142266304653654,-0.012804328558484013,0.00816271646561691,0
2026-09-04 17:00:00+00:00,79753.62,79762.11,79383.08,79473.11,4689,79381.818,80093.606,80522.868,79353.5284,79992.39460947551,80062.01783389272,-69.62322441721335,204.9524717029192,-274.57569612013253,36.000647250516664,80522.868,82093.90720086714,78951.82879913287,0.03902094497844099,647.6235714285701,0.3737029159284719,0.00020589817731031523,-0.014601846281423692,0.008192718331619086,1
2026-09-04 18:00:00+00:00,79470.23,79667.65,79470.23,79613.16,3997,79431.592,79941.675,80445.836,79403.1458,79934.05082340236,80028.76910545623,-94.71828205387283,145.0183209515608,-239.73660300543364,34.764671617578585,80445.836,82037.56426871658,78854.10773128341,0.03957267020549295,626.960714285713,0.4658340873849987,0.003135793188599134,-0.018726288007748337,0.007871347094101077,1
2026-09-04 19:00:00+00:00,79612.8,79824.69,79612.8,79800.99,4144,79613.274,79818.008,80373.14349999999,79452.281,79913.5799274943,80011.89657912614,-98.31665163184516,96.35132643487961,-194.66797806672477,37.9191581842516,80373.14349999999,81941.93449190719,78804.3525080928,0.03903769153702934,620.7707142857128,0.5937188237758533,0.011514517588346207,-0.015260435703597586,0.007984051313287352,0
2026-09-04 20:00:00+00:00,79793.4,79884.88,79682.18,79717.2,3859,79670.894,79672.07800000001,80310.32499999998,79499.8804,79883.36763095672,79990.06720289458,-106.69957193786104,55.741146760331475,-162.4407186981925,38.820682575265565,80310.32499999998,81878.50035283038,78742.14964716959,0.0390528951994752,596.979999999999,0.6302671515806987,0.0036271341359777054,-0.017976877544609637,0.007907642168725585,0
2026-09-04 21:00:00+00:00,79719.58,79843.17,79530.27,79646.79,4012,79650.25,79514.398,80243.939,79546.97839999999,79846.971072348,79964.63926193943,-117.66818959143711,21.059279489977747,-138.72746908141485,39.34185019968702,80243.939,81806.1285001902,78681.7494998098,0.03893601235577933,595.8628571428562,0.6513955928835508,-0.0012942945085524515,-0.01941307937755521,0.007872495109274078,0
2026-09-04 22:00:00+00:00,79647.27,79745.56,79630.14,79653.61,3535,79686.35,79534.084,80184.8655,79592.4684,79817.22321506368,79941.60005735133,-124.37684228764556,-8.027944865546923,-116.34889742209863,32.53994115674688,80184.8655,81742.2802432751,78627.4507567249,0.03884560343310933,550.7392857142851,0.4399939874487503,0.0022712084628373486,0.0024775742778304632,0.0036701007945799625,0
2026-09-04 23:00:00+00:00,79654.9,79785.27,79599.6,79668.06,3390,79697.33,79564.461,80126.26550000001,79640.4862,79794.27502813081,79921.33783088086,-127.06280275004974,-31.834916442447497,-95.22788630760225,33.517144768955916,80126.26550000001,81667.99707157172,78584.5339284283,0.03848255155662314,536.0457142857132,0.4863971360617184,0.0006895844857808253,0.003827540068713553,0.003636888315278568,0
2026-09-05 00:00:00+00:00,79666.77,79741.77,79572.05,79601.28,3564,79657.388,79635.331,80052.699,79692.424,79764.58348534144,79897.6298434082,-133.0463580667565,-52.077204767309304,-80.96915329944721,30.707938156450822,80052.699,81543.88350962514,78561.51449037484,0.03725507142801392,521.1099999999996,0.3947949704151609,-0.0025026005316476363,0.008983100818860335,0.0029410894386988364,0
2026-09-05 01:00:00+00:00,79598.92,79728.36,79541.72,79544.58,3611,79622.864,79646.87899999999,79980.84449999999,79737.47480000001,79730.7367952889,79871.47800315575,-140.74120786684216,-69.8100053872159,-70.93120247962626,29.48508981787174,79980.84449999999,81421.17960824518,78540.50939175481,0.036017001752092895,510.0785714285708,0.3865496574443328,-0.0021654047056343106,0.001453875217017453,0.002107297415646321,1
2026-09-05 02:00:00+00:00,79544.65,79630.45,79483.54,79581.71,3416,79609.84800000001,79630.04900000001,79920.70999999999,79788.51220000001,79707.80959601369,79850.01370662569,-142.2041106120014,-84.288826432173,-57.91528417982839,52.64470086266024,79920.70999999999,81319.61698384669,78521.8030161533,0.035007371277024364,362.9307142857142,0.9999999999965953,-0.0008171076323350013,-0.0021103445629661044,0.0016205848312094457,1
2026-09-05 03:00:00+00:00,79581.9,79641.97,79518.43,79602.2,3407,79599.56599999999,79642.958,79868.282,79834.10819999999,79691.56196585773,79831.65713576453,-140.0951699067955,-95.45009512709751,-44.64507477969798,55.193430226720146,79868.282,81230.08964340952,78506.4743565905,0.034101338085862735,319.885000000001,0.9999999999968672,-0.0006454195861305134,0.0016243229942807247,0.0011461681768357038,1
2026-09-05 04:00:00+00:00,79604.01,79609.16,79510.37,79517.92,3346,79569.538,79633.43400000001,79787.5545,79868.7796,79664.84781726424,79808.41734793012,-143.56953066588903,-105.07398223485583,-38.4955484310332,66.42985507550989,79787.5545,81019.0032762413,78556.1057237587,0.030868192012108973,260.1535714285731,0.9999999999972932,-0.0018845695502062165,-0.0011962846343495093,0.0010520952993280399,1
2026-09-05 05:00:00+00:00,79518.04,79608.61,79451.67,79582.58,3386,79565.798,79611.59300000001,79714.80049999998,79906.904,79652.19122999282,79791.68865549086,-139.4974254980334,-111.95867088749137,-27.538754610542043,55.36193404136376,79714.80049999998,80798.32319687963,78631.27780312033,0.02718498171188797,214.45642857143062,0.7004197764681173,-0.00023492084549392445,-0.0027369334641087484,0.0007031279200827094,1
2026-09-05 06:00:00+00:00,79581.18,79731.33,79573.83,79657.14,3477,79588.31,79605.587,79638.83249999999,79945.0874,79652.9525792247,79781.72208841746,-128.76950919275987,-115.32083854854508,-13.448670644214786,46.08093851542411,79638.83249999999,80475.86213276252,78801.80286723746,0.021020640471155216,188.93357142857298,0.44920704142453133,0.001415055557524969,-0.00075341331607226,0.0007392238072112825,0
2026-09-05 07:00:00+00:00,79656.18,79773.69,79645.15,79724.74,3407,79616.916,79613.38200000001,79563.89,79984.1516,79663.99679780552,79777.50119297914,-113.5043951736152,-114.95754987355912,1.4531546999439229,62.89682743068013,79563.89,79950.92585518821,79176.85414481179,0.009728932438778674,171.04142857143077,0.9043700069473372,0.0017972722626844462,0.0009786960654660781,0.0007316939935135473,0
2026-09-05 08:00:00+00:00,79722.73,79731.17,79572.19,79653.96,3491,79627.26800000001,79613.41699999999,79573.7505,80021.35800000001,79662.45267506622,79768.3499934992,-105.89731843298068,-113.14550358544342,7.248185152462739,52.25095996822186,79573.7505,79959.3392129275,79188.16178707249,0.00969135451086994,168.29571428571631,0.6162136906684437,0.0006502332850097936,4.394025581611061e-06,0.000795502426749725,0
2026-09-05 09:00:00+00:00,79654.21,79733.9,79609.96,79631.87,3349,79650.05799999999,79609.798,79587.12950000001,80061.3244,79657.74764813295,79758.24036435112,-100.49271621817024,-110.61494611198879,10.122229893818542,38.581305533799345,79587.12950000001,79960.49198400644,79213.76701599358,0.00938248398584169,162.01357142857265,0.2462112197078417,0.0014330103201893873,-0.00045425983763136557,0.0007971502573523723,1
2026-09-05 10:00:00+00:00,79631.64,79671.29,79582.85,79610.5,3328,79655.64199999999,79610.72,79623.0255,80097.618,79650.47877918942,79747.29663365844,-96.81785446901631,-107.85552778339428,11.037673314377969,42.13266088597921,79623.0255,79803.39036540926,79442.66063459075,0.004530470031165896,153.85214285714235,0.34233729676922,0.00035083054608175956,0.00011582728317938162,0.0007533193915910324,1
2026-09-05 11:00:00+00:00,79609.93,79686.38,79604.11,79622.52,3369,79648.71800000001,79618.514,79632.6965,80138.6636,79646.17742854489,79738.05392005411,-91.87649150921789,-104.65972052855899,12.783229019341107,48.04188920981805,79632.6965,79788.32571073543,79477.06728926458,0.003908676148758163,137.37857142857163,0.502284945173919,-0.00043461264112665265,0.0009798279153652167,0.0007092932002551633,1
2026-09-05 12:00:00+00:00,79622.31,79782.62,79618.65,79710.53,3377,79645.876,79631.396,79630.7225,80178.6918,79656.07782415336,79736.01511116122,-79.93728700786596,-99.7152338244204,19.777946816554433,54.06037778919123,79630.7225,79780.99579929312,79480.44920070689,0.003774254322334256,140.846428571429,0.6651899883481367,-0.00017823827333907083,0.0016187136466405683,0.0007721268253504394,1
2026-09-05 13:00:00+00:00,79710.51,79769.17,79548.29,79621.21,3436,79639.326,79633.29699999999,79638.1275,80213.0944,79650.71354351437,79727.51102885298,-76.7974853386113,-95.13168412725858,18.334198788647285,46.98049729952748,79638.1275,79769.04886111518,79507.20613888482,0.0032879065649849444,143.36142857142946,0.47355578955779914,-0.00041115344422293365,0.00023881249513224567,0.000869969012278411,1
2026-09-05 14:00:00+00:00,79623.72,79760.82,79623.72,79712.77,3284,79655.50600000001,79652.78199999999,79643.10800000001,80234.9688,79660.26069066601,79726.41910078979,-66.15841012378223,-89.33702932656333,23.178619202781093,56.96316374583149,79643.10800000001,79777.56122601073,79508.65477398928,0.003376393247001927,141.2107142857151,0.7437609560181035,0.0010159249054431108,0.0024503910565065734,0.0008444708214323813,1
2026-09-05 15:00:00+00:00,79712.85,79831.28,79676.43,79795.91,3402,79692.58800000002,79674.115,79642.854,80254.6378,79681.12981517894,79731.56657480536,-50.4367596264201,-81.55697538653469,31.12021576011459,65.19510042200235,79642.854,79776.06484781754,79509.64315218247,0.003345205278995551,138.94000000000128,0.9556617966133665,0.002328964144177048,0.002680611762021279,0.000864539409613228,0
2026-09-05 16:00:00+00:00,79795.92,80200.34,79752.03,80041.61,4005,79776.406,79712.562,79659.07450000002,80244.7916,79736.58830515141,79754.5327544494,-17.94444929799647,-68.83447016882705,50.89002087083058,72.20494795187237,79659.07450000002,79880.31801661155,79437.83098338849,0.005554759906519675,160.4685714285723,0.9999999999970258,0.005263460639025164,0.004826560431368643,0.001234797635784114,0
2026-09-05 17:00:00+00:00,80041.16,80164.75,79963.45,80060.6,4364,79846.42,79746.148,79679.765,80218.88560000001,79786.43625820505,79777.20440226798,9.231855937076034,-53.221204947646434,62.45306088472247,72.1646294290581,79679.765,79964.46841990731,79395.06158009269,0.007146191254638103,166.02285714285765,0.9988008877083321,0.004391766056504709,0.004212745002366791,0.0012297691312606878,0
2026-09-05 18:00:00+00:00,80061.7,80084.22,79926.49,79998.89,3642,79921.956,79780.641,79697.02900000001,80199.443,79819.12144925042,79793.62555765553,25.49589159489551,-37.47778563913805,62.97367723403356,73.77485145969871,79697.02900000001,80014.98693991565,79379.07106008437,0.00797916669931662,170.23285714285677,0.9999999999971585,0.0047434596886934965,0.004330355954681897,0.00121641454921426,0
2026-09-05 19:00:00+00:00,79998.74,80004.32,79706.92,79755.46,3649,79930.494,79793.00000000001,79701.399,80173.5572,79809.32738013497,79790.79847931067,18.528900824298034,-26.27644834645083,44.80534917074887,57.26215680344142,79701.399,80020.08214099653,79382.71585900348,0.007996927155482513,180.26571428571438,0.5308033270907643,0.0005355478174953188,0.0015520167993041678,0.0016373688103328015,1
2026-09-05 20:00:00+00:00,79755.15,79844.77,79687.2,79741.88,3632,79919.68800000001,79806.138,79708.429,80143.2058,79798.95086011422,79787.17488825062,11.77597186359344,-18.665964304441978,30.44193616803542,53.75188169662645,79708.429,80024.00081679522,79392.85718320479,0.007918154221687509,180.27071428571486,0.4310613143309263,-0.0006771023727907277,0.001650284824238124,0.0016348339943881038,1
2026-09-05 21:00:00+00:00,79742.85,79946.66,79722.14,79907.87,3599,79892.94,79834.67300000001,79726.5935,80105.8946,79815.70765086588,79796.11526689873,19.592383967144997,-11.014294650124581,30.60667861726958,57.458316024403224,79726.5935,80044.27016493616,79408.91683506385,0.00796915184733567,187.12642857142887,0.5363770541989751,-0.0016708809330547858,0.0035837850899467227,0.0017432491936617137,0
2026-09-05 22:00:00+00:00,79909.6,79950.2,79752.08,79789.73,3561,79838.766,79842.59300000001,79736.9945,80072.5198,79811.7110891942,79795.64228416549,16.06880502871354,-5.597674714356956,21.666479743070497,55.32410493706093,79736.9945,80048.25478180988,79425.73421819012,0.0078071736654152955,189.92214285714311,0.4757349384022364,-0.003383312141053252,0.0009935952000319492,0.0018105476383269464,1
2026-09-05 23:00:00+00:00,79790.92,79911.65,79703.84,79827.21,3494,79804.43000000001,79863.193,79748.245,80037.0368,79814.09553701048,79797.98063348656,16.114903523921384,-1.255159066701287,17.370062590622673,57.5687362450022,79748.245,80055.22755688793,79441.26244311206,0.007698791537993882,195.9128571428581,0.48783207101327164,-0.002146029776163072,0.002587250306796296,0.0017605011853989935,1
2026-09-06 00:00:00+00:00,79827.17,79945.1,79820.56,79870.89,3355,79827.51599999999,79879.005,79765.8935,80011.3786,79822.83314670117,79803.38132730236,19.45181939881877,2.886236626402726,16.565582772416043,59.91772995619891,79765.8935,80057.31277760681,79474.4742223932,0.007306864245350889,198.491428571431,0.4828342784187665,0.001447299031313909,0.0019836219466466964,0.0017367978508840483,1
2026-09-06 01:00:00+00:00,79869.14,80065.43,79869.14,79942.5,3731,79867.63999999998,79893.664,79783.8895,79985.1318,79841.24343182407,79813.68641416884,27.557017655228265,7.820392832167836,19.736624823060428,61.65818966145416,79783.8895,80072.07934028421,79495.6996597158,0.007224261491643755,206.63571428571595,0.5477904887772859,0.0025158674463154895,0.0018370615737071105,0.0017294988185101437,0
2026-09-06 02:00:00+00:00,79950.46,80013.99,79863.19,79902.99,3463,79866.664,79879.802,79796.182,79963.72020000001,79850.74290385113,79820.30149460078,30.441409250357538,12.344596115805778,18.09681313455176,57.269005317863524,79796.182,80082.57552992897,79509.78847007103,0.007178126139643456,205.69500000000178,0.3839804444173212,-6.107033011881757e-05,-0.001731849221923376,0.0014035043719507335,0
2026-09-06 03:00:00+00:00,79900.22,80109.98,79886.76,80025.53,3363,79913.824,79876.29500000001,79811.2215,79944.74059999999,79877.63322633556,79835.50360611183,42.129620223728125,18.30160093739025,23.828019286337874,64.896909495527,79811.2215,80112.99651935778,79509.44648064222,0.0075622202914857346,205.8621428571444,0.5566121275076445,0.002955267551350227,-0.0004380431822894604,0.0015019656220064193,0
2026-09-06 04:00:00+00:00,80026.39,80033.29,79848.55,79872.52,3332,79922.886,79863.65800000001,79822.1495,79925.48939999999,79876.84657613009,79838.24556121466,38.60101491543173,22.36148373299855,16.239531182433183,55.63090848848447,79822.1495,80115.66240620059,79528.63659379941,0.007354171944482331,209.0857142857151,0.09384356137390121,0.0005676009470956256,-0.0015796469176009298,0.0016033599004740416,1
2026-09-06 05:00:00+00:00,79872.53,80120.02,79787.89,79993.84,3695,79947.476,79887.496,79840.24799999999,79908.565,79894.84556441777,79849.77107519876,45.07448921901232,26.90408483020131,18.17040438881101,56.7938271011676,79840.24799999999,80128.95907379642,79551.53692620357,0.007232218862757664,221.74857142857218,0.15192278870320855,0.0015393593335444322,0.0029888862781306536,0.001313827652954424,1
2026-09-06 06:00:00+00:00,79995.98,80001.96,79683.51,79781.94,3398,79915.36400000002,79891.50200000001,79848.81999999999,79882.7516,79877.47547758427,79844.74655110997,32.72892647430126,28.0690531590213,4.65987331527996,40.87526091264948,79848.81999999999,80118.35292751112,79579.28707248886,0.006751081043179573,212.47285714285889,0.0,-0.0020084435688150215,0.000502370899707838,0.0016121906459506052,1
2026-09-06 07:00:00+00:00,79781.99,79869.59,79574.73,79804.92,3846,79895.75,79881.207,79857.94,79859.2166,79866.31309641746,79841.79643621293,24.516660204535583,27.358574568124162,-2.841914363588579,41.04059206099972,79857.94,80106.78153795688,79609.09846204313,0.006232105109570218,219.15571428571587,0.005025325409849719,-0.0012273633314598964,-0.0012883587060948942,0.0014531593312174778,1
2026-09-06 08:00:00+00:00,79806.06,79898.73,79750.33,79843.75,3522,79859.394,79886.609,79864.601,79840.4036,79862.84185081477,79841.9411446416,20.900706173168146,26.067000889132963,-5.166294715964817,44.47507122507107,79864.601,80103.77250723218,79625.42949276781,0.005989424707253773,218.48928571428718,0.1498569217673314,-0.0022715250995526404,0.0006770294873790217,0.0013813329261420223,0
2026-09-06 09:00:00+00:00,79844.22,80002.52,79800.57,79884.39,3469,79861.768,79892.327,79877.76,79825.0762,79866.15695068943,79845.08550429778,21.07144639165199,25.06788998963677,-3.9964435979847828,55.36667193912792,79877.76,80087.72417584703,79667.79582415296,0.0052571373019733875,211.6714285714292,0.6032646334168547,0.00014861181292391556,0.000716297112225206,0.0013826550272793615,0
2026-09-06 10:00:00+00:00,79883.52,80027.16,79877.07,79998.37,3273,79862.674,79905.075,79892.04,79802.3942,79886.49741981413,79856.43991138681,30.057508427315042,26.065813677172432,3.99169475014261,59.85279768901588,79892.04,80093.43003315695,79690.64996684303,0.005041554406595708,211.13714285714272,0.7900180835138213,5.662936046069156e-05,0.0015960758669397723,0.0014428803913216928,0
2026-09-06 11:00:00+00:00,79999.19,80003.33,79881.04,79926.89,3427,79891.66399999999,79903.514,79898.589,79780.1788,79892.71166291965,79861.65843646927,31.05322645038541,27.063296231815034,3.9899302185703753,50.78783862148971,79898.589,80095.28058250855,79701.89741749146,0.00492353081500714,203.83500000000018,0.41265184921007425,0.001816827216786221,-0.00019526534696812092,0.0014524154595634043,0
2026-09-06 12:00:00+00:00,79925.83,80015.29,79858.36,79920.9,3512,79914.86,79905.30500000001,79892.5535,79755.0668,79897.04833016277,79866.04670043451,31.001629728256376,27.850962931103304,3.1506667971530717,55.989771222430335,79892.5535,80077.84429709363,79707.26270290636,0.004638499809463113,200.89285714285714,0.6292037058810137,0.0014532938570703813,0.00022414680602045323,0.0014431812187356424,0
2026-09-06 13:00:00+00:00,79920.91,79969.13,79753.63,79820.26,3522,79910.16199999998,79884.778,79880.5365,79727.00020000001,79885.23474090696,79862.65509299492,22.57964791204722,26.796699927292092,-4.217052015244871,49.699942147118506,79880.5365,80050.47691418028,79710.59608581972,0.004254864116499284,201.442142857143,0.3673636804728909,-0.00029419960861065686,-0.002565056426367951,0.0013876083157058033,1
2026-09-06 14:00:00+00:00,79822.74,79846.82,79201.07,79542.29,5081,79841.742,79851.75499999999,79857.7065,79728.71100000001,79832.47401153666,79838.92434536567,-6.450333829008741,20.147293176031923,-26.597627005040664,38.20022981901702,79857.7065,80076.39048327292,79639.02251672708,0.005476841067879066,238.67142857142815,0.0,-0.004282438659167442,-0.004134463267216448,0.00165832170096888,1
2026-09-06 15:00:00+00:00,79543.22,79724.84,79371.11,79706.12,4132,79783.29199999999,79822.983,79855.2395,79735.54759999999,79813.03493283871,79829.08698644968,-16.05205361096887,12.907423818631763,-28.959477429600632,42.03904029313865,79855.2395,80079.8140216863,79630.6649783137,0.005624540683677987,249.9171428571426,0.14379355487734918,-0.003653199433938492,-0.0035967769518252535,0.001735343110515438,1
2026-09-06 16:00:00+00:00,79700.55,79785.84,79599.49,79674.87,3808,79732.888,79812.27599999998,79851.889,79751.1934,79791.77878932506,79817.66350597193,-25.884716646862216,5.148995725532966,-31.033712372395183,42.2742420547829,79851.889,80085.40600638642,79618.37199361357,0.005848753468723093,252.4564285714275,0.15260370522163805,-0.003153131568111811,-0.0013420330465767627,0.001540207823082817,1
2026-09-06 17:00:00+00:00,79674.85,79767.11,79567.29,79739.18,3723,79696.544,79805.702,79843.45449999999,79757.395,79783.68666789043,79811.84991293696,-28.163245046525844,-1.5134524288787978,-26.649792617647048,39.903958029235305,79843.45449999999,80080.61535760526,79606.29364239472,0.0059406462080186595,250.78499999999934,0.07868481098590864,-0.002273748168501566,-0.0008237587356769716,0.0015645396355359448,1
2026-09-06 18:00:00+00:00,79739.18,79968.6,79737.21,79935.61,3479,79719.61399999999,79814.888,79850.7485,79761.107,79807.05948821497,79821.01732679349,-13.957838578513474,-4.002329658805734,-9.95550891970774,52.15832506585465,79850.7485,80089.9169318922,79611.5800681078,0.005990386724858446,254.11714285714282,0.6446392562109494,0.0014451218274660338,0.001150497064579259,0.0017572815493425364,1
2026-09-06 19:00:00+00:00,79935.23,79944.66,79782.1,79825.4,3317,79776.23599999999,79808.98899999999,79850.658,79768.1528,79809.88110541267,79821.34196925323,-11.460863840562524,-5.494036495157093,-5.966827345405432,44.193486114558276,79850.658,80089.86530099332,79611.45069900667,0.005991367059074776,242.00499999999946,0.27679194132986196,0.0035592387395435576,-0.0007384421411993358,0.0018109916938134222,1
2026-09-06 20:00:00+00:00,79825.36,79974.78,79766.5,79914.42,3456,79817.896,79800.594,79852.83450000001,79774.178,79825.96401227226,79828.23663819744,-2.2726259251794545,-4.849754381161565,2.577128455982111,54.98960498960479,79852.83450000001,80093.60394499512,79612.0650550049,0.006030329330265881,234.13571428571282,0.775398801255951,0.002613350141745796,-0.0010493963814511842,0.001784819658643515,1
2026-09-06 21:00:00+00:00,79914.39,80031.09,79865.52,79936.07,3730,79870.136,79801.512,79852.51299999999,79776.8796,79842.90339499961,79836.22429462727,6.679100372333778,-2.543983430462496,9.223083802796275,54.94446664605711,79852.51299999999,80092.7949949145,79612.23100508549,0.006018144849480318,224.90071428571224,0.7733141365723677,0.0032783235165618763,0.00011485496307939158,0.0017654343678811912,0
2026-09-06 22:00:00+00:00,79936.1,80095.33,79637.06,80038.72,4328,79930.044,79813.294,79859.2995,79783.31,79873.02902653813,79851.22397650674,21.805050031398423,2.3258232619096892,19.479226769488733,57.01305708427749,79859.2995,80112.88320934126,79605.71579065872,0.006350762176201412,247.03428571428438,0.8688497077171189,0.003756497119734803,0.0014742076227871603,0.0018096810030926692,0
2026-09-06 23:00:00+00:00,80037.04,80567.99,79995.1,80336.39,5296,80010.2,79864.90699999999,79874.8425,79797.102,79944.31533014766,79887.16220046919,57.15312967846694,13.291284545221144,43.861845133245794,63.7212521553293,79874.8425,80199.47942525515,79550.20557474485,0.008128640134849773,273.52999999999884,0.9999999999960817,0.005013785470580512,0.00646615282886831,0.0020483173799207316,0
2026-09-07 00:00:00+00:00,80336.19,80449.01,80046.5,80149.43,4874,80075.006,79925.621,79888.688,79807.0184,79975.87143320186,79906.58944487889,69.28198832296766,24.489425300770453,44.792563022197214,54.39112589095716,79888.688,80235.75308615473,79541.62291384526,0.008688716634193138,291.5599999999987,0.6344140864936935,0.004059234278813495,0.007632920802254972,0.0018080510108976478,0
2026-09-07 01:00:00+00:00,80149.43,80238.99,79801.06,79914.85,4782,80075.09199999999,79946.49399999999,79884.7385,79811.9542,79966.48352040157,79907.20133785081,59.28218255075626,31.447976750767623,27.834205799988638,49.68032456084472,79884.7385,80228.54776865618,79540.92923134383,0.00860763332551116,314.10571428571296,0.4498289524024435,5.380756063821934e-06,0.0026187449596093426,0.0020779184196264983,0
2026-09-07 02:00:00+00:00,79915.82,80430.9,79775.73,79862.54,4810,80060.386,79965.261,79888.7685,79817.1794,79950.49220957056,79903.8930906026,46.599118967948016,34.4782051942037,12.120913773744313,48.48767543586874,79888.7685,80229.37887675143,79548.15812324858,0.008527115466836335,349.6942857142848,0.4030969246155175,-0.0009198600831891168,0.002355447834430091,0.0020887505092030616,0
2026-09-07 03:00:00+00:00,79862.06,79972.56,79545.88,79580.99,4499,79968.84,79949.442,79877.572,79817.90759999999,79893.64571579047,79879.97434315058,13.671372639888432,30.31683868334065,-16.645466043452217,44.33114258502012,79877.572,80243.56397242587,79511.58002757413,0.00916382316743091,364.77857142857,0.24022990478934617,-0.005718857073176542,-0.0019838428235653405,0.0023856477342355468,0
2026-09-07 04:00:00+00:00,79581.03,79720.72,79518.09,79702.03,4042,79841.968,79926.084,79870.48599999999,79820.314,79864.16637489962,79866.79328069497,-2.626905795346829,23.728089787603153,-26.354995582949982,54.08864271600147,79870.48599999999,80244.63202457236,79496.33997542762,0.009368818028035337,333.12714285714173,0.5955623930917496,-0.007896297057908619,-0.002922101926788323,0.002285425970727893,0
2026-09-07 05:00:00+00:00,79704.46,79911.58,79637.3,79737.65,3969,79759.612,79917.309,79863.149,79823.023,79844.70231722275,79857.2271117546,-12.52479453185515,16.477512923711494,-29.002307455566644,50.86371729900011,79863.149,80241.8741126138,79484.4238873862,0.009484352103716818,327.45214285714195,0.460159714688638,-0.005137653505458473,-0.0010992741658669702,0.0022616080806613023,0
2026-09-07 06:00:00+00:00,79736.07,79814.14,79630.54,79645.35,3737,79705.71199999998,79890.402,79845.49799999999,79825.5716,79814.03272995772,79841.53251088389,-27.49978092616948,7.682054153735296,-35.18183507990477,49.21751577161667,79845.49799999999,80230.5409658678,79460.45503413219,0.00964470071607053,327.2557142857144,0.3910418073956779,-0.003372339433784788,-0.0033669768234567687,0.002239149993472332,0
2026-09-07 07:00:00+00:00,79644.48,79684.77,78974.46,79382.38,5351,79609.68000000001,79835.033,79818.27249999999,79821.5676,79747.62461765653,79807.52121378138,-59.89659612484684,-5.833675901981135,-54.0629202228657,41.44348093009003,79818.27249999999,80252.89392599468,79383.6510740053,0.010890273928057926,363.71928571428515,0.0,-0.006012330687203193,-0.006926660267386198,0.0024102239553575656,1
2026-09-07 08:00:00+00:00,79385.24,79511.44,79372.46,79417.32,3934,79576.946,79772.893,79793.0935,79816.7712,79696.80852263245,79778.61742016795,-81.80889753550582,-21.028720228686076,-60.780177306819745,36.52721383749169,79793.0935,80259.84167652269,79326.34532347732,0.011698961803572234,357.11857142857065,0.0,-0.0020566469454577074,-0.00776374234870314,0.0023472820052361466,0
2026-09-07 09:00:00+00:00,79416.96,79541.2,79283.57,79304.75,3828,79497.48999999999,79669.729,79767.318,79808.3714,79636.49182684284,79743.51612978514,-107.02430294229998,-38.22783677140887,-68.79646617089111,36.48245172211468,79767.318,80282.20371315013,79252.43228684987,0.012909690987733301,363.9092857142844,0.0,-0.004984565637788596,-0.012841503084716654,0.0017368102881585269,0
2026-09-07 10:00:00+00:00,79302.81,79451.58,79302.04,79349.45,3681,79419.85,79589.731,79757.676,79802.2812,79592.3315457901,79714.32604609737,-121.99450030726439,-54.98116947857997,-67.01333082868442,34.98626103501955,79757.676,80296.94965672705,79218.40234327296,0.01352280266358432,359.7135714285708,0.0,-0.004868465524128118,-0.009981106540620344,0.0017849574667787016,0
2026-09-07 11:00:00+00:00,79347.72,79476.91,79260.0,79404.05,3614,79371.59000000001,79538.651,79742.5725,79797.72480000001,79563.36515413008,79691.34263527534,-127.97748114526621,-69.58043181191722,-58.39704933334899,36.10522027098998,79742.5725,80304.37549552959,79180.7695044704,0.014090415644155281,363.3807142857144,0.0389406501391142,-0.003029680954380942,-0.006391803275611507,0.001716381094690143,0
2026-09-07 12:00:00+00:00,79412.36,79625.7,79389.78,79588.06,3672,79412.726,79511.20300000001,79738.232,79797.27600000001,79567.16436118698,79683.69206969939,-116.52770851241075,-78.96988715201593,-37.557821360394826,38.70990369873013,79738.232,80303.56768282897,79172.89631717103,0.014179789760800535,347.49857142857115,0.1295856556247817,0.002591003192395913,-0.0034369054628113904,0.0019543275080881415,0
2026-09-07 13:00:00+00:00,79588.15,79642.34,79290.42,79348.2,4123,79398.90199999999,79487.924,79718.683,79791.7896,79533.47753638898,79658.84080527723,-125.36326888824988,-88.24856349926273,-37.11470538898715,24.505033513758633,79718.683,80310.30910118717,79127.05689881284,0.014842846843999375,331.71499999999963,0.0,-0.00087033911494383,-0.002925196080119208,0.0018664584241923675,0
2026-09-07 14:00:00+00:00,79349.23,79393.81,78934.62,79179.13,4859,79373.778,79435.63399999999,79680.859,79781.1616,79478.96253079067,79623.30667155299,-144.3441407623177,-99.46767895187374,-44.876461810443956,24.73334999895826,79680.859,80309.65046808319,79052.06753191681,0.01578274822773156,335.7635714285716,0.007717668376363838,-0.0015840160898306088,-0.006560686095448132,0.0018293428517899405,1
2026-09-07 15:00:00+00:00,79178.25,79178.25,78660.67,78814.79,5281,79266.84599999999,79343.348,79630.3285,79765.0332,79376.78214143825,79563.41654773425,-186.6344062959979,-116.9010244206986,-69.7333818752993,23.16769762132374,79630.3285,80363.90885581252,78896.74814418748,0.018424647232555845,341.51571428571435,0.0,-0.006738042922792786,-0.01157370451725126,0.0021580598893325633,1
2026-09-07 16:00:00+00:00,78817.11,79019.02,78774.88,79005.0,4080,79187.036,79279.313,79584.8575,79750.87779999999,79319.58488890929,79522.05235901319,-202.4674701039039,-134.01431355733968,-68.45315654656423,30.40159431021401,79584.8575,80356.0686013179,78813.6463986821,0.019380850215580135,312.15642857142876,0.23394811079406524,-0.00502556229814477,-0.008040017402145994,0.00243626511687313,1
2026-09-07 17:00:00+00:00,79010.0,79198.44,78987.76,79172.68,3807,79103.96,79258.343,79546.688,79738.4132,79296.98413676939,79496.17292501222,-199.1887882428273,-147.0492084944372,-52.13957974839008,40.15603377195697,79546.688,80320.27064689963,78773.10535310036,0.0194497763854012,296.72785714285834,0.5494119309277647,-0.005219124577229395,-0.0026416441532745027,0.0024222133748754886,0
2026-09-07 18:00:00+00:00,79173.07,79237.18,79077.53,79188.73,3693,79072.066,79235.484,79504.1885,79721.3556,79280.32965418948,79473.39937501131,-193.06972082183347,-156.25331095991646,-36.81640986191701,36.96493509131902,79504.1885,80257.07170485974,78751.30529514026,0.018939460148310036,293.6578571428576,0.4981667990749717,-0.002009749433509511,-0.0028783393849101113,0.0024157228852721806,0
2026-09-07 19:00:00+00:00,79187.83,79415.1,79138.6,79331.74,3673,79102.588,79238.183,79453.95599999999,79706.7784,79288.23893816033,79462.90608797345,-174.66714981311816,-159.9360787305568,-14.731071082561357,40.225207218575584,79453.95599999999,80099.45383124646,78808.45816875352,0.016248349704487124,293.8164285714291,0.6548034039536876,0.0019274018292445572,0.0003403327039048776,0.002462513306856156,0
2026-09-07 20:00:00+00:00,79331.77,79381.69,79137.69,79215.84,3659,79182.798,79224.822,79407.2765,79691.1174,79277.10063998183,79444.60489627172,-167.50425628988887,-161.44971424242323,-6.054542047465645,39.773133134277124,79407.2765,79970.83773630427,78843.71526369575,0.014194196329205676,298.1307142857144,0.908603217291236,0.005088511940462004,-0.0016838175941987776,0.00249736260230718,1
2026-09-07 21:00:00+00:00,79215.85,79253.12,79143.15,79145.98,3500,79210.994,79199.01499999998,79368.833,79678.9278,79256.92823383077,79422.48453358492,-165.5562997541565,-162.27103134476988,-3.2852684093866173,43.801132787916806,79368.833,79889.90334937147,78847.76265062853,0.013130351793668636,255.2492857142861,0.9999999999951535,0.001784444022530085,-0.003250086110217376,0.002487052245561437,0
2026-09-07 22:00:00+00:00,79145.98,79201.97,78770.59,78928.91,4418,79162.24,79133.1,79322.15149999999,79662.6684,79206.4638901645,79385.92345702308,-179.45956685858255,-165.70873844753243,-13.750828411050122,38.3095651840895,79322.15149999999,79823.9158319656,78820.38716803439,0.012651304143347787,276.135000000001,0.7338510257956508,-0.0030789661282147884,-0.008282021197651979,0.0024035754840419452,0
2026-09-07 23:00:00+00:00,78917.43,79192.5,78901.67,79087.08,4160,79141.91,79106.988,79297.45599999999,79646.2526,79188.0971378315,79363.78690465099,-175.68976681948698,-167.70494412192335,-7.984822697563629,44.901219472202385,79297.45599999999,79794.17348818581,78800.73851181417,0.01252795520163529,278.5064285714304,0.9999999999953989,-0.0012836422556592453,-0.00329081188987268,0.0024204284440263522,0
2026-09-08 00:00:00+00:00,79086.45,79297.87,78944.7,79295.07,4464,79134.576,79118.58200000001,79277.108,79636.3594,79204.55450124203,79358.69676356572,-154.14226232368674,-164.99240776227603,10.850145438589294,48.816704528640415,79277.108,79735.9403851784,78818.27561482158,0.011575406741083644,293.0514285714297,0.9999999999961012,-0.00046223617432317177,0.0014642747400734901,0.00249330146653224,0
2026-09-08 01:00:00+00:00,79293.42,79447.74,79229.92,79414.87,4213,79174.38200000001,79178.59,79260.969,79628.1126,79236.91073182019,79362.85774404234,-125.94701222215372,-157.18332865425157,31.23631643209785,50.2289443170179,79260.969,79671.78951080865,78850.14848919134,0.010366275254814383,293.11642857142994,0.9999999999963047,0.0025125025499950215,0.007613799389683207,0.001870798643507076,0
2026-09-08 02:00:00+00:00,79414.85,79469.18,78910.61,78911.74,4110,79127.534,79169.264,79224.2885,79608.9296,79186.8844653863,79329.44161485402,-142.55714946771332,-154.25809281694393,11.700943349230613,37.39215700895567,79224.2885,79621.37712782546,78827.19987217453,0.010024416384009862,316.1628571428581,0.5256394706250799,-0.0029595944102276395,-0.001180431618251987,0.002817859315694072,0
2026-09-08 03:00:00+00:00,78911.79,78990.73,78699.31,78873.36,4480,79116.424,79139.332,79198.8375,79587.5468,79138.64993224994,79295.6577915315,-157.00785928155528,-154.8080461098662,-2.1998131716890725,40.42915998161788,79198.8375,79617.90409912213,78779.77090087786,0.010582645209208588,311.8414285714295,0.6378664868746385,-0.0007037978859710803,-0.0037805970443338666,0.0027063065850721785,0
2026-09-08 04:00:00+00:00,78874.84,78908.13,78646.86,78653.62,4022,79029.732,79085.821,79160.6525,79562.5594,79064.02994267303,79248.09943660324,-184.06949393020477,-160.66033567393393,-23.409158256270842,39.619883618492935,79160.6525,79631.83142542304,78689.47357457696,0.011904371945975026,297.7042857142868,0.6079611254468252,-0.005480794081663021,-0.006757400958444459,0.0027988153640110536,1
2026-09-08 05:00:00+00:00,78655.79,78856.11,78503.35,78561.27,4922,78882.972,79008.774,79123.4785,79533.2742,78986.68225918488,79197.22318204003,-210.540922855158,-170.63645311017876,-39.904469744979224,44.389511981375314,79123.4785,79659.62511587699,78587.331884123,0.01355214978009317,285.86857142857167,0.705485991132991,-0.009254043158042569,-0.009712001778859225,0.0026606314728402874,0
2026-09-08 06:00:00+00:00,78560.57,78612.78,78227.94,78301.84,5336,78660.36600000001,78917.374,79071.098,79501.8606,78881.32191161797,79130.89850188892,-249.5765902709536,-186.42448054233375,-63.15210972861985,34.90139828907127,79071.098,79709.27880929381,78432.91719070618,0.016141948839355068,295.91857142857145,0.0,-0.014015385279860015,-0.011538096421119803,0.002760064764227807,1
2026-09-08 07:00:00+00:00,78303.96,78573.94,78144.18,78448.76,4361,78567.76999999999,78847.652,79023.3335,79470.959,78814.77392521521,79080.36972397122,-265.5957987560105,-202.25874418506913,-63.33705457094135,34.31579859606558,79023.3335,79698.51357627609,78348.1534237239,0.017088119328099408,311.56714285714304,0.0,-0.005867061098893678,-0.008809291387888551,0.002923525041176476,0
2026-09-08 08:00:00+00:00,78447.27,78561.3,78250.24,78395.21,4622,78472.14,78794.28199999999,78963.69099999999,79443.22439999999,78750.22562902827,79029.6171518252,-279.39152279692644,-217.68529990744062,-61.706222889485815,33.08276126721542,78963.69099999999,79639.56893953687,78287.81306046312,0.017118701797687663,322.38214285714326,0.0,-0.00606224966198976,-0.0067617809494644465,0.0028493765223475604,0
2026-09-08 09:00:00+00:00,78396.86,78774.31,78302.22,78725.87,4268,78486.59,78758.161,78932.5745,79421.6434,78746.47860917776,79007.11736280112,-260.6387536233524,-226.275990650623,-34.3627629727294,38.04022977160983,78932.5745,79590.9935193565,78274.1554806435,0.016683074726176604,336.3528571428573,0.28912956836901427,0.0009185845483017374,-0.004567244106117085,0.0031506933278119737,0
2026-09-08 10:00:00+00:00,78725.98,78976.57,78535.98,78537.98,4114,78481.932,78682.452,78900.517,79395.52799999999,78714.4019000735,78972.36644703808,-257.9645469645766,-232.61370191341373,-25.35084505116285,36.98895176088487,78900.517,79570.71895899034,78230.31504100967,0.01698853149442191,350.39500000000095,0.22781691308793492,-0.00029645651095011605,-0.009547756247645811,0.0030010754693297658,1
2026-09-08 11:00:00+00:00,78538.65,78560.48,78261.99,78401.83,4451,78501.93,78581.148,78879.86899999999,79365.8768,78666.31391544681,78930.10448799822,-263.7905725514138,-238.84907604101377,-24.941496510400015,36.071023461102044,78879.86899999999,79585.69042815056,78174.04757184943,0.017896110556435238,363.8607142857145,0.17428148207618854,0.0012769814860034145,-0.01275630118137816,0.002877738501420168,1
2026-09-08 12:00:00+00:00,78401.84,78453.44,78182.65,78419.34,4551,78496.046,78531.908,78850.586,79334.2962,78628.317928455,78892.27008147984,-263.95215302484576,-243.86969143778018,-20.08246158706558,39.691787334069346,78850.586,79582.65628436992,78118.51571563007,0.018568543913419375,352.39000000000044,0.3854517385950524,-0.0003750218614034795,-0.006239882684122899,0.0022833583336071242,1
2026-09-08 13:00:00+00:00,78421.59,78513.86,77591.31,77933.62,8119,78403.728,78437.934,78788.633,79294.4308,78521.44132407731,78821.25896433319,-299.8176402558747,-255.0592812013991,-44.75835905447562,29.39676052614614,78788.633,79610.1811402574,77967.08485974261,0.020854483926822116,397.5128571428577,0.0,-0.005887987289019403,-0.01191454250205648,0.002880536128682396,1
2026-09-08 14:00:00+00:00,77932.6,78605.94,77811.71,78535.13,6810,78365.58,78426.08499999999,78755.95300000001,79266.7154,78523.54727421927,78800.06422623443,-276.5169520151685,-259.350815364153,-17.166136651015506,38.09893696323516,78755.95300000001,79562.34821598302,77949.557784017,0.020478330469393412,429.01714285714326,0.41772751836321487,-0.002422837626310015,-0.0015064786592148272,0.003951656322607389,0
2026-09-08 15:00:00+00:00,78535.26,78894.59,78429.15,78891.93,5311,78436.37000000001,78459.151,78733.9625,79248.1488,78580.22153972399,78806.86909836522,-226.64755864122708,-252.81016401956782,26.162605378340743,42.37639004705884,78733.9625,79497.07045870928,77970.85454129071,0.019384467248407134,446.70428571428573,0.8657269854426282,0.004506736740618855,0.004208944178218932,0.004192281472135622,0
2026-09-08 16:00:00+00:00,78891.9,78966.64,78560.58,78724.25,4938,78500.854,78501.392,78709.383,79231.788,78602.37976438184,78800.74916515299,-198.3694007711456,-241.92201136988342,43.55261059873783,46.970387390968405,78709.383,79438.0285661829,77980.7374338171,0.018514833642715632,435.8107142857147,0.9999999999943098,0.004112404008937087,0.005394636958722776,0.004091233317762335,0
2026-09-08 17:00:00+00:00,78722.82,78889.52,78480.99,78496.02,4374,78516.18999999999,78506.11799999999,78676.885,79207.58600000001,78586.01672370771,78778.17663440091,-192.15991069319716,-231.96959123454616,39.809680541348996,44.25511701693592,78676.885,79381.10911872027,77972.66088127972,0.01790167769657567,444.1757142857147,0.8454917476623859,0.0009778200122572134,0.0006024314469725844,0.004196019107362002,0
2026-09-08 18:00:00+00:00,78491.62,78808.66,78255.42,78427.58,4795,78614.98199999999,78509.35500000001,78651.81850000001,79182.6402,78561.6418431373,78752.20651333418,-190.5646701968799,-223.68860702701295,33.12393683013306,46.39241071998575,78651.81850000001,79353.95732845945,77949.67967154057,0.01785435713630558,465.03071428571485,0.9671111333178285,0.006338214495874794,0.00041290788046866034,0.004200206816713074,0
2026-09-08 19:00:00+00:00,78428.76,78517.83,78311.19,78434.31,4929,78594.818,78480.199,78619.18000000001,79156.5428,78542.0523288085,78728.65862345757,-186.60629464907106,-216.27214455142456,29.6658499023535,47.91678972965509,78619.18000000001,79296.37186103371,77941.9881389663,0.017227141291315973,454.5935714285723,0.9999999999946005,-0.0012837567086221302,-0.00370348400087539,0.003939711807775171,0
2026-09-08 20:00:00+00:00,78431.02,78610.91,78384.74,78574.53,1024,78531.338,78483.854,78583.153,79129.3212,78547.04889360718,78717.24168838664,-170.1927947794611,-207.0562745970319,36.86347981757078,54.656575626449474,78583.153,79180.95675496843,77985.34924503158,0.015214552538211927,443.260000000001,0.9999999999960412,-0.004023225189192292,0.0004653799346507892,0.0039227015812707275,0
