timestamp,open,high,low,close,volume,sma_5,sma_10,sma_20,sma_50,ema_12,ema_26,macd,macd_signal,macd_hist,rsi,bb_mid,bb_upper,bb_lower,bb_width,atr,stoch_rsi,momentum_5,momentum_10,volatility_10,label
2026-05-18 14:00:00+00:00,1.16513,1.16529,1.16412,1.16418,3555,1.1642500000000002,1.1637840000000002,1.162847,1.1641356,1.163702973835044,1.1633871485851943,0.0003158252498496328,-1.1707076144784591e-05,0.0003275323259944174,66.89113355780003,1.162847,1.1652383801344357,1.1604556198655642,0.004112974680995417,0.0011371428571428208,0.8351797717538529,0.0006016433458244652,0.001815725386594691,0.0007622426421809388,1
2026-05-18 15:00:00+00:00,1.16417,1.16528,1.16331,1.1648100000000001,3276,1.1646740000000002,1.1640359999999998,1.1629815000000001,1.164053,1.1638733195345898,1.1634946676138693,0.00037865192072050746,6.636561466081634e-05,0.0003122863060596911,67.25860155382966,1.1629815000000001,1.1654999312159515,1.1604630687840487,0.004330991019120099,0.0012021428571428342,0.831895232331039,0.0018233579027944202,0.0021681335983274597,0.0007707070722308497,1
2026-05-18 16:00:00+00:00,1.16483,1.1656,1.16439,1.16512,2571,1.1648660000000002,1.1641949999999999,1.163114,1.1639986,1.1640651489095348,1.1636173043456501,0.00044784456388469174,0.0001426621014270935,0.00030518246245759824,69.61748633879773,1.163114,1.1657928560009243,1.1604351439990757,0.004606351571598869,0.001242857142857117,0.8964384302683253,0.0008246289169873133,0.0013665311594888152,0.0007119404892801853,1
2026-05-18 17:00:00+00:00,1.16509,1.16533,1.16477,1.16477,1540,1.164798,1.164354,1.1632405000000001,1.1639392000000002,1.164173603029168,1.1637041592701045,0.00046944375906354807,0.00020801891054980214,0.00026142484851374593,64.75225225225299,1.1632405000000001,1.1659837479788908,1.1604972520211094,0.004716562016007343,0.0012314285714285342,0.7452375379127175,-0.00029181793993704463,0.0013669423477020715,0.0007119124646998671,1
2026-05-18 18:00:00+00:00,1.1648,1.16487,1.16285,1.16291,2012,1.164358,1.164234,1.1632715,1.163845,1.1639791790660692,1.163644396064109,0.00033478300196021493,0.0002333718770454929,0.00010141112491472202,53.93996247654878,1.1632715,1.1659833552592962,1.1605596447407038,0.004662463164095709,0.0013257142857142634,0.2815242564371392,-0.0018882337290041518,-0.0010308304198055618,0.0008533408790144174,1
2026-05-18 19:00:00+00:00,1.16293,1.16563,1.16291,1.1650800000000001,3981,1.1645379999999999,1.1643940000000002,1.1634575,1.1637916000000001,1.1641485534533524,1.1637523029187253,0.00039625053462710724,0.0002659477609128801,0.00013030277371422713,61.06264869151533,1.1634575,1.1661272989279705,1.1607877010720296,0.0045894223518615496,0.0014735714285713916,0.44372832953905206,0.0007730763284028441,0.0013751847904561743,0.0010359267141004961,0
2026-05-18 20:00:00+00:00,1.16507,1.16605,1.16507,1.16539,1118,1.164654,1.164664,1.1636685,1.1637448,1.1643395617575536,1.1638752659436875,0.0004642958138660891,0.0003056175199257113,0.00015867829394037778,57.96232876712353,1.1636685,1.166242403650101,1.161094596349899,0.004423774726394856,0.0014385714285713844,0.29864581826548847,0.0004979352855829511,0.0023222011026153844,0.000995437247189402,0
2026-05-18 21:00:00+00:00,1.16539,1.16585,1.16495,1.16585,531,1.1648,1.1648330000000002,1.1638760000000001,1.1637203999999999,1.1645719538868322,1.1640233852530952,0.0005485686337369788,0.00035420788812648554,0.0001943607456104933,61.32315521628502,1.1638760000000001,1.1664508369391402,1.16130116306086,0.004424589800185016,0.0014378571428571099,0.4559189878383405,0.0006265449052458294,0.0014516904892798443,0.0009311874012373771,0
2026-05-18 22:00:00+00:00,1.16591,1.1661299999999999,1.16573,1.16574,519,1.164994,1.1648960000000002,1.1640865,1.1636972,1.1647516644224383,1.1641520237126906,0.0005996407097477174,0.00040329456998998355,0.0001963461397577339,57.42935278031008,1.1640865,1.1665392559150776,1.1616337440849225,0.004214044085345105,0.0013485714285713974,0.27370468428539774,0.0008327824377343251,0.0005407214769419522,0.0009024011320708051,0
2026-05-18 23:00:00+00:00,1.16574,1.16585,1.16545,1.16547,632,1.1655060000000002,1.1649319999999999,1.1642525,1.1636658000000002,1.1648621833818025,1.1642507041032286,0.0006114792785738565,0.00044493159146744536,0.00016654768710641117,59.3779453345897,1.1642525,1.1666005776011563,1.1619044223988435,0.004033622605330728,0.0013221428571428273,0.36489098380231416,0.0022013741390132235,0.00030898370110965523,0.0009069142655504039,0
2026-05-19 00:00:00+00:00,1.16547,1.16558,1.16437,1.16445,1648,1.1653799999999999,1.164959,1.1643715000000001,1.1636157999999999,1.1647987677409195,1.1642656140103176,0.0005331537306019207,0.0004625760463343889,7.057768426753185e-05,58.11808118081177,1.1643715000000001,1.1664831945054173,1.162259805494583,0.003627183429716632,0.00133357142857141,0.21978699682503067,-0.000540735400144321,0.00023192289852080883,0.0009150271479487389,0
2026-05-19 01:00:00+00:00,1.16445,1.16523,1.16429,1.16463,1570,1.1652280000000002,1.1649410000000002,1.1644885,1.163585,1.1647728024985413,1.1642928546620586,0.0004799478364827525,0.0004660504086236174,1.3897427859135131e-05,52.46073298429305,1.1644885,1.1663602768085568,1.1626167231914433,0.0032147622042755573,0.0012371428571428414,0.0,-0.000652142201323036,-0.00015453164035339473,0.0008987519993861611,0
2026-05-19 02:00:00+00:00,1.16463,1.16468,1.16406,1.16429,1494,1.164916,1.1648580000000002,1.1645265000000002,1.1635600000000001,1.1646985228320699,1.1642926413999293,0.0004058814321405979,0.0004540166015242898,-4.81351693836919e-05,45.41387024608474,1.1645265000000002,1.166346485829904,1.1627065141700965,0.0031257095994015162,0.001165714285714262,0.0,-0.0013380795128018486,-0.0007123729744574758,0.0008966732623714695,0
2026-05-19 03:00:00+00:00,1.16428,1.16454,1.16403,1.1641,1075,1.164588,1.164791,1.1645725,1.1635486,1.1646064399218694,1.1642782589111758,0.00032818101069365113,0.00042884946361107637,-0.00010066845291742524,44.46878422781944,1.1645725,1.166292975760394,1.162852024239606,0.0029546906876023837,0.0011149999999999771,0.0,-0.0014068317120455864,-0.0005752208590538155,0.0008938164939314626,0
2026-05-19 04:00:00+00:00,1.16412,1.16431,1.16353,1.16364,1032,1.164222,1.1648640000000001,1.164549,1.1635152,1.1644577534760947,1.1642306347673805,0.00022711870871416906,0.0003885032873059896,-0.00016138457859182054,46.882217090069325,1.164549,1.1663084724089603,1.1627895275910398,0.0030217232747788863,0.001087142857142842,0.09596649765821273,-0.0015701819866663635,0.0006277355943278273,0.000729482028523814,0
2026-05-19 05:00:00+00:00,1.16366,1.16427,1.1633499999999999,1.1642000000000001,1396,1.1641720000000002,1.164776,1.1645850000000002,1.1634954,1.1644180983321892,1.164228350169794,0.00018974816239514247,0.0003487522423621119,-0.00015900407996696943,46.4493597206053,1.1645850000000002,1.1662806849260459,1.1628893150739545,0.002912084435306413,0.0010121428571428423,0.07875458081446653,-0.00021469363218673543,-0.0007553129398839564,0.0004111796982879971,0
2026-05-19 06:00:00+00:00,1.16422,1.16453,1.16356,1.16363,2040,1.163972,1.1646,1.164632,1.1634738,1.164296850461007,1.1641837503697727,0.00011310009123421949,0.0003016217932026055,-0.000188521701968386,41.58192090395509,1.164632,1.1661492495891534,1.1631147504108463,0.0026055433633174387,0.0009949999999999998,0.0,-0.0008586418004001839,-0.0015102240451694282,0.0004108733186557056,0
2026-05-19 07:00:00+00:00,1.16364,1.16372,1.16297,1.16345,2176,1.163804,1.1643599999999998,1.1645965,1.163478,1.1641665639799454,1.1641290834743998,3.748050554563953e-05,0.0002487935186928595,-0.00021131301314722,42.39631336405559,1.1645965,1.1661914825935356,1.1630015174064645,0.0027391162407503734,0.001008571428571438,0.0412533708486365,-0.0007214697369212208,-0.0020585838658488953,0.00036382521706923836,0
2026-05-19 08:00:00+00:00,1.16347,1.1635900000000001,1.16222,1.16232,2095,1.163448,1.164018,1.164457,1.1634544,1.1638824739024072,1.1639943584500148,-0.00011188454760757693,0.00017665788688597366,-0.0002885424344935506,46.28930817610022,1.164457,1.1663271770251136,1.1625868229748866,0.003212101477535873,0.0009621428571428638,0.23845455647021824,-0.001529078257881511,-0.0029337588141438165,0.0004330233883218537,0
2026-05-19 09:00:00+00:00,1.16232,1.16232,1.16145,1.16193,2086,1.163106,1.163664,1.164298,1.1634206,1.1635820903393883,1.1638406837971886,-0.00025859345780032683,8.960760004350811e-05,-0.00034820105784383494,24.473257698541516,1.164298,1.1664533907937276,1.1621426092062725,0.003702472723868816,0.0008300000000000132,0.0,-0.0014695266577292587,-0.0030374012201087597,0.00043261516515755063,0
2026-05-19 10:00:00+00:00,1.16193,1.1626400000000001,1.1610800000000001,1.16217,2313,1.1626999999999998,1.1634360000000001,1.1641975,1.1633988,1.1633648438587556,1.1637163607345238,-0.00035151687576817636,1.3826903637221233e-06,-0.00035289956613189846,23.606557377052027,1.1641975,1.1665541066147842,1.1618408933852158,0.0040484653416352585,0.0008714285714285865,0.0,-0.0017436866517782645,-0.0019580059255442928,0.0004085144891320249,0
2026-05-19 11:00:00+00:00,1.16219,1.16224,1.16162,1.16164,1866,1.162302,1.163137,1.164039,1.163376,1.1630994813912194,1.1635619020126868,-0.0004624206214673965,-9.137798421355061e-05,-0.00037104263725384586,15.883306320909739,1.164039,1.1666362771167238,1.1614417228832763,0.0044625259406665075,0.0008514285714285665,0.0,-0.0017101656024680612,-0.0025673389831963878,0.00039574286467070383,0
2026-05-19 12:00:00+00:00,1.16164,1.16237,1.16149,1.16166,2854,1.161944,1.162874,1.163866,1.1633111999999999,1.1628780213923808,1.1634204656918377,-0.0005424442994568235,-0.00018159125676277165,-0.0003608530426940518,16.44736842105364,1.163866,1.1666165130621884,1.1611154869378117,0.004726511578116931,0.0008857142857142833,0.012968543087923874,-0.0015385276548198767,-0.0022588873905986517,0.00040468148211237465,0
2026-05-19 13:00:00+00:00,1.16165,1.1617899999999999,1.16015,1.16134,3859,1.161748,1.162598,1.1636945,1.163275,1.1626414015202957,1.1632657954632604,-0.0006243939429646517,-0.00027015180146435874,-0.00035424214150029293,16.31321370310083,1.1636945,1.1666292462904793,1.160759753709521,0.005043843191626641,0.0009742857142857053,0.010178990739648251,-0.0008431413035996371,-0.002370930332445509,0.0004043011939557513,0
2026-05-19 14:00:00+00:00,1.16136,1.16166,1.15945,1.15954,4395,1.16127,1.162188,1.163526,1.163214,1.1621642607836111,1.1629888795276022,-0.0008246187439910901,-0.0003810451974439051,-0.00044357354654718506,14.471780028944778,1.163526,1.1669897089947063,1.1600622910052938,0.005953814516746977,0.001045714285714253,0.0,-0.0020569225340596464,-0.0035234264892922695,0.0005807978757376294,1
2026-05-19 15:00:00+00:00,1.15955,1.16028,1.15918,1.16017,2772,1.16087,1.161785,1.1632805,1.1631712,1.1618574503216546,1.1627794215350544,-0.0009219712133998748,-0.0004892304064684339,-0.00043274080693144086,19.70108695652098,1.1632805,1.166969159576824,1.159591840423176,0.006341823105990276,0.0010571428571428201,0.1613463872053883,-0.0017209186263626997,-0.0034616045353034197,0.000590944286460417,1
2026-05-19 16:00:00+00:00,1.16017,1.1609099999999999,1.15956,1.16068,2315,1.160678,1.16149,1.163045,1.1631262,1.1616763035634676,1.1626234592412863,-0.0009471556778186674,-0.0005808154646890859,-0.0003663402131295815,26.029216467462845,1.163045,1.1667678427168968,1.1593221572831034,0.006401889379854971,0.0011092857142856857,0.35659613033559623,-0.0008264178230777963,-0.00253517011421156,0.000637193134427722,1
2026-05-19 17:00:00+00:00,1.16067,1.16121,1.16061,1.16104,1531,1.160554,1.161249,1.1628045,1.1630947999999999,1.1615784104538318,1.1625058520544878,-0.0009274416006559427,-0.000650140694274783,-0.00027730090638115976,30.129870129871264,1.1628045,1.166383035278135,1.159225964721865,0.006155007618451784,0.0011157142857142674,0.4831187580515424,-0.0005337189883440896,-0.0020714255017405536,0.0006616976953597269,0
2026-05-19 18:00:00+00:00,1.16104,1.16148,1.16025,1.16029,1718,1.1603439999999998,1.161046,1.1625320000000001,1.1630414,1.1613801930262344,1.1623413082078304,-0.0009611151815960284,-0.0007123355934560456,-0.00024877958813998276,29.036295369212155,1.1625320000000001,1.165997575671784,1.1590664243282163,0.005962116607170984,0.001147857142857129,0.45546021558411226,-0.0009041279900804389,-0.0017465069860279625,0.0006270499058595828,1
2026-05-19 19:00:00+00:00,1.16027,1.16077,1.16024,1.16061,1336,1.160558,1.1609139999999998,1.162289,1.1630002,1.1612617015715498,1.1622127690121433,-0.0009510674405934783,-0.0007600819639380389,-0.00019098547665543936,26.83870967741781,1.162289,1.1655634555192258,1.159014544480774,0.0056344945520879815,0.001119999999999994,0.38868291688899775,0.0009227797229935941,-0.0011360408974723235,0.000639298150214768,0
2026-05-19 20:00:00+00:00,1.16062,1.16068,1.16032,1.16063,618,1.16065,1.16076,1.1620979999999999,1.1629698,1.1611645165617914,1.1620952779174634,-0.0009307613556719385,-0.0007942178428879476,-0.00013654351278399087,29.166666666667055,1.1620979999999999,1.1652862191036146,1.158909780896385,0.005487005577179852,0.0010764285714285496,0.4618487825236621,0.00039649361731486366,-0.001325107342299181,0.0006315237517742714,0
2026-05-19 21:00:00+00:00,1.16062,1.16073,1.16026,1.16073,452,1.16066,1.160669,1.1619030000000001,1.162942,1.1610976677711617,1.1619939474200565,-0.0008962796488947156,-0.0008146302043778253,-8.164944451689025e-05,30.898876404494032,1.1619030000000001,1.1649111440335098,1.1588948559664904,0.005177960696391497,0.0010564285714285454,0.5162907784515073,4.307819554072445e-05,-0.0007833752281257711,0.0006238800033394938,0
2026-05-19 22:00:00+00:00,1.16073,1.16087,1.1606,1.16085,426,1.160622,1.160588,1.161731,1.1629095999999999,1.1610595649943014,1.1619090563636112,-0.000849491369309785,-0.000821602437443058,-2.7888931866727014e-05,37.97054009819868,1.161731,1.1645520404948724,1.1589099595051278,0.004856615679313553,0.0009778571428571098,0.9999999999957445,-0.00016364638599886128,-0.000697278033159443,0.0006259357596519747,0
2026-05-19 23:00:00+00:00,1.16085,1.16126,1.1606,1.16065,564,1.160694,1.160519,1.1615585,1.1628778,1.16099655493524,1.16181563579504,-0.000819080859800092,-0.0008210981219099028,2.017262109810735e-06,39.18918918918909,1.1615585,1.164184806391719,1.1589321936082808,0.004522038953215226,0.0009628571428571066,0.9999999999959543,0.00031026726077088007,-0.0005941412506244026,0.0006230082216535266,0
2026-05-20 00:00:00+00:00,1.16063,1.16102,1.16006,1.1601,1865,1.1605919999999998,1.1605750000000001,1.1613814999999998,1.162834,1.1608586232957199,1.1616883534305256,-0.0008297301348056951,-0.0008228245245015554,-6.9056103041397745e-06,33.38683788121908,1.1613814999999998,1.1638917340004211,1.1588712659995786,0.004322841375415873,0.0009199999999999526,0.765252447356858,-0.0004394240959495477,0.0004829501353984522,0.00038402076523416683,0
2026-05-20 01:00:00+00:00,1.1601,1.16024,1.15933,1.1596899999999999,1994,1.1604039999999998,1.1605269999999999,1.1611559999999999,1.1628006,1.1606788349739294,1.1615401134808385,-0.0008612785069090911,-0.0008305153210275892,-3.076318588150198e-05,34.04255319148797,1.1611559999999999,1.1633958909747972,1.1589161090252025,0.003858036258344919,0.0009407142857142471,0.7917809279923161,-0.0008099049654068935,-0.0004137324702414569,0.00035951489123233594,0
2026-05-20 02:00:00+00:00,1.15972,1.16026,1.15941,1.15975,1574,1.1602080000000001,1.160434,1.160962,1.1627722,1.1605359372032817,1.1614073351923173,-0.0008713979890355716,-0.0008386918546670569,-3.2706134368514763e-05,34.47154471544857,1.160962,1.1629585612542916,1.1589654387457085,0.0034394945817203242,0.0009385714285713918,0.8091367730640101,-0.0008442962618352423,-0.0008012544370540331,0.00032069336559745095,0
2026-05-20 03:00:00+00:00,1.15975,1.16052,1.1595,1.16019,1303,1.160076,1.160349,1.160799,1.162742,1.1604827160691322,1.1613170505938426,-0.0008343345247103784,-0.0008378203886724921,3.485863962113668e-06,40.82934609250443,1.160799,1.16244115391292,1.1591568460870798,0.0028293510123976813,0.0008942857142856887,0.999999999996206,-0.0005685489081275197,-0.0007321022531523447,0.00033064713416099286,0
2026-05-20 04:00:00+00:00,1.1602000000000001,1.16066,1.15966,1.1597,1194,1.159886,1.16029,1.1606679999999998,1.1627054,1.160362298162657,1.161197131791683,-0.0008348336290260328,-0.0008372230367414295,2.3894077153967025e-06,51.61290322580573,1.1606679999999998,1.162214494848302,1.1591215051516977,0.002664835850221011,0.0008078571428571379,0.9999999999968664,-0.0008185068711498156,-0.0005084935662637013,0.0002930251594168127,0
2026-05-20 05:00:00+00:00,1.15968,1.16012,1.15914,1.15953,1401,1.1597719999999998,1.160182,1.160548,1.1626530000000002,1.160234252246774,1.1610735095143063,-0.0008392572675324228,-0.0008376298829005929,-1.6273846318298887e-06,42.8888888888898,1.160548,1.1620541082648004,1.1590418917351994,0.0025955122318085345,0.0007992857142857167,0.6590008930539727,-0.0004913369537108414,-0.000930545144363748,0.00027027284178012385,1
2026-05-20 06:00:00+00:00,1.15951,1.16056,1.15929,1.15964,2164,1.1597620000000002,1.1600829999999998,1.1604215,1.1626044,1.1601428287971849,1.1609672193073168,-0.0008243905101319449,-0.0008349820083418398,1.0591498209894896e-05,37.31707317073391,1.1604215,1.161770827707859,1.1590721722921409,0.0023255820542089508,0.0007935714285714411,0.42295477642119433,-4.311497037989831e-05,-0.0008529850167582342,0.000274868832254675,1
2026-05-20 07:00:00+00:00,1.15962,1.16013,1.15916,1.1593,2039,1.159672,1.15994,1.1603045,1.1625446000000002,1.1600131627959744,1.1608436092518075,-0.0008304464558330782,-0.0008340748978387107,3.6284420056324936e-06,28.676470588235972,1.1603045,1.1616141801538171,1.158994819846183,0.0022574766431002376,0.0008200000000000111,0.07418045343116036,-0.00038801465833160353,-0.001231983320841179,0.00027475413219639884,1
2026-05-20 08:00:00+00:00,1.15929,1.15949,1.1583,1.15901,2298,1.159436,1.159756,1.160172,1.1624542,1.1598588300254888,1.1607076719634748,-0.0008488419379859558,-0.0008370283058717458,-1.1813632114209991e-05,32.32044198895187,1.160172,1.1614397970948556,1.1589042029051444,0.0021855329983064284,0.0008171428571428496,0.22126784069904204,-0.001017074789474104,-0.0015850454408405934,0.00026492416481007687,1
2026-05-20 09:00:00+00:00,1.159,1.15942,1.15879,1.15879,1481,1.159254,1.15957,1.1600445,1.1623664,1.1596943946075227,1.160565511431761,-0.0008711168242383494,-0.0008438460095516889,-2.72708146866605e-05,24.147727272731245,1.1600445,1.1613304806825262,1.1587585193174736,0.0022171230198949742,0.0008242857142856901,0.0,-0.000784685694576126,-0.0016025502950932635,0.0002650828462176804,1
2026-05-20 10:00:00+00:00,1.15879,1.16026,1.15871,1.16008,1606,1.1593639999999998,1.159568,1.1600715,1.1622858,1.1597537185230415,1.1605295216595266,-0.0007758031364850648,-0.0008302374349277892,5.4434298442724324e-05,44.25887265135682,1.1600715,1.161335366665202,1.1588076333347979,0.0021789461515123207,0.0009092857142857077,0.7322416362055414,0.0004743301165128777,-1.7239893112530602e-05,0.0004599766099925131,1
2026-05-20 11:00:00+00:00,1.16007,1.16051,1.15961,1.16007,1743,1.15945,1.1596060000000001,1.1600665000000001,1.1622176,1.1598023772180397,1.160495460266811,-0.000693083048771248,-0.0008028065576794283,0.00010972350890818029,42.97872340425476,1.1600665000000001,1.1613295168561775,1.1588034831438228,0.002177490439000448,0.0009399999999999885,0.6856317310192577,0.00037080473250306056,0.0003276737748880709,0.00044329713946398164,1
2026-05-20 12:00:00+00:00,1.16006,1.1604,1.15936,1.15952,1989,1.159494,1.159583,1.1600085,1.1621542,1.1597589345644002,1.1604231592346455,-0.0006642246702452947,-0.0007750901801788176,0.00011086550993352285,37.03703703703945,1.1600085,1.161259373799869,1.158757626200131,0.0021566631621563136,0.0009949999999999998,0.46929645694909256,0.0001897696886052902,-0.0001983186031472295,0.00047112296472532744,1
2026-05-20 13:00:00+00:00,1.1595,1.15971,1.15888,1.1590799999999999,2337,1.159508,1.1594719999999998,1.1599105,1.1620526,1.159654483083371,1.1603236089496873,-0.0006691258663162891,-0.0007538973173978801,8.4771451081591e-05,35.381750465550155,1.1599105,1.1611277700258495,1.1586932299741506,0.0020989033651294333,0.001007142857142873,0.40902789816354546,6.0396372766335915e-05,-0.0009567398443359743,0.0004606917044576105,1
2026-05-20 14:00:00+00:00,1.1591,1.16237,1.15823,1.1618,7077,1.16011,1.159682,1.159986,1.1619864,1.1599845626346306,1.1604330292686704,-0.00044846663403985687,-0.0006928111807068325,0.00024434454666697565,61.273209549071034,1.159986,1.161462160025571,1.158509839974429,0.0025451342095008894,0.0012342857142857275,0.9999999999973064,0.002597537086098445,0.0018108131413296924,0.0008820115057926388,1
2026-05-20 15:00:00+00:00,1.1617899999999999,1.16451,1.16128,1.16191,6663,1.160476,1.15992,1.160051,1.1619224,1.1602807837872224,1.1605424882482682,-0.0002617044610457864,-0.0006065898367526688,0.00034488537570688245,65.33149171270672,1.160051,1.1617417413509554,1.1583602586490445,0.002914943137768051,0.0014000000000000043,0.9999999999975718,0.0015774774153507476,0.002052555776909548,0.0008753206867523603,1
2026-05-20 16:00:00+00:00,1.16191,1.16305,1.16187,1.16253,3307,1.160968,1.160209,1.160146,1.1618894,1.1606268170699598,1.1606897782982781,-6.296122831828121e-05,-0.0004978641150436434,0.0004349028867253622,67.82051282051177,1.160146,1.1621569217577592,1.1581350782422406,0.00346667015661701,0.0014235714285714288,0.9999999999977102,0.0021205616902428837,0.0024921527370562746,0.0008801463582199146,0
2026-05-20 17:00:00+00:00,1.16253,1.16267,1.16183,1.16183,2740,1.1614299999999997,1.1604619999999999,1.160201,1.1618298,1.1608119221448254,1.1607742747314038,3.764741342160427e-05,-0.0003907618093331402,0.0004284092227547445,60.17369727046984,1.160201,1.1623355469135992,1.1580664530864009,0.0036796157107245307,0.0014107142857142968,0.8249066219566332,0.0019922036704842494,0.002182351418959616,0.0009063360798136477,1
2026-05-20 18:00:00+00:00,1.16186,1.16355,1.16159,1.16307,1984,1.162228,1.160868,1.1603119999999998,1.1617888,1.161159318751754,1.1609443947578817,0.00021492399387224026,-0.0002696246486762715,0.00048454864254851175,69.12599318955645,1.1603119999999998,1.1627916400417966,1.157832359958203,0.004274091868043757,0.0014792857142857305,0.9999999999977767,0.0034423853400975535,0.003502989620451924,0.0009261946359488762,0
2026-05-20 19:00:00+00:00,1.16308,1.16351,1.16275,1.16277,1371,1.162422,1.1612660000000001,1.160418,1.1617488,1.1614071158752126,1.1610796735941604,0.00032744228105219264,-0.0001502112627181243,0.00047765354377031694,68.120805369127,1.160418,1.1631289415726949,1.157707058427305,0.00467235353587227,0.001463571428571453,0.9776516991031615,0.0008349113444656719,0.0034346171437449335,0.0009308460180163517,1
2026-05-20 20:00:00+00:00,1.16275,1.16283,1.16231,1.16244,1004,1.162528,1.161502,1.1605349999999999,1.1617394,1.1615660211297076,1.1611804721940302,0.00038554893567743775,-4.305922303007147e-05,0.00042860815870750924,65.28384279475816,1.1605349999999999,1.163386492683903,1.1576835073160967,0.004914100279445545,0.0014100000000000223,0.9145776228457819,0.00045614548458994264,0.0020343424591406922,0.0009069868660413926,1
2026-05-20 21:00:00+00:00,1.16236,1.16262,1.16224,1.16242,784,1.162506,1.161737,1.1606714999999999,1.1616862,1.1616974024975355,1.1612723174845216,0.0004250850130138595,5.056962418496439e-05,0.0003745153888288951,67.64705882352823,1.1606714999999999,1.1636126367297686,1.1577303632702312,0.005067991640647162,0.0013678571428571587,0.9671189109678034,-9.462121407621815e-05,0.0020257398260450366,0.0009072141165122577,0
2026-05-20 22:00:00+00:00,1.16246,1.16278,1.16237,1.16261,577,1.162662,1.162046,1.1608145,1.1616306,1.1618378021161633,1.1613714334721987,0.00046636864396454314,0.0001337294281453208,0.00033263921581922233,70.59496567505471,1.1608145,1.1638437780102187,1.1577852219897815,0.005219228412840418,0.0013121428571428886,0.9999999999978469,0.0006713546732310949,0.0026648958189594563,0.0008762345095428588,0
2026-05-20 23:00:00+00:00,1.16261,1.1627399999999999,1.16224,1.16246,526,1.16254,1.1623839999999999,1.160928,1.1615628,1.1619335248691751,1.1614520894239413,0.0004814354452338243,0.00020327063156599226,0.000278164813667832,71.16493656285982,1.160928,1.1640280346347867,1.1578279653652133,0.005340614809508767,0.001302857142857177,0.9999999999972053,-0.0005244740213400378,0.002916105877075026,0.0008591316205311757,0
2026-05-21 00:00:00+00:00,1.16246,1.1629,1.16219,1.16284,1425,1.162554,1.162488,1.1610850000000001,1.1615048000000001,1.1620729825836467,1.1615549228710065,0.0005180597126401842,0.00026622844778298227,0.000251831264857202,67.78350515463879,1.1610850000000001,1.1642407232885217,1.1579292767114786,0.005435817857472173,0.0012428571428571647,0.9055022266850123,6.0201071579113474e-05,0.0008951626786022349,0.00047289917520752653,0
2026-05-21 01:00:00+00:00,1.16284,1.1635,1.16227,1.16259,1683,1.162584,1.162556,1.161238,1.1614472,1.1621525237256072,1.1616316126910078,0.0005209110345993917,0.0003171649651476568,0.00020374606945173487,65.7499999999996,1.161238,1.1643729345666018,1.1581030654333981,0.00539929724415125,0.0012664285714286047,0.8486737165265391,0.00012903891813786927,0.0005852432632476035,0.0004825684690942146,0
2026-05-21 02:00:00+00:00,1.16259,1.16282,1.16155,1.16173,1421,1.1624459999999999,1.162476,1.1613425000000002,1.1613928,1.1620875200748342,1.1616389021747346,0.00044861790009953495,0.0003434555521386075,0.00010516234796092744,63.29723225029865,1.1613425000000002,1.1643913021806727,1.1582936978193277,0.0052504789597771434,0.001282857142857157,0.7801284577833969,-0.0005935892362486372,-0.0006881542841906674,0.0005104950239901712,0
2026-05-21 03:00:00+00:00,1.16173,1.16223,1.16172,1.16187,953,1.162298,1.16248,1.161471,1.1613376,1.1620540554476406,1.161656023870343,0.000398031577297564,0.00035437075717058975,4.366082012697425e-05,67.41573033707797,1.161471,1.1643703059060528,1.158571694093947,0.004992472314940138,0.0012600000000000072,0.6588914019510449,-0.0006364989119308495,3.4428444781076095e-05,0.0004766201193234511,1
2026-05-21 04:00:00+00:00,1.16187,1.16233,1.16181,1.16219,717,1.1622439999999998,1.1623919999999999,1.1616300000000002,1.1612955999999999,1.162074969994314,1.1616955847994952,0.0003793851948188376,0.0003593736447003093,2.0011550118528268e-05,53.47593582887766,1.1616300000000002,1.1643008248282485,1.1589591751717518,0.004598408836287491,0.0010014285714285975,0.0,-0.00023226605646642362,-0.0007566182602938287,0.00032044670701238093,1
2026-05-21 05:00:00+00:00,1.16219,1.16232,1.16178,1.16216,1204,1.162108,1.162331,1.1617985000000002,1.1612568,1.1620880515337333,1.1617299916766906,0.00035805985704273624,0.00035911088716879177,-1.0510301260555272e-06,52.260397830018654,1.1617985000000002,1.1641168776087754,1.159480122391225,0.003991014980265819,0.0008092857142857504,0.0,-0.0005847752055313515,-0.0005246093380462113,0.0003141191213396602,0
2026-05-21 06:00:00+00:00,1.1621299999999999,1.16267,1.16154,1.16199,1904,1.161988,1.1622860000000002,1.161894,1.1612238,1.1620729666823089,1.1617492545338386,0.00032371214847026764,0.00035203113942902355,-2.8318990958755912e-05,44.68503937007932,1.161894,1.1640671219356942,1.1597208780643058,0.00374065437241984,0.0008057142857143303,0.0,-0.0005160890769746462,-0.0003871167544129417,0.00030576298994502114,0
2026-05-21 07:00:00+00:00,1.16199,1.16206,1.15938,1.16071,3156,1.1617840000000001,1.162115,1.1619259999999998,1.161154,1.1618632794994639,1.1616722616828845,0.00019101781657937522,0.0003198284748588631,-0.00012881065827948787,40.10600706713849,1.1619259999999998,1.164002742388308,1.1598492576116917,0.0035746551644564774,0.0009371428571428904,0.0,-0.0008780009124322863,-0.0014710689767898355,0.0004537613646017945,0
2026-05-21 08:00:00+00:00,1.16069,1.16355,1.16059,1.16236,3825,1.1618819999999999,1.16209,1.162068,1.1611286,1.1619396980383012,1.1617232120226266,0.00021648601567458847,0.0002991599830218897,-8.267396734730123e-05,44.15156507413563,1.162068,1.1638141126749755,1.1603218873250247,0.0030051815814141256,0.001008571428571454,0.1302542641574762,0.0004217339289249722,-0.00021503341619277805,0.0006715690406922074,0
2026-05-21 09:00:00+00:00,1.16234,1.16332,1.16205,1.16273,2151,1.16199,1.1621169999999998,1.1622505,1.1611141999999999,1.1620612829558805,1.1617977980736949,0.00026348488218563837,0.0002920249628546067,-2.8540080668968326e-05,49.6742671009769,1.1622505,1.1633094264673156,1.1611915735326845,0.001822200063266112,0.0010450000000000101,0.30806792729690574,0.0004646400330410305,0.00023226605646642362,0.0006784600720606243,0
2026-05-21 10:00:00+00:00,1.16273,1.16302,1.15995,1.16072,3748,1.161702,1.1619050000000002,1.1621964999999999,1.1610822,1.1618549317313318,1.1617179520959167,0.00013697963541514646,0.0002610158973666009,-0.00012403626195145445,39.00255754475792,1.1621964999999999,1.1634452850938213,1.1609477149061784,0.002149008526219835,0.0012271428571428553,0.0,-0.0012390720726923599,-0.0018231226995976124,0.0008626877390547652,0
2026-05-21 11:00:00+00:00,1.16073,1.16159,1.15958,1.15988,2371,1.16128,1.161634,1.162095,1.1610411999999999,1.1615510960796511,1.1615817931539036,-3.0697074252517e-05,0.00020267330304260607,-0.00023337037729512307,35.30092592592672,1.162095,1.1637162730540582,1.160473726945942,0.0027902590649785523,0.0013435714285714123,0.0,-0.001815850394581764,-0.002331002331002363,0.0008796718399372544,0
2026-05-21 12:00:00+00:00,1.15988,1.16087,1.15931,1.15971,3290,1.16108,1.161432,1.1619540000000002,1.160992,1.1612678505283782,1.1614431282848392,-0.00017527775646097865,0.00012708309114171159,-0.00030236084760269024,33.17865429234496,1.1619540000000002,1.1638781884140226,1.1600298115859777,0.003311987245661051,0.0014257142857142682,0.0,-0.0008615416426152045,-0.0017387861206992206,0.0008615175834481563,1
2026-05-21 13:00:00+00:00,1.1596899999999999,1.16009,1.15759,1.15945,4372,1.160498,1.16119,1.161835,1.1609482,1.1609881812158545,1.1612954758184495,-0.00030729460259504293,4.020755239419748e-05,-0.00034750215498924043,32.76059564719496,1.161835,1.1640620253939482,1.1596079746060517,0.003833634541820924,0.0015685714285714272,0.0,-0.002503527306514264,-0.0020828491999964616,0.0008553124363746725,1
2026-05-21 14:00:00+00:00,1.15947,1.15963,1.15842,1.15928,4135,1.1598080000000002,1.160899,1.1616455,1.1609006,1.1607253841053529,1.1611461688285682,-0.00042078472321538385,-5.1990902727857346e-05,-0.0003687938204875265,29.107981220658516,1.1616455,1.164066586967726,1.1592244130322742,0.00416837489186833,0.001604285714285709,0.0,-0.002967154885484935,-0.0025038935113879113,0.0008390582882679032,1
2026-05-21 15:00:00+00:00,1.15926,1.15937,1.15821,1.15882,3276,1.1594280000000001,1.1605649999999998,1.161448,1.1608502,1.1604322480887952,1.1609738466845065,-0.0005415985957113456,-0.00014991244132467273,-0.00039168615438667286,28.407789232532622,1.161448,1.1641148222761675,1.1587811777238326,0.004592237062989364,0.0015992857142857078,0.0,-0.001636915018264573,-0.0028739588352723056,0.0008362238458082591,1
2026-05-21 16:00:00+00:00,1.15884,1.15961,1.15843,1.1595,2111,1.159352,1.160316,1.161301,1.1608494,1.160288825305759,1.1608646650288685,-0.0005758397231094836,-0.00023509789768171683,-0.0003407418254277668,36.95906432748641,1.161301,1.164060106644136,1.1585418933558638,0.004751751086300872,0.001592857142857142,0.21921882705917636,-0.0003276200986309652,-0.0021428755841272906,0.0008809141437986237,1
2026-05-21 17:00:00+00:00,1.1595,1.1629800000000001,1.15924,1.16245,5263,1.1599,1.16049,1.1613025000000001,1.160895,1.1606213137205414,1.1609821050445006,-0.00036079132395916425,-0.0002602365829372257,-0.00010055474102193857,52.55281690140845,1.1613025000000001,1.1640641995148928,1.1585408004851074,0.004756210401497784,0.0018235714285714324,0.9631756211406504,0.0023626596304249237,0.001499082458150669,0.0011773745939580324,0
2026-05-21 18:00:00+00:00,1.16245,1.16299,1.16069,1.16113,3832,1.1602359999999998,1.1603670000000001,1.1612285,1.160904,1.160699573148207,1.1609930608997585,-0.0002934877515514689,-0.0002668868166600784,-2.660093489139048e-05,45.71197411003225,1.1612285,1.163921135375091,1.158535864624909,0.004637563365161812,0.0019507142857142818,0.7166769537288185,0.0014489628703264756,-0.001058191954299903,0.001147945398368608,1
2026-05-21 19:00:00+00:00,1.1611,1.1623999999999999,1.16094,1.16209,2221,1.160798,1.160303,1.16121,1.160925,1.1609134849716907,1.1610743202723366,-0.00016083530064592289,-0.00024567651345723686,8.484121281131398e-05,49.73664409330319,1.16121,1.1638719185799624,1.1585480814200377,0.004584732442817993,0.002016428571428554,0.8833642749631725,0.0024239182941134807,-0.0005504287323797596,0.0011796163878102564,0
2026-05-21 20:00:00+00:00,1.16211,1.16225,1.16158,1.16158,951,1.16135,1.160389,1.161147,1.1609508,1.1610160257453297,1.161111780003836,-9.575425850627539e-05,-0.00021569206246703276,0.00011993780396075737,48.49596478356564,1.161147,1.1637040632826765,1.1585899367173234,0.0044043747823084844,0.001983571428571402,0.8319798107684302,0.0023817331423345856,0.000740919429319753,0.0010382534849175933,0
2026-05-21 21:00:00+00:00,1.16156,1.1619,1.1615199999999999,1.16189,566,1.161828,1.16059,1.161112,1.1609764,1.1611504833230302,1.1611694287421903,-1.8945419160143473e-05,-0.00017634273380564248,0.000157397314645499,54.6603475513434,1.161112,1.1636042414346237,1.1586197585653761,0.004292852773244592,0.00181928571428569,0.9999999999961909,0.0020612332902114616,0.001732937890126518,0.0010001895201013334,0
2026-05-21 22:00:00+00:00,1.16194,1.16198,1.1615,1.16171,479,1.16168,1.16079,1.161111,1.160998,1.1612365628118266,1.1612094728666336,2.708994519307062e-05,-0.00013565619800588963,0.00016274614319896025,47.09562109025905,1.161111,1.1636022131899797,1.1586197868100203,0.004291085331169356,0.00164214285714283,0.7118480275602257,-0.000636586519850324,0.0017245690733027619,0.0010004900691475708,0
2026-05-21 23:00:00+00:00,1.16172,1.16188,1.16156,1.16174,423,1.1618020000000002,1.161019,1.1611045,1.1610182,1.1613140146869545,1.1612487728167264,6.524187022804995e-05,-9.547658435909363e-05,0.00016071845458714358,45.43778801843307,1.1611045,1.1635880414018638,1.1586209585981362,0.004277894714668315,0.0015742857142857028,0.6486986364918595,0.0005253503053059827,0.0019750743887188005,0.000992560304559884,0
2026-05-22 00:00:00+00:00,1.16174,1.16176,1.16121,1.1614,1153,1.161664,1.1612310000000001,1.161065,1.1610292,1.1613272431966573,1.16125997526419,6.726793246736307e-05,-6.292768099379704e-05,0.00013019561346116012,53.70370370370371,1.161065,1.163500513563055,1.158629486436945,0.0041953095874131706,0.001394285714285697,0.9635599762842703,-0.0005937577984493903,0.0018287212752741144,0.0009992426493247047,0
2026-05-22 01:00:00+00:00,1.1614,1.16156,1.16098,1.16098,1116,1.161544,1.1614470000000001,1.161006,1.1610358,1.1612738211663902,1.1612392356119559,3.4585554434363175e-05,-4.342503390816249e-05,7.801058834252567e-05,56.27853881278446,1.161006,1.1633863706036165,1.1586256293963835,0.004100531097369886,0.0012921428571428528,0.9999999999964121,-0.0005165378191774872,0.0018639650679137532,0.0009970342701098136,0
2026-05-22 02:00:00+00:00,1.16096,1.16141,1.16096,1.16114,827,1.161394,1.161611,1.1609635,1.1610566,1.161253233294634,1.1612318845817866,2.1348712847313323e-05,-3.0470284557065988e-05,5.1818997404379314e-05,58.171428571428365,1.1609635,1.1632998423956067,1.1586271576043934,0.004024833503562601,0.0012128571428571425,0.9999999999966402,-0.000645500004303412,0.001414402759810418,0.000987073798541192,0
2026-05-22 03:00:00+00:00,1.16113,1.16128,1.16084,1.16117,734,1.161286,1.161483,1.1609865000000001,1.1610862,1.1612404281723807,1.1612273003977445,1.3127774636245704e-05,-2.175067271840293e-05,3.487844735464863e-05,60.09389671361407,1.1609865000000001,1.1633213911842186,1.1586516088157817,0.004022253806083842,0.001065714285714273,0.9999999999968441,-0.00046483201487457215,-0.0011011226289302511,0.0005138611178438276,0
2026-05-22 04:00:00+00:00,1.16117,1.16154,1.16111,1.1615,513,1.161238,1.1615199999999999,1.1609435,1.1611212,1.161280362299712,1.1612475009433674,3.2861356344726644e-05,-1.0828266905776295e-05,4.368962325050294e-05,62.788018433178394,1.1609435,1.1632023238672358,1.158684676132764,0.0038913588253620605,0.001009999999999987,0.9999999999970913,-0.00020658667171657985,0.0003186551032183793,0.00037693586526997607,0
2026-05-22 05:00:00+00:00,1.1615,1.16168,1.1607,1.1609,932,1.161138,1.1614010000000001,1.1608519999999998,1.1611354,1.1612218450228264,1.1612217594542018,8.556862463038328e-08,-8.645499799694843e-06,8.731068424325227e-06,61.79138321995475,1.1608519999999998,1.162948549546287,1.1587554504537125,0.003612087580996098,0.0009971428571428393,0.9614140313525065,-0.0004305148958153593,-0.001024017072688066,0.0002919893718919877,0
2026-05-22 06:00:00+00:00,1.16088,1.16143,1.16051,1.16097,1907,1.161136,1.16134,1.1608645000000002,1.1611608,1.1611830996346955,1.1612031101505613,-2.0010515865864775e-05,-1.0918503012928925e-05,-9.09201285293585e-06,58.95249695493322,1.1608645000000002,1.1629607168931662,1.1587682831068342,0.003611475573877863,0.000978571428571416,0.7789354154591861,-8.613412806335319e-06,-0.0005251467828303324,0.0002699128825911619,0
2026-05-22 07:00:00+00:00,1.16096,1.16096,1.16011,1.16082,1782,1.161072,1.161233,1.1609114999999999,1.1611866,1.16112723815243,1.1611747309795362,-4.7492827106143665e-05,-1.8233367831572116e-05,-2.925945927457155e-05,34.93530499075867,1.1609114999999999,1.1629562959620343,1.1588667040379654,0.0035227421935857136,0.0007728571428571307,0.0,-0.0002755912293092022,-0.0009209133394728619,0.000245826102977745,0
2026-05-22 08:00:00+00:00,1.16082,1.16155,1.1602999999999999,1.16075,2250,1.1609880000000001,1.161137,1.1609634999999998,1.1612088,1.1610692015135906,1.1611432687671364,-7.406725354575094e-05,-2.940014497440818e-05,-4.4667108571342764e-05,45.432692307692164,1.1609634999999998,1.1629310822727488,1.1589959177272509,0.003389567842139668,0.0006978571428571469,0.37688921542948384,-0.00036170414323488664,-0.0008263680264438689,0.000244958996655981,0
2026-05-22 09:00:00+00:00,1.16073,1.16077,1.1595900000000001,1.16038,1526,1.160764,1.1610010000000002,1.1610099999999999,1.1612304,1.1609631705114936,1.1610867292444658,-0.00012355873297220654,-4.823186257396825e-05,-7.532687039823828e-05,26.050420168067802,1.1610099999999999,1.1628678765468115,1.1591521234531883,0.0032004488278508827,0.0006778571428571586,0.0,-0.000964270340077511,-0.0011706578063939155,0.0002521370846862696,0
2026-05-22 10:00:00+00:00,1.16038,1.16075,1.15948,1.15973,1339,1.16053,1.160834,1.1610325,1.1612448,1.1607734519712543,1.1609862289789201,-0.00021277700766586527,-8.114089159234822e-05,-0.00013163611607351703,25.06738544474436,1.1610325,1.1628113804876967,1.159253619512303,0.00306430782548604,0.0007207142857142967,0.0,-0.0010078387458007931,-0.0014379197520234532,0.00028489444173652957,1
2026-05-22 11:00:00+00:00,1.15973,1.16018,1.15931,1.15961,1646,1.160258,1.160697,1.1610719999999999,1.1612612,1.1605944593602844,1.1608842843981633,-0.000289825037878888,-0.00012287772084965674,-0.0001669473170292313,17.613636363637255,1.1610719999999999,1.1626699012551114,1.1594740987448884,0.002752458512670188,0.0007557142857142882,0.0,-0.0011714342317200588,-0.001180037554479707,0.00027447309398682664,1
2026-05-22 12:00:00+00:00,1.15961,1.16069,1.15944,1.16042,2974,1.160178,1.160625,1.161118,1.161268,1.1605676194587011,1.160849892432286,-0.00028227297358496273,-0.00015475677139671826,-0.00012751620218824446,34.45783132530141,1.161118,1.1625718312361455,1.1596641687638547,0.002504192056527239,0.0008107142857142836,0.3728705117802614,-0.00034458400096482045,-0.0006200802659456217,0.00037235980696932123,1
2026-05-22 13:00:00+00:00,1.16039,1.1618,1.15992,1.16036,3463,1.1601,1.160544,1.1610135000000001,1.1612738,1.1605356780035154,1.1608136035871615,-0.0002779255836460326,-0.00017939053384658134,-9.853504979945126e-05,33.492822966508214,1.1610135000000001,1.1623607510022982,1.159666248997702,0.002320818840259901,0.0009221428571428396,0.35150866210834925,-0.0003359896618564395,-0.0006975722762385672,0.000371133638373406,1
2026-05-22 14:00:00+00:00,1.16035,1.16038,1.1588,1.15975,3299,1.159974,1.160369,1.1609445,1.1612784,1.16041480446451,1.1607348170973375,-0.00032001263282754877,-0.000207514953642775,-0.00011249767918477377,31.46067415730444,1.1609445,1.162403360045246,1.1594856399547542,0.002513229607868195,0.0009957142857142745,0.30652412184234185,-0.0005429255933400157,-0.0015066724063710346,0.0003736803995266677,1
2026-05-22 15:00:00+00:00,1.15976,1.16052,1.15954,1.16025,2470,1.160078,1.160304,1.1608525,1.1613018,1.160389449931508,1.1606989042812692,-0.0003094543497612623,-0.00022790283286647255,-8.155151689478974e-05,41.942604856513135,1.1608525,1.1622373940677844,1.1594676059322158,0.0023859948921750238,0.0010242857142856998,0.5385567522621598,0.0004483802264321213,-0.0005599104143337863,0.00039038330042996786,0
2026-05-22 16:00:00+00:00,1.16026,1.16109,1.15992,1.16109,1933,1.160374,1.160316,1.160828,1.1612876,1.1604972268651241,1.1607278746620289,-0.00023064779690473713,-0.00022845182567412544,-2.1959712306116974e-06,49.52015355086269,1.160828,1.1621755373249532,1.1594804626750468,0.0023216830141126596,0.0010757142857142593,0.7062967045800013,0.0012762911668577903,0.00010336184397519155,0.00046215759864711407,1
2026-05-22 17:00:00+00:00,1.1611,1.16189,1.16085,1.16131,2738,1.160552,1.160365,1.1607990000000001,1.1612756,1.1606222688858763,1.1607709955088197,-0.000148726622943407,-0.00021250678512798167,6.378016218457468e-05,51.296296296296596,1.1607990000000001,1.1620732783303485,1.1595247216696518,0.0021955193454651868,0.0011185714285714132,0.745614181965653,0.000766963685562283,0.00042211540118208823,0.00046244647726584505,1
2026-05-22 18:00:00+00:00,1.16132,1.16151,1.1609099999999999,1.16116,1468,1.160712,1.160406,1.1607714999999998,1.1612482,1.1607049967495886,1.1607998109356086,-9.481418601997582e-05,-0.00018896826530638043,9.415407928640461e-05,46.743295019157024,1.1607714999999998,1.1619853026372284,1.1595576973627713,0.0020913722248152877,0.0011307142857142865,0.6593740226316733,0.0006894412079008205,0.0003532199009261827,0.0004646515204162258,1
2026-05-22 19:00:00+00:00,1.16114,1.16137,1.1605,1.1605699999999999,1242,1.160876,1.160425,1.1607129999999999,1.1612230000000001,1.1606842280188825,1.1607827877505656,-9.855973168315657e-05,-0.0001708865585817356,7.232682689857904e-05,46.8330134356991,1.1607129999999999,1.1618399352944746,1.1595860647055252,0.0019417983506253794,0.0011228571428571396,0.7068258934583069,0.0007070489329594754,0.00016373946465808586,0.00048413795121460544,1
2026-05-22 20:00:00+00:00,1.16059,1.16065,1.15979,1.16021,881,1.160868,1.160473,1.1606535,1.1611658,1.1606112698621307,1.1607403586757254,-0.00012908881359474655,-0.0001625270095843378,3.3438195989591256e-05,43.09090909090831,1.1606535,1.1617530362659043,1.1595539637340957,0.0018946847890508418,0.0011185714285714132,0.7563913532402521,-3.447532859301994e-05,0.000413889439783377,0.00045673455631334666,1
2026-05-24 21:00:00+00:00,1.16249,1.1636199999999999,1.16249,1.16324,438,1.161298,1.160836,1.1607665,1.1611752000000002,1.1610156898833446,1.1609255187170031,9.017116634146838e-05,-0.0001119873743991765,0.00020215854074064489,64.43914081145628,1.1607665,1.162360611202631,1.159172388797369,0.0027466526689579286,0.0013007142857142581,0.9999999999978644,0.0018517083085722863,0.00313036279438772,0.0009264514722499286,1
2026-05-24 22:00:00+00:00,1.16321,1.16445,1.16304,1.16427,1284,1.16189,1.1612209999999998,1.160923,1.1612118,1.161516352978218,1.1611732598362792,0.0003430931419388106,-2.0971271131578983e-05,0.00036406441307038957,68.84368308351179,1.160923,1.163157458370738,1.1586885416292618,0.0038494514635993974,0.0013121428571428093,0.999999999998048,0.002548845700114377,0.0033177642577686406,0.0009369224024726142,0
2026-05-24 23:00:00+00:00,1.16427,1.16458,1.16411,1.16416,837,1.16249,1.1616009999999999,1.1610725,1.1612466000000001,1.1619230679046482,1.1613945013078406,0.0005285665968075559,8.893630245624807e-05,0.00043963029435130786,70.81497797356948,1.1610725,1.1637355404072338,1.158409459592766,0.004587207788030227,0.0012614285714285245,0.9999999999981203,0.002583623273278546,0.0032748457375297857,0.0009389625979923115,1
2026-05-25 00:00:00+00:00,1.16413,1.16487,1.16351,1.16365,1599,1.1631060000000002,1.161991,1.16118,1.1612674,1.1621887497654728,1.1615615763055203,0.0006271734599525569,0.00019658373395550988,0.00043058972599704703,71.92393736018046,1.16118,1.1640788418740178,1.1582811581259824,0.004992924221942639,0.0012678571428571064,0.9999999999981587,0.0026538683577899125,0.003362793705540046,0.0009304883724019028,1
2026-05-25 01:00:00+00:00,1.16365,1.16467,1.16352,1.16391,1805,1.163846,1.162357,1.1613304999999998,1.1612964,1.1624535574938626,1.1617355346000422,0.0007180228938203914,0.00030087156592848623,0.0004171513278919052,73.67841409691678,1.1613304999999998,1.1644706339227269,1.1581903660772728,0.005407821326878182,0.0012878571428571104,0.9999999999976313,0.0031890778393566244,0.0031544925662572165,0.0009304510448916803,1
2026-05-25 02:00:00+00:00,1.1639,1.16422,1.16366,1.16376,882,1.16395,1.1626239999999999,1.16147,1.1613148000000002,1.1626545486486537,1.1618854957853209,0.000769052863332842,0.00039450782540935745,0.0003745450379234845,69.83372921615172,1.16147,1.1647856852113976,1.1581543147886024,0.005709463372101869,0.0012385714285714064,0.9089320061577115,0.00044702726866319153,0.0022995633413429584,0.000927921395470253,0
2026-05-25 03:00:00+00:00,1.16376,1.16394,1.16357,1.16371,985,1.163838,1.1628640000000001,1.1616145,1.1613372,1.1628169257796306,1.1620206449009614,0.000796280878669231,0.0004748624360613322,0.0003214184426078988,69.91676575505375,1.1616145,1.1650602569636668,1.1581687430363332,0.005932703084658085,0.0011307142857142707,0.9108988698273585,-0.0004809880869557359,0.002066631648741435,0.0009319547329108051,1
2026-05-25 04:00:00+00:00,1.16371,1.16434,1.16354,1.16417,848,1.16384,1.1631649999999998,1.1617855000000001,1.161386,1.1630250910443034,1.162179857104564,0.0008452339397393427,0.0005489367367969344,0.00029629720294240827,76.75544794188876,1.1617855000000001,1.1653865611009335,1.1581844388990667,0.006199184102286332,0.0010749999999999846,0.9999999999971274,8.589884551879479e-06,0.0025922353508560647,0.0009256794791101116,0
2026-05-25 05:00:00+00:00,1.16417,1.1645,1.16378,1.16391,960,1.163892,1.1634989999999998,1.1619620000000002,1.1614268,1.1631612308836417,1.1623080163703117,0.0008532145133299807,0.0006097922921035437,0.000243422221226437,72.8179551122203,1.1619620000000002,1.1656186110280626,1.1583053889719377,0.006293856473899271,0.0010564285714285613,0.8830373751089691,0.00022343488162235303,0.002877896206174624,0.000903563524150867,1
2026-05-25 06:00:00+00:00,1.16389,1.16445,1.16371,1.16408,1453,1.163926,1.163886,1.1621795,1.1614646,1.1633025799784662,1.1624392749221737,0.0008633050562925071,0.0006604948449413364,0.00020281021135117071,70.3401360544228,1.1621795,1.1657943609931805,1.1585646390068194,0.006220830763544763,0.0010257142857142806,0.8094341373293439,0.00014605940321854582,0.0033356030373812295,0.0008812577150759019,1
2026-05-25 07:00:00+00:00,1.16411,1.16419,1.16294,1.16372,2011,1.163918,1.163934,1.162385,1.1614958,1.1633667984433176,1.1625341437845622,0.0008326546587553718,0.0006949268077041435,0.00013772785105122833,66.08811748998777,1.162385,1.1658489648715877,1.1589210351284123,0.005960099057692129,0.0010407142857142679,0.683128573387286,-3.437134804407105e-05,0.0004126405556892365,0.0003886279086399899,1
2026-05-25 08:00:00+00:00,1.16374,1.1644,1.16327,1.16435,1357,1.1640460000000001,1.163942,1.1625815,1.161543,1.163518060221269,1.1626686520962397,0.0008494081250292052,0.0007258230711691559,0.0001235850538600493,70.01254705144467,1.1625815,1.1660219178142857,1.1591410821857142,0.00591858345292046,0.0010785714285714049,0.7997031558824492,0.0005499651975147124,6.871258385099388e-05,0.00031356846452419544,0
2026-05-25 09:00:00+00:00,1.16435,1.1645,1.16401,1.1641,892,1.164032,1.163936,1.1627684999999999,1.1616108,1.163607589417997,1.16277467819085,0.0008329112271470152,0.0007472407023647278,8.567052478228733e-05,73.13237221494319,1.1627684999999999,1.1661055221518766,1.1594314778481232,0.005739787673774618,0.0010514285714285604,0.8923770872646517,-6.012867536531186e-05,-5.153930731183198e-05,0.0003201247638334745,1
2026-05-25 10:00:00+00:00,1.16409,1.16441,1.16409,1.16425,778,1.1641,1.163996,1.1629935,1.1616486000000001,1.1637064218152282,1.1628839615970035,0.0008224602182247409,0.0007622846055367306,6.017561268801034e-05,77.22371967655185,1.1629935,1.166070260257839,1.159916739742161,0.005291104821891067,0.0010128571428571328,0.999999999992178,0.0002921188064368696,0.0005156189575903358,0.00028297123357041667,0
2026-05-25 11:00:00+00:00,1.16426,1.16506,1.16399,1.16438,1265,1.16416,1.164043,1.1632000000000002,1.1616816,1.1638100492282701,1.1629947795467819,0.0008152696814882621,0.0007728816207270369,4.238806076122513e-05,62.610619469027284,1.1632000000000002,1.1660472849486754,1.160352715051325,0.004895606858107193,0.0008457142857142751,0.0,0.0002577142464434967,0.00040381129125099946,0.00027758520799016817,0
2026-05-25 12:00:00+00:00,1.1644,1.16526,1.1642299999999999,1.16479,1528,1.164374,1.164146,1.1633850000000001,1.1617629999999999,1.1639608108854596,1.1631277591621607,0.0008330517232988388,0.0007849156412413973,4.813608205744152e-05,56.66666666666837,1.1633850000000001,1.1661341587229939,1.1606358412770064,0.004726137474685937,0.0008185714285714304,0.0,0.0009194651634412132,0.0008850622121401308,0.0002865217499499081,0
2026-05-25 13:00:00+00:00,1.16477,1.16495,1.1638600000000001,1.16387,1420,1.164278,1.1641620000000001,1.163513,1.1618428,1.1639468399800041,1.1631827400884438,0.0007640998915603436,0.0007807524913051866,-1.665259974484301e-05,46.9214437367289,1.163513,1.1660882596190023,1.1609377403809977,0.004426696769184857,0.0008628571428571334,0.0,-0.0004122471765363178,0.00013749129937856708,0.00039962251167262585,1
2026-05-25 14:00:00+00:00,1.16389,1.16462,1.16381,1.16417,1213,1.164292,1.164162,1.1636635,1.161932,1.1639811722907727,1.1632558706043388,0.0007253016864339212,0.0007696623303309337,-4.436064389701244e-05,55.77777777777651,1.1636635,1.1660005631592931,1.1613264368407068,0.004016733633551559,0.0008235714285714156,0.29226629902671686,6.0132291040293495e-05,0.0,0.00038720963221223386,1
2026-05-25 15:00:00+00:00,1.16415,1.16482,1.16393,1.16421,1580,1.1642839999999999,1.164192,1.1638455,1.1620272,1.1640163765537308,1.163326546991955,0.0006898295617758787,0.0007536957766199227,-6.386621484404402e-05,53.50467289719601,1.1638455,1.1656814162347582,1.162009583765242,0.0031549140066410787,0.0008049999999999922,0.21725197056217724,-3.4356882112951403e-05,0.00025775188803245364,0.0003791816156013154,1
2026-05-25 16:00:00+00:00,1.16419,1.16426,1.16364,1.16409,1112,1.164226,1.164193,1.1640395000000001,1.1621234,1.1640277032377722,1.1633830991674488,0.0006446040703234068,0.0007318774353606197,-8.727336503721282e-05,53.882352941178716,1.1640395000000001,1.1647044883259712,1.163374511674029,0.0011425528531824923,0.0008092857142857028,0.22971572228602438,-0.0002490595853587019,8.59047488144249e-06,0.00037858892219589887,0
2026-05-25 17:00:00+00:00,1.16409,1.16439,1.16399,1.16429,527,1.164126,1.1642499999999998,1.164092,1.1622328,1.1640680565858073,1.1634502771177933,0.0006177794680140014,0.0007090578418912961,-9.127837387729466e-05,56.59090909090976,1.164092,1.1646480991959915,1.1635359008040083,0.0009554213859242121,0.0008114285714285582,0.31910030036527515,-0.00042926192704262345,0.0004898085450106837,0.00036511995749811336,0
2026-05-25 18:00:00+00:00,1.16429,1.16437,1.16413,1.16431,406,1.164214,1.164246,1.164094,1.162329,1.1641052786495292,1.1635139603915932,0.0005913182579360132,0.0006855099251002395,-9.41916671642263e-05,51.767676767677244,1.164094,1.1646530744230594,1.1635349255769405,0.0009605314056415875,0.0007714285714285499,0.15992967130774105,0.00037804909483019067,-3.4353931378072744e-05,0.0003216199205882255,0
2026-05-25 19:00:00+00:00,1.1643,1.16434,1.16416,1.1642000000000001,377,1.1642199999999998,1.164256,1.164096,1.162364,1.1641198511649862,1.1635647782122855,0.0005550729527006304,0.0006594225306203178,-0.00010434957791968737,53.8057742782172,1.164096,1.1646563532720229,1.1635356467279772,0.000962726909160176,0.0007328571428571065,0.2271885634972476,2.576943229959383e-05,8.590327291480016e-05,0.0003150217235511817,0
2026-05-25 20:00:00+00:00,1.16422,1.16435,1.16412,1.1642299999999999,366,1.1642240000000001,1.1642540000000001,1.1641249999999999,1.162426,1.1641367971396037,1.1636140539648376,0.0005227431747660827,0.0006320866594494707,-0.00010934348468338807,52.043596730243834,1.1641249999999999,1.1646468791955322,1.1636031208044675,0.0008966033639555391,0.0006964285714285344,0.16903525674672346,1.7179031274405787e-05,-1.7178441056531213e-05,0.00031232571536916567,0
2026-05-25 21:00:00+00:00,1.16431,1.16431,1.16355,1.16389,772,1.164184,1.1642050000000002,1.164124,1.162462,1.1640988283488956,1.1636344944366888,0.00046433391220679354,0.0005985361100009353,-0.00013420219779414178,52.32876712328819,1.164124,1.1646476873313774,1.1636003126686225,0.0008997105658459416,0.0006614285714285271,0.17844611399090307,-0.0001718080217165685,-0.0004208248166405193,0.000321989641466837,0
2026-05-25 22:00:00+00:00,1.16403,1.16428,1.1638,1.16405,582,1.164136,1.164131,1.1641385,1.1625114,1.1640913162952191,1.163665272661143,0.0004260436340761675,0.0005640376148159817,-0.00013799398073981422,45.28301886792401,1.1641385,1.1646351106173407,1.1636418893826592,0.0008531813308137176,0.0006149999999999529,0.0,-0.0002061342105489361,-0.0006353076520231316,0.00029913759101264024,0
2026-05-25 23:00:00+00:00,1.16405,1.16428,1.16356,1.16358,630,1.16399,1.164102,1.164132,1.1625452,1.1640126522498007,1.1636589561611541,0.000353696088646549,0.0005219693095820953,-0.00016827322093554626,42.35294117647089,1.164132,1.1646549310108396,1.1636090689891603,0.0008984050104965189,0.0006314285714285209,0.0,-0.0006269807869037081,-0.0002491687215925298,0.0002051169722496974,0
2026-05-26 00:00:00+00:00,1.1636,1.16394,1.16336,1.16384,1384,1.163918,1.164069,1.1641154999999999,1.1625878,1.163986090365216,1.163672366828801,0.0003137235364150115,0.0004803201549486785,-0.00016659661853366702,44.159544159542214,1.1641154999999999,1.1646539764081163,1.1635770235918834,0.0009251253988396161,0.0006499999999999602,0.08918114687043054,-0.00030922521903464784,-0.0002834637552934227,0.00020008852439817396,0
2026-05-26 01:00:00+00:00,1.16384,1.1639599999999999,1.16303,1.1633499999999999,1275,1.1637419999999998,1.163983,1.1640875,1.16262,1.1638882303090288,1.1636484877831483,0.00023974252588043754,0.00043220462913503037,-0.00019246210325459282,36.69250645994429,1.1640875,1.1647208494919397,1.1634541505080602,0.0010881475695593613,0.0006399999999999581,0.0,-0.000755864391056793,-0.000738698344800448,0.00023329892114039438,1
2026-05-26 02:00:00+00:00,1.1633499999999999,1.16347,1.16311,1.1633499999999999,784,1.163634,1.1639089999999999,1.1640510000000002,1.162659,1.1638054256461012,1.1636263775587303,0.00017904808737090327,0.00038157332078220496,-0.00020252523341130168,29.19075144507991,1.1640510000000002,1.1647651546345847,1.1633368453654156,0.0012270160578609938,0.0005921428571428031,0.0,-0.00046396137092008516,-0.0006356896803513257,0.00023414072774272625,1
2026-05-26 03:00:00+00:00,1.1633499999999999,1.16369,1.16333,1.16356,588,1.163536,1.1638359999999999,1.164043,1.1627105999999998,1.1637676678543933,1.1636214606987685,0.00014620715562485564,0.0003345000877507351,-0.00018829293212587947,44.363636363634015,1.164043,1.1647761001224028,1.163309899877597,0.0012595756727249898,0.0005399999999999532,0.5537517380235933,-0.00042094411752080507,-0.0006269915570863427,0.00023512715166067695,1
2026-05-26 04:00:00+00:00,1.16355,1.16357,1.16293,1.16295,585,1.16341,1.1637,1.163973,1.1627468,1.1636418727998714,1.163571722834016,7.014996585530398e-05,0.0002816300633716489,-0.00021148009751634494,30.065359477118832,1.163973,1.1648381400860066,1.1631078599139932,0.0014865294744924294,0.0005278571428570958,0.03191981751859883,-0.0005414324756356503,-0.0011680737947797892,0.0002738425704059748,1
2026-05-26 05:00:00+00:00,1.16294,1.16307,1.16271,1.16277,811,1.163196,1.163557,1.1639065,1.1627788,1.1635077385229682,1.1635123359184913,-4.597395523164849e-06,0.00022438457159268616,-0.000228981967115851,27.49999999999463,1.1639065,1.1649219444191665,1.1628910555808334,0.0017448900219503316,0.0004899999999999587,0.0,-0.0009193703601868553,-0.0012283112867205181,0.0002739594388520657,1
2026-05-26 06:00:00+00:00,1.16275,1.16372,1.16268,1.16348,1437,1.163222,1.163482,1.1638680000000001,1.1628184,1.1635034710578962,1.1635099406638159,-6.469605919656729e-06,0.00017821373609021757,-0.0001846833420098743,41.952506596304104,1.1638680000000001,1.1648869902122334,1.1628490097877668,0.0017510408607046225,0.0005199999999999649,0.49680491424632733,0.00011174625005394567,-0.0006442026060140549,0.00035857358432015026,0
2026-05-26 07:00:00+00:00,1.16349,1.16401,1.16238,1.16368,2186,1.163288,1.1634609999999999,1.163833,1.162874,1.1635306293566814,1.1635225376587612,8.091697920153962e-06,0.00014418932845620486,-0.0001360976305360509,41.952506596304104,1.163833,1.1648256911853492,1.1628403088146506,0.001705899704423713,0.0006078571428571124,0.5494043415486596,0.0002836635578287172,-0.0001804294220244529,0.00035584818368396336,0
2026-05-26 08:00:00+00:00,1.16371,1.1642000000000001,1.16342,1.16363,1725,1.163302,1.163419,1.1637749999999998,1.1629272,1.163545917147961,1.1635304978363288,1.541931163218102e-05,0.00011843532509140009,-0.00010301601345921907,41.09947643978869,1.1637749999999998,1.1646622073275745,1.162887792672425,0.00152470593985048,0.0006464285714285716,0.5169768544315683,6.016019801302619e-05,-0.00036080924358927735,0.00035163942630711537,0
2026-05-26 09:00:00+00:00,1.16365,1.1644,1.16323,1.16424,1671,1.16356,1.163485,1.1637935,1.1629956,1.1636526991251979,1.1635830535774803,6.964554771760056e-05,0.0001086773696166402,-3.903182189903963e-05,50.46296296296092,1.1637935,1.1647041683491273,1.1628828316508726,0.0015649998889448026,0.0007171428571428765,0.92485312898725,0.0011092480330194832,0.0005672149744753163,0.0003659680796797606,0
2026-05-26 10:00:00+00:00,1.16424,1.16452,1.16375,1.1641,1720,1.1638259999999998,1.163511,1.16379,1.1630626000000002,1.1637215146443982,1.1636213459221587,0.00010016872223950202,0.00010697564014121255,-6.806917901710534e-06,48.532731376975484,1.16379,1.1646950966799172,1.162884903320083,0.0015554295532993353,0.000755714285714304,0.8471113878692714,0.0011438203600022678,0.00022339840527907384,0.00036471197985300476,0
2026-05-26 11:00:00+00:00,1.16412,1.16445,1.16332,1.16346,1656,1.1638220000000001,1.163522,1.1637525,1.1631242,1.163681281622183,1.163609394367432,7.188725475115731e-05,9.995796306320151e-05,-2.8070708312044197e-05,45.45454545454375,1.1637525,1.1646464062708417,1.1628585937291582,0.0015362480782498647,0.00078214285714289,0.7818914955978142,-1.718980988085761e-05,9.455451927631309e-05,0.0003838756361984427,0
2026-05-26 12:00:00+00:00,1.16344,1.16365,1.16309,1.16317,1689,1.16372,1.163504,1.1637065,1.163193,1.163602622911078,1.1635768466240612,2.57762870168321e-05,8.512162785392764e-05,-5.9345340837095535e-05,40.946502057613,1.1637065,1.164621711220946,1.162791288779054,0.0015729244804356874,0.0007878571428571814,0.5855734767001007,-0.0004382648150694779,-0.000154725576997361,0.0003925567183437401,0
2026-05-26 13:00:00+00:00,1.16316,1.16329,1.1617,1.16254,2509,1.163502,1.163402,1.1636190000000002,1.1632516,1.16343914246322,1.1635000431432254,-6.090068000541571e-05,5.5917166282058964e-05,-0.00011681784628747467,39.641434262946746,1.1636190000000002,1.164629031786889,1.1626089682131113,0.001736018038359384,0.0008500000000000332,0.5287398791906969,-0.0009367238727087113,-0.0008766200281893344,0.0004181017548031914,1
2026-05-26 14:00:00+00:00,1.16256,1.16295,1.16212,1.16247,2634,1.163148,1.163354,1.163527,1.1632926,1.1632900436227245,1.1634237436261132,-0.0001337000033887481,1.799373234789754e-05,-0.00015169373573664565,35.81780538302213,1.163527,1.1646049336958426,1.1624490663041573,0.0018528726808103924,0.0008678571428571662,0.36222700861408397,-0.0015203050917337313,-0.00041274345414676894,0.00038899430039423643,1
2026-05-26 15:00:00+00:00,1.16246,1.16256,1.16161,1.16189,2391,1.162706,1.163266,1.1634115,1.1633232,1.1630746522961517,1.1633101329526445,-0.0002354806564928147,-3.270114542024492e-05,-0.00020277951107256978,35.16260162601779,1.1634115,1.1646663226966403,1.1621566773033598,0.002157143360952224,0.000869285714285747,0.3336939417769264,-0.0018984623314146631,-0.0007568134712797603,0.00041454373207994676,1
2026-05-26 16:00:00+00:00,1.16191,1.16294,1.16191,1.16238,1501,1.1624899999999998,1.163156,1.163319,1.1633758,1.1629677827121283,1.1632412341960405,-0.00027345148391222374,-8.08512131186407e-05,-0.00019260027079358305,41.03512014787458,1.163319,1.1645923858719776,1.1620456141280224,0.002189229045476884,0.000918571428571467,0.5894326515985713,-0.0009282656902686037,-0.0009454395434387308,0.00038289656683050037,1
2026-05-26 17:00:00+00:00,1.16236,1.16275,1.16211,1.16239,1201,1.162334,1.163027,1.1632440000000002,1.1634186,1.1628788930641085,1.1631781797947338,-0.0002992867306252922,-0.00012453831661997104,-0.00017474841400532117,38.771593090211546,1.1632440000000002,1.1645520061161962,1.161935993883804,0.002248893811093942,0.0009385714285714711,0.4908596990878828,-0.0006705812563941871,-0.0011085521792932873,0.00037364240739555353,1
2026-05-26 18:00:00+00:00,1.16239,1.16307,1.16229,1.16291,992,1.1624079999999999,1.1629549999999997,1.1631870000000002,1.163455,1.1628836787465533,1.163158314619965,-0.0002746358734118104,-0.00015455782797833893,-0.00012007804543347146,49.609375000001755,1.1631870000000002,1.1644455388353196,1.1619284611646807,0.0021639492795560056,0.0009485714285714732,0.9628276209637198,0.00031826861871442347,-0.0006187533838074577,0.00041357760461424814,1
2026-05-26 19:00:00+00:00,1.16289,1.16324,1.16272,1.16317,913,1.1625480000000001,1.1628479999999999,1.1631664999999998,1.1634922,1.1629277281701604,1.1631591802038646,-0.00023145203370411593,-0.00016993666912349436,-6.151536458062158e-05,53.84615384615351,1.1631664999999998,1.164411367779919,1.1619216322200805,0.0021404807994715785,0.0009600000000000401,0.9999999999946478,0.0006021660774042648,-0.0009190544904830178,0.00037540919163752404,1
2026-05-26 20:00:00+00:00,1.16315,1.16326,1.16303,1.16315,540,1.1628,1.162753,1.163132,1.1635319999999998,1.1629619238362896,1.1631585001886229,-0.00019657635233327753,-0.00017526460576545102,-2.1311746567826507e-05,46.341463414632344,1.163132,1.1643358464668712,1.161928153533129,0.0020700083341720554,0.0009021428571428831,0.5983263598293149,0.0010844400072294036,-0.0008160810926896023,0.00037595797497664,1
2026-05-26 21:00:00+00:00,1.16314,1.16314,1.16265,1.1631,939,1.162944,1.162717,1.1631195,1.1635826,1.1629831663230144,1.1631541668404883,-0.00017100051747398481,-0.0001744117881071578,3.4112706331729747e-06,43.348623853210604,1.1631195,1.1643189994570142,1.161920000542986,0.002062555837150252,0.000821428571428592,0.43814057041715676,0.0006194187787127436,-0.00030942189675620124,0.000338080739289835,1
2026-05-26 22:00:00+00:00,1.1631,1.16332,1.1631,1.16331,443,1.163128,1.1627310000000002,1.1631174999999998,1.1636446,1.163033448427166,1.1631657100395345,-0.00013226161236845613,-0.00016598175295941747,3.372014059096134e-05,46.460176991151705,1.1631174999999998,1.1643155137069805,1.161919486293019,0.002060004611710673,0.0007814285714285678,0.6046802680754559,0.0007914727415068157,0.0001203607383271077,0.0003345381327954218,1
2026-05-26 23:00:00+00:00,1.16331,1.1639599999999999,1.16327,1.1636199999999999,442,1.16327,1.162839,1.1631205,1.1636522,1.163123687130679,1.1631993611532376,-7.56740225587027e-05,-0.00014792020687927451,7.224618432057181e-05,42.654028436017605,1.1631205,1.1643234695713036,1.1619175304286964,0.0020685209680400504,0.0007471428571428351,0.4009637311841602,0.0006105373588667362,0.0009290002924631224,0.00027889897457531967,1
2026-05-27 00:00:00+00:00,1.1636199999999999,1.16402,1.16358,1.16377,1212,1.1633900000000001,1.162969,1.1631615,1.1636422,1.163223119879805,1.1632416307038629,-1.8510824057793585e-05,-0.00012203833031497833,0.00010352750625718475,46.09929078014229,1.1631615,1.164395496929113,1.1619275030708869,0.0021217980978790636,0.0007235714285714108,0.5853645508737481,0.0005158317356876996,0.0011183084294648094,0.000273727254883649,1
2026-05-27 01:00:00+00:00,1.16378,1.16391,1.1632500000000001,1.16337,1193,1.163434,1.1631170000000002,1.1631915000000002,1.1636264,1.1632457168213735,1.1632511395419511,-5.42272057768578e-06,-9.871520836751982e-05,9.329248778983404e-05,48.87218045112869,1.1631915000000002,1.1644145466703697,1.1619684533296306,0.0021029154191197974,0.0006899999999999684,0.7337779595393201,0.00018914155525950882,0.0012737866751584281,0.00023720988770438824,1
2026-05-27 02:00:00+00:00,1.16339,1.16383,1.16337,1.16381,1027,1.163576,1.16326,1.1632079999999998,1.1636296,1.1633325296180852,1.163292536618309,3.999299977630599e-05,-7.097356673875465e-05,0.00011096656651506065,57.729468599033844,1.1632079999999998,1.1644560823184753,1.1619599176815243,0.002145931455896981,0.0006828571428570962,0.9999999999955688,0.0006104376235920306,0.0012302345188321961,0.00023154065554764866,1
2026-05-27 03:00:00+00:00,1.1638,1.1642299999999999,1.16367,1.16384,799,1.163682,1.163405,1.1632159999999998,1.1636282,1.1634106019845336,1.163333089466287,7.751251824661409e-05,-4.12763497416809e-05,0.000118788867988295,68.36158192090686,1.1632159999999998,1.1644787855591616,1.161953214440838,0.002171197024734558,0.0006092857142856614,0.9999999999969879,0.0004555965305894638,0.0012474298643312398,0.00023066003182419564,1
2026-05-27 04:00:00+00:00,1.16382,1.16422,1.16379,1.16411,617,1.16378,1.163525,1.16324,1.1636351999999999,1.1635182016792207,1.1633906384011357,0.0001275632780850522,-7.508424176334272e-06,0.00013507170226138648,71.92513368984288,1.16324,1.1645531561016782,1.161926843898322,0.002257756097930174,0.000580714285714236,0.9999999999972798,0.00042109967171422014,0.0010318941276623583,0.0002059132980171167,1
2026-05-27 05:00:00+00:00,1.16411,1.16442,1.16385,1.16393,1000,1.1638119999999998,1.1636009999999999,1.1632245,1.1636396,1.1635815552670328,1.163430591116293,0.0001509641507397852,2.4186090806889635e-05,0.00012677805993289556,80.53892215568685,1.1632245,1.1644945679633727,1.1619544320366275,0.0021837022232124403,0.0005535714285713755,0.9999999999976057,0.0001374842107975116,0.0006533868652045527,0.0002158322399437638,0
2026-05-27 06:00:00+00:00,1.16395,1.16491,1.1637,1.16454,1698,1.164046,1.16374,1.1632465,1.163647,1.163729008302874,1.1635127695599894,0.0002162387428845669,6.25966212224251e-05,0.0001536421216621418,81.2138728323689,1.1632465,1.1645933446556014,1.1618996553443988,0.002315665090075593,0.0005649999999999425,0.9999999999976438,0.0010056989607776234,0.0011950307355026446,0.00025681585380761177,0
2026-05-27 07:00:00+00:00,1.16456,1.16485,1.16401,1.16406,1730,1.164096,1.163836,1.1632764999999998,1.16365,1.1637799301024319,1.163553305151731,0.00022662495070080446,9.540228711810099e-05,0.00013122266358270347,71.24681933842442,1.1632764999999998,1.164669312754259,1.1618836872457408,0.0023946374817320998,0.0005792857142856553,0.7415172791786014,0.00021481169606740735,0.000825380448800761,0.0003048164201678176,1
2026-05-27 08:00:00+00:00,1.16407,1.16469,1.16381,1.1644700000000001,1626,1.164222,1.1639519999999999,1.1633415,1.1636578,1.1638860947020577,1.1636212084793975,0.0002648862226601878,0.00012929907422651836,0.00013558714843366944,70.41884816754089,1.1633415,1.1648313431567061,1.161851656843294,0.0025613169593040105,0.0005864285714285116,0.7200449111272478,0.000541311520483978,0.000997154670724143,0.00031559221032299563,0
2026-05-27 09:00:00+00:00,1.16445,1.1648399999999999,1.1642299999999999,1.16446,1276,1.164292,1.1640359999999998,1.1634375,1.1636726,1.163974387824818,1.1636833411893488,0.0002910466354693053,0.00016164858647507577,0.00012939804899422954,68.06722689075724,1.1634375,1.1649570272810639,1.161917972718936,0.0026121339239348405,0.0005928571428570775,0.6590586360633353,0.00030065887244346,0.0007218851515100599,0.000311401596196467,0
2026-05-27 10:00:00+00:00,1.16445,1.16445,1.16357,1.16387,1496,1.1642800000000002,1.164046,1.1635075000000001,1.163663,1.1639583281594614,1.1636971677688883,0.0002611603905731119,0.000181550947294683,7.96094432784289e-05,58.6956521739141,1.1635075000000001,1.1649671737198508,1.1620478262801495,0.0025090920683376317,0.0006399999999999422,0.41601889190644187,-5.1549491807856285e-05,8.592763174863904e-05,0.0003596651353565503,0
2026-05-27 11:00:00+00:00,1.16388,1.16417,1.16327,1.16375,1797,1.164122,1.1640840000000001,1.1636005,1.163656,1.1639262776733905,1.1637010812677442,0.00022519640564633292,0.00019028003896501302,3.49163666813199e-05,57.719714964371335,1.1636005,1.1648478209184827,1.1623531790815174,0.0021438989042762958,0.0006685714285713676,0.39070921483646437,-0.0006783794459613857,0.0003266372693124797,0.0003410397050223071,0
2026-05-27 12:00:00+00:00,1.16376,1.16615,1.16344,1.16437,5588,1.164184,1.16414,1.1637,1.1636584,1.163994542646715,1.1637506308064558,0.00024391184025929213,0.00020100639922386888,4.290544103542325e-05,61.47186147186066,1.1637,1.1648511641704669,1.162548835829533,0.0019784552212200753,0.0008464285714285179,0.4880163115381991,0.00026630929677140536,0.00048117819919046845,0.0003613343993079378,0
2026-05-27 13:00:00+00:00,1.16438,1.16478,1.16374,1.16413,3654,1.164116,1.164169,1.163787,1.1636534,1.164015382239528,1.1637787322297695,0.00023665000975858774,0.00020813512133081266,2.851488842777508e-05,55.60439560439865,1.163787,1.1647723687527745,1.1628016312472254,0.0016933833300673603,0.000871428571428523,0.2706882516810867,-0.00029197832490313047,0.00024917514434985577,0.000370261995403216,0
2026-05-27 14:00:00+00:00,1.16413,1.1652,1.16247,1.16254,4690,1.163732,1.164012,1.1637685,1.1636084000000002,1.1637884003565238,1.1636869742820783,0.00010142607444540985,0.0001867933119537321,-8.536723750832224e-05,39.7328881469105,1.1637685,1.164833844520503,1.1627031554794969,0.0018308529926752764,0.0010349999999999606,0.0,-0.0016488329354380493,-0.0013486697992458607,0.0005647046641594192,1
2026-05-27 15:00:00+00:00,1.16252,1.1636,1.16223,1.16299,2925,1.1635560000000003,1.163918,1.1637595,1.1635908,1.1636655695324432,1.1636353465550078,3.022297743537905e-05,0.0001554792450500615,-0.00012525626761468244,46.8543046357611,1.1637595,1.1648489030233877,1.1626700969766124,0.001872213328248095,0.0010857142857142454,0.17167906072706912,-0.0007560981896603813,-0.0008076087049907477,0.0005880903722857046,0
2026-05-27 16:00:00+00:00,1.1630099999999999,1.1632500000000001,1.16239,1.16321,1679,1.163448,1.163785,1.1637625,1.1635716,1.1635954819120673,1.163603839401388,-8.357489320598432e-06,0.0001227118981759295,-0.00013106938749652794,44.845360824742784,1.1637625,1.164845145395607,1.162679854604393,0.001860595088099135,0.0011142857142856868,0.12324858526350731,-0.0004640171858216746,-0.0011420818520616605,0.0005586234224481193,0
2026-05-27 17:00:00+00:00,1.16323,1.16328,1.1622,1.16269,1620,1.1631120000000001,1.1636479999999998,1.163742,1.1635412,1.1634561770025185,1.1635361475910986,-7.997058858011385e-05,8.217540082472082e-05,-0.0001621459894048347,40.88748019017451,1.163742,1.1648909601706248,1.1625930398293753,0.001974596036964745,0.0011514285714285652,0.02783424868084149,-0.0014428403342579,-0.0011769152792812099,0.000560794516006004,0
2026-05-27 18:00:00+00:00,1.16267,1.16299,1.16224,1.1629,1203,1.162866,1.163491,1.1637215,1.1635174000000001,1.1633706113098232,1.1634890255455224,-0.000118414235699138,4.205747351994905e-05,-0.00016047170921908705,40.32000000000066,1.1637215,1.1649166176995542,1.162526382300446,0.002053958270177461,0.001174285714285715,0.01415375882565697,-0.001056583027668756,-0.0013482528532294813,0.0005472833379273815,0
2026-05-27 19:00:00+00:00,1.1629,1.16317,1.16266,1.16288,962,1.1629340000000001,1.163333,1.1636845,1.1634892000000001,1.1632951326467735,1.1634439125405625,-0.00014877989378891954,3.8900000581753214e-06,-0.00015266989384709486,41.379310344827836,1.1636845,1.1649372775456746,1.1624317224543255,0.002153122338012655,0.0011700000000000044,0.039691010481015414,0.0002924630550347196,-0.0013568521031208647,0.000547069475569491,0
2026-05-27 20:00:00+00:00,1.16286,1.16304,1.16256,1.16259,645,1.162854,1.163205,1.1636255,1.1634548,1.1631866507011162,1.1633806597577185,-0.00019400905660238443,-3.5689811273936644e-05,-0.0001583192453284478,33.102253032929994,1.1636255,1.1649691709340264,1.1622818290659735,0.002309455978794605,0.0011178571428571546,0.0,-0.0003439410485042149,-0.0010997791849605143,0.0005335638631600761,0
2026-05-27 21:00:00+00:00,1.16258,1.16283,1.16241,1.16271,610,1.162754,1.163101,1.1635925,1.163425,1.1631133198240213,1.1633309812556478,-0.00021766143162649243,-7.208413534444782e-05,-0.0001455772962820446,37.52310536044223,1.1635925,1.1649937757345403,1.1621912242654597,0.0024085334591625453,0.0010878571428571643,0.11846880219251509,-0.0004298449978938912,-0.0008936627282493115,0.0005378280849689293,0
2026-05-27 22:00:00+00:00,1.16288,1.163,1.16256,1.16256,519,1.162728,1.1629200000000002,1.1635300000000002,1.1633916,1.1630281936972489,1.1632738715314117,-0.0002456778341628496,-0.00010680287510812819,-0.00013887495905472142,31.456310679610837,1.1635300000000002,1.1650002380759599,1.1620597619240405,0.0025272026951770822,0.0010564285714285931,0.0,-0.0001118096827185111,-0.001554488693456424,0.0004915047414533314,0
2026-05-27 23:00:00+00:00,1.16256,1.16286,1.16158,1.16172,848,1.1624919999999999,1.162679,1.163424,1.1633482000000002,1.1628269331284413,1.1631587699335146,-0.0003318368050733156,-0.00015180966110116568,-0.0001800271439721499,27.090301003344294,1.163424,1.1650924616299245,1.1617555383700755,0.0028681918714492933,0.0011042857142857323,0.0,-0.0010147046177658714,-0.0020702155257574795,0.0005235086127263886,0
2026-05-28 00:00:00+00:00,1.16172,1.16233,1.16163,1.16204,1380,1.162324,1.1626290000000001,1.1633205,1.163308,1.1627058664932965,1.1630758980846025,-0.00037003159130599705,-0.00019545404714213196,-0.0001745775441638651,33.97548161120747,1.1633205,1.1650648741148726,1.1615761258851274,0.0029989570627743677,0.0010907142857143099,0.20025794391002114,-0.000722344523940488,-0.0004300927279921041,0.00034758735247497277,0
2026-05-28 01:00:00+00:00,1.16205,1.16209,1.16092,1.16099,1308,1.162004,1.162429,1.1631734999999999,1.1632562,1.1624418870327893,1.1629213871119457,-0.00047950007915642523,-0.00025226325354499063,-0.0002272368256114346,29.21686746987804,1.1631734999999999,1.1651777615125114,1.1611692384874883,0.003446195279571862,0.0011100000000000396,0.061851947309805325,-0.0013762375385991676,-0.0017197052425214077,0.0004050373777517651,0
2026-05-28 02:00:00+00:00,1.16099,1.16149,1.16094,1.16124,940,1.16171,1.162232,1.1630085000000001,1.1632042,1.162256981335437,1.1627968399159103,-0.0005398585804732292,-0.0003097823189306384,-0.00023007626154259082,25.0398724082946,1.1630085000000001,1.1650812634744625,1.1609357365255377,0.003564485512294005,0.0009557142857143137,0.0,-0.00126428774156917,-0.0016935892917013806,0.00040770574775860825,0
2026-05-28 03:00:00+00:00,1.16124,1.16134,1.15868,1.15868,1959,1.160934,1.161831,1.1627395,1.1631108000000001,1.1617066765146007,1.1624918888052291,-0.0007852122906284453,-0.00040486831327019983,-0.0003803439773582455,18.277066356228318,1.1627395,1.1655149826986573,1.1599640173013428,0.004774040442691143,0.001071428571428612,0.0,-0.0033374621524911996,-0.003448898674625278,0.0007638934896248476,1
2026-05-28 04:00:00+00:00,1.15868,1.15924,1.1586,1.15917,1449,1.160424,1.161458,1.1624745,1.1630272,1.1613164185892775,1.1622458229634722,-0.0009294043741947533,-0.0005097755254551107,-0.0004196288487396426,27.50333778371312,1.1624745,1.1655501392574765,1.1593988607425236,0.005291538450910446,0.0009221428571428872,0.32285385092864055,-0.002195021175498413,-0.0032074984951414587,0.0007859459686283373,1
2026-05-28 05:00:00+00:00,1.15919,1.16017,1.15887,1.15989,1416,1.159994,1.161159,1.1622460000000001,1.1629538000000001,1.1610969695755424,1.1620713175559256,-0.0009743479803832056,-0.0006026900164407298,-0.0003716579639424758,30.025773195877605,1.1622460000000001,1.1653790523203635,1.1591129476796367,0.005391375526976952,0.0009171428571428862,0.44220779220616574,-0.0018501944855597863,-0.0025712025316454445,0.0008375819441310087,1
2026-05-28 06:00:00+00:00,1.15987,1.1611799999999999,1.15981,1.16098,1647,1.1599920000000001,1.160998,1.1621015,1.1629144,1.1610789742562282,1.1619904792172293,-0.0009115049610011194,-0.0006644530053528078,-0.00024705195564831165,37.07995365005679,1.1621015,1.1651853750401386,1.1590176249598612,0.005307410824508426,0.0009535714285714425,0.8138987408766836,-8.61333861623681e-06,-0.0013848390232155117,0.000919231065168852,1
2026-05-28 07:00:00+00:00,1.16099,1.16174,1.16098,1.16113,1773,1.15997,1.1608399999999999,1.1619705,1.1628816,1.1610868243706547,1.1619267400150621,-0.0008399156444074407,-0.0006995455331637344,-0.00014037011124370632,40.556900726392136,1.1619705,1.1649812489888265,1.1589597510111735,0.0051821435894051915,0.0009307142857142926,0.9644013101524692,-9.472632702978157e-05,-0.0013588943072648796,0.0009200256366792796,1
2026-05-28 08:00:00+00:00,1.16116,1.16167,1.16065,1.1615199999999999,1665,1.160538,1.160736,1.161828,1.1628424,1.1611534667751695,1.1618966111246676,-0.0007431443494980705,-0.0007082652964306017,-3.487905306746885e-05,41.824644549761885,1.161828,1.1646225857427754,1.1590334142572247,0.004810670327751366,0.0009500000000000064,0.9999999999957534,0.0024510650050055816,-0.000894577484172987,0.0009320618762714021,1
2026-05-28 09:00:00+00:00,1.16153,1.16189,1.16127,1.16129,1383,1.160962,1.160693,1.161686,1.1627946,1.1611744718866819,1.1618516769667462,-0.0006772050800643026,-0.0007020532531573419,2.484817309303931e-05,40.80924855491298,1.161686,1.1642686579536021,1.1591033420463979,0.00444639593418898,0.0009578571428571532,0.9568789628131088,0.0018288948126676807,-0.0003701408256724381,0.0009068722910336295,1
2026-05-28 10:00:00+00:00,1.16126,1.16154,1.16036,1.16036,1828,1.1610559999999999,1.160525,1.1615769999999999,1.1627292,1.1610491685195001,1.161741182375391,-0.000692013855890794,-0.0007000453737040324,8.031517813238392e-06,37.9978471474701,1.1615769999999999,1.164191712221267,1.1589622877787327,0.004502004122442491,0.0010078571428571476,0.837486582657302,0.00040521083895894705,-0.0014457333654606108,0.0009293058905387963,1
2026-05-28 11:00:00+00:00,1.16035,1.16225,1.16033,1.1616900000000001,1746,1.161198,1.160595,1.1615119999999999,1.1626782,1.1611477579780385,1.161737391088286,-0.0005896331102475116,-0.0006779629210127283,8.832981076521663e-05,45.14285714285798,1.1615119999999999,1.1640420767618982,1.1589819232381016,0.004356522811470419,0.001114999999999993,0.9999999999962779,0.0006115523092562469,0.0006029337031328019,0.0009684527299222889,1
2026-05-28 12:00:00+00:00,1.1616900000000001,1.16381,1.16153,1.1636199999999999,2767,1.1616959999999998,1.160833,1.1615325,1.1626686,1.161528102904494,1.1618768436015914,-0.00034874069709744937,-0.0006121184762296725,0.0002633777791322231,54.31596091205159,1.1615325,1.164126345955748,1.1589386540442521,0.0044662477472614225,0.001246428571428569,0.9999999999972252,0.002144462721658913,0.002049533257552083,0.0010939351240132,1
2026-05-28 13:00:00+00:00,1.1636199999999999,1.16428,1.1629,1.16303,2667,1.161998,1.161268,1.1615495,1.16266,1.1617591639961102,1.1619622625948185,-0.0002030985987082623,-0.0005303145007253905,0.00032721590201712815,55.444721529509444,1.1615495,1.1641794927956761,1.158919507204324,0.004528421381398048,0.0012535714285714253,0.9999999999973095,0.0013000206625801702,0.00375427210273771,0.0007588135026168752,1
2026-05-28 14:00:00+00:00,1.16303,1.16577,1.16266,1.16474,7323,1.162688,1.1618249999999999,1.1616415,1.1626914000000002,1.1622177541505547,1.1621680209228062,4.973322774848299e-05,-0.00041430495503061573,0.0004640381827790987,60.059612518629635,1.1616415,1.1645809326341268,1.1587020673658732,0.005060825795439937,0.0014257142857142682,0.9999999999976066,0.00297083415856525,0.004805162314414746,0.0008346487421471372,1
2026-05-28 15:00:00+00:00,1.16476,1.16566,1.16472,1.16479,2757,1.163574,1.162315,1.161737,1.1627364,1.1626134842812386,1.1623622415966575,0.0002512426845810989,-0.0002811954271082728,0.0005324381116893716,65.29790660225495,1.161737,1.1649566116143737,1.1585173883856263,0.0055427547101859955,0.0014092857142856843,0.9999999999978733,0.003817780688751604,0.004224538533826427,0.0008437475258761579,1
2026-05-28 16:00:00+00:00,1.16479,1.16611,1.16453,1.16566,2364,1.164368,1.1627830000000001,1.1618905,1.1628002000000002,1.163082179007202,1.162606519998613,0.0004756590085888135,-0.00012982453996885547,0.000605483548557669,66.94785276073634,1.1618905,1.1655447432437165,1.1582362567562834,0.0062901680385828935,0.0014828571428571191,0.9999999999979453,0.0034174349439177742,0.004031077193405563,0.0008327312109862727,0
2026-05-28 17:00:00+00:00,1.16568,1.16572,1.16507,1.16532,1407,1.164708,1.163202,1.1620209999999997,1.1628688,1.1634264591599401,1.1628075185185356,0.0006189406414045528,1.9928496305826243e-05,0.0005990121450987267,80.68391866913288,1.1620209999999997,1.1659727718877313,1.1580692281122682,0.006801549864815779,0.0013392857142856857,0.9999999999981196,0.0014609580447224602,0.003608553736446307,0.000858332454979057,0
2026-05-28 18:00:00+00:00,1.16532,1.16551,1.16465,1.16479,1750,1.16506,1.163529,1.1621324999999998,1.162917,1.1636362346737954,1.1629543689995243,0.0006818656742710871,0.00015231593189887847,0.0005295497423722087,75.87476979742344,1.1621324999999998,1.1662697906211965,1.157995209378803,0.007120170240823179,0.0013549999999999793,0.9050666220235221,0.0015132885652131556,0.0028152765341966646,0.0008964360997082751,1
2026-05-28 19:00:00+00:00,1.16476,1.16513,1.16462,1.16477,1116,1.165066,1.163877,1.162285,1.1629646,1.1638106601085962,1.1630888601854914,0.0007217999231048378,0.00026621273014007036,0.0004555871929647674,74.01574803149828,1.162285,1.1665801061502756,1.1579898938497244,0.007390796836018047,0.0012985714285714187,0.8470742136683651,2.5756821264710794e-05,0.002996667499074457,0.0008874661013505785,1
2026-05-28 20:00:00+00:00,1.16474,1.16495,1.16448,1.16492,646,1.165092,1.1643329999999998,1.162429,1.1630048,1.1639813277841966,1.1632245001724484,0.0007568276117482231,0.00036433570646170096,0.00039249190528652214,71.36659436008911,1.162429,1.1668798113985304,1.1579781886014695,0.007657777633783104,0.0012342857142857116,0.7817244834912136,0.00011160810103105767,0.003929814885035521,0.0008041654626491994,0
2026-05-28 21:00:00+00:00,1.16489,1.16513,1.16478,1.16512,759,1.164984,1.1646759999999998,1.1626355,1.1630437999999998,1.1641565081250895,1.16336490756775,0.0007916005573396223,0.00044978867663728533,0.000341811880702337,71.52103559870748,1.1626355,1.1671872861155952,1.1580837138844047,0.007830117204567137,0.0012049999999999958,0.7853425545179566,-0.00046325686735415594,0.0029525949263571327,0.0007605573417729043,0
2026-05-28 22:00:00+00:00,1.16512,1.16519,1.16497,1.16499,414,1.164918,1.1648129999999999,1.162823,1.1630806,1.1642847376443066,1.163485284785484,0.0007994528588226579,0.0005197215130743599,0.000279731345748298,69.25638179800467,1.162823,1.167441206988593,1.1582047930114068,0.00794309536119111,0.001147857142857129,0.7322888599527817,-0.00028318401812377214,0.0011773603066294047,0.0005953968432177905,0
2026-05-28 23:00:00+00:00,1.16499,1.1653,1.16498,1.16522,484,1.165004,1.165032,1.1631500000000001,1.1631230000000001,1.164428624160567,1.1636137822093056,0.0008148419512614691,0.0005787456007117817,0.00023609635054968735,71.8091009988923,1.1631500000000001,1.1674480974983443,1.158851902501656,0.007390444049940591,0.00112642857142856,0.7920910181248256,0.00036916525725660954,0.0018830124760322864,0.0005534457950305406,0
2026-05-29 00:00:00+00:00,1.16523,1.16555,1.16473,1.16483,1075,1.165016,1.165041,1.163433,1.1631534000000001,1.1644903742897106,1.163703872416364,0.0007865018733466123,0.0006202968552387479,0.00016620501810786438,76.38724911452452,1.163433,1.167356747403212,1.1595092525967878,0.0067451196643246464,0.0011007142857142802,0.879106887352821,5.151231573607973e-05,7.727046379435443e-05,0.00034332641809017216,0
2026-05-29 01:00:00+00:00,1.16485,1.16564,1.16433,1.16445,1462,1.164922,1.165007,1.163661,1.16317,1.1644841628605243,1.1637591411264563,0.0007250217340679654,0.0006412418310045915,8.377990306337394e-05,68.35106382978863,1.163661,1.1672319877743014,1.1600900122256987,0.006137505294585476,0.0010571428571428518,0.532278724313209,-0.00040346118188372415,-0.0002918981103889884,0.0003586324929342747,1
2026-05-29 02:00:00+00:00,1.16445,1.16491,1.16433,1.16445,863,1.164788,1.1648859999999999,1.1638344999999999,1.1631836,1.1644789070358281,1.1638103158579958,0.0006685911778323561,0.0006467117003701445,2.1879477462211625e-05,57.423971377461626,1.1638344999999999,1.1671875659968067,1.160481434003193,0.005762101049258891,0.000935714285714262,0.07841968335978022,-0.0005750480637186639,-0.0010380385361082878,0.00023578709455533532,0
2026-05-29 03:00:00+00:00,1.16445,1.1645,1.16356,1.1637,1006,1.1645299999999998,1.164724,1.1639629999999999,1.1631901999999998,1.1643590751841624,1.1638021443129345,0.0005569308712278787,0.0006287555345416913,-7.182466331381269e-05,55.82608695652182,1.1639629999999999,1.167067428754977,1.1608585712450228,0.005334239584895866,0.0009042857142857067,0.0,-0.0011073056421084804,-0.0013901760889711845,0.0002876198386826229,0
2026-05-29 04:00:00+00:00,1.16368,1.16391,1.16341,1.1639,840,1.164266,1.164635,1.164082,1.163192,1.1642884482327527,1.163809392882367,0.00047905535038572644,0.0005988154977104984,-0.00011976014732477196,40.09433962263795,1.164082,1.1669668249057492,1.161197175094251,0.004956394662487952,0.0007178571428571352,0.0,-0.0011328332847015954,-0.0007640862301359075,0.00027933248826551854,1
2026-05-29 05:00:00+00:00,1.16392,1.16433,1.16379,1.16419,821,1.164138,1.164577,1.164227,1.163199,1.1642733023507907,1.163837586002264,0.0004357163485266824,0.0005661956678737352,-0.00013047931934705278,43.303571428571566,1.164227,1.1667950801758238,1.161658919824176,0.004411648545900214,0.0006892857142857098,0.0790654123869963,-0.0005494363984444028,-0.0004979523854494738,0.0002977002589541998,1
2026-05-29 06:00:00+00:00,1.1642000000000001,1.16541,1.1642000000000001,1.16534,1543,1.1643160000000001,1.164619,1.164476,1.1632236,1.1644374096814383,1.1639488759282872,0.0004885337531510547,0.0005506632849291991,-6.212953177814437e-05,46.63865546218593,1.164476,1.166332509458204,1.1626194905417961,0.003188574875229589,0.00066357142857143,0.16123142918125388,0.0007643093305853554,0.00036053977955585736,0.0004432862342549196,0
2026-05-29 07:00:00+00:00,1.16532,1.16532,1.16377,1.16419,1862,1.164264,1.164526,1.164601,1.1632288,1.1643993466535245,1.1639667369706757,0.00043260968284886125,0.0005270525645131315,-9.444288166427027e-05,39.856373429085025,1.164601,1.1659291550321595,1.1632728449678404,0.0022808756512480246,0.000729285714285718,0.0,-0.00022328137747429366,-0.0007982010436692333,0.000543896133135136,1
2026-05-29 08:00:00+00:00,1.16417,1.16417,1.16248,1.16279,2074,1.164082,1.164306,1.1645595,1.1631938,1.1641517548606746,1.1638795712689662,0.0002721835917083304,0.0004760787699521713,-0.0002038951782438409,34.47204968944045,1.1645595,1.1660577020803824,1.1630612979196175,0.002572993617556556,0.000790000000000005,0.0,-0.0007819884850046588,-0.0018884282268517572,0.000650054041224117,1
2026-05-29 09:00:00+00:00,1.1628,1.16426,1.16265,1.16411,1699,1.1641240000000002,1.1641949999999999,1.1646135,1.1631948,1.1641453310359555,1.16389664006389,0.00024869097206559054,0.0004306012103748552,-0.00018191023830926465,45.736434108526375,1.1646135,1.1659485541088888,1.1632784458911112,0.0022926990093946,0.0008685714285714408,0.26874223607577297,0.00018042787181027364,-0.0009526098075899325,0.0007687668383093879,1
2026-05-29 10:00:00+00:00,1.16413,1.1645,1.16376,1.16427,1416,1.1641400000000002,1.164139,1.16459,1.1631908,1.164164510876578,1.163924296355502,0.00024021452107580998,0.00039252387251504614,-0.00015230935143923616,45.806451612902926,1.16459,1.1659322055689987,1.1632477944310013,0.0023050267802379666,0.0008878571428571704,0.27041269226676706,6.871730559443456e-05,-0.000480756848638908,0.0007669084896207806,1
2026-05-29 11:00:00+00:00,1.16425,1.1648,1.1639599999999999,1.16473,1716,1.164018,1.1641670000000002,1.1645869999999998,1.1631962,1.1642515092032582,1.1639839781070431,0.00026753109621502347,0.00036752531725504163,-9.999422104001816e-05,47.565543071161756,1.1645869999999998,1.1659275906003965,1.163246409399603,0.0023022592565376523,0.0009228571428571776,0.31238055791890823,-0.0005234523829955595,0.00024045686804941013,0.0007717205572753211,1
2026-05-29 12:00:00+00:00,1.16475,1.16487,1.16408,1.16487,1872,1.164154,1.164209,1.1645474999999998,1.1632162000000001,1.164346661633526,1.1640496093584718,0.000297052275054277,0.00035343070881488874,-5.637843376061173e-05,49.25187032419018,1.1645474999999998,1.1657985353606761,1.1632964646393236,0.0021485347067015785,0.0009635714285714762,0.35261243743169474,0.0005840970975528048,0.0003606853020741152,0.0007722357393540242,1
2026-05-29 13:00:00+00:00,1.16489,1.1653,1.16446,1.16471,2245,1.1645379999999999,1.16431,1.164517,1.1632354,1.1644025598437526,1.164098527183838,0.0003040326599146326,0.00034355109903483756,-3.9518439120204984e-05,46.79245283018875,1.164517,1.1657174578074,1.1633165421926,0.0020617265482600587,0.001000714285714323,0.2939364075492334,0.0016512009907205805,0.0008679212855546847,0.0007385166335122346,1
2026-05-29 14:00:00+00:00,1.1647,1.16742,1.16403,1.16682,4141,1.1650800000000001,1.164602,1.1646185,1.1632843999999998,1.1647744737139445,1.164300117763072,0.0004743559508724182,0.0003697120694023537,0.0001046438814700645,60.28955532574887,1.1646185,1.166199203041447,1.163037796958553,0.002714542215235244,0.0011842857142857488,0.7620500859109971,0.0023279586980611278,0.0025088065985050534,0.0009193506009772368,0
2026-05-29 15:00:00+00:00,1.16681,1.16855,1.1667,1.16777,3960,1.1657799999999998,1.16496,1.1647685,1.1633571999999999,1.1652353239117992,1.1645571460772246,0.0006781778345745781,0.00043140522243679863,0.0002467726121377795,66.2109374999992,1.1647685,1.1668874597745802,1.16264954022542,0.003638422183601459,0.0012228571428571763,0.9999999999968493,0.0030061755434735993,0.0030750994253514463,0.0009364303967625655,0
2026-05-29 16:00:00+00:00,1.16777,1.16789,1.1666400000000001,1.16719,2099,1.166272,1.1651449999999999,1.164882,1.1634502,1.165536043309984,1.1647521722939416,0.0007838710160423812,0.0005018983811579152,0.000281972634884466,62.66173752310462,1.164882,1.1672622043255882,1.1625017956744117,0.004086601605292683,0.0012707142857143314,0.8881750363097893,0.0021120774771834494,0.0015875195221994876,0.0009342589785080484,0
2026-05-29 17:00:00+00:00,1.16718,1.1673,1.16619,1.16622,1497,1.166542,1.165348,1.164937,1.1635148000000002,1.1656412674161403,1.1648609002722792,0.0007803671438610937,0.0005575921336985509,0.00022277501016254283,61.413043478260825,1.164937,1.1673900805552397,1.16248391944476,0.004211524838235631,0.0012828571428571728,0.8488323204498955,0.001158927605655613,0.0017437016294590268,0.0009141110612492576,0
2026-05-29 18:00:00+00:00,1.16622,1.16683,1.16604,1.1663999999999999,1527,1.16688,1.165709,1.1650075000000002,1.1635786,1.1657579955059647,1.1649749076596254,0.0007830878463392921,0.0006026912762266992,0.00018039657011259286,61.34301270417373,1.1650075000000002,1.16754653317695,1.1624684668230505,0.004358827178279454,0.0013035714285714675,0.8466258545363806,0.0014510049711944362,0.0031046018627609584,0.0007774680402194049,0
2026-05-29 19:00:00+00:00,1.16641,1.1669100000000001,1.16635,1.16646,1346,1.166808,1.165944,1.1650695,1.163654,1.1658659961973548,1.1650849144997495,0.0007810816976052681,0.000638369360502413,0.0001427123371028551,60.51899907321562,1.1650695,1.1676896444315288,1.1624493555684712,0.004497833702674053,0.001305000000000048,0.8206635827682631,-0.000308530878798674,0.0020187095721195814,0.0007233564284541266,0
2026-05-29 20:00:00+00:00,1.16648,1.16648,1.16585,1.16604,800,1.166462,1.166121,1.16513,1.1637168,1.1658927660131464,1.1651556615738996,0.000737104439246794,0.0006581163762512893,7.898806299550475e-05,53.479125248508424,1.16513,1.167782538010039,1.162477461989961,0.004553205238967433,0.0012628571428571847,0.598857643420161,-0.0014814561086515798,0.0015202659176996036,0.0007450668150980577,0
2026-05-31 21:00:00+00:00,1.16543,1.16597,1.16531,1.16597,223,1.166218,1.166245,1.165206,1.1637785999999999,1.16590464816497,1.165215982938841,0.0006886652261288706,0.0006642261462268056,2.4439079902065014e-05,59.91091314031073,1.165206,1.1678636000253424,1.1625483999746575,0.0045615968770199135,0.0012028571428571722,0.8015045644519164,-0.00104524541848372,0.0010646244193932564,0.0007424752114680524,0
2026-05-31 22:00:00+00:00,1.1660300000000001,1.16604,1.16513,1.16541,806,1.166056,1.166299,1.165254,1.163835,1.1658285484472823,1.165230354573011,0.0005981938742714021,0.000651019691835725,-5.2825817564322824e-05,66.093366093366,1.165254,1.1678886868384695,1.1626193131615306,0.004522081603615105,0.0011457142857143054,0.994257667476243,-0.0006945516283376474,0.0004635710422622452,0.000765193443558309,0
2026-05-31 23:00:00+00:00,1.16541,1.16557,1.16483,1.1648399999999999,935,1.1657440000000001,1.166312,1.165311,1.1638776,1.1656764640707773,1.165201439419436,0.00047502465134119376,0.0006158206837368188,-0.00014079603239562503,54.93910690121687,1.165311,1.1678517823080308,1.1627702176919692,0.004360693940125489,0.0010835714285714376,0.44758075938804426,-0.001337448559670773,0.00011161576701490539,0.0007824787996236534,0
2026-06-01 00:00:00+00:00,1.1648399999999999,1.16534,1.16446,1.16476,1519,1.1654039999999999,1.1661059999999999,1.165354,1.1639216000000001,1.1655354695983502,1.165168740203162,0.00036672939518811454,0.000566002426027078,-0.00019927303083896346,53.35157318741502,1.165354,1.1678223120164366,1.1628856879835634,0.004236158311442879,0.001093571428571424,0.33777714732755804,-0.001457401025324545,-0.0017654822509041157,0.0004622052550995256,1
2026-06-01 01:00:00+00:00,1.16473,1.1648,1.16418,1.1644700000000001,1136,1.16509,1.165776,1.1653680000000002,1.1639765999999998,1.165371551198604,1.165116981669566,0.0002545695290381289,0.0005037158466292882,-0.0002491463175911593,48.17927170868402,1.1653680000000002,1.167811565987814,1.1629244340121863,0.004193638383435829,0.0010778571428571304,0.07141746135547788,-0.0013464375150079588,-0.002825898935577942,0.0003042815008066161,1
2026-06-01 02:00:00+00:00,1.1644700000000001,1.16468,1.16433,1.16462,663,1.16482,1.1655190000000002,1.165332,1.1640282,1.1652559279372803,1.165080168212542,0.00017575972473826695,0.00043812462225108396,-0.000262364897512817,48.251748251747664,1.165332,1.167798410987215,1.162865589012785,0.00423297564507798,0.0010464285714285434,0.07514980938858411,-0.0011578342495947025,-0.002201869447133631,0.00031937115024932046,1
2026-06-01 03:00:00+00:00,1.16464,1.16488,1.16414,1.16435,964,1.164608,1.1653319999999998,1.16534,1.1640954000000001,1.1651165544084678,1.165026081678254,9.047273021378643e-05,0.00036859424384362447,-0.00027812151362983803,47.52066115702531,1.16534,1.1677918092138282,1.162888190786172,0.004207886477471208,0.001039285714285687,0.0,-0.0009095511450906146,-0.001603471043199467,0.00023787405923566456,1
2026-06-01 04:00:00+00:00,1.16435,1.16483,1.16431,1.1648,577,1.1646,1.165172,1.1654404999999999,1.1641666000000002,1.165067853730242,1.165009334887265,5.8518842976917895e-05,0.0003065791636702832,-0.0002480603206933653,31.96428571428595,1.1654404999999999,1.167599500499734,1.1632814995002658,0.0037050377084614002,0.0008342857142856922,0.0,-3.433948010012067e-05,-0.001371742112482699,0.00027966260986514923,1
2026-06-01 05:00:00+00:00,1.16482,1.16532,1.16476,1.1651,903,1.164668,1.165036,1.1654900000000001,1.1642949999999999,1.1650727993102046,1.1650160508215444,5.6748488660218754e-05,0.0002566130286682703,-0.00019986454000805152,23.030303030302377,1.1654900000000001,1.1675642937923059,1.1634157062076944,0.0035595222478197594,0.0007421428571428341,0.0,0.0002919056286274646,-0.0011659208202595694,0.00030182930115428753,0
2026-06-01 06:00:00+00:00,1.16512,1.16644,1.16499,1.16643,1973,1.16506,1.165075,1.165598,1.1644402,1.165281599416327,1.1651207877977656,0.00016081161856140724,0.00023745274664689766,-7.664112808549042e-05,43.333333333334245,1.165598,1.1676293189907196,1.1635666810092802,0.0034854538026313237,0.0007564285714285468,0.47147204260068504,0.0016831691670888826,0.0003344653699701716,0.0004851219596886881,0
2026-06-01 07:00:00+00:00,1.16641,1.16646,1.16517,1.16564,1882,1.165264,1.1650420000000001,1.1656435,1.1645552,1.1653367379676614,1.1651592479609074,0.00017749000675393312,0.0002254601986683048,-4.797019191437167e-05,44.74637681159395,1.1656435,1.167633297926782,1.163653702073218,0.003414076305117302,0.0007692857142856946,0.5042853953384383,0.0008758221565832169,-0.00028302614990094455,0.0005350502664745654,0
2026-06-01 08:00:00+00:00,1.16566,1.16601,1.16531,1.16575,1537,1.1655440000000001,1.165076,1.1656875,1.1646506,1.1654003167418672,1.1652030073712245,0.00019730937064266207,0.00021983003306317626,-2.2520662420514188e-05,44.03669724770829,1.1656875,1.1676439185861318,1.1637310814138682,0.0033566776449637232,0.0007628571428571128,0.4878053887294166,0.0012023875982307697,0.00029174282012345287,0.0005114359822916699,0
2026-06-01 09:00:00+00:00,1.16575,1.16604,1.16479,1.16506,1562,1.165596,1.165098,1.165705,1.1647292,1.1653479603200414,1.1651924142326122,0.0001555460874291814,0.0002069732439363773,-5.1427156507195896e-05,38.48684210526277,1.165705,1.1676306222507498,1.1637793777492502,0.0033037899824565737,0.0008121428571428169,0.3589279994386186,0.00022321428571414614,0.00018886714055166287,0.0005238942343533699,0
2026-06-01 10:00:00+00:00,1.1650800000000001,1.16509,1.16458,1.16474,1154,1.165524,1.1650960000000001,1.165601,1.1647936,1.1652544279631118,1.1651589020672244,9.552589588746052e-05,0.00018468377432659394,-8.915787843913342e-05,39.13043478260966,1.165601,1.1674975220245039,1.1637044779754964,0.003254153049806484,0.0008035714285713956,0.3738733524062626,-0.0003089863531026138,-1.7170919330955492e-05,0.0005317160895632567,0
2026-06-01 11:00:00+00:00,1.16474,1.16482,1.16413,1.1646,1372,1.165158,1.1651090000000002,1.1654425,1.1648598,1.1651537467380177,1.165117501914086,3.624482393171924e-05,0.000154995984247619,-0.00011875116031589977,38.67768595041408,1.1654425,1.1670891728815722,1.1637958271184277,0.002825832903077201,0.0008007142857142499,0.3633597288971429,-0.0015688896890512227,0.00011163877128650412,0.0005265935120631188,0
2026-06-01 12:00:00+00:00,1.1646,1.16505,1.16448,1.1647,1796,1.1649699999999998,1.165117,1.165318,1.1649466,1.1650839395475534,1.1650865758463687,-2.636298815250626e-06,0.00012346952763504508,-0.0001261058264502957,43.64937388193211,1.165318,1.1667738282142601,1.16386217178574,0.002498593884690782,0.000776428571428535,0.6461875203777163,-0.0008064239387803873,6.869193384972938e-05,0.0005257028821502427,0
2026-06-01 13:00:00+00:00,1.1647,1.16479,1.16097,1.16098,5164,1.164016,1.16478,1.165056,1.1649324,1.1644525642325452,1.1647823850428674,-0.0003298208103221789,3.281146004360025e-05,-0.0003626322703657792,27.917620137299835,1.165056,1.1674268350738375,1.1626851649261627,0.004069907496012889,0.0009964285714285331,0.16118444516529898,-0.0040917864036029705,-0.0028943187185984653,0.0011449837654270137,1
2026-06-01 14:00:00+00:00,1.16095,1.16181,1.16065,1.16173,3794,1.16335,1.1644729999999999,1.1648225,1.1648946,1.1640337081967689,1.1645562824470537,-0.0005225742502847908,-7.826568202207798e-05,-0.0004443085682627128,33.90010626992539,1.1648225,1.1675317269241043,1.1621132730758958,0.004651742087921973,0.0010164285714285373,0.4309746386118088,-0.0028582218941514137,-0.0026356456043956644,0.0011647712807909862,1
2026-06-01 15:00:00+00:00,1.16174,1.16285,1.1615,1.16227,3170,1.1628560000000001,1.16419,1.1646130000000001,1.1648794,1.163762368474189,1.1643869281916845,-0.000624559717495643,-0.00018752448911679104,-0.00043703522837885197,38.61283643892262,1.1646130000000001,1.1674347433953949,1.1617912566046054,0.004845804392351382,0.001068571428571387,0.6178287275666878,-0.002120644950804662,-0.002428976053557741,0.0011768505008383316,1
2026-06-01 16:00:00+00:00,1.16229,1.16303,1.16162,1.16295,2068,1.1625260000000002,1.163842,1.1644584999999998,1.1648436,1.163637388708929,1.164280489066356,-0.0006431003574269845,-0.0002786396627788298,-0.00036446069464815463,41.805691854759566,1.1644584999999998,1.167289622336494,1.1616273776635058,0.004862556006064749,0.0011442857142856771,0.766644110601778,-0.0014167954662546167,-0.002983462359507305,0.0011157008673637352,1
2026-06-01 17:00:00+00:00,1.16295,1.16378,1.16247,1.16343,2285,1.1622720000000002,1.163621,1.1643315,1.1648164,1.1636054827537092,1.1642174898762456,-0.0006120071225363954,-0.000345313154730343,-0.00026669396780605245,45.576923076923094,1.1643315,1.1671044161924795,1.1615585838075206,0.004763104309175583,0.0011849999999999758,0.9999999999955648,-0.0010904095475230413,-0.0018959541539411706,0.0011277307567744337,0
2026-06-01 18:00:00+00:00,1.16344,1.16351,1.16305,1.16307,978,1.16269,1.163353,1.1642145,1.1647646,1.1635231007916,1.1641324906261408,-0.00060938983454073,-0.00039812849069242043,-0.0002112613438483096,41.6100872938896,1.1642145,1.1669932727317518,1.161435727268248,0.004773643914848795,0.0011807142857142652,0.8240607339408973,0.0018002032765422893,-0.0022989491743512502,0.0011236716316927358,1
2026-06-01 19:00:00+00:00,1.16306,1.16334,1.16265,1.16315,1095,1.1629739999999997,1.163162,1.16413,1.1647211999999998,1.1634657006698155,1.1640597135427129,-0.0005940128728973981,-0.000437305367133416,-0.00015670750576398214,40.336967294350394,1.16413,1.1669313756019413,1.161328624398059,0.004812822626237891,0.0011899999999999927,0.7032750499519539,0.0012223149957391044,-0.0016394005458947314,0.0011194155426258547,0
2026-06-01 20:00:00+00:00,1.16313,1.16337,1.163,1.16311,612,1.1631420000000001,1.162999,1.1640475000000001,1.1646876,1.163410977489844,1.1639893643913917,-0.0005783869015476562,-0.00046552167401626407,-0.00011286522753139208,31.136363636363527,1.1640475000000001,1.166867876048088,1.1612271239519123,0.004845809209826617,0.0011128571428571377,0.18226900065366528,0.0007227236356441846,-0.0013994539553892071,0.0011193429398978166,0
2026-06-01 21:00:00+00:00,1.16312,1.16345,1.16294,1.16337,421,1.163226,1.162876,1.1639925,1.1646596,1.1634046732606371,1.1639434855475794,-0.0005388122869423029,-0.00048017979660147186,-5.863249034083101e-05,36.27569528415928,1.1639925,1.1668210750550592,1.1611639249449408,0.0048601259115658895,0.0010571428571428518,0.4732958699099382,0.0003611505223786171,-0.0010561566202988981,0.001125262688947004,0
2026-06-01 22:00:00+00:00,1.16341,1.16345,1.16319,1.1633499999999999,361,1.1632099999999999,1.162741,1.163929,1.1646282000000001,1.16339626198977,1.1638995236551612,-0.0005032616653912747,-0.00048479617035943246,-1.846549503184224e-05,35.33007334963189,1.163929,1.16675528191688,1.16110271808312,0.004856450723162767,0.0010257142857142965,0.41974778039841565,-6.876219454554633e-05,-0.0011590967631150972,0.0011237903989143377,1
2026-06-01 23:00:00+00:00,1.1633499999999999,1.1636,1.16326,1.1635,419,1.163296,1.1629929999999997,1.1638865,1.1645958,1.1634122216836515,1.1638699293103314,-0.00045770762667984854,-0.0004793784616235157,2.1670834943667157e-05,39.790575916230146,1.1638865,1.1667116895139042,1.1610613104860958,0.004854750895219083,0.0009607142857142989,0.6723343395521576,0.00036971119537088093,0.0021705800272184828,0.00030626501399226086,1
2026-06-02 00:00:00+00:00,1.1635,1.16352,1.16292,1.16309,1144,1.163284,1.163129,1.163801,1.1645577999999999,1.163362649116936,1.16381215676882,-0.0004495076518840069,-0.00047340429967561405,2.389664779160717e-05,39.32729624838196,1.163801,1.1666132581299513,1.1609887418700489,0.004832884883156533,0.0009671428571428807,0.6461000272789323,-5.15840605253004e-05,0.0011706678832430484,0.00031348159706153124,1
2026-06-02 01:00:00+00:00,1.1631,1.16366,1.16283,1.16303,1182,1.163268,1.163205,1.1636975,1.1645139999999998,1.163311472329715,1.1637542192303838,-0.00044274690066870015,-0.00046727281987423135,2.4525919205531203e-05,39.738562091502715,1.1636975,1.1664603960778228,1.1609346039221773,0.0047484781531674045,0.0009771428571428828,0.6693889331052003,-6.878111270647302e-05,0.0006538928132018285,0.00029159700896674227,1
2026-06-02 02:00:00+00:00,1.16303,1.16343,1.16299,1.16308,743,1.1632099999999999,1.163218,1.1635300000000002,1.1644789999999998,1.1632758612020666,1.1637042770651662,-0.0004284158630996071,-0.0004595014285193065,3.1085565419699374e-05,39.34210526315649,1.1635300000000002,1.165984349522574,1.1610756504774264,0.0042187988665074875,0.0009678571428571711,0.6469386229372704,-0.0002492758107911497,0.00011178468549810638,0.00022762977716088575,1
2026-06-02 03:00:00+00:00,1.16308,1.16351,1.16305,1.16338,699,1.1632159999999998,1.163213,1.1634170000000001,1.1644576,1.163291882555595,1.163680256541819,-0.0003883739862240443,-0.0004452759400602541,5.690195383620982e-05,78.70813397129504,1.1634170000000001,1.1656614420242042,1.161172557975796,0.0038583620906416883,0.0007278571428571848,0.9999999999978979,2.578759616644888e-05,-4.2976371590786044e-05,0.000200992841111203,1
2026-06-02 04:00:00+00:00,1.16338,1.16385,1.16338,1.16375,599,1.163266,1.163281,1.163317,1.1644436,1.1633623621624265,1.1636854227239068,-0.00032306056148034834,-0.000420832864344273,9.777230286392468e-05,76.57894736842417,1.163317,1.1652849655538318,1.161349034446168,0.0033833693719456173,0.0006785714285714649,0.955242645207951,0.00021486892995281615,0.0005846595647724939,0.00019292595005158413,1
2026-06-02 05:00:00+00:00,1.16374,1.1639599999999999,1.16358,1.16369,713,1.163386,1.163335,1.1632485000000001,1.1644434,1.1634127679835917,1.1636857617813952,-0.0002729937978034336,-0.0003912650510361052,0.00011827125323267163,71.38554216867442,1.1632485000000001,1.1650492866702076,1.1614477133297927,0.003096134093802732,0.0006092857142857408,0.846072749633866,0.0005158672157785649,0.0004642565447277036,0.00019594064806648676,1
2026-06-02 06:00:00+00:00,1.16369,1.16519,1.16367,1.16504,1744,1.163788,1.163528,1.1632634999999998,1.1644662000000001,1.1636631113707314,1.1637860757235199,-0.0001229643527884683,-0.00033760491138657784,0.00021464055859810955,76.19047619047699,1.1632634999999998,1.1651207109819823,1.1614062890180172,0.003193104540772661,0.0006171428571428875,0.9470766430766174,0.0017282443273174408,0.0016593443440431344,0.00039952486245186183,0
2026-06-02 07:00:00+00:00,1.16503,1.16506,1.16445,1.1648399999999999,1594,1.1641400000000002,1.163675,1.1632755,1.1644792,1.1638441711598495,1.1638641441884487,-1.997302859924055e-05,-0.0002740785348291104,0.00025410550622986984,69.0026954177869,1.1632755,1.165171761973911,1.1613792380260888,0.003260211315223485,0.0005671428571428772,0.7959832378476541,0.0015132235099906133,0.0012635704891821309,0.00041252316340543305,1
2026-06-02 08:00:00+00:00,1.16486,1.16524,1.16418,1.16437,1532,1.164338,1.163777,1.1632589999999998,1.1644598,1.1639250679044881,1.1639016149893062,2.3452915181909617e-05,-0.00021457224482690637,0.00023802516000881598,67.01570680627916,1.1632589999999998,1.1651082319885253,1.1614097680114743,0.003179398549292102,0.0006100000000000153,0.7542150085487639,0.0008509687290478851,0.0008767782696523785,0.0004443209414659106,0
2026-06-02 09:00:00+00:00,1.16432,1.16446,1.164,1.1643,1282,1.164448,1.163857,1.163425,1.164462,1.1639827497653361,1.1639311249900997,5.1624775236458476e-05,-0.0001613328408142334,0.00021295761605069188,65.09186351705804,1.163425,1.1649865174805676,1.1618634825194323,0.0026843457559664846,0.0005935714285714473,0.7137741488609249,0.0004726100966701008,0.000687580575848612,0.0004463901473823476,1
2026-06-02 10:00:00+00:00,1.16432,1.1646,1.16381,1.16435,1109,1.16458,1.163983,1.1635559999999998,1.1644932,1.1640392498014382,1.1639621527686121,7.709703282610114e-05,-0.00011364686608616649,0.00019074389891226765,66.2303664921419,1.1635559999999998,1.164949328464697,1.1621626715353026,0.00239494869984289,0.0006235714285714535,0.7123484245168642,0.0005671613574063095,0.0010833211531351417,0.0004217687277130576,0
2026-06-02 11:00:00+00:00,1.16436,1.16526,1.16433,1.16491,1191,1.1645539999999999,1.164171,1.163688,1.1645092,1.1641732113704477,1.1640323636746437,0.000140847695804025,-6.274795370812818e-05,0.0002035956495121532,68.68932038834441,1.163688,1.1650685048656981,1.162307495134302,0.002372637452131625,0.0006535714285714438,0.7690350043444749,-0.0001115841516172722,0.0016164673310232747,0.00043280537945515,0
2026-06-02 12:00:00+00:00,1.16493,1.16556,1.1647,1.165,1713,1.164586,1.164363,1.1637905,1.1645238,1.164300409621148,1.1641040404394876,0.00019636918166043849,-1.0924526634414828e-05,0.00020729370829485332,69.68973747016508,1.1637905,1.1652428371364452,1.1623381628635547,0.002495873847475494,0.000696428571428566,0.7709953108498793,0.0001373579204011488,0.001650789283626386,0.00043189651867628196,0
2026-06-02 13:00:00+00:00,1.16502,1.16522,1.16394,1.16433,2171,1.164578,1.164458,1.1638354999999998,1.1645158,1.1643049619871253,1.1641207781847114,0.00018418380241391752,2.8097139175251658e-05,0.00015608666323866586,58.81104033970268,1.1638354999999998,1.1652965518921585,1.162374448107841,0.002510753267379672,0.000763571428571419,0.4947518950297736,-3.4353341291648576e-05,0.0008165861541371555,0.0004886039378468977,0
2026-06-02 14:00:00+00:00,1.16432,1.16497,1.1636,1.16433,2430,1.164584,1.164516,1.1638985,1.164505,1.164308813989106,1.1641362760969556,0.00017253789215043724,5.698528977028878e-05,0.00011555260238014847,64.41860465116216,1.1638985,1.165328910688174,1.162468089311826,0.0024579646561516412,0.0008185714285714145,0.6370086140479199,2.5766555011852432e-05,0.0004983888292158234,0.0004818172965730054,0
2026-06-02 15:00:00+00:00,1.16433,1.16451,1.16353,1.16402,1982,1.164518,1.164549,1.163942,1.1644911999999998,1.1642643810677051,1.1641276630527364,0.0001367180149687286,7.293183480997676e-05,6.378618015875184e-05,60.87912087911966,1.163942,1.1653288191549083,1.1625551808450918,0.0023829695206603703,0.000829285714285707,0.547096476903597,-0.00028341993386860054,0.00028358067870315473,0.0004915272605667338,0
2026-06-02 16:00:00+00:00,1.16402,1.1641,1.16265,1.16283,1299,1.1641020000000002,1.1643279999999998,1.1639279999999999,1.1644114,1.1640437070572889,1.164031539863642,1.2167193646828167e-05,6.077890657734704e-05,-4.861171293051887e-05,47.803163444641264,1.1639279999999999,1.1653552476272437,1.162500752372756,0.0024524672097309946,0.000901428571428561,0.0,-0.001785545664471866,-0.0018969305774909628,0.0004111812343642103,1
2026-06-02 17:00:00+00:00,1.16283,1.16297,1.16199,1.16214,1181,1.1635300000000002,1.164058,1.1638665,1.1642988,1.1637508290484753,1.1638914257996649,-0.00014059675118960335,2.050377502395695e-05,-0.00016110052621356031,39.80263157894756,1.1638665,1.1654877961027006,1.1622452038972992,0.0027860516695010565,0.0009385714285714077,0.0,-0.002454935622317689,-0.002317914906768248,0.0004302985545986784,1
2026-06-02 18:00:00+00:00,1.16216,1.16297,1.16131,1.16282,1459,1.1632280000000002,1.163903,1.16384,1.1642114,1.163607624579479,1.1638120609256137,-0.000204436346134651,-2.4484249207764652e-05,-0.00017995209692688634,42.723004694835815,1.16384,1.1655133326343752,1.1621666673656248,0.002875537246314254,0.0010235714285714095,0.08025683156168345,-0.0012968831860383778,-0.001331191975059376,0.0004951841272857218,0
2026-06-02 19:00:00+00:00,1.16284,1.16326,1.16284,1.16321,816,1.1630040000000001,1.163794,1.1638255,1.1641512,1.1635464515672516,1.1637674638200117,-0.00022101225276016656,-6.378984991824504e-05,-0.00015722240284192152,46.4285714285732,1.1638255,1.1655161737990336,1.1621348262009663,0.0029053733554276796,0.001027857142857136,0.18209212225524377,-0.0009619266015649108,-0.0009361848320877941,0.0005169754018844284,0
2026-06-02 20:00:00+00:00,1.1632,1.16347,1.16289,1.16289,588,1.162778,1.163648,1.1638155,1.1640810000000001,1.1634454590184435,1.1637024665000095,-0.0002570074815659851,-0.00010243337624779307,-0.000154574105318192,31.107205623902857,1.1638155,1.1655267319354325,1.1621042680645672,0.002940727177860504,0.000960714285714283,0.0,-0.0009707736980465453,-0.0012539184952977678,0.0005174289746469496,1
2026-06-02 21:00:00+00:00,1.1630099999999999,1.16322,1.16279,1.16297,513,1.162806,1.163454,1.1638125,1.1640112,1.1633723114771446,1.16364820972223,-0.0002758982450854486,-0.0001371263500153242,-0.00013877189507012437,33.21364452424021,1.1638125,1.1655297300216834,1.1620952699783165,0.0029510424087788143,0.0009478571428571352,0.05459566284362333,0.00012039593061752285,-0.0016653647062861987,0.00047873672164824984,0
2026-06-02 22:00:00+00:00,1.16295,1.16302,1.16262,1.16265,493,1.162908,1.163219,1.163791,1.1639434,1.1632611866345068,1.1635742682613228,-0.00031308162681598084,-0.00017231740537545554,-0.0001407642214405253,34.132841328415694,1.163791,1.1655569218555766,1.1620250781444235,0.0030347748961395264,0.0009007142857142705,0.07841983301046922,0.0004388455779853473,-0.0020171673819743274,0.0004717139848334479,1
2026-06-02 23:00:00+00:00,1.16267,1.16272,1.16195,1.16211,890,1.162766,1.162997,1.1637274999999998,1.1638662,1.1630840809984289,1.1634658039456676,-0.00038172294723870515,-0.0002141985137481055,-0.00016752443349059965,31.409168081496745,1.1637274999999998,1.1656408313466593,1.1618141686533403,0.003288280712897989,0.0009228571428571142,0.007826403378511263,-0.000610584613267684,-0.0019066759423875812,0.00046320529523101033,1
2026-06-03 00:00:00+00:00,1.16211,1.16304,1.16201,1.16286,1054,1.162696,1.1628500000000002,1.163683,1.1638152000000002,1.1630496069986707,1.1634209295793212,-0.0003713225806505349,-0.0002456233271285914,-0.00012569925352194351,38.69499241274758,1.163683,1.1656351335157114,1.1617308664842887,0.003355095014211481,0.0009399999999999726,0.1966637860641108,-0.00030089149852574604,-0.001262528664553897,0.0005325082785706649,0
2026-06-03 01:00:00+00:00,1.16286,1.16332,1.16258,1.16294,1215,1.162706,1.1627420000000002,1.1636454999999999,1.1637772,1.1630327443834905,1.1633853051660377,-0.00035256078254719547,-0.00026701081821231223,-8.554996433488324e-05,33.87888707037993,1.1636454999999999,1.1656256804808776,1.1616653195191222,0.0034034084794341045,0.0009264285714285503,0.07183772847033636,4.299632811366472e-05,-0.0009278191096372401,0.0005332571080688737,0
2026-06-03 02:00:00+00:00,1.16296,1.16318,1.16247,1.16278,804,1.162668,1.1627370000000001,1.1635325,1.1637376,1.1629938606321841,1.1633404677463306,-0.00034660711414646883,-0.00028293007739914355,-6.367703674732528e-05,32.038834951457574,1.1635325,1.1654339883367368,1.1616310116632633,0.0032684748156785585,0.0009157142857142896,0.027967283114994704,-0.00016337480760475476,-4.2998546649242186e-05,0.0004241071643466091,0
2026-06-03 03:00:00+00:00,1.1628,1.16294,1.16259,1.16273,649,1.162684,1.162796,1.163427,1.1637028,1.1629532666887712,1.1632952479132685,-0.00034198122449735635,-0.00029474030681878613,-4.724091767857022e-05,35.61151079136825,1.163427,1.1652557884974575,1.1615982115025425,0.003143795867652186,0.000849285714285727,0.1352181325007069,6.88083258075789e-05,0.000507684100022443,0.00037161862163424835,0
2026-06-03 04:00:00+00:00,1.16273,1.16279,1.16241,1.16255,559,1.162772,1.162769,1.1633360000000001,1.1636614,1.1628912256597297,1.1632400443641369,-0.0003488187044071722,-0.00030555598633646335,-4.326271807070887e-05,34.49477351916478,1.1633360000000001,1.1651482669723199,1.1615237330276804,0.003115638082754649,0.000778571428571438,0.11378400973571752,0.0003786216451111546,-0.00023219414870745414,0.0003240284728527297,0
2026-06-03 05:00:00+00:00,1.16254,1.1627,1.16183,1.16183,850,1.162566,1.162631,1.1632125,1.163611,1.1627279601736173,1.163135596633459,-0.00040763645984154273,-0.00032597208103747925,-8.166437880406348e-05,32.19512195122063,1.1632125,1.1650838448583745,1.1613411551416255,0.0032175459915956537,0.0007707142857143071,0.06516046213053622,-0.0008857472094664365,-0.0011863721941869354,0.00034651126547169793,0
2026-06-03 06:00:00+00:00,1.16184,1.16222,1.16121,1.16163,1901,1.162304,1.162505,1.1630764999999998,1.1635476,1.1625590432238302,1.1630240709569055,-0.0004650277330753294,-0.00035378321144504933,-0.00011124452163028007,38.37209302325657,1.1630764999999998,1.1649945392949212,1.1611584607050784,0.003298216918528409,0.0007392857142857359,0.4741670874467191,-0.0011264553631314955,-0.001083507468462197,0.0003428563559704182,1
2026-06-03 07:00:00+00:00,1.16162,1.16241,1.16126,1.1616,2126,1.162068,1.162368,1.1629109999999998,1.1634776,1.1624114981124716,1.1629185842193561,-0.0005070861068845467,-0.0003844437905329489,-0.0001226423163515978,44.00000000000099,1.1629109999999998,1.1647316522833497,1.1610903477166499,0.0031311979736195344,0.0007514285714285933,0.8414911921288328,-0.0010148093362458699,-0.001178018349570542,0.0003387049035187141,0
2026-06-03 08:00:00+00:00,1.16158,1.16168,1.16049,1.16079,1856,1.16168,1.162182,1.1627005000000001,1.1633647999999999,1.1621620368643992,1.1627609113142174,-0.0005988744498182097,-0.0004273299223900011,-0.00017154452742820862,28.077753779700615,1.1627005000000001,1.1644771731180645,1.1609238268819357,0.003056114825897809,0.0007178571428571669,0.0,-0.0016684870950264274,-0.0015997935750226011,0.0003838014380624734,0
2026-06-03 09:00:00+00:00,1.16079,1.16156,1.16078,1.16134,1541,1.161438,1.162105,1.1625510000000001,1.1632787999999998,1.1620355696544915,1.1626556586242747,-0.0006200889697831613,-0.00046588173186863315,-0.00015420723791452815,30.480167014615475,1.1625510000000001,1.1642519211126958,1.1608500788873044,0.002926187518131605,0.0007421428571428816,0.15088406507850438,-0.0010408154487978605,-0.000662587878944243,0.0004145650953948565,0
2026-06-03 10:00:00+00:00,1.16133,1.16226,1.16124,1.16159,2037,1.1613900000000001,1.161978,1.162414,1.1631955999999999,1.1619670204768775,1.162576720948402,-0.0006097004715244214,-0.0004946454797997909,-0.00011505499172463054,36.22881355932202,1.162414,1.1639444405970478,1.1608835594029523,0.0026332108819194645,0.0007735714285714528,0.5119290122004182,-0.00020657066868645657,-0.001092134908759479,0.00034978709577905353,0
2026-06-03 11:00:00+00:00,1.1616,1.16224,1.1615199999999999,1.16175,1308,1.161414,1.161859,1.1623005,1.1631293999999999,1.161933632711204,1.162515482359631,-0.000581849648427113,-0.0005120863135252553,-6.976333490185769e-05,37.29166666666764,1.1623005,1.1636561660821743,1.1609448339178257,0.002332729069933809,0.0007942857142857473,0.5786817236353059,0.00010330311717177132,-0.0010232686123101686,0.0003543355833924487,0
2026-06-03 12:00:00+00:00,1.16178,1.16183,1.15964,1.16003,2143,1.1610999999999998,1.161584,1.1621605000000002,1.1630352,1.1616407661402495,1.1623313725552127,-0.000690606414963213,-0.0005477903338128469,-0.00014281608115036609,28.870967741936397,1.1621605000000002,1.1638283063121306,1.1604926936878697,0.002870182409624973,0.0009221428571428872,0.04981796859914634,-0.00135158402203861,-0.002365021758200192,0.000562518772495087,0
2026-06-03 13:00:00+00:00,1.16003,1.1606,1.1597,1.16027,2633,1.160996,1.161338,1.162067,1.1629486,1.1614298790417494,1.1621786782918628,-0.0007487992501133967,-0.0005879921170729569,-0.00016080713304043978,34.40677966101762,1.162067,1.1639370531937399,1.16019694680626,0.0032184946199141627,0.0009314285714286148,0.3974957925979028,-0.00044797077852154477,-0.0021157104400850724,0.0005774283281494358,0
2026-06-03 14:00:00+00:00,1.16026,1.1612,1.15944,1.16119,3472,1.160966,1.1612019999999998,1.1619855,1.1628784,1.1613929745737879,1.1621054428628357,-0.0007124682890478073,-0.000612887351467927,-9.958093757988032e-05,36.24382207578309,1.1619855,1.1638594485473044,1.1601115514526954,0.0032254250114213882,0.0009835714285714645,0.5128716252120072,-0.00012916114144012614,-0.0011698421573266282,0.000659702657803125,0
2026-06-03 15:00:00+00:00,1.16121,1.16128,1.16023,1.16044,2659,1.160736,1.161063,1.161847,1.1628676,1.1612463631008973,1.1619820767248472,-0.000735713623949863,-0.0006374526059643143,-9.826101798554869e-05,31.454005934717983,1.161847,1.1637491328748903,1.1599448671251098,0.003274325922243242,0.001005714285714324,0.2120462218886897,-0.0009900222970239403,-0.0011963884561424498,0.0006619999904440035,0
2026-06-03 16:00:00+00:00,1.16046,1.1604700000000001,1.1595,1.15998,1896,1.1603819999999998,1.160898,1.1617015,1.1628326,1.1610515380084516,1.1618337747452283,-0.0007822367367766869,-0.0006664094321267889,-0.00011582730464989807,30.11363636363741,1.1617015,1.1637099272453981,1.1596930727546018,0.003457733755871334,0.0010242857142857473,0.12786403097625276,-0.0015235635894125243,-0.0014204178611089135,0.0006677547067794521,0
2026-06-03 17:00:00+00:00,1.16,1.16033,1.15965,1.15983,1171,1.160342,1.160721,1.1615445000000002,1.1627838,1.1608636090840743,1.161685346986322,-0.00082173790224771,-0.0006974751261509732,-0.00012426277609673688,29.69187675070046,1.1615445000000002,1.1636250310557035,1.159463968944297,0.003582352730701702,0.0010478571428571718,0.10137533038094522,-0.0001724093342413413,-0.0015237603305785496,0.0006665562237665136,1
2026-06-03 18:00:00+00:00,1.15983,1.15995,1.1595,1.15981,980,1.16025,1.160623,1.1614025,1.162721,1.160701515378832,1.161546432394742,-0.0008449170159099406,-0.0007269635041027668,-0.00011795351180717386,30.372492836677054,1.1614025,1.1635518683282748,1.159253131671725,0.00370133236027122,0.0010528571428571728,0.14412156584014546,-0.00039645944478428063,-0.0008442526210598045,0.0006388878104776218,1
2026-06-03 19:00:00+00:00,1.15981,1.16008,1.1596899999999999,1.15978,906,1.1599679999999999,1.160467,1.161286,1.1626480000000001,1.1605597437820887,1.1614155855506865,-0.0008558417685977648,-0.0007527391570017665,-0.00010310261159599834,33.704292527823185,1.161286,1.1635246311607215,1.1590473688392786,0.0038554346831382227,0.001018571428571456,0.3533759414493647,-0.00121427156623799,-0.0013432758709766013,0.0006092416784338431,1
2026-06-03 20:00:00+00:00,1.15981,1.16002,1.1596899999999999,1.15972,650,1.159824,1.1602799999999998,1.1611289999999999,1.162581,1.1604305524309981,1.1612899866210056,-0.0008594341900074465,-0.0007740781636029026,-8.535602640454389e-05,34.47154471544857,1.1611289999999999,1.1633431354496837,1.158914864550316,0.003813763069708623,0.0009700000000000422,0.40156337537073855,-0.0006204543104337823,-0.0016098623438560722,0.0005979687697447076,1
2026-06-03 21:00:00+00:00,1.15974,1.15995,1.15966,1.15981,463,1.15979,1.160086,1.1609725,1.1625142000000002,1.1603350828262293,1.1611803579824123,-0.0008452751561829341,-0.000788317562118909,-5.6957594064025135e-05,35.58776167471865,1.1609725,1.1630879357520685,1.1588570642479314,0.003644247821664195,0.0009085714285714808,0.8150725958739364,-0.00014655425093534902,-0.0016698945556273825,0.0005949258187654109,1
2026-06-03 22:00:00+00:00,1.15984,1.16119,1.15944,1.16052,904,1.159928,1.160135,1.1608595000000002,1.1624624,1.160363531622194,1.1611314425763075,-0.0007679109541134377,-0.000784236240517815,1.6325286404377296e-05,47.79050736497553,1.1608595000000002,1.1628028500646472,1.158916149935353,0.0033481227739396123,0.0009485714285714732,0.9999999999947146,0.0005949147719925829,0.0004224028688915027,0.00042544942397946606,1
2026-06-03 23:00:00+00:00,1.16055,1.16105,1.16014,1.16087,950,1.16014,1.160195,1.1607664999999998,1.1624124,1.1604414498341642,1.161112076459544,-0.0006706266253797555,-0.0007615143174902032,9.088769211044773e-05,46.023688663282876,1.1607664999999998,1.1624995991407479,1.1590334008592518,0.002986128804971612,0.0009578571428571848,0.9066140753429441,0.0009139428009761197,0.0005171210149363947,0.00043054307335759525,1
2026-06-04 00:00:00+00:00,1.16089,1.16125,1.16053,1.16064,1433,1.160312,1.16014,1.160671,1.1623582,1.1604719960135235,1.161077107832911,-0.0006051118193874938,-0.0007302338178696614,0.00012512199848216756,41.935483870968234,1.160671,1.1621872266182796,1.1591547733817205,0.002612672528700292,0.0009364285714286,0.6905303400223103,0.0007415199434375186,-0.00047365202938365325,0.0003469329865840854,1
2026-06-04 01:00:00+00:00,1.16064,1.16098,1.16037,1.16093,1279,1.1605539999999999,1.160189,1.1606260000000002,1.1623067999999999,1.160542458165289,1.1610662109563992,-0.0005237527911101658,-0.0006889376125177623,0.00016518482140759653,43.18936877076417,1.1606260000000002,1.162047880148951,1.1592041198510492,0.0024501952376578657,0.0009285714285714532,0.7568049389170105,0.0010433552926567558,0.0004222536279343547,0.000285396352391076,1
2026-06-04 02:00:00+00:00,1.16093,1.16109,1.16059,1.16097,891,1.1607859999999999,1.160288,1.160593,1.1622644,1.1606082338321677,1.1610590842188881,-0.0004508503867204361,-0.0006413201673582972,0.00019046978063786107,60.8294930875589,1.160593,1.1619457220121638,1.1592402779878361,0.0023310876632270812,0.0008078571428571697,0.9999999999967885,0.0010001638199361729,0.0008534629907412938,0.00024086378618047024,0
2026-06-04 03:00:00+00:00,1.16097,1.16097,1.16024,1.1605699999999999,785,1.160796,1.1603620000000001,1.1605415000000001,1.1622152,1.160602351704142,1.1610228557582296,-0.000420504054087667,-0.0005971569447041712,0.00017665289061650417,53.33333333333268,1.1605415000000001,1.1618085109874006,1.1592744890125997,0.0021834824302283925,0.0007957142857143122,0.7592571096899047,4.3084134698112564e-05,0.0006380245380788185,0.00027002602625831045,1
2026-06-04 04:00:00+00:00,1.1605699999999999,1.16128,1.16036,1.16096,858,1.1608139999999998,1.160477,1.16055,1.1621728,1.1606573745188893,1.1610181997761384,-0.00036082525724911996,-0.000549890607213161,0.00018906534996404102,47.1032745591949,1.16055,1.1618262774818253,1.1592737225181746,0.00219943558110439,0.0007357142857143158,0.559175680632566,7.752806085092878e-05,0.0009915417180399455,0.00028112490482230514,1
2026-06-04 05:00:00+00:00,1.16096,1.16102,1.16051,1.16095,994,1.160876,1.1605940000000001,1.1605305,1.1621242,1.1607023938236756,1.161013147940869,-0.0003107541171933903,-0.0005020633092092068,0.00019130919201581652,57.89473684210418,1.1605305,1.1617672610500114,1.1592937389499884,0.0021313719027832015,0.0006971428571428882,0.9057488468675317,0.00026709401709412717,0.0010088120160718361,0.0002803242579609105,1
2026-06-04 06:00:00+00:00,1.16096,1.16146,1.1607,1.16104,1705,1.160898,1.160726,1.1605029999999998,1.16207,1.1607543332354178,1.161015136982286,-0.0002608037468683211,-0.00045381139674102966,0.00019300764987270857,68.53146853146472,1.1605029999999998,1.1616626206276577,1.159343379372342,0.0019984793277705317,0.0006821428571428692,0.9999999999974253,9.475162154481964e-05,0.0011382057738074103,0.00027544336045959533,1
2026-06-04 07:00:00+00:00,1.16105,1.16123,1.15984,1.16038,1788,1.1607800000000001,1.160783,1.1604345,1.1620038000000001,1.160696743506892,1.160968089798413,-0.00027134629152092415,-0.00041731837569700857,0.00014597208417608442,58.16023738872294,1.1604345,1.1614348888718034,1.1594341111281967,0.0017241625818662145,0.0007328571428571541,0.7282099177460032,-0.0005081957328786357,0.0004914598080720811,0.0003504347071850588,1
2026-06-04 08:00:00+00:00,1.16037,1.16139,1.16033,1.16129,1849,1.160924,1.16086,1.1604975,1.1619287999999999,1.160788013736601,1.1609919349985305,-0.00020392126192958493,-0.00037463895294352384,0.0001707176910139389,67.37089201877514,1.1604975,1.1615480712732078,1.1594469287267921,0.0018105532725539615,0.0007764285714285668,0.9666761234771115,0.000620384810911867,0.0006634956743527542,0.0003837840785507049,1
2026-06-04 09:00:00+00:00,1.16128,1.1628,1.16128,1.16254,1934,1.16124,1.161027,1.1606109999999998,1.1618827999999999,1.1610575500848161,1.161106606480121,-4.905639530483619e-05,-0.0003095224414157863,0.0002604660461109501,75.1824817518199,1.1606109999999998,1.161995499149448,1.1592265008505516,0.002385810834893467,0.000857142857142842,0.9999999999975436,0.0013609426681366887,0.00143857624023358,0.0004978119777105434,1
2026-06-04 10:00:00+00:00,1.16252,1.16342,1.1625,1.1630099999999999,1731,1.1616520000000001,1.161264,1.1607020000000001,1.1618556,1.1613579269948444,1.1612475985927049,0.00011032840213953676,-0.0002255522727047217,0.0003358806748442585,77.92869269948493,1.1607020000000001,1.1624406818964164,1.1589633181035839,0.0029959143628876983,0.0008992857142856739,0.9999999999976382,0.001774408889271717,0.0020419768403638905,0.0004881835076841701,0
2026-06-04 11:00:00+00:00,1.16302,1.16452,1.163,1.16415,2246,1.1622739999999998,1.161586,1.1608874999999999,1.1618526,1.1617874766879452,1.1614625912895418,0.00032488539840347386,-0.00011546473848308255,0.0004403501368865564,81.26801152737283,1.1608874999999999,1.1632040843731608,1.158570915626839,0.003991057485175708,0.0009871428571428056,0.9999999999974575,0.002678632949769222,0.002773638376129428,0.0005468903644461486,0
2026-06-04 12:00:00+00:00,1.16413,1.16449,1.16343,1.16367,2368,1.162932,1.1618559999999998,1.1610719999999999,1.1618389999999998,1.1620770956590305,1.161626103045872,0.00045099261315839634,-2.1732681547867415e-06,0.0004531658813131831,73.47242921013016,1.1610719999999999,1.1636565337561957,1.158487466243804,0.004451978440950826,0.0009378571428571014,0.8018031694931387,0.002835278098553884,0.0023256414894441413,0.0005857861617958886,0
2026-06-04 13:00:00+00:00,1.16365,1.1639599999999999,1.16336,1.16356,2277,1.163386,1.1621549999999998,1.1612585,1.1618119999999998,1.1623052347884104,1.161769354672104,0.000535880116306453,0.00010543740873746125,0.0004304427075689918,70.78825347758429,1.1612585,1.1639992665082417,1.1585177334917582,0.004720338336798796,0.000915714285714242,0.733560015735336,0.0019547227652008115,0.002576320256425735,0.0005633277753481165,0
2026-06-04 14:00:00+00:00,1.16357,1.1639599999999999,1.1629,1.16304,1742,1.163486,1.162363,1.16142,1.1617728,1.1624182755901935,1.1618634765482445,0.0005547990419489945,0.00019530973537976794,0.0003594893065692266,67.75147928994015,1.16142,1.1641819596399468,1.158658040360053,0.0047561771623475645,0.0009399999999999567,0.6450363968093019,0.0004300927279923261,0.0017916207276738039,0.0006041268419295535,0
2026-06-04 15:00:00+00:00,1.16304,1.16314,1.16221,1.16279,1815,1.1634419999999999,1.162547,1.1615705,1.161742,1.162475463960933,1.161932107915041,0.0005433560458918407,0.00026491899748218257,0.00027843704840965815,63.83928571428402,1.1615705,1.164283792620077,1.158857207379923,0.004671765717323268,0.0009628571428571066,0.4898621397445136,-0.00018916432360849278,0.0015849089108057601,0.0006146852377051974,0
2026-06-04 16:00:00+00:00,1.16279,1.16297,1.1623,1.16232,1067,1.163076,1.1626750000000001,1.1617005,1.1617018000000001,1.1624515464284817,1.161960840662075,0.0004907057664067516,0.0003100763512670964,0.00018062941513965515,59.44055944055832,1.1617005,1.1642866450686002,1.1591143549313998,0.004452343902064638,0.000974999999999964,0.36111166003761785,-0.0015719623759824497,0.001102459863570493,0.0006400916779361782,0
2026-06-04 17:00:00+00:00,1.16232,1.1623999999999999,1.16194,1.16205,802,1.1627519999999998,1.162842,1.1618125000000001,1.1616624,1.162389770054869,1.1619674450574768,0.0004223249973922538,0.0003325260804921279,8.97989169001259e-05,60.54131054131089,1.1618125000000001,1.1642432666107305,1.1593817333892698,0.004184438729537483,0.0009557142857142344,0.3933305851174341,-0.0013921472582433259,0.0014391837156793041,0.0006085288281505081,0
2026-06-04 18:00:00+00:00,1.16206,1.16224,1.16131,1.16149,828,1.162338,1.162862,1.1618609999999998,1.1616356,1.1622513438925814,1.161932078756923,0.00031926513565849746,0.00032987389152540185,-1.060875586690439e-05,53.68567454798251,1.1618609999999998,1.1642208563738738,1.1595011436261258,0.004062200855135058,0.000956428571428509,0.0,-0.0017790229983842831,0.0001722222700617504,0.0005920122449265323,0
2026-06-04 19:00:00+00:00,1.16149,1.16161,1.16103,1.16124,758,1.161978,1.1627319999999999,1.1618795,1.1616176,1.1620957525244922,1.1618808136638175,0.00021493886067469603,0.0003068868853552607,-9.194802468056467e-05,51.951547779273966,1.1618795,1.164212291190161,1.159546708809839,0.004015547550603902,0.0009614285714285099,0.0,-0.0015476681799422298,-0.0011182410927794706,0.00046189030663687156,1
2026-06-04 20:00:00+00:00,1.16125,1.16135,1.16079,1.16089,546,1.1615980000000001,1.16252,1.161892,1.1615790000000001,1.1619102521361089,1.1618074200590902,0.00010283207701866637,0.00026607592368794184,-0.00016324384666927547,49.02470741222308,1.161892,1.1641993666922883,1.1595846333077116,0.003971740389448195,0.0009471428571428131,0.0,-0.0016340009804005629,-0.0018228562093188794,0.00042686311536182923,1
2026-06-04 21:00:00+00:00,1.16095,1.16135,1.16088,1.16131,645,1.161396,1.162236,1.161911,1.161541,1.1618179056536306,1.1617705741287871,4.7331524843485795e-05,0.00022232704391905063,-0.00017499551907556484,56.241610738255545,1.161911,1.1641911098773263,1.1596308901226735,0.00392475822558941,0.000881428571428541,0.22382641990524685,-0.0008689517516690115,-0.0024395481681913633,0.0002463494099498788,1
2026-06-04 22:00:00+00:00,1.16136,1.16139,1.16106,1.16119,334,1.161224,1.161988,1.1619220000000001,1.161507,1.1617213047838413,1.1617275686377657,-6.2638539244375124e-06,0.000176608864350353,-0.00018287271827479052,49.24924924924937,1.1619220000000001,1.1641850542938454,1.1596589457061548,0.0038953635336026397,0.0008292857142856912,0.006963983474636763,-0.0007400714254981455,-0.002131188395335437,0.0002422630889479957,1
2026-06-04 23:00:00+00:00,1.16119,1.16137,1.16117,1.16121,326,1.161168,1.161753,1.161954,1.1614718,1.1616426425094042,1.1616892302201534,-4.6587710749168565e-05,0.0001319695493304487,-0.00017855726007961727,37.753222836098416,1.161954,1.1641537741510977,1.1597542258489022,0.0037863360358460544,0.0007349999999999778,0.0,-0.00024106966052206413,-0.002019663790436166,0.000250778266033564,1
2026-06-05 00:00:00+00:00,1.16119,1.1614,1.16107,1.16125,1076,1.16117,1.1615739999999999,1.1619685,1.1614438,1.1615822359694958,1.16165669464829,-7.4458678794187e-05,9.068390370552156e-05,-0.00016514258249970856,32.400000000001356,1.1619685,1.164144379979286,1.1597926200207138,0.003745161730780385,0.0006928571428571299,0.0,8.611484275222736e-06,-0.0015390700233871568,0.00024469574109618736,1
2026-06-05 01:00:00+00:00,1.16127,1.16148,1.16096,1.16135,1314,1.161262,1.16143,1.1619885,1.1614286,1.161546507358804,1.1616339765261945,-8.746916739044153e-05,5.505328948632894e-05,-0.00014252245687677048,14.646464646469369,1.1619885,1.1641320757141171,1.159844924285883,0.00368949557438314,0.0006214285714285664,0.0,0.0003962477065011516,-0.0012384007430403798,0.00025467872630055246,1
2026-06-05 02:00:00+00:00,1.16136,1.16164,1.16123,1.16138,838,1.161276,1.161336,1.1620055,1.161399,1.1615208908420651,1.1616151634501801,-9.427260811500915e-05,2.5188109966061315e-05,-0.00011946071808107046,17.378917378921983,1.1620055,1.1641226328675816,1.1598883671324185,0.003643929168289699,0.0005749999999999922,0.04867056767050084,6.0276756421728805e-05,-0.0008087273728404343,0.00023783577782413175,1
2026-06-05 03:00:00+00:00,1.16137,1.16155,1.16132,1.16147,641,1.1613320000000003,1.161278,1.1620599999999999,1.1613696,1.1615130614817475,1.1616044106020187,-9.134912027120023e-05,1.8806639186090004e-06,-9.322978418980924e-05,20.057306590260794,1.1620599999999999,1.1640534524402713,1.1600665475597285,0.003430894171163936,0.000548571428571438,0.10188947277592916,0.0002411319422317426,-0.0004991179381266253,0.00023609083556052932,1
2026-06-05 04:00:00+00:00,1.16147,1.1616900000000001,1.16134,1.16159,663,1.161408,1.161288,1.162075,1.1613458,1.1615248981768633,1.1616033431500172,-7.844497315390164e-05,-1.4184463495893135e-05,-6.42605096580085e-05,26.537216828478137,1.162075,1.1640484714271377,1.1601015285728622,0.0033964613766543023,0.0004978571428571689,0.24171722466561996,0.0003272448566580266,8.609630732947515e-05,0.00018386114673069268,1
2026-06-05 05:00:00+00:00,1.16159,1.1619,1.16147,1.1615199999999999,752,1.1614619999999998,1.161316,1.162024,1.1613216,1.161524144611192,1.1615971695833491,-7.30249721572207e-05,-2.5952565228158652e-05,-4.707240692906205e-05,28.17869415807523,1.162024,1.1639995921164483,1.1600484078835516,0.0034002604360122974,0.0004621428571428713,0.2948529240643418,0.00023250807319707967,0.00024112155971178773,0.0001688102737083452,1
2026-06-05 06:00:00+00:00,1.1615,1.16224,1.16126,1.16221,1402,1.161634,1.161448,1.161984,1.1613148,1.1616296608248546,1.161642564429027,-1.2903604172276317e-05,-2.3342773016982186e-05,1.0439168844705869e-05,48.24281150159675,1.161984,1.1639072363075775,1.1600607636924223,0.0033102629770764918,0.00048428571428573076,0.7320287539919669,0.0007405175011838683,0.0011370586360464063,0.0002095337149062753,1
2026-06-05 07:00:00+00:00,1.16222,1.16368,1.16212,1.16318,1623,1.161994,1.161635,1.1619355,1.1613418,1.1618681745441077,1.1617564485453953,0.00011172599871245303,3.6709813289048647e-06,0.00010805501738354817,64.75195822454235,1.1619355,1.1636682371106968,1.1602027628893032,0.0029825013706815382,0.0005628571428571665,0.9999999999980042,0.001549880314797969,0.001610250492977805,0.0003038613492345187,0
2026-06-05 08:00:00+00:00,1.16316,1.16397,1.16316,1.16363,1587,1.162426,1.161879,1.1619335,1.1613818,1.162139224614245,1.1618952301346253,0.00024399447961975795,5.1735680987075505e-05,0.00019225879863268245,78.76344086021417,1.1619335,1.1636578796748995,1.1602091203251004,0.0029681211100283772,0.0005542857142857452,0.9999999999984404,0.0018597122611863082,0.002101292639447472,0.0002959262218185317,0
2026-06-05 09:00:00+00:00,1.16363,1.16441,1.16344,1.16383,1550,1.162874,1.1621409999999999,1.161947,1.1614264,1.1623993439043612,1.1620385464209493,0.0003607974834118899,0.0001135480414720384,0.00024724944193985147,85.28610354222982,1.161947,1.1637282839839924,1.1601657160160077,0.0030660331047670064,0.0005821428571428802,0.9999999999985844,0.0019283912568117678,0.0022562671695902647,0.00028868652423193084,0
2026-06-05 10:00:00+00:00,1.16382,1.16439,1.16381,1.16399,983,1.1633680000000002,1.162415,1.1619945,1.1614904,1.1626440602267671,1.162183098537916,0.00046096168885112476,0.0001830307709478557,0.00027793091790326904,94.54022988505419,1.1619945,1.1639414649795583,1.1600475350204418,0.0033510743459771336,0.0005835714285714452,0.9999999999987483,0.0021265238652801166,0.002359526372443632,0.00028289331971479066,0
2026-06-05 11:00:00+00:00,1.16397,1.16418,1.16343,1.16411,1578,1.163748,1.1626910000000001,1.1620605,1.1615457999999999,1.162869589422649,1.162325831979552,0.0005437574430970926,0.0002551761053777031,0.0002885813377193895,94.02515723270052,1.1620605,1.1642008932250734,1.1599201067749265,0.0036837896565168897,0.0006035714285714335,0.9935530306912577,0.0016348164273238819,0.0023765445386834116,0.00028194483969802336,0
2026-06-05 12:00:00+00:00,1.16413,1.16428,1.15862,1.15862,4765,1.162836,1.162415,1.1618755,1.1614864,1.1622158064345491,1.1620513259069924,0.0001644805275566874,0.00023703698981349997,-7.255646225681257e-05,34.97076023391847,1.1618755,1.1645051405597981,1.159245859440202,0.004526544470208874,0.0009842857142857233,0.25439151011007816,-0.003920287487749197,-0.0023764831493569005,0.001597189737595934,0
2026-06-05 13:00:00+00:00,1.15863,1.15994,1.15713,1.15717,6565,1.1615440000000001,1.161985,1.1616315,1.1613948,1.1614395285215415,1.1616897462101783,-0.00025021768863675575,0.0001395860541234488,-0.00038980374276020456,29.759519038075695,1.1616315,1.1649959223716404,1.1582670776283595,0.005792581161307135,0.0011707142857142947,0.18916437780164272,-0.005551592860273402,-0.0037022049643985477,0.0016232155026965336,0
2026-06-05 14:00:00+00:00,1.1571500000000001,1.1580300000000001,1.15493,1.1559,4717,1.159958,1.1614159999999998,1.1613520000000002,1.1613122,1.1605872933643813,1.1612608761205354,-0.0006735827561541452,-2.3047707932070046e-05,-0.0006505350482220751,26.13737734165973,1.1613520000000002,1.1655830760109687,1.1571209239890317,0.007286466137688665,0.0013685714285714492,0.1438274020614868,-0.006813709906085985,-0.004898458147883478,0.0016287464399350378,0
2026-06-05 15:00:00+00:00,1.1559,1.15599,1.15314,1.15324,3250,1.157808,1.160588,1.160952,1.1611716,1.159456940539092,1.1606667371486439,-0.0012097966095518942,-0.000260397488256035,-0.0009493991212958592,20.551924473492534,1.160952,1.1665268782379976,1.1553771217620024,0.009603977146337879,0.0015350000000000166,0.041121735640697814,-0.009235474531568144,-0.007128590123286593,0.0017149746814472079,0
2026-06-05 16:00:00+00:00,1.1532499999999999,1.15328,1.15222,1.15321,2828,1.155628,1.1596879999999998,1.160568,1.1610120000000002,1.1584958727638472,1.1601143862487442,-0.001618513484896944,-0.0005320206875842169,-0.0010864927973127272,20.334059549745433,1.160568,1.1671312488745715,1.1540047511254286,0.011310408135622372,0.0015814285714285908,0.0037156565188629456,-0.009363376313234917,-0.007743867287323236,0.001673132104785439,0
2026-06-05 17:00:00+00:00,1.15322,1.15328,1.1519,1.1524,2073,1.1543839999999999,1.15861,1.1601225,1.1608512,1.1575580461847939,1.1595429502303187,-0.001984904045524871,-0.000822597359172348,-0.001162306686352523,18.702553485162255,1.1601225,1.1676171770584616,1.1526278229415383,0.012920492548781064,0.0016635714285714468,0.0,-0.005368455576461595,-0.009267697174985878,0.0015765622838455056,0
2026-06-05 18:00:00+00:00,1.15241,1.15288,1.15191,1.15228,2201,1.153406,1.157475,1.1596769999999998,1.1606972,1.1567460390794408,1.1590049539169618,-0.0022589148375209422,-0.001109860854842067,-0.0011490539826788753,17.87439613526618,1.1596769999999998,1.1679258177143348,1.151428182285665,0.014226060729556497,0.0017078571428571498,0.0,-0.004225826801593557,-0.009753959591966455,0.0015381878710580472,0
2026-06-05 19:00:00+00:00,1.15227,1.1527,1.15182,1.15251,1714,1.152728,1.1563430000000001,1.159242,1.1605508,1.156094340759527,1.158523846219409,-0.0024295054598819643,-0.0013737897758500466,-0.0010557156840319177,19.249146757679412,1.159242,1.1680491205641634,1.1504348794358368,0.01519461952579932,0.0017400000000000113,0.017931724670185813,-0.002932779652219053,-0.009726506448536343,0.001540515529676583,1
2026-06-05 20:00:00+00:00,1.15251,1.15258,1.15173,1.15224,1177,1.152528,1.1551680000000002,1.1587915,1.1603994,1.1555013652580612,1.1580583761290824,-0.002557010871021115,-0.0016104339948842604,-0.0009465768761368544,14.968376669008933,1.1587915,1.1680750162916314,1.1495079837083686,0.016022755243944017,0.0017307142857142996,0.0,-0.0008671221948598484,-0.010094588441481589,0.0015149369159634916,1
2026-06-07 21:00:00+00:00,1.15126,1.1514199999999999,1.15078,1.15105,240,1.1520959999999998,1.153862,1.1582765,1.1602248,1.1548165398337442,1.1575392371565576,-0.0027226973228133833,-0.001832886660470085,-0.0008898106623432983,8.027681660898551,1.1582765,1.1680900551259819,1.148462944874018,0.016945099250449996,0.0017235714285714434,0.0,-0.0018730326653429996,-0.011218871068885305,0.001463668307585967,1
2026-06-07 22:00:00+00:00,1.1511,1.15187,1.15086,1.15131,1621,1.151878,1.1531310000000001,1.157773,1.1600565999999999,1.1542770721670146,1.1570778121819978,-0.002800740014983205,-0.0020264573313727094,-0.0007742826836104957,6.802244039271571,1.157773,1.1679429559591326,1.1476030440408673,0.017568134615563873,0.001737857142857156,0.0,-0.0009458521346754623,-0.006309229945970163,0.0008016623447460634,1
2026-06-07 23:00:00+00:00,1.15129,1.15227,1.15129,1.15216,1010,1.151854,1.1526299999999998,1.1573075000000002,1.1599036,1.1539513687567047,1.1567135297981461,-0.0027621610414414466,-0.0021735980733864567,-0.0005885629680549898,10.865191146882324,1.1573075000000002,1.1676162818975238,1.1469987181024766,0.017815112919467985,0.0017385714285714465,0.04630773169043999,-0.00010414135453185036,-0.004329528072798294,0.0008745593587699385,1
2026-06-08 00:00:00+00:00,1.15217,1.15333,1.15206,1.15331,1446,1.152014,1.152371,1.1568935,1.1597594,1.1538526966402887,1.1564614164797649,-0.0026087198394761923,-0.002260622426604404,-0.0003480974128717883,16.415094339622627,1.1568935,1.1671430130051288,1.1466439869948712,0.017719026003912675,0.0017878571428571505,0.11021014947095611,0.0006941371441464561,-0.0022406782593649144,0.0009459255255345622,0
2026-06-08 01:00:00+00:00,1.15329,1.15344,1.15116,1.15261,3136,1.152088,1.152308,1.1564480000000001,1.1595942000000001,1.1536615125417828,1.1561761263701527,-0.002514613828369816,-0.0023114207069574867,-0.00020319312141232936,15.109223300971252,1.1564480000000001,1.1666251045411904,1.14627089545881,0.017600626299133643,0.001897142857142867,0.2949029762259482,0.00032111365687703675,-0.0005462869827617123,0.0006322166645981101,0
2026-06-08 02:00:00+00:00,1.15261,1.15313,1.15202,1.15284,1707,1.1524459999999999,1.152271,1.1559795,1.1594382,1.1535351259968933,1.1559290058982894,-0.0023938799013960566,-0.0023279125458452008,-6.59673555508558e-05,24.24242424242574,1.1559795,1.165899189033762,1.1460598109662379,0.017162396104363542,0.0015721428571428633,0.7596798924953718,0.0015551018635160396,-0.00032084355841521806,0.0006373473565775519,0
2026-06-08 03:00:00+00:00,1.15284,1.15321,1.15258,1.1532,1009,1.152824,1.152351,1.1554805,1.1592836,1.1534835681512174,1.1557268573132309,-0.00224328916201344,-0.002310987869078849,6.769870706540898e-05,30.404738400790393,1.1554805,1.1648646915783505,1.1460963084216493,0.016242925048671225,0.0014164285714285882,0.9999999999957633,0.0016416082549444155,0.0006942034015966492,0.0005983185198467835,0
2026-06-08 04:00:00+00:00,1.15319,1.15337,1.15296,1.15311,992,1.153014,1.152434,1.1549545,1.1591264000000001,1.1534260961279532,1.1555330160307693,-0.0021069199028160845,-0.002270174275826296,0.00016325437301021152,34.41340782123031,1.1549545,1.1635625854892204,1.1463464145107798,0.014906362959268643,0.0012242857142857253,0.9999999999963783,0.0008245382585752026,0.0007203110355122888,0.0005975334375686531,0
2026-06-08 05:00:00+00:00,1.15311,1.15395,1.15176,1.15189,2016,1.15273,1.1523720000000002,1.1543575000000001,1.1589528,1.1531897736467296,1.155263162991453,-0.002073389344723342,-0.0022308172896057053,0.00015742794488236324,41.011984021305594,1.1543575000000001,1.1619727115774081,1.1467422884225922,0.013193852991656336,0.0011771428571428766,0.9999999999970768,-0.0012312387822874804,-0.0005379562867131593,0.0006925248986753185,1
2026-06-08 06:00:00+00:00,1.15191,1.15245,1.15134,1.15151,2608,1.1525100000000001,1.152299,1.1537335,1.1587638,1.152931346931848,1.154985150918012,-0.002053803986163949,-0.002195414628917354,0.0001416106427534051,39.185750636132674,1.1537335,1.1599403731851976,1.1475266268148023,0.010759630686285241,0.0011807142857142969,0.9466165663279912,-0.0009543557664777325,-0.0006335485662708473,0.0006959485246859264,1
2026-06-08 07:00:00+00:00,1.15153,1.15267,1.15141,1.15164,2966,1.1522700000000001,1.152358,1.15311,1.1585776,1.1527326781731022,1.1547373619611223,-0.0020046837880201007,-0.0021572684607379035,0.00015258467271780278,44.70752089136455,1.15311,1.1570014481136657,1.1492185518863345,0.006749482900444184,0.0011721428571428597,0.9999999999973618,-0.001040907671489566,0.0005125754745667344,0.0006072417161505432,1
2026-06-08 08:00:00+00:00,1.15164,1.15231,1.15075,1.1508,2809,1.15179,1.152307,1.1527189999999998,1.1583728,1.152435343069548,1.1544457055195576,-0.0020103624500096284,-0.0021278872585922485,0.00011752480858262006,40.632911392405816,1.1527189999999998,1.1557573298736907,1.149680670126309,0.005271588086412915,0.0012142857142857233,0.8925054810983921,-0.002081165452653466,-0.00044297365609613504,0.0006503542975511406,1
2026-06-08 09:00:00+00:00,1.15079,1.15141,1.14993,1.15121,2947,1.15141,1.152212,1.152421,1.1581894,1.152246828751156,1.1542060236292202,-0.0019591948780641744,-0.0020941487824866338,0.0001349539044224594,41.95544554455565,1.152421,1.1546939058609955,1.1501480941390043,0.0039445755691637,0.0012571428571428772,0.9273959834763829,-0.0016477179106937356,-0.0008245382585752026,0.000609207750360312,1
2026-06-08 10:00:00+00:00,1.15123,1.15316,1.15097,1.15242,3035,1.151516,1.152123,1.152247,1.158012,1.1522734704817474,1.1540737255826112,-0.0018002551008637901,-0.002035370046162065,0.0002351149452982748,50.997782705100136,1.152247,1.1538251414786502,1.1506688585213498,0.0027392416359516805,0.0013528571428571556,0.9999999999977373,0.0004601133788815215,-0.0007716919128422095,0.0006197788668113854,1
2026-06-08 11:00:00+00:00,1.15243,1.15435,1.15231,1.15362,3182,1.1519380000000001,1.152224,1.152266,1.1578336,1.152480628869171,1.1540401162801956,-0.0015594874110247403,-0.0019401935191346,0.0003807061081098598,64.23034330011126,1.152266,1.1539025483575611,1.150629451642439,0.002840573891030556,0.0013942857142857288,0.9999999999982586,0.0018323766185270873,0.0008762721128570128,0.0006794819133269907,1
2026-06-08 12:00:00+00:00,1.15361,1.15435,1.15348,1.15417,2765,1.152444,1.1523569999999999,1.152314,1.1576568,1.1527405321200677,1.1540497372964775,-0.0013092051764098667,-0.0018139958505896537,0.000504790674179787,65.34334763948425,1.152314,1.1541151621979926,1.1505128378020075,0.0031261656076252376,0.0013842857142857268,0.9999999999981644,0.002196867076516895,0.0011536726692340515,0.0006901190429467078,0
2026-06-08 13:00:00+00:00,1.15419,1.15544,1.15411,1.15411,3544,1.153106,1.1524480000000001,1.1523995,1.157456,1.152951219486211,1.154054201200442,-0.001102981714230955,-0.001671793023317914,0.000568811309086959,61.430246189917426,1.1523995,1.1543720428419872,1.1504269571580128,0.003423366362077081,0.001409285714285732,0.9221027239712631,0.0028762599930483024,0.0007891085674645026,0.0006881907139885888,0
2026-06-08 14:00:00+00:00,1.15412,1.15443,1.15316,1.15425,3123,1.1537140000000001,1.152562,1.152498,1.1572676,1.1531510318729479,1.154068704815224,-0.000917672942276182,-0.0015209690071095675,0.0006032960648333855,56.24999999999963,1.152498,1.1546352840611884,1.1503607159388116,0.0037089592540523364,0.0014092857142857479,0.8189806678366857,0.0026406997854431236,0.000988630746416197,0.0006860169169848193,0
2026-06-08 15:00:00+00:00,1.15427,1.15476,1.15363,1.15438,2588,1.154106,1.152811,1.1525915,1.1570840000000002,1.1533401038924942,1.1540917637178,-0.0007516598253058948,-0.001367107170748833,0.0006154473454429382,62.73381294964103,1.1525915,1.1548886311628332,1.1502943688371667,0.003986028289872439,0.0013271428571428917,0.9365090982329698,0.0017007688169243806,0.002161664742293068,0.0005537728371293816,0
2026-06-08 16:00:00+00:00,1.1543700000000001,1.15459,1.15389,1.15389,1727,1.1541599999999999,1.153049,1.152674,1.156901,1.1534247032936489,1.1540768182572223,-0.0006521149635734247,-0.0012241087293137515,0.0005719937657403269,57.28155339805874,1.152674,1.1550355909000625,1.1503124090999375,0.004097586828647985,0.0012978571428571759,0.7692582957030198,0.00023404587299102886,0.0020668513517034803,0.0005648309484655249,0
2026-06-08 17:00:00+00:00,1.15387,1.15412,1.15353,1.15378,1670,1.154082,1.153263,1.1528105,1.1567208,1.153479364325395,1.1540548317196502,-0.0005754673942550692,-0.001094380462302015,0.0005189130680469459,54.16666666666706,1.1528105,1.1550910583342893,1.1505299416657107,0.003956519019022305,0.0012950000000000303,0.6386452402249777,-0.000337905161284624,0.0018582195825085357,0.0005724573235516522,0
2026-06-08 18:00:00+00:00,1.15379,1.15419,1.15273,1.15282,1447,1.153824,1.1534650000000002,1.152886,1.1565308,1.1533779236599497,1.1539633627033798,-0.0005854390434301138,-0.0009925921785276348,0.000407153135097521,48.14814814814731,1.152886,1.1550546318753612,1.150717368124639,0.003762092479848126,0.0013700000000000298,0.34263076653532115,-0.0011177444091118316,0.0017553006604100752,0.0005913025565974502,0
2026-06-08 19:00:00+00:00,1.1528100000000001,1.1534,1.15279,1.15307,1489,1.1535879999999998,1.153651,1.1529315,1.1563512,1.1533305507891882,1.1538971876883146,-0.0005666368991263937,-0.0009074011226473866,0.00034076422352099286,58.600583090378876,1.1529315,1.1550740245807813,1.1507889754192187,0.003716655466142345,0.0012571428571428772,0.7422253829999887,-0.0010223088585661344,0.0016156913160934039,0.000588203462709056,1
2026-06-08 20:00:00+00:00,1.15306,1.15337,1.15301,1.15319,711,1.15335,1.153728,1.1529255,1.1561852,1.1533089275908517,1.153844803415106,-0.0005358758242544059,-0.0008330960629687904,0.00029722023871438447,62.727272727272535,1.1529255,1.1550642303169698,1.1507867696830303,0.003710092832485293,0.0012035714285714466,0.8941307678204009,-0.0010308563904434243,0.0006681591780772766,0.0004984798847983696,1
2026-06-08 21:00:00+00:00,1.15318,1.1536,1.153,1.15359,602,1.15329,1.1537250000000001,1.1529745,1.1560321999999998,1.1533521694999513,1.153825929088061,-0.0004737595881096901,-0.0007612287679969704,0.00028746917988728025,64.19213973799111,1.1529745,1.1551276516680362,1.1508213483319638,0.0037349510644618797,0.0011564285714285821,0.9534120769832792,-0.0002599901203755861,-2.6005096999237587e-05,0.00038254669072605604,1
2026-06-08 22:00:00+00:00,1.15365,1.15365,1.15322,1.15336,451,1.153206,1.153644,1.1530005,1.1558816,1.1533533741922666,1.1537914158222788,-0.0004380416300122647,-0.0006965913404000293,0.0002585497103877646,70.44728434504803,1.1530005,1.1551593639800863,1.1508416360199138,0.0037447754447396077,0.0010757142857143068,0.9999999999964903,-0.00036402087053000187,-0.0007018030272836207,0.0003464719268315278,1
2026-06-08 23:00:00+00:00,1.15336,1.1534,1.15278,1.1528,493,1.1532019999999998,1.153513,1.1529805,1.1557114000000002,1.1532682397011487,1.1537179776132211,-0.0004497379120724787,-0.0006472206547345193,0.0001974827426620406,62.402496099844655,1.1529805,1.1551389933830136,1.1508220066169863,0.0037441975523673818,0.0010142857142857295,0.6392331893831199,-1.7348762165747544e-05,-0.0011350737797956034,0.00037025620267755965,1
2026-06-09 00:00:00+00:00,1.15278,1.1531500000000001,1.15268,1.1531,1427,1.153208,1.153398,1.15298,1.1555495999999998,1.1532423566702028,1.1536722014937233,-0.0004298448235204866,-0.0006037454884917128,0.00017390066497122625,56.18181818181874,1.15298,1.1551383717060217,1.150821628293978,0.003743988110846406,0.0008914285714286065,0.36026821679092563,2.601750110575729e-05,-0.000996317955382242,0.0003824515441615064,1
2026-06-09 01:00:00+00:00,1.15311,1.15394,1.15302,1.15393,1441,1.153356,1.1533529999999999,1.153082,1.155404,1.15334814795171,1.1536912976793734,-0.00034314972766336105,-0.0005516263363260425,0.00020847660866268143,53.02144249512521,1.153082,1.1552161592700112,1.1509478407299887,0.003701660887970257,0.0008114285714286058,0.21854184412907293,0.0006416982457357889,-0.00038981964344497744,0.0004601864182981166,1
2026-06-09 02:00:00+00:00,1.15395,1.15401,1.15364,1.15375,971,1.153388,1.153339,1.153194,1.155254,1.1534099713437547,1.1536956459994199,-0.00028567465566520234,-0.0004984360001938744,0.0002127613445286721,45.58823529411854,1.153194,1.1552127896322417,1.1511752103677584,0.003501214248845673,0.000775714285714324,0.0,0.00013869745750239026,-0.00012132872284187357,0.0004426909436079406,1
2026-06-09 03:00:00+00:00,1.15375,1.15399,1.15347,1.15378,976,1.153472,1.1533390000000001,1.1533010000000001,1.1551026,1.1534668988293308,1.1537018944439072,-0.0002349956145764054,-0.00044574792307038063,0.00021075230849397524,46.51162790697696,1.1533010000000001,1.155196045062728,1.1514059549372722,0.003286297441392964,0.0007178571428571827,0.037145130168210555,0.00036415342997853095,0.0,0.0004418165314875229,1
2026-06-09 04:00:00+00:00,1.15378,1.15479,1.15368,1.15452,825,1.153816,1.1535090000000001,1.153487,1.1549654,1.1536289143940492,1.1537624948554697,-0.0001335804614204239,-0.0003833144307403893,0.0002497339693199654,52.532833020638115,1.153487,1.1550495363996693,1.1519244636003305,0.00270923972211115,0.0007064285714285999,0.279358945399079,0.0014920194309506751,0.0014746447840947585,0.0003739450309350494,1
2026-06-09 05:00:00+00:00,1.15452,1.15473,1.15394,1.15444,1456,1.1540839999999999,1.153646,1.1536484999999999,1.1548247999999999,1.1537536967949649,1.153812680421731,-5.898362676615143e-05,-0.00031844826994554176,0.00025946464317939033,50.56818181818139,1.1536484999999999,1.1548449029422765,1.1524520970577232,0.002074120396770127,0.0006821428571428852,0.2003273139628248,0.0011620848148468088,0.0011881325504954354,0.000378956723746162,1
2026-06-09 06:00:00+00:00,1.15445,1.1553200000000001,1.1543,1.1543700000000001,1983,1.154172,1.153764,1.153746,1.1546804,1.1538485126726628,1.1538539633534546,-5.450680791829754e-06,-0.00025584875211479935,0.0002503980713229696,54.938271604939224,1.153746,1.154833757713092,1.1526582422869078,0.0018856103736734219,0.0007050000000000349,0.37612204278721073,0.0003813056251247282,0.001023248554011147,0.0003832240205351566,1
2026-06-09 07:00:00+00:00,1.1544,1.15466,1.15372,1.15389,2007,1.1542000000000001,1.153794,1.1537595,1.1545277999999999,1.153854895338407,1.1538566327346802,-1.7373962732936121e-06,-0.00020502648094649817,0.00020328908467320456,51.05162523900638,1.1537595,1.154847375283231,1.1526716247167692,0.0018857921139212176,0.0007300000000000242,0.21977469587323498,0.00012134344528713648,0.0002600577328168985,0.00040445754066282413,1
2026-06-09 08:00:00+00:00,1.15388,1.15524,1.15362,1.15505,1952,1.1544539999999999,1.1539629999999998,1.1538035,1.1543846,1.1540387575940367,1.153945030309889,9.372728414769327e-05,-0.00014527572792765988,0.00023900301207535314,70.53406998158655,1.1538035,1.1550243413838395,1.1525826586161605,0.002116203294303559,0.0007414285714285913,0.9999999999959914,0.0011007297751737255,0.0014652840396753852,0.000498351668543044,1
2026-06-09 09:00:00+00:00,1.15506,1.15634,1.15499,1.15611,1471,1.154772,1.154294,1.1539035,1.1542432,1.1543574102718772,1.1541053984350824,0.00025201183679479655,-6.581821498316857e-05,0.0003178300517779651,74.35897435897719,1.1539035,1.1554999206675092,1.1523070793324908,0.0027669916375315648,0.0007942857142857315,0.9999999999965243,0.0013771957177008964,0.002871269951422617,0.000498157555923456,1
2026-06-09 10:00:00+00:00,1.15609,1.15689,1.15598,1.1565,1287,1.155184,1.1546340000000002,1.154016,1.1541006,1.154687039460819,1.15428277632878,0.0004042631320391177,2.8198054421288714e-05,0.00037606507761782896,75.42242703533393,1.154016,1.155988136431777,1.1520438635682229,0.003417866705101267,0.0008335714285714493,0.9999999999966482,0.0017844149544370413,0.002948573410805677,0.0004982962082733483,0
2026-06-09 11:00:00+00:00,1.1565,1.1574,1.1565,1.15722,1342,1.155754,1.154963,1.1541580000000002,1.1539684,1.1550767256976162,1.1545003484525742,0.0005763772450420035,0.0001378338925454317,0.00043854335249657176,76.57393850659176,1.1541580000000002,1.156594741568973,1.1517212584310275,0.004222544173280916,0.0008550000000000184,0.9999999999967728,0.0024688791288753897,0.0028511261514996278,0.0004899559496057738,0
2026-06-09 12:00:00+00:00,1.15724,1.15747,1.15689,1.15733,1590,1.1564419999999997,1.155321,1.15433,1.1538352,1.1554233832825982,1.1547099522709021,0.0007134310116960751,0.0002529533163755604,0.00046047769532051475,79.5827123696008,1.15433,1.157143583592476,1.1515164164075242,0.004874834046547961,0.0008657142857142951,0.9999999999970582,0.0029812200469714334,0.003102925243770205,0.0004709198686189346,0
2026-06-09 13:00:00+00:00,1.15735,1.15777,1.15633,1.15659,2783,1.1567500000000002,1.1556019999999998,1.1544705,1.1536848,1.1556028627775832,1.15484921506565,0.000753647711933203,0.000353092195487089,0.00040055551644611404,77.5036284470268,1.1544705,1.1574445100520576,1.1514964899479423,0.005152162921543102,0.0009242857142857108,0.9388405381835575,0.001333275615774232,0.0024354729671167696,0.0005550045806236477,0
2026-06-09 14:00:00+00:00,1.1566,1.1573,1.15581,1.15623,3670,1.156774,1.155773,1.1546410000000003,1.153637,1.1556993454271858,1.1549514954311575,0.0007478499960282825,0.0004320437555953278,0.0003158062404329547,72.51798561151347,1.1546410000000003,1.1576075780393278,1.1516744219606727,0.005138528840267301,0.0009971428571428393,0.7921801608396611,0.00010379635155843836,0.0014811350171499704,0.0005608351522003463,0
2026-06-09 15:00:00+00:00,1.15624,1.15671,1.15455,1.1555,3357,1.156574,1.155879,1.1547625,1.1536036,1.1556686768999265,1.15499212539922,0.000676551500706557,0.00048094530461757366,0.00019560619608898335,61.45985401459977,1.1547625,1.157656318275356,1.1518686817246437,0.005011971336714129,0.0010857142857142613,0.46688815613173773,-0.0008646779074795719,0.0009181941027684992,0.000610973500593437,0
2026-06-09 16:00:00+00:00,1.15547,1.15571,1.15284,1.15405,4898,1.15594,1.155847,1.1548055,1.1535666,1.155419649684553,1.154922338332611,0.0004973113519419758,0.0004842185140824542,1.3092837859521647e-05,51.84729064039396,1.1548055,1.1576255520712335,1.1519854479287663,0.0048840295118677424,0.0012642857142856861,0.16133921279270724,-0.002739323551269379,-0.00027720748113702065,0.0007459232573111254,0
2026-06-09 17:00:00+00:00,1.15407,1.15528,1.15398,1.1548,2991,1.155434,1.155938,1.154866,1.1535978,1.1553243189638525,1.1549132762338992,0.0004110427299532926,0.0004695833572566219,-5.854062730332928e-05,55.76923076923106,1.154866,1.157627566298554,1.1521044337014459,0.004782487835911809,0.001319999999999972,0.17925669835720665,-0.0021860662041076617,0.0007886366984721782,0.0007602669082214336,0
2026-06-09 18:00:00+00:00,1.15482,1.15529,1.1546,1.15497,1986,1.15511,1.1559300000000001,1.1549464999999999,1.153633,1.1552698083540291,1.1549174779943512,0.0003523303596779659,0.0004461327577408907,-9.380239806292483e-05,52.72067714631241,1.1549464999999999,1.157615537082474,1.1522774629175256,0.004621923322810598,0.0012899999999999659,0.07418680527361848,-0.0014006692086218075,-6.92610709491781e-05,0.0006892198347632859,0
2026-06-09 19:00:00+00:00,1.15497,1.15503,1.15394,1.1541299999999999,1691,1.15469,1.155732,1.1550129999999998,1.1536676,1.15509445322264,1.154859146291066,0.0002353069315739198,0.00040396759250749655,-0.00016866066093357675,48.28349944628994,1.1550129999999998,1.1575180945985373,1.1525079054014624,0.00433777732118587,0.0013114285714285348,0.0,-0.0018162476323916321,-0.0017126398007111243,0.0006385131848665521,1
2026-06-09 20:00:00+00:00,1.15412,1.15453,1.1540300000000001,1.15432,677,1.1544539999999999,1.155514,1.1550740000000002,1.1537084,1.154975306573003,1.1548192095287648,0.00015609704423824589,0.00035439348285364644,-0.00019829643861540055,49.72677595628358,1.1550740000000002,1.157438424042528,1.1527095759574724,0.004093978468094322,0.0012742857142856723,0.046112230154967175,-0.0010212029424491176,-0.0018849978383053134,0.0006254307548273506,0
2026-06-09 21:00:00+00:00,1.15431,1.15436,1.15338,1.15387,593,1.1544180000000002,1.155179,1.155071,1.1537356,1.1548052594079254,1.1547488977118192,5.6361696106232984e-05,0.0002947871255041638,-0.0002384254293979308,49.89035087719226,1.155071,1.1574416796716374,1.1527003203283626,0.004104820693511306,0.001277142857142818,0.051338397385080836,-0.00015597244486809103,-0.0028948687371458393,0.0005578445392079522,1
2026-06-09 22:00:00+00:00,1.1539,1.15402,1.15359,1.15363,676,1.154184,1.154809,1.155065,1.1537633999999999,1.1546244502682446,1.1546660163998326,-4.1566131588011146e-05,0.0002275164740857288,-0.0002690826056737399,41.34146341463474,1.155065,1.1574503191335066,1.1526796808664934,0.004130190307050411,0.0011921428571428322,0.0,-0.0010131624523728178,-0.003197013816284011,0.0005426431959191227,1
2026-06-09 23:00:00+00:00,1.15363,1.1539,1.1533,1.15345,763,1.15388,1.154495,1.1550485,1.1538114,1.1544437656115916,1.154575941110956,-0.00013217549936439532,0.00015557807939570395,-0.0002877535787600993,31.830601092897496,1.1550485,1.157475447617295,1.1526215523827048,0.004202330235128857,0.0011385714285714016,0.0,-0.001316051499173132,-0.002714877354983103,0.0005324666663671751,1
2026-06-10 00:00:00+00:00,1.15344,1.15431,1.15331,1.15418,1940,1.15389,1.15429,1.1550315000000002,1.1538688000000001,1.1544031862867314,1.154546612139774,-0.00014342585304261135,9.577729290804088e-05,-0.00023920314595065223,34.856396866840086,1.1550315000000002,1.1574787134529836,1.1525842865470168,0.004237483485053656,0.0011449999999999674,0.06336464908123216,4.332267595508199e-05,-0.0017730036411441885,0.0006036222820134341,1
2026-06-10 01:00:00+00:00,1.1542,1.15426,1.1535199999999999,1.1537600000000001,2011,1.1537780000000002,1.154116,1.1549975,1.1539008,1.1543042345503112,1.154488344573865,-0.00018411002355378514,3.9799829615675666e-05,-0.0002239098531694608,26.49456521739279,1.1549975,1.1574976378909847,1.152497362109015,0.004329252471948726,0.0011335714285714163,0.0,-0.0004851341049274538,-0.001505841627001181,0.0005869618675048922,1
2026-06-10 02:00:00+00:00,1.15378,1.1544699999999999,1.15366,1.15422,1254,1.153848,1.154133,1.1549900000000002,1.1539190000000001,1.154291275388725,1.1544684671980232,-0.00017719180929831602,-3.5984981671226823e-06,-0.00017359331113119334,29.831387808041555,1.1549900000000002,1.157498948196533,1.1524810518034674,0.004344536656651227,0.0011499999999999844,0.06541626878385168,0.0003033270645740327,0.00014730730904211065,0.0004606012762450591,1
2026-06-10 03:00:00+00:00,1.15422,1.15519,1.1542,1.15499,1208,1.15412,1.154152,1.1550449999999999,1.1539666,1.1543987714827673,1.154507099257429,-0.00010832777466163179,-2.4544353466024514e-05,-8.378342119560728e-05,39.664082687338016,1.1550449999999999,1.1575000656546564,1.1525899343453434,0.004251030314241392,0.0011178571428571388,0.28614816884837546,0.0011788875115938957,0.0001645306546587122,0.0004632656756265216,1
2026-06-10 04:00:00+00:00,1.15499,1.15504,1.15441,1.15462,1091,1.154354,1.1541169999999998,1.1550235,1.1540022,1.1544328066392644,1.154515462275397,-8.26556361326336e-05,-3.6166609999346336e-05,-4.648902613328727e-05,39.61290322580564,1.1550235,1.1574859016945893,1.1525610983054106,0.004263812285359274,0.0010564285714285773,0.3751817433701054,0.0010143482595690312,-0.0003030381741517818,0.0004721230456564598,1
2026-06-10 05:00:00+00:00,1.15463,1.15552,1.15451,1.1554,1403,1.154598,1.1542439999999998,1.154988,1.1540462,1.1545816056178393,1.1545809835883307,6.220295085679339e-07,-2.880888209776348e-05,2.9430911606331415e-05,49.358974358974415,1.154988,1.1574044924559632,1.1525715075440366,0.0041844459959121914,0.0009742857142857371,0.7810305843124408,0.0010570275000432172,0.001100395969258372,0.0004498727485516721,0
2026-06-10 06:00:00+00:00,1.1554,1.1558,1.15482,1.15488,1943,1.1548219999999998,1.1542999999999999,1.1549070000000001,1.1540816,1.1546275124458638,1.154603132952158,2.4379493705817268e-05,-1.817120693704733e-05,4.25507006428646e-05,56.04075691411859,1.1549070000000001,1.157216322981273,1.1525976770187272,0.003999149682654887,0.0008392857142857409,0.9999999999966155,0.0009707391485229699,0.0004851341049274538,0.0004824086502030565,0
2026-06-10 07:00:00+00:00,1.15485,1.15584,1.15462,1.1553499999999999,1920,1.155048,1.154448,1.1548135,1.1541508,1.1547386643772692,1.1546584564371833,8.020794008589682e-05,1.5046224675415057e-06,7.870331761835532e-05,54.17298937784399,1.1548135,1.1568656134164423,1.1527613865835575,0.0035540170190985865,0.0008335714285714493,0.9367848298169928,0.0009790161321063806,0.0012826401587699987,0.0004675181669065965,0
2026-06-10 08:00:00+00:00,1.1553499999999999,1.15541,1.15478,1.15534,2083,1.155118,1.1546189999999998,1.154714,1.1542274000000001,1.154831177549997,1.1547089411455402,0.00012223640445685469,2.565097886540415e-05,9.658542559145053e-05,52.87713841368582,1.154714,1.1564153604464318,1.1530126395535683,0.0029468083810047607,0.0008292857142857546,0.8929263529799463,0.0003030329266919818,0.0014822776800187398,0.00045568654915720995,1
2026-06-10 09:00:00+00:00,1.1553499999999999,1.15595,1.15503,1.15576,2040,1.155346,1.1548500000000002,1.1546724999999998,1.1543098,1.1549740733115361,1.1547867973569816,0.00018727595455447776,5.7975974003218885e-05,0.00012929998055125888,63.56073211314627,1.1546724999999998,1.156214185680385,1.1531308143196146,0.002670342768854636,0.0008171428571428972,0.999999999997302,0.0009873378254317,0.002002687589405472,0.00044667238511194516,0
2026-06-10 10:00:00+00:00,1.15577,1.15592,1.15499,1.15516,1701,1.155298,1.154948,1.1546189999999998,1.154397,1.1550026774174535,1.1548144419972053,0.00018823542024826168,8.402786325222745e-05,0.00010420755699603423,56.54205607476678,1.1546189999999998,1.1559988840531956,1.153239115946804,0.002390198070871481,0.0008478571428571938,0.8106446760950441,-0.00020772027003634896,0.0008490876639692946,0.0004705922194940517,0
2026-06-10 11:00:00+00:00,1.15518,1.15523,1.15354,1.15363,3823,1.155048,1.154935,1.1545255,1.1544454,1.1547914962763068,1.1547267055529677,6.479072333909208e-05,8.018043526960039e-05,-1.5389711930508305e-05,48.3999999999997,1.1545255,1.1559074509475085,1.1531435490524917,0.0023939721513442018,0.0008985714285714787,0.5909819281868454,-0.001082363535605424,-0.0001126750797394438,0.0006399612243826422,1
2026-06-10 12:00:00+00:00,1.15365,1.15647,1.15357,1.15484,3922,1.154946,1.154997,1.154565,1.1544938,1.1547989583876443,1.1547350977342294,6.386065341490443e-05,7.69164788986612e-05,-1.3055825483756765e-05,57.14285714285864,1.154565,1.1559348328750358,1.1531951671249643,0.002372898667525486,0.0010750000000000481,0.826853556548746,-0.0004414246765047647,0.0005371592937222225,0.0007148620104382371,1
2026-06-10 13:00:00+00:00,1.15484,1.15729,1.15472,1.15623,3607,1.155124,1.1551209999999998,1.1546365,1.154546,1.155019118635699,1.1548458312353977,0.00017328740030131407,9.619066317919179e-05,7.709673712212227e-05,64.35950413223222,1.1546365,1.156194356489658,1.1530786435103422,0.0026984362431949687,0.0012157142857143358,0.999999999997359,0.0007703360049855501,0.0010736023688517893,0.0007828915714789645,0
2026-06-10 14:00:00+00:00,1.15623,1.15669,1.15499,1.15521,3711,1.155014,1.15518,1.1546485,1.1545668,1.1550484849994376,1.1548728066994425,0.00017567829999509676,0.00011208819054237279,6.359010945272398e-05,55.16549648946905,1.1546485,1.1562208033724444,1.1530761966275556,0.002723432061695669,0.001265714285714346,0.7571894236111993,-0.0004758773447772757,0.0005109906289515465,0.0008354113422576134,0
2026-06-10 15:00:00+00:00,1.15523,1.15565,1.1534,1.15491,4293,1.154964,1.1551310000000001,1.1546875,1.1545828,1.1550271796149087,1.154875561758743,0.0001516178561657977,0.00011999412366705779,3.162373249873992e-05,55.83756345177675,1.1546875,1.1562442695973425,1.1531307304026577,0.002696434485248019,0.001373571428571482,0.7531883697182679,-0.00021642023615764394,-0.0004240955513241662,0.000809729975855674,0
2026-06-10 16:00:00+00:00,1.15491,1.15592,1.15482,1.1553499999999999,2602,1.1553080000000002,1.155178,1.154739,1.1546048,1.155076844289538,1.1549107053321694,0.00016613895736861117,0.00012922309040736847,3.69158669612427e-05,55.7477110885041,1.154739,1.15631263675346,1.15316536324654,0.002725528025744356,0.0013942857142857765,0.6520009727252329,0.001490945970544999,0.00040696868938772113,0.0008058470137912383,0
2026-06-10 17:00:00+00:00,1.1553499999999999,1.15565,1.15444,1.15522,2305,1.1553840000000002,1.1551649999999998,1.1548065,1.1546216,1.1550988682449936,1.154933616048305,0.00016525219668861446,0.0001364289116636177,2.8823285024996774e-05,51.25136017410208,1.1548065,1.1563384512841803,1.1532745487158198,0.002653173989201249,0.0014100000000000698,0.4703052751469783,0.0003290499116759271,-0.00011252001557970903,0.0007963202937685693,0
2026-06-10 18:00:00+00:00,1.15521,1.15575,1.15478,1.1548,2015,1.155098,1.1551110000000002,1.154865,1.1546398,1.1550528885149947,1.1549237185632453,0.00012916995174938606,0.00013497711968077136,-5.807167931385303e-06,50.974025974026404,1.154865,1.1562936615010102,1.1534363384989899,0.0024741619167784556,0.0014342857142857848,0.16128483395746357,-0.0012367781496761543,-0.0004673948794293725,0.000804077055765416,0
2026-06-10 19:00:00+00:00,1.15482,1.15486,1.15408,1.15412,1690,1.15488,1.154947,1.1548985,1.1546466,1.1549093672049955,1.1548641838548568,4.518335013870001e-05,0.00011701836577235709,-7.183501563365708e-05,42.997811816192446,1.1548985,1.1562144311293148,1.1535825688706853,0.0022788688864254615,0.001417857142857201,0.0,-0.0009435513889249902,-0.001418979718972646,0.0008065187330384878,1
2026-06-10 20:00:00+00:00,1.1541,1.1541299999999999,1.15336,1.15348,867,1.1545940000000001,1.154779,1.1548634999999998,1.1546598000000001,1.1546894645580732,1.15476165171746,-7.218715938672737e-05,7.917726074054019e-05,-0.00015136442012726758,42.4406047516202,1.1548634999999998,1.1562922908027953,1.1534347091972044,0.002474389056014766,0.0014028571428571976,0.0,-0.00123819172056705,-0.0014543439869800778,0.0008084346906725956,1
2026-06-10 21:00:00+00:00,1.15348,1.15365,1.15339,1.15353,470,1.15423,1.154769,1.154852,1.154669,1.1545110853952927,1.1546704182569072,-0.000159332861614514,3.1475236269529345e-05,-0.00019080809788404334,39.705882352940726,1.154852,1.1563213156302548,1.1533826843697452,0.002544595550347168,0.0013342857142857798,0.0,-0.0015752802181157044,-8.668290526425704e-05,0.0006944157907737856,1
2026-06-10 22:00:00+00:00,1.15355,1.15364,1.1528100000000001,1.15298,1179,1.153782,1.154583,1.1547899999999998,1.1546648,1.1542755337960169,1.1545452020897289,-0.00026966829371199985,-2.8753469726776515e-05,-0.00024091482398522335,37.42004264392182,1.1547899999999998,1.1564622377066756,1.153117762293324,0.0028961762860360667,0.0013485714285714767,0.0,-0.0019390246013746282,-0.0016106127255725022,0.0005970844490502871,1
2026-06-10 23:00:00+00:00,1.15297,1.15375,1.1525400000000001,1.15349,1975,1.1535199999999999,1.154309,1.154715,1.1546627999999999,1.1541546824427835,1.1544670389719711,-0.00031235652918759627,-8.547408161894049e-05,-0.00022688244756865578,38.01478352692672,1.154715,1.1564813700513077,1.1529486299486922,0.003059404357452277,0.0013692857142857554,0.022076940300412677,-0.0011343955663319916,-0.0023697707203585994,0.0004284855467110324,1
2026-06-11 00:00:00+00:00,1.15351,1.15426,1.15351,1.15421,2207,1.1535379999999997,1.154209,1.1546945,1.1546798,1.1541631928362015,1.1544479990481213,-0.00028480621191984135,-0.00012534050767912068,-0.00015946570424072066,45.046923879040506,1.1546945,1.1564749727344605,1.1529140272655394,0.0030838853644155765,0.0013578571428571884,0.2831118668945867,7.798149239235386e-05,-0.0008656434760780929,0.00044112571496326676,1
2026-06-11 01:00:00+00:00,1.15424,1.15558,1.1541299999999999,1.1553499999999999,1839,1.153912,1.154253,1.1546919999999998,1.1547308,1.154345778553709,1.1545148139334456,-0.00016903537973655958,-0.00013407948209060846,-3.495589764595112e-05,59.347826086956566,1.1546919999999998,1.1564684375943382,1.1529155624056615,0.003076902921884486,0.0013407142857143459,0.8139651734489303,0.00162118112147569,0.0003809820678666309,0.0005497112821116145,0
2026-06-11 02:00:00+00:00,1.15537,1.15539,1.1546,1.15478,1344,1.154162,1.154196,1.154687,1.1547644,1.1544125818531383,1.154534457345783,-0.00012187549264464081,-0.00013163868420141493,9.763191556774113e-06,49.64953271027935,1.154687,1.1564617717422545,1.1529122282577455,0.0030740308711442814,0.0011900000000000402,0.45396193504531535,0.0010836302480212723,-0.000493356991387861,0.0005585991587244697,0
2026-06-11 03:00:00+00:00,1.15478,1.1549,1.15442,1.15451,1220,1.154468,1.154125,1.154645,1.154776,1.1544275692603478,1.1545326456905398,-0.00010507643019197488,-0.00012632623339952693,2.124980320755205e-05,38.440860215051785,1.154645,1.1563932683162281,1.1528967316837717,0.0030282351999587885,0.0010407142857143312,0.04655361422084683,0.0013269961317630141,-0.0006146015477571654,0.0005614362759349715,0
2026-06-11 04:00:00+00:00,1.1545,1.155,1.15423,1.15482,1146,1.154734,1.154127,1.1546189999999998,1.1547973999999999,1.1544879432202944,1.1545539311949444,-6.598797465007245e-05,-0.00011425858164963602,4.827060699956358e-05,47.1025260029707,1.1546189999999998,1.1563389865361318,1.152899013463868,0.0029793144511426257,0.0009742857142857529,0.4415623395843194,0.0011530225662987892,1.731901627977095e-05,0.0005592057018802127,0
2026-06-11 05:00:00+00:00,1.15481,1.1551,1.15452,1.15469,1179,1.15483,1.154184,1.1545655,1.1548156,1.1545190288787108,1.1545640103656893,-4.4981486978512564e-05,-0.00010040316271541133,5.5421675736898766e-05,48.32317073170635,1.1545655,1.1562005177852734,1.1529304822147264,0.0028322650993356886,0.0008550000000000343,0.4972289203812861,0.000415868862685409,0.0004938827851523886,0.0005223731913043682,0
2026-06-11 06:00:00+00:00,1.15467,1.15472,1.15401,1.15414,1764,1.154588,1.15425,1.1545144999999999,1.154808,1.1544607167435246,1.1545326021904532,-7.1885446928599e-05,-9.469961955804888e-05,2.281417262944988e-05,40.92953523238394,1.1545144999999999,1.156135006418654,1.1528939935813458,0.0028072517385517074,0.0008271428571428834,0.16004775847788172,-0.0010473016834724458,0.0005721815722854462,0.0005128220956549794,0
2026-06-11 07:00:00+00:00,1.1541299999999999,1.15552,1.15411,1.15448,2093,1.154528,1.154345,1.154557,1.1548088,1.1544636833983668,1.1545287057319011,-6.502233353433695e-05,-8.87641623533065e-05,2.3741828818969553e-05,44.62209302325591,1.154557,1.1561235194407224,1.1529904805592777,0.0027136285878001545,0.0008414285714285961,0.3284440672269108,-0.00025978974350093775,0.0008235589884961758,0.0005181878515651154,0
2026-06-11 08:00:00+00:00,1.15446,1.15452,1.15305,1.1532,2028,1.154266,1.1543670000000001,1.154475,1.1547854,1.1542692705678488,1.1544302830850937,-0.00016101251724487398,-0.00010321383333162002,-5.7798683913253956e-05,39.664082687338016,1.154475,1.1561472691801244,1.1528027308198754,0.0028970210357513685,0.0008771428571428779,0.10233775106524838,-0.0011346805138109373,0.00019080990129927144,0.0006220814950103174,0
2026-06-11 09:00:00+00:00,1.15319,1.15369,1.15296,1.15337,1682,1.153976,1.154355,1.154332,1.154775,1.1541309212497182,1.154351743597309,-0.00022082234759079888,-0.0001267355361834558,-9.40868114073431e-05,44.81327800829845,1.154332,1.1558548311584393,1.1528091688415605,0.0026384630391246724,0.0008735714285714577,0.3371629140514582,-0.0012556069344139553,-0.00010403211124487832,0.0006065935002905577,0
2026-06-11 10:00:00+00:00,1.15336,1.1534200000000001,1.15228,1.15309,1751,1.153656,1.154243,1.154226,1.1547358,1.1539707795189922,1.1542582811086195,-0.00028750158962731476,-0.0001588887468722276,-0.00012861284275508716,47.1615720524009,1.154226,1.155786180826315,1.152665819173685,0.0027034234652746317,0.0009000000000000437,0.4442550900660689,-0.0013856532922256193,-0.0009703606795989916,0.0005664711816987258,0
2026-06-11 11:00:00+00:00,1.1531,1.15414,1.15309,1.15381,1914,1.15359,1.154089,1.154171,1.1546898,1.153946044208378,1.1542250751005736,-0.0002790308921956086,-0.00018291717593690382,-9.611371625870479e-05,51.8567639257298,1.154171,1.1557070222038768,1.1526349777961233,0.002661689132505875,0.000956428571428604,0.6583757687705503,-0.00028592718387709937,-0.0013329294153285876,0.00049651441717909,0
2026-06-11 12:00:00+00:00,1.15381,1.15431,1.15162,1.15395,5454,1.153484,1.1540059999999999,1.154101,1.1546388,1.1539466527917044,1.1542046991671977,-0.0002580463754933149,-0.00019794301584818606,-6.0103359645128827e-05,56.80224403927158,1.154101,1.1555350065331509,1.1526669934668492,0.0024850624566668676,0.001089285714285745,0.8806742151003568,-0.00045908114475778916,-0.0007187516236858427,0.0004848947791813506,1
2026-06-11 13:00:00+00:00,1.15397,1.1540300000000001,1.15174,1.15294,4219,1.153432,1.1538490000000001,1.1539869999999999,1.1545532,1.1537917831314422,1.1541110177474052,-0.0003192346159630599,-0.00022220133587116088,-9.703328009189903e-05,46.39580602883469,1.1539869999999999,1.155408905319324,1.1525650946806758,0.002464335073660394,0.0011664285714286157,0.3804926005276969,-0.00022545959070408017,-0.0013598842799108501,0.0005471403197633862,1
2026-06-11 14:00:00+00:00,1.15295,1.15304,1.15145,1.15192,2925,1.1531420000000001,1.153559,1.153843,1.154445,1.1535038164958356,1.1539487201364862,-0.00044490364065064014,-0.0002667417968270568,-0.00017816184382358336,35.561160151324685,1.153843,1.1554845922951331,1.1522014077048668,0.002845434422418241,0.0012250000000000316,0.0,-0.0012571854652019265,-0.0025112138688279106,0.000573326869814577,1
2026-06-11 15:00:00+00:00,1.15192,1.1524,1.15137,1.15144,3001,1.1528120000000002,1.1532339999999999,1.1537089999999999,1.154342,1.153186306265707,1.1537628890152651,-0.0005765827495580744,-0.00032870998737326036,-0.00024787276218481407,23.108665749657504,1.1537089999999999,1.1556631577806984,1.1517548422193014,0.003387609493725919,0.0011950000000000255,0.0,-0.0014309377411996227,-0.0028146082498332614,0.0005732189872715294,1
2026-06-11 16:00:00+00:00,1.15146,1.15161,1.1507,1.15088,2071,1.1522260000000002,1.1529079999999998,1.1535790000000001,1.1542350000000001,1.1528314899171366,1.1535493416808011,-0.0007178517636645676,-0.00040653834263152186,-0.00031131342103304574,23.140495867769474,1.1535790000000001,1.155907395878864,1.1512506041211363,0.004036820848617733,0.0012035714285714625,0.0009446939069005441,-0.00253941290160431,-0.002824613998301806,0.0005736060330048942,1
2026-06-11 17:00:00+00:00,1.15089,1.15663,1.15027,1.15505,8474,1.152446,1.152965,1.153655,1.154226,1.1531727991606542,1.1536605015562973,-0.00048770239564310813,-0.0004227711532338392,-6.493124240926893e-05,52.41935483870955,1.153655,1.1560741211976064,1.1512358788023938,0.004193838188377538,0.0016235714285714703,0.8699191530511905,0.0009532475410545249,0.0004937287783244315,0.001365311436140751,1
2026-06-11 18:00:00+00:00,1.1550799999999999,1.15665,1.1541299999999999,1.15578,4746,1.153014,1.153223,1.1537950000000001,1.1542606,1.153573906982092,1.1538175014410161,-0.00024359445892407905,-0.0003869358143718872,0.00014334135544780813,54.14507772020743,1.1537950000000001,1.1563687827987268,1.1512212172012735,0.00446142130747085,0.0017485714285714802,0.9211373070465679,0.002463267819660997,0.00223725286160259,0.0013110241929021305,1
2026-06-11 19:00:00+00:00,1.1558,1.15896,1.1558,1.15784,4009,1.1541979999999998,1.15367,1.1540124999999999,1.1543214,1.1542302289848472,1.154115464297237,0.00011476468761006942,-0.00028659571397549586,0.0004013604015855653,61.658031088082545,1.1540124999999999,1.1571510070202355,1.1508739929797642,0.005439294670093538,0.0019342857142857614,0.9999999999974059,0.005139245780956925,0.0038755993306571757,0.0013993429750156529,0
2026-06-11 20:00:00+00:00,1.15783,1.15833,1.15764,1.15779,1410,1.155468,1.15414,1.1541915,1.1543778,1.1547778860641016,1.1543876521270715,0.00039023393703008225,-0.0001512297837743802,0.0005414637208044624,64.02767102229095,1.1541915,1.1577567786117249,1.1506262213882752,0.006177967194741674,0.0019328571428571964,0.9999999999975561,0.0055148335996666464,0.004076004474932615,0.0013907475942115317,0
2026-06-11 21:00:00+00:00,1.1578,1.1578,1.1575199999999999,1.15766,376,1.1568239999999999,1.154525,1.154307,1.1544484,1.155221288208086,1.154630048265807,0.0005912399422789427,-2.7358385637155793e-06,0.0005939757808426583,62.42187499999949,1.154307,1.1581677285923035,1.1504462714076964,0.006689257870399426,0.0018521428571429052,0.9607567189943034,0.005891144167941009,0.003336771218831469,0.0013974895215191014,0
2026-06-11 22:00:00+00:00,1.15771,1.15848,1.15728,1.1584699999999999,1039,1.157508,1.1549770000000001,1.1544915,1.1545314,1.1557210900222266,1.1549144891350065,0.0008066008872200658,0.00015913150659304076,0.000647469380627025,71.37064071370526,1.1544915,1.158776746538416,1.150206253461584,0.007423608642274107,0.0018328571428571758,0.999999999997928,0.002960910783083026,0.003916980805060755,0.0013996738654368684,0
2026-06-11 23:00:00+00:00,1.1584699999999999,1.15862,1.15741,1.1575199999999999,1175,1.157856,1.155435,1.154642,1.1546044,1.1559978454034225,1.1551074899398208,0.0008903554636017219,0.00030537629799477707,0.0005849791656069448,65.82761250953375,1.154642,1.1591363079790766,1.1501476920209233,0.007784764418887731,0.0018671428571428767,0.8851470912993253,0.0015054768208482283,0.003972453033115109,0.0013942187736559358,0
2026-06-12 00:00:00+00:00,1.15754,1.15763,1.15659,1.15695,2060,1.157678,1.1559380000000001,1.1547485,1.1546707999999999,1.156144330725973,1.1552439721665007,0.0009003585594722363,0.000424372750290269,0.0004759858091819673,64.40298507462644,1.1547485,1.159359988057615,1.1501370119423848,0.007986999866404039,0.0018600000000000044,0.8556284602038177,-0.0007686727008913152,0.0043666226821306164,0.0013592176235056404,0
2026-06-12 01:00:00+00:00,1.15696,1.157,1.15615,1.15632,1809,1.157384,1.156426,1.15483,1.1547282,1.1561713567681309,1.1553236779319451,0.0008476788361857501,0.0005090339674693652,0.0003386448687163849,59.42900075131473,1.15483,1.1594944455867595,1.1501655544132405,0.008078151046923774,0.0018457142857142919,0.7525662807756711,-0.0012696603010909913,0.004238171333287077,0.0013687033963976426,1
2026-06-12 02:00:00+00:00,1.15631,1.157,1.15626,1.15666,1289,1.157184,1.1570040000000001,1.1549559999999999,1.1547778,1.156246532649957,1.155422664751801,0.0008238678981558056,0.0005720007536066533,0.0002518671445491523,60.02960769800135,1.1549559999999999,1.1596777588159548,1.150234241184045,0.00817651722828391,0.0017064285714285849,0.7650110045386913,-0.0008638114817821618,0.005022243848185948,0.0013328177735421134,0
2026-06-12 03:00:00+00:00,1.15667,1.15749,1.15648,1.15717,1505,1.1569239999999998,1.157216,1.1550905,1.154846,1.1563886045499636,1.1555520969924085,0.000836507557555155,0.0006249021143963537,0.00021160544315880134,66.25672559569522,1.1550905,1.1599074589664502,1.1502735410335498,0.008340400975421719,0.0016150000000000014,0.894038420062399,-0.0011221697583880808,0.0018354183801567725,0.0007626927391134524,1
2026-06-12 04:00:00+00:00,1.1572,1.1575,1.15683,1.15711,1027,1.1568420000000001,1.157349,1.155286,1.1549037999999998,1.156499588465354,1.155667497215193,0.0008320912501609268,0.0006663399415492684,0.00016575130861165837,71.53526970954348,1.155286,1.1600972736031598,1.1504747263968402,0.008329147246932456,0.0015492857142857133,0.999999999997935,-0.00035420554288456696,0.0011507380297288705,0.0007485522972378793,1
2026-06-12 05:00:00+00:00,1.15711,1.15736,1.15572,1.15574,1601,1.1566,1.157139,1.1554045,1.1549188,1.1563827287014532,1.1556728677918453,0.0007098609096078956,0.0006750441351609939,3.4816774446901695e-05,66.6151468315298,1.1554045,1.1601331115688085,1.1506758884311914,0.008185205387045922,0.0015928571428571261,0.8983335908503305,-0.001045853321232526,-0.0018137221032267226,0.0005842335800857763,1
2026-06-12 06:00:00+00:00,1.15576,1.15738,1.15576,1.15727,2211,1.1567900000000002,1.157087,1.1556134999999998,1.1549718,1.1565192319781528,1.1557911738813382,0.0007280580968145323,0.0006856469274917016,4.2411169322830616e-05,72.96908698777885,1.1556134999999998,1.1602804826835615,1.1509465173164382,0.008077065011029543,0.0016449999999999917,0.9999999999951339,0.0008215718832156327,-0.0004491315350798608,0.0007551013349066737,0
2026-06-12 07:00:00+00:00,1.15729,1.1573,1.15568,1.15664,2855,1.1567859999999999,1.156985,1.1557549999999999,1.1549965999999998,1.1565378116738216,1.155854049890128,0.0006837617836936705,0.0006852698987320954,-1.5081150384249663e-06,57.666345226614986,1.1557549999999999,1.1603629816337613,1.1511470183662385,0.007973976549980603,0.0013064285714285498,0.18706256761438286,-1.729116594340052e-05,-0.0008810877114179272,0.0007715840840746486,0
2026-06-12 08:00:00+00:00,1.15667,1.15854,1.1565,1.15765,3471,1.156882,1.156903,1.1559399999999997,1.155052,1.1567089175701568,1.1559870832316,0.0007218343385568815,0.0006925827866970527,2.925155185982877e-05,58.77934272300465,1.1559399999999997,1.160539945079789,1.1513400549202104,0.007958795577260648,0.001272142857142817,0.07273190084191447,0.00041480508481894773,-0.0007078301552908561,0.0007929210566885054,0
2026-06-12 09:00:00+00:00,1.15765,1.15895,1.15732,1.1583700000000001,2796,1.1571339999999999,1.156988,1.1562115,1.1551124,1.1569644687132097,1.1561635955848149,0.00080087312839483,0.0007142408550366082,8.663227335822181e-05,52.84640171858282,1.1562115,1.1607056659258033,1.1517173340741966,0.007773951263766737,0.0011614285714285355,0.0,0.0010889198088341878,0.0007343285645173836,0.0007723204403300688,0
2026-06-12 10:00:00+00:00,1.15835,1.15853,1.15687,1.15739,2343,1.157464,1.1570319999999998,1.156485,1.1551533999999999,1.1570299350650237,1.15625444035631,0.000775494708713742,0.0007264916257720351,4.9003082941706934e-05,48.04687499999927,1.156485,1.1605220416474669,1.152447958352533,0.006981572000444238,0.0012307142857142437,0.0,0.0014276567394049255,0.0003803102986299489,0.0008083703764164829,0
2026-06-12 11:00:00+00:00,1.15741,1.15792,1.15703,1.15713,1846,1.1574360000000001,1.157113,1.1567695,1.1551808,1.1570453296704046,1.1563192966262128,0.0007260330441918317,0.0007263999094559945,-3.668652641628531e-07,47.44455159112875,1.1567695,1.1600384703835673,1.1535005296164327,0.0056518958765204765,0.0012742857142856723,0.0,-0.00012097436207625378,0.0007004981320049009,0.0007888360892941487,1
2026-06-12 12:00:00+00:00,1.15713,1.15722,1.156,1.15634,2195,1.157376,1.157081,1.1570425,1.1552044000000001,1.1569368174134194,1.1563208302094563,0.0006159872039630532,0.0007043173683574063,-8.833016439435313e-05,39.71014492753692,1.1570425,1.1588056893949084,1.1552793106050916,0.0030477521697057494,0.001275714285714253,0.0,-0.0002593719739936162,-0.0002766586550931871,0.0008179892159943153,1
2026-06-12 13:00:00+00:00,1.15633,1.15789,1.15616,1.15693,3800,1.157232,1.157057,1.1571365,1.1552704,1.1569357685805857,1.1563659538976447,0.0005698146829409279,0.0006774168312741107,-0.0001076021483331828,47.04704704704788,1.1571365,1.1586326603489212,1.1556403396510788,0.0025859703655034543,0.0013128571428571156,0.22059938365446402,-0.00062194963935569,-0.00020740254240947387,0.0008226779472975642,1
2026-06-12 14:00:00+00:00,1.15692,1.1579,1.15659,1.15733,4127,1.157024,1.157079,1.157214,1.1553202,1.1569964195681879,1.1564373647200414,0.0005590548481464452,0.0006537444346485776,-9.468958650213236e-05,51.9348268839105,1.157214,1.1585681421833913,1.1558598578166086,0.0023403487745418915,0.0013321428571428293,0.36756075807204736,-0.0008978133066293026,0.00019012885551061842,0.0008305610031570037,0
2026-06-12 15:00:00+00:00,1.15732,1.15833,1.15713,1.15728,3152,1.1570019999999999,1.1572330000000002,1.1571859999999998,1.1553412,1.1570400473269282,1.1564997821481866,0.0005402651787416168,0.0006310485834671855,-9.07834047255687e-05,55.19480519480525,1.1571859999999998,1.15850842838835,1.1558635716116497,0.0022855934799594396,0.0013571428571428346,0.46557885813608857,-9.504142942295957e-05,0.0013324796234448488,0.0007175816044951831,0
2026-06-12 16:00:00+00:00,1.15726,1.15778,1.15693,1.1574200000000001,2617,1.15706,1.1572479999999998,1.1571675000000001,1.1553854,1.1570985015843238,1.1565679464335061,0.0005305551508176798,0.0006109498969372844,-8.039474611960459e-05,54.20353982300909,1.1571675000000001,1.158464457979354,1.1558705420206463,0.0022416080288355966,0.0013649999999999812,0.4357743811927841,0.0002506200686180904,0.00012961538793887506,0.0005843003055692361,1
2026-06-12 17:00:00+00:00,1.15743,1.15775,1.1571500000000001,1.1574200000000001,1531,1.157276,1.157326,1.1571555,1.1554356,1.1571479628790433,1.1566310615125057,0.0005169013665375921,0.000592140190857346,-7.523882431975388e-05,51.46541617819499,1.1571555,1.1584376277546162,1.1558733722453838,0.002215999067741932,0.0013357142857142654,0.35344693855055276,0.000933981354964919,0.0006743671323836686,0.0005509983828381887,1
2026-06-12 18:00:00+00:00,1.1574200000000001,1.15783,1.15719,1.15746,1321,1.1573820000000001,1.1573069999999999,1.157105,1.1554778,1.1571959685899595,1.1566924643634313,0.0005035042265282286,0.0005744129979915225,-7.090877146329392e-05,52.05640423031629,1.157105,1.1582402810921115,1.1559697189078886,0.0019622784312771494,0.00133357142857141,0.3712162365351087,0.0004581089607840205,-0.00016412559927447834,0.00047305727908051394,1
2026-06-12 19:00:00+00:00,1.15744,1.15773,1.15684,1.15713,1327,1.157342,1.157183,1.1570855000000002,1.155516,1.1571858195761198,1.1567248744105845,0.0004609451655352981,0.0005517194315002777,-9.07742659649796e-05,59.30388219544809,1.1570855000000002,1.1582040418140087,1.1559669581859917,0.0019333779811578314,0.0012799999999999795,0.5891268950275722,-0.00017281155763693157,-0.0010704697117502882,0.00042119465865195996,1
2026-06-12 20:00:00+00:00,1.15711,1.15716,1.15653,1.15669,930,1.157224,1.157113,1.1570725,1.1555538,1.1571095396413322,1.1567222911209116,0.0003872485204206022,0.0005188252492843426,-0.00013157672886374041,45.45454545454546,1.1570725,1.1582036452046027,1.1559413547953972,0.001955184665788495,0.0012078571428571097,0.2931753370188787,-0.0005098161205586704,-0.0006048090963287622,0.00035015697205857834,1
2026-06-14 21:00:00+00:00,1.1573,1.16035,1.15721,1.16035,567,1.15781,1.157435,1.157274,1.1556784,1.1576080720042043,1.1569910102971404,0.0006170617070639928,0.0005384725408402726,7.858916622372012e-05,69.71307120085041,1.157274,1.1590769963365686,1.1554710036634313,0.0031159368249328388,0.0013535714285713984,0.999999999996667,0.002531492457362061,0.002782746968793548,0.0010711585613716694,0
2026-06-14 22:00:00+00:00,1.16061,1.16172,1.16008,1.16084,2299,1.158494,1.157885,1.157483,1.1558255999999998,1.1581052916958652,1.1572761206455002,0.0008291710503649519,0.0005966122427452085,0.00023255880761974333,67.94150731158607,1.157483,1.1598630495351305,1.1551029504648695,0.004112457003913648,0.001324999999999989,0.9409536298819566,0.0029548478512553267,0.0038915889790200886,0.001016594122549159,0
2026-06-14 23:00:00+00:00,1.16082,1.16092,1.1602000000000001,1.16027,1354,1.159056,1.1582189999999999,1.157638,1.1559604,1.158438323742655,1.1574978894865744,0.0009404342560805912,0.0006653766454122851,0.00027505761066830606,60.86956521738987,1.157638,1.1603171954802232,1.1549588045197767,0.0046287275991686826,0.0012599999999999753,0.7052452183173533,0.002427729683963209,0.0028869508094697682,0.0010520114496424208,1
2026-06-15 00:00:00+00:00,1.16026,1.16114,1.15979,1.15985,1862,1.1596,1.158471,1.157775,1.1560978,1.1586555047053235,1.1576721198949764,0.0009833848103470988,0.0007289782783992479,0.0002544065319478509,65.03667481662697,1.157775,1.1606158560607829,1.1549341439392171,0.004907440669876067,0.0012378571428571159,0.8441353239444735,0.002350643402210695,0.002177425626225915,0.0010713837650248798,1
2026-06-15 01:00:00+00:00,1.15984,1.16013,1.15941,1.1598,1390,1.1602219999999999,1.1587230000000002,1.1579780000000002,1.156224,1.1588315809045044,1.1578297406434968,0.0010018402610076915,0.0007835506749209367,0.00021828958608675485,66.75031367628569,1.1579780000000002,1.1607866303086583,1.155169369691342,0.0048509217077666025,0.0012257142857142586,0.9012510480589317,0.0026887065678788957,0.002177519701368702,0.0010713812222541764,1
2026-06-15 02:00:00+00:00,1.1598,1.16011,1.15939,1.15993,1020,1.1601380000000001,1.158974,1.1581110000000001,1.1563383999999999,1.1590005684576576,1.157985315410645,0.0010152530470126653,0.0008298911493392825,0.00018536189767338277,74.55540355677167,1.1581110000000001,1.1610282871320303,1.15519371286797,0.005038009537998016,0.0011899999999999769,0.9999999999965637,-0.0003619597535227115,0.002168616405453294,0.001071474357936585,1
2026-06-15 03:00:00+00:00,1.15992,1.1605,1.15981,1.16039,868,1.1600480000000002,1.159271,1.1582985000000001,1.1564392,1.1592143271564794,1.1581634401950416,0.0010508869614378469,0.0008740903117589955,0.0001767966496788514,74.09470752089162,1.1582985000000001,1.1612985721044262,1.155298427895574,0.005180136388722076,0.0011157142857142674,0.9841689879260563,-0.00038765032218057716,0.0025660520813532983,0.001069881365721856,0
2026-06-15 04:00:00+00:00,1.16039,1.16131,1.16028,1.16124,824,1.1602419999999998,1.1596490000000002,1.1584780000000001,1.1565684,1.1595259691324056,1.1583913335139273,0.0011346356184782636,0.000926199373102849,0.00020843624537541453,75.6225425950201,1.1584780000000001,1.1617334252693592,1.155222574730641,0.005620176247385049,0.0010957142857142793,0.9999999999966853,0.000836012307480205,0.0032657716033384077,0.0010765159850531112,0
2026-06-15 05:00:00+00:00,1.16124,1.16218,1.16124,1.16165,1357,1.1606020000000001,1.160101,1.158642,1.1567112,1.1598527431120356,1.1586327162165992,0.0012200268954363214,0.0009849648775695436,0.0002350620178667778,77.34668335419208,1.158642,1.1621916929444907,1.1550923070555092,0.0061273334550114725,0.0010771428571428401,0.9999999999968645,0.0015519248178643696,0.0039062162419090107,0.0010549220115384603,0
2026-06-15 06:00:00+00:00,1.16165,1.16177,1.16006,1.16061,2104,1.160764,1.1604930000000002,1.158803,1.156827,1.1599692441717224,1.1587791816820363,0.0011900624896861167,0.0010259843999928582,0.00016407808969325847,67.94150731158437,1.158803,1.162405298096925,1.155200701903075,0.006217274371787141,0.0011385714285714016,0.7050942124898303,0.0006983962752198369,0.0033889806257509925,0.0011079672033124132,1
2026-06-15 07:00:00+00:00,1.16064,1.16103,1.16012,1.1606,2523,1.160898,1.160518,1.1589765,1.1569452,1.160066283529919,1.1589140571129966,0.001152226416922364,0.0010512328033787594,0.00010099361354360455,67.86516853932537,1.1589765,1.1625737754309995,1.1553792245690007,0.0062076762229422485,0.001160714285714261,0.7027005575865756,0.0005776210633401391,0.00021545223423968807,0.0004921946400091234,1
2026-06-15 08:00:00+00:00,1.16058,1.16101,1.1596899999999999,1.16015,1951,1.16085,1.1604489999999998,1.1591669999999998,1.1570654,1.1600791629868545,1.1590056084379596,0.001073554548894906,0.0010556971524819888,1.7857396412917278e-05,64.44683136412445,1.1591669999999998,1.1625749479857876,1.155759052014212,0.005879994833855359,0.0012092857142857064,0.5955162356716726,-0.00020682701505525536,-0.000594397160676774,0.0004855436491251127,1
2026-06-15 09:00:00+00:00,1.16014,1.16106,1.16003,1.16068,1659,1.160738,1.16049,1.1593544999999998,1.1571894,1.1601715994504154,1.159129637442555,0.0010419620078603309,0.0010529501235576574,-1.0988115697326472e-05,68.66456361724401,1.1593544999999998,1.162655182385609,1.1560538176143906,0.005694000214100538,0.0012192857142857244,0.7277661421024696,-0.00048224311942413056,0.00035336602687308094,0.0004844281873686424,1
2026-06-15 10:00:00+00:00,1.16069,1.1614200000000001,1.1602999999999999,1.16102,1464,1.160612,1.160607,1.159539,1.1573458,1.16030212261189,1.1592696642986622,0.0010324583132277354,0.001048851761491673,-1.639344826393765e-05,73.00743889479159,1.159539,1.162775091860015,1.1563029081399852,0.005581686963551798,0.0012542857142857475,0.7366502792874743,-0.00054233202771925,0.001008751131611696,0.0004687459049240228,0
2026-06-15 11:00:00+00:00,1.16102,1.16139,1.16055,1.16089,1780,1.160668,1.1607159999999999,1.1597195,1.1574962,1.1603925652869838,1.1593896891654278,0.0010028761215559179,0.001039656633504522,-3.67805119486041e-05,54.591836734693494,1.1597195,1.1628251449453293,1.1566138550546707,0.005355855351797185,0.0010528571428571728,0.0,0.0002412524448351938,0.0009398172098638025,0.0004715941598509923,0
2026-06-15 12:00:00+00:00,1.16086,1.16195,1.16042,1.1615199999999999,2110,1.1608519999999998,1.160875,1.1599245,1.1576648,1.160566016781294,1.1595474899679887,0.001018526813305165,0.0010354306694646505,-1.6903856159485508e-05,55.6478405315596,1.1599245,1.162930721443698,1.1569182785563021,0.005183477793076855,0.0010450000000000262,0.04640786266414907,0.000792693434430225,0.0013707723741949174,0.0004926148583979989,0
2026-06-15 13:00:00+00:00,1.16151,1.16202,1.16119,1.16164,2301,1.16115,1.161,1.1601355,1.1578214,1.1607312449687872,1.1597024907111007,0.0010287542576865594,0.0010340953871090324,-5.341129422473025e-06,62.29802513465059,1.1601355,1.1629901359340398,1.1572808640659602,0.004921211244789569,0.0010528571428571887,0.3386614082170876,0.0012843166831875141,0.0010772240367462604,0.00048410735644149856,0
2026-06-15 14:00:00+00:00,1.16164,1.16183,1.16054,1.16074,2646,1.1611619999999998,1.16095,1.1602995,1.1579572,1.160732591896666,1.159779343251019,0.0009532486456469424,0.0010179260388166144,-6.467739316967191e-05,57.35537190082679,1.1602995,1.1628696400740266,1.1577293599259735,0.0044301321754022325,0.001048571428571478,0.12144820012775133,5.169383464886934e-05,-0.0004305742137714619,0.0005022876108459428,0
2026-06-15 15:00:00+00:00,1.16073,1.16073,1.15964,1.15981,1786,1.16092,1.160766,1.1604335,1.1580946,1.1605906546817943,1.159781614121314,0.0008090405604803674,0.000976148943149365,-0.00016710838266899752,50.07215007215055,1.1604335,1.1625466894079322,1.1583203105920676,0.003642068947392951,0.0010757142857143384,0.0,-0.0010421870424281998,-0.001583953858735443,0.0005328668437902292,0
2026-06-15 16:00:00+00:00,1.15982,1.16048,1.1596899999999999,1.16032,1460,1.160806,1.160737,1.160615,1.1582626,1.16054901549998,1.1598214945567722,0.0007275209432078267,0.0009264233431610574,-0.00019890239995323073,52.667578659371436,1.160615,1.1617894382756304,1.1594405617243695,0.002023820604818071,0.0010807142857143395,0.0951594133755641,-0.0004910025928381856,-0.00024986860357911755,0.000493515107678902,0
2026-06-15 17:00:00+00:00,1.16032,1.16039,1.15977,1.15993,1131,1.1604880000000002,1.16067,1.1605940000000001,1.1584324,1.160453782346137,1.159829531997011,0.0006242503491258322,0.0008659887443540124,-0.00024173839522818018,46.82320441988869,1.1605940000000001,1.1618029038097224,1.1593850961902779,0.0020832501455673087,0.0010757142857143384,0.0,-0.0013688959294717584,-0.0005772876098570912,0.0005030894690900555,0
2026-06-15 18:00:00+00:00,1.15993,1.16029,1.15936,1.15944,1336,1.1600480000000002,1.160599,1.1605240000000001,1.1586036,1.1602978158313466,1.1598006777750103,0.0004971380563363326,0.0007922186067504765,-0.0002950805504141439,36.9186046511626,1.1605240000000001,1.1618310722607597,1.1592169277392406,0.0022525553297640466,0.0010685714285714823,0.0,-0.0018938741778864454,-0.000611989828901427,0.0005057327083029247,0
2026-06-15 19:00:00+00:00,1.15946,1.15958,1.15843,1.15851,1402,1.159602,1.1603819999999998,1.160436,1.1586728000000002,1.1600227672419086,1.1597050720138984,0.000317695228010173,0.0006973139310024159,-0.00037961870299224284,28.783783783783022,1.160436,1.162022248802449,1.158849751197551,0.002733884165001694,0.0010835714285714853,0.0,-0.0019211882075229614,-0.0018695936864596696,0.0005189981481425768,1
2026-06-15 20:00:00+00:00,1.1585,1.1589800000000001,1.15835,1.1589,800,1.1594200000000001,1.16017,1.1603885,1.1587352,1.1598500338200766,1.1596454370499059,0.00020459677017070632,0.000598770498836074,-0.0003941737286653677,37.333333333334295,1.1603885,1.1621005412562997,1.1586764587437004,0.002950807003515884,0.0010064285714286461,0.19332525835033715,-0.0007846112725360399,-0.0018259806032625558,0.0005236521255152297,0
2026-06-15 21:00:00+00:00,1.15883,1.15914,1.1586400000000001,1.15903,610,1.1591619999999998,1.1599840000000001,1.16035,1.158759,1.1597238747708338,1.1595998491202832,0.00012402565055058545,0.0005038215291789762,-0.0003797958786283908,38.57350800582214,1.16035,1.1621501286504052,1.1585498713495948,0.0031027339171891956,0.0009771428571429303,0.22136850057832583,-0.0011117622724765575,-0.0016022189871564008,0.0005317471119922701,0
2026-06-15 22:00:00+00:00,1.15902,1.1591,1.15852,1.15885,553,1.158946,1.1597169999999999,1.160296,1.1587801999999998,1.159589432498398,1.1595443047410028,4.512775739518027e-05,0.00041208277482221705,-0.0003669550174270368,40.15151515151479,1.160296,1.1622103491404903,1.1583816508595097,0.0032997599586489447,0.0009242857142857743,0.2570509230675576,-0.000931090669264445,-0.002298712032509087,0.0004716443351393425,0
2026-06-15 23:00:00+00:00,1.15885,1.1593499999999999,1.15882,1.15909,470,1.1588759999999998,1.159462,1.160231,1.1588087999999999,1.1595125967294138,1.1595106525379655,1.9441914482776212e-06,0.00033005505814742914,-0.0003281108666991515,37.400950871633,1.160231,1.1622187826843293,1.1582432173156707,0.003426529172775609,0.0008885714285714766,0.19485424861875394,-0.0003018698682123455,-0.002195172342550178,0.00048084655211673866,0
2026-06-16 00:00:00+00:00,1.15907,1.15934,1.15877,1.15927,1046,1.159028,1.1593149999999999,1.1601325,1.1588248,1.159475274155658,1.159492826424042,-1.755226838406898e-05,0.0002605335928411295,-0.0002780858612251985,35.77235772357864,1.1601325,1.1621049403800252,1.1581600596199748,0.0034003708714740732,0.0008492857142857428,0.20852550014812887,0.0006560150538192921,-0.0012664334820891021,0.0004505319478076263,0
2026-06-16 01:00:00+00:00,1.15926,1.15948,1.15866,1.15877,1381,1.1590019999999999,1.159211,1.1599885,1.1588498,1.1593667704394028,1.1594392837259648,-7.251328656199263e-05,0.00019392421696050506,-0.0002664375035224977,33.742331288345085,1.1599885,1.1619144368192404,1.1580625631807597,0.0033206136427048356,0.000847857142857178,0.14795344619725095,-0.00011217533868324026,-0.000896698597183998,0.00040150952361176856,0
2026-06-16 02:00:00+00:00,1.15877,1.1589,1.15825,1.15876,992,1.158948,1.159055,1.159896,1.158886,1.1592734211410332,1.1593889664129304,-0.00011554527189727715,0.00013203031918894862,-0.00024757559108622574,26.610169491528325,1.159896,1.1618732751053493,1.1579187248946508,0.0034094006796286658,0.0007850000000000357,0.0,-0.0002329534179442705,-0.00134445670159955,0.0003585658957907345,1
2026-06-16 03:00:00+00:00,1.15878,1.15886,1.1583700000000001,1.15862,925,1.1589019999999999,1.158924,1.159797,1.158932,1.1591728948116433,1.1593320059378986,-0.00015911112625532908,7.380203010009307e-05,-0.00023291315635542216,24.493243243244635,1.159797,1.1618235199624052,1.1577704800375948,0.0034946114921925397,0.000760714285714305,0.0,-0.000198472623721746,-0.0011293784969782505,0.0003515072223893309,1
2026-06-16 04:00:00+00:00,1.15862,1.15868,1.15755,1.15789,1216,1.158662,1.158769,1.159684,1.1589566,1.1589755263790829,1.1592251906832394,-0.0002496643041565161,9.10876324877122e-06,-0.0002587730674052873,25.217391304349235,1.159684,1.1618731541265086,1.1574948458734913,0.0037754321461857944,0.0007492857142857222,0.02570240079869044,-0.0010352949296429381,-0.0013368522735113242,0.0003770247018996421,1
2026-06-16 05:00:00+00:00,1.1579,1.15807,1.15751,1.15755,1000,1.158318,1.158673,1.1595275,1.1589642,1.1587562146284547,1.1591011024844808,-0.0003448878560261548,-6.169056060621401e-05,-0.0002831972954199408,28.100775193800317,1.1595275,1.1618596990977874,1.1571953009022127,0.004022671472280508,0.0007107142857142788,0.12804319595336225,-0.001483692323617447,-0.0008286505942977085,0.0003040983227531149,1
2026-06-16 06:00:00+00:00,1.15753,1.15872,1.15745,1.15871,1773,1.158306,1.1586539999999999,1.159412,1.1589962,1.1587491046856155,1.1590721319300747,-0.0003230272444592064,-0.00011395789737681251,-0.00020906934708239387,36.144578313252275,1.159412,1.1616602704463976,1.1571637295536026,0.0038782942498396195,0.0007449999999999798,0.5217803550031308,-5.177904157005475e-05,-0.00016394857192181256,0.000445867821103805,1
2026-06-16 07:00:00+00:00,1.15873,1.15954,1.15848,1.15954,1792,1.158462,1.1587049999999999,1.1593445,1.1590722,1.1588707808878285,1.1591067888241433,-0.00023600793631484152,-0.00013836790516441835,-9.764003115042316e-05,46.880000000000926,1.1593445,1.1614843816986828,1.1572046183013172,0.003691537241402955,0.000776428571428551,0.9999999999955331,0.0006731333494425229,0.0004400231227836837,0.0005025390885036808,1
2026-06-16 08:00:00+00:00,1.15956,1.16063,1.15928,1.16053,1686,1.158844,1.1588730000000003,1.159295,1.1591373999999999,1.1591260453666241,1.1592122118742068,-8.616650758264122e-05,-0.00012792762564806294,4.176111806542172e-05,58.074074074074026,1.159295,1.1612617927405702,1.1573282072594298,0.0033930841426387786,0.0008064285714285413,0.999999999997022,0.0016485128860197484,0.0014497130776200962,0.0005564670985728428,0
2026-06-16 09:00:00+00:00,1.16052,1.1609,1.1599599999999999,1.16006,1560,1.159278,1.15897,1.159216,1.1592058,1.1592697306948359,1.1592750109946357,-5.2802997998480095e-06,-0.00010339816047841994,9.811786067857193e-05,62.32114467408689,1.159216,1.1608915630633012,1.1575404369366988,0.002890855652960602,0.000791428571428554,0.9999999999973564,0.0018740985758578521,0.0008368634014617182,0.0005819588168766391,1
2026-06-16 10:00:00+00:00,1.16007,1.16126,1.16002,1.16115,1609,1.1599979999999999,1.1591580000000001,1.1592365,1.1592757999999999,1.1595590028956304,1.159413899069107,0.00014510382652344056,-5.369776307804783e-05,0.0001988015896014884,66.09442060085777,1.1592365,1.160998380275562,1.157474619724438,0.003039725328803743,0.0008349999999999667,0.9999999999975961,0.0031100168459243793,0.0016217102141864448,0.0006423785796235999,1
2026-06-16 11:00:00+00:00,1.16115,1.16115,1.1596899999999999,1.15989,1595,1.1602340000000002,1.15927,1.1592405,1.1593062,1.159609925527072,1.1594491658047288,0.00016075972234319558,-1.0806265993799137e-05,0.00017156598833699473,55.29556650246377,1.1592405,1.1610082160405875,1.1574727839594123,0.0030497830960660257,0.0009035714285714004,0.7404195077067495,0.0010183738812992171,0.0009665421093054682,0.0007359603960309779,1
2026-06-16 12:00:00+00:00,1.1599,1.16015,1.1591,1.15994,1975,1.160314,1.1593879999999999,1.1592215000000001,1.1593572,1.1596607062152147,1.1594855238932675,0.00017518232194713157,2.6391451594387016e-05,0.00014879087035274456,56.821026282854206,1.1592215000000001,1.1609480514762531,1.1574949485237471,0.0029788120324769716,0.0009371428571428268,0.7770881761743164,0.0003449643824273707,0.0010183299389001643,0.0007353180195186757,1
2026-06-16 13:00:00+00:00,1.15992,1.16033,1.15909,1.15926,2393,1.16006,1.1594520000000001,1.1591879999999999,1.1593997999999999,1.1595990591051817,1.1594688184196922,0.00013024068548950218,4.7161298373410056e-05,8.307938711609212e-05,51.0083036773429,1.1591879999999999,1.1608823696235488,1.157493630376451,0.0029233732984623095,0.0009878571428571276,0.6373632218652147,-0.0010943275917039141,0.0005523812811794038,0.0007651159485677616,1
2026-06-16 14:00:00+00:00,1.15927,1.1608100000000001,1.15876,1.16065,2805,1.160178,1.1597279999999999,1.1592485,1.159486,1.1597607423197691,1.1595563133515667,0.00020442896820238587,7.861483233920523e-05,0.00012581413586318065,57.15767634854782,1.1592485,1.161062913345857,1.1574340866541428,0.0031303268382181734,0.001093571428571424,0.7851804968026217,0.0005085943830489548,0.002383646114915816,0.0008008189208807728,1
2026-06-16 15:00:00+00:00,1.16065,1.16185,1.15997,1.16138,2482,1.160224,1.1601110000000001,1.159392,1.159575,1.1600098588859584,1.1596914012514505,0.0003184576345078849,0.00012658339277294117,0.00019187424173494372,63.221884498480776,1.159392,1.161403729813432,1.1573802701865679,0.003470318603944338,0.001169285714285714,0.9309506056096172,0.0001980794901608185,0.003308712366636435,0.0007857166351213143,0
2026-06-16 16:00:00+00:00,1.16139,1.16196,1.16113,1.16128,1965,1.160502,1.160368,1.159511,1.159654,1.1602052652111956,1.1598090752328245,0.0003961899783710976,0.00018050470989257247,0.00021568526847852513,62.650602409639546,1.159511,1.1616759251841053,1.1573460748158946,0.003734203787812935,0.0011821428571428619,0.9172182517406633,0.001198389502452768,0.0022179837923208545,0.0007572293295948155,0
2026-06-16 17:00:00+00:00,1.16128,1.16135,1.16105,1.16112,1216,1.1607379999999998,1.1605260000000002,1.1596155,1.1597308,1.1603459936402423,1.159906180771134,0.00043981286910832473,0.00023236634173572296,0.00020744652737260177,62.525050100200566,1.1596155,1.1618820482683523,1.1573489517316475,0.0039091375862988645,0.0011685714285714552,0.9126802861612707,0.0010172939979653517,0.001362609310588514,0.0007432983802517303,1
2026-06-16 18:00:00+00:00,1.16112,1.16139,1.16062,1.16104,1126,1.161094,1.160577,1.1597250000000001,1.1598031999999998,1.1604527638494357,1.1599901673806796,0.0004625964687561268,0.00027841236713980376,0.00018418410161632305,66.88102893890738,1.1597250000000001,1.1620467643019525,1.1574032356980477,0.0040039911219511715,0.0011428571428571757,0.9999999999974213,0.0015354622776599935,0.00043945438721970653,0.0007003847573931513,0
2026-06-16 19:00:00+00:00,1.16104,1.16135,1.1605699999999999,1.1608100000000001,1148,1.1611259999999999,1.160652,1.159811,1.1598709999999999,1.160507723257215,1.1600508957228515,0.0004568275343634909,0.0003140954005845412,0.00014273213377894968,67.67895878525052,1.159811,1.1621609778274713,1.1574610221725286,0.00405234616238572,0.0011585714285714849,0.9999999999968289,0.0001378537888254705,0.000646518283537123,0.0006885996831212692,1
2026-06-16 20:00:00+00:00,1.1608,1.16096,1.16063,1.1608,617,1.1610099999999999,1.160617,1.1598875,1.1599378,1.1605526889099511,1.1601063849285662,0.000446303981384899,0.0003405371167446128,0.00010576686464028621,62.94919454770879,1.1598875,1.162262801642922,1.157512198357078,0.004095744876847091,0.001091428571428632,0.7725961051005457,-0.000499405879212711,-0.0003014253111138787,0.0006162435015870352,1
2026-06-16 21:00:00+00:00,1.16079,1.16102,1.16058,1.16077,703,1.160908,1.160705,1.1599875,1.1600106000000001,1.1605861213853434,1.1601555416005243,0.0004305797848191961,0.0003585456503595295,7.203413445966661e-05,58.459422283357085,1.1599875,1.162332922192972,1.157642077807028,0.0040438749434316456,0.001047142857142913,0.4469601558990384,-0.00043917057040510077,0.0007586926346463407,0.0004935427290201245,1
2026-06-16 22:00:00+00:00,1.1608100000000001,1.16127,1.16079,1.16121,395,1.1609260000000003,1.160832,1.16011,1.160101,1.160682102710675,1.160233649630115,0.0004484530805599629,0.00037652713639961625,7.192594416034667e-05,55.0595238095242,1.16011,1.162441360569579,1.157778639430421,0.00401920605732033,0.0009864285714286261,0.2430150528538815,7.751136833422656e-05,0.0010948842181492946,0.0005024128237151066,0
2026-06-16 23:00:00+00:00,1.16121,1.16146,1.16089,1.16096,498,1.1609099999999999,1.161002,1.160227,1.1601132,1.160724856139802,1.1602874533612177,0.0004374027785842838,0.0003887022648365498,4.870051374773396e-05,56.92307692307645,1.160227,1.1624769599996712,1.1579770400003286,0.003878482399860128,0.0009600000000000401,0.3548014884485515,-6.890374147328071e-05,0.0014664527370908953,0.00045697218136223365,1
2026-06-17 00:00:00+00:00,1.16096,1.16164,1.16085,1.16143,1041,1.1610340000000001,1.1610800000000001,1.1604040000000002,1.160125,1.1608333398106017,1.160372086445572,0.00046125336502966796,0.0004032124848751735,5.804088015449446e-05,52.38095238095292,1.1604040000000002,1.16242520755988,1.1583827924401204,0.0034836273571614337,0.0009278571428571945,0.08233921790815993,0.0005341098026376834,0.0006720372205228919,0.00029353378858563045,0
2026-06-17 01:00:00+00:00,1.16143,1.16159,1.16102,1.16123,862,1.16112,1.161065,1.1605880000000002,1.1601442,1.1608943644551244,1.1604356355977519,0.00045872885737252567,0.00041431575937464406,4.44130979978816e-05,63.90041493775813,1.1605880000000002,1.1621279876965007,1.1590480123034996,0.002653805995754814,0.0008642857142857618,0.773341609966042,0.00037043418332172173,-0.00012915669289992326,0.0002243632423733818,0
2026-06-17 02:00:00+00:00,1.16123,1.16149,1.1609099999999999,1.1609099999999999,637,1.161148,1.161028,1.160698,1.1601654000000001,1.1608967699235668,1.1604707737016222,0.0004259962219446134,0.0004166518518886379,9.344370055975498e-06,59.528487229861156,1.160698,1.1619628877629016,1.1594331122370984,0.002179529495013462,0.0008307142857143354,0.5110887063115866,0.00012060959535453719,-0.0003186139432351798,0.0002387697622636229,0
2026-06-17 03:00:00+00:00,1.1609099999999999,1.16119,1.1608100000000001,1.161,559,1.1611059999999997,1.161016,1.160771,1.1601894,1.1609126514737873,1.1605099756496502,0.0004026758241371109,0.0004138566463383325,-1.1180822201221614e-05,69.33333333333248,1.160771,1.1619174710155855,1.1596245289844145,0.0019753612307432133,0.0007692857142857422,0.9999999999941013,-0.00018084584183741814,-0.000103348491111932,0.00023786112817122474,0
2026-06-17 04:00:00+00:00,1.161,1.16134,1.16098,1.1612,548,1.161154,1.161032,1.1608045,1.1602147999999999,1.1609568589393586,1.160561088564491,0.0003957703748675989,0.0004102393920441858,-1.4469017176586894e-05,58.30815709969772,1.1608045,1.1619604361665576,1.1596485638334424,0.001991612138921972,0.0006485714285714586,0.34963848059808117,0.00020672546857780638,0.00013780748294633938,0.00024342149768633806,0
2026-06-17 05:00:00+00:00,1.16121,1.16148,1.16102,1.16117,816,1.161102,1.161068,1.16086,1.1602304,1.160989649871765,1.1606061931152694,0.0003834567564955371,0.0004048828649344561,-2.1426108438918985e-05,45.97701149425239,1.16086,1.1619711492391576,1.1597488507608424,0.001914355286869322,0.0005471428571428889,0.0,-0.00022386196326940055,0.0003101282724993215,0.00023261475286311695,0
2026-06-17 06:00:00+00:00,1.1612,1.16145,1.16036,1.16077,1631,1.16101,1.161065,1.160841,1.1602210000000002,1.1609558575838013,1.1606183269585826,0.00033753062521868493,0.0003914124169913019,-5.388179177261696e-05,41.237113402062256,1.160841,1.1619442373415005,1.1597377626584995,0.0019007552998223343,0.0005657142857143123,0.0,-0.00039613168795149534,-2.584424534801677e-05,0.00026143708043155757,0
2026-06-17 07:00:00+00:00,1.16076,1.16149,1.16043,1.16083,1711,1.160994,1.1610710000000002,1.1608880000000001,1.1602046,1.160936494878601,1.160634006443132,0.00030248843546898385,0.0003736276206868383,-7.113918521785447e-05,44.839857651247264,1.1608880000000001,1.1618966906573407,1.1598793093426596,0.001737791513635337,0.0006200000000000015,0.12822878871198054,-6.89114573910743e-05,5.168982658054766e-05,0.00026181903855012066,0
2026-06-17 08:00:00+00:00,1.16083,1.16083,1.15979,1.16019,1624,1.160832,1.1609690000000001,1.1609005,1.1601962000000001,1.1608216495126622,1.1606011170769739,0.00022053243568831427,0.0003430085836871335,-0.00012247614799881925,37.388724035608405,1.1609005,1.1618649518487312,1.1599360481512686,0.001661558158914196,0.0006392857142857153,0.0,-0.0006976744186045769,-0.000878394088924539,0.0002789533988228085,0
2026-06-17 09:00:00+00:00,1.16019,1.16055,1.16006,1.16035,1143,1.160662,1.1609079999999998,1.160955,1.1601912,1.1607490880491758,1.1605825158120129,0.0001665722371628764,0.0003077213143822821,-0.0001411490772194057,43.030303030301276,1.160955,1.1615991150600822,1.1603108849399177,0.0011096296757104585,0.0006185714285714049,0.1766050397453805,-0.0007320013778849832,-0.0005254272326350451,0.0002833485190361787,0
2026-06-17 10:00:00+00:00,1.16035,1.16045,1.15953,1.1597,1414,1.160368,1.160735,1.1609075,1.1601822,1.160587689887764,1.1605171442703823,7.054561738173426e-05,0.00026028617498217256,-0.0001897405576004383,36.04060913705476,1.1609075,1.161754485366241,1.160060514633759,0.001459178041731919,0.0006607142857142685,0.0,-0.0012659645013219922,-0.001489543063292631,0.00027446775765289715,0
2026-06-17 11:00:00+00:00,1.1597,1.1597,1.15852,1.15912,1518,1.160038,1.1605240000000001,1.1607945000000002,1.160151,1.1603618914434926,1.160413652102206,-5.176065871337343e-05,0.00019787680824306334,-0.00024963746695643677,31.62583518930832,1.1607945000000002,1.1619299660532127,1.1596590339467876,0.0019563601536922767,0.0007135714285714087,0.0,-0.0014214702309675031,-0.0018170388295170037,0.00029626929405567775,1
2026-06-17 12:00:00+00:00,1.15914,1.16023,1.15904,1.16018,1722,1.1599080000000002,1.1604510000000001,1.1607395,1.1601342,1.1603339081444937,1.1603963445390795,-6.243639458580752e-05,0.00014581416767728918,-0.0002082505622630967,39.921722113502426,1.1607395,1.1618824873140614,1.1595965126859387,0.001969412282534319,0.0007628571428571286,0.2200062940396068,-0.000559944177872751,-0.0006288170486944411,0.0004523321361663441,0
2026-06-17 13:00:00+00:00,1.16017,1.16026,1.15953,1.15968,2083,1.1598060000000001,1.1603189999999999,1.1606675,1.1601100000000002,1.1602333068914945,1.1603432819806292,-0.00010997508913468401,9.465631631489453e-05,-0.00020463140544957855,38.05970149253787,1.1606675,1.1618883344860023,1.1594466655139977,0.0021036765240730836,0.0007742857142857115,0.1706256479450923,-0.0004395831717218801,-0.0011369509043928083,0.0004632531511088509,0
2026-06-17 14:00:00+00:00,1.15967,1.15981,1.15806,1.15893,2778,1.159522,1.1600920000000001,1.160562,1.1600582,1.1600327981389569,1.1602385944265086,-0.000205796287551685,3.4565795541578616e-05,-0.00024036208309326362,27.836879432624926,1.160562,1.1619937541688818,1.1591302458311183,0.0024673462837517496,0.0008428571428571294,0.0,-0.0012237686904813527,-0.001954874267998563,0.00047920904861812886,0
2026-06-17 15:00:00+00:00,1.15891,1.15939,1.15867,1.1592500000000001,1971,1.159432,1.1599,1.1604839999999998,1.1600104,1.1599123676560406,1.1601653652097301,-0.0002529975536895712,-2.294687430465137e-05,-0.00023005067938491986,32.81250000000175,1.1604839999999998,1.1620246956733915,1.1589433043266082,0.002655263964676216,0.0008535714285714059,0.11990471714210724,-0.0003880313874276009,-0.0016535046547877519,0.0005001471530101839,0
2026-06-17 16:00:00+00:00,1.15926,1.15931,1.15885,1.15914,1191,1.159436,1.1597370000000002,1.160401,1.1599784,1.1597935418628036,1.1600894122312317,-0.00029587036842815273,-7.753157312935166e-05,-0.00021833879529880107,34.05405405405608,1.160401,1.1620453831030477,1.1587566168969523,0.0028341635400998596,0.0008449999999999847,0.14982423886852086,1.7254468907657028e-05,-0.0014042402887738392,0.0004964292141117896,0
2026-06-17 17:00:00+00:00,1.15916,1.15961,1.15875,1.15951,1371,1.159302,1.159605,1.160338,1.1599724,1.159749920037757,1.160046492806696,-0.0002965727689390185,-0.00012133981229128506,-0.00017523295664773346,37.22126929674108,1.160338,1.1620189971978159,1.1586570028021843,0.002897426780499787,0.0008792857142857173,0.30797493845248597,-0.0005774965953558864,-0.0011371174073723234,0.0005147985685154981,0
2026-06-17 18:00:00+00:00,1.1595,1.15952,1.15353,1.15387,14402,1.15814,1.158973,1.159971,1.1598434,1.158845316955025,1.1595889748210146,-0.000743657865989622,-0.0002458034230309525,-0.0004978544429586696,17.480035492457915,1.159971,1.1632734131527882,1.156668586847212,0.005693958129622412,0.0012814285714285762,0.0,-0.005010002759382015,-0.005447383618200519,0.0015951512973390032,0
2026-06-17 19:00:00+00:00,1.15385,1.15418,1.14778,1.14939,10615,1.156232,1.157877,1.1593925,1.1596326000000001,1.1573906528080982,1.1588334952046433,-0.0014428423965451298,-0.00048521121773378807,-0.0009576311788113417,12.531806615776105,1.1593925,1.165124944596573,1.153660055403427,0.009888703948961134,0.0017057142857142787,0.0,-0.008231730993243813,-0.009445425949067165,0.0018843747012115652,1
2026-06-17 20:00:00+00:00,1.1494,1.15052,1.14867,1.1501000000000001,2072,1.154402,1.156917,1.1588260000000001,1.1594458,1.1562690139145446,1.158186569633929,-0.0019175557193844561,-0.0007716801180639219,-0.0011458756013205344,16.718652526513807,1.1588260000000001,1.165812755590714,1.1518392444092862,0.012058334194631346,0.0017599999999999838,0.12959141070218025,-0.007893034289411238,-0.008278002931792594,0.0019470128964812442,1
2026-06-17 21:00:00+00:00,1.15013,1.15032,1.14994,1.15032,407,1.152638,1.156037,1.1582804999999998,1.1592820000000001,1.1553537810046146,1.1576038607721566,-0.0022500797675419903,-0.001067360047959536,-0.0011827197195824544,17.54169240271841,1.1582804999999998,1.1661276113693053,1.1504333886306943,0.013549587287890099,0.0017114285714285701,0.1642666483892589,-0.007609089497386035,-0.007591966319276611,0.0019721117066535754,1
2026-06-17 22:00:00+00:00,1.15034,1.15056,1.15007,1.15043,837,1.1508220000000002,1.155062,1.1577565,1.1591126,1.154596276234674,1.1570724636779228,-0.002476187443248845,-0.0013491255270173979,-0.0011270619162314472,18.83780332056287,1.1577565,1.1662382581965922,1.149274741803408,0.014652058868323584,0.0016721428571428681,0.20676418335701308,-0.007830894084570161,-0.008403868365253642,0.001910906633239894,1
2026-06-17 23:00:00+00:00,1.15043,1.15083,1.15035,1.15064,759,1.150176,1.154158,1.1572385,1.1589448,1.1539876183524165,1.1565959848869656,-0.0026083665345491003,-0.0016009737285237384,-0.0010073928060253619,19.096117122853144,1.1572385,1.1661411767707484,1.1483358232292518,0.01538607084148738,0.0016714285714285934,0.23966158302306506,-0.00279927548163994,-0.007795253863134621,0.0019352603449731508,1
2026-06-18 00:00:00+00:00,1.15066,1.1520299999999999,1.15066,1.15152,2343,1.1506020000000001,1.153417,1.1567545,1.1587982000000001,1.153607984759737,1.1562199860064495,-0.0026120012467125697,-0.001803179232161505,-0.0008088220145510646,24.341279799248454,1.1567545,1.1658017036389392,1.1477072963610606,0.015642391949094288,0.001705000000000004,0.4311613588004518,0.001853156891916674,-0.006393828790349665,0.001996611649890783,0
2026-06-18 01:00:00+00:00,1.1515,1.1522000000000001,1.1515,1.15163,1467,1.150908,1.152655,1.1562775,1.158649,1.153303679412085,1.1558799870430088,-0.0025763076309237576,-0.001957804911913956,-0.0006185027190098017,25.791855203620415,1.1562775,1.1653504183490573,1.1472045816509429,0.015693323357165063,0.0016707142857143031,0.48412155885974295,0.0013303191026865502,-0.0065732154410180765,0.0019882095567670998,1
2026-06-18 02:00:00+00:00,1.15164,1.15204,1.15129,1.15174,997,1.151192,1.151915,1.155826,1.1584984,1.1530631133486875,1.1555733213361192,-0.002510207987431734,-0.0020682855270175117,-0.00044192246041422235,20.93663911845792,1.155826,1.1648562308649302,1.1467957691350699,0.01562558873901462,0.001639285714285732,0.329241112250892,0.0012344391125946874,-0.006384043342478107,0.001995095911234128,0
2026-06-18 03:00:00+00:00,1.15174,1.1524,1.15174,1.15231,843,1.151568,1.151195,1.1554,1.1583691999999999,1.1529472497565816,1.15533159382974,-0.002384344073158351,-0.0021314972362456797,-0.00025284683691267126,24.742974640164718,1.1554,1.1642380969611676,1.1465619030388323,0.01529876572817667,0.001634285714285731,0.49459027043766707,0.0016341715706300608,-0.006209519538425745,0.0020052147118022508,0
2026-06-18 04:00:00+00:00,1.15231,1.1526,1.15204,1.15228,1079,1.151896,1.151036,1.1550045,1.1582396,1.1528445959478768,1.1551055498423517,-0.002260953894474893,-0.0021573885678915225,-0.0001035653265833705,26.02739726027427,1.1550045,1.1636458168465451,1.1463631831534549,0.014963260916377593,0.001549285714285745,0.5466133799196977,0.0014252937495653484,-0.0013779715219218724,0.001341474637662021,0
2026-06-18 05:00:00+00:00,1.15228,1.15248,1.151,1.15106,1135,1.1518039999999998,1.1512030000000002,1.15454,1.1580884,1.1525700427251266,1.1548058794836589,-0.002235836758532228,-0.0021730782060196637,-6.275855251256434e-05,22.274881516587513,1.15454,1.162967563798586,1.146112436201414,0.014598998386519312,0.0016035714285714661,0.3946248254435946,-0.0003994720022232334,0.0014529446053994644,0.0004965702950739645,0
2026-06-18 06:00:00+00:00,1.15104,1.15282,1.15104,1.15195,2660,1.151868,1.151388,1.1541525,1.1579696,1.1524746515366455,1.1545943328552397,-0.002119681318594191,-0.0021623988285345693,4.2717509940378394e-05,26.881028938906923,1.1541525,1.1622887421818926,1.1460162578181072,0.014099076477142638,0.0016978571428571637,0.5811881169101194,0.0002778670232628233,0.0016085557777583137,0.0005150940555633843,0
2026-06-18 07:00:00+00:00,1.1519300000000001,1.1522999999999999,1.15063,1.15125,2844,1.15177,1.151481,1.153759,1.1578436,1.1522862436079309,1.1543466044955923,-0.002060360887661483,-0.002141991240359952,8.163035269846903e-05,23.992443324937426,1.153759,1.161640947127876,1.145877052872124,0.013663073705818863,0.001755714285714289,0.7986939257751278,-0.00042544324239834896,0.0008084706864177615,0.0005689920440440968,0
2026-06-18 08:00:00+00:00,1.15126,1.15138,1.14817,1.14825,3187,1.150958,1.151263,1.1531625,1.1576344,1.1516652830528646,1.1538950041625855,-0.0022297211097208613,-0.002159537214232134,-7.018389548872715e-05,28.776435045317598,1.1531625,1.1608003251933743,1.145524674806626,0.013246745698675065,0.00155714285714286,0.9999999999938443,-0.0035233574298582093,-0.0018949436297732714,0.0010221320545576798,0
2026-06-18 09:00:00+00:00,1.14825,1.14858,1.14745,1.14765,3162,1.1500320000000002,1.150964,1.152561,1.1573966,1.1510475471985777,1.1534324112616534,-0.002384864063075698,-0.002204602584000847,-0.00018026147907485067,40.70512820512902,1.152561,1.1599276614590994,1.1451943385409005,0.012783117698932166,0.001180714285714281,0.9999999999958311,-0.004018120595688512,-0.002598553848293217,0.0010179507544651413,1
2026-06-18 10:00:00+00:00,1.14764,1.14772,1.14595,1.14605,3184,1.1490300000000002,1.1504169999999998,1.151917,1.157107,1.150278693783412,1.1528855659830124,-0.0026068721996004296,-0.002285056507120764,-0.00032181569247966566,30.243902439023614,1.151917,1.159190684652322,1.1446433153476783,0.012628834633609556,0.0011750000000000055,0.5483733132080714,-0.004352509860476417,-0.0047502431568710035,0.0010053932614216986,1
2026-06-18 11:00:00+00:00,1.14607,1.14666,1.1454,1.14571,3196,1.147782,1.149825,1.15124,1.15682,1.1495758178167332,1.1523540425768632,-0.0027782247601300103,-0.0023836901577226136,-0.00039453460240739674,27.772420443587237,1.15124,1.1581513666864143,1.1443286333135858,0.012006821664317142,0.0012378571428571477,0.4085829963266114,-0.005416901775250671,-0.005140539930359567,0.0009881407445635907,1
2026-06-18 12:00:00+00:00,1.14571,1.14815,1.14531,1.14694,4037,1.1469200000000002,1.1493449999999998,1.15063,1.1565358000000001,1.1491703073833897,1.1519530023859845,-0.0027826950025948705,-0.002463491126697065,-0.00031920387589780535,34.812880765883406,1.15063,1.1567089749828827,1.1445510250171174,0.010566341887283798,0.0014057142857142799,0.727324521382134,-0.0037437567861020593,-0.0041676072724746716,0.0010976028115049833,0
2026-06-18 13:00:00+00:00,1.14692,1.14838,1.14627,1.1472,4480,1.1467100000000001,1.1488340000000001,1.1500145,1.156282,1.1488671831705606,1.151600928135171,-0.0027337449646103185,-0.002517541894279716,-0.00021620307033060233,35.09532062391618,1.1500145,1.15462261401088,1.14540638598912,0.008014010277053056,0.0015221428571428528,0.7162247677761638,-0.0009144350097974874,-0.004434570558269901,0.0010759059142401689,0
2026-06-18 14:00:00+00:00,1.1472,1.1487,1.14674,1.1486,3540,1.1469,1.1484660000000002,1.149751,1.1560552,1.1488260780673976,1.1513786371621952,-0.0025525590947976795,-0.002524545334383309,-2.8013760414370703e-05,37.89386401326682,1.149751,1.1540211455664098,1.1454808544335902,0.007427948427807083,0.0015628571428571516,0.8577906394554214,0.0008277785038992569,-0.0031936682056443733,0.0011952581458212598,0
2026-06-18 15:00:00+00:00,1.14861,1.14871,1.14687,1.14691,3086,1.147072,1.148051,1.1496270000000002,1.1558082,1.1485312968262595,1.1510476270020327,-0.0025163301757731293,-0.0025229023026612733,6.572126888143917e-06,32.697947214076976,1.1496270000000002,1.1540813443017277,1.1451726556982726,0.007749199178042148,0.0016442857142857012,0.5949523023228731,0.0007504035600540693,-0.0036053724393166897,0.0012302334591642197,0
2026-06-18 16:00:00+00:00,1.14692,1.14719,1.14613,1.14649,2605,1.1472280000000001,1.147505,1.1494465,1.155525,1.1482172511606812,1.150710025001882,-0.002492773841200835,-0.0025168766103691857,2.4102769168350777e-05,31.182795698924977,1.1494465,1.1541078992704272,1.1447851007295728,0.008110685047850754,0.0016664285714285449,0.48333125067866717,0.0006808005516230065,-0.004739789053344379,0.0011645854647146887,0
2026-06-18 17:00:00+00:00,1.14649,1.1473200000000001,1.14619,1.14624,1654,1.1470879999999999,1.147004,1.1492425000000002,1.1552222,1.1479130586744226,1.1503789120387797,-0.002465853364357118,-0.0025066719611667723,4.0818596809654405e-05,27.732942039618834,1.1492425000000002,1.154096090640517,1.1443889093594832,0.008446590933622686,0.0016999999999999713,0.2961469054234149,-0.0006103196331108673,-0.004351791530944782,0.0011661471504288922,1
2026-06-18 18:00:00+00:00,1.14626,1.14655,1.14587,1.14591,1630,1.14683,1.14677,1.1490165,1.1549148,1.1476048958014347,1.1500478815173887,-0.002442985715954027,-0.0024939347121242235,5.094899617019656e-05,27.135678391960198,1.1490165,1.154054696314726,1.1439783036852742,0.00876958044506046,0.0017085714285713927,0.26374019607498667,-0.0011244769874476646,-0.0020378837361202384,0.0008827193926990581,0
2026-06-18 19:00:00+00:00,1.14593,1.14625,1.14509,1.14572,2486,1.146254,1.146577,1.1487705,1.1546068,1.1473149118319832,1.1497272977012858,-0.0024123858693025912,-0.002477624943559897,6.523907425730596e-05,29.302325581395948,1.1487705,1.1539533075098996,1.1435876924901003,0.009023225282856122,0.0016857142857142587,0.3177156928699225,-0.002507400313425001,-0.00168169738160584,0.000875578744839355,1
2026-06-18 20:00:00+00:00,1.14573,1.14628,1.14556,1.1457,878,1.146012,1.1465420000000002,1.1484795,1.1543,1.1470664638578318,1.1494289793530423,-0.002362515495210493,-0.0024546030538900167,9.208755867952346e-05,24.02327514546974,1.1484795,1.153665852434941,1.1432931475650592,0.009031684823178683,0.0016099999999999845,0.0018448155250429948,-0.0010550086754846921,-0.00030539679769647776,0.0007622549518026474,0
2026-06-18 21:00:00+00:00,1.14571,1.1461999999999999,1.14554,1.14608,495,1.14593,1.146579,1.148202,1.1540054,1.1469147001873963,1.1491809068083725,-0.0022662066209762077,-0.002416923767307255,0.0001507171463310474,27.924850555081235,1.148202,1.1532711745409674,1.1431328254590325,0.008829760862578967,0.0015378571428571305,0.23388141566976467,-0.00035761323692318214,0.0003229438514109617,0.0007637525620130468,0
2026-06-18 22:00:00+00:00,1.14611,1.14631,1.1458599999999999,1.1463,616,1.1459420000000002,1.1465150000000002,1.1479300000000001,1.1537154,1.146820130927797,1.1489675063040485,-0.002147375376251537,-0.0023630140890961117,0.0002156387128445748,39.08174692049371,1.1479300000000001,1.1527788522787912,1.143081147721209,0.008447992959136985,0.0013407142857142665,0.902685794023009,5.2345058626723784e-05,-0.0005580065217012375,0.0006760859634347421,0
2026-06-18 23:00:00+00:00,1.1463,1.14631,1.14569,1.14582,586,1.145924,1.146377,1.1476055,1.1534164,1.1466662646312127,1.148734357688934,-0.0020680930577212653,-0.0023040298828211426,0.00023593682509987727,39.61407491486998,1.1476055,1.1520738847311707,1.1431371152688294,0.007787318431587537,0.0013042857142856943,0.9999999999935859,-7.854019949204982e-05,-0.0012029288702928298,0.0006769492500457992,0
2026-06-19 00:00:00+00:00,1.14582,1.14654,1.1458,1.14616,1387,1.146012,1.146133,1.1472995,1.1531154000000001,1.1465883777648724,1.1485436645267908,-0.0019552867619183623,-0.0022342812586405867,0.0002789944967222244,50.72847682119238,1.1472995,1.1512252984773437,1.1433737015226562,0.00684354604415631,0.0012307142857142597,0.9999999999962554,0.00038403798484787366,-0.0021243252655406275,0.0005180996363441079,0
2026-06-19 01:00:00+00:00,1.14619,1.14632,1.1452499999999999,1.14531,1139,1.145934,1.145973,1.1470120000000001,1.1528024,1.1463917042625844,1.1483041338211026,-0.001912429558518225,-0.0021699109186161143,0.0002574813600978894,47.51861042183663,1.1470120000000001,1.150606443665391,1.1434175563346092,0.006267490951081535,0.0012171428571428372,0.8798037012256762,-0.00034040324692319324,-0.0013950527940291835,0.0003428391220999792,0
2026-06-19 02:00:00+00:00,1.14531,1.1457600000000001,1.14514,1.14544,974,1.145806,1.145868,1.1466865000000002,1.1524826,1.1462452882221867,1.1480919757602803,-0.0018466875380935832,-0.002105266242511608,0.00025857870441802497,39.22413793103454,1.1466865000000002,1.1494901988727293,1.143882801127271,0.004890087870972811,0.0010585714285714168,0.5692098105114403,-0.0005584252408208368,-0.0009158387774860222,0.0003411570436163561,0
2026-06-19 03:00:00+00:00,1.14544,1.14545,1.14416,1.1442,1368,1.1453859999999998,1.145664,1.146334,1.152142,1.1459306284956967,1.147803681259519,-0.0018730527638222139,-0.002058823546773729,0.00018577078295151529,31.108312342570613,1.146334,1.1483967258410337,1.1442712741589662,0.003598821706472512,0.000999999999999985,0.2653055117541112,-0.0018319811567651945,-0.0017797319932997269,0.00046413698127211806,1
2026-06-19 04:00:00+00:00,1.14423,1.14432,1.1427,1.14287,1594,1.144796,1.14536,1.1460650000000001,1.1517811999999998,1.1454597625732819,1.1474382233884435,-0.00197846081516162,-0.002042751000451307,6.429018528968707e-05,13.595933926303573,1.1460650000000001,1.1484531946496779,1.1436768053503223,0.004167642585154884,0.0009757142857142702,0.0,-0.0025745754132411314,-0.0026529134050666814,0.0005596861449709322,1
2026-06-19 05:00:00+00:00,1.14285,1.14334,1.14174,1.14306,2688,1.144176,1.145094,1.1458355,1.1514224000000002,1.1450905683312385,1.1471139105448551,-0.0020233422136166634,-0.0020388692430843786,1.552702946771515e-05,19.78021978021974,1.1458355,1.148453490189463,1.143217509810537,0.004569574235504067,0.0009585714285714277,0.16654625220269417,-0.0027046834647868057,-0.0023216841811263267,0.0005758720329095873,1
2026-06-19 06:00:00+00:00,1.14306,1.1442,1.14288,1.14418,2402,1.1439499999999998,1.1449420000000001,1.1457419999999998,1.1510820000000002,1.1449504808956632,1.1468965838378289,-0.001946102942165684,-0.0020203159829006397,7.421304073495583e-05,33.66336633663373,1.1457419999999998,1.1484594182795091,1.1430245817204905,0.004743508188596267,0.0009771428571428828,0.5404270983293832,-0.0009866324401254234,-0.001326699834162448,0.0006918747683825805,1
2026-06-19 07:00:00+00:00,1.14416,1.1448800000000001,1.14414,1.14459,2282,1.14378,1.144793,1.145686,1.1507504000000002,1.1448950222963303,1.1467257257757675,-0.0018307034794371457,-0.001982393482207941,0.0001516900027707952,38.58921161825786,1.145686,1.1484519234682342,1.1429200765317657,0.004828414536328859,0.0009492857142857478,0.6730828471035641,-0.0007420729152116667,-0.0013000837637860974,0.0006939106417927699,1
2026-06-19 08:00:00+00:00,1.1446,1.14658,1.1446,1.1464,2169,1.1442200000000002,1.144803,1.145659,1.150463,1.145126557327664,1.1467015979405253,-0.0015750406128611782,-0.0019009229083385884,0.0003258822954774101,52.81285878300855,1.145659,1.148383616052241,1.142934383947759,0.004756417140250191,0.0010428571428571707,0.99999999999745,0.0019227407795838758,8.723719794123674e-05,0.0008797264810831946,0
2026-06-19 09:00:00+00:00,1.14641,1.14646,1.14582,1.14591,1681,1.144828,1.144812,1.1455945,1.1501645999999999,1.145247086969562,1.146642961056042,-0.00139587408648012,-0.0017999131439668948,0.0004040390574867748,51.05438401775751,1.1455945,1.1482249650380383,1.1429640349619619,0.004592314362609475,0.0010057142857143081,0.9551603096935352,0.002659970075336693,7.854636853954489e-05,0.0008801999981132717,1
2026-06-19 10:00:00+00:00,1.14591,1.14632,1.14524,1.14622,1688,1.14546,1.1448180000000001,1.1454755,1.1498852000000002,1.1453967658973216,1.1466116306074463,-0.0012148647101246635,-0.0016829034571984487,0.00046803874707378526,52.7956989247315,1.1454755,1.147720583283071,1.1432304167169292,0.003919914975171335,0.0010314285714285879,0.9995624374312949,0.0027645092995993714,5.2348712221705895e-05,0.0008792841459429911,1
2026-06-19 11:00:00+00:00,1.14623,1.14676,1.14589,1.14608,1524,1.14584,1.144895,1.145434,1.1495998,1.1455018788361953,1.1465722505624503,-0.001070371726255015,-0.001560397111009762,0.000490025384754747,50.0,1.145434,1.1475966046675075,1.1432713953324927,0.003776044132629894,0.001046428571428591,0.928274366402279,0.0016605778811027427,0.000672307060970434,0.0008418176711454258,1
2026-06-19 12:00:00+00:00,1.1461000000000001,1.14747,1.14609,1.1470799999999999,2298,1.1463379999999999,1.145059,1.1454635,1.1493474000000001,1.1457446667075497,1.1466098616318983,-0.0008651949243485557,-0.0014213566736775208,0.0005561617493289651,53.9634146341452,1.1454635,1.147701537439254,1.1432254625607459,0.003907653869816199,0.001113571428571444,0.9999999999975228,0.002175451471705836,0.0014317642128787167,0.0008797870545319547,1
2026-06-19 13:00:00+00:00,1.1471,1.14724,1.14567,1.14626,2187,1.14631,1.145265,1.1454645,1.1490902,1.1458239487525421,1.1465839459554614,-0.0007599972029193047,-0.0012890847795258777,0.000529087576606573,52.16110019646367,1.1454645,1.1477040156902492,1.143224984309751,0.00391023150913721,0.001181428571428603,0.9553523180992823,-0.00012212142358691835,0.0018003845481557867,0.0008290777668061996,1
2026-06-19 14:00:00+00:00,1.14626,1.14699,1.1457600000000001,1.14684,2287,1.146496,1.1456620000000002,1.145511,1.1488234,1.1459802643290742,1.1466029129217237,-0.0006226485926494885,-0.0011557975421505999,0.0005331489495011114,53.26295585412678,1.145511,1.147826784736957,1.143195215263043,0.004043234394007633,0.0012164285714285944,0.9826479441413192,0.0008115820614185143,0.0034737109207521044,0.0006840714229369476,1
2026-06-19 15:00:00+00:00,1.14685,1.14761,1.14622,1.14648,1684,1.146548,1.146004,1.145549,1.1485594000000001,1.1460571467399858,1.1465938082608553,-0.000536661520869508,-0.0010319703378943814,0.0004953088170248734,55.891238670694335,1.145549,1.1479038373506298,1.14319416264937,0.004111281753342568,0.0012392857142857286,0.9999999999976357,0.00022683254523547802,0.0029919689255157866,0.0007143522589327818,1
2026-06-19 16:00:00+00:00,1.14648,1.14692,1.14617,1.14687,1015,1.146706,1.146273,1.1456075000000001,1.1483182,1.1461822010876803,1.1466142669081993,-0.0004320658205190231,-0.0009119894344193098,0.00047992361390028666,57.016683022571264,1.1456075000000001,1.148035138011801,1.1431798619881992,0.004238167106624046,0.0012485714285714402,0.999999999997697,0.0006893061566384251,0.00235102868429804,0.0006741231903617077,0
2026-06-19 17:00:00+00:00,1.1469,1.14764,1.14677,1.14747,1043,1.146784,1.146561,1.145677,1.1480826,1.146380323997268,1.146677654544629,-0.00029733054736102993,-0.0007890576570076537,0.0004917271096466238,67.12041884816662,1.145677,1.148237543527934,1.1431164564720662,0.004469922199597075,0.0012185714285714339,0.9999999999981317,0.00033999372319293286,0.0025161848347443616,0.0006794661958326332,0
2026-06-19 18:00:00+00:00,1.14747,1.14804,1.14734,1.14764,717,1.1470600000000002,1.1466850000000002,1.145744,1.1478526,1.1465741203053805,1.1467489393931751,-0.00017481908779459765,-0.0006662099431650426,0.0004913908553704449,78.4266984505356,1.145744,1.148439738547474,1.1430482614525261,0.004705655971096436,0.001152857142857146,0.9999999999982948,0.001203915342068873,0.0010816468946266422,0.0004935084996064501,0
2026-06-19 19:00:00+00:00,1.1476600000000001,1.14785,1.14748,1.14757,513,1.1472060000000002,1.146851,1.1458315,1.1476138,1.1467273325660912,1.1468097586973844,-8.242613129327836e-05,-0.0005494531807906897,0.00046702704949741134,77.26723095525934,1.1458315,1.14864850307354,1.1430144969264597,0.0049169586864039935,0.0010649999999999985,0.9740978287223264,0.0006365316870704518,0.001448630346187807,0.0004619097430142801,0
2026-06-19 20:00:00+00:00,1.14758,1.14771,1.14664,1.14692,1720,1.147294,1.146921,1.1458695,1.1474748,1.1467569737097694,1.1468179247198005,-6.095101003111836e-05,-0.0004517527466387754,0.00039080173660765706,67.56410256410177,1.1458695,1.1487253967621982,1.143013603237802,0.00498468065028017,0.0010471428571428337,0.7273272801509834,0.00038378340660116805,0.0006107030064035346,0.0005099373603575272,0
2026-06-21 21:00:00+00:00,1.14618,1.14678,1.14563,1.14613,397,1.147146,1.146926,1.1459104999999998,1.1474096,1.1466605162159589,1.1467669673331484,-0.00010645111718954325,-0.000382692420748929,0.00027624130355938573,59.413202933985836,1.1459104999999998,1.148756102147084,1.1430648978529157,0.0049665347286444814,0.0010864285714285357,0.33113950782333523,-0.0006452344206404614,4.362697193927012e-05,0.0005614534079874175,1
2026-06-21 22:00:00+00:00,1.14626,1.14668,1.1457,1.14624,968,1.1469,1.146842,1.1459505,1.1473324,1.1465958214135035,1.1467279327158781,-0.00013211130237467117,-0.00033257619707407744,0.00020046489469940627,48.765432098764165,1.1459505,1.1487907407237703,1.14311025927623,0.004957004205277984,0.0010142857142856818,0.0,-0.0010719234489791063,-0.0007322941730305565,0.0004751194379299581,0
2026-06-21 23:00:00+00:00,1.14624,1.1466,1.1457600000000001,1.1461999999999999,889,1.146612,1.146836,1.1460504999999999,1.1472499999999999,1.146534925811426,1.146688826588776,-0.00015390077735011332,-0.00029684111312928464,0.00014294033577917132,52.40464344941884,1.1460504999999999,1.1487694818141727,1.143331518185827,0.004744959867253406,0.0010285714285713946,0.1226923795998031,-0.0012547488759542258,-5.2344145307525736e-05,0.00041834164251205276,0
2026-06-22 00:00:00+00:00,1.14622,1.14666,1.14574,1.14664,1693,1.146426,1.1468159999999998,1.146239,1.1471742,1.1465510910712065,1.1466852098044222,-0.00013411873321578227,-0.00026429663714658416,0.00013017790393080188,53.409090909091645,1.146239,1.1485164584173237,1.1439615415826763,0.003973793279279001,0.0010171428571428276,0.15655632349744555,-0.0008104080796813573,-0.00017439224303306133,0.0004032740274292324,0
2026-06-22 01:00:00+00:00,1.14664,1.14734,1.14634,1.14635,1886,1.146312,1.146803,1.1464035,1.1470884000000001,1.1465201539833285,1.146660379448539,-0.0001402254652105306,-0.00023948240275937344,9.925693754884285e-05,52.139461172741605,1.1464035,1.1481204406698213,1.1446865593301785,0.002995351409554177,0.001026428571428555,0.11375202373193889,-0.000496983224636427,-0.00011339055195025427,0.0003987262989961732,0
2026-06-22 02:00:00+00:00,1.1463700000000001,1.14674,1.146,1.1465,1133,1.1463860000000001,1.146766,1.1465195000000001,1.146988,1.1465170533705087,1.146648499489388,-0.00013144611887927482,-0.0002178751459833537,8.642902710407889e-05,44.68864468864673,1.1465195000000001,1.147880513167692,1.1451584868323084,0.00237416488370546,0.0009799999999999967,0.0,0.0003228255084501974,-0.0003226172103202307,0.0003834275372156004,0
2026-06-22 03:00:00+00:00,1.14651,1.14666,1.14542,1.14562,1096,1.1462620000000001,1.146581,1.146571,1.1468677999999999,1.1463790451596612,1.1465723143420259,-0.00019326918236473034,-0.00021295395325962905,1.9684770894898708e-05,44.20289855072531,1.146571,1.147679035720732,1.145462964279268,0.0019327816955636186,0.0009564285714285565,0.0,-0.0005408989391399999,-0.0016122425858626777,0.0003928345870575924,0
2026-06-22 04:00:00+00:00,1.14562,1.14567,1.14527,1.1455899999999999,1192,1.14614,1.146376,1.1465305000000001,1.1467448,1.1462576535966364,1.1464995503166906,-0.00024189672005414664,-0.0002187425066185326,-2.3154213435614047e-05,37.42454728370173,1.1465305000000001,1.147720997021592,1.1453400029784082,0.00207669490099375,0.0008971428571428504,0.0,-0.0005321933344966112,-0.0017862744414626208,0.0003812751370098893,1
2026-06-22 05:00:00+00:00,1.14561,1.14627,1.1454,1.14541,1187,1.145894,1.14616,1.1465055,1.1466068,1.146127245351,1.1464188428858246,-0.0002915975348245503,-0.00023331351225973614,-5.8284022564814166e-05,38.83089770355074,1.1465055,1.1477695865228958,1.145241413477104,0.002205112008439368,0.0008599999999999877,0.03429943014753727,-0.0010726993651015704,-0.001882238120550328,0.0003791836784432817,1
2026-06-22 06:00:00+00:00,1.14539,1.14633,1.1452,1.14598,2339,1.14582,1.146066,1.1464935,1.1464808,1.146104592220077,1.1463863360053932,-0.0002817437853162019,-0.00024299956687102932,-3.87442184451726e-05,41.04627766599565,1.1464935,1.1477734551803418,1.1452135448196583,0.002232817160047991,0.0008871428571428483,0.08833025290669787,-0.0003227635538883833,-0.0008195863704529849,0.00040938741202570066,0
2026-06-22 07:00:00+00:00,1.146,1.14622,1.1444,1.14457,2275,1.1454339999999998,1.1459100000000002,1.146418,1.146351,1.145868501109296,1.1462517925975864,-0.0003832914882904159,-0.00027105795115490663,-0.0001122335371355093,24.913494809689936,1.146418,1.1479533189281232,1.1448826810718766,0.0026784627040456594,0.0009549999999999916,0.0,-0.0016833842128216592,-0.0013611021437358595,0.0005195865563912771,1
2026-06-22 08:00:00+00:00,1.14457,1.14528,1.14413,1.14507,2666,1.145324,1.145793,1.1463174999999999,1.1462134,1.1457456547847888,1.1461642524051725,-0.0004185976203836539,-0.0003005658850006561,-0.00011803173538299776,28.968903436989066,1.1463174999999999,1.147931489825998,1.1447035101740017,0.002815956008694173,0.000987142857142853,0.07746168517974214,-0.00048008938391441713,-0.0010207286432160068,0.0005469613906404669,0
2026-06-22 09:00:00+00:00,1.14509,1.14629,1.14501,1.14578,2377,1.145362,1.145751,1.1462935,1.146104,1.145750938664052,1.1461357892640485,-0.00038485059999637805,-0.00031742282799980054,-6.742777199657751e-05,36.740740740741124,1.1462935,1.1479252672049216,1.1446617327950785,0.0028470321168558143,0.0010521428571428507,0.2773054489428707,0.00016585340304997587,-0.000366428197522084,0.0005931496372909025,0
2026-06-22 10:00:00+00:00,1.14578,1.14634,1.14542,1.14562,1885,1.145404,1.1456490000000001,1.1462325,1.1460514,1.1457307942541979,1.1460975826518967,-0.0003667883976987696,-0.0003272959419395944,-3.949245575917521e-05,39.61661341853138,1.1462325,1.1478694532033649,1.144595546796635,0.002856232402003742,0.0010414285714285582,0.42618095654103155,0.00018334046324031128,-0.0008895555710598524,0.0005747427022606892,0
2026-06-22 11:00:00+00:00,1.14562,1.14601,1.14471,1.14484,2035,1.145176,1.1454980000000001,1.1461505,1.1459952,1.1455937489843213,1.1460044283813857,-0.00041067939706440626,-0.0003439726329645568,-6.670676409984945e-05,39.68000000000004,1.1461505,1.1478959599757232,1.144405040024277,0.0030457779771909076,0.0010421428571428487,0.5182030633346998,-0.0009947817588439323,-0.001317224233436498,0.0006035273891054028,0
2026-06-22 12:00:00+00:00,1.14484,1.14617,1.14474,1.1454900000000001,2424,1.1453600000000002,1.1453970000000002,1.1460815,1.1459840000000001,1.145577787602118,1.1459663225753571,-0.00038853497323909636,-0.00035288510101946476,-3.56498722196316e-05,44.47717231222553,1.1460815,1.147816274670795,1.144346725329205,0.0030273146731623706,0.0010742857142856943,0.6865509124365253,0.0008037953117765451,-0.000880941997383311,0.0006393904707961795,0
2026-06-22 13:00:00+00:00,1.14547,1.14548,1.1428099999999999,1.14286,4700,1.144918,1.145121,1.145851,1.1459270000000001,1.1451596664325614,1.1457362246068121,-0.0005765581742507297,-0.0003976197156657178,-0.00017893845858501194,32.19616204690959,1.145851,1.1479875185652109,1.143714481434789,0.003729138544559301,0.001205714285714286,0.25557167541924153,-0.0019300130123049986,-0.002409175817461362,0.000934478104844717,0
2026-06-22 14:00:00+00:00,1.14285,1.14502,1.14253,1.14445,4898,1.144652,1.145007,1.1456915,1.1458772000000002,1.145050486981398,1.1456409487100112,-0.0005904617286132119,-0.0004361881182552167,-0.00015427361035799518,39.60113960113911,1.1456915,1.1477401634925755,1.1436428365074247,0.0035762916851096046,0.0013178571428571326,0.539471936295632,-0.0011607813018206237,-0.0009951204182996332,0.0010685300974736522,0
2026-06-22 15:00:00+00:00,1.14444,1.14501,1.14302,1.14317,2718,1.1441620000000001,1.144783,1.1454715,1.1457966,1.1447611812919523,1.1454579154722324,-0.0006967341802801563,-0.0004882973306602047,-0.00020843684961995164,36.197916666666806,1.1454715,1.1476136609847918,1.1433293390152082,0.003740225723279554,0.0013885714285714215,0.570636476891021,-0.0021385799828914642,-0.0019556316078959135,0.0011165022871907945,0
2026-06-22 16:00:00+00:00,1.14319,1.14322,1.14249,1.14309,1808,1.143812,1.144494,1.14528,1.1456864,1.1445040764778056,1.1452825143261411,-0.0007784378483355336,-0.0005463254341952705,-0.00023211241414026313,35.109170305676216,1.14528,1.1475574408538236,1.1430025591461765,0.003977090063257075,0.0013878571428571154,0.5211533207196211,-0.0015285978826736768,-0.0025218590202272795,0.0010915158223922586,0
2026-06-22 17:00:00+00:00,1.14309,1.14334,1.14268,1.14289,1154,1.143292,1.144326,1.145118,1.1456060000000001,1.1442557570196819,1.1451052910427233,-0.0008495340230414428,-0.000606967151964505,-0.00024256687107693773,37.32590529247848,1.145118,1.147593212696982,1.1426427873030183,0.004323070106280418,0.001346428571428558,0.6344620269433681,-0.0022697710150242356,-0.0014678001345485026,0.0010360086817261555,0
2026-06-22 18:00:00+00:00,1.14289,1.14314,1.1421999999999999,1.14242,1260,1.143204,1.1440610000000002,1.144927,1.1455246000000001,1.143973332862808,1.144906380595114,-0.0009330477323061803,-0.0006721832680328402,-0.0002608644642733401,35.86083853702064,1.144927,1.1476178194800568,1.1422361805199432,0.004700421040043222,0.0013850000000000012,0.5595749432005253,-0.0003849990375024426,-0.002314268996655211,0.0010175065438179885,1
2026-06-22 19:00:00+00:00,1.1424400000000001,1.14254,1.14189,1.14246,1225,1.142806,1.143729,1.14474,1.145449,1.1437405124223758,1.1447251672176981,-0.0009846547953222817,-0.0007346775734907286,-0.0002499772218315531,36.67570009033409,1.14474,1.1475743234597093,1.1419056765402908,0.004951907786413059,0.0013692857142857079,0.6012267008112133,-0.001738826510550906,-0.0028975894150709003,0.0009792225304847617,1
2026-06-22 20:00:00+00:00,1.14248,1.1429,1.14243,1.14278,720,1.142728,1.143445,1.144547,1.1453864,1.1435927412804718,1.144581080757128,-0.0009883394766561082,-0.0007854099541238046,-0.00020292952253230358,35.212569316080675,1.144547,1.1473621926176132,1.1417318073823868,0.004919313261252189,0.0013221428571428431,0.5264385750073453,-0.00034115660837852335,-0.002479007000576239,0.0009952347216450766,0
2026-06-22 21:00:00+00:00,1.14277,1.1428,1.14248,1.14278,418,1.1426659999999997,1.143239,1.1443685000000001,1.1453276,1.1434677041603993,1.144447667367711,-0.0009799632073117515,-0.0008243206047613941,-0.00015564260255035737,40.4888416578098,1.1443685000000001,1.14715491270993,1.1415820872900702,0.004869782259700374,0.0012149999999999978,0.7428255412273281,-0.0002711947440708906,-0.001799378079033076,0.0009855539439467664,0
2026-06-22 22:00:00+00:00,1.1428,1.14287,1.14253,1.14274,445,1.142636,1.1429639999999999,1.1441804999999998,1.1452684,1.143355749674184,1.1443211734886214,-0.0009654238144374272,-0.0008525412466966007,-0.00011288256774082649,36.98324022346371,1.1441804999999998,1.1468669688230895,1.1414940311769102,0.004695882901499632,0.0011571428571428566,0.3897951449511299,-0.00013124622667082253,-0.0024007193428140505,0.0009526462947760966,1
2026-06-22 23:00:00+00:00,1.14272,1.14292,1.14253,1.14268,397,1.142688,1.142946,1.1440335000000001,1.1452004,1.143251788185848,1.1441996050820569,-0.0009478168962089306,-0.0008715963765990667,-7.622051960986392e-05,31.3253012048186,1.1440335000000001,1.1467100435292097,1.1413569564707906,0.004679134884091315,0.001093571428571424,0.0,0.0002275870520473955,-0.00015749960625099924,0.0006211405343015501,0
2026-06-23 00:00:00+00:00,1.14267,1.14275,1.14223,1.14267,1234,1.1427299999999998,1.1427679999999998,1.1438875,1.1451278,1.143162282311102,1.1440863010019047,-0.0009240186908026082,-0.000882080839439775,-4.1937851362833234e-05,31.901840490797227,1.1438875,1.1465248261979293,1.1412501738020706,0.004611163594198442,0.0010649999999999985,0.04383705415494412,0.00018381387532162563,-0.0015553322556686178,0.000379653851245175,0
2026-06-23 01:00:00+00:00,1.14268,1.1428,1.1421999999999999,1.14267,1280,1.142708,1.142718,1.1437505,1.1450647999999999,1.1430865465709323,1.1439813898165785,-0.0008948432456461486,-0.0008846333206810497,-1.0209924965098936e-05,35.27815468113947,1.1437505,1.1463390372826678,1.141161962717332,0.00452640201279553,0.001015000000000004,0.3005544567772283,-9.625649731337393e-05,-0.0004373802671517879,0.0001729610733072072,0
2026-06-23 02:00:00+00:00,1.14266,1.14316,1.14252,1.14256,1031,1.142664,1.142665,1.1435795,1.1449928,1.1430055394061736,1.1438761016820171,-0.0008705622758435894,-0.0008818191117135576,1.1256835869968254e-05,28.5505124450941,1.1435795,1.1459938995658894,1.1411651004341106,0.004222530337225182,0.0009585714285714435,0.0,-0.00019251299462708094,-0.0004636555301856804,0.00017360281584706343,0
2026-06-23 03:00:00+00:00,1.14255,1.14298,1.14184,1.14294,1178,1.142704,1.14267,1.1434980000000001,1.1449454000000001,1.1429954564206084,1.1438067608166824,-0.0008113043960740196,-0.00086771616858565,5.641177251163043e-05,50.87336244541575,1.1434980000000001,1.1458814658533942,1.141114534146606,0.004168727629421488,0.0008485714285714366,0.9999999999955204,0.00017501793933871745,4.374874222379255e-05,0.00020345452586481122,0
2026-06-23 04:00:00+00:00,1.14295,1.14298,1.14194,1.14207,860,1.1425820000000002,1.1426349999999998,1.143348,1.144878,1.1428530785097455,1.1436781118672985,-0.0008250333575530178,-0.0008591796063791236,3.414624882610586e-05,19.170984455957708,1.143348,1.145692189681697,1.1410038103183031,0.004100570747833411,0.0007450000000000274,0.0,-0.0005338327440753687,-0.0003063671854485195,0.0002931955069923388,0
2026-06-23 05:00:00+00:00,1.14206,1.14255,1.14187,1.14229,1348,1.1425059999999998,1.1426180000000001,1.1431735,1.1448398,1.1427664510467077,1.143575288766017,-0.0008088377193093965,-0.0008491112289651784,4.027350965578184e-05,34.28571428571519,1.1431735,1.145260959044815,1.141086040955185,0.0036520423974401063,0.0006514285714285885,0.47676959232319693,-0.0003325544557921667,-0.00014880170859377095,0.00030124122539505695,0
2026-06-23 06:00:00+00:00,1.14227,1.14298,1.14192,1.14229,2130,1.1424299999999998,1.142569,1.143007,1.1448282,1.1426931508856757,1.1434800821907567,-0.0007869313050810067,-0.0008366752441883441,4.9743939107337347e-05,35.29411764706073,1.143007,1.1447804189402027,1.1412335810597976,0.0031030762544805995,0.0006750000000000288,0.5085780377867418,-0.0003325544557921667,-0.00042877894257853377,0.00028325548870797887,0
2026-06-23 07:00:00+00:00,1.14227,1.14388,1.14095,1.14115,3332,1.1421480000000002,1.142406,1.1428224999999999,1.14479,1.1424557430571103,1.14330748350996,-0.0008517404528496364,-0.0008396882859206026,-1.2052166929033773e-05,26.2295081967233,1.1428224999999999,1.1445604101183835,1.1410845898816162,0.0030414349006668063,0.0008371428571428855,0.22264966189888002,-0.0012340708584230864,-0.0014263462783735692,0.0004127105286655915,0
2026-06-23 08:00:00+00:00,1.14117,1.14171,1.14044,1.14082,2575,1.141724,1.142214,1.142589,1.1447228,1.1422040902790933,1.143123225472185,-0.0009191351930917246,-0.0008555776673548269,-6.35575257368977e-05,27.27272727272785,1.142589,1.1440508359043224,1.1411271640956777,0.0025588131941098008,0.0008607142857143099,0.25555631250875405,-0.0018548655222497823,-0.001680172217652487,0.0004131710588153547,0
2026-06-23 09:00:00+00:00,1.14081,1.1411,1.14058,1.14105,1804,1.1415199999999999,1.142051,1.1424984999999999,1.144652,1.1420265379284635,1.142969653214986,-0.0009431152865224668,-0.0008730851911883549,-7.003009533411192e-05,30.99730458220897,1.1424984999999999,1.1441064967925505,1.1408905032074492,0.0028148777307815055,0.0008514285714286141,0.3730420516134957,-0.0008931151330479059,-0.0014264711030209654,0.00042859484724057145,0
2026-06-23 10:00:00+00:00,1.14108,1.1412499999999999,1.13955,1.1400299999999999,1942,1.1410680000000002,1.141787,1.1422775,1.1445245999999998,1.1417193782471615,1.142751901124987,-0.0010325228778254036,-0.0009049727285157647,-0.0001275501493096389,18.82086167800594,1.1422775,1.1439689755316982,1.140586024468302,0.002961584258988079,0.0009392857142857457,0.0,-0.0019784818216040945,-0.0023103783244508014,0.0004854949309274673,0
2026-06-23 11:00:00+00:00,1.14006,1.14026,1.13842,1.1385399999999999,2114,1.1403180000000002,1.1413739999999999,1.1420460000000001,1.1443772,1.1412302431322134,1.142439908449062,-0.0012096653168485183,-0.0009659112461823155,-0.0002437540706662028,14.06779661017076,1.1420460000000001,1.1443716320025281,1.1397203679974721,0.004072746636349148,0.0010478571428571718,0.0,-0.0032828791287677905,-0.0036143418484778644,0.0005825667215181221,0
2026-06-23 12:00:00+00:00,1.13855,1.13943,1.13823,1.13886,2708,1.1398599999999999,1.1410040000000001,1.1418345,1.1442299999999999,1.1408655903426421,1.1421747300454277,-0.0013091397027855667,-0.001034556937502966,-0.00027458276528260074,18.608414239483977,1.1418345,1.1445042800028882,1.139164719997112,0.004676299416225537,0.0011092857142857332,0.12336768981154442,-0.0020067475791964995,-0.0032383419689119286,0.0006131008875259431,0
2026-06-23 13:00:00+00:00,1.13889,1.13999,1.13848,1.13896,3213,1.139488,1.1406059999999998,1.141638,1.1440876,1.1405724225976204,1.1419366018939143,-0.0013641792962939547,-0.0011004814092611637,-0.000263697887032791,20.096463022510093,1.141638,1.144548348866886,1.138727651133114,0.005098549394617234,0.00118928571428575,0.16379768319034796,-0.0016304061990497498,-0.0034822475370536177,0.000588354995193375,0
2026-06-23 14:00:00+00:00,1.13897,1.1391,1.13755,1.13818,3529,1.138914,1.140217,1.141426,1.1439096,1.140204357582602,1.1416583350869578,-0.00145397750435583,-0.0011711806282800972,-0.0002827968760757329,17.88268955651081,1.141426,1.1446924314989784,1.1381595685010217,0.005723422278760633,0.0012628571428571847,0.10364989261152853,-0.0025152272030146694,-0.003406095948584542,0.0005828753845265301,0
2026-06-23 15:00:00+00:00,1.13818,1.13852,1.13752,1.13825,2479,1.138558,1.1398129999999997,1.1412155,1.1437494,1.1399036871852786,1.1414058658212571,-0.0015021786359785683,-0.0012373802298197914,-0.00026479840615877687,18.696883852692835,1.1412155,1.1447342346709992,1.1376967653290007,0.006166643672469011,0.0012914285714285942,0.1257713918386954,-0.001561362420287038,-0.0035367551147257315,0.0005708884853007128,0
2026-06-23 16:00:00+00:00,1.13826,1.13836,1.1378300000000001,1.1379299999999999,1677,1.138436,1.139377,1.140973,1.1435712,1.139600043002928,1.141148394278942,-0.0015483512760139373,-0.0012995744390586208,-0.0002487768369553165,18.156808803302752,1.140973,1.1447000792855384,1.1372459207144616,0.006533159479739472,0.0012835714285714475,0.11109765874609233,-0.0005357738858537964,-0.0038168941337139994,0.0005582970806679383,1
2026-06-23 17:00:00+00:00,1.13792,1.13813,1.13764,1.1379299999999999,1189,1.1382499999999998,1.1390550000000002,1.1407305,1.1434001999999999,1.13934311331017,1.140909994702724,-0.0015668813925540093,-0.0013530358297576986,-0.0002138455627963107,13.642960812773495,1.1407305,1.1445912688081743,1.1368697311918259,0.006768941144598498,0.001237142857142873,0.0,-0.0008166060797640817,-0.0028217149366869254,0.0005241444624642507,1
2026-06-23 18:00:00+00:00,1.1379299999999999,1.13804,1.13758,1.13788,1035,1.1380339999999998,1.138761,1.1404875,1.1432204,1.1391180189547592,1.1406855506506701,-0.0015675316959109509,-0.0013959350029883492,-0.00017159669292260166,15.485996705109159,1.1404875,1.1444267111153417,1.1365482888846585,0.006907942639163634,0.0011957142857142841,0.08512413015310481,-0.0009482334761536926,-0.002577093669465791,0.0005295021894235115,1
2026-06-23 19:00:00+00:00,1.13786,1.13826,1.1378300000000001,1.13787,1196,1.137972,1.1384429999999999,1.140247,1.1430284,1.1389260160386423,1.1404769913432131,-0.001550975304570823,-0.0014269430633048442,-0.00012403224126597882,12.286689419795735,1.140247,1.144209854367442,1.136284145632558,0.006950870061384815,0.0011778571428571352,0.0,-0.0002723646523397072,-0.0027869067963717242,0.0005131429912474095,0
2026-06-23 20:00:00+00:00,1.13788,1.13814,1.13775,1.13808,626,1.137938,1.138248,1.1400175000000001,1.1428372,1.1387958597250052,1.1402994364289012,-0.0015035767038960035,-0.0014422697914230763,-6.13069124729272e-05,15.32125205930906,1.1400175000000001,1.1439207125770667,1.1361142874229335,0.006847636246051671,0.0011299999999999802,0.1621840122922885,-0.0001493520755545541,-0.0017104813031234567,0.00048190931586058013,0
2026-06-23 21:00:00+00:00,1.13808,1.13833,1.13801,1.13833,585,1.138018,1.138227,1.1398005000000002,1.1426524,1.1387241889980813,1.1401535522489825,-0.001429363250901261,-0.0014396884833187133,1.0325232417452302e-05,22.77992277992449,1.1398005000000002,1.1435628255687058,1.1360381744312946,0.006601726475300884,0.0009435714285714088,0.560817122739608,0.00035151547107492576,-0.00018444674758888446,0.000282736016086403,0
2026-06-23 22:00:00+00:00,1.13832,1.13832,1.13786,1.13813,505,1.138058,1.1381539999999999,1.139579,1.1424766,1.1386327753060688,1.1400036594897986,-0.0013708841837298813,-0.0014259276234009472,5.504343967106589e-05,23.366336633665924,1.139579,1.1431752313608456,1.1359827686391542,0.0063115086551186845,0.000886428571428542,0.5921583613171785,0.00017575773553746288,-0.0006409918690619687,0.0002653403481472941,0
2026-06-23 23:00:00+00:00,1.13813,1.13832,1.13785,1.13789,599,1.13806,1.138047,1.1393265,1.1423117999999999,1.138518502182058,1.139847092120184,-0.0013285899381259014,-0.0014064600863459382,7.787014822003679e-05,18.774703557315718,1.1393265,1.1426260200609053,1.1360269799390945,0.0057920535700791516,0.0008828571428571059,0.5855794875254987,8.788272928716978e-06,-0.0009394535365595535,0.00026314407817335395,0
2026-06-24 00:00:00+00:00,1.13789,1.1381999999999999,1.1373,1.13761,1654,1.1380080000000001,1.1379899999999998,1.1391034999999998,1.1421392,1.1383787326155874,1.1396813815927629,-0.001302648977175469,-0.0013856978645118445,8.304888733637545e-05,21.990740740744386,1.1391034999999998,1.1422200924375503,1.1359869075624494,0.005472009238055137,0.0008257142857142551,0.875844793028512,-0.0002284971042385564,-0.0005007995220439598,0.00017573656596556197,0
2026-06-24 01:00:00+00:00,1.13761,1.13766,1.13707,1.13761,1605,1.1379139999999999,1.137926,1.1388695,1.1419674,1.1382604660593432,1.139527945919225,-0.0012674798598817372,-0.0013620542635858232,9.457440370408605e-05,33.56890459364371,1.1388695,1.1416649510041388,1.1360740489958612,0.004909168265791304,0.0007364285714285268,0.9999999999953013,-0.000412976240686036,-0.000562266637381903,0.0001724431236346363,0
2026-06-24 02:00:00+00:00,1.13761,1.13767,1.13665,1.13673,1104,1.137594,1.1378059999999999,1.1385915,1.1417692,1.138025009742521,1.139320690665949,-0.001295680923427911,-0.001348779595554241,5.3098672126329974e-05,18.584070796462797,1.1385915,1.1410388855009443,1.1361441144990556,0.004298970264479167,0.0007235714285713948,0.29589877393852426,-0.0014055678054694098,-0.001054546413223889,0.00028034765790807195,0
2026-06-24 03:00:00+00:00,1.13674,1.13684,1.13611,1.1367,1426,1.137308,1.1376830000000002,1.138369,1.1415762,1.1378211620898255,1.1391265654314342,-0.0013054033416086686,-0.0013401043447651266,3.4701003156458e-05,15.963855421689985,1.138369,1.1406397652317242,1.1360982347682758,0.003989506446019179,0.000667857142857109,0.1727811683059924,-0.001256446978816217,-0.0010809100735544863,0.0002793669743294543,0
2026-06-24 04:00:00+00:00,1.13669,1.13672,1.1360999999999999,1.13628,950,1.136986,1.137523,1.1381419999999998,1.1413718,1.1375840602298524,1.1389157087328095,-0.0013316485029570835,-0.001338413176403518,6.764673446434501e-06,17.905405405408402,1.1381419999999998,1.1402852253119102,1.1359987746880893,0.0037661826238034775,0.0006014285714285464,0.26400992282470015,-0.00141489950698237,-0.0014061236685767309,0.00028983093851254576,0
2026-06-24 05:00:00+00:00,1.1363,1.13681,1.13625,1.13676,1130,1.136816,1.137412,1.1379275,1.1411946,1.137457281732952,1.1387560266044532,-0.0012987448715011674,-0.001330479515423048,3.173464392188072e-05,27.89317507418619,1.1379275,1.1396657371592593,1.1361892628407406,0.0030550929813355585,0.0005699999999999912,0.7333111486202196,-0.0007471804924359393,-0.0009755068680955548,0.00033946154709638983,0
2026-06-24 06:00:00+00:00,1.13674,1.1374900000000001,1.13573,1.13594,2125,1.1364819999999998,1.1371980000000002,1.1377229999999998,1.1410016,1.1372238537740362,1.1385474320411604,-0.001323578267124148,-0.0013290992657632682,5.520998639120143e-06,24.289405684757085,1.1377229999999998,1.139380215165887,1.1360657848341127,0.0029132137890982733,0.0006578571428571545,0.5639787102450754,-0.0014679899086682546,-0.001880359904400386,0.0003748477044853477,0
2026-06-24 07:00:00+00:00,1.13592,1.13609,1.1351,1.13514,2611,1.136164,1.136879,1.137553,1.1407961999999998,1.1369032608857228,1.138295029667741,-0.0013917687820181879,-0.0013416331690142523,-5.013561300393557e-05,20.128479657390315,1.137553,1.1395249944487882,1.1355810055512119,0.0034670814437448632,0.0006935714285714363,0.36846682422391297,-0.0013987490433083893,-0.0028023508121546303,0.0003770237325749708,0
2026-06-24 08:00:00+00:00,1.13514,1.13555,1.13377,1.13527,2941,1.135878,1.136593,1.1373735,1.140582,1.136651989980227,1.1380709533960565,-0.0014189634158294773,-0.0013570992183772974,-6.186419745217984e-05,22.52631578947515,1.1373735,1.1394926386037363,1.1352543613962638,0.0037263723899602866,0.0007878571428571655,0.48113536518576155,-0.0012580276238234323,-0.002512893957632323,0.00039664894230891475,0
2026-06-24 09:00:00+00:00,1.13527,1.13536,1.13442,1.13458,2372,1.135538,1.1362619999999999,1.1371544999999998,1.1403822,1.1363332222909612,1.137812364255608,-0.001479141964646713,-0.0013815077676311808,-9.763419701553223e-05,19.7053406998172,1.1371544999999998,1.1394786747829821,1.1348303252170175,0.004087702740449609,0.0008242857142857377,0.24025493866868877,-0.0014961101137044297,-0.0029088927752244365,0.00041170448990579387,0
2026-06-24 10:00:00+00:00,1.13457,1.13464,1.13381,1.13396,2038,1.134978,1.1358970000000002,1.1369434999999999,1.1401599999999998,1.135968111169275,1.1375270039403778,-0.0015588927711027711,-0.001416984768325499,-0.00014190800277727217,14.726027397261532,1.1369434999999999,1.1396158242398535,1.1342711757601462,0.004700891891028254,0.0008557142857143247,0.0,-0.002463140856469148,-0.0032084809381069945,0.00041894113077410887,1
2026-06-24 11:00:00+00:00,1.13398,1.13487,1.13367,1.13401,2387,1.134592,1.135537,1.1367315,1.1399246,1.1356668632970788,1.1372664851299794,-0.0015996218329006329,-0.001453512181240526,-0.0001461096516601069,11.702127659572653,1.1367315,1.1396305326881782,1.1338324673118219,0.005100646349957135,0.000918571428571467,0.0,-0.001699033399651384,-0.003164529144434436,0.0004229109813920038,1
2026-06-24 12:00:00+00:00,1.13401,1.13459,1.13249,1.13288,3206,1.13414,1.1351520000000002,1.136479,1.1396698,1.1352381150975284,1.1369415603055364,-0.0017034452080080253,-0.001503498786594026,-0.0001999464214139993,10.045662100455232,1.136479,1.1397890605815373,1.1331689394184628,0.005825115257804617,0.0010350000000000398,0.0,-0.001990943848335869,-0.003386908060841076,0.000454364586894039,1
2026-06-24 13:00:00+00:00,1.13289,1.13479,1.13243,1.13438,4162,1.133962,1.13492,1.1363014999999999,1.1394606,1.1351060973902163,1.136751815097719,-0.0016457177075026586,-0.0015319425707757527,-0.00011377513672690583,27.58620689654967,1.1363014999999999,1.1396642574839044,1.1329387425160953,0.005918776810388048,0.001170000000000036,0.7456686637099036,-0.0007839544777894503,-0.0020409958652239935,0.0006947425850137452,1
2026-06-24 14:00:00+00:00,1.13437,1.13519,1.13358,1.13414,3835,1.133874,1.134706,1.1361145000000001,1.1392335999999998,1.1349574670224907,1.1365583473127028,-0.0016008802902121033,-0.0015457301146630232,-5.515017554908017e-05,27.727856225928775,1.1361145000000001,1.1395233026916058,1.1327056973083944,0.006000808354449671,0.001220714285714321,0.7516903390558735,-0.00038780870454269145,-0.0018833386137220298,0.0006923553775393253,1
2026-06-24 15:00:00+00:00,1.13416,1.13618,1.13397,1.13476,3281,1.134034,1.134506,1.1359590000000002,1.1390715999999999,1.134927087480569,1.1364251364006506,-0.0014980489200815406,-0.0015361938757467268,3.814495566518625e-05,33.055885850177404,1.1359590000000002,1.1393139328961503,1.13260406710385,0.005906785185293107,0.0013364285714286192,0.9999999999956541,0.0007054922572224953,-0.0017593863260494391,0.0007055213013261701,1
2026-06-24 16:00:00+00:00,1.13476,1.13676,1.13466,1.13592,2226,1.1344159999999999,1.134504,1.135851,1.138901,1.135079843252789,1.1363877188894913,-0.0013078756367022049,-0.0014905302279378226,0.00018265459123561773,45.33947065592629,1.135851,1.1390540768104218,1.132647923189578,0.0056399594848653,0.0014135714285714743,0.9999999999971666,0.0016842884983379047,-1.7606563726846325e-05,0.0007683824000104836,0
2026-06-24 17:00:00+00:00,1.13593,1.13612,1.13487,1.13493,2167,1.134826,1.134483,1.135681,1.1387362,1.1350567904446678,1.136279739712492,-0.0012229492678241805,-0.0014370140359150944,0.00021406476809091393,40.82901554404092,1.135681,1.1386848003999834,1.1326771996000164,0.005289866432534297,0.001450714285714321,0.8722026526300346,0.0018095473483510371,-0.00018499920714631912,0.0007869774755581325,1
2026-06-24 18:00:00+00:00,1.13493,1.13606,1.13493,1.13548,1767,1.1350459999999998,1.134504,1.1355485,1.138584,1.1351218996070265,1.1362204997337888,-0.001098600126762328,-0.0013693312540845413,0.0002707311273222133,45.91002044989807,1.1355485,1.138322440955012,1.1327745590449882,0.0048856406485708395,0.0014871428571428932,0.9999999999972117,0.0009696926955695684,0.00018497802284933584,0.0008024632981420378,0
2026-06-24 19:00:00+00:00,1.1354899999999999,1.13583,1.13507,1.13532,1482,1.1352820000000001,1.1345779999999999,1.13542,1.1384326,1.135152376590561,1.1361537960498045,-0.001001419459243591,-0.0012957488951163513,0.00029432943587276027,42.38900634249498,1.13542,1.1379659730847382,1.132874026915262,0.004484636671431083,0.00150142857142859,0.9018241432570346,0.001040435925018235,0.0006522237303674405,0.0007750727847295689,0
2026-06-24 20:00:00+00:00,1.13531,1.13602,1.13522,1.1357599999999999,1223,1.135482,1.1347580000000002,1.1353275,1.1382994,1.13524585711509,1.136124625972041,-0.0008787688569509289,-0.0012123528874832669,0.000333584030532338,49.00881057268677,1.1353275,1.137664289295459,1.1329907107045412,0.004116502587066525,0.0014328571428571563,0.9999999999974334,0.0008812436109837396,0.0015873575787503924,0.0007489755573207782,1
2026-06-24 21:00:00+00:00,1.13579,1.13586,1.13541,1.13586,612,1.13547,1.134943,1.13524,1.1381674,1.1353403406358455,1.1361050240481863,-0.0007646834123407054,-0.0011228189924547547,0.00035813558011404934,54.295942720764245,1.13524,1.137335529075463,1.133144470924537,0.003691781606467274,0.0013942857142857288,0.9999999999977401,-5.2820621170512894e-05,0.0016313789120026012,0.00074835583331331,1
2026-06-24 22:00:00+00:00,1.13582,1.13586,1.13546,1.13547,450,1.135578,1.135202,1.135177,1.1380212,1.1353602882303309,1.136057985229802,-0.0006976969994711979,-0.0010377945938580433,0.00034009759438684544,51.15740740740732,1.135177,1.137156464042509,1.1331975359574913,0.0034874985002494164,0.0012957142857143048,0.9290730980808881,0.0004758002696201302,0.002286208601087303,0.0006590696841418633,1
2026-06-24 23:00:00+00:00,1.13547,1.13561,1.13525,1.13536,484,1.1355540000000002,1.1353,1.13511,1.1378728,1.135360243887203,1.136006282620187,-0.0006460387329840778,-0.0009594434216832502,0.00031340468869917244,54.83870967741954,1.13511,1.1369588118519764,1.1332611881480237,0.003257502536276456,0.0012542857142857316,0.9999999999977675,-0.00010568217846207428,0.0008639080378709529,0.0005388569560749332,1
2026-06-25 00:00:00+00:00,1.13536,1.1355,1.13474,1.1353,1193,1.13555,1.1354159999999998,1.1350609999999999,1.137724,1.135350975596864,1.135953965389062,-0.0006029897921979721,-0.0008881526957861946,0.0002851629035882225,58.93333333333284,1.1350609999999999,1.1368294474311216,1.1332925525688782,0.0031160394571246837,0.0012492857142857147,0.9999999999979544,-1.7616178698665053e-05,0.0010228014178144118,0.0005313879214107035,1
2026-06-25 01:00:00+00:00,1.13531,1.13672,1.13529,1.13579,1824,1.135556,1.135519,1.1350125,1.1375861999999999,1.1354185178127312,1.1359418198046871,-0.0005233019919559379,-0.0008151825550201434,0.0002918805630642055,61.20906801007621,1.1350125,1.1366316599514013,1.1333933400485987,0.0028531138668539285,0.0012657142857142828,0.9999999999980455,2.6414031133459304e-05,0.0009076809193133695,0.00052185828209475,0
2026-06-25 02:00:00+00:00,1.13579,1.13654,1.13564,1.13632,1246,1.135648,1.1355590000000002,1.1350315,1.1374592,1.1355572073800033,1.1359698331524881,-0.00041262577248479815,-0.0007346711985130744,0.0003220454260282762,73.43324250681083,1.1350315,1.1367045089504306,1.1333584910495693,0.0029479515774331454,0.0011800000000000063,0.9999999999978187,0.000404979486908541,0.00035213747446993793,0.00043383064946765886,0
2026-06-25 03:00:00+00:00,1.13632,1.13708,1.13626,1.1369799999999999,1159,1.13595,1.135764,1.1351235000000002,1.1373454,1.1357760985523107,1.1360446603263779,-0.0002685617740671997,-0.0006414493136238995,0.0003728875395566998,69.99999999999898,1.1351235000000002,1.1370103327683152,1.1332366672316851,0.0033244537150627705,0.0010700000000000154,0.9248831967898624,0.0013298457907298111,0.00180627880133577,0.0003262925797160194,0
2026-06-25 04:00:00+00:00,1.1369799999999999,1.13706,1.13658,1.13669,801,1.136216,1.135885,1.1351945,1.137228,1.135916698775032,1.1360924632651646,-0.00017576449013256834,-0.0005483123489256333,0.00037254785879306496,69.46564885496207,1.1351945,1.1372072119700873,1.1331817880299129,0.0035460213559654016,0.00098928571428574,0.9017371621010482,0.0011714346110485163,0.0010656286328247777,0.00033346052989156313,0
2026-06-25 05:00:00+00:00,1.13667,1.1368,1.13594,1.13611,1087,1.1363779999999999,1.135964,1.135271,1.1370914,1.135946437425027,1.1360937622825598,-0.00014732485753277125,-0.00046811485064706087,0.0003207899931142896,60.36866359446972,1.135271,1.137301596490224,1.1332404035097758,0.003577289458154184,0.0008928571428571715,0.5992980012279019,0.0007134678058662303,0.0006958390585913854,0.0003809842276071666,0
2026-06-25 06:00:00+00:00,1.1360999999999999,1.13649,1.13521,1.13528,2003,1.136276,1.1359160000000001,1.135337,1.1369556,1.1358439085904073,1.1360334835949628,-0.00018957500455552,-0.0004124068814287528,0.00022283187687323277,44.82200647249199,1.135337,1.1372717253309212,1.1334022746690788,0.003408195682728926,0.0008342857142857398,0.12246850486589786,-0.0004490266686623112,-0.00042262449813323943,0.00043723222166904696,0
2026-06-25 07:00:00+00:00,1.1353,1.13603,1.13445,1.13588,2543,1.136188,1.135918,1.1354305,1.1368274,1.13584946111496,1.1360221144397804,-0.00017265332482030438,-0.0003644561701070631,0.0001918028452867587,58.20379965457729,1.1354305,1.1372737862532363,1.1335872137467637,0.00324684998903282,0.00085785714285718,0.5094276833974695,-0.0003872148690510224,1.7607803778574294e-05,0.0004725666335592354,0
2026-06-25 08:00:00+00:00,1.13591,1.1372200000000001,1.13585,1.13672,2346,1.136136,1.1360430000000001,1.1356225,1.136716,1.135983390174197,1.1360738096664633,-9.041949226640256e-05,-0.000309648834538931,0.00021922934227252845,60.19736842105248,1.1356225,1.137113495781983,1.134131504218017,0.002625865165551201,0.0008750000000000384,0.5736447173073037,-0.00022867596615594454,0.0011008657208029238,0.0005074525995484152,0
2026-06-25 09:00:00+00:00,1.13674,1.13739,1.13614,1.13615,1776,1.136028,1.1361219999999999,1.1357110000000001,1.1366159999999998,1.1360090224550896,1.1360794533948735,-7.043093978387205e-05,-0.0002618052555879192,0.00019137431580404715,56.39445300462195,1.1357110000000001,1.1370979603268316,1.1343240396731686,0.0024424529247872016,0.0009100000000000456,0.4044720933485188,-0.0004750635617450927,0.000695814543404838,0.0005408213967604075,1
2026-06-25 10:00:00+00:00,1.13613,1.13616,1.13424,1.13456,1716,1.135718,1.1360480000000002,1.135732,1.1364908,1.1357860959235373,1.1359669012915494,-0.00018080536801212688,-0.00024560527807276076,6.479991006063388e-05,42.14659685863948,1.135732,1.1370285801173996,1.1344354198826003,0.0022832501283747172,0.0009900000000000464,0.0,-0.001364304512767145,-0.0006518100942481952,0.0007144890601587735,1
2026-06-25 11:00:00+00:00,1.13456,1.13458,1.13331,1.13375,1911,1.135412,1.135844,1.1356815,1.1363448,1.1354728503968392,1.1358026863810644,-0.0003298359842252019,-0.000262451419303249,-6.738456492195289e-05,37.365269461076956,1.1356815,1.1371975790844513,1.1341654209155487,0.0026699018773331832,0.0010485714285714623,0.0,-0.0013476851525615618,-0.001796106674649356,0.000717851167340008,1
2026-06-25 12:00:00+00:00,1.13376,1.13642,1.13361,1.13534,3609,1.135304,1.135746,1.1356525,1.1362510000000001,1.1354524118742486,1.1357684133158004,-0.0003160014415517498,-0.0002731614237529492,-4.284001779880062e-05,49.31937172774885,1.1356525,1.1371715561476736,1.1341334438523263,0.0026752129681811465,0.0012207142857143052,0.33143260508376937,-0.00047540233123211095,-0.0008624331174317268,0.0008586335912793169,1
2026-06-25 13:00:00+00:00,1.13537,1.13696,1.13491,1.13633,4054,1.135226,1.135681,1.1357225,1.1362067999999999,1.1355874254320564,1.1358100123294448,-0.00022258689738841042,-0.00026304651848004147,4.045962109163105e-05,54.65004793863943,1.1357225,1.1372303583630239,1.134214641636976,0.0026553288554623466,0.0013414285714285887,0.47922788606938366,-0.00034309240622132364,-0.0005716899153896948,0.0008881841279453819,1
2026-06-25 14:00:00+00:00,1.13634,1.13833,1.13625,1.13747,4939,1.13549,1.135759,1.1358219999999999,1.136179,1.1358770522886632,1.1359329743791156,-5.5922090452353856e-05,-0.00022162163287450394,0.00016569954242215008,59.42658557775893,1.1358219999999999,1.1375138827882731,1.1341301172117266,0.0029791336816389507,0.001435714285714318,0.6116594378244448,0.0011618184218633587,0.0006862029225207511,0.0009443361742578338,0
2026-06-25 15:00:00+00:00,1.1374900000000001,1.13878,1.13733,1.1384,3527,1.136258,1.135988,1.1359759999999999,1.1361678,1.1362651980904073,1.1361157170176996,0.00014948107270762456,-0.00014740109175807823,0.0002968821644657028,60.920502092050704,1.1359759999999999,1.138003000896006,1.1339489991039937,0.003568738945199827,0.001437142857142883,0.6530789130024194,0.0033845719926668405,0.0020156498930561373,0.0009471881812422228,0
2026-06-25 16:00:00+00:00,1.13842,1.13863,1.13729,1.13739,2137,1.1369859999999998,1.136199,1.1360575000000002,1.136152,1.1364382445380368,1.1362101083497218,0.00022813618831496463,-7.229363574346965e-05,0.0003004298240584343,54.30410297666906,1.1360575000000002,1.138176902845587,1.1339380971544133,0.003731154181169299,0.001468571428571454,0.5190431554303164,0.0032105843439911297,0.0018585723345780902,0.000965440201567338,0
2026-06-25 17:00:00+00:00,1.13738,1.13777,1.13713,1.13741,1489,1.1374,1.136352,1.136135,1.1361352,1.1365877453783388,1.1362989892127053,0.00028875616563350803,-8.367546807409044e-08,0.00028883984110158214,51.82357930449598,1.136135,1.138335789332271,1.1339342106677288,0.003874168707541059,0.0014557142857143063,0.45040931342164087,0.0018232423767330364,0.0013469732718245364,0.0009588041250799118,0
2026-06-25 18:00:00+00:00,1.13743,1.13803,1.13697,1.13728,1722,1.13759,1.136408,1.1362254999999999,1.1361222,1.1366942460893636,1.136371656678431,0.000322589410932661,6.445094181207296e-05,0.00025813846912058807,52.53654342218439,1.1362254999999999,1.1384597546150865,1.1339912453849132,0.003932766189610495,0.0014971428571428794,0.6440723468421063,0.0008360247463325976,0.0004926455063694046,0.0009367561748652493,0
2026-06-25 19:00:00+00:00,1.13727,1.13797,1.13681,1.1372200000000001,1619,1.13754,1.136515,1.1363185,1.136108,1.1367751313063845,1.1364344969244733,0.0003406343819112312,0.00011968762983190463,0.00022094675207932657,54.99549954995576,1.1363185,1.138555907099108,1.134081092900892,0.003937992911508568,0.0015185714285714327,0.7484634248791601,-0.00021978601633432238,0.000941777054086268,0.0009179846736731025,0
2026-06-25 20:00:00+00:00,1.13723,1.13742,1.1369,1.13696,666,1.1372520000000002,1.136755,1.1364015,1.1360896,1.136803572643864,1.136473423078216,0.0003301495656478082,0.00016178001699508537,0.0001683695486527228,57.96963946869008,1.1364015,1.1386026889133831,1.134200311086617,0.0038739634070934547,0.0014642857142857274,0.874725812744983,-0.0012649332396347246,0.002115357495416692,0.0007688102713130564,0
2026-06-25 21:00:00+00:00,1.13697,1.1373,1.13662,1.1373,525,1.137234,1.13711,1.136477,1.1360781999999998,1.1368799460832693,1.1365346509983483,0.0003452950849209824,0.00019848303058026478,0.0001468120543407176,56.90661478599191,1.136477,1.138693408664764,1.134260591335236,0.0039004901370886078,0.0014000000000000043,0.8295967877275929,-7.912853111058382e-05,0.0031312017640572343,0.0006966622439359382,0
2026-06-25 22:00:00+00:00,1.13736,1.13738,1.1367,1.13696,804,1.137144,1.1372719999999998,1.136509,1.1360558,1.1368922620704587,1.136566158331804,0.00032610373865460396,0.00022400717219513266,0.0001020965664594713,51.226993865030714,1.136509,1.1387343269424557,1.1342836730575443,0.003916074474475251,0.0013507142857142845,0.588477499715607,-0.00039563569864875525,0.001426885338312811,0.000602390438018271,1
2026-06-25 23:00:00+00:00,1.13693,1.13703,1.1360000000000001,1.13613,1227,1.136914,1.1372520000000002,1.1364665,1.1360118,1.1367749909826959,1.136533850307226,0.00024114067546987528,0.0002274338728500812,1.370680261979408e-05,49.90039840637496,1.1364665,1.138686412516242,1.1342465874837582,0.0039066923947901205,0.001334999999999991,0.5321589959065754,-0.0010111845807541098,-0.00017600520975413758,0.0005999256927699675,1
2026-06-26 00:00:00+00:00,1.13613,1.13668,1.13607,1.13646,1406,1.1367619999999998,1.137151,1.1364550000000002,1.1359784,1.1367265308315118,1.1365283799140982,0.00019815091741359758,0.0002215772817627845,-2.3426364349186918e-05,60.82004555808635,1.1364550000000002,1.138672419078398,1.1342375809216025,0.0039023438295360136,0.001241428571428552,0.9957352773526918,-0.0006682963718542823,-0.0008879355059913108,0.0004990467663369414,1
2026-06-26 01:00:00+00:00,1.13646,1.13687,1.13564,1.13596,1493,1.136562,1.136907,1.1364475,1.1359398,1.1366086030112792,1.1364862776982392,0.00012232531304001704,0.00020172688801823102,-7.940157497821399e-05,63.046044864226644,1.1364475,1.1386708391200908,1.1342241608799093,0.003912788087598876,0.0012385714285714222,0.9999999999927149,-0.0008795384182379573,-0.002143359100491904,0.00039232038636411994,1
2026-06-26 02:00:00+00:00,1.13596,1.13625,1.1354,1.13589,1472,1.13628,1.136757,1.136478,1.1359054,1.1364980487018517,1.136442108979851,5.593972200057529e-05,0.0001725694548146999,-0.0001166297328141246,53.95683453237433,1.136478,1.1386500482694983,1.1343059517305019,0.003822420265941336,0.0010985714285714249,0.3085763898317581,-0.0012397784225797182,-0.001318808851844877,0.0003140890286697566,1
2026-06-26 03:00:00+00:00,1.13589,1.13714,1.13581,1.13713,1395,1.136314,1.136729,1.1365405000000002,1.1358958,1.13659527197849,1.1364930638702326,0.00010220810825734006,0.00015849718550322794,-5.6289077245887884e-05,55.55555555555487,1.1365405000000002,1.1387120332930731,1.1343689667069272,0.003821303848077491,0.0010471428571428656,0.4301923961874962,0.00014952153110048272,-0.00024617332360366007,0.00049969741962385,1
2026-06-26 04:00:00+00:00,1.13714,1.1377,1.13683,1.13768,1279,1.136624,1.136769,1.1365885,1.1359148000000001,1.1367621532125685,1.1365809850650301,0.00018116814753832422,0.0001630313779102472,1.813676962807701e-05,51.58850226928922,1.1365885,1.1388183952065953,1.1343586047934047,0.003923839114323845,0.000960714285714283,0.12841543155096355,0.0013642804960698474,0.0003517163759143571,0.0005229943406784844,1
2026-06-26 05:00:00+00:00,1.13765,1.13819,1.13748,1.13778,1285,1.1368880000000001,1.1368250000000002,1.13667,1.1359364,1.1369187450260194,1.136669800986139,0.0002489440398805165,0.0001802139103043011,6.87301295762154e-05,44.63667820069159,1.13667,1.1389509785528829,1.1343890214471173,0.004013440229587803,0.0009078571428571428,0.0,0.0011615015046724242,0.0004924289055767694,0.0005222541775006355,1
2026-06-26 06:00:00+00:00,1.13777,1.13823,1.13713,1.1374900000000001,2016,1.137194,1.136878,1.1368165,1.1359606,1.1370066304066317,1.1367305564686472,0.0002760739379845667,0.00019938591584035424,7.668802214421246e-05,50.988142292492235,1.1368165,1.1388941836800865,1.1347388163199132,0.0036552665801149976,0.0008907142857142844,0.34501263448389075,0.0013468784112116161,0.00046615536166627614,0.0005238704086404389,1
2026-06-26 07:00:00+00:00,1.1374900000000001,1.13886,1.13727,1.13864,2309,1.137744,1.1370120000000001,1.137061,1.1359982,1.1372579180363807,1.136871996730229,0.00038592130615167086,0.00023669299390261761,0.00014922831224905325,59.935379644589055,1.137061,1.1387299599663354,1.1353920400336648,0.0029355680413545356,0.0009585714285714277,0.8310281240754338,0.002421009076583047,0.0011782291391893018,0.0006041914402571412,1
2026-06-26 08:00:00+00:00,1.13862,1.14073,1.13828,1.1401,3324,1.138338,1.137326,1.137299,1.1360814000000001,1.137695161415399,1.1371111080835454,0.0005840533318535179,0.00030616506149279773,0.0002778882703607202,68.75,1.137299,1.1392656471603813,1.1353323528396189,0.0034584522810293446,0.001057857142857142,0.999999999995853,0.002611838576064285,0.0027617506332675568,0.0006845301379001376,1
2026-06-26 09:00:00+00:00,1.1401,1.14118,1.13953,1.14063,2366,1.138928,1.1377760000000001,1.137514,1.1361912,1.138146675043799,1.1373717667440235,0.0007749082997754453,0.00039991370914932726,0.000374994590626118,71.33917396745953,1.137514,1.1399246640274894,1.1351033359725105,0.004238477992340247,0.0010928571428571651,0.9999999999962551,0.002592996273117265,0.003960814343428876,0.0005867004656299862,0
2026-06-26 10:00:00+00:00,1.14065,1.14079,1.1400000000000001,1.14044,1959,1.1394600000000001,1.138174,1.1376625,1.1362946,1.13849949426783,1.1375990432815033,0.0009004509863266286,0.0005000211645847877,0.0004004298217418409,71.96969696969734,1.1376625,1.1404048453275497,1.1349201546724503,0.004821017353652228,0.0011121428571428632,0.9999999999963415,0.00233788605881613,0.0035021030216637605,0.0006130064897341327,0
2026-06-26 11:00:00+00:00,1.14045,1.14063,1.13936,1.1398,2034,1.1399219999999999,1.1385580000000002,1.1377324999999998,1.1363990000000002,1.1386995720727793,1.137762077112503,0.0009374949602762861,0.0005875159237230874,0.00034997903655319866,65.20681265206841,1.1377324999999998,1.1406216512140483,1.1348433487859513,0.005078788228425462,0.0011542857142857268,0.7525745555272163,0.0020307870838423003,0.0033804007183351192,0.0006312863464715048,0
2026-06-26 12:00:00+00:00,1.13979,1.14337,1.13974,1.14267,3016,1.140728,1.139236,1.1379965,1.1365732,1.1393104071385056,1.1381256269560214,0.0011847801824842463,0.0007069687754753193,0.0004778114070089271,76.55813953488466,1.1379965,1.1416243703337752,1.134368629666225,0.006375890143379344,0.0013650000000000131,0.9999999999968674,0.003539310054099687,0.005968887832448644,0.0009138088734162719,0
2026-06-26 13:00:00+00:00,1.14269,1.14296,1.14116,1.14247,4464,1.141202,1.13977,1.1382495000000001,1.1367424,1.1397964983479663,1.1384474323666864,0.0013490659812798178,0.0008353882166362191,0.0005136777646435987,81.3241106719371,1.1382495000000001,1.1423765582106957,1.1341224417893045,0.007251588005433938,0.0014200000000000243,0.9999999999972742,0.0020787650206124386,0.004696032995348043,0.0009251389545317031,0
2026-06-26 14:00:00+00:00,1.14247,1.14282,1.13933,1.13938,3887,1.140952,1.13994,1.1383545,1.1368724000000001,1.1397324216790483,1.1385165114506357,0.0012159102284126089,0.0009114926189914971,0.00030441760942111174,61.3354037267082,1.1383545,1.1424845565818404,1.1342244434181594,0.007256187034602162,0.0016257142857143097,0.4551620105620376,-0.0010958856070767409,0.0014942690387456103,0.001364564255164705,0
2026-06-26 15:00:00+00:00,1.13941,1.14076,1.13918,1.14026,3196,1.140916,1.140188,1.1385065,1.13699,1.1398135875745794,1.1386456587505887,0.0011679288239907493,0.0009627798599913476,0.00020514896399940162,66.2141779788837,1.1385065,1.1426842418983467,1.1343287581016535,0.007338986467528523,0.001650714285714299,0.5881441770296973,-0.00015783381852607636,0.002179683242806263,0.001378191668059275,0
2026-06-26 16:00:00+00:00,1.14028,1.14031,1.13829,1.13897,2335,1.1407500000000002,1.140336,1.138607,1.1370866000000002,1.139683804870798,1.1386696840283228,0.001014120842475208,0.0009730480564881197,4.10727859870882e-05,60.63535911602197,1.138607,1.142724368091485,1.134489631908515,0.007232290143104682,0.0017342857142857199,0.4360806913328166,-0.0007281979294612162,0.0013011103394315882,0.0014382093078450153,0
2026-06-26 17:00:00+00:00,1.13897,1.13928,1.1384400000000001,1.1386,1422,1.139936,1.140332,1.1386720000000001,1.1371634,1.139517065659906,1.138664522248447,0.0008525434114590169,0.0009489471274822994,-9.640371602328245e-05,55.40044085231473,1.1386720000000001,1.1427432786043776,1.1346007213956226,0.007150924242235698,0.0016992857142857126,0.29339100412736996,-0.003561833250194768,-3.5129628328522955e-05,0.0014091321261620866,0
2026-06-26 18:00:00+00:00,1.13861,1.1391,1.13852,1.13857,1210,1.139156,1.1401790000000003,1.1387525,1.1372164,1.1393713632506899,1.138657520600414,0.0007138426502759643,0.0009019262320410323,-0.000188083581765068,53.39954163483596,1.1387525,1.1427441379701806,1.1347608620298195,0.007010545259273704,0.001678571428571434,0.23885191314460474,-0.0034136563760973626,-0.0013419875449520724,0.0013353885629872628,0
2026-06-26 19:00:00+00:00,1.13857,1.1389,1.13807,1.13866,1213,1.139012,1.139982,1.138879,1.137291,1.1392619227505836,1.1386577042596424,0.0006042184909411663,0.0008423846838210591,-0.00023816619287989277,53.363914373088654,1.138879,1.1426763281466585,1.1350816718533414,0.006668536598986482,0.0016871428571428712,0.07831535327543296,-0.0006319226245853349,-0.0017271157167529916,0.0013216833749295344,1
2026-06-26 20:00:00+00:00,1.13868,1.13917,1.1381000000000001,1.1385,1495,1.1386600000000002,1.1397879999999998,1.138981,1.1373514,1.1391447038658786,1.1386460224626318,0.0004986814032468256,0.0007736440277062124,-0.0002749626244593868,53.89961389961372,1.138981,1.1426106318503662,1.1353513681496339,0.006373472165674639,0.001685,0.01915936214457878,-0.001543507621068918,-0.001701097821893205,0.0013217210795981797,0
2026-06-28 21:00:00+00:00,1.13821,1.13882,1.13806,1.1384,297,1.138546,1.139648,1.139103,1.137413,1.1390301340403588,1.138627798576511,0.0004023354638478249,0.000699382314934535,-0.00029704685108671003,48.99159663865539,1.139103,1.1424587811861309,1.135747218813869,0.005891971465496783,0.0016257142857142779,0.0,-0.0005004521629190517,-0.0012282856641514517,0.0013145899354384287,1
2026-06-28 22:00:00+00:00,1.13843,1.13866,1.1381000000000001,1.13853,675,1.138532,1.139234,1.139235,1.1374684000000002,1.1389531903418422,1.13862055423751,0.0003326361043320958,0.0006260330728140471,-0.00029339696848195134,42.573320719016934,1.139235,1.142248915096895,1.136221084903105,0.005291120966078256,0.0014907142857142658,0.0,-6.147900930963957e-05,-0.0036230932815248806,0.0009464079883616315,0
2026-06-28 23:00:00+00:00,1.13853,1.1387,1.1381999999999999,1.13852,605,1.138522,1.1388390000000002,1.1393045000000002,1.1375216000000001,1.1388865456738664,1.1386131057754723,0.0002734398983941233,0.0005555144379300623,-0.00028207453953593903,39.5024875621889,1.1393045000000002,1.1421747134526763,1.136434286547324,0.005038536146703763,0.0014085714285714099,0.0,-4.391473515030775e-05,-0.0034574212014321093,0.0009515133134791039,0
2026-06-29 00:00:00+00:00,1.13852,1.1389,1.1383,1.13874,1558,1.138538,1.138775,1.1393575,1.1375870000000001,1.1388640001855794,1.1386225053476595,0.0002414948379199089,0.0004927105179280317,-0.0002512156800081228,41.567460317461325,1.1393575,1.1421391910798868,1.1365758089201132,0.004882911781221951,0.0013949999999999876,0.04937572006348472,7.025802258797675e-05,-0.0005617089996313718,0.00047555205951984783,1
2026-06-29 01:00:00+00:00,1.13875,1.13907,1.13845,1.1385,1541,1.138538,1.138599,1.1393935000000002,1.1376498000000002,1.1388080001570289,1.1386134308774625,0.00019456927956640335,0.000433082270255706,-0.00023851299068930264,43.285123966942976,1.1393935000000002,1.1421070315890873,1.136679968410913,0.004763115796407753,0.0013485714285714132,0.09044690577452359,0.0,-0.001543507621068918,0.00037658120086070813,1
2026-06-29 02:00:00+00:00,1.1385,1.1393,1.13843,1.13876,1225,1.1386100000000001,1.138578,1.1394570000000002,1.137719,1.138800615517486,1.1386242878495023,0.000176327667983589,0.0003817313498012826,-0.0002054036818176936,22.34794908062142,1.1394570000000002,1.1420392397460395,1.1368747602539608,0.004532404024090996,0.0011514285714285494,0.0,0.00031623330990848686,-0.00018437711265439916,0.00017750356936296704,1
2026-06-29 03:00:00+00:00,1.13876,1.13901,1.13831,1.13831,967,1.138566,1.138549,1.1394404999999999,1.1377694,1.1387251362071034,1.1386010072680577,0.00012412893904567568,0.00033021086765016124,-0.00020608192860448556,21.584699453550783,1.1394404999999999,1.1420488063673626,1.136832193632637,0.004578223026762269,0.0010728571428571293,0.0,-0.00019323162323359178,-0.0002546987528544431,0.00019180669305176568,1
2026-06-29 04:00:00+00:00,1.13831,1.1385,1.13807,1.13822,930,1.138506,1.138514,1.1393464999999998,1.1378074,1.138647422944472,1.138572784507461,7.463843701116524e-05,0.00027909638152236204,-0.0002044579445111968,36.574074074073124,1.1393464999999998,1.1419900006696115,1.136702999330388,0.004640380550801219,0.0008542857142857122,0.3358626431626436,-0.00026349998243335726,-0.00030740314605171015,0.00019255689603532285,1
2026-06-29 05:00:00+00:00,1.13824,1.1395,1.13823,1.1394199999999999,1145,1.138642,1.13859,1.139286,1.1378562,1.1387662809530148,1.138635541210612,0.00013073974240285224,0.00024942505369846007,-0.00011868531129560783,40.948275862066616,1.139286,1.1418602972471248,1.1367117027528753,0.0045191413694625725,0.0008328571428571431,0.4958578568411536,0.000597151237332394,0.0006674512145854461,0.00039493777199195874,1
2026-06-29 06:00:00+00:00,1.1394,1.14147,1.13925,1.1412,2026,1.139182,1.13886,1.139324,1.1379464,1.1391406992679356,1.138825501120937,0.000315198146998652,0.00026257967235849845,5.261847464015356e-05,71.73489278752453,1.139324,1.1419907970145016,1.1366572029854984,0.004681367222145,0.0008471428571428559,0.9999999999980059,0.002371541501976271,0.002371541501976271,0.0006061821649904803,0
2026-06-29 07:00:00+00:00,1.14119,1.14129,1.13997,1.14023,2239,1.139476,1.139043,1.1393455000000001,1.1380288,1.1393082839959454,1.1389295380749416,0.0003787459210038424,0.00028581292208756725,9.293299891627516e-05,64.22338568935498,1.1393455000000001,1.1420352894655876,1.1366557105344126,0.004721639688027048,0.0008814285714285727,0.8502197778534589,0.001290877796902068,0.0016075193253688447,0.0006932323081039539,1
2026-06-29 08:00:00+00:00,1.14025,1.14072,1.13925,1.13959,2118,1.139732,1.1391490000000002,1.1391915,1.138115,1.1393516249196463,1.1389784611805016,0.00037316373914464407,0.0003032830854989826,6.988065364566144e-05,58.04416403785532,1.1391915,1.141387153841169,1.1369958461588308,0.0038547581177864375,0.0009449999999999895,0.7270054641949453,0.001124474000931297,0.0009310250937613063,0.0007302072543662414,1
2026-06-29 09:00:00+00:00,1.13959,1.14036,1.1394199999999999,1.1403,1936,1.140148,1.1393270000000002,1.139083,1.1382034,1.1394975287781623,1.1390763529449088,0.0004211758332535176,0.00032686163504988964,9.431419820362795e-05,61.78160919540316,1.139083,1.140746478916618,1.1374195210833822,0.002920733461245385,0.0009528571428571363,0.8015305040617108,0.0018274147352885795,0.0015634332291045716,0.0007475214284058307,1
2026-06-29 10:00:00+00:00,1.14029,1.14056,1.13991,1.14044,1584,1.140352,1.139497,1.1391360000000001,1.1382778,1.1396425243507526,1.1391773638378786,0.00046516051287404103,0.00035452141061471996,0.00011063910225932107,63.976945244956106,1.1391360000000001,1.1409036079586563,1.137368392041344,0.003103418658801335,0.0009228571428571459,0.8453057301097698,0.0008951922908146948,0.0014928780933309849,0.0007474686204009241,1
2026-06-29 11:00:00+00:00,1.14043,1.14114,1.13985,1.14086,1974,1.140284,1.139733,1.139166,1.138372,1.1398298282967907,1.1393020035535915,0.0005278247431992344,0.00038918207713162294,0.0001386426660676115,66.94214876033035,1.139166,1.1410315818905212,1.1373004181094786,0.0032753468599331943,0.0009607142857142989,0.9044321924071662,-0.0002979320014020459,0.00207290294246798,0.000738843219878895,1
2026-06-29 12:00:00+00:00,1.14085,1.14086,1.1400299999999999,1.14024,2093,1.1402860000000001,1.1398810000000001,1.1392295,1.1384856,1.139892931635746,1.139371484771844,0.0005214468639020975,0.00041563503448571786,0.00010581182941637963,61.03225806451545,1.1392295,1.1411525619774687,1.137306438022531,0.0033760747548563868,0.0009800000000000284,0.7865883656357244,8.770160406124106e-06,0.0012996592785134986,0.0007757920793605473,1
2026-06-29 13:00:00+00:00,1.14024,1.1412,1.14004,1.14097,2356,1.1405619999999999,1.140147,1.139348,1.13863,1.140058634461016,1.1394898933072628,0.0005687411537531606,0.00044625625833920644,0.00012248489541395415,64.46280991735578,1.139348,1.1413957726026935,1.1373002273973065,0.003594639394975915,0.0010271428571428773,0.8549939215223753,0.0012109618371518582,0.0023367975331851643,0.0007669322762062726,1
2026-06-29 14:00:00+00:00,1.14099,1.1423,1.14042,1.14214,4187,1.14093,1.140539,1.1395265,1.1387660000000002,1.1403788445439367,1.1396861975067247,0.0006926470372119464,0.0004955344141137545,0.0001971126230981919,68.04670912951133,1.1395265,1.141887198157375,1.1371658018426252,0.004143296636585355,0.0011185714285714607,0.9264572394857085,0.0016136104533892581,0.0034439739241973744,0.0007958720056995596,1
2026-06-29 15:00:00+00:00,1.14217,1.14248,1.14162,1.14233,2481,1.141308,1.14083,1.13971,1.138886,1.140679022306408,1.1398820347284488,0.0007969875779592073,0.0005558250468828451,0.0002411625310763622,70.43756670224147,1.13971,1.1423420534310522,1.1370779465689478,0.004618812559426901,0.0011357142857143035,0.9741311847645139,0.0016572550945250786,0.0025539309473241456,0.0007563948801701839,1
2026-06-29 16:00:00+00:00,1.14236,1.14304,1.14229,1.14256,1524,1.141648,1.1409660000000001,1.139913,1.1389878,1.1409684034900376,1.1400804025263416,0.0008880009636960118,0.0006222602302454784,0.00026574073345053337,70.34261241970056,1.139913,1.1427688645111445,1.1370571354888555,0.005010671009356857,0.001127142857142882,0.9722377866292689,0.0014901039566643792,0.0011917280056081836,0.0006017650589303687,0
2026-06-29 17:00:00+00:00,1.14256,1.1428,1.14211,1.14265,1316,1.1421299999999999,1.141208,1.1401255000000001,1.1390728,1.1412271106454164,1.140270743079946,0.0009563675654704618,0.0006890816972904752,0.0002672858681799866,74.16481069042385,1.1401255000000001,1.1431356475747545,1.1371153524252458,0.005280379352543862,0.0011264285714285918,0.9999999999973397,0.0021135901213780173,0.002122378818308457,0.0004983326432908008,0
2026-06-29 18:00:00+00:00,1.14264,1.1429,1.14246,1.14252,1173,1.1424400000000001,1.1415009999999999,1.140325,1.1391754,1.1414260166999677,1.1404373547036535,0.0009886619963141996,0.0007489977570952201,0.00023966423921897948,73.83592017738394,1.140325,1.1434176636451119,1.1372323363548882,0.0054241793262654915,0.0011271428571428663,0.9900985905110685,0.0013584932119161675,0.002571100132503723,0.0004375447090592519,0
2026-06-29 19:00:00+00:00,1.1425,1.14266,1.14219,1.14253,958,1.142518,1.141724,1.1405255,1.1392778,1.141595860284588,1.140592365466346,0.0010034948182420234,0.0007998971693245808,0.0002035976489174426,69.85951468710196,1.1405255,1.1436452737773424,1.1374057262226578,0.00547076549773292,0.001069285714285725,0.7329327975370512,0.0003414642688288616,0.0019556257125317167,0.0004233200346249039,0
2026-06-29 20:00:00+00:00,1.14254,1.14273,1.14217,1.14237,580,1.142526,1.1419169999999998,1.1407070000000001,1.1393796,1.1417149587023436,1.1407240420984683,0.0009909166038752915,0.000838101056234723,0.00015281554764056847,59.42028985507365,1.1407070000000001,1.1438117339068454,1.1376022660931548,0.005443525650049121,0.0009507142857143126,0.08536418214901656,3.501615119971824e-05,0.0016923292764197129,0.00043629431957228735,0
2026-06-29 21:00:00+00:00,1.14235,1.14253,1.14215,1.14242,446,1.142498,1.1420730000000001,1.140903,1.1394836000000002,1.1418234265942908,1.140849668609693,0.0009737579845978672,0.0008652324419073518,0.0001085255426905154,70.69943289224952,1.140903,1.1439146342828046,1.1378913657171954,0.005279387086903266,0.0008835714285714598,0.7850348144873774,-0.00012253185828314805,0.0013673895131742775,0.00043188706237341383,0
2026-06-29 22:00:00+00:00,1.14248,1.14256,1.14221,1.14246,446,1.1424600000000003,1.142295,1.1410879999999999,1.1395936,1.1419213609644,1.1409689524163824,0.0009524085480174804,0.0008826676631293775,6.974088488810289e-05,80.59701492537327,1.1410879999999999,1.1439982186571298,1.13817778134287,0.005100778655335831,0.0008035714285714749,0.9999999999952779,-0.0001662801382750212,0.00194695853504534,0.0003640768627452248,0
2026-06-29 23:00:00+00:00,1.14246,1.14251,1.14189,1.14189,420,1.142334,1.142387,1.141267,1.1396854,1.141916536200646,1.141037178163317,0.00087935803732897,0.000882005737969296,-2.647700640325966e-06,67.4725274725279,1.141267,1.1438833300935891,1.138650669906411,0.004584957058408034,0.0007807142857143092,0.3802399847325543,-0.0005514126667366392,0.0008063314548147904,0.000386662472866206,0
2026-06-30 00:00:00+00:00,1.14189,1.14203,1.1412200000000001,1.14162,1562,1.142152,1.142335,1.1414370000000003,1.1397786,1.1418709152467004,1.1410803501512194,0.0007905650954809218,0.0008637176094716211,-7.315251399069933e-05,62.60683760683949,1.1414370000000003,1.1436267858584772,1.1392472141415233,0.0038368930715877536,0.0007921428571428761,0.1504740577767585,-0.0007964779918251397,-0.0004552856917714454,0.00020931233366039623,0
2026-06-30 01:00:00+00:00,1.14164,1.14169,1.14018,1.14042,1887,1.141762,1.142144,1.1414870000000001,1.1398644,1.1416476975164387,1.1410314353252031,0.0006162621912355615,0.0008142265258244091,-0.00019796433458884764,45.97069597069603,1.1414870000000001,1.1435231480663473,1.139450851933653,0.003567536146004483,0.0008078571428571697,0.0,-0.0017069775992017977,-0.0016720212197877116,0.0003670387638452651,0
2026-06-30 02:00:00+00:00,1.1404,1.14063,1.14014,1.14034,1085,1.141346,1.1419219999999999,1.141444,1.139942,1.1414465132831404,1.1409802178937067,0.00046629538943365745,0.0007446402985462588,-0.0002783449091126013,51.016260162601505,1.141444,1.1435410796738836,1.1393469203261162,0.0036744328655347585,0.0007835714285714549,0.14571471482415146,-0.001820696416379386,-0.0019430051813472682,0.0003461927218980623,0
2026-06-30 03:00:00+00:00,1.14034,1.1405,1.13968,1.13984,1058,1.140822,1.1416410000000001,1.1414244999999998,1.1400196,1.1411993573934265,1.1408957573089877,0.00030360008443874875,0.0006564322557247568,-0.00035283217128600803,37.95309168443381,1.1414244999999998,1.1435756659019154,1.1392733340980843,0.003769265338032525,0.0007592857142857401,0.0,-0.0022932969206800324,-0.002459195729225927,0.0003394145312684424,0
2026-06-30 04:00:00+00:00,1.13984,1.1399,1.13888,1.1389,930,1.1402240000000001,1.1412790000000002,1.1413900000000001,1.1400798,1.14084561010213,1.140747923434248,9.768666788212421e-05,0.0005446831381562303,-0.0004469964702741061,13.67713004484331,1.1413900000000001,1.143682532500071,1.1390974674999292,0.004017088812887597,0.0006978571428571627,0.0,-0.0026184658767481883,-0.003168434688233024,0.00038056455130432805,1
2026-06-30 05:00:00+00:00,1.13892,1.13927,1.13822,1.13846,1581,1.139592,1.140872,1.141298,1.1401063999999999,1.1404785931633408,1.1405784476243035,-9.985446096272277e-05,0.0004157756183324397,-0.0005156300792951624,8.917197452226873,1.141298,1.143901322573516,1.138694677426484,0.004562038264355202,0.0007114285714286009,0.0,-0.002767996356055513,-0.0035622696997015257,0.00036306798655429123,1
2026-06-30 06:00:00+00:00,1.13846,1.14034,1.13833,1.1402700000000001,2414,1.1395620000000002,1.140662,1.1412895,1.1401582,1.1404465019074421,1.1405555996521328,-0.00010909774469070044,0.0003108009457278116,-0.00041989869041851206,31.796502384738176,1.1412895,1.143905696315,1.138673303685,0.004584632233977418,0.0008014285714285878,0.3191875445420982,-0.00013153048876723972,-0.001838283568371013,0.0007172034621465091,0
2026-06-30 07:00:00+00:00,1.14029,1.14091,1.1397,1.13985,2124,1.139464,1.140405,1.1412390000000001,1.1401995999999999,1.1403547323832204,1.1405033330112342,-0.00014860062801380636,0.000218920630979488,-0.00036752125899329436,28.851963746224442,1.1412390000000001,1.1439280804534149,1.1385499195465854,0.004712563193887976,0.0008385714285714504,0.2781084968783294,-0.0004296964063348341,-0.0022496104760070246,0.0007145123807964696,0
2026-06-30 08:00:00+00:00,1.13982,1.13988,1.13832,1.13934,2737,1.139364,1.1400929999999998,1.141194,1.1402366,1.1401986197088787,1.1404171601955873,-0.00021854048670855164,0.00013142840744188007,-0.00034996889415043174,27.285714285714946,1.141194,1.1439817808568808,1.1384062191431192,0.004885726452962084,0.0009185714285714511,0.2562578628265047,-0.00043865805727116847,-0.002730949004779215,0.0007112885493146018,1
2026-06-30 09:00:00+00:00,1.13934,1.13984,1.13889,1.13969,1948,1.139522,1.1398730000000001,1.14113,1.1402576,1.1401203705228973,1.1403632964773958,-0.0002429259544984852,5.655753505380699e-05,-0.00029948348955229217,30.65395095367913,1.14113,1.1439970762662541,1.1382629237337458,0.005024977463135933,0.0009528571428571679,0.30324789135470703,0.0006936517692510691,-0.001926630410985286,0.0007283400734687046,1
2026-06-30 10:00:00+00:00,1.1397,1.14021,1.13923,1.14016,1662,1.1398620000000002,1.1397270000000002,1.1410310000000001,1.1402588,1.1401264673655285,1.14034823747907,-0.00022177011354163056,8.920053347194655e-07,-0.00022266211887635002,35.55555555555556,1.1410310000000001,1.1438879538435,1.1381740461565002,0.0050076708581974225,0.0009828571428571584,0.37162982611208684,0.0014932452611422509,-0.0012788843923546844,0.0007524992700040209,1
2026-06-30 11:00:00+00:00,1.14019,1.14026,1.13861,1.13929,2224,1.139666,1.139614,1.140879,1.1402320000000001,1.139997780078524,1.1402698495176575,-0.00027206943913360426,-5.3700283558945304e-05,-0.00021836915557465895,31.523022432113805,1.140879,1.1437682534094282,1.1379897465905717,0.00506496027962343,0.0010735714285714515,0.31537224530913843,-0.0008594455699090231,-0.0009908630153803166,0.0007179395182610902,1
2026-06-30 12:00:00+00:00,1.13929,1.1402700000000001,1.13884,1.13958,2616,1.139612,1.1395380000000002,1.14073,1.1402147999999999,1.1399335062202895,1.1402187495533866,-0.00028524333309709604,-0.00010000889346657547,-0.00018523443963052057,33.48623853211109,1.14073,1.1435610161836904,1.1378989838163096,0.0049635166668544105,0.0011507142857143065,0.4195867578805245,-0.00023687327279908743,-0.0006664678955398129,0.0007266733418673833,1
2026-06-30 13:00:00+00:00,1.13959,1.14067,1.1394199999999999,1.13967,2609,1.139678,1.139521,1.140581,1.1402122,1.1398929668017834,1.140178101438321,-0.0002851346365375651,-0.00013703404208077343,-0.00014810059445679167,36.529126213592335,1.140581,1.1432979169835458,1.1378640830164544,0.004764093007941922,0.0011957142857143316,0.5142878343344944,0.00028964137132025947,-0.0001491437394721684,0.0007155762541851905,1
2026-06-30 14:00:00+00:00,1.1396600000000001,1.14345,1.1391,1.14328,5359,1.1403960000000002,1.139959,1.140619,1.1402244000000001,1.1404140488322783,1.140407871702149,6.1771301291813074e-06,-0.00010839180763878247,0.00011456893776796378,57.167530224524654,1.140619,1.1434681468715175,1.1377698531284826,0.0049957906566828955,0.0014485714285714815,0.9999999999979274,0.0031499793803577703,0.003845816138379199,0.0011778217360849464,0
2026-06-30 15:00:00+00:00,1.14326,1.14364,1.1415,1.1417,3098,1.140704,1.140283,1.1405775,1.140209,1.1406118874734663,1.1405035849093974,0.00010830256406890726,-6.505293329724451e-05,0.00017335549736615177,55.35117056856137,1.1405775,1.14333205507931,1.13782294492069,0.004830105940736153,0.001493571428571475,0.9623554999168347,0.0013506876227897813,0.002845949791824065,0.0012872286090375331,1
2026-06-30 16:00:00+00:00,1.14169,1.14179,1.14119,1.14139,1684,1.141124,1.140395,1.1405284999999998,1.1402492,1.140731597092933,1.140569245286479,0.0001623518064539642,-1.9571985347002758e-05,0.00018192379180096696,54.30680885972086,1.1405284999999998,1.1431818020144133,1.1378751979855863,0.0046527588121006965,0.0015014285714286218,0.9407108469407218,0.0018432532542196345,0.000982223508467106,0.0012098251419807387,1
2026-06-30 17:00:00+00:00,1.14139,1.14219,1.14139,1.14213,1218,1.141634,1.1406230000000002,1.140514,1.1402866,1.1409467360017125,1.1406848567467398,0.0002618792549726745,3.671826271693271e-05,0.00022516099225574178,59.211584875301575,1.140514,1.143126636498717,1.1379013635012831,0.004581507107702146,0.0015000000000000568,0.9999999999980117,0.0022376665087138203,0.002000263192525331,0.0012089218303361956,0
2026-06-30 18:00:00+00:00,1.14213,1.14268,1.14187,1.14204,1319,1.142108,1.140893,1.140493,1.1403480000000001,1.1411149304629875,1.1407852377284626,0.0003296927345248779,9.531315707852177e-05,0.00023437957744635614,63.55785837650967,1.140493,1.143045844440538,1.137940155559462,0.004476738464046775,0.0014850000000000538,0.9999999999981698,0.0020795493432308465,0.002369793038074608,0.0011924780759275003,0
2026-06-30 19:00:00+00:00,1.14203,1.14263,1.14153,1.14263,1418,1.141978,1.141187,1.14053,1.1404286000000001,1.1413480180840665,1.1409218867856137,0.0004261312984528143,0.0001614767853533803,0.00026465451309943394,67.77493606137939,1.14053,1.1431874067297008,1.1378725932702993,0.004659950601388333,0.0014885714285714899,0.9999999999975302,-0.0005685396403330989,0.002579648851880778,0.0011956753599207657,0
2026-06-30 20:00:00+00:00,1.1426,1.1427,1.14206,1.14215,729,1.142068,1.141386,1.1405565,1.1405002,1.1414713999172872,1.1410128581348273,0.00045854178245985366,0.00022088978477467498,0.00023765199768517869,59.038461538460034,1.1405565,1.14326965916089,1.13784334083911,0.00475760588956354,0.0013907142857143562,0.7842271562688139,0.0003941490759393762,0.0017453690710074188,0.0012126155408300286,0
2026-06-30 21:00:00+00:00,1.14215,1.14224,1.14184,1.14224,486,1.142238,1.141681,1.1406475,1.1405718,1.1415896460838584,1.1411037575322474,0.0004858885516110245,0.0002738895381419449,0.00021199901346907963,61.8669314796409,1.1406475,1.143461591421233,1.1378334085787671,0.004934199954381876,0.0013328571428571992,0.8540845113161736,0.000744706016348573,0.002589331952356222,0.0011686777880123272,0
2026-06-30 22:00:00+00:00,1.14223,1.14227,1.14185,1.14199,333,1.14221,1.1419219999999999,1.14073,1.1406416,1.141651238994034,1.1411694051224512,0.0004818338715828485,0.00031547840483012564,0.00016635546675272287,63.50662589194616,1.14073,1.1436022776586026,1.1378577223413975,0.005035858894922619,0.0012514285714286175,0.8850162473560991,-0.00012257799024628646,0.002114814229803974,0.0011784372352299484,0
2026-06-30 23:00:00+00:00,1.142,1.14201,1.14123,1.14129,448,1.14206,1.1420839999999999,1.1408025,1.1406994,1.1415956637641826,1.1411783380763436,0.0004173256878390319,0.00033584786143190694,8.147782640712496e-05,57.87401574802998,1.1408025,1.143653308749645,1.137951691250355,0.004997900600051369,0.0012392857142857602,0.7268855814157836,-0.000656719554481433,0.001421464108031234,0.0012070759219664244,0
2026-07-01 00:00:00+00:00,1.14129,1.1414,1.14083,1.14094,1307,1.1417220000000001,1.14185,1.1409045,1.1407476,1.1414947924158467,1.141160683404022,0.00033410901182473474,0.0003355000915104725,-1.3910796857377725e-06,53.88446215139415,1.1409045,1.143611026031397,1.138197973968603,0.004744526875644689,0.0012100000000000444,0.6168347400333271,-0.001479043959986992,-0.0020467427051991116,0.000573326685329704,0
2026-07-01 01:00:00+00:00,1.14095,1.14095,1.14025,1.1404,1352,1.141372,1.14172,1.1410015,1.1407852,1.141326362813409,1.1411043364852056,0.00022202632820333967,0.000312805338849046,-9.07790106457063e-05,55.71575695159682,1.1410015,1.143467515537727,1.138535484462273,0.004322545654369362,0.0011421428571428852,0.6483045440978366,-0.0015321980475418995,-0.0011386528860469758,0.0004165893609920353,0
2026-07-01 02:00:00+00:00,1.1404,1.14079,1.14024,1.14052,1175,1.141028,1.1416330000000001,1.141014,1.1408208,1.1412023069959614,1.1410610523011162,0.00014125469484516096,0.000278495210048269,-0.00013724051520310805,54.92662473794502,1.141014,1.1434669028990792,1.1385610971009208,0.00429951411477717,0.0010792857142857429,0.5887989018020854,-0.0015058131390950358,-0.0007622285108507265,0.0004177792890474343,0
2026-07-01 03:00:00+00:00,1.14053,1.14082,1.14014,1.1404,938,1.14071,1.14146,1.1410415,1.1408588,1.1410788751504288,1.1410120854639965,6.678968643236693e-05,0.00023615410532508858,-0.00016936441889272164,53.814002089864665,1.1410415,1.1434514117696657,1.1386315882303344,0.004224056302361748,0.0010385714285714442,0.0,-0.0013923064124904405,-0.0015147137366149366,0.00033166444997652524,0
2026-07-01 04:00:00+00:00,1.14041,1.14106,1.14023,1.14082,1024,1.140616,1.141338,1.1411155,1.1409,1.141039048204209,1.1409978569111079,4.119129310109493e-05,0.00019716154288028988,-0.00015597024977919495,30.721003134795396,1.1411155,1.1433926586637027,1.1388383413362972,0.003991109863467292,0.0007871428571428593,0.0,-0.00041181470090856376,-0.0010682638086231266,0.000370426700795529,0
2026-07-01 05:00:00+00:00,1.14083,1.14104,1.14028,1.14057,1044,1.140542,1.141132,1.1411595,1.1409452,1.1409668869420229,1.1409661638065816,7.231354413050894e-07,0.00015787386139249292,-0.00015715072595118783,38.81188118811978,1.1411595,1.14335316048342,1.1389658395165803,0.003844616783928707,0.0006885714285714352,0.21835409669827036,-0.00032429400319033963,-0.0018028583180906832,0.00029902699647664114,0
2026-07-01 06:00:00+00:00,1.14057,1.14095,1.14001,1.14028,1689,1.140518,1.1409449999999999,1.1411655,1.1409864,1.1408612120278654,1.1409153368579459,-5.412483008049307e-05,0.00011547412309789573,-0.00016959895317838878,38.96620278330046,1.1411655,1.1433482792522118,1.1389827207477883,0.003825526187414139,0.0007128571428571341,0.22251887983980698,-0.00010522623640840667,-0.001637263056516236,0.00028867683294449146,0
2026-07-01 07:00:00+00:00,1.14028,1.14039,1.13929,1.1402,2040,1.140454,1.140741,1.141211,1.141002,1.1407594871005016,1.1408623489425425,-0.0001028618420408911,7.180693007013835e-05,-0.00017466877211102947,27.917620137297604,1.141211,1.143263201898524,1.139158798101476,0.003596533679615889,0.0007342857142857032,0.0,-0.00028057377336643263,-0.001785964420787045,0.0002784284846174336,0
2026-07-01 08:00:00+00:00,1.14019,1.1403699999999999,1.13938,1.13965,1887,1.140304,1.140507,1.1412145,1.1409710000000002,1.1405887967773476,1.1407725453171689,-0.00018374853982128236,2.0695836091854192e-05,-0.00020444437591313655,25.258799171840934,1.1412145,1.1432551962178037,1.1391738037821963,0.0035763587262581617,0.0007471428571428351,0.0,-0.0006576639775517368,-0.002049054720269061,0.0002946482887839861,0
2026-07-01 09:00:00+00:00,1.13963,1.13992,1.13849,1.13878,1970,1.139896,1.1402560000000002,1.14117,1.140942,1.1403105203500632,1.140624949367749,-0.0003144290176857467,-4.632913466366601e-05,-0.0002680998830220807,12.328767123282717,1.14117,1.1433839652449826,1.1389560347550174,0.0038801672756602953,0.0007707142857142595,0.0,-0.001788187444119127,-0.002199265743150325,0.0003204936097068922,1
2026-07-01 10:00:00+00:00,1.13878,1.14001,1.1386,1.13978,1334,1.139738,1.1401400000000002,1.1409949999999998,1.1409458000000001,1.140228901834669,1.1405623605256934,-0.00033345869102441306,-0.00010375504593581545,-0.0002297036450885976,28.952042628773,1.1409949999999998,1.1430546525002494,1.1389353474997501,0.003610274366232355,0.0008257142857142551,0.32481381412612653,-0.0006926361380713564,-0.0010167055235157374,0.0004693596319223182,0
2026-07-01 11:00:00+00:00,1.13977,1.13987,1.1384400000000001,1.13855,1871,1.1393920000000002,1.139955,1.1408375,1.1409108,1.1399706092447197,1.1404132967830496,-0.00044268753832987784,-0.00017154154441462795,-0.0002711459939152499,22.747415066468804,1.1408375,1.1431378512319228,1.138537148768077,0.0040327412658206765,0.0008992857142856739,0.2035772537936882,-0.0015171712211036192,-0.0016222378112944469,0.0005541175334744075,0
2026-07-01 12:00:00+00:00,1.13855,1.13879,1.13689,1.13708,2936,1.138768,1.139611,1.140622,1.1408436,1.1395259001301474,1.1401663859102311,-0.0006404857800836883,-0.0002653303915484401,-0.0003751553885352482,19.274092615768822,1.140622,1.1434511683733832,1.1377928316266168,0.00496074663364937,0.0010049999999999701,0.15249286593414432,-0.002736362041747098,-0.0030161680636900945,0.0006473331414858059,1
2026-07-01 13:00:00+00:00,1.1371,1.14118,1.13615,1.13954,6986,1.1387459999999998,1.1395250000000001,1.1404925000000001,1.1408171999999999,1.139528069340894,1.1401199869539176,-0.0005919176130235737,-0.00033064783584346686,-0.00026126977718010685,41.025641025640965,1.1404925000000001,1.1432676216190907,1.1377173783809096,0.004866531992258691,0.001308571428571405,0.6614165678662659,-9.652086166811458e-05,-0.0007541213609261188,0.001016289639721331,0
2026-07-01 14:00:00+00:00,1.13951,1.14053,1.13846,1.13951,5007,1.138892,1.1393939999999998,1.140366,1.1408026,1.139525289442295,1.1400748027351089,-0.0005495132928139412,-0.0003744209272375618,-0.00017509236557637945,42.41781548250211,1.140366,1.1430739485342054,1.1376580514657946,0.004749262139006982,0.0014157142857142663,0.6935039392733832,0.000641036899137859,-0.001148296839115659,0.0010047615492782178,0
2026-07-01 15:00:00+00:00,1.13953,1.13959,1.13785,1.13837,3508,1.1386100000000001,1.1391740000000001,1.1401530000000002,1.1407506,1.1393475526050187,1.1399485210510267,-0.0006009684460079878,-0.00041973043099164704,-0.00018123801501634078,39.880358923229956,1.1401530000000002,1.1427800904459646,1.1375259095540358,0.004608312122959691,0.0014899999999999913,0.6467835084363309,-0.0012370808401620526,-0.0019288601313378617,0.0010434395283578516,0
2026-07-01 16:00:00+00:00,1.13839,1.13939,1.13796,1.13822,2769,1.138544,1.138968,1.1399565,1.1406722,1.1391740829734773,1.1398204824546545,-0.0006463994811771734,-0.00046506424102875235,-0.00018133524014842103,38.568588469184746,1.1399565,1.142542244522879,1.137370755477121,0.004536567005633922,0.0015528571428571178,0.6325098885658,-0.00028984234333140346,-0.001806573823972979,0.0010433537806282935,0
2026-07-01 17:00:00+00:00,1.13823,1.13857,1.13789,1.13809,1734,1.138746,1.138757,1.139749,1.1405874000000003,1.1390073009775576,1.1396922985691245,-0.0006849975915668161,-0.0005090509111363651,-0.00017594668043045098,38.53028798411082,1.139749,1.142226994945138,1.1372710050548618,0.004348316945464515,0.0015528571428571178,0.8707992538658268,0.0008882400534702128,-0.0018505525346430574,0.001042929891739194,0
2026-07-01 18:00:00+00:00,1.1381000000000001,1.13827,1.13753,1.13797,1439,1.138432,1.138589,1.139548,1.1404956,1.1388477162117796,1.1395647208973374,-0.0007170046855577983,-0.0005506416660206518,-0.00016636301953714652,35.41453428863868,1.139548,1.1419100651091183,1.1371859348908817,0.004145617576650206,0.0015464285714285517,0.7672481658332566,-0.0013777489162294376,-0.0014741367963849727,0.0010377757344841405,0
2026-07-01 19:00:00+00:00,1.13797,1.13815,1.13772,1.13787,1087,1.1381039999999998,1.138498,1.139377,1.1403999999999999,1.1386972983330441,1.139439186016053,-0.0007418876830089793,-0.0005888908694183173,-0.00015299681359066204,35.96673596673547,1.139377,1.1417029732543,1.1370510267457001,0.004082886093540507,0.0015228571428571116,0.7856004138506241,-0.0014392151012277976,-0.0007991007920756799,0.0010149311416022017,0
2026-07-01 20:00:00+00:00,1.13784,1.13794,1.13737,1.13772,779,1.137974,1.138292,1.139216,1.140304,1.138546944743345,1.1393118389037529,-0.0007648941604079251,-0.0006240915276162389,-0.00014080263279168622,36.49789029535911,1.139216,1.1415321892479575,1.1368998107520425,0.004066286372307819,0.0014964285714285414,0.8032531598690648,-0.0005709918567776695,-0.0018073663338538104,0.0009576877455982421,1
2026-07-01 21:00:00+00:00,1.13773,1.13786,1.13756,1.13784,299,1.137898,1.1382210000000001,1.139088,1.1402101999999998,1.1384381840135995,1.1392028137997712,-0.0007646297861716445,-0.00065219917932732,-0.00011243060684432442,37.60504201680595,1.139088,1.1414116233050855,1.1367643766949147,0.004079795950945666,0.0014392857142856905,0.8400489969532218,-0.0003338546151008259,-0.0006236001932282687,0.0009060469053024817,1
2026-07-01 22:00:00+00:00,1.13784,1.13795,1.13769,1.13788,307,1.137856,1.138301,1.1389559999999999,1.1401204,1.1383523095499688,1.1391048275923807,-0.0007525180424119426,-0.0006722629519442446,-8.0255090467698e-05,40.177580466148406,1.1389559999999999,1.1412366499536992,1.1366753500463005,0.004004807830503313,0.0013871428571428407,0.9255464981909327,-0.00018451967770571898,0.0007035564779962478,0.0007965986691561317,1
2026-07-01 23:00:00+00:00,1.13788,1.13788,1.13768,1.13773,356,1.1378080000000002,1.13812,1.1388225,1.1400266,1.1382565696192044,1.1390029885114636,-0.0007464188922592374,-0.0006870941400072433,-5.9324752251994125e-05,43.667068757539155,1.1388225,1.1410594139928285,1.1365855860071716,0.003928468207869861,0.0012992857142856934,0.9999999999959005,-0.00021090186911787434,-0.0015883602155256638,0.00030648561887194794,1
2026-07-02 00:00:00+00:00,1.13773,1.1383,1.13747,1.13763,1280,1.13776,1.137932,1.138663,1.1399299999999999,1.1381601742931728,1.1389012856587626,-0.0007411113655897417,-0.000697897585123743,-4.321378046599864e-05,35.45331529093262,1.138663,1.140750114351582,1.136575885648418,0.0036659035229597015,0.0012578571428571359,0.6632738285424837,-0.00021092040391257338,-0.0016498319453098764,0.0003041357507620297,1
2026-07-02 01:00:00+00:00,1.13762,1.13856,1.1376,1.13812,1256,1.13784,1.137907,1.1385405,1.1398546,1.1381539936326848,1.1388434126470024,-0.0006894190143176271,-0.0006962018709625199,6.782856644892816e-06,46.76691729323352,1.1385405,1.1404350514677493,1.1366459485322506,0.0033280352657622738,0.0012242857142857253,0.9999999999963628,0.00035158035368976215,-0.00021961225260691553,0.00017788592744412602,1
2026-07-02 02:00:00+00:00,1.13812,1.13882,1.13809,1.1381999999999999,1003,1.137912,1.137905,1.1384365,1.1397861999999999,1.1381610715353485,1.138795752450928,-0.0006346809155794997,-0.000683897679885916,4.9216764306416264e-05,60.64638783269797,1.1384365,1.1401485658499255,1.1367244341500746,0.0030077494000332002,0.0011407142857142885,0.9999999999960368,0.000316388947479318,-1.7571295531704223e-05,0.00017548540108687613,1
2026-07-02 03:00:00+00:00,1.13819,1.13834,1.13779,1.13821,967,1.137978,1.137917,1.138337,1.139742,1.1381685989914487,1.1387523633804888,-0.0005837643890400646,-0.0006638710217167457,8.010663267668115e-05,26.334519572952615,1.138337,1.1398355199718595,1.1368384800281404,0.002632823095198643,0.0008207142857142699,0.0,0.0002900130066438855,0.00010543981583177597,0.0001709790708499263,1
2026-07-02 04:00:00+00:00,1.13821,1.13882,1.13821,1.13865,1040,1.138162,1.137985,1.138287,1.1397081999999998,1.1382426606850722,1.13874478090786,-0.0005021202227877275,-0.0006315208619309421,0.0001294006391432146,36.64596273291797,1.138287,1.139662761607547,1.1369112383924531,0.0024172490901625556,0.0007164285714285544,0.30052118065610195,0.0008086277060461722,0.0005975552958337182,0.00020188812455423406,1
2026-07-02 05:00:00+00:00,1.13865,1.13886,1.13811,1.1385399999999999,1112,1.1383439999999998,1.1380519999999998,1.138275,1.1396822,1.138288405195061,1.1387296119517223,-0.00044120675666126097,-0.0005934580408770059,0.00015225128421574496,53.88127853880756,1.138275,1.1396367712926303,1.1369132287073695,0.0023926929654615554,0.0006457142857142653,0.8028347147185945,0.0007999085818763962,0.000588819460922485,0.00020261500467646683,1
2026-07-02 06:00:00+00:00,1.13856,1.14041,1.13852,1.13944,2617,1.138608,1.138224,1.138258,1.1396929999999998,1.13846557362659,1.138782233288632,-0.0003166596620418627,-0.0005380983651099773,0.0002214387030681146,70.7482993197267,1.138258,1.139547220082784,1.136968779917216,0.0022652510815370378,0.0006785714285714173,0.9999999999977484,0.0011598074016798687,0.0015117955208663325,0.00029501031779196197,1
2026-07-02 07:00:00+00:00,1.13944,1.14089,1.13903,1.14075,2733,1.139118,1.138515,1.138368,1.1397388000000002,1.1388170238378839,1.1389279937857704,-0.00011096994788650782,-0.0004526726816652834,0.0003417027337787756,82.28155339805589,1.138368,1.1400711067589486,1.1366648932410515,0.002992190151073432,0.0007628571428571286,0.9999999999982125,0.002240379546652571,0.0025574773254586347,0.0004306717883547969,1
2026-07-02 08:00:00+00:00,1.14074,1.14209,1.14065,1.14199,3212,1.139874,1.138926,1.1386135,1.1397732,1.1393051740166709,1.1391548090608985,0.00015036495577236408,-0.0003320651541777539,0.00048243010995011797,88.3587786259545,1.1386135,1.1408628159195748,1.136364184080425,0.003950973564910113,0.0008128571428571389,0.9999999999983877,0.0033210040326479007,0.0036119801736562707,0.0004945742716352799,1
2026-07-02 09:00:00+00:00,1.14197,1.14208,1.14086,1.14096,2237,1.140336,1.139249,1.1386844999999999,1.1397954,1.1395597626294907,1.1392885269082393,0.00027123572125131723,-0.00021140497909193966,0.0004826407003432569,75.0405186385731,1.1386844999999999,1.1411373863772574,1.1362316136227424,0.00430828096326505,0.0008692857142857153,0.785273372212653,0.0020287182189435704,0.002838986402749377,0.0006230593186127479,1
2026-07-02 10:00:00+00:00,1.14096,1.14112,1.1403,1.14103,1729,1.1408340000000001,1.139589,1.1387605,1.1398292,1.1397859529941843,1.1394175249150365,0.00036842807914783116,-9.543836744398547e-05,0.00046386644659181665,77.17569786535076,1.1387605,1.1414075835989317,1.1361134164010684,0.004649061148383037,0.0008871428571428483,0.8196982772316653,0.0021870114356985493,0.0029886694267908798,0.0006149030452761845,1
2026-07-02 11:00:00+00:00,1.14106,1.14144,1.1400299999999999,1.14038,1665,1.141022,1.139815,1.138861,1.139843,1.139877344841233,1.1394888193657746,0.0003885254754583123,1.3544011364741066e-06,0.0003871710743218382,69.1842900302099,1.138861,1.1415967970070784,1.1361252029929214,0.0048044441017446185,0.0009664285714285585,0.6908550156249601,0.0008249666502841979,0.0019857308543913543,0.0006699393363365627,1
2026-07-02 12:00:00+00:00,1.14036,1.14724,1.13953,1.14511,9456,1.141894,1.140506,1.1392054999999999,1.139942,1.1406823687118124,1.139905203116458,0.0007771655953543455,0.00015651663998004844,0.000620648955374297,81.96286472148404,1.1392054999999999,1.14309387119204,1.1353171288079598,0.006826461410237412,0.0014985714285714285,0.896880446421865,0.003822046898970033,0.006070989281321548,0.0014124868882914828,0
2026-07-02 13:00:00+00:00,1.14509,1.14553,1.14385,1.14504,6637,1.1425040000000002,1.141189,1.1395529999999998,1.1400569999999999,1.1413527735253797,1.1402855584411649,0.001067215084214812,0.0003386563288270012,0.0007285587553878108,82.54674977738118,1.1395529999999998,1.1441914938572684,1.1349145061427313,0.008140900611500397,0.001604285714285709,0.9062942639315148,0.002670776451632717,0.006000650143646702,0.0014159421268314452,0
2026-07-02 14:00:00+00:00,1.14506,1.1458,1.14335,1.1443699999999999,5005,1.1431859999999998,1.141761,1.1398730000000001,1.1401528,1.1418169622137828,1.1405881096677453,0.001228852546037551,0.0005166955722691113,0.0007121569737684397,78.55932203389648,1.1398730000000001,1.1449169921533302,1.13482900784667,0.00885009497256285,0.0017199999999999755,0.8420060675973856,0.002988711260692778,0.005023492732621815,0.001464670395496311,0
2026-07-02 15:00:00+00:00,1.14439,1.14494,1.14395,1.14471,3465,1.1439219999999999,1.1423780000000001,1.140215,1.1402535999999999,1.142262044950124,1.140893434877542,0.0013686100725820438,0.0006870784723316979,0.0006815316002503459,78.2832618025731,1.140215,1.1456029807760275,1.1348270192239724,0.0094508154620445,0.0017221428571428307,0.8375552247249696,0.003225156218504166,0.005419221107734407,0.0014520232482916266,0
2026-07-02 16:00:00+00:00,1.14473,1.1448,1.1435,1.1437599999999999,2554,1.144598,1.1428099999999999,1.140517,1.1402632,1.1424924995731818,1.1411057730347611,0.0013867265384206462,0.0008270080855494877,0.0005597184528711585,72.20447284344918,1.140517,1.1459925344849125,1.1350414655150876,0.009601846329186583,0.0017628571428571296,0.7395485890645649,0.0029639243059329523,0.0037913360949237696,0.001510397362603577,0
2026-07-02 17:00:00+00:00,1.14374,1.14374,1.14284,1.1430500000000001,1941,1.144186,1.14304,1.1407775,1.1402902,1.1425782688696156,1.141249789847001,0.0013284790226144594,0.0009273022729624821,0.00040117674965197726,68.30559757942515,1.1407775,1.1462123693879318,1.1353426306120682,0.009528360066589333,0.0017892857142856996,0.6122202842701733,-0.0017989538122974436,0.0020162174008329092,0.001513848278027278,0
2026-07-02 18:00:00+00:00,1.14304,1.14367,1.1429,1.14326,1463,1.14383,1.1431669999999998,1.1410465,1.1403276,1.1426831505819823,1.1413986943027787,0.001284456279203594,0.0009987330742107046,0.0002857232049928895,67.74441878367938,1.1410465,1.1464096227157197,1.1356833772842805,0.009400357856966551,0.0018007142857142666,0.40209238517266305,-0.0015545308460840346,0.0011120938011714987,0.0014818151295271456,0
2026-07-02 19:00:00+00:00,1.14326,1.14336,1.14261,1.14306,1206,1.143568,1.1433769999999999,1.1413129999999998,1.1403462,1.1427411274155237,1.1415217539840543,0.0012193734314693838,0.0010428611456624404,0.0001765122858069434,67.27828746177374,1.1413129999999998,1.1465093391972938,1.1361166608027058,0.009105896800078523,0.0018007142857142666,0.0,-0.001144734657497093,0.0018405553218341364,0.0014438836543042442,0
2026-07-02 20:00:00+00:00,1.14304,1.14354,1.14292,1.14334,635,1.143294,1.143608,1.1415985,1.1403721999999998,1.1428332616592893,1.1416564388741244,0.0011768227851649549,0.0010696534735629433,0.00010716931160201161,65.65008025682171,1.1415985,1.1465651944424742,1.1366318055575257,0.008701298122718658,0.0017099999999999893,0.0,-0.0011968096723186106,0.0020244866480285673,0.0014433061558984505,1
2026-07-02 21:00:00+00:00,1.14335,1.14337,1.14307,1.14337,524,1.143216,1.143907,1.141861,1.140387,1.1429158367886294,1.141783369327893,0.0011324674607364749,0.0010822162709976497,5.02511897388252e-05,61.71735241502693,1.141861,1.1466034927933968,1.1371185072066032,0.008306602630962577,0.0015985714285714175,0.0,-0.0003409806253059644,0.0026219330398640217,0.0014199642447004011,1
2026-07-02 22:00:00+00:00,1.14338,1.14354,1.14276,1.14288,516,1.143182,1.143684,1.1420949999999999,1.1404016,1.1429103234365325,1.1418646012295304,0.0010457222070021643,0.0010749174581985526,-2.9195251196388215e-05,54.26653883029637,1.1420949999999999,1.146528691583016,1.1376613084169838,0.007764137979793446,0.0015514285714285528,0.0,-0.00014872490267292537,-0.0019474111657397097,0.00039966047718027135,1
2026-07-02 23:00:00+00:00,1.14287,1.14304,1.14218,1.14223,706,1.1429759999999998,1.143403,1.142296,1.1404014,1.1428056582924506,1.1418916678051207,0.0009139904873298743,0.001042732064024817,-0.0001287415766949426,56.31840796019959,1.142296,1.1463350379261765,1.1382569620738234,0.007071788619020898,0.001525714285714273,0.07255494429427091,-0.0009009324213213876,-0.0024540627401662407,0.0004128103362563655,1
2026-07-03 00:00:00+00:00,1.14221,1.1430500000000001,1.14204,1.14302,1407,1.1429680000000002,1.143268,1.1425144999999999,1.140422,1.1428386339397658,1.1419752479677043,0.0008633859720614812,0.0010068628456321497,-0.00014347687357066851,59.23862581244191,1.1425144999999999,1.1461784551538037,1.138850544846196,0.0064138444699017826,0.0015392857142857272,0.17581505991702986,-3.499378860261082e-05,-0.0011796883874970465,0.000486919884660361,1
2026-07-03 01:00:00+00:00,1.14302,1.14443,1.14297,1.1437,2070,1.1430399999999998,1.1431669999999998,1.1427725,1.1404702,1.1429711517951866,1.142103007377504,0.0008681444176825703,0.0009791191600422339,-0.00011097474235966355,65.37037037037075,1.1427725,1.1459528401010821,1.1395921598989178,0.005566007409317509,0.0015428571428571475,0.3926360931610988,0.00031486696870564046,-0.0008823195394466188,0.0005229021080372201,1
2026-07-03 02:00:00+00:00,1.1437,1.14445,1.14356,1.14396,1263,1.1431580000000001,1.143187,1.1429985,1.1405306,1.1431232822882347,1.1422405623865777,0.0008827199016570031,0.0009598393083651878,-7.711940670818466e-05,40.91627172195866,1.1429985,1.1458017783440704,1.1401952216559297,0.0049051303988069065,0.0010557142857142868,0.0,0.0005160184367265508,0.0001748618591315143,0.00045927250697253686,1
2026-07-03 03:00:00+00:00,1.14394,1.14412,1.1436600000000001,1.14409,973,1.1434000000000002,1.143291,1.1431654999999998,1.1406044,1.143272008090045,1.1423775577653497,0.0008944503246952618,0.0009467615116312026,-5.231118693594088e-05,42.566510172143545,1.1431654999999998,1.145797493241195,1.1405335067588047,0.004604745754127673,0.0009685714285714297,0.043839126651677295,0.0010587288254235716,0.0009098464634091918,0.0004008598170509054,1
2026-07-03 04:00:00+00:00,1.1441,1.14459,1.14389,1.14457,720,1.143868,1.143422,1.1432945,1.1406854,1.1434716991531149,1.1425399608938422,0.0009317382592726187,0.0009437568611594859,-1.2018601886867202e-05,51.61290322580818,1.1432945,1.1459367914697602,1.14065220853024,0.004622241198151724,0.0008435714285714356,0.2862588472002776,0.0020486241825201645,0.0011458460892537214,0.00041365217813085244,0
2026-07-03 05:00:00+00:00,1.14457,1.14546,1.14452,1.14485,1381,1.1442340000000002,1.1436009999999999,1.143489,1.1407744,1.143683745437251,1.1427110749017058,0.0009726705355452836,0.0009495395960366455,2.31309395086381e-05,51.140065146580156,1.143489,1.1459758572431895,1.1410021427568104,0.004349595393028762,0.0008399999999999995,0.32676194405969017,0.0016010218543858201,0.001565972039962782,0.000402139162628946,0
2026-07-03 06:00:00+00:00,1.14485,1.1461999999999999,1.14479,1.14538,2358,1.1445699999999999,1.143805,1.1437065,1.1408656000000001,1.143944707677674,1.142908773057135,0.0010359346205390807,0.0009668186009371326,6.911601960194814e-05,64.16083916084193,1.1437065,1.1460442566846056,1.1413687433153943,0.004088036020789729,0.0008478571428571304,0.8486724923337898,0.0014689166739529913,0.0017842461559991474,0.0004132187896328486,0
2026-07-03 07:00:00+00:00,1.14538,1.14577,1.14472,1.14542,2033,1.144862,1.14401,1.1439584999999999,1.1409626,1.1441716757272626,1.1430947898677177,0.0010768858595449071,0.0009888320526586876,8.805380688621956e-05,73.46534653465434,1.1439584999999999,1.1458256484029172,1.1420913515970825,0.003264363878440261,0.0008571428571428579,0.9999999999969277,0.0012762684009930414,0.0017929454157448177,0.0004128725623949659,0
2026-07-03 08:00:00+00:00,1.14545,1.14575,1.14501,1.1452499999999999,1793,1.145094,1.144247,1.1439655,1.141062,1.1443375717692224,1.1432544350627016,0.0010831367065207154,0.0010076929834310932,7.544372308962216e-05,69.8602794411164,1.1439655,1.1458517770351286,1.1420792229648713,0.0032977865768306293,0.0008550000000000026,0.8892421024446225,0.0010139062486340666,0.002073708525829554,0.00037479987608508066,0
2026-07-03 09:00:00+00:00,1.1452499999999999,1.1452499999999999,1.14402,1.14408,1506,1.144996,1.144432,1.1439175000000001,1.1411396,1.144297945343188,1.14331558802102,0.0009823573221681148,0.0010026258511784975,-2.0268529010382744e-05,58.52842809364552,1.1439175000000001,1.1457363009354322,1.142098699064568,0.003179951238497661,0.0008892857142857036,0.5410954527273745,-0.00042810837257667433,0.0016196387767786202,0.0004889555618270283,1
2026-07-03 10:00:00+00:00,1.14406,1.1449799999999999,1.1440299999999999,1.14463,1190,1.144952,1.144593,1.1439305,1.1412392,1.1443490306750053,1.1434129518713148,0.0009360788036905099,0.0009893164416809,-5.323763799039015e-05,60.319999999999965,1.1439305,1.1457665538349497,1.1420944461650502,0.0032100793447675017,0.0009128571428571279,0.5961376287848684,-0.00019216491243378986,0.0014085492817275114,0.00046765557293523293,0
2026-07-03 11:00:00+00:00,1.14462,1.14569,1.14458,1.14503,1646,1.1448820000000002,1.144726,1.1439465,1.1413642,1.144453795186543,1.1435327332141803,0.0009210619723627467,0.0009756655478172693,-5.460357545452265e-05,62.537764350452996,1.1439465,1.1458164200660066,1.1420765799339934,0.0032692439130791763,0.000970714285714285,0.6642736468808784,-0.0003055754422114365,0.0011628923668793867,0.000447168831261703,0
2026-07-03 12:00:00+00:00,1.14505,1.14526,1.14459,1.14469,1580,1.144736,1.1447990000000001,1.143993,1.1414624,1.1444901343886134,1.1436184566797967,0.0008716777088166872,0.000954867980017153,-8.319027120046586e-05,63.98763523956798,1.143993,1.1458894576398033,1.1420965423601968,0.003315505671456528,0.0009628571428571384,0.7088177974428788,-0.0006373208080879822,0.0006381342004964097,0.00046315448554725867,0
2026-07-03 13:00:00+00:00,1.14468,1.14479,1.14378,1.14405,1598,1.144496,1.144795,1.144043,1.1415724,1.14442242140575,1.1436504228516635,0.0007719985540863838,0.0009182940948309993,-0.0001462955407446155,64.08668730650074,1.144043,1.1458867730196496,1.1421992269803503,0.003223258251044172,0.0009735714285714149,0.7118609581932979,-0.0010478061558610863,-3.4962284435668955e-05,0.000502327707881244,0
2026-07-03 14:00:00+00:00,1.14402,1.14478,1.14384,1.14412,1560,1.144504,1.1447500000000002,1.144086,1.1417131999999999,1.1443758950356346,1.143685206344133,0.0006906886915016841,0.0008727730141651364,-0.00018208432266345227,59.58188153310142,1.144086,1.1458926240690674,1.1422793759309324,0.003158196270328469,0.000968571428571398,0.5734605336249049,3.496259002866431e-05,-0.00039316075032547193,0.00048113928526671157,0
2026-07-03 15:00:00+00:00,1.14413,1.14443,1.14346,1.1437,1344,1.144318,1.144635,1.144118,1.1417964,1.1442719111839985,1.1436863021704935,0.0005856090135050174,0.0008153402140331125,-0.00022973120052809516,50.0,1.144118,1.1458699504921468,1.1423660495078531,0.0030625346199374985,0.0009335714285714067,0.2790779255719535,-0.0008124896254685376,-0.0010044984059046635,0.00047992642099657786,0
2026-07-03 16:00:00+00:00,1.14369,1.1439300000000001,1.14352,1.14374,720,1.14406,1.1444709999999998,1.1441379999999999,1.1418810000000001,1.1441900786941526,1.143690279787494,0.0004997989066586328,0.0007522319525582166,-0.00025243304589958376,47.90874524714736,1.1441379999999999,1.1458614555253865,1.1424145444746132,0.0030126707187186573,0.0008992857142856898,0.17289437739047664,-0.0011266080364706887,-0.0014318392149330617,0.00044166691022344524,1
2026-07-03 17:00:00+00:00,1.1437599999999999,1.1442,1.14374,1.14402,822,1.143926,1.144331,1.1441705,1.141994,1.144163912741206,1.1437147035069388,0.0004492092342671672,0.0006916274089000067,-0.00024241817463283954,49.353049907578466,1.1441705,1.1458570970100472,1.1424839029899527,0.002948156782660019,0.0008992857142857057,0.05651395677294094,-0.000585311306991354,-0.0012222590840041958,0.0004558315319466085,0
2026-07-03 18:00:00+00:00,1.1440299999999999,1.1441,1.14378,1.14388,767,1.143892,1.144194,1.1442204999999999,1.1421072,1.1441202338579437,1.1437269476916099,0.0003932861663338283,0.0006319591603867711,-0.00023867299405294282,43.195266272189045,1.1442204999999999,1.1458020312368857,1.142638968763114,0.0027643819296820312,0.0008721428571428451,0.0,-0.00014859490406893272,-0.001196245361274717,0.0004557394876513007,0
2026-07-03 19:00:00+00:00,1.14386,1.14402,1.14353,1.14363,565,1.143794,1.144149,1.1442905,1.142218,1.1440448132644139,1.1437197663811203,0.00032504688329360043,0.000570576704968137,-0.00024552982167453654,37.896825396826856,1.1442905,1.145601947171953,1.1429790528280472,0.0022921577553127667,0.0008399999999999995,0.0,-0.0004282767541866628,-0.000393329137822529,0.0003334928307317353,1
2026-07-03 20:00:00+00:00,1.14362,1.14375,1.14334,1.14357,1030,1.1437680000000001,1.144043,1.144318,1.14233,1.1439717650698888,1.1437086725751113,0.00026309249477751706,0.000509079862930013,-0.00024598736815249593,30.19693654267037,1.144318,1.145537086802566,1.1430989131974338,0.0021306783648707877,0.000768571428571436,0.0,-0.00011366617119867861,-0.0009260634440824145,0.00027933931736900193,0
2026-07-05 21:00:00+00:00,1.14358,1.1437599999999999,1.14339,1.1437599999999999,376,1.1437719999999998,1.1439160000000002,1.144321,1.1424478,1.1439391858283674,1.1437124746065845,0.0002267112217828604,0.0004526061347005825,-0.00022589491291772208,32.41525423728689,1.144321,1.1455339633137944,1.1431080366862054,0.002119970382077235,0.0007200000000000063,0.05592866189546102,1.748649168509253e-05,-0.0011091412452076677,0.0002517592897811301,0
2026-07-05 22:00:00+00:00,1.14379,1.14382,1.14347,1.14365,473,1.143698,1.143812,1.1443055,1.1425664,1.1438946957009264,1.1437078468579485,0.00018684884297792692,0.0003994546763560514,-0.00021260583337812447,32.83261802575255,1.1443055,1.1455455080647368,1.1430654919352632,0.002167267508085535,0.0006921428571428713,0.07777222976474045,-0.00032342091921466753,-0.0009085429242851051,0.00024313651186237312,0
2026-07-05 23:00:00+00:00,1.14365,1.1438,1.14327,1.1436600000000001,740,1.1436540000000002,1.143773,1.144284,1.1426828,1.1438585886700146,1.1437043026462486,0.00015428602376599265,0.00035042094583803967,-0.00019613492207204701,44.00000000000203,1.144284,1.1455542821901916,1.1430137178098085,0.002220221885810761,0.0006421428571428768,0.40729315342214245,-0.00019232786655931644,-0.0003408941916873687,0.0001796502309293819,0
2026-07-06 00:00:00+00:00,1.1436600000000001,1.14409,1.14325,1.14381,1661,1.14369,1.143742,1.1442459999999999,1.1428014,1.1438511134900124,1.1437121320798598,0.00013898141015267207,0.0003081330387009662,-0.00016915162854829412,36.774193548385895,1.1442459999999999,1.1455256940426206,1.1429663059573791,0.002236746368561897,0.0006342857142857301,0.19407805774469866,0.00015739356260335846,-0.0002709505995874828,0.00018505439939844905,0
2026-07-06 01:00:00+00:00,1.14383,1.14386,1.14282,1.14286,1486,1.143548,1.1436579999999998,1.1441465000000002,1.1429040000000001,1.143698634491549,1.1436490111850552,4.9623306493717934e-05,0.00025643109225951654,-0.0002068077857657986,20.273972602739093,1.1441465000000002,1.1455334204813794,1.142759579518621,0.00242437569206256,0.000629285714285729,0.0,-0.0006208627368678998,-0.0007344583369763846,0.0003012363400649406,0
2026-07-06 02:00:00+00:00,1.14284,1.14351,1.14272,1.14334,1061,1.1434640000000003,1.143618,1.1440445000000001,1.1430182,1.1436434599543877,1.1436261214676438,1.7338486743900816e-05,0.0002086125711563934,-0.00019127408441249258,32.18997361477604,1.1440445000000001,1.145346942644697,1.1427420573553033,0.0022769090620108055,0.0006378571428571662,0.27197586574078847,-0.00036720990417560273,-0.00034972983370340494,0.00033888472011588735,0
2026-07-06 03:00:00+00:00,1.14334,1.14355,1.14277,1.14316,934,1.1433659999999999,1.143532,1.1439315,1.143119,1.1435690814998665,1.143591593951522,-2.251245165552085e-05,0.00016238756659401054,-0.00018490001824953138,36.63663663663599,1.1439315,1.145118504633783,1.1427444953662171,0.002075307190654269,0.0006214285714285982,0.4162690023232544,-0.0004284527608972022,-0.000751735109526086,0.0003256037723145412,0
2026-07-06 04:00:00+00:00,1.14314,1.1434,1.14313,1.14325,704,1.143284,1.143469,1.1438315,1.1432200000000001,1.1435199920383485,1.1435662906958537,-4.62986575051616e-05,0.0001206503217741761,-0.0001669489792793377,37.014925373136144,1.1438315,1.1448796718423766,1.1427833281576232,0.0018327382002973527,0.000573571428571459,0.563174908863985,-0.00035849815504607196,-0.0005507570724201383,0.00032856000296537755,0
2026-07-06 05:00:00+00:00,1.14325,1.14331,1.14226,1.14237,1191,1.142996,1.1433430000000002,1.143746,1.1433032,1.143343070186295,1.1434776765702348,-0.00013460638393980595,6.959898063137968e-05,-0.00020420536457118563,32.54593175853282,1.143746,1.144972606787505,1.1425193932124948,0.0021448936870687727,0.0005792857142857345,0.42202023905721414,-0.001258950350145449,-0.001101754938222843,0.00039794426519074605,0
2026-07-06 06:00:00+00:00,1.14236,1.14288,1.14195,1.14227,1912,1.142878,1.143213,1.143628,1.1433756000000002,1.1431779824653265,1.1433882190465137,-0.00021023658118712873,1.3631868267677981e-05,-0.0002238684494548067,31.00775193798472,1.143628,1.1449471161317533,1.142308883868247,0.002306897228387505,0.0006164285714285812,0.3691237938083541,-0.0005162487093782753,-0.0011367909266595255,0.00039753362270129053,0
2026-07-06 07:00:00+00:00,1.14228,1.1428099999999999,1.14164,1.14263,2335,1.142736,1.1431,1.143508,1.1434574,1.143093677470661,1.143332054672698,-0.00023837720203689905,-3.676994579323744e-05,-0.00020160725624366162,32.405063291140735,1.143508,1.1447226231820273,1.1422933768179726,0.0021243807337200326,0.0006671428571428503,0.5112988569569792,-0.0006209876327251118,-0.0009879695040916348,0.0004117273547414534,0
2026-07-06 08:00:00+00:00,1.14264,1.1427100000000001,1.1415,1.14203,1888,1.1425100000000001,1.142938,1.1433750000000003,1.1435092,1.142930034782867,1.143235606178424,-0.0003055713955568695,-9.053023574596388e-05,-0.00021504115981090563,29.024943310659822,1.1433750000000003,1.144626634720804,1.1421233652791964,0.0021893687037127917,0.0007307142857142988,0.3688342157479498,-0.000988488050666425,-0.0014165172911292379,0.00043320966132921957,0
2026-07-06 09:00:00+00:00,1.14201,1.14213,1.14109,1.14131,1557,1.142122,1.142703,1.1432379999999998,1.1435204,1.142680798662426,1.143092968683726,-0.0004121700213000068,-0.00015485819285677248,-0.00025731182844323435,26.22950819672363,1.1432379999999998,1.1447510672926935,1.141724932707306,0.0026469856542447635,0.0007700000000000167,0.2510127588677771,-0.0016969166848895822,-0.0020548064984349246,0.00045515336932484737,1
2026-07-06 10:00:00+00:00,1.14131,1.1421000000000001,1.14096,1.14195,1650,1.1420379999999999,1.142517,1.1431295000000001,1.1435196,1.1425683680989758,1.1430083043367834,-0.00043993623780758107,-0.00021187380184693424,-0.00022806243596064683,35.16483516483625,1.1431295000000001,1.1446868320643135,1.1415721679356867,0.002724681786820146,0.0008221428571428824,0.6276171865059981,-0.0003676567136742248,-0.0016261442022713624,0.0005077080126785143,1
2026-07-06 11:00:00+00:00,1.14194,1.14202,1.14118,1.1414900000000001,1699,1.141882,1.1423800000000002,1.1430190000000002,1.1435302,1.142402465314518,1.1428958373488736,-0.0004933720343556214,-0.0002681734483486717,-0.0002251985860069497,30.19197207679163,1.1430190000000002,1.1447134727484927,1.1413245272515078,0.0029649074048505525,0.0008557142857143088,0.4180219177844701,-0.0006828508146058399,-0.0011987470031323832,0.00046105725564898024,1
2026-07-06 12:00:00+00:00,1.14152,1.14196,1.14104,1.14131,1984,1.141618,1.142177,1.1428975000000001,1.1435358,1.1422343937276689,1.1427783679156238,-0.000543974187954932,-0.00032333359626992377,-0.00022064059168500826,29.82758620689812,1.1428975000000001,1.1447180826136931,1.1410769173863071,0.003185907071619284,0.0008964285714285916,0.4026638528294406,-0.0011552296018834118,-0.0017754998513127562,0.00042029010360126296,1
2026-07-06 13:00:00+00:00,1.14131,1.14223,1.14083,1.14127,2291,1.1414659999999999,1.141988,1.14276,1.1435536,1.1420860254618737,1.142666636958911,-0.0005806114970372533,-0.0003747891764233897,-0.00020582232061386362,29.50257289879991,1.14276,1.1446381065494746,1.1408818934505254,0.0032869658536781527,0.0009585714285714594,0.5512589649213147,-0.0006654816423387055,-0.0016533118723537354,0.000422717887247314,1
2026-07-06 14:00:00+00:00,1.14123,1.14197,1.14105,1.1417,2479,1.1415440000000001,1.141833,1.142651,1.1434854,1.1420266369292777,1.142595034221214,-0.0005683972919361402,-0.0004135107995259399,-0.0001548864924102003,32.733224222586884,1.142651,1.1445083427540226,1.1407936572459776,0.0032509362071577322,0.0009642857142857508,0.7442379051331538,0.0003417125934233045,-0.0013557839492676083,0.00045137664915433616,1
2026-07-06 15:00:00+00:00,1.14171,1.14259,1.14151,1.14252,1857,1.141658,1.141848,1.1425955,1.143435,1.142102538940158,1.1425894761307536,-0.00048693719059555995,-0.00042819607773986396,-5.874111285569599e-05,47.1571906354517,1.1425955,1.144395107852203,1.1407958921477972,0.0031500349024705596,0.0009671428571428807,0.9999999999952217,0.0004991461972940758,0.00013130596916921533,0.00046416795747441467,1
2026-07-06 16:00:00+00:00,1.14254,1.14319,1.14248,1.14304,1378,1.1419679999999999,1.141925,1.1425690000000002,1.1434084,1.1422467637185953,1.1426228482692162,-0.000376084550620881,-0.0004177737723160674,4.168922169518643e-05,47.50830564784104,1.1425690000000002,1.144323223775147,1.1408147762248533,0.003070665798121409,0.0009614285714285893,0.9999999999953005,0.0013578743571998064,0.0006740963169828973,0.0004824413175352208,1
2026-07-06 17:00:00+00:00,1.14304,1.14391,1.14297,1.14358,1097,1.1424219999999998,1.14202,1.14256,1.1433858000000001,1.1424518769926575,1.1426937483974224,-0.0002418714047649484,-0.0003825932988058436,0.0001407218940408952,53.29153605015718,1.14256,1.1442901779648733,1.1408298220351267,0.003028598874235562,0.0009728571428571563,0.9999999999963048,0.0019889425309511655,0.0008314152437796096,0.0004938401383177544,1
2026-07-06 18:00:00+00:00,1.14358,1.14446,1.14347,1.14425,1017,1.143018,1.142242,1.14259,1.1433956,1.1427285113014793,1.1428090262939097,-8.051499243033611e-05,-0.0003221776375307421,0.000241662645100406,57.18390804597592,1.14259,1.1444178085816585,1.1407621914183415,0.003199412880663302,0.0010242857142857315,0.9999999999967695,0.0026111262015122705,0.0019439069026205846,0.00046596158842156823,0
2026-07-06 19:00:00+00:00,1.14425,1.1442700000000001,1.14379,1.14407,1017,1.143492,1.142518,1.1426105,1.143416,1.142934894178175,1.14290243175362,3.2462424554902114e-05,-0.00025124962511361326,0.0002837120496685154,63.57827476038108,1.1426105,1.1444970895156756,1.1407239104843243,0.003302244318034296,0.0009835714285714487,0.9999999999973225,0.0020758517999475146,0.002418273738072907,0.0003908797474397151,0
2026-07-06 20:00:00+00:00,1.14405,1.14418,1.14392,1.14396,522,1.14378,1.142719,1.1426180000000001,1.14343,1.143092602766148,1.1429807701422408,0.0001118326239073486,-0.00017863317530942088,0.0002904657992167695,63.47687400319132,1.1426180000000001,1.144525741569342,1.1407102584306583,0.0033392464836748837,0.0009357142857143096,0.9972850306283433,0.0012603718096839689,0.00176014711677408,0.00038646331789170285,1
2026-07-06 21:00:00+00:00,1.14404,1.14445,1.14384,1.14445,485,1.1440620000000001,1.143015,1.1426975,1.1434578,1.1433014331098177,1.1430896019835564,0.00021183112626133038,-0.00010054031499527061,0.000312371441256601,64.21875000000006,1.1426975,1.1447728579274359,1.140622142072564,0.003632383771621031,0.0008957142857143172,0.9999999999973677,0.0012335526315787604,0.002593101998265235,0.00033397268724411067,0
2026-07-06 22:00:00+00:00,1.14446,1.14452,1.14421,1.14448,391,1.1442419999999998,1.143332,1.1427545000000001,1.1434806,1.1434827510929226,1.1431925944292187,0.000290156663703911,-2.2400919255434274e-05,0.0003125575829593453,71.0120068610629,1.1427545000000001,1.1449625377095898,1.1405464622904105,0.003864413064380251,0.0008314285714285941,0.9999999999977669,0.0007870022210951788,0.0027775100542357656,0.0003128713824569636,0
2026-07-06 23:00:00+00:00,1.14448,1.14477,1.14409,1.14412,549,1.144216,1.143617,1.1428025,1.1434956,1.1435807893863192,1.1432612911381657,0.0003194982481535824,4.597891422636909e-05,0.0002735193339272133,75.68555758683878,1.1428025,1.1450880323002288,1.140516967699771,0.003999872769317317,0.0008057142857142985,0.9999999999978346,-0.00011361153594058315,0.00249721801151348,0.00035370995943290477,0
2026-07-07 00:00:00+00:00,1.14412,1.14422,1.14378,1.14382,1220,1.1441659999999998,1.143829,1.142831,1.1435144,1.143617591019193,1.143302676979783,0.0003149140394100858,9.976593926311245e-05,0.0002151481001469733,68.22612085770147,1.142831,1.1451539373421142,1.1405080626578856,0.004065233340912709,0.0007557142857142882,0.8384808435485741,-0.00021851809766870733,0.0018568800910923056,0.00038453620913817313,0
2026-07-07 01:00:00+00:00,1.14384,1.14472,1.14368,1.14438,1694,1.14425,1.144015,1.1429315,1.1435574,1.143734884708548,1.1433824786849842,0.00035240602356378936,0.00015029395612324787,0.0002021120674405415,77.62906309751477,1.1429315,1.145342704329052,1.140520295670948,0.004219333055484189,0.0007700000000000008,0.9999999999979221,0.000367145704395222,0.0016279802541749877,0.0003550120072745763,0
2026-07-07 02:00:00+00:00,1.14438,1.14458,1.14394,1.14394,971,1.144148,1.144105,1.1430150000000001,1.1435758,1.143766440907233,1.1434237765601707,0.00034266434706231585,0.0001887680343110615,0.00015389631275125436,73.95264116575706,1.1430150000000001,1.145445338941191,1.1405846610588093,0.004252505769724498,0.0007499999999999967,0.9236091824550245,-0.00044562890471411265,0.000787374020156717,0.0003767937164132888,0
2026-07-07 03:00:00+00:00,1.14395,1.14426,1.14359,1.14365,917,1.143982,1.144112,1.143066,1.1435748,1.1437485269215049,1.14344053385201,0.00030799306949491623,0.00021261304134783247,9.538002814708376e-05,70.73170731707572,1.143066,1.1455051145935864,1.1406268854064134,0.004267670621970171,0.000697857142857131,0.8463698206032291,-0.000725220187333897,6.121128386293861e-05,0.00036217161326245297,0
2026-07-07 04:00:00+00:00,1.14367,1.14389,1.14351,1.14354,785,1.143866,1.144041,1.1431415,1.1435664,1.143716445856658,1.143447901714824,0.0002685441418339707,0.00022379926144506013,4.4744880388910554e-05,66.97416974169946,1.1431415,1.1455387113185758,1.1407442886814243,0.004194076268905873,0.0006592857142857035,0.6503367697818538,-0.0005069398314861973,-0.0006204937732139371,0.00029970732414807315,0
2026-07-07 05:00:00+00:00,1.14353,1.14372,1.1428,1.14317,1399,1.1437359999999999,1.143951,1.1432345000000002,1.143548,1.143632377263326,1.1434273164026147,0.00020506086071114815,0.00022005158129827774,-1.4990720587129588e-05,56.53923541247593,1.1432345000000002,1.1454715043410095,1.1409974956589908,0.003913465419403235,0.0006478571428571365,0.29982412559491367,-0.0005682712314875049,-0.0007866651516077461,0.0003100136111338623,1
2026-07-07 06:00:00+00:00,1.14317,1.14322,1.14252,1.14296,1576,1.143452,1.143851,1.143285,1.1435158,1.1435289346074295,1.1433927003727915,0.00013623423463804407,0.000203288111966231,-6.705387732818693e-05,49.1416309012866,1.143285,1.145444156755629,1.1411258432443712,0.0037771102666945573,0.0006471428571428461,0.0,-0.0012408465719428996,-0.0008741564390364331,0.00031179382180722713,1
2026-07-07 07:00:00+00:00,1.14298,1.14319,1.14246,1.1425,1770,1.143164,1.143656,1.1433354999999998,1.1434688,1.1433706369755174,1.1433265744192513,4.406255626610012e-05,0.00017144300082620485,-0.00012738044456010473,38.209606986898244,1.1433354999999998,1.1453609951313088,1.1413100048686908,0.0035431334569931707,0.0006321428571428431,0.0,-0.00125880728010197,-0.0017038752239065813,0.00026649702011610613,1
2026-07-07 08:00:00+00:00,1.14251,1.14356,1.14247,1.14278,1958,1.14299,1.143486,1.143409,1.1434168,1.1432797697485149,1.1432860874252326,-6.317676717770837e-06,0.00013589086531740971,-0.00014220854203518055,32.45823389021068,1.143409,1.1452203896963982,1.1415976103036016,0.003168402026568392,0.0006392857142856835,0.0,-0.0007607222489399712,-0.001485390745141979,0.00029219430111637425,1
2026-07-07 09:00:00+00:00,1.1428,1.143,1.14243,1.14249,1503,1.14278,1.143323,1.14347,1.1433582,1.1431582667102818,1.1432271179863267,-6.885127604494556e-05,9.494243704493865e-05,-0.0001637937130898842,31.627906976741258,1.14347,1.1450448149433825,1.1418951850566175,0.002754449077601544,0.0006457142857142495,0.0,-0.0009182013746785733,-0.0014246757333147286,0.00028897283817982066,1
2026-07-07 10:00:00+00:00,1.14249,1.14339,1.14231,1.14334,1255,1.142814,1.1432749999999998,1.1435520000000001,1.14332,1.1431862256779308,1.1432354796169693,-4.925393903842945e-05,6.610316182826504e-05,-0.00011535710086669449,43.849206349204806,1.1435520000000001,1.1448920487032015,1.1422119512967988,0.002343660285149024,0.0007042857142856811,0.2656737439457093,0.00014870929083166118,-0.00041964644786773864,0.0003974752725313944,0
2026-07-07 11:00:00+00:00,1.14336,1.14391,1.1425,1.14323,1983,1.142868,1.14316,1.1435875,1.143303,1.1431929601890183,1.1432350737194161,-4.211353039784704e-05,4.445982338304262e-05,-8.657335378088966e-05,36.909871244633635,1.1435875,1.1448476733383708,1.1423273266616292,0.0022038949155544405,0.000761428571428532,0.11482242433240997,0.0002362287394135354,-0.0010049109561509617,0.0003508770445548175,0
2026-07-07 12:00:00+00:00,1.14322,1.1442,1.14307,1.14364,2065,1.143096,1.14313,1.1436175,1.1432832,1.1432617355445538,1.1432650682587187,-3.332714164860917e-06,3.490131587346191e-05,-3.823403003832283e-05,41.6666666666663,1.1436175,1.1448510805823966,1.1423839194176033,0.0021573307200994088,0.0008199999999999637,0.2182284215541672,0.0009978118161924066,-0.0002622515166879058,0.00036254281135864643,0
2026-07-07 13:00:00+00:00,1.14364,1.14416,1.14302,1.14361,2557,1.143262,1.143126,1.143619,1.1432548,1.1433153146915453,1.143290618758073,2.4695933472429488e-05,3.286023939325543e-05,-8.164305920825942e-06,44.58598726114587,1.143619,1.14485246153935,1.1423855384606498,0.002157119703940056,0.0008528571428571155,0.2816903177467042,0.0007262990251843959,-3.497573558342015e-05,0.0003537240463079278,0
2026-07-07 14:00:00+00:00,1.14363,1.14377,1.14235,1.14327,3176,1.143418,1.1430989999999999,1.14357,1.1432264,1.1433083432005384,1.14328909144266,1.925175787831357e-05,3.0138543090267058e-05,-1.088678521195349e-05,44.21052631578844,1.14357,1.1447754612572543,1.1423645387427457,0.0021082421841326585,0.0009228571428571142,0.2735283284182,0.00068271932358277,-0.00023610892491732205,0.00036511727716283157,0
2026-07-07 15:00:00+00:00,1.14327,1.14348,1.14218,1.14226,2080,1.143202,1.143008,1.1434795000000002,1.1431906,1.1431470596312248,1.1432128624469076,-6.580281568280277e-05,1.0950271335653087e-05,-7.675308701845587e-05,29.615384615384215,1.1434795000000002,1.1447937694591157,1.1421652305408847,0.002298719756874526,0.0009414285714285534,0.0,-0.0009446009061171434,-0.0007960320862163694,0.0004494239497995559,0
2026-07-07 16:00:00+00:00,1.14227,1.14257,1.14178,1.14231,1670,1.143018,1.142943,1.143397,1.1431544,1.143018281226421,1.1431459837471365,-0.00012770252071558907,-1.6780287074595353e-05,-0.00011092223364099372,33.056133056131216,1.143397,1.1447891146355578,1.1420048853644422,0.002435050355314511,0.0009521428571428459,0.08368327259473236,-0.0008047374544055685,-0.0005686988171065277,0.0004493229232390363,0
2026-07-07 17:00:00+00:00,1.14231,1.14291,1.14219,1.14278,1221,1.142846,1.142971,1.1433134999999999,1.143136,1.1429816225762024,1.1431188738399412,-0.00013725126373875796,-4.087448240742788e-05,-9.637678133133008e-05,41.28256513025834,1.1433134999999999,1.1446383916542033,1.1419886083457964,0.002317634934256377,0.000955714285714282,0.3123008544146855,-0.0007519848903502213,0.000245076586433024,0.00045344803388244135,0
2026-07-07 18:00:00+00:00,1.14278,1.14296,1.14171,1.1418300000000001,1694,1.14249,1.142876,1.143181,1.1430977999999998,1.1428044498721712,1.1430234017036494,-0.00021895183147813135,-7.64899522215686e-05,-0.00014246187925656277,35.33447684391017,1.143181,1.1445441835805672,1.1418178164194328,0.002384895446245512,0.001017857142857134,0.21241731992967663,-0.0015564746723095713,-0.0008313061131624,0.0005183988225408452,0
2026-07-07 19:00:00+00:00,1.1418300000000001,1.14192,1.14079,1.14164,2150,1.142164,1.142791,1.143057,1.1430502,1.142625303737991,1.1429209275033791,-0.00029562376538816437,-0.00012031671485488779,-0.0001753070505332766,36.46017699114895,1.143057,1.1445088387617501,1.1416051612382498,0.0025402736027164805,0.001032857142857137,0.35054317535016977,-0.001425734953248159,-0.0007439890064683263,0.0005159321598061879,0
2026-07-07 20:00:00+00:00,1.14161,1.14171,1.14102,1.14103,701,1.141918,1.14256,1.1429175,1.1429932,1.1423798723936847,1.1427808587994253,-0.00040098640574059985,-0.00017645065303203023,-0.00022453575270856962,34.049586776858135,1.1429175,1.1445813303938794,1.1412536696061206,0.0029115494230850542,0.0010321428571428623,0.29619396535781234,-0.001076812634601687,-0.0020203963825283777,0.00044400664938194204,0
2026-07-07 21:00:00+00:00,1.14092,1.14113,1.14001,1.14067,1300,1.14159,1.142304,1.142732,1.1429340000000001,1.1421168151023486,1.1426244988883567,-0.000507683786008073,-0.00024269727962723881,-0.0002649865063808341,34.621848739494396,1.142732,1.144531047701489,1.1409329522985112,0.003148678257874751,0.0010600000000000134,0.3344196785220351,-0.0014356873353116306,-0.0022392694383456258,0.0004436090078828157,1
2026-07-07 22:00:00+00:00,1.14065,1.1408800000000001,1.1403,1.14069,525,1.1411719999999999,1.142009,1.1425695,1.1428764,1.1418973050866028,1.1424812026744042,-0.0005838975878014185,-0.0003109373412620748,-0.0002729602465393437,31.63444639718719,1.1425695,1.1444920035762403,1.1406469964237598,0.003365228244304162,0.001023571428571457,0.13486843713409943,-0.0018288734489577685,-0.002579483054107934,0.0004052844058643098,1
2026-07-07 23:00:00+00:00,1.14069,1.14083,1.13999,1.14011,599,1.1408280000000002,1.141659,1.1423925000000001,1.1428034,1.1416223350732793,1.1423055580318557,-0.0006832229585764793,-0.0003853944647249558,-0.0002978284938515235,30.10033444815896,1.1423925000000001,1.1445353547119324,1.140249645288068,0.0037515209736272027,0.0010428571428571707,0.032393474347460614,-0.0015063538355097883,-0.0030604839062268185,0.0004033046947093838,1
2026-07-08 00:00:00+00:00,1.14013,1.14113,1.14001,1.14077,1606,1.140654,1.141409,1.1422539999999999,1.1427458,1.141491206600467,1.142191812992459,-0.000700606391992098,-0.00044843685017838426,-0.0002521695418137137,27.806563039722988,1.1422539999999999,1.1444421633732498,1.14006583662675,0.003831307875918835,0.0010457142857143165,0.0,-0.0007620615955992172,-0.002186710050994023,0.0004911182403592723,1
2026-07-08 01:00:00+00:00,1.14077,1.14093,1.13983,1.14052,1606,1.140552,1.141235,1.1421215,1.142683,1.1413417902003953,1.1420679749930178,-0.0007261847926225418,-0.0005039864386672157,-0.00022219835395532604,27.15008431703123,1.1421215,1.1443953724216942,1.1398476275783058,0.0039818397984701095,0.0010235714285714728,0.0,-0.00044696458462967215,-0.0015232959221194164,0.00043267692217886723,1
2026-07-08 02:00:00+00:00,1.14052,1.14123,1.14042,1.14108,1378,1.140634,1.1411120000000001,1.1420275,1.1426284,1.14130151478495,1.1419947916602018,-0.0006932768752518914,-0.0005418445259841509,-0.00015143234926774055,28.947368421053014,1.1420275,1.1443108389679972,1.1397441610320027,0.003998746033694042,0.001000714285714323,0.10307949693067871,0.00035943787423176055,-0.001076765501483723,0.0004761328585155881,1
2026-07-08 03:00:00+00:00,1.14108,1.14164,1.14108,1.14141,971,1.140778,1.140975,1.1419730000000001,1.1425994,1.1413182048180346,1.141951473759446,-0.0006332689414114689,-0.0005601294090696145,-7.313953234185447e-05,32.758620689654876,1.1419730000000001,1.1442608820361193,1.139685117963881,0.004006893396112135,0.0009592857142857339,0.32874508016845827,0.0006311969071353118,-0.0011988309210870796,0.0004627048198024188,0
2026-07-08 04:00:00+00:00,1.14141,1.14158,1.14108,1.14141,920,1.141038,1.140933,1.1419045,1.1425608,1.1413323271537215,1.1419113645920798,-0.0005790374383582986,-0.0005639110149273513,-1.5126423430947278e-05,34.6026490066223,1.1419045,1.144172598902661,1.1396364010973392,0.003972484393678958,0.0008935714285714459,0.5273359141986739,0.001140240853952701,-0.0003678305877408139,0.0003895797485781085,0
2026-07-08 05:00:00+00:00,1.14139,1.14206,1.1412200000000001,1.14191,1320,1.141266,1.1409600000000002,1.1418755,1.1425358,1.141421199899303,1.141911263511185,-0.0004900636118820856,-0.0005491415343182982,5.9077922436212636e-05,46.83544303797392,1.1418755,1.144126847900502,1.139624152099498,0.003943245827591476,0.000860714285714294,0.9999999999949202,0.0009993250173128132,0.00023650187449630877,0.0004133884615315868,0
2026-07-08 06:00:00+00:00,1.14193,1.14237,1.1417,1.1421999999999999,2350,1.141602,1.141077,1.1418184999999998,1.1425148,1.14154101529941,1.1419326513992454,-0.0003916360998352797,-0.0005176404474216945,0.00012600434758641482,49.046793760831385,1.1418184999999998,1.1439692039240899,1.1396677960759098,0.0037671555051700476,0.0008521428571428727,0.9999999999954332,0.001473012310174271,0.0010253893412091042,0.0003677963822192335,0
2026-07-08 07:00:00+00:00,1.14222,1.14314,1.14167,1.14255,2441,1.1418959999999998,1.141265,1.1417845,1.1425184,1.1416962437148854,1.141978380925227,-0.0002821372103416486,-0.0004705398000056853,0.00018840258966403668,47.9646017699119,1.1417845,1.1438614864304455,1.1397075135695545,0.003638140875875466,0.0009057142857143033,0.9505774146662501,0.001288253233778347,0.001648154155013959,0.00034084547082563504,0
2026-07-08 08:00:00+00:00,1.14256,1.14275,1.14004,1.14102,5653,1.141818,1.1412980000000001,1.1416534999999999,1.1424934,1.1415922062202877,1.1419073897455807,-0.00031518352529302796,-0.00043946854506315383,0.00012428501977012588,43.49919743178029,1.1416534999999999,1.1435613372987687,1.139745662701231,0.00334223527325737,0.001010000000000019,0.7466470319038504,-0.00034168265566281164,0.0002892985824369809,0.0005870304233470855,0
2026-07-08 09:00:00+00:00,1.14104,1.14112,1.13958,1.14042,3937,1.14162,1.141329,1.141494,1.1424492000000002,1.1414118668017819,1.1417972127273897,-0.000385345925607794,-0.0004286440211720818,4.329809556428781e-05,40.81325301204818,1.141494,1.1432396158619595,1.1397483841380405,0.0030584757553864276,0.0010392857142857187,0.6239827372246175,-0.0008673482797593168,0.0002719035882503551,0.0005888218593413394,1
2026-07-08 10:00:00+00:00,1.14044,1.14146,1.1401,1.14084,2266,1.1414060000000001,1.1413360000000001,1.1413725,1.1424254,1.1413238872938154,1.1417263080809164,-0.0004024207871009544,-0.0004233993743578563,2.097858725690191e-05,48.527131782946434,1.1413725,1.14292524798872,1.1398197520112798,0.0027208435260531886,0.001087142857142858,0.9762675766732744,-0.0009370265607621109,6.136206246654119e-05,0.0005703801009686737,0
2026-07-08 11:00:00+00:00,1.14081,1.14095,1.1393,1.13983,2927,1.140932,1.141267,1.141251,1.1423957999999999,1.1410940584793823,1.1415858408156634,-0.0004917823362811102,-0.00043707596674250716,-5.4706369538603074e-05,44.08450704225257,1.141251,1.14288927765806,1.13961272234194,0.002871020762408805,0.0011249999999999951,0.7733775144894578,-0.00207494309227807,-0.0006049871988216271,0.0006348880734903955,1
2026-07-08 12:00:00+00:00,1.13982,1.1407,1.13956,1.13961,2959,1.140344,1.14112,1.141116,1.142349,1.1408657417902466,1.1414394822367253,-0.0005737404464787321,-0.0004644088626897522,-0.00010933158378897994,42.602739726027906,1.141116,1.1428300705631413,1.1394019294368587,0.0030042003847835334,0.0011650000000000033,0.7057067386580033,-0.0025731915452277265,-0.001288253233778569,0.0006050333340947732,1
2026-07-08 13:00:00+00:00,1.13958,1.14136,1.13956,1.1409799999999999,3604,1.140336,1.141077,1.141026,1.1423388,1.1408833199763624,1.1414054465154866,-0.0005221265391242014,-0.00047595239797664207,-4.617414114755931e-05,55.37700865265705,1.141026,1.1425507626219595,1.1395012373780407,0.0026726167886786823,0.001233571428571437,0.9999999999964574,-3.5056353087647985e-05,-0.00037672703060265267,0.0007308948044236622,1
2026-07-08 14:00:00+00:00,1.14097,1.14132,1.14031,1.14072,3016,1.1403959999999997,1.141008,1.1409704999999999,1.142327,1.1408581938261528,1.1413546726995247,-0.0004964788733718972,-0.0004800576930556931,-1.6421180316204104e-05,49.674902470740534,1.1409704999999999,1.1424522411524283,1.1394887588475715,0.0025973347293876295,0.0012257142857142903,0.7979905244299126,0.00026306097753447943,-0.0006045154677110087,0.0007331466686395976,1
2026-07-08 15:00:00+00:00,1.14072,1.14118,1.13909,1.13951,2970,1.1401299999999999,1.140768,1.140864,1.1422918000000002,1.14065077939136,1.1412180302773376,-0.0005672508859775327,-0.0004974963316400612,-6.975455433747154e-05,44.1618497109828,1.140864,1.142445929534881,1.1392820704651192,0.0027732131698097215,0.0012964285714285792,0.5756597954624842,-0.0011658076505032255,-0.0021017418185320658,0.0007721277385395504,1
2026-07-08 16:00:00+00:00,1.13953,1.14146,1.13944,1.14138,2616,1.14044,1.140686,1.1408815,1.1422854,1.1407629671773047,1.1412300280345717,-0.00046706085726699875,-0.0004914092367654487,2.434837949844991e-05,51.50602409638542,1.1408815,1.1424788303387912,1.139284169661209,0.002800168709530409,0.001382857142857146,0.8288567442256962,0.0013598519077406834,-0.0007179127998597767,0.0009652097463959139,1
2026-07-08 17:00:00+00:00,1.14141,1.14267,1.14138,1.14188,1887,1.140894,1.140619,1.140942,1.1422726,1.1409348183807964,1.1412781741060851,-0.0003433557252887631,-0.00046179853447011153,0.00011844280918134841,52.31984205330693,1.140942,1.1425962462111217,1.1392877537888781,0.0028997901928787917,0.0014350000000000116,0.8528394303590999,0.0019919095129035114,-0.0005864075970416494,0.0009718103227419302,0
2026-07-08 18:00:00+00:00,1.14187,1.14287,1.14163,1.14249,1758,1.1411959999999999,1.140766,1.141032,1.1422615999999999,1.1411740770914431,1.1413679389871159,-0.00019386189567272005,-0.00040821120671063327,0.00021434931103791322,55.027932960893835,1.141032,1.1428190481396214,1.1392449518603787,0.0031323365858650473,0.0014878571428571677,0.9760312037310301,0.001323423723465833,0.0012883209759688707,0.0008729986154116054,0
2026-07-08 19:00:00+00:00,1.14251,1.143,1.14225,1.14273,1425,1.1415980000000001,1.140997,1.1411630000000001,1.1422446,1.1414134498466058,1.1414688323954776,-5.5382548871829584e-05,-0.0003376454751428725,0.0002822629262710429,53.912213740458284,1.1411630000000001,1.1430469611127554,1.139279038887245,0.0033018264923682927,0.0014814285714286018,0.8994218971784763,0.0017620450241953023,0.00202556952701638,0.0008421259073959337,0
2026-07-08 20:00:00+00:00,1.14272,1.14276,1.14151,1.1416,895,1.142016,1.141073,1.1412045000000002,1.1421916,1.141442149870205,1.141478548514331,-3.639864412607885e-05,-0.0002773961089395138,0.00024099746481343493,47.34982332155506,1.1412045000000002,1.1430885770463224,1.139320422953678,0.003301909598712952,0.0015228571428571591,0.4488244976615607,0.0018341216838815289,0.000666175800287494,0.0009183786431026417,1
2026-07-08 21:00:00+00:00,1.1415899999999999,1.14171,1.14136,1.14171,427,1.142082,1.1412609999999999,1.141264,1.1421444,1.1414833575824812,1.1414956930688251,-1.233548634393955e-05,-0.00022438398442039894,0.0002120484980764594,46.20938628158866,1.141264,1.1431321530424892,1.139395846957511,0.003273831545530406,0.0014428571428571585,0.37051797645224904,0.0002891236923723284,0.0016493687655176892,0.0008555968827150233,1
2026-07-08 22:00:00+00:00,1.14178,1.14191,1.14161,1.14188,404,1.1420819999999998,1.141488,1.141304,1.1421028,1.1415443794928686,1.1415241602489121,2.0219243956454136e-05,-0.0001754633387450283,0.00019568258270148244,54.42386831275765,1.141304,1.143189740396447,1.1394182596035531,0.003304536558965806,0.0012707142857142997,0.9345539458698988,0.0,0.0019919095129035114,0.0008464771902756297,1
2026-07-08 23:00:00+00:00,1.14187,1.14222,1.14169,1.1421000000000001,433,1.142004,1.1416,1.1413385,1.1420558,1.1416298595708887,1.1415668150452891,6.304452559957596e-05,-0.00012776176587610746,0.00019080629147568342,58.993576017131176,1.1413385,1.1432573623275954,1.1394196376724046,0.0033624771749930743,0.0011985714285714457,0.9999999999938991,-0.00034135966179127397,0.0009816122982000408,0.0007703663375986517,1
2026-07-09 00:00:00+00:00,1.14213,1.14299,1.14209,1.14253,1285,1.1419640000000002,1.141781,1.1413945,1.1420168,1.141768342713829,1.1416381620789715,0.00013018063485747966,-7.617328572939002e-05,0.0002063539205868697,59.03743315508008,1.1413945,1.1433861401600192,1.139402859839981,0.0034898366165582017,0.0011657142857142938,0.9999999999939154,-0.0001750194709161379,0.0015867171610912667,0.0007656191776985228,1
2026-07-09 01:00:00+00:00,1.14255,1.1427100000000001,1.14198,1.14254,1254,1.1421519999999998,1.142084,1.1414259999999998,1.1419852,1.1418870592193937,1.1417049648879367,0.0001820943314569945,-2.4519762292113106e-05,0.0002066140937491076,66.22754491018028,1.1414259999999998,1.1434711781548055,1.1393808218451942,0.00358354927048385,0.0011000000000000215,0.9999999999957673,0.0008234057463210043,0.0026590376565365226,0.000640865644021812,1
2026-07-09 02:00:00+00:00,1.14255,1.1428099999999999,1.1423,1.1424,1088,1.14229,1.1421860000000001,1.1414360000000001,1.1419568,1.1419659731856409,1.1417564489703118,0.00020952421532904886,2.22890332321193e-05,0.00018723518209692955,66.86819830713554,1.1414360000000001,1.143498991185697,1.1393730088143033,0.0036147294910916787,0.0010549999999999965,0.9999999999955961,0.0006043566229603226,0.0008936550491509543,0.00042748940871381526,1
2026-07-09 03:00:00+00:00,1.1424,1.14301,1.14227,1.14267,965,1.1424480000000001,1.142265,1.141442,1.1419226,1.1420742850032346,1.1418241194169554,0.00025016558627921626,6.786434384153871e-05,0.00018230124243767755,61.785216178523484,1.141442,1.1435192816246365,1.1393647183753637,0.003639749763258027,0.0009792857142857222,0.7761426894700758,0.0006918415245034115,0.0006918415245034115,0.0004137477691111435,0
2026-07-09 04:00:00+00:00,1.14267,1.1427100000000001,1.14231,1.14268,781,1.1425640000000001,1.1422839999999999,1.1415250000000001,1.1418974,1.142167471925814,1.1418875179786623,0.00027995394715163435,0.00011028226450355785,0.0001696716826480765,64.1618497109832,1.1415250000000001,1.143663051252561,1.1393869487474393,0.0037459560720279187,0.0009357142857143096,0.8808109289443848,0.0005078364416424286,0.00016630342497525596,0.00038013726781164006,1
2026-07-09 05:00:00+00:00,1.14266,1.14338,1.14262,1.14307,1409,1.142672,1.142318,1.1416575,1.1418858,1.1423063223987655,1.141975109239502,0.00033121315926343264,0.00015446844345553282,0.00017674471580789982,79.18032786885361,1.1416575,1.143835300677324,1.139479699322676,0.0038151559067830646,0.0008407142857143057,0.999999999996967,0.0004726352918522636,0.00029753310055746773,0.00038969994182809167,0
2026-07-09 06:00:00+00:00,1.14307,1.14493,1.14307,1.14418,2333,1.143,1.142576,1.1418245,1.1418986,1.1425945804912632,1.1421384344810204,0.0004561460102427972,0.00021480395681298573,0.00024134205342981149,76.21722846442024,1.1418245,1.144237852985424,1.139411147014576,0.004227187252373723,0.0008292857142857388,0.9101299731861805,0.0014353983230346312,0.0022599859845831016,0.00030384794764916334,0
2026-07-09 07:00:00+00:00,1.1442,1.1442,1.14324,1.14355,1792,1.14323,1.1427600000000002,1.1420105,1.1419062000000002,1.142741568107992,1.1422429948898336,0.0004985732181583824,0.00027155780908206514,0.00022701540907631726,65.26508226691197,1.1420105,1.144348861774864,1.139672138225136,0.00409516685680914,0.0008057142857143143,0.577954255107649,0.0010066526610643667,0.0016116176612275268,0.00039088644857769643,0
2026-07-09 08:00:00+00:00,1.14353,1.14379,1.14254,1.14266,1924,1.1432280000000001,1.142838,1.1421629999999998,1.1419002,1.142729019168301,1.1422738841572533,0.0004551350110477692,0.000308273249475206,0.00014686176157256323,51.478260869565325,1.1421629999999998,1.1442235068361255,1.1401024931638741,0.003608078419850208,0.0008064285714286047,0.1598035826188171,-8.751433047238244e-06,0.0006830840368514668,0.0004911971868942933,1
2026-07-09 09:00:00+00:00,1.14265,1.14312,1.14235,1.14308,1696,1.143308,1.142936,1.142268,1.1419118,1.1427830162193315,1.1423335964419012,0.00044941977743029327,0.0003365025550662235,0.00011291722236406979,52.95109612141726,1.142268,1.1442883136808641,1.140247686319136,0.003537372457013736,0.0008078571428571697,0.20447428903310857,0.0003500542584102817,0.0008580684703616281,0.0004991628055354345,1
2026-07-09 10:00:00+00:00,1.14307,1.14313,1.14209,1.14234,1675,1.1431619999999998,1.1429170000000002,1.142349,1.141903,1.142714859877896,1.1423340707795382,0.0003807890983578144,0.0003453598637245417,3.542923463327268e-05,56.678700361010634,1.142349,1.1442333164335419,1.1404646835664582,0.0032990205857260967,0.0007928571428571665,0.3175315467312587,-0.0006386310549660879,-0.00016629760268893623,0.0005365375967599412,1
2026-07-09 11:00:00+00:00,1.14234,1.14297,1.14217,1.14292,1692,1.14291,1.1429550000000002,1.1425195000000001,1.1419116,1.1427464198966812,1.1423774729440168,0.00036894695266442845,0.0003500772815125191,1.8869671151909356e-05,60.066555740432314,1.1425195000000001,1.1438611639318113,1.141177836068189,0.0023486057468798055,0.0008250000000000281,0.31002361199460804,-0.001101225331678668,0.0003325922943617776,0.0005617567791238341,1
2026-07-09 12:00:00+00:00,1.14294,1.14356,1.14223,1.14247,2189,1.142694,1.142962,1.142574,1.1418942,1.1427038937587304,1.1423843268000156,0.0003195669587148231,0.00034397521695297994,-2.440825823815684e-05,54.68998410174976,1.142574,1.143804736194156,1.141343263805844,0.0021543220730664684,0.000898571428571447,0.11593803567998569,-0.0009444274408639819,6.127450980386584e-05,0.0005764742118273518,1
2026-07-09 13:00:00+00:00,1.14246,1.14389,1.14236,1.14389,2510,1.1429399999999998,1.1430840000000002,1.1426745,1.1419074,1.1428863716420026,1.1424958581481626,0.00039051349384000567,0.00035328287233038513,3.723062150962054e-05,61.949265687583875,1.1426745,1.143991841421845,1.141357158578155,0.002305715970462333,0.0009700000000000264,0.3779864086766439,0.0010764356851558077,0.00106767483175374,0.0006964944598325072,0
2026-07-09 14:00:00+00:00,1.14389,1.14457,1.14312,1.14328,2705,1.14298,1.143144,1.142714,1.1419002,1.1429469298509252,1.1425539427297802,0.00039298712114499423,0.000361223722093307,3.176339905168723e-05,54.8891786179926,1.142714,1.1440552076257582,1.1413727923742418,0.0023474073578483826,0.00100928571428576,0.12312863688123321,0.00017496588165299976,0.0005250813876152005,0.0007254716207139852,0
2026-07-09 15:00:00+00:00,1.14329,1.14402,1.1429,1.14385,2177,1.1432820000000001,1.1432220000000002,1.14277,1.141905,1.1430858637200134,1.1426499469720188,0.00043591674799459135,0.0003761623272735639,5.975442072102743e-05,57.95868772782616,1.14277,1.1442043162686621,1.141335683731338,0.0025102448763304665,0.001037142857142895,0.23393297180329306,0.001321848136281778,0.0006823729080458474,0.0007340755869239427,0
2026-07-09 16:00:00+00:00,1.14384,1.14411,1.14349,1.14368,1376,1.143434,1.143172,1.142874,1.1419132,1.1431772693015498,1.1427262471963138,0.00045102210523606523,0.00039113428286606424,5.9887822370000986e-05,57.74818401937021,1.142874,1.1442516318355553,1.1414963681644446,0.0024108201526246865,0.0010450000000000578,0.22633412697844296,0.0006649634270115001,-0.00043699417923748207,0.000663061105492799,0
2026-07-09 17:00:00+00:00,1.14367,1.14406,1.1434,1.14373,1211,1.143686,1.1431900000000002,1.142975,1.1419426,1.143262304793619,1.142800599255846,0.00046170553777291623,0.0004052485338474347,5.6457003925481513e-05,56.592039800994165,1.142975,1.1442879877542287,1.1416620122457715,0.0022974916410745845,0.0010392857142857664,0.18459918285309765,0.0011028735984313087,0.00015740457347712677,0.0006387473217207589,0
2026-07-09 18:00:00+00:00,1.14372,1.1438,1.14313,1.14334,1038,1.143576,1.1432579999999999,1.1430479999999998,1.1419632,1.143274257902293,1.1428405548665241,0.00043370303576883984,0.0004109394342317158,2.2763601537124066e-05,53.91923990498881,1.1430479999999998,1.1442633682572154,1.1418326317427843,0.002126539318061143,0.0010585714285714642,0.08811541158561861,-0.0004808154630253636,0.000595102655208013,0.000591560301034985,0
2026-07-09 19:00:00+00:00,1.14334,1.14343,1.14253,1.14275,943,1.1434700000000002,1.143225,1.1430805,1.1419626,1.1431936028404017,1.1428338470986334,0.00035975574176827507,0.00040070269573902766,-4.094695397075258e-05,48.14385150812005,1.1430805,1.1442216254834887,1.1419393745165112,0.001996579389620888,0.0010685714285714504,0.0,-0.00046357847596401047,-0.00028869370472772715,0.0006062654731978931,1
2026-07-09 20:00:00+00:00,1.14275,1.14301,1.1427100000000001,1.14296,471,1.143292,1.143287,1.143102,1.1419852,1.1431576639418783,1.142843191757994,0.00031447218388436227,0.00038345659336809463,-6.898440948373237e-05,42.098445595854876,1.143102,1.1442153184159902,1.14198868158401,0.0019478898925732978,0.0009571428571428786,0.0,-0.0007780740481706516,0.0005427455923805447,0.0005677772358388628,1
2026-07-09 21:00:00+00:00,1.14298,1.14304,1.14282,1.14303,335,1.143162,1.143298,1.1431265000000002,1.142013,1.1431380233354356,1.14285702940555,0.0002809939298855646,0.00036296406067158865,-8.197013078602405e-05,46.36871508379838,1.1431265000000002,1.144208880904164,1.1420441190958364,0.0018937202560937799,0.0009042857142857384,0.21511803886133812,-0.000568340794627864,9.624470654112649e-05,0.0005452775674975255,1
2026-07-09 22:00:00+00:00,1.1430500000000001,1.14333,1.1429,1.14331,305,1.1430779999999998,1.1433820000000001,1.143172,1.1420586,1.14316448128383,1.1428905827829166,0.0002738985009134165,0.00034515094871995423,-7.125244780653773e-05,54.96183206106896,1.143172,1.1442009821238346,1.1421430178761656,0.0018002227553412956,0.0008457142857142909,0.6480027729690079,-0.00036721953607921076,0.0007352490656209465,0.0005299555924862674,1
2026-07-09 23:00:00+00:00,1.14333,1.14336,1.14311,1.1433,323,1.14307,1.143323,1.1432035,1.1421112,1.143185330317087,1.142920909984182,0.0002644203329049688,0.0003290048255569572,-6.45844926519884e-05,51.79153094462448,1.1432035,1.1442060079081517,1.1422009920918483,0.0017538573108842061,0.0008085714285714284,0.48829646855544667,-3.4985218745120505e-05,-0.0005157838603363496,0.00033508636758565545,1
2026-07-10 00:00:00+00:00,1.1433,1.14418,1.143,1.14398,1338,1.143316,1.143393,1.1432685,1.142177,1.1433075871913811,1.1429993610964648,0.0003082260949163196,0.0003248490794288297,-1.6622984512510135e-05,63.486842105264174,1.1432685,1.144296349569482,1.142240650430518,0.001798089546737248,0.0008185714285714304,0.9999999999953246,0.0010763509078977052,0.0006122734588200895,0.00034463389327091124,0
2026-07-10 01:00:00+00:00,1.14396,1.14496,1.14377,1.1447,2060,1.143664,1.143478,1.14335,1.1422687999999999,1.1435218045465532,1.1431253343485785,0.0003964701979746188,0.00033917330313798754,5.7296894836631254e-05,64.30868167202689,1.14335,1.1445548323755907,1.1421451676244094,0.0021075477773046898,0.0008464285714285655,0.9999999999954976,0.001522362987331105,0.0007431044280281629,0.00036496064212639264,0
2026-07-10 02:00:00+00:00,1.14471,1.14604,1.14467,1.14578,2113,1.144214,1.143688,1.14343,1.142369,1.1438692192316988,1.143321976248684,0.000547242983014895,0.0003807872391133691,0.00016645574390152597,74.16058394160521,1.14343,1.1450183258318136,1.1418416741681863,0.0027781776441298113,0.0008492857142857112,0.999999999996881,0.00240588610972603,0.00183617795187474,0.00044536833930153806,0
2026-07-10 03:00:00+00:00,1.14581,1.14592,1.14472,1.14494,1225,1.1445400000000001,1.143809,1.1434995000000001,1.1424574,1.1440339547345144,1.1434418298598925,0.0005921248746219021,0.0004230547662150757,0.00016907010840682638,58.37320574162676,1.1434995000000001,1.145225602698843,1.1417733973011572,0.003018982865917964,0.0008257142857142867,0.5076005839104695,0.0014256850722900172,0.0010579419967999826,0.000531828797904759,0
2026-07-10 04:00:00+00:00,1.14491,1.14491,1.14395,1.14426,986,1.144732,1.143901,1.1435795,1.142521,1.1440687309292044,1.1435024350554561,0.0005662958737482349,0.00045170298772170754,0.00011459288602652732,57.72870662460551,1.1435795,1.1452900182349843,1.1418689817650156,0.002991516086086467,0.0007928571428571349,0.48749902018851426,0.0008396746260823651,0.0008046600311368834,0.0005606741317871532,0
2026-07-10 05:00:00+00:00,1.14426,1.14444,1.14354,1.14396,1229,1.1447280000000002,1.144022,1.1436235,1.142572,1.144052003093942,1.143536328755052,0.0005156743388901042,0.0004644972579553869,5.1177080934717276e-05,50.906095551895014,1.1436235,1.145325168221915,1.1419218317780848,0.0029759238454178092,0.0007771428571428414,0.2747056313285503,-1.7482823126191427e-05,0.0010588492671188554,0.0005358579129900033,0
2026-07-10 06:00:00+00:00,1.14396,1.14472,1.14386,1.14419,1899,1.1446260000000001,1.144145,1.143716,1.1426276,1.1440732333871817,1.1435847488472703,0.0004884845399113491,0.00046929471434657943,1.9189825564769672e-05,54.159869494290476,1.143716,1.1453223610397743,1.1421096389602257,0.0028090208404434242,0.0007942857142856839,0.37618900424951407,-0.00044553158032678564,0.001076153146216896,0.0005361646294189,0
2026-07-10 07:00:00+00:00,1.14419,1.14423,1.14362,1.14371,1987,1.144212,1.1442130000000001,1.1437555,1.1426636000000001,1.1440173513276153,1.1435940267104354,0.00042332461717986547,0.00046010069491323667,-3.67760777333712e-05,49.847560975610456,1.1437555,1.1453176911065108,1.142193308893489,0.00273168715955622,0.0007907142857142478,0.241690535302631,-0.0018066295449388203,0.0005949100198594515,0.0005617359956235971,0
2026-07-10 08:00:00+00:00,1.1437,1.14419,1.14303,1.14304,2292,1.1438320000000002,1.144186,1.143784,1.1426804,1.1438669895849052,1.1435529876948476,0.0003140018900575914,0.00043088093394210765,-0.00011687904388451626,47.80701754385995,1.143784,1.1452661946745488,1.142301805325451,0.0025917387803097596,0.0008257142857142551,0.17804713729406973,-0.0016594756057085602,-0.00023615642301733075,0.0005919021860910632,0
2026-07-10 09:00:00+00:00,1.14304,1.1434,1.14263,1.1427,1566,1.14352,1.144126,1.1437245,1.1426834,1.143687452725689,1.1434898034211551,0.00019764930453392004,0.00038423460806047015,-0.0001865853035265501,49.62063732928768,1.1437245,1.1452823862199517,1.1421666137800484,0.0027242333620582163,0.0008164285714285434,0.23461291484341593,-0.0013633265167007913,-0.0005247966413014504,0.0005981131191870554,0
2026-07-10 10:00:00+00:00,1.1427,1.14352,1.14265,1.1433200000000001,1541,1.143392,1.14406,1.1437265,1.1427294000000001,1.1436309215371214,1.1434772253899586,0.00015369614716287394,0.00033812691588095095,-0.000184430768718077,52.57142857142952,1.1437265,1.1452820845070346,1.1421709154929656,0.002720203662386985,0.000857142857142842,0.22318446878632495,-0.0005594601209831795,-0.0005769331631670926,0.0005920355539722143,1
2026-07-10 11:00:00+00:00,1.14334,1.14351,1.14264,1.14306,1706,1.1431660000000001,1.143896,1.1436870000000001,1.1427821999999999,1.1435430874544874,1.1434463198055171,9.676764897026402e-05,0.0002898550624988136,-0.00019308741352854955,50.20862308762151,1.1436870000000001,1.1452692715185857,1.1421047284814145,0.0027669659943421357,0.0009035714285714004,0.09113019116676079,-0.0009875982135835182,-0.0014326897877173783,0.0005414098536878324,0
2026-07-10 12:00:00+00:00,1.14309,1.14416,1.14231,1.14288,2789,1.143,1.143606,1.143647,1.1428230000000001,1.143441073999951,1.1434043701902936,3.670380965736797e-05,0.00023922481193052445,-0.00020252100227315648,46.96755994358154,1.143647,1.1452699420979398,1.1420240579020604,0.002838187129314679,0.0010049999999999862,0.0,-0.0007257084400766889,-0.0025310268987066564,0.00038531092655805715,0
2026-07-10 13:00:00+00:00,1.1429,1.14292,1.14191,1.14206,2474,1.1428040000000002,1.143318,1.1435635,1.1428676000000002,1.1432286010768815,1.143304787213235,-7.618613635340665e-05,0.00017614262227373824,-0.0002523287586271449,42.15189873417781,1.1435635,1.145333629641581,1.1417933703584189,0.0030958134665562084,0.001059285714285707,0.0,-0.0008573628219484819,-0.0025154156549688222,0.0003831728878597427,0
2026-07-10 14:00:00+00:00,1.14208,1.14282,1.14115,1.1421999999999999,3602,1.142704,1.143112,1.1435065,1.1429194,1.1430703547573613,1.1432229511233656,-0.00015259636600428728,0.00011039482461813314,-0.0002629911906224204,37.907608695651085,1.1435065,1.1453774780725614,1.1416355219274386,0.003272352317300207,0.0010942857142856985,0.0,-0.0004375601645227878,-0.0018002901438485264,0.00037905133083115147,0
2026-07-10 15:00:00+00:00,1.14222,1.14386,1.14212,1.14372,2525,1.142784,1.143088,1.143555,1.1429742,1.1431703001793057,1.143259769558672,-8.946937936626931e-05,7.042198382125264e-05,-0.00015989136318752194,43.99509803921576,1.143555,1.1453934146490083,1.1417165853509919,0.003215262316212594,0.0011335714285714163,0.16791695860127387,0.00034985830738554213,-0.00020979754536876172,0.000606939697852057,0
2026-07-10 16:00:00+00:00,1.14374,1.1441,1.14293,1.14294,2062,1.14276,1.142963,1.143554,1.1430186,1.1431348693824894,1.1432360829246961,-0.00010121354220671286,3.609487861565953e-05,-0.00013730842082237239,31.933842239185992,1.143554,1.1453937986161544,1.1417142013838455,0.0032176855944790793,0.0011192857142857035,0.0,-0.0001049813658074994,-0.0010924758999816264,0.0006346760648619801,0
2026-07-10 17:00:00+00:00,1.14293,1.1431,1.14164,1.14177,1441,1.142538,1.142769,1.143491,1.1430638,1.142924889477491,1.1431274841895334,-0.00020259471204231438,-1.164303951593527e-05,-0.00019095167252637912,30.64713064713027,1.143491,1.1454860876515782,1.1414959123484218,0.0034894680440478968,0.0011378571428571269,0.0,-0.0009712305753883932,-0.0016962341852393426,0.0006935329459724464,0
2026-07-10 18:00:00+00:00,1.14175,1.1418,1.14115,1.14163,1332,1.142452,1.142628,1.143407,1.1430688,1.1427256757117232,1.143016559434753,-0.00029088372302976673,-6.749117621870159e-05,-0.00022339254681106514,32.810457516339355,1.143407,1.1455686864762709,1.1412453135237293,0.0037811321362748286,0.0011135714285713963,0.09200658771664814,-0.0003765126175508948,-0.0012335526315790935,0.0006779341224611227,0
2026-07-10 19:00:00+00:00,1.14163,1.14169,1.14135,1.14156,975,1.142324,1.1425139999999998,1.14332,1.1430624,1.1425463409868428,1.1429086661432897,-0.00036232515644685215,-0.00012645797226433172,-0.00023586718418252043,33.82749326145476,1.14332,1.1456344761827768,1.141005523817223,0.004048693598952025,0.001073571428571404,0.13526125709915254,-0.0005603221852564788,-0.0009976371751116986,0.000675298272306411,0
2026-07-10 20:00:00+00:00,1.14154,1.1418,1.14114,1.14144,754,1.141868,1.1423260000000002,1.143193,1.1430414,1.1423761346811747,1.1427998760586016,-0.00042374137742684503,-0.0001859146532968344,-0.00023782672413001063,31.190150478796355,1.143193,1.1456304715114367,1.140755528488563,0.004264321967396243,0.0010592857142856912,0.02476794620920413,-0.001993494911342042,-0.0016443340447119814,0.0006368269386938117,0
2026-07-12 21:00:00+00:00,1.14004,1.14052,1.13995,1.14029,284,1.141338,1.142049,1.1429725,1.1429926000000001,1.142055190884071,1.14261395931352,-0.0005587684294490192,-0.0002604854085272714,-0.0002982830209217478,28.57142857142898,1.1429725,1.1456244099374677,1.1403205900625322,0.004640374002817702,0.0011221428571428335,0.0,-0.002318581902812089,-0.0024233198607246376,0.0006908908600996433,0
2026-07-12 22:00:00+00:00,1.14038,1.14042,1.13875,1.13946,1489,1.140876,1.141707,1.1426565,1.1429498,1.14165593074806,1.1423803326977038,-0.0007244019496437382,-0.0003532687167505648,-0.0003711332328931734,28.009828009827856,1.1426565,1.145404262917955,1.1399087370820449,0.004809429461881305,0.0011585714285714057,0.0,-0.002023174544785733,-0.002992440151196929,0.0007064730962524211,1
2026-07-12 23:00:00+00:00,1.13946,1.14038,1.13928,1.14038,959,1.140626,1.141539,1.1424284999999998,1.1429232,1.141459633709897,1.1422321599052814,-0.000772526195384371,-0.00043712021247732603,-0.0003354059829070449,36.69724770642187,1.1424284999999998,1.145134900017236,1.1397220999827637,0.004737977067687123,0.00118214285714283,0.35369924996419433,-0.001094925676445091,-0.0014710260406635145,0.0007680922872498962,0
2026-07-13 00:00:00+00:00,1.1404,1.14051,1.13947,1.13953,1814,1.14022,1.1412719999999998,1.142192,1.1428762000000001,1.1411627669852975,1.1420319999122976,-0.0008692329270001409,-0.0005235427553818891,-0.0003456901716182518,28.826815642457632,1.142192,1.145047101436236,1.1393368985637642,0.004999337127621113,0.0011942857142856716,0.03680324223738434,-0.0017782683345597405,-0.0023375941166170477,0.0007831444061519838,1
2026-07-13 01:00:00+00:00,1.13953,1.13972,1.13839,1.13972,2057,1.139876,1.1408719999999999,1.14198,1.1428286,1.1409408028337131,1.141860740659535,-0.0009199378258217816,-0.0006028217694698676,-0.000317116056351914,31.193693693694726,1.14198,1.1449110030617595,1.1390489969382405,0.0051331950853071495,0.0012271428571428236,0.16794549553585025,-0.001506868516961024,-0.0034973594935823193,0.0005866162733504162,1
2026-07-13 02:00:00+00:00,1.13974,1.13995,1.1393,1.13939,1372,1.1396959999999998,1.140517,1.14174,1.1427658,1.1407022177823727,1.1416777228329027,-0.0009755050505300122,-0.0006773584256818966,-0.00029814662484811563,30.675526024363947,1.14174,1.1446950385162058,1.1387849614837942,0.005176377312182846,0.0011414285714285313,0.1667596487027556,-0.00078927290426134,-0.0031060248132012136,0.0005749600778621759,1
2026-07-13 03:00:00+00:00,1.13941,1.13985,1.1390500000000001,1.13985,1093,1.1397739999999998,1.140325,1.141547,1.142712,1.1405711073543154,1.1415423359563914,-0.0009712286020759908,-0.0007361324609607156,-0.00023509614111527524,37.25490196078496,1.141547,1.1444642597092498,1.1386297402907504,0.005111063686820989,0.0011264285714285283,0.5783495639362232,0.0003422673898163531,-0.0016815996216400508,0.0005551848105665339,1
2026-07-13 04:00:00+00:00,1.13984,1.14048,1.13967,1.14034,841,1.139766,1.140196,1.141412,1.1426708,1.1405355523767284,1.1414532740336958,-0.0009177216569673519,-0.0007724503001620429,-0.00014527135680530892,39.6895787139699,1.141412,1.1442879518334037,1.1385360481665965,0.005039287887990684,0.0010649999999999668,0.730657078835484,-3.507602728913817e-05,-0.001129963298091341,0.0005868098887156377,1
2026-07-13 05:00:00+00:00,1.14034,1.1408800000000001,1.13967,1.13985,1701,1.1398300000000001,1.140025,1.1412695,1.1426144,1.1404300827803087,1.1413345129941628,-0.0009044302138541127,-0.000798846282900457,-0.00010558393095365566,25.782227784731845,1.1412695,1.1441591364733408,1.138379863526659,0.005063898532889628,0.0010271428571428296,0.0,0.000280817530034394,-0.0014979501734467826,0.0005947214164792318,1
2026-07-13 06:00:00+00:00,1.13983,1.14072,1.13956,1.14008,2346,1.139902,1.139889,1.1411075,1.1425624,1.1403762238910304,1.1412415861057061,-0.0008653622146757023,-0.0008121494692555062,-5.321274542019613e-05,30.77956989247342,1.1411075,1.1438737619658765,1.1383412380341233,0.004848381008584367,0.001026428571428555,0.35933098496849614,0.0003158670550660325,-0.0011914774320157528,0.0006051076449165874,1
2026-07-13 07:00:00+00:00,1.14011,1.14258,1.14005,1.14242,3111,1.140508,1.140102,1.1410755,1.1425494,1.140690650984718,1.141328876023802,-0.0006382250390841726,-0.0007773645832212395,0.00013913954413706693,53.77468060394902,1.1410755,1.1437602677544685,1.1383907322455313,0.00470567943044711,0.0011028571428571196,0.9999999999964276,0.0026593177050879824,0.0018679458734180976,0.0008356806597088456,1
2026-07-13 08:00:00+00:00,1.1424400000000001,1.14455,1.14237,1.14357,3336,1.1412520000000002,1.1405129999999999,1.1411099999999998,1.1425372,1.1411336277562998,1.1414948852072242,-0.00036125745092441264,-0.0006941431567618742,0.0003328857058374616,60.083160083160166,1.1411099999999998,1.1439077585014212,1.1383122414985785,0.0049035737158054675,0.0012121428571428363,0.9999999999970846,0.003263587314120242,0.003606971723447927,0.0008041114985615978,0
2026-07-13 09:00:00+00:00,1.14355,1.14372,1.14272,1.14313,1989,1.14181,1.140788,1.1411635,1.1425288,1.1414407619476383,1.1416160048215038,-0.00017524287386549986,-0.0005903631001825994,0.00041512022631709955,57.857857857858086,1.1411635,1.1440763049423666,1.1382506950576334,0.005104973901402498,0.0012592857142857009,0.9351241474711298,0.002446638721784744,0.0024114768761289707,0.0008187182858779377,0
2026-07-13 10:00:00+00:00,1.1431499999999999,1.14354,1.14258,1.14354,1883,1.1425480000000001,1.141189,1.1412305,1.1425463999999999,1.1417637216480017,1.141758522982874,5.198665127714719e-06,-0.0004712507471205366,0.0004764494122482513,60.214007782100836,1.1412305,1.1443010629520984,1.1381599370479016,0.005381144215999133,0.0012807142857142859,0.9999999999970957,0.003237268061587084,0.0035189946732425703,0.0007417188469770619,0
2026-07-13 11:00:00+00:00,1.14355,1.14371,1.14248,1.14272,1967,1.143076,1.141489,1.1411805,1.1425391999999999,1.141910841394463,1.1418297435026612,8.109789180177351e-05,-0.0003607810193360746,0.0004418789111378481,62.211055276381146,1.1411805,1.1441096886788809,1.138251311321119,0.005133611516987756,0.0012621428571428625,0.9999999999972549,0.0023156269735455925,0.0026322254588846405,0.0008152080757653168,0
2026-07-13 12:00:00+00:00,1.1427100000000001,1.14307,1.14204,1.14306,2546,1.143204,1.141856,1.1411864999999999,1.1425536,1.142087635026084,1.1419208736135753,0.00016676141250870913,-0.00025527253296711783,0.00042203394547582696,69.02748414376298,1.1411864999999999,1.1441313136391145,1.1382416863608853,0.005160968236330495,0.0012164285714285786,0.9999999999976875,0.0005602142819627343,0.0032210217748094294,0.0007917808177685428,0
2026-07-13 13:00:00+00:00,1.14308,1.1433,1.14142,1.14144,2864,1.1427779999999998,1.142015,1.14117,1.1425239999999999,1.141987998868225,1.141885253345903,0.00010274552232214518,-0.0001836689219092652,0.00028641444423141036,55.21653543307108,1.14117,1.144104728535937,1.1382352714640631,0.005143367834655492,0.0012721428571428645,0.6806366784810203,-0.0018625882106035885,0.0013949203842611446,0.0009619809152105494,0
2026-07-13 14:00:00+00:00,1.14143,1.1416,1.13981,1.14058,4383,1.142268,1.142039,1.1411175,1.1424861999999998,1.1417713836577288,1.141788567912873,-1.7184255144186977e-05,-0.00015037198855624958,0.0001331877334120626,55.162241887905466,1.1411175,1.1440551458531607,1.1381798541468393,0.005148717556536811,0.001325714285714295,0.6793811986957987,-0.002230717416216943,0.00021046354595988248,0.0009945636499272992,0
2026-07-13 15:00:00+00:00,1.14058,1.14063,1.13962,1.14013,2377,1.1415859999999998,1.142067,1.141046,1.1424109999999998,1.1415188630950013,1.141665711030438,-0.00014684793543673358,-0.0001496671779323464,2.8192424956128247e-06,51.9654841802494,1.141046,1.1440078088357701,1.1380841911642299,0.005191392521896803,0.0013028571428571453,0.6054596180001375,-0.002981968273956248,0.00024564635697688075,0.0009928520457355985,0
2026-07-13 16:00:00+00:00,1.14014,1.14024,1.13825,1.13884,3257,1.14081,1.141943,1.140916,1.1423222,1.141106730311155,1.1414563991022575,-0.000349668791102431,-0.00018966750056636334,-0.00016000129053606765,47.58560140474171,1.140916,1.144029355948789,1.137802644051211,0.00545764271653484,0.0013985714285714237,0.5041795437387003,-0.0033954074488937724,-0.0010876429724229197,0.0010541023209049852,0
2026-07-13 17:00:00+00:00,1.13884,1.13907,1.13852,1.13861,1739,1.13992,1.141562,1.140832,1.1422174,1.1407226179555927,1.1412455547243125,-0.0005229367687198394,-0.0002563213541970586,-0.0002666154145227808,44.44444444444378,1.140832,1.1441031279240412,1.137560872075959,0.005734635641428644,0.0013807142857142907,0.43154367047176617,-0.0038930589820307393,-0.0033350256473101414,0.0007326983062666652,0
2026-07-13 18:00:00+00:00,1.13861,1.13887,1.1384400000000001,1.13873,1429,1.1393780000000002,1.1410779999999998,1.1407955,1.1421184,1.14041606134704,1.1410592173373264,-0.0006431559902864148,-0.0003336882814149299,-0.0003094677088714849,42.539388322521425,1.1407955,1.1441464054551163,1.137444594544884,0.005874682105804558,0.00135357142857143,0.387491298435819,-0.0023741940005607143,-0.004232360065409169,0.000591287495030634,0
2026-07-13 19:00:00+00:00,1.13875,1.13877,1.13816,1.13832,1255,1.138926,1.140597,1.1406925,1.1420102,1.1400935903705722,1.1408563123493762,-0.000762721978804004,-0.00041949502089274476,-0.0003432269579112593,42.857142857142854,1.1406925,1.144219209365411,1.1371657906345891,0.006183453236364745,0.0013107142857142762,0.31577076034232776,-0.001981448035210054,-0.004207745400785501,0.0005915207578196757,1
2026-07-13 20:00:00+00:00,1.13833,1.13843,1.13771,1.13794,705,1.1384880000000002,1.140037,1.140613,1.1419021999999999,1.1397622687750995,1.1406402892123855,-0.0008780204372860201,-0.0005112001041713999,-0.0003668203331146202,40.147329650092225,1.140613,1.144317262693975,1.1369087373060252,0.006495213878808932,0.001279285714285705,0.0,-0.0019208335891521822,-0.0048970739982860945,0.000527074104618707,1
2026-07-13 21:00:00+00:00,1.1379299999999999,1.13836,1.13782,1.13834,445,1.1383879999999997,1.139599,1.140544,1.1418139999999999,1.139543458194315,1.1404698974188754,-0.0009264392245604824,-0.0005942479282492164,-0.000332191296311266,27.130044843049532,1.140544,1.1443677837420514,1.1367202162579486,0.00670519285893642,0.0011371428571428524,0.0,-0.0004390432369780761,-0.0038329599551946147,0.0005815763351562603,1
2026-07-13 22:00:00+00:00,1.13833,1.13858,1.13808,1.13808,571,1.1382819999999998,1.139101,1.1404785,1.1417164,1.1393183107798048,1.1402928679804403,-0.0009745572006354397,-0.0006703097827264611,-0.0003042474179089786,15.815691158157804,1.1404785,1.144428318250406,1.1365286817495939,0.0069265983539471875,0.0010171428571428593,0.0,-0.00046547983945333105,-0.004356726681014056,0.0005350328507060324,1
2026-07-13 23:00:00+00:00,1.13808,1.13837,1.13798,1.13832,760,1.1381999999999999,1.138789,1.140402,1.1416221999999998,1.1391647245059888,1.1401467296115189,-0.0009820051055300372,-0.0007326488472871764,-0.00024935625824286075,19.28480204342374,1.140402,1.1444608336412119,1.136343166358788,0.00711825065408857,0.0009735714285714307,0.06519439941063208,-0.00036005023139817904,-0.0027333894028596095,0.0004432420017489849,1
2026-07-14 00:00:00+00:00,1.13834,1.13891,1.1378,1.13847,2242,1.13823,1.138578,1.1403085000000002,1.1415254,1.1390578438127597,1.140022527418073,-0.0009646836053134322,-0.0007790557988924276,-0.00018562780642100458,16.512549537650543,1.1403085000000002,1.1444584792010495,1.1361585207989509,0.007278695547826423,0.0009842857142857233,0.013095938708172125,0.00013177313936330037,-0.0018499359974748497,0.00042477131179690405,1
2026-07-14 01:00:00+00:00,1.13845,1.13902,1.13843,1.13886,1600,1.138414,1.1384509999999999,1.140259,1.1414366,1.1390274063031043,1.1399364142759936,-0.0009090079728892864,-0.0008050462336917994,-0.00010396173919748693,22.969187675070756,1.140259,1.1444553638396122,1.1360626361603876,0.007360369599559933,0.0009385714285714235,0.1344344198068024,0.0008084784786543953,-0.0011139080631157317,0.00044771788989043904,0
2026-07-14 02:00:00+00:00,1.13886,1.1394,1.13886,1.1390500000000001,1157,1.138556,1.138472,1.1402075,1.141338,1.139030882256473,1.1398707539592532,-0.000839871702780215,-0.0008120113275094826,-2.7860375270732343e-05,21.3161659513613,1.1402075,1.144438253945586,1.1359767460544141,0.007421024586465041,0.0009035714285714162,0.1396029677641125,0.0006237152344643615,0.00018439815953086303,0.00027331437461283254,1
2026-07-14 03:00:00+00:00,1.13906,1.13963,1.1388,1.13932,1285,1.138804,1.1385429999999999,1.1400525,1.1412304,1.1390753619093232,1.1398299573696788,-0.0007545954603556115,-0.0008005281540787085,4.593269372309692e-05,31.205673758867164,1.1400525,1.144167519345186,1.135937480654814,0.0072189997306018605,0.0008285714285714166,0.3911393073913024,0.001089554337129206,0.0006235673320980073,0.00026919970873221134,1
2026-07-14 04:00:00+00:00,1.13932,1.13945,1.13873,1.13902,1062,1.138944,1.1385720000000001,1.139825,1.1410952,1.1390668446925043,1.1397699605274805,-0.0007031158349761757,-0.000781045690258202,7.792985528202632e-05,34.6456692913398,1.139825,1.1436111715145485,1.1360388284854517,0.006643425990039539,0.000752142857142852,0.5208875780180171,0.000614941317028439,0.00025466967586695866,0.00028729448476125463,1
2026-07-14 05:00:00+00:00,1.13903,1.13958,1.13901,1.13917,1216,1.139084,1.138657,1.139627,1.1409798,1.1390827147398113,1.1397255190069264,-0.0006428042671151601,-0.0007533974056295938,0.00011059313851443362,39.95815899581656,1.139627,1.1430854334757234,1.1361685665242764,0.006069413019739791,0.0007207142857142809,0.7599161486513394,0.0006148602949571647,0.0007467144563919614,0.0002541409607498482,1
2026-07-14 06:00:00+00:00,1.13916,1.13935,1.1384400000000001,1.13857,1976,1.1390259999999999,1.13872,1.1393785,1.140866,1.1390038355490713,1.1396399250064133,-0.0006360894573420595,-0.000729935815972087,9.384635863002755e-05,46.699266503668056,1.1393785,1.1423301901493197,1.1364268098506805,0.00518122844922845,0.0006435714285714259,0.9999999999967621,-0.0002546406055177197,0.0005536320016874541,0.0002929443067119379,1
2026-07-14 07:00:00+00:00,1.13859,1.13974,1.13838,1.13953,2421,1.139122,1.1388390000000002,1.139219,1.1407774000000002,1.139084783926137,1.1396317824133457,-0.0005469984872086275,-0.0006933483502193951,0.0001463498630107676,59.543568464730086,1.139219,1.141720905800052,1.136717094199948,0.004392317543952374,0.0007014285714285672,0.999999999997713,0.00042140380141320044,0.0010453818718485497,0.00037728193269024663,1
2026-07-14 08:00:00+00:00,1.13956,1.14056,1.13929,1.13993,2376,1.1392440000000001,1.139024,1.1390625,1.1406922,1.1392148171682699,1.1396538726049497,-0.00043905543667976943,-0.0006424897675114701,0.00020343433083170063,61.76470588235307,1.1390625,1.14083926080217,1.1372857391978302,0.003119689748665995,0.0007614285714285796,0.9999999999978236,0.0005354070849279413,0.001625544777168697,0.00036475088910274336,1
2026-07-14 09:00:00+00:00,1.13994,1.14033,1.13947,1.14006,1890,1.139452,1.139198,1.1389935,1.1406192,1.1393448452962285,1.1396839561156942,-0.0003391108194656933,-0.0005818139779023147,0.0002427031584366214,68.0497925311201,1.1389935,1.1404619366913664,1.1375250633086336,0.002578481249219466,0.0007792857142857283,0.9999999999980855,0.0009130656178120145,0.0015285684166139735,0.0003646090224141292,1
2026-07-14 10:00:00+00:00,1.14008,1.14014,1.13908,1.13919,1650,1.139456,1.13927,1.1389239999999998,1.1405422,1.1393210229429627,1.1396473667737907,-0.0003263438308280797,-0.0005307199484874677,0.00020437611765938802,61.770244821091204,1.1389239999999998,1.1401945141937628,1.1376534858062368,0.002231078094346956,0.0008035714285714273,0.8797806883805733,1.7556642116556276e-05,0.0006324277319558202,0.0004660541974794864,1
2026-07-14 11:00:00+00:00,1.13917,1.1409,1.13897,1.14062,2020,1.139866,1.139446,1.1389485000000001,1.1405006,1.1395208655671223,1.139719413679436,-0.00019854811231367897,-0.00046428558125270996,0.000265737468939031,67.98107255520422,1.1389485000000001,1.1403309048461496,1.1375660951538507,0.002427510719140483,0.0009028571428571418,0.9986843848327154,0.001800504141159509,0.001545405054176996,0.000597618917405715,1
2026-07-14 12:00:00+00:00,1.14062,1.14623,1.14036,1.14458,7581,1.140876,1.139999,1.1392355,1.1405258,1.140299193941411,1.1400794571105888,0.00021973683082232576,-0.0003274810988377028,0.0005472179296600286,82.37051792828501,1.1392355,1.1421057501267708,1.1363652498732293,0.005038905699077634,0.0012864285714285772,0.9999999999984815,0.004431651645854018,0.004854922962117314,0.001207648698152024,0
2026-07-14 13:00:00+00:00,1.1446,1.14548,1.14413,1.14511,5943,1.141912,1.140578,1.1395605000000002,1.1405668,1.1410393179504248,1.140452089917212,0.0005872280332128721,-0.0001445392724275878,0.0007317673056404599,82.86544046466442,1.1395605000000002,1.1434304407041167,1.1356905592958837,0.006791988146511752,0.001354999999999995,0.9999999999984929,0.004544138675181886,0.0050819787241511705,0.001204601681987649,0
2026-07-14 14:00:00+00:00,1.14513,1.14587,1.14398,1.14448,4769,1.142796,1.141124,1.139848,1.1405988,1.1415686536503593,1.140750453627048,0.000818200023311233,4.800858672017642e-05,0.0007701914365910565,77.79833487511326,1.139848,1.1442727324035293,1.1354232675964706,0.007763723590389883,0.0014107142857142652,0.9176739997390588,0.0038769889304071103,0.004793594493512021,0.001228186056952655,0
2026-07-14 15:00:00+00:00,1.14448,1.14535,1.14256,1.1427,3669,1.143498,1.141477,1.140067,1.1406116,1.1417427069349193,1.140894864469489,0.0008478424654303485,0.00020797536246221088,0.0006398671029681376,65.73770491803221,1.140067,1.1446054119644018,1.135528588035598,0.007961658331311855,0.0015678571428571367,0.7217231936177829,0.003081136597056,0.0030987473335850613,0.0013868075937289257,0
2026-07-14 16:00:00+00:00,1.14272,1.14341,1.1424,1.1431499999999999,1903,1.144004,1.141935,1.1403275000000002,1.1406306000000002,1.1419592135603163,1.1410619115458231,0.0008973020144931176,0.0003458406928683923,0.0005514613216247254,66.45264847511899,1.1403275000000002,1.1449491919891779,1.1357058080108224,0.008105902890490183,0.0016014285714285631,0.6822906289320928,0.0022180919149235034,0.004022589739761218,0.0013552685560466475,0
2026-07-14 17:00:00+00:00,1.14316,1.1433200000000001,1.14191,1.14232,1845,1.1435520000000001,1.1422139999999998,1.1405265,1.1406026,1.1420147191664214,1.1411551032831695,0.0008596158832518963,0.0004485957309450932,0.0004110201523068031,61.5207373271883,1.1405265,1.1451305726822973,1.1359224273177027,0.008073591770638112,0.0016428571428571523,0.5573454079487662,-0.0019745234059654893,0.0024483778399866374,0.0013889866910380597,0
2026-07-14 18:00:00+00:00,1.14232,1.1426,1.14158,1.14233,1594,1.1429960000000001,1.142454,1.140739,1.1405904,1.1420632239100488,1.1412421326696014,0.0008210912404473802,0.0005230948328455507,0.0002979964076018296,63.00078554595488,1.140739,1.1452591811794937,1.1362188188205062,0.007925005070386319,0.0016642857142857212,0.5370330107446761,-0.002427714368052003,0.00210539243637764,0.0013903121607547564,1
2026-07-14 19:00:00+00:00,1.14235,1.14259,1.142,1.142,1483,1.1425,1.1426479999999999,1.1409230000000001,1.140595,1.1420534971546565,1.1412982709903716,0.0007552261642849167,0.0005695210991334239,0.0001857050651514928,60.96049573973603,1.1409230000000001,1.1453266735861483,1.136519326413852,0.007719493052814478,0.001665714285714302,0.39432507434733505,-0.002166922969383478,0.0017016648246581667,0.0013992508673401499,1
2026-07-14 20:00:00+00:00,1.14202,1.14225,1.1418300000000001,1.14208,732,1.142376,1.142937,1.1411035000000003,1.140604,1.1420575745154786,1.1413561768429366,0.0007013976725420701,0.0005958964138151532,0.00010550125872691688,64.16464891041083,1.1411035000000003,1.1453778655731974,1.1368291344268031,0.007491635199080815,0.0016307142857142948,0.19814363296711107,-0.0005425746040080837,0.0025368902465787713,0.0013617580015956418,1
2026-07-14 21:00:00+00:00,1.14204,1.14215,1.14177,1.1419,414,1.142126,1.143065,1.1412555000000002,1.1406108,1.142033332282328,1.1413964600397561,0.0006368722425718065,0.000604091579566484,3.278066300532257e-05,60.206718346252664,1.1412555000000002,1.1454084316215574,1.137102568378443,0.0072778297612710995,0.0015607142857142961,0.0,-0.0010934697983641106,0.0011221967000403232,0.0013189794655775304,1
2026-07-14 22:00:00+00:00,1.14192,1.1423,1.1417,1.14203,661,1.1420679999999999,1.1428099999999999,1.1414045,1.1406226000000002,1.1420328196235083,1.1414433889257,0.0005894306978082575,0.0006011594032148387,-1.172870540658115e-05,59.25925925925875,1.1414045,1.1454363232783769,1.137372676721623,0.007064670374747818,0.0015128571428571571,0.0,-0.0002538693185796248,-0.002227891453633446,0.0006007307563421671,1
2026-07-14 23:00:00+00:00,1.14203,1.14247,1.14198,1.14242,552,1.142086,1.142541,1.1415595,1.1406652,1.142092385835276,1.1415157304867594,0.000576655348516697,0.0005962585922752103,-1.9603243758513356e-05,60.172413793102656,1.1415595,1.1454910108921923,1.1376279891078078,0.006887964914999587,0.0014864285714285869,0.03868285708282766,7.878634019942155e-05,-0.0023491192985827247,0.00058636787566357,1
2026-07-15 00:00:00+00:00,1.14243,1.14338,1.14236,1.14328,1318,1.142342,1.1424210000000001,1.1417725,1.1407416000000001,1.142275095706772,1.14164641711737,0.0006286785894020763,0.0006027425917005836,2.5935997701492753e-05,67.64452113891284,1.1417725,1.145584485944726,1.1379605140552742,0.006677312590250458,0.0014835714285714571,0.3552146705413917,0.001120840630473019,-0.001048511114217665,0.0006498792762453354,1
2026-07-15 01:00:00+00:00,1.1433,1.1437,1.1432,1.14352,1353,1.14263,1.142503,1.14199,1.1408044,1.1424666194441917,1.1417852010346017,0.0006814184095900178,0.0006184777552784705,6.294065431154726e-05,63.94230769230774,1.14199,1.1456709037792716,1.1383090962207285,0.006446472875019132,0.001381428571428597,0.19838229624183212,0.0012608573830206193,0.0007175986698171322,0.00040610591972812913,0
2026-07-15 02:00:00+00:00,1.14352,1.1442,1.14328,1.144,1278,1.1430500000000001,1.1425880000000002,1.1422614999999998,1.1408938,1.1427025241450852,1.1419492602172239,0.0007532639278613473,0.0006454349897950459,0.00010782893806630142,45.809248554913275,1.1422614999999998,1.1456713141638872,1.1388516858361124,0.005970286425459346,0.0010278571428571676,0.0,0.001839040196164321,0.0007435594628877329,0.00040846832136328596,0
2026-07-15 03:00:00+00:00,1.14401,1.1442,1.1433200000000001,1.1437599999999999,1107,1.143396,1.142732,1.142473,1.1409746,1.1428652127381491,1.1420833890900222,0.0007818236481269558,0.0006727127214614279,0.00010911092666552788,39.8190045248857,1.142473,1.145688659709777,1.139257340290223,0.0056292966394426765,0.0009942857142857411,0.0,0.0015148463700600523,0.0012605924784647726,0.0003188483886430888,0
2026-07-15 04:00:00+00:00,1.14379,1.14406,1.14362,1.14367,807,1.143646,1.142866,1.14266,1.1410602,1.1429890261630493,1.1422009158240947,0.0007881103389546507,0.0006957922449600725,9.231809399457816e-05,43.34975369458139,1.14266,1.145682156776146,1.139637843223854,0.0052896868292334085,0.000890714285714316,0.12688889908707435,0.0010941685194587603,0.001173041065191338,0.0003235858845805196,0
2026-07-15 05:00:00+00:00,1.14367,1.14429,1.14349,1.14402,1204,1.143794,1.143068,1.142858,1.1411436000000001,1.1431476375225802,1.1423356628000876,0.0008119747224926144,0.000719028740466581,9.29459820260334e-05,64.1630901287549,1.142858,1.1456748410826423,1.1400411589173576,0.004929468197522968,0.0007485714285714635,0.8748835085961928,0.0006472605136098597,0.001768826619965136,0.0002939436295116226,0
2026-07-15 06:00:00+00:00,1.14402,1.1443699999999999,1.14279,1.14288,1892,1.143666,1.143148,1.1430425,1.1411944,1.1431064625191063,1.1423759840741552,0.0007304784449511104,0.000721318681363487,9.159763587623373e-06,47.47663551401895,1.1430425,1.145269358774293,1.140815641225707,0.003896370912355529,0.0007892857142857464,0.2752017543942182,-0.0005596753882749494,0.0007004763239002454,0.0004748145486558822,0
2026-07-15 07:00:00+00:00,1.14289,1.14317,1.14196,1.14233,2236,1.143332,1.143191,1.143128,1.141244,1.142987006746936,1.14237257784644,0.0006144289004961223,0.0006999407251900141,-8.551182469389176e-05,50.09861932938919,1.143128,1.1450772357478365,1.1411787642521634,0.003410354304743763,0.0007750000000000178,0.3694312291504584,-0.001459790209790035,0.00037656537350039265,0.0005022957304543155,1
2026-07-15 08:00:00+00:00,1.14235,1.14272,1.14208,1.14243,1810,1.143066,1.143231,1.1430205,1.1412909999999998,1.1429013134012536,1.1423768313392964,0.0005244820619572099,0.0006648489925434534,-0.00014036693058624343,50.96899224806186,1.1430205,1.1448670042364921,1.1411739957635079,0.0032309205941488017,0.0007478571428571572,0.4007108970445948,-0.001162831363222927,0.0003502534959676229,0.0005019217639412127,1
2026-07-15 09:00:00+00:00,1.14245,1.14258,1.14164,1.14168,1877,1.142668,1.143157,1.142849,1.1412761999999999,1.14271341903183,1.142325214203052,0.0003882048287779938,0.0006095201597903615,-0.00022131533101236772,47.13261648745638,1.142849,1.1445057679380808,1.1411922320619192,0.0028993645496137865,0.0007728571428571465,0.26283831721771267,-0.0017400124161689456,-0.0006477477635195017,0.0005325224502662398,1
2026-07-15 10:00:00+00:00,1.14167,1.14181,1.14105,1.14155,1811,1.142174,1.142984,1.1427025,1.1412358,1.1425344314884716,1.142267790928752,0.00026664055971958867,0.0005409442397762069,-0.00027430368005661827,45.29307282415704,1.1427025,1.144267658475455,1.141137341524545,0.002739398006839085,0.0007971428571428772,0.1967283617833042,-0.002159053163406255,-0.0015131901196557829,0.0004486154098801167,1
2026-07-15 11:00:00+00:00,1.14157,1.14192,1.14097,1.14115,2030,1.141828,1.142747,1.142625,1.1411962,1.1423214420287067,1.1421849916006963,0.00013645042801035956,0.00046004547742303743,-0.00032359504941267787,43.58974358974515,1.142625,1.1443372653510009,1.1409127346489991,0.002997073144734074,0.00083785714285716,0.13551371272456547,-0.0015137197256053225,-0.0020725479222051257,0.00043320896407292233,1
2026-07-15 12:00:00+00:00,1.14117,1.14299,1.14059,1.14278,3154,1.141918,1.142625,1.1426064999999999,1.141181,1.1423919894089056,1.142229066296941,0.00016292311196464127,0.00040062100433135823,-0.00023769789236671696,55.10204081632555,1.1426064999999999,1.144302802790941,1.1409101972090587,0.0029691810626687825,0.0009664285714285745,0.5492453744301943,0.0003939317009968857,-0.0010664335664335445,0.0006557173442627868,1
2026-07-15 13:00:00+00:00,1.1428,1.14352,1.14234,1.14301,3166,1.142034,1.1425500000000002,1.1426409999999998,1.1411868,1.1424870679613817,1.1422869132379083,0.00020015472347334473,0.0003605277481597556,-0.00016037302468641085,54.10292072322744,1.1426409999999998,1.1443408315707972,1.1409411684292023,0.0029752679464459092,0.0010157142857142945,0.5133387601181045,0.0005076897490436938,-0.0006557319717421795,0.0006613824834608389,1
2026-07-15 14:00:00+00:00,1.14303,1.14413,1.14298,1.1436600000000001,3393,1.14243,1.142549,1.1427075,1.1411988,1.142667519044246,1.1423886233684337,0.0002788956758121852,0.00034420133369024154,-6.530565787805632e-05,52.722063037249725,1.1427075,1.1444593696781091,1.1409556303218908,0.0030661734137723633,0.0010250000000000062,0.5300284727170134,0.0017342863149043541,-8.743780985587257e-06,0.0006909575564774846,1
2026-07-15 15:00:00+00:00,1.14367,1.14412,1.14314,1.14351,2729,1.1428220000000002,1.142498,1.142783,1.1412402,1.1427971314989773,1.1424716883041053,0.00032544319487204376,0.000340449705926602,-1.5006511054558235e-05,49.927431059506056,1.142783,1.144536638023209,1.1410293619767913,0.003069065646249245,0.0010592857142857229,0.41523130911814654,0.001716963777320224,-0.00044579640216080296,0.0006831835146248449,1
2026-07-15 16:00:00+00:00,1.1435,1.14421,1.14301,1.14417,2507,1.143426,1.1426269999999998,1.1428875,1.141312,1.143008342037596,1.1425974891704678,0.0004108528671282752,0.00035453033816693666,5.6322528961338524e-05,51.20226308345124,1.1428875,1.1447123907683585,1.1410626092316416,0.003193474017973695,0.0010792857142857112,0.4675985265476371,0.0026464531393768365,0.0011287274254514479,0.0006175968149279827,1
2026-07-15 17:00:00+00:00,1.14419,1.14746,1.14416,1.14729,2860,1.144328,1.143123,1.143157,1.1414552,1.1436670586471966,1.1429450825652478,0.0007219760819487941,0.00042801948692330823,0.0002939565950254859,67.73869346733701,1.143157,1.1457836977468434,1.1405303022531565,0.004595515308646899,0.0012521428571428445,0.9999999999958998,0.003946516389856436,0.004342002748767726,0.0009934732476261849,0
2026-07-15 18:00:00+00:00,1.1473,1.14822,1.14658,1.14665,2161,1.145056,1.143545,1.143388,1.1416114,1.144125972701474,1.1432195208937481,0.000906451807725972,0.0005237059510838411,0.0003827458566421309,64.19047619047618,1.143388,1.1463840155998122,1.140391984400188,0.005240593044202156,0.0013378571428571367,0.8530695001260248,0.0031845740632190367,0.00369388058786968,0.001038411967034559,1
2026-07-15 19:00:00+00:00,1.14663,1.14743,1.14613,1.1463700000000001,2257,1.1455980000000001,1.1440139999999999,1.1435855,1.1417666,1.1444712076704782,1.1434528897164336,0.001018317954044612,0.0006226283516759953,0.00039568960236861664,61.26558005752703,1.1435855,1.146823813238741,1.140347186761259,0.005663438787464549,0.0013735714285714026,0.7319505219608052,0.0023695853662801802,0.004107981220657253,0.0010006576357904867,1
2026-07-15 20:00:00+00:00,1.14635,1.14642,1.14607,1.14632,798,1.14616,1.144491,1.1437375,1.1419184,1.1447556372596355,1.143665268255957,0.0010903690036785374,0.0007161764820765037,0.00037419252160203367,68.41541755888773,1.1437375,1.147193502406278,1.140281497593722,0.006043348943753211,0.001285714285714271,0.999999999995972,0.0024573462409598346,0.004178529192764069,0.0009968065314774049,1
2026-07-15 21:00:00+00:00,1.14623,1.14649,1.14617,1.14646,365,1.146618,1.145022,1.1438845,1.1420812,1.1450178469119994,1.1438722854221823,0.0011455614898170374,0.0008020534836246106,0.00034350800619242685,73.1243001119822,1.1438845,1.1475455695878296,1.1402234304121703,0.006401117574072619,0.0012221428571428542,0.9999999999966142,0.002001450833355234,0.004653200718573336,0.0009671170052485394,0
2026-07-15 22:00:00+00:00,1.14645,1.14682,1.14645,1.14668,504,1.146496,1.1454119999999999,1.1440185,1.142256,1.145273562771692,1.1440802642797985,0.0011932984918934242,0.0008803024852783735,0.0003129960066150507,73.48066298342523,1.1440185,1.1478876398473699,1.1401493601526302,0.006764121117569002,0.0012028571428571405,0.9999999999966546,-0.0005316877162705458,0.003412730359299232,0.0009074294661782881,0
2026-07-15 23:00:00+00:00,1.14668,1.14706,1.14663,1.14694,571,1.146554,1.145805,1.1441775,1.142428,1.145529937729893,1.144292096555369,0.0012378411745241902,0.0009518102231275369,0.00028603095139665324,80.72429906542116,1.1441775,1.1482575251547953,1.1400974748452049,0.0071318045579382905,0.0011664285714285683,0.999999999997307,0.00025291065277133207,0.0034382901286953427,0.0009070288383308156,0
2026-07-16 00:00:00+00:00,1.14694,1.14744,1.1467100000000001,1.14734,1577,1.146748,1.1461729999999999,1.144361,1.1426132000000002,1.145808408848371,1.144517867180897,0.001290541667473999,0.0010195565119968295,0.0002709851554771694,82.78595696489259,1.144361,1.1486686866426337,1.1400533133573663,0.007528545000456501,0.0011642857142856971,0.9999999999974487,0.0008461491490530104,0.00321773953797444,0.0009036268576746961,0
2026-07-16 01:00:00+00:00,1.1473200000000001,1.14738,1.14648,1.14657,1512,1.146798,1.146479,1.1444885,1.1427782,1.1459255767178527,1.144669877019349,0.0012556996985035873,0.001066785149298181,0.0001889145492054063,79.45652173913074,1.1444885,1.148903308930784,1.140073691069216,0.007714903086896991,0.0011607142857142769,0.8986736277994161,0.00021808918975518843,0.002675971351365547,0.0009487007612304938,1
2026-07-16 02:00:00+00:00,1.14657,1.14657,1.14599,1.14645,1156,1.1467960000000001,1.1467070000000001,1.144667,1.1429378,1.1460062572227983,1.1448017379808788,0.001204519241919444,0.0010943319678224336,0.00011018727409701037,73.86215864759407,1.144667,1.1490966375045415,1.1402373624954587,0.007739608994653283,0.0010307142857142817,0.7284175698244432,-8.722502311542257e-06,0.0019927108733841514,0.0009484877819683189,1
2026-07-16 03:00:00+00:00,1.14645,1.14687,1.14631,1.14662,898,1.146784,1.14664,1.1448814999999999,1.143093,1.1461006791885215,1.1449364240563693,0.0011642551321522365,0.0011083166006883942,5.593853146384229e-05,73.65661861074625,1.1448814999999999,1.1492496973881259,1.140513302611874,0.0076308288466989714,0.0009864285714285628,0.7221622667886639,-5.232497296536742e-05,-0.0005839848686904903,0.0003410397069352678,0
2026-07-16 04:00:00+00:00,1.14663,1.1467,1.14627,1.1466,828,1.146716,1.146635,1.14509,1.143244,1.1461774977749029,1.1450596519040457,0.0011178458708571704,0.0011102224547221496,7.623416135020761e-06,70.9999999999999,1.14509,1.1493625414599378,1.1408174585400621,0.007462367953502046,0.0009350000000000033,0.6413120601059971,-0.0002964409646537547,-4.360528496039073e-05,0.000292455025426234,0
2026-07-16 05:00:00+00:00,1.14661,1.14687,1.14619,1.14632,1138,1.146512,1.14663,1.1453220000000002,1.1433840000000002,1.1461994211941486,1.1451530110222645,0.0010464101718841157,0.0010974599981545428,-5.104982627042714e-05,69.70546984572255,1.1453220000000002,1.1493092882224623,1.141334711777538,0.006962737505194314,0.0009135714285714343,0.5858468243667105,-0.0008890128471072956,-4.361593551827081e-05,0.0002924559958534213,0
2026-07-16 06:00:00+00:00,1.14634,1.14706,1.14631,1.1468099999999999,1826,1.14656,1.146679,1.145585,1.1435398,1.1462933563950488,1.1452757509465412,0.001017605448507597,0.0010814890882251537,-6.388363971755674e-05,68.96551724137953,1.145585,1.1492013517528796,1.1419686482471205,0.006313545922615177,0.0008814285714285885,0.35779750591549075,0.00020931997174167272,0.00042745481191985846,0.00032188198949076075,1
2026-07-16 07:00:00+00:00,1.14683,1.14761,1.14664,1.1469,2008,1.14665,1.1467230000000002,1.1458724999999998,1.1436944,1.146386686180426,1.1453960656912419,0.0009906204891840797,0.0010633153684169389,-7.269487923285915e-05,45.03816793893268,1.1458724999999998,1.148864678400345,1.1428803215996548,0.005222532874024025,0.0007150000000000212,0.0,0.00039251602773782146,0.0003837901017043066,0.00032098111839602483,0
2026-07-16 08:00:00+00:00,1.14688,1.14715,1.14623,1.14657,1968,1.14664,1.1467120000000002,1.1460620000000001,1.1438544,1.1464148883065144,1.145483023788187,0.0009318645183273855,0.0010370251983990281,-0.00010516068007164264,48.89502762431134,1.1460620000000001,1.148687066214806,1.1434369337851942,0.0045810195518322045,0.00066357142857143,0.10217445272664848,-4.3606425842779295e-05,-9.592911710309959e-05,0.0003311721803553388,0
2026-07-16 09:00:00+00:00,1.14657,1.1468099999999999,1.14605,1.14659,1642,1.1466379999999998,1.146677,1.146241,1.1439956,1.1464418285670506,1.1455650220260991,0.000876806540951458,0.0010049814669095142,-0.0001281749259580561,53.273809523807806,1.146241,1.1484441260088922,1.144037873991108,0.0038440886495809596,0.0006250000000000025,0.21817546927555126,-8.721437292913414e-06,-0.00030515981655543367,0.0003210385945002073,0
2026-07-16 10:00:00+00:00,1.14659,1.1468099999999999,1.14592,1.14598,1393,1.1465699999999999,1.146541,1.146357,1.1441166,1.1463707780182735,1.145595761135277,0.0007750168829965265,0.0009589885501269166,-0.0001839716671303901,45.66326530612228,1.146357,1.1482033517371752,1.144510648262825,0.0032212508619482026,0.0006635714285714142,0.016559840544781268,-0.0002966012980668564,-0.0011853504628096534,0.00032621468572886683,0
2026-07-16 11:00:00+00:00,1.14596,1.14688,1.14563,1.14683,2322,1.146574,1.146567,1.1465230000000002,1.144252,1.1464414275539236,1.1456871862363676,0.0007542413175560814,0.0009180391036127496,-0.00016379778605666825,53.99568034557223,1.1465230000000002,1.14780115821461,1.1452448417853904,0.0022296250744376655,0.0007299999999999767,0.23729899519295186,1.7439680505271227e-05,0.00022676330272020095,0.0003640623649569776,0
2026-07-16 12:00:00+00:00,1.14682,1.14704,1.14469,1.14474,3144,1.146142,1.146396,1.1465515,1.144363,1.1461796694687048,1.1456170242929329,0.0005626451757718698,0.0008469603180445737,-0.00028431514227270386,35.07692307692426,1.1465515,1.1476163701430564,1.1454866298569435,0.0018575182066509026,0.0008714285714285548,0.0,-0.0018833376929112688,-0.0014915609054034773,0.0006901004968410206,0
2026-07-16 13:00:00+00:00,1.14477,1.14588,1.14443,1.14497,2879,1.1458220000000001,1.146231,1.1464355000000002,1.14445,1.1459935664735195,1.1455690965675305,0.0004244699059889889,0.0007624622356334567,-0.0003379923296444678,34.775888717155325,1.1464355000000002,1.1476557583852778,1.1452152416147225,0.002128786809685529,0.0009442857142856991,0.0,-0.0013954664782787063,-0.0014390120528160466,0.000692815611114602,0
2026-07-16 14:00:00+00:00,1.14496,1.14537,1.14398,1.14428,2820,1.1453600000000002,1.145999,1.146317,1.144444,1.1457299408622088,1.1454736079328987,0.0002563329293101546,0.0006612363743687964,-0.0004049034450586418,27.366863905324564,1.146317,1.1478656646201784,1.1447683353798217,0.002701983169015779,0.0009914285714285637,0.0,-0.0020146695854664776,-0.002023373451944921,0.0007055561759876711,0
2026-07-16 15:00:00+00:00,1.14426,1.14493,1.14364,1.14466,2237,1.1450960000000001,1.145833,1.1462315,1.144435,1.1455653345757153,1.1454133406786098,0.00015199389710551792,0.0005593878789161408,-0.00040739398181062285,35.00784929356293,1.1462315,1.1479476066708674,1.1445153933291328,0.0029943456812472893,0.0010192857142856987,0.16433889559313633,-0.00115185256287198,-0.0014481122199734298,0.0007250199733774181,0
2026-07-16 16:00:00+00:00,1.14466,1.14468,1.1434,1.14346,1767,1.144422,1.1454980000000001,1.1460884999999998,1.1444146000000002,1.145241436948682,1.1452686487764905,-2.7211827808404365e-05,0.00044206793757123173,-0.0004692797653796361,29.93288590603983,1.1460884999999998,1.148203770543978,1.1439732294560216,0.0036912865698908916,0.0010692857142856932,0.05543390793576998,-0.0029385349179914533,-0.002921146484596404,0.000745534391726285,1
2026-07-16 17:00:00+00:00,1.14346,1.14381,1.14308,1.14362,1354,1.144198,1.1451699999999998,1.1459465,1.144433,1.1449919851104233,1.1451465266448986,-0.00015454153447524988,0.0003227460431619354,-0.0004772875776371853,29.838709677420383,1.1459465,1.1483220533428555,1.1435709466571444,0.004146010905143568,0.0010814285714285349,0.05665065574765778,-0.0009783881055960286,-0.002859883163309762,0.0007491738160297644,1
2026-07-16 18:00:00+00:00,1.14363,1.14389,1.14347,1.14383,1173,1.14397,1.144896,1.1458039999999998,1.1444466,1.1448132181703583,1.145049006152684,-0.00023578798232559706,0.0002110392380644289,-0.00044682722039002595,31.847968545215252,1.1458039999999998,1.1483313610119563,1.1432766389880433,0.0044115067008956114,0.0010807142857142443,0.10583968320044271,-0.0009956592749156279,-0.0023897363440523733,0.000763746608028785,1
2026-07-16 19:00:00+00:00,1.14381,1.14413,1.1434,1.14401,1205,1.143916,1.144638,1.1456575,1.1444804,1.1446896461441494,1.1449720427339667,-0.0002823965898173242,0.00011235207248807825,-0.00039474866230540247,34.66135458167315,1.1456575,1.1482465284706054,1.1430684715293946,0.004519725084687843,0.0010842857142856805,0.17535401007822216,-0.00023595623448802172,-0.0022501504461054367,0.0007702204659860452,1
2026-07-16 20:00:00+00:00,1.14399,1.1444,1.14382,1.14425,659,1.143834,1.1444649999999998,1.1455030000000002,1.1445188,1.1446220082758187,1.1449185580870063,-0.00029654981118754087,3.057169575295441e-05,-0.00032712150694049527,32.41758241758356,1.1455030000000002,1.148037495486084,1.1429685045139164,0.00442512238917533,0.0010721428571428232,0.1896711603226273,-0.000358184963220487,-0.0015096249498246506,0.0007730802858068277,0
2026-07-16 21:00:00+00:00,1.14425,1.1442700000000001,1.14397,1.1442,313,1.143982,1.144202,1.1453845,1.1445628,1.1445570839256929,1.144865331562043,-0.00030824763635006747,-3.719217066764999e-05,-0.00027105546568241746,31.3535911602213,1.1453845,1.1479305348946494,1.1428384651053507,0.0044457296124564795,0.0010242857142856998,0.1497147747376445,0.0006471586238261384,-0.0022932779923788837,0.000709621912949678,0
2026-07-16 22:00:00+00:00,1.14425,1.14447,1.14419,1.1443,314,1.144118,1.144158,1.1452769999999999,1.1446072,1.1445175325525094,1.1448234551500398,-0.00030592259753037254,-9.093825604019453e-05,-0.00021498434149017803,33.80884450784589,1.1452769999999999,1.147815155982212,1.1427388440177877,0.004432387941453792,0.0009785714285714317,0.2419176465072069,0.0005946031024290921,-0.00038436675576991597,0.0004384009585359405,0
2026-07-16 23:00:00+00:00,1.1443,1.14462,1.14424,1.1445,444,1.1442520000000003,1.144111,1.145171,1.1446592000000002,1.1445148352367387,1.1447994955092962,-0.00028466027255746873,-0.0001296826593436494,-0.00015497761321381934,35.46592489568904,1.145171,1.1476493687335658,1.142692631266434,0.004328381933468248,0.0009514285714285872,0.304146487640843,0.0005857513791387436,-0.0004104911045703652,0.00043689108596067636,0
2026-07-17 00:00:00+00:00,1.1445,1.14466,1.14409,1.14465,1161,1.14438,1.144148,1.1450735,1.1447116,1.144535629815702,1.1447884217678668,-0.00025279195216487693,-0.00015430451790789492,-9.848743425698201e-05,40.11887072808266,1.1450735,1.1474671431164638,1.1426798568835363,0.004180767638869869,0.0009285714285714532,0.4788799701753326,0.0005594356692686375,0.0003233474324466634,0.0003913169533666045,0
2026-07-17 01:00:00+00:00,1.14463,1.14478,1.14372,1.14391,1216,1.144312,1.1440730000000001,1.1449529999999999,1.1447414,1.1444393790748246,1.1447233534887655,-0.0002839744139409017,-0.00018023849711449631,-0.00010373591682640541,27.945619335346677,1.1449529999999999,1.147324977633814,1.1425810223661859,0.004143362450360891,0.000915000000000015,0.045385439175321673,-0.0002971378632291577,-0.0006552163961350832,0.0004286246974545899,1
2026-07-17 02:00:00+00:00,1.1439,1.14411,1.14364,1.14367,1028,1.144206,1.144094,1.144796,1.1447492,1.1443210130633132,1.1446453273044126,-0.0003243142410993549,-0.00020905364591146806,-0.00011526059518788685,38.784067085952415,1.144796,1.1470638290106696,1.1425281709893302,0.003961979270838973,0.0007807142857142933,0.8953259937222118,-0.00046320573326352754,0.00018365312297774494,0.00026623402886858706,1
2026-07-17 03:00:00+00:00,1.14369,1.14401,1.14356,1.14389,908,1.144124,1.144121,1.1446455,1.1447566,1.1442547033612651,1.1445893771337154,-0.0003346737724503335,-0.00023417767121924115,-0.00010049610123109232,38.655462184874494,1.1446455,1.1467163754824337,1.1425746245175663,0.0036183700236163533,0.0007092857142857298,0.8852409221829309,-0.0003582976492179091,0.00023609240831734546,0.00026939130652630993,1
2026-07-17 04:00:00+00:00,1.14391,1.14392,1.14345,1.1436,765,1.1439439999999998,1.144098,1.144497,1.1447486,1.1441539797672244,1.1445160899386253,-0.00036211017140086454,-0.0002597641712555659,-0.00010234600014529866,42.20183486238541,1.144497,1.1464064678235082,1.142587532176492,0.0033367808277489463,0.0006435714285714418,0.9999999999929855,-0.0007863695937091464,-0.0002010788316445522,0.00027593414489265715,1
2026-07-17 05:00:00+00:00,1.1436,1.14432,1.14353,1.14396,1132,1.143806,1.144093,1.1443655000000001,1.1447526,1.144124136726113,1.1444748980913197,-0.00035076136520673096,-0.0002779636100457989,-7.279775516093204e-05,41.935483870969065,1.1443655000000001,1.146012231691489,1.1427187683085114,0.0028779820634032872,0.00060785714285716,0.9813168515157962,-0.0006028043506747238,-4.370591166147353e-05,0.0002912485492665312,0
2026-07-17 06:00:00+00:00,1.14394,1.14519,1.14389,1.14495,1923,1.1440139999999999,1.144163,1.144314,1.1447782,1.1442511926144032,1.144510090825296,-0.00025889821089286613,-0.00027415053021521236,1.525231932234623e-05,68.0387409200969,1.144314,1.145805214976407,1.142822785023593,0.0026063038229140415,0.0006092857142857249,0.9999999999975058,0.0009091624341075466,0.0006117544242953965,0.0003987563429872255,0
2026-07-17 07:00:00+00:00,1.14496,1.1452,1.14442,1.14447,1719,1.144174,1.14419,1.144196,1.1447872,1.1442848552891105,1.1445071211345335,-0.00022226584542295313,-0.00026377359325676053,4.150774783380739e-05,59.55056179775382,1.144196,1.145111168089577,1.143280831910423,0.0015996701431868722,0.000612857142857161,0.7882883949437736,0.0006995024788620796,0.00023597273203979086,0.0004264571610177728,0
2026-07-17 08:00:00+00:00,1.14449,1.14475,1.14355,1.1441,2217,1.1442160000000001,1.14417,1.144164,1.1448116,1.1442564160138626,1.1444769640134569,-0.00022054799959425608,-0.00025512847452425965,3.4580474930003566e-05,52.92841648590014,1.144164,1.145043123966213,1.1432848760337868,0.00153670971331583,0.000668571428571431,0.6231192823856743,0.00018358408588214914,-0.00017477934108200976,0.0004392231490656613,0
2026-07-17 09:00:00+00:00,1.1441,1.14422,1.14362,1.14402,1809,1.1442999999999999,1.144122,1.1441165,1.1448454,1.1442200443194224,1.144443114827275,-0.0002230705078525297,-0.00024871688118991364,2.5646373337383948e-05,50.11086474501181,1.1441165,1.1449108292440617,1.1433221707559382,0.0013885460861053106,0.0006592857142857035,0.5528440922903992,0.000367261280167952,-0.00041939711664484847,0.0004341139552804441,0
2026-07-17 10:00:00+00:00,1.14401,1.14401,1.1426,1.14265,1840,1.144038,1.143922,1.1440350000000001,1.1448498,1.1439784990395112,1.144310291506736,-0.0003317924672248118,-0.00026533199839689326,-6.646046882791856e-05,35.815602836878696,1.1440350000000001,1.1450597567108323,1.143010243289168,0.0017914779020434355,0.0007192857142857001,0.19629261056354885,-0.0011451449351377319,-0.0017472589874634181,0.0005602822299078644,1
2026-07-17 11:00:00+00:00,1.14268,1.14357,1.14243,1.143,1809,1.1436480000000002,1.143831,1.143952,1.1448762000000001,1.1438279607257402,1.1442132328766075,-0.0003852721508672552,-0.00028932002889096566,-9.595212197628953e-05,39.898989898989235,1.143952,1.1450310756280886,1.1428729243719116,0.0018865750102950306,0.0007792857142856808,0.2981401819348313,-0.001703131141097769,-0.0007955171298440478,0.0005520961177199307,1
2026-07-17 12:00:00+00:00,1.14301,1.14352,1.14247,1.14288,1842,1.14333,1.1437519999999999,1.143923,1.1449027999999999,1.143682120614088,1.1441144748857477,-0.0004323542716597739,-0.00031792687744472734,-0.00011442739421504657,38.08724832214635,1.143923,1.1450856847337447,1.1427603152662553,0.002032802441676059,0.0008342857142856763,0.2529518427577821,-0.001389289365383295,-0.0006907586978761593,0.0005503382983018622,1
2026-07-17 13:00:00+00:00,1.14289,1.14368,1.14243,1.14357,2894,1.1432239999999998,1.1437199999999998,1.1439205,1.1449512,1.1436648712888438,1.1440741434127293,-0.000409272123885529,-0.0003361959267328877,-7.307619715264132e-05,42.79069767441817,1.1439205,1.1450861391969436,1.1427548608030562,0.002037972388717013,0.0008964285714285282,0.3702649669633338,-0.0004632462197359244,-0.0002797471784875549,0.0005862461377424845,0
2026-07-17 14:00:00+00:00,1.14359,1.14439,1.14326,1.14395,2640,1.14321,1.143755,1.1439265,1.1449746,1.1437087372444064,1.144064947604379,-0.0003562103599725752,-0.00034019881338082526,-1.6011546591749963e-05,44.76047904191711,1.1439265,1.1450914129177208,1.1427615870822794,0.0020366918988601016,0.0009364285714285365,0.41939512419816605,-6.11877414730122e-05,0.0003060510668067007,0.0005904412197622326,1
2026-07-17 15:00:00+00:00,1.14394,1.14441,1.14368,1.14397,2052,1.1434739999999999,1.143756,1.1439245,1.1449938,1.1437489315144975,1.144057914448499,-0.00030898293400150045,-0.0003339556375049603,2.4972703503459864e-05,50.50335570469752,1.1439245,1.145088946559565,1.142760053440435,0.0020358800944730994,0.0009128571428571121,0.45581385741640773,0.0011552093817004394,8.741564390124523e-06,0.0005819743145259671,0
2026-07-17 16:00:00+00:00,1.14398,1.14412,1.14339,1.14381,1661,1.1436359999999999,1.143642,1.1439025,1.1449968,1.1437583266661133,1.144039550415277,-0.00028122374916361714,-0.0003234092598366917,4.218551067307455e-05,51.190476190476375,1.1439025,1.145057641823409,1.142747358176591,0.0020196508415866454,0.0009314285714285513,0.4771376801925195,0.0007086614173228423,-0.000995676667103318,0.0004966410966807661,0
2026-07-17 17:00:00+00:00,1.14383,1.14386,1.1433,1.1434199999999999,1080,1.1437439999999999,1.143537,1.1438635,1.144995,1.143706276409788,1.1439936577919232,-0.0002873813821351323,-0.00031620368429637985,2.8822302161247537e-05,46.115702479337465,1.1438635,1.1450289730237255,1.1426980269762743,0.002037783395878276,0.0009392857142856981,0.31964917928930986,0.00047249055018894204,-0.0009174552412909431,0.0004916340109401874,0
2026-07-17 18:00:00+00:00,1.1434199999999999,1.14371,1.14334,1.1435,934,1.1437300000000001,1.143477,1.1438235,1.1449816,1.1436745415775131,1.143957090548077,-0.0002825489705637896,-0.0003094727415498618,2.6923770986072226e-05,49.143835616438494,1.1438235,1.144980779477951,1.1426662205220492,0.0020235280669628776,0.0009321428571428417,0.41362305387816256,-6.12118191278821e-05,-0.0005244296827199291,0.0004867523710487151,0
2026-07-17 19:00:00+00:00,1.14349,1.14411,1.14335,1.14406,1035,1.1437519999999999,1.143481,1.1438015,1.1449170000000002,1.1437338428732804,1.1439647134704416,-0.0002308705971612035,-0.00029375231267213015,6.288171551092664e-05,50.827814569536294,1.1438015,1.144920734230968,1.1426822657690319,0.001957042775285829,0.0009299999999999706,0.46588298426556296,9.615804886586865e-05,3.4964423698991e-05,0.0005158127003311719,0
2026-07-17 20:00:00+00:00,1.14407,1.14421,1.14361,1.14375,640,1.1437080000000002,1.143591,1.1437564999999998,1.144859,1.1437363285850835,1.1439488087689273,-0.00021248018384389944,-0.000277497886906484,6.501770306258455e-05,38.80597014925596,1.1437564999999998,1.1448020373841554,1.1427109626158443,0.0018282517024481727,0.0008799999999999761,0.12598999295907823,-0.00019231273547370975,0.0009626744847504032,0.0003234108271782924,0
2026-07-19 21:00:00+00:00,1.1426,1.14298,1.1426,1.14285,212,1.143516,1.143576,1.1437035,1.1447886,1.1435999703412245,1.1438674155267845,-0.0002674451855599891,-0.00027548734663718503,8.04216107719595e-06,35.98615916955055,1.1437035,1.1448212472648074,1.1425857527351926,0.0019546102023949396,0.0009064285714285461,0.009966586218310553,-0.0008393002334304844,-0.0001312335958005839,0.0004160260307097714,1
2026-07-19 22:00:00+00:00,1.1429,1.14311,1.14245,1.14263,1221,1.143358,1.143551,1.1436515,1.1447148,1.1434507441348825,1.143775755117393,-0.00032501098251058735,-0.0002853920738118655,-3.9618908698721845e-05,36.944937833039624,1.1436515,1.1448681956980569,1.1424348043019432,0.002127738560316363,0.0008678571428571345,0.07345328772346092,-0.0006909097269592879,-0.00021874562508739093,0.00041908419342389893,1
2026-07-19 23:00:00+00:00,1.14266,1.14276,1.14235,1.14272,771,1.143202,1.143466,1.143593,1.1446399999999999,1.143338321960285,1.1436975510346232,-0.0003592290743381632,-0.0003001594739171251,-5.906960042103811e-05,38.47517730496493,1.143593,1.1448723106698895,1.1423136893301107,0.002237353096581388,0.0008542857142857122,0.1729818780879,-0.0006821163095758198,-0.000743286375123553,0.0003608543343559503,1
2026-07-20 00:00:00+00:00,1.14272,1.1433200000000001,1.14262,1.1433200000000001,1220,1.143054,1.143403,1.143579,1.1445728,1.1433355031971644,1.1436695842913178,-0.0003340810941534489,-0.0003069437979643899,-2.7137296189059005e-05,56.878850102670306,1.143579,1.1448641033137203,1.1422938966862795,0.0022475112147397744,0.0008028571428571528,0.9999999999952137,-0.0006468192227679914,-0.0005507233707766623,0.00038903627622799696,1
2026-07-20 01:00:00+00:00,1.14331,1.14361,1.14307,1.14359,1349,1.1430219999999998,1.143365,1.1435605,1.1445058000000001,1.1433746565514469,1.1436636891586276,-0.000289032607180717,-0.00030336155980765535,1.4328952626938354e-05,56.15866388309005,1.1435605,1.1448331015627298,1.1422878984372702,0.002225682966016737,0.0007600000000000147,0.9655292742336439,-0.00013989071038245093,-0.00033217654309103395,0.00039956728903427056,0
2026-07-20 02:00:00+00:00,1.14357,1.14425,1.1434199999999999,1.14406,1146,1.143264,1.1433900000000001,1.143516,1.1444402,1.1434800940050702,1.1436930455172478,-0.0002129515121775949,-0.00028527955028164327,7.232803810404838e-05,61.47859922179082,1.143516,1.1446372662018265,1.1423947337981735,0.001961085287528132,0.000744285714285737,0.9999999999960774,0.0010587566172290952,0.0002185677691226573,0.0004206361275994867,1
2026-07-20 03:00:00+00:00,1.14407,1.14422,1.14394,1.14415,690,1.143568,1.1434630000000001,1.1435,1.1443918000000002,1.1435831564658285,1.1437268939974516,-0.00014373753162311154,-0.00025697114654993694,0.00011323361492682541,56.387665198237855,1.1435,1.1445719976436495,1.1424280023563504,0.0018749412219493027,0.0006750000000000288,0.8002963226273977,0.0013302643900474642,0.0006384355704815992,0.0004008776235695195,0
2026-07-20 04:00:00+00:00,1.14415,1.14449,1.14409,1.1444,566,1.143904,1.143553,1.143515,1.1443508,1.143708824701855,1.1437767537013441,-6.792899948915299e-05,-0.00021916271713778014,0.00015123371764862715,55.10204081632694,1.143515,1.1446298849365177,1.1424001150634824,0.0019499262126297938,0.000622857142857163,0.7498647288187505,0.0014701764211706436,0.0007870572802799458,0.0004038681658253795,0
2026-07-20 05:00:00+00:00,1.1444,1.14445,1.14397,1.14397,748,1.144034,1.143544,1.1435125,1.1442978000000001,1.1437490055169544,1.1437910682419852,-4.2062725030822534e-05,-0.00018374271871638863,0.0001416799936855661,50.0,1.1435125,1.144622831861529,1.1424021681384708,0.0019419671608820897,0.0006050000000000301,0.5497253617808525,0.0005685197495013394,-7.866720276916706e-05,0.00039871291545376554,0
2026-07-20 06:00:00+00:00,1.14395,1.14422,1.14339,1.14349,1609,1.1440139999999999,1.1435179999999998,1.1435545,1.1442356,1.143709158514346,1.143768766890727,-5.960837638108174e-05,-0.00015891585024932725,9.930747386824551e-05,46.88715953307333,1.1435545,1.1445883782380661,1.142520621761934,0.0018081835855940586,0.0006121428571428865,0.4276169853156933,-8.744392658222022e-05,-0.00022732240437173257,0.0004121564865565705,0
2026-07-20 07:00:00+00:00,1.14349,1.14494,1.14339,1.1444,2391,1.144082,1.1436730000000002,1.1436245,1.1441972,1.1438154418198312,1.1438155248988213,-8.307899013182407e-08,-0.00012714929599748817,0.00012706621700735635,58.657243816255196,1.1436245,1.144689413636522,1.142559586363478,0.0018623484133506178,0.0006828571428571755,0.8893258001257272,0.000297187210460903,0.0013562584766155794,0.00038933138449904066,0
2026-07-20 08:00:00+00:00,1.1444,1.1445400000000001,1.14373,1.14388,1588,1.144028,1.1437979999999999,1.1436745,1.1441386000000002,1.1438253738475495,1.143820300832242,5.073015307388573e-06,-0.00010070483373651282,0.00010577784904390139,53.114754098360706,1.1436745,1.1446847313443158,1.142664268655684,0.0017666413727260365,0.0007142857142857625,0.6719088048708663,-0.00023598304418126492,0.0010939674260259658,0.0004213459455310795,0
2026-07-20 09:00:00+00:00,1.14388,1.14395,1.14272,1.14298,1448,1.143744,1.143824,1.143645,1.1440602,1.1436953163325418,1.14375805632615,-6.273999360817406e-05,-9.311186571084508e-05,3.0371872102671015e-05,41.61490683229895,1.143645,1.1447014787593885,1.1425885212406115,0.0018475641643840946,0.0007478571428572048,0.22080066290993075,-0.0012408248864033133,0.00022752730327657567,0.0005082803194392104,0
2026-07-20 10:00:00+00:00,1.14298,1.14359,1.1428099999999999,1.14309,1285,1.143568,1.143801,1.143602,1.1439906,1.14360219074292,1.143708570672361,-0.00010637992944118047,-9.576547845691217e-05,-1.0614450984268298e-05,44.71153846153783,1.143602,1.1446760694874063,1.1425279305125937,0.0018783973574832728,0.0007607142857143685,0.34227321017810014,-0.0007692509418952831,-0.00020116852674678665,0.0004784156056733007,0
2026-07-20 11:00:00+00:00,1.1431,1.1440299999999999,1.14278,1.14293,2332,1.143456,1.143735,1.14355,1.1439174,1.1434987767824707,1.1436508987707048,-0.00015212198823411072,-0.0001070367804123519,-4.508520782175882e-05,50.72727272727345,1.14355,1.144649454410433,1.142450545589567,0.0019228794725775359,0.0007678571428572248,0.5617724430034287,-0.0004897288126698429,-0.0005771299154417875,0.0004707621091140086,0
2026-07-20 12:00:00+00:00,1.14293,1.143,1.14165,1.14234,2450,1.143044,1.1435629999999999,1.1434764999999998,1.1438446,1.1433205034313214,1.1435537951580599,-0.00023329172673847154,-0.00013228776967757583,-0.00010100395706089571,47.52981260647265,1.1434764999999998,1.1446930745701898,1.1422599254298098,0.0021278523348577374,0.0008171428571429289,0.3936212331455492,-0.0018000699056275327,-0.0015034176529203913,0.0004593819513015785,0
2026-07-20 13:00:00+00:00,1.14234,1.1424400000000001,1.14142,1.14148,2080,1.142564,1.1432959999999999,1.1433795,1.1437376,1.1430373490572718,1.1434001807019072,-0.000362831644635353,-0.0001783965446691313,-0.0001844350999662217,40.662650602410615,1.1433795,1.1448891109643822,1.1418698890356178,0.0026406122628264365,0.0008607142857143575,0.0,-0.0020981221806483097,-0.0023336101035702494,0.0004877036763519811,1
2026-07-20 14:00:00+00:00,1.1414900000000001,1.14174,1.14022,1.14065,2365,1.142098,1.1429209999999999,1.143237,1.1436558,1.1426700645869223,1.143196463612877,-0.0005263990259547491,-0.0002479970409262549,-0.00027840198502849416,30.56768558951883,1.143237,1.145175769007331,1.1412982309926691,0.003391718440412479,0.0009192857142857733,0.0,-0.0020385308579329298,-0.003276826284515977,0.00048196747930591465,1
2026-07-20 15:00:00+00:00,1.14065,1.1412200000000001,1.14045,1.14112,2101,1.141704,1.142636,1.14309,1.1435788,1.1424315931120113,1.1430426514934047,-0.0006110583813934145,-0.00032060930901968687,-0.00029044907237372764,32.531824611031496,1.14309,1.145203943683112,1.1409760563168878,0.0036986478459476147,0.0009357142857143572,0.06354192712879525,-0.0017233988574828496,-0.002491324073183754,0.0005347958393754626,1
2026-07-20 16:00:00+00:00,1.14111,1.14167,1.14071,1.14115,1650,1.141348,1.1424020000000001,1.14296,1.1435161999999999,1.1422344249409326,1.1429024550864857,-0.0006680301455530557,-0.00039009347632636067,-0.00027793666922669506,28.054298642535358,1.14296,1.145217926389319,1.140702073610681,0.0039510155899051365,0.0009450000000000688,0.0,-0.0015574007157043157,-0.002046366824370871,0.0005375990024152156,0
2026-07-20 17:00:00+00:00,1.14115,1.14152,1.14108,1.14135,1091,1.14115,1.1420970000000001,1.1428850000000002,1.14345,1.1420983595654046,1.1427874584134126,-0.0006890988480079407,-0.0004498945506626767,-0.00023920429734526405,29.228486646886182,1.1428850000000002,1.1452551698807885,1.1405148301192118,0.004147696191284877,0.0009564285714286358,0.038368464135775965,-0.0008666421555751924,-0.002665152044739605,0.00043537520845727634,0
2026-07-20 18:00:00+00:00,1.14135,1.14186,1.14129,1.14151,1051,1.141156,1.14186,1.142829,1.143411,1.1420078427091886,1.1426928318642708,-0.000684989155082194,-0.0004969134715465802,-0.00018807568353561386,28.270676691729747,1.142829,1.1452762102270497,1.1403817897729505,0.004282723359399585,0.000968571428571509,0.007070497560460175,2.6281669411654107e-05,-0.0020718956533901656,0.00044733795411890386,1
2026-07-20 19:00:00+00:00,1.14152,1.14179,1.14129,1.14153,1056,1.1413319999999998,1.141715,1.1427695,1.1433692,1.1419343284462367,1.1426066961706212,-0.0006723677243845039,-0.000532004322114165,-0.0001403634022703389,30.44871794871804,1.1427695,1.145284787783181,1.1402542122168189,0.004402091205936294,0.0009700000000000898,0.07824146638772068,0.0007714899399464681,-0.0012686136240355195,0.00040152850196778923,0
2026-07-20 20:00:00+00:00,1.14153,1.14166,1.14116,1.14118,521,1.141344,1.141524,1.1426625,1.1433162000000001,1.1418182779160464,1.1425010149727974,-0.0006827370567510371,-0.0005621508690415394,-0.00012058618770949769,31.09656301145766,1.1426625,1.1452599147066918,1.140065085293308,0.004546250019917231,0.0009464285714286495,0.09941083616765407,5.2579921480777614e-05,-0.0016709095521786343,0.0003968391691548728,1
2026-07-20 21:00:00+00:00,1.14117,1.14136,1.14091,1.14115,508,1.1413440000000001,1.141346,1.1425405,1.143259,1.1417154659289623,1.1424009397896273,-0.0006854738606649757,-0.0005868154673662267,-9.865839329874899e-05,18.929254302101242,1.1425405,1.1451833013447883,1.1398976986552116,0.004626184095510552,0.000867857142857198,0.0,0.0,-0.0015574007157043157,0.0003993246908076668,0
2026-07-20 22:00:00+00:00,1.14117,1.14134,1.141,1.14129,375,1.141332,1.141241,1.1424020000000001,1.1431997999999999,1.1416500096321989,1.1423186479533587,-0.0006686383211598201,-0.0006031800381249455,-6.545828303487463e-05,23.298969072160446,1.1424020000000001,1.1449994530036007,1.1398045469963995,0.004547353739927961,0.0008342857142857556,0.13742097735833353,-5.256932579855711e-05,-0.000919165922580012,0.00038614134919662333,0
2026-07-20 23:00:00+00:00,1.1413,1.14157,1.14124,1.14155,389,1.14134,1.141248,1.142272,1.1431468,1.1416346235349375,1.1422617110679247,-0.0006270875329872361,-0.0006079615370974036,-1.912599588983245e-05,33.0166270783827,1.142272,1.144758998613976,1.139785001386024,0.0043544770667160605,0.0007700000000000326,0.44302675053125923,3.5041304938143725e-05,6.132389529378557e-05,0.0003181766116042899,1
2026-07-21 00:00:00+00:00,1.14155,1.1418,1.14113,1.14131,1060,1.141296,1.141314,1.1421175,1.143087,1.1415846814526394,1.1421912139517822,-0.0006065324991428866,-0.0006076757295065003,1.1432303636136005e-06,29.49308755760393,1.1421175,1.1444253436051695,1.1398096563948303,0.00404134181495259,0.00076214285714287,0.3322167159670188,-0.00019272380051327254,0.0005786174549600176,0.00020910185184192914,1
2026-07-21 01:00:00+00:00,1.14131,1.14164,1.14119,1.14145,1199,1.14135,1.1413470000000001,1.1419915,1.1430259999999999,1.1415639612291564,1.1421363092146133,-0.0005723479854569113,-0.0006006101806965825,2.8262195239671145e-05,32.87037037037075,1.1419915,1.1441433880328507,1.1398396119671494,0.003768658580822365,0.0007050000000000191,0.4874420953555286,0.00023659720640045734,0.00028918956814361074,0.0001712354292197016,1
2026-07-21 02:00:00+00:00,1.14145,1.1415899999999999,1.14102,1.1411,868,1.14134,1.141342,1.141872,1.142955,1.141492582578517,1.1420595455690863,-0.000566962990569353,-0.0005938807426711366,2.691775210178363e-05,34.803921568628056,1.141872,1.1439372065018787,1.1398067934981213,0.0036172294300564184,0.0006492857142857332,0.7304273592171049,-4.381544932752224e-05,-4.381544932752224e-05,0.00020149484732135794,1
2026-07-21 03:00:00+00:00,1.1411,1.14151,1.14087,1.14123,764,1.1413280000000001,1.14133,1.1417135,1.1429014000000002,1.1414521852587451,1.141998097749154,-0.0005459124904088064,-0.0005842870922186706,3.8374601809864186e-05,46.26865671641662,1.1417135,1.1434166274639803,1.1400103725360198,0.0029834585716649047,0.0006221428571428726,0.9999999999963424,-5.257208947762049e-05,-0.00010513865159689217,0.00019628559691000063,1
2026-07-21 04:00:00+00:00,1.1412200000000001,1.14178,1.1412,1.14176,641,1.1413699999999998,1.141355,1.1416075,1.1428632,1.1414995413727844,1.1419804608788462,-0.00048091950606177214,-0.0005636135749872909,8.269406892551874e-05,68.19672131147816,1.1416075,1.1429733831731805,1.1402416168268197,0.002392912052838522,0.0005550000000000198,0.9999999999979702,0.00018396040471291286,0.00021900815586373135,0.00024473860014117416,1
2026-07-21 05:00:00+00:00,1.14175,1.14214,1.14156,1.14175,1016,1.141458,1.1413769999999999,1.141546,1.1428204000000002,1.1415380734692793,1.1419633897026353,-0.0004253162333560656,-0.0005359541066610458,0.00011063787330498022,62.16216216216424,1.141546,1.142753230846385,1.1403387691536149,0.002115080507285868,0.0005414285714285816,0.8775143209969952,0.00038552190027241195,0.00019272380051349458,0.000244932164759911,1
2026-07-21 06:00:00+00:00,1.14174,1.14235,1.14171,1.14207,1474,1.141582,1.1414659999999999,1.141495,1.1427898,1.1416199083201595,1.1419712867616993,-0.0003513784415398735,-0.0004990389736368114,0.0001476605320969379,65.97222222222018,1.141495,1.1424961887674379,1.140493811232562,0.0017541710956910591,0.0005185714285714317,0.954848519228113,0.0005431687765560245,0.0007798944951715736,0.0002278833609093223,0
2026-07-21 07:00:00+00:00,1.14209,1.14274,1.14203,1.14225,1785,1.141812,1.1415760000000001,1.141461,1.1427556,1.1417168455016733,1.1419919321867587,-0.0002750866850853573,-0.00045424851592652056,0.00017916183084116329,65.73426573426477,1.141461,1.1422880403799998,1.1406339596200004,0.0014490909106832375,0.0005378571428571455,0.9500186283812861,0.0010077994917185862,0.0009639398852034908,0.00022594551505690706,0
2026-07-21 08:00:00+00:00,1.14225,1.1426,1.14179,1.14204,1557,1.141974,1.141651,1.141446,1.1426974,1.1417665615783388,1.1419954927655174,-0.00022893118717859373,-0.00040918505017693526,0.00018025386299834153,59.1065292096207,1.141446,1.142214741966594,1.140677258033406,0.0013469616023781138,0.000554999999999988,0.8154930088001298,0.0007097605215424796,0.0006571511184711998,0.00024218885811374418,0
2026-07-21 09:00:00+00:00,1.14207,1.14285,1.142,1.14222,1456,1.1420660000000002,1.141718,1.141483,1.1426524,1.1418363213355174,1.1420121229310345,-0.00017580159551711105,-0.0003625083592449704,0.00018670676372785935,61.23778501628747,1.141483,1.142326254347995,1.140639745652005,0.0014774715838869912,0.0005799999999999773,0.8587518961761907,0.0004028867713004036,0.0005869212912268384,0.00023794882834427488,0
2026-07-21 10:00:00+00:00,1.1421999999999999,1.14282,1.14197,1.142,1471,1.1421160000000001,1.141787,1.1415505,1.1426104000000001,1.1418615026685146,1.142011224936143,-0.0001497222676283272,-0.0003199511409216418,0.00017022887329331459,63.94557823128764,1.1415505,1.1423264401771842,1.1407745598228156,0.0013594495857770599,0.0006049999999999825,0.9137129765678276,0.0002189621195531899,0.0006045684345181712,0.00023578994025917608,0
2026-07-21 11:00:00+00:00,1.142,1.14226,1.14163,1.14189,1556,1.14208,1.141831,1.1415890000000002,1.1425678000000001,1.1418658868733584,1.1420022453112435,-0.00013635843788506463,-0.00028323260031432637,0.00014687416242926174,62.25165562913747,1.1415890000000002,1.1423512929404034,1.140826707059597,0.0013354945438388026,0.0006178571428571462,0.8675865631148176,-0.00015760855289070896,0.0003854746156204403,0.00023951105907541085,0
2026-07-21 12:00:00+00:00,1.14188,1.14202,1.14131,1.14168,1909,1.141966,1.1418890000000002,1.1416155,1.1425484,1.1418372888928416,1.1419783752881882,-0.00014108639534660128,-0.00025480335932078136,0.00011371696397418008,56.31067961165132,1.1416155,1.1423498733459205,1.1408811266540793,0.0012865511127356556,0.0006442857142857163,0.6928959752078488,-0.0004990151017727484,0.0005082814827797044,0.00022239073848452423,0
2026-07-21 13:00:00+00:00,1.14167,1.14179,1.14052,1.14112,2363,1.141782,1.141878,1.1416039999999998,1.1425108,1.1417269367554814,1.1419147919335078,-0.00018785517802633045,-0.00024141372306189118,5.355854503556073e-05,43.65781710914314,1.1416039999999998,1.1423626802950821,1.1408453197049175,0.001329147927096092,0.0007114285714285851,0.3659793197088303,-0.00080557598683062,-9.63872313206604e-05,0.0002784198651185168,0
2026-07-21 14:00:00+00:00,1.14113,1.14194,1.14023,1.14057,2504,1.141452,1.141759,1.141557,1.1424646,1.1415489464854074,1.1418151777162109,-0.0002662312308034931,-0.00024637722461021155,-1.985400619328154e-05,40.0000000000012,1.141557,1.142445549379986,1.1406684506200138,0.0015567323926640017,0.0007857142857142943,0.20182185364959093,-0.0014445553396017496,-0.0010422505605380827,0.00025960292673408346,0
2026-07-21 15:00:00+00:00,1.14057,1.14114,1.14026,1.1407,1996,1.141192,1.1416540000000002,1.1415155000000001,1.1424072,1.1414183393338062,1.1417325719594547,-0.00031423262564844734,-0.0002599483048178587,-5.428432083058864e-05,39.83739837398389,1.1415155000000001,1.142483351119826,1.1405476488801742,0.001695730140897589,0.000816428571428575,0.15073539338127828,-0.0011383537653238962,-0.0009196409021239305,0.00026740314734401263,0
2026-07-21 16:00:00+00:00,1.14072,1.14105,1.14065,1.14079,1073,1.140972,1.141526,1.141496,1.142344,1.1413216717439898,1.1416627518143099,-0.0003410800703200767,-0.0002761746579183023,-6.490541240177438e-05,45.4810495626818,1.141496,1.1425070630157057,1.1404849369842944,0.001771470098372027,0.0008042857142857177,0.19900514554303608,-0.0009633152054927541,-0.0011207719316679299,0.00024269719254326537,0
2026-07-21 17:00:00+00:00,1.14079,1.14103,1.14063,1.14065,760,1.140766,1.141366,1.1414710000000001,1.1422776,1.14121833762953,1.141587733161398,-0.0003693955318679887,-0.0002948188327082396,-7.457669915974906e-05,41.569767441860364,1.1414710000000001,1.1425410890276009,1.1404009109723994,0.0018749298538478002,0.0007871428571428593,0.061086404343595156,-0.0009021792446219923,-0.001400744145327204,0.00022351357994191787,0
2026-07-21 18:00:00+00:00,1.14066,1.14066,1.13983,1.1402700000000001,1125,1.140596,1.141189,1.14142,1.1422068,1.1410724395326792,1.1414901232975907,-0.0004176837649114695,-0.00031939181914888564,-9.829194576258389e-05,27.355623100302665,1.14142,1.1426162045242496,1.1402237954757506,0.002095993629425647,0.0008050000000000081,0.0,-0.0007448822209756845,-0.001549858148576111,0.0002315973081641368,0
2026-07-21 19:00:00+00:00,1.14028,1.14039,1.1400000000000001,1.14013,921,1.140508,1.14098,1.1413490000000002,1.142141,1.1409274488353438,1.1413893734236953,-0.0004619245883514811,-0.00034789837298940474,-0.00011402621536207635,26.315789473683182,1.1413490000000002,1.1426743146600138,1.1400236853399865,0.0023223653063412174,0.0007914285714285699,0.0,-0.00038577202626755014,-0.001829770096828942,0.00020497867362086696,1
2026-07-21 20:00:00+00:00,1.14014,1.14029,1.13956,1.13956,489,1.14028,1.140736,1.1412615000000002,1.1420622,1.1407170720914448,1.1412538642811993,-0.0005367921897545536,-0.00038567713634243454,-0.00015111505341211903,15.80381471389687,1.1412615000000002,1.142809949479368,1.1397130505206323,0.0027135752487362982,0.0007978571428571517,0.0,-0.0009993863417201432,-0.002136602451838887,0.00022827721665004804,1
2026-07-21 21:00:00+00:00,1.13972,1.14004,1.13961,1.14004,240,1.1401299999999999,1.1405509999999999,1.1411909999999998,1.1419818,1.1406129071542994,1.1411639484085179,-0.000551041254218454,-0.00041874995991763843,-0.00013229129430081553,22.166246851385026,1.1411909999999998,1.1428291105934802,1.1395528894065194,0.002870878921197945,0.0007814285714285837,0.1321603462901098,-0.0006574391430500537,-0.0016201210274195965,0.00030399144054391226,1
2026-07-21 22:00:00+00:00,1.1400299999999999,1.14008,1.13988,1.1399,357,1.13998,1.1403729999999999,1.1411310000000001,1.1419047999999998,1.140503229130561,1.1410703226004795,-0.000567093469918456,-0.000448418661917802,-0.000118674808000654,22.56410256410227,1.1411310000000001,1.1428680622509981,1.139393937749002,0.003044457211307048,0.0007378571428571552,0.1404245992722985,-0.0006575198351816969,-0.0015591058790555001,0.00030411825617781846,1
2026-07-21 23:00:00+00:00,1.1399,1.14022,1.13979,1.1402,404,1.139966,1.140281,1.1410795,1.1418518,1.14045657849509,1.1410058542597032,-0.0005492757646132773,-0.0004685900824568971,-8.06856821563802e-05,24.875621890549212,1.1410795,1.1428646135893834,1.1392943864106166,0.003128815458315359,0.000707857142857149,0.18843944454499242,-6.1388969279208e-05,-0.0008062254627031473,0.00030539108226434385,1
2026-07-22 00:00:00+00:00,1.14022,1.14069,1.14009,1.14038,1297,1.140016,1.1402619999999999,1.1410105,1.1418068,1.140444797188153,1.1409594946849104,-0.0005146974967573659,-0.0004778115653169909,-3.688593144037498e-05,29.648241206030065,1.1410105,1.1427915402048279,1.139229459795172,0.0031218647064649168,0.0006900000000000002,0.2980639405256126,0.00021927324077064547,-0.0001665833749793233,0.0002777296405897006,1
2026-07-22 01:00:00+00:00,1.1404,1.1406399999999999,1.13985,1.1402700000000001,1043,1.140158,1.140219,1.1409365,1.1417578,1.1404179053130525,1.1409084210045468,-0.0004905156914942754,-0.0004803523905524479,-1.0163300941827547e-05,29.648241206030065,1.1409365,1.1427111433298152,1.1391618566701849,0.0031108538114349746,0.0007014285714285513,0.34177975824701506,0.0006230474920145834,-0.0003769615148592198,0.0002746900802994999,1
2026-07-22 02:00:00+00:00,1.1402700000000001,1.14097,1.14008,1.14054,1008,1.140258,1.140194,1.14086,1.1417022000000001,1.1404366891110445,1.1408811305597655,-0.0004444414487210224,-0.0004731702021861628,2.8728753465140377e-05,35.891089108911274,1.14086,1.142559213440531,1.139160786559469,0.0029788290246496895,0.0007142857142856991,0.6768580191954491,0.0004385811024176789,-0.00021914638101649953,0.0002864216548607999,1
2026-07-22 03:00:00+00:00,1.14054,1.14077,1.14039,1.1407,797,1.140418,1.140199,1.1407824999999998,1.1416444,1.140477198478576,1.1408677134812644,-0.00039051500268838524,-0.00045663916228660733,6.61241595982221e-05,44.23076923077053,1.1407824999999998,1.1423511517847327,1.139213848215267,0.002750132974046966,0.0006507142857142664,0.9578707268929321,0.0007018159487675035,4.38346556788094e-05,0.0002882027022218488,1
2026-07-22 04:00:00+00:00,1.1407,1.14085,1.14047,1.14082,579,1.140542,1.140254,1.1407215000000002,1.1415796,1.1405299371741797,1.1408641791493188,-0.0003342419751390935,-0.00043215972485710456,9.791774971801108e-05,53.894080996882934,1.1407215000000002,1.1421749065250337,1.1392680934749666,0.0025482232517464822,0.0005557142857142626,0.9999999999973747,0.0005437642518855146,0.00048234190147922185,0.0002634260233650556,0
2026-07-22 05:00:00+00:00,1.14084,1.14094,1.14051,1.14092,992,1.1406500000000002,1.1403329999999998,1.1406565,1.141515,1.1405899468396907,1.140868314027147,-0.0002783671874562188,-0.0004014012173769274,0.0001230340299207086,53.45911949685386,1.1406565,1.1419332767808292,1.1393797232191707,0.002238670065579374,0.0005235714285714169,0.9885807702971554,0.0004735263684034763,0.0006929034408356127,0.00025656088413822354,0
2026-07-22 06:00:00+00:00,1.1409,1.14134,1.14067,1.14116,1728,1.140828,1.140493,1.1406145,1.1414502,1.1406776473258922,1.1408899203955063,-0.00021227306961413284,-0.00036357558782436854,0.0001513025182102357,55.55555555555556,1.1406145,1.1417529657268553,1.139476034273145,0.001996232253500485,0.0005428571428571306,0.9999999999974843,0.0007805168951211527,0.0014040506862298407,0.00016255615294382544,0
2026-07-22 07:00:00+00:00,1.14118,1.14179,1.14031,1.1409,2154,1.1408999999999998,1.140579,1.140565,1.1413888,1.1407118554296012,1.1408906670328762,-0.00017881160327504197,-0.00032662279091450326,0.00014781118763946129,53.623188405798594,1.140565,1.1415450214823983,1.1395849785176018,0.0017184842291290466,0.0006200000000000015,0.9513891188426385,0.0003156399600188209,0.0007543594961580968,0.00016744575561712836,0
2026-07-22 08:00:00+00:00,1.14089,1.1412200000000001,1.1403699999999999,1.14097,1810,1.140954,1.140686,1.1405295,1.1413384,1.1407515699788935,1.1408965435489595,-0.0001449735700660426,-0.0002902929467448112,0.00014531937667876856,61.14649681528568,1.1405295,1.1413826915319396,1.1396763084680603,0.001496132334919236,0.0006214285714285823,0.9999999999977945,0.00023669676514415094,0.0009386788314764694,0.00015270007150307446,1
2026-07-22 09:00:00+00:00,1.14096,1.14132,1.1404,1.14045,1580,1.14088,1.140711,1.140496,1.1412594,1.1407051745975252,1.1408634662490367,-0.0001582916515114885,-0.00026389268769814664,0.00010560103618665814,54.54545454545283,1.140496,1.1413029278978197,1.1396890721021802,0.0014150473089248464,0.0006592857142857193,0.8544187956248819,-0.0003243281148647137,0.00021925977898606952,0.00021897312875612218,1
2026-07-22 10:00:00+00:00,1.14046,1.14073,1.1400299999999999,1.14034,1530,1.1407640000000001,1.140707,1.1404845000000001,1.1411886,1.1406489938902136,1.1408246909713302,-0.00017569708111664362,-0.00024625356638184603,7.055648526520242e-05,62.7450980392164,1.1404845000000001,1.141293540367652,1.1396754596323482,0.0014187660904675995,0.0006571428571428641,0.9999999999975356,-0.0005083616730358065,-3.507602728913817e-05,0.00021618375069379066,1
2026-07-22 11:00:00+00:00,1.14036,1.14071,1.14022,1.14065,1810,1.140662,1.1407450000000001,1.140482,1.141142,1.1406491486763346,1.14081175089938,-0.00016260222304542715,-0.00022952329771456226,6.692107466913511e-05,60.553633217993664,1.140482,1.1412885416755416,1.1396754583244584,0.0014143873827760834,0.0006578571428571386,0.9454601660460464,-0.00044691366679516786,0.0003332544046583674,0.00022954528761553214,1
2026-07-22 12:00:00+00:00,1.14067,1.14135,1.14036,1.14077,1942,1.140636,1.140768,1.1404809999999999,1.1410956,1.1406677411876678,1.1408086582401666,-0.00014091705249885678,-0.00021180204867142117,7.08849961725644e-05,65.15679442509008,1.1404809999999999,1.1412859818570469,1.1396760181429528,0.0014116532534027783,0.0007142857142857149,0.9999999999975174,-0.00011394513103690773,0.00020165886334533312,0.0002201673787486135,1
2026-07-22 13:00:00+00:00,1.14076,1.14214,1.1407,1.14133,2301,1.1407079999999998,1.140831,1.140515,1.1410636,1.140769627158796,1.1408472761483024,-7.764898950646248e-05,-0.00018497143683842944,0.00010732244733196696,68.0511182108624,1.140515,1.1414031796882358,1.139626820311764,0.001557506369027757,0.0007864285714285689,0.999999999997396,0.00031552100405796146,0.0005522924520031669,0.0002648091600515267,0
2026-07-22 14:00:00+00:00,1.14133,1.14181,1.14076,1.14091,2474,1.1408,1.14084,1.140547,1.141035,1.1407912229805195,1.1408519223595392,-6.0699379019757416e-05,-0.00016011702527469506,9.941764625493764e-05,57.86350148368244,1.140547,1.1414440853392862,1.1396499146607137,0.0015730791265703736,0.0008185714285714304,0.7347173565675432,0.0004033495550004318,7.889062253485513e-05,0.00029540180823265413,1
2026-07-22 15:00:00+00:00,1.14091,1.14137,1.14073,1.14134,1776,1.141,1.140882,1.1406075,1.1410322000000002,1.1408756502142856,1.1408880762588327,-1.2426044547098059e-05,-0.00013057882912917567,0.00011815278458207761,64.49864498644956,1.1406075,1.1415483143173044,1.1396666856826956,0.001649672332164074,0.0008078571428571538,0.8895376240724152,0.0008769314415000284,0.0003681239701294192,0.00031741529431821534,0
2026-07-22 16:00:00+00:00,1.14133,1.1414,1.14059,1.14091,1454,1.141052,1.140857,1.140675,1.1410374,1.1408809347967033,1.1408897002396599,-8.765442956581992e-06,-0.00010621615189465693,9.745070893807494e-05,54.80519480519496,1.140675,1.1414838328177144,1.1398661671822858,0.0014181652402555796,0.0008021428571428624,0.4439240408785672,0.00022794020952976446,-0.0002190753268602741,0.0003355369275173691,0
2026-07-22 17:00:00+00:00,1.14091,1.14124,1.14077,1.1409799999999999,1063,1.141094,1.140865,1.140722,1.1410346,1.1408961755972105,1.1408963891107962,-2.1351358570065315e-07,-8.501562423286567e-05,8.480211064716502e-05,53.723404255317426,1.140722,1.1414833174181775,1.1399606825818225,0.0013347992204542942,0.0008085714285714284,0.0181116215565479,0.00018408618739962357,7.01200806378921e-05,0.00032819354667061595,0
2026-07-22 18:00:00+00:00,1.14099,1.1411,1.14079,1.14107,843,1.1410420000000001,1.1408749999999999,1.1407805,1.141033,1.1409229178130242,1.1409092491766633,1.3668636360986142e-05,-6.527877211409531e-05,7.894740847508145e-05,53.35120643431767,1.1407805,1.1414501574148952,1.1401108425851048,0.0011740337688016572,0.0008035714285714432,0.0,-0.00022780440363434629,8.764472334932272e-05,0.00032856225714157714,1
2026-07-22 19:00:00+00:00,1.14106,1.14119,1.14092,1.14109,734,1.1410779999999998,1.140939,1.140825,1.1410278,1.1409486227648666,1.14092263812654,2.59846383265927e-05,-4.7026090025957704e-05,7.30107283525504e-05,52.3287671232879,1.140825,1.1414489601882176,1.1402010398117823,0.0010938753765347756,0.0007921428571428603,0.0,0.0001577687985905296,0.0005611819895654513,0.00028546921930350564,1
2026-07-22 20:00:00+00:00,1.14109,1.14124,1.14102,1.14119,549,1.141048,1.141024,1.1408654999999999,1.1410213999999999,1.140985757724118,1.1409424427097594,4.3315014358613624e-05,-2.8957869149043438e-05,7.227288350765706e-05,50.427350427350106,1.1408654999999999,1.141472770858371,1.1402582291416288,0.001064579231068149,0.0007600000000000147,0.0,-0.00013142446597869117,0.0007453917252748798,0.00028042670863819523,1
2026-07-22 21:00:00+00:00,1.14113,1.14116,1.1406,1.14082,473,1.14103,1.141041,1.140893,1.1410072,1.1409602565357921,1.1409333728794069,2.6883656385257026e-05,-1.7789564042183343e-05,4.467322042744037e-05,48.895027624308206,1.140893,1.1414327894332683,1.1403532105667316,0.0009462577704804541,0.000696428571428566,0.0,-7.888439929537583e-05,0.00014903782930786313,0.00029670686377162317,1
2026-07-22 22:00:00+00:00,1.14087,1.14094,1.14058,1.14079,502,1.140992,1.141043,1.1409055000000001,1.1409993999999999,1.1409340632225933,1.1409227526661174,1.1310556475851996e-05,-1.1969539938576275e-05,2.328009641442827e-05,47.48603351955189,1.1409055000000001,1.1414219443218112,1.140389055678189,0.0009053235729183224,0.0006614285714285588,0.0,-0.00016652351487311812,1.7532017847488035e-05,0.0002951720987505776,1
2026-07-22 23:00:00+00:00,1.14079,1.14114,1.14079,1.1411,456,1.1409980000000002,1.14102,1.1409255,1.1409984,1.1409595919575788,1.140935882098257,2.3709859321874305e-05,-4.833660086486158e-06,2.8543519408360463e-05,59.643916913948175,1.1409255,1.1414394107035417,1.1404115892964584,0.0009008663642659852,0.0006207142857142919,0.591190533704649,2.6291112727561128e-05,-0.00020151928013800724,0.00026097805789052856,1
2026-07-23 00:00:00+00:00,1.14111,1.14173,1.14102,1.14169,1013,1.141118,1.141098,1.140969,1.1410064000000002,1.1410719624256436,1.1409917426835714,8.021974207217397e-05,1.2177020345245874e-05,6.80427217269281e-05,67.53246753247134,1.140969,1.1415828712368434,1.1403551287631564,0.0010760524376096684,0.0006214285714285664,0.974780036830693,0.0005258130384107051,0.000683664793892591,0.0002793233637072437,1
2026-07-23 01:00:00+00:00,1.14169,1.14202,1.14157,1.1416,1386,1.1412,1.141124,1.141003,1.1410074000000001,1.1411531989755446,1.1410367987810848,0.0001164001944597981,3.302165516815633e-05,8.337853929164178e-05,63.08539944903663,1.141003,1.1416777506367086,1.1403282493632914,0.0011827324497983476,0.0006185714285714365,0.7585364302438387,0.00035927409108027497,0.00022780240769604276,0.0002598968329287429,1
2026-07-23 02:00:00+00:00,1.1415899999999999,1.14279,1.1415899999999999,1.1427100000000001,1070,1.1415780000000002,1.141304,1.1410805,1.1410354,1.1413927068254608,1.1411607396121155,0.00023196721334528547,7.281076680358218e-05,0.00015915644654170328,70.99567099567227,1.1410805,1.1420994463085126,1.1400615536914873,0.0017859323834078752,0.0006335714285714397,0.9999999999957465,0.0016567030732281829,0.0015776879859059623,0.00036022262325489414,0
2026-07-23 03:00:00+00:00,1.14274,1.14304,1.14229,1.14287,979,1.141994,1.141493,1.141179,1.1410638,1.141619982698467,1.1412873514926996,0.00033263120576743077,0.0001247748545963519,0.00020785635117107887,68.24644549763195,1.141179,1.1424692370245921,1.1398887629754078,0.002261235134176477,0.0005842857142857356,0.8830596388004233,0.0018232978900587504,0.0016564707532122913,0.0003587403968698855,0
2026-07-23 04:00:00+00:00,1.14287,1.14355,1.1428,1.14323,1151,1.14242,1.141709,1.1412920000000002,1.1411064,1.1418676776679337,1.1414312513821292,0.00043642628580453646,0.00018710514083798883,0.0002493211449665476,77.8846153846143,1.1412920000000002,1.1428691339764352,1.1397148660235652,0.002763769441010708,0.0005628571428571665,0.9999999999967104,0.0018666199281394125,0.0018929601163819587,0.00036016731900313483,0
2026-07-23 05:00:00+00:00,1.14321,1.14347,1.14285,1.14296,1033,1.142674,1.141896,1.1414175,1.1411410000000002,1.1420357272574826,1.14154449202049,0.000491235236992571,0.0002479311600689053,0.0002433040769236657,70.24999999999942,1.1414175,1.143107917264166,1.139727082735834,0.002961961357988777,0.0005614285714286016,0.7488496200717718,0.00111238602422703,0.0016387839697131756,0.00038188354291014394,0
2026-07-23 06:00:00+00:00,1.14294,1.14327,1.14236,1.14251,1579,1.142856,1.142028,1.141526,1.141156,1.142108692294793,1.1416160111300833,0.0004926811647096851,0.0002968811609970613,0.00019580000371262384,69.90049751243495,1.141526,1.1432037353158784,1.1398482646841217,0.0029394605394504145,0.000568571428571458,0.7373522913768105,0.0007971268395234876,0.0011566873176245274,0.0004208971158181325,0
2026-07-23 07:00:00+00:00,1.14253,1.14274,1.14196,1.14242,1965,1.1427979999999998,1.142188,1.1416145,1.1411694,1.1421565857879017,1.1416755658611881,0.0004810199267135662,0.0003337089141403623,0.00014731101257320388,67.82178217821799,1.1416145,1.1432843877997718,1.1399446122002281,0.0029254845655373877,0.0005907142857143174,0.6689703075251483,-0.000253782674519476,0.001402499956171921,0.00039897905464765016,0
2026-07-23 08:00:00+00:00,1.14243,1.14249,1.14067,1.14104,2022,1.142432,1.142213,1.141628,1.1411488,1.1419848033589939,1.1416284869085076,0.0003563164504862826,0.0003382304214095464,1.8086029076736193e-05,49.71857410881825,1.141628,1.1432733263955936,1.1399826736044065,0.0028824212363284018,0.0006985714285714531,0.07344226119393138,-0.0016012319861401503,0.0002191463810168326,0.0005852751865599743,0
2026-07-23 09:00:00+00:00,1.14105,1.1414900000000001,1.14093,1.14129,1567,1.1420439999999998,1.142232,1.141626,1.1411296,1.1418779105345334,1.1416034138041737,0.0002744967303596191,0.00032548368319956094,-5.0986952839941866e-05,51.79856115107894,1.141626,1.1432729480548596,1.1399790519451405,0.0028852672501494233,0.0007192857142857477,0.1418660794985744,-0.0016969463712463995,0.0001665060029794052,0.0005830123141814139,0
2026-07-23 10:00:00+00:00,1.14128,1.14131,1.14029,1.14044,1690,1.1415399999999998,1.1421069999999998,1.1416024999999999,1.1410976000000002,1.1416566935292205,1.1415172350038645,0.00013945852535601766,0.0002882786516308523,-0.00014882012627483464,44.05705229793958,1.1416024999999999,1.1433049425179678,1.139900057482032,0.0029825486856728456,0.0007764285714285986,0.0,-0.0022048015678589605,-0.0010948681340821054,0.0005990421876751248,0
2026-07-23 11:00:00+00:00,1.14043,1.14063,1.13831,1.13943,2651,1.140924,1.14189,1.141507,1.1410418,1.1413141252939558,1.1413626250035782,-4.8499709622396026e-05,0.0002209229793802026,-0.00026942268900259864,39.99999999999999,1.141507,1.1434663457556404,1.1395476542443597,0.0034329106271628377,0.0009000000000000437,0.0,-0.002695818854977161,-0.0019008409250175218,0.0006468894526447846,0
2026-07-23 12:00:00+00:00,1.13941,1.13959,1.13753,1.13847,2913,1.1401340000000002,1.1414659999999999,1.1413849999999999,1.1409711999999999,1.140876567556424,1.1411483564847946,-0.00027178892837054214,0.00012238059783005364,-0.0003941695262005958,35.279187817259455,1.1413849999999999,1.1437605198878387,1.139009480112161,0.004162521651920772,0.0010214285714286175,0.0,-0.0034575725214893716,-0.003710477724007011,0.0005282485395397471,0
2026-07-23 13:00:00+00:00,1.13848,1.1386,1.13673,1.1372200000000001,3729,1.13937,1.140901,1.141197,1.1408778,1.1403140187015897,1.1408573671155506,-0.0005433484139609757,-1.0765204528152267e-05,-0.0005325832094328234,28.00453514739253,1.141197,1.1442155747770915,1.1381784252229086,0.005290190522918379,0.0011300000000000437,0.0,-0.003347823038631348,-0.004943694383438113,0.0005399744965266359,1
2026-07-23 14:00:00+00:00,1.13724,1.1376,1.13636,1.13714,3496,1.1385399999999999,1.140292,1.1410005,1.140787,1.1398257081321144,1.1405820065884729,-0.0007562984563584951,-0.00015987185489422089,-0.0005964266014642743,22.623345367026758,1.1410005,1.1445234143140086,1.1374775856859916,0.0061751319372928045,0.0011678571428571807,0.0,-0.003636236188873876,-0.005327012062314562,0.00048685794612155045,1
2026-07-23 15:00:00+00:00,1.13711,1.13758,1.13657,1.13727,3037,1.137906,1.139723,1.1408095,1.14071,1.1394325222656352,1.1403366727671045,-0.000904150501469303,-0.00030872758420923737,-0.0005954229172600656,24.07185628742434,1.1408095,1.144706351495713,1.136912648504287,0.006831730443536716,0.0012078571428571733,0.02621204543315697,-0.0027796289151554854,-0.004978301952824227,0.0005220179354763666,1
2026-07-23 16:00:00+00:00,1.13726,1.138,1.13724,1.13796,1956,1.1376120000000003,1.139268,1.140648,1.1406578,1.1392059803786143,1.140160622932504,-0.0009546425538897729,-0.00043791057814534455,-0.0005167319757444284,20.050441361914864,1.140648,1.144741232412122,1.1365547675878782,0.007177029920048769,0.0011764285714285863,0.0,-0.0012901187435822026,-0.003982459672125294,0.0006292512175721207,0
2026-07-23 17:00:00+00:00,1.13796,1.13807,1.13711,1.13712,1446,1.1373419999999999,1.138738,1.140463,1.1405862,1.138885060320366,1.1399353916041703,-0.0010503312838043843,-0.0005603947192771526,-0.0004899365645272318,16.608594657373473,1.140463,1.1448475859194358,1.1360784140805642,0.007689133131782095,0.0011914285714285735,0.0,-0.0011858019974178013,-0.004639274522504899,0.0006265343075561511,1
2026-07-23 18:00:00+00:00,1.13712,1.13762,1.13709,1.13758,1050,1.1374140000000001,1.138392,1.1403025,1.140522,1.1386842818095404,1.1397609181520096,-0.0010766363424692393,-0.00066364304391557,-0.00041299329855366937,17.566016073479133,1.1403025,1.1448679624485512,1.1357370375514488,0.008007458456946575,0.0011757142857142958,0.017848552065116458,0.0003165614392992566,-0.0030323213910117275,0.000621475741174956,1
2026-07-23 19:00:00+00:00,1.1376,1.13796,1.13735,1.1377,1015,1.137526,1.138033,1.1401325,1.140463,1.1385328538388417,1.139608257548157,-0.001075403709315248,-0.0007459951769955057,-0.0003294085323197423,19.275700934578836,1.1401325,1.1448243826880697,1.1354406173119302,0.00823041653153427,0.0011750000000000055,0.050047120375005444,0.0004924635489031992,-0.003145563353748826,0.0006118247452623858,1
2026-07-23 20:00:00+00:00,1.13772,1.13796,1.13763,1.13768,548,1.137608,1.1377570000000001,1.1399320000000002,1.1404112,1.138401645555943,1.139465423655701,-0.0010637780997579949,-0.0008095517615480036,-0.00025422633820999124,20.29520295202927,1.1399320000000002,1.1446859528151994,1.135178047184801,0.00834076561619323,0.001133571428571448,0.07198552703145251,0.00036051245526569353,-0.002420118550734651,0.0005981080477672076,1
2026-07-23 21:00:00+00:00,1.13769,1.13782,1.13746,1.13762,333,1.13754,1.137576,1.139733,1.140361,1.1382813923934902,1.1393287256071305,-0.0010473332136402558,-0.0008571080519664542,-0.00019022516167380155,20.37037037037007,1.139733,1.1445260085047955,1.1349399914952047,0.00841075673828056,0.0011035714285714576,0.10689909902752492,-0.00029878027347185476,-0.0015885135550229856,0.0005549764583971962,1
2026-07-23 22:00:00+00:00,1.1375899999999999,1.13797,1.1375899999999999,1.13792,342,1.1377000000000002,1.137521,1.1394935,1.1403282,1.1382257935637226,1.1392243755621578,-0.0009985819984352773,-0.0008854028412602188,-0.00011317915717505849,27.777777777777075,1.1394935,1.1441365175080092,1.1348504824919907,0.00814926545523817,0.001000714285714323,0.31739681032005884,0.0007035317292811705,-0.00048310451746647054,0.0005121527577958504,1
2026-07-23 23:00:00+00:00,1.13792,1.13796,1.13755,1.1376,472,1.1377039999999998,1.137559,1.13923,1.1402794,1.1381295176308421,1.1391040514464426,-0.0009745338156004202,-0.0009032290361282592,-7.130477947216098e-05,23.97743300423167,1.13923,1.1436594374123825,1.1348005625876174,0.0077761951710937265,0.0009900000000000306,0.2684609256857091,1.7581181103620835e-05,0.0003341481859269191,0.00037212459671032524,1
2026-07-24 00:00:00+00:00,1.1376,1.13837,1.1375,1.13837,1402,1.137838,1.137682,1.1389869999999997,1.1402488000000002,1.1381665149184048,1.1390496772652245,-0.0008831623468197325,-0.000899215698266554,1.6053351446821545e-05,35.23537803138559,1.1389869999999997,1.1430067727090378,1.1349672272909617,0.007058504985637384,0.000979285714285754,0.796308862212251,0.0005889074448450771,0.0010816610091985979,0.00042079715858755795,0
2026-07-24 01:00:00+00:00,1.13839,1.13869,1.13815,1.13838,1306,1.137978,1.1377929999999998,1.138758,1.1402124,1.1381993587771118,1.1390000715418747,-0.0008007127647629009,-0.0008795151115658234,7.880234680292253e-05,41.26455906821977,1.138758,1.1423206164247965,1.1351953835752033,0.006257021113874248,0.0008521428571428886,0.9999999999959442,0.0006152872512481533,0.000976021525231463,0.00042194825227412786,1
2026-07-24 02:00:00+00:00,1.13839,1.13872,1.13805,1.13806,958,1.138066,1.137803,1.1385355,1.140166,1.1381779189652483,1.1389304366128468,-0.0007525176475984274,-0.0008541156187723441,0.00010159797117391671,46.182495344506385,1.1385355,1.1416375432995596,1.1354334567004403,0.005449181513549035,0.0007528571428571583,0.9999999999966187,0.0003867723844517279,8.787655102104885e-05,0.00039550620606965966,1
2026-07-24 03:00:00+00:00,1.13806,1.13823,1.13775,1.1381999999999999,938,1.1381219999999999,1.1379110000000001,1.1383245,1.1401246,1.1381813160475178,1.1388763301970803,-0.0006950141495625228,-0.0008222953249303799,0.0001272811753678571,61.50234741783773,1.1383245,1.1408309336166063,1.1358180663833937,0.004403724274767514,0.0006535714285714438,0.9999999999977724,0.0002460629921259283,0.0009497678345293803,0.0002960209575957876,1
2026-07-24 04:00:00+00:00,1.1381999999999999,1.13836,1.13764,1.13789,763,1.13818,1.137942,1.138167,1.1400716,1.1381364981940536,1.1388032687010003,-0.0006667705069467456,-0.0007911903613336532,0.00012441985438690765,58.35189309576932,1.138167,1.1403268840126597,1.1360071159873402,0.0037953727575298934,0.0006164285714285971,0.9298242154321336,0.00025492264416326904,0.00027250830710801033,0.00029475952310442616,1
2026-07-24 05:00:00+00:00,1.13789,1.13832,1.13762,1.13777,995,1.1380599999999998,1.137949,1.137991,1.140013,1.1380801138565069,1.138726730278704,-0.0006466164221972104,-0.0007622755735063648,0.00011565915130915439,55.580357142856755,1.137991,1.1395767377498522,1.1364052622501477,0.0027869073654400913,0.0005942857142857376,0.8680887671238972,-0.000527069406256464,6.152764349121043e-05,0.00029608645263568364,1
2026-07-24 06:00:00+00:00,1.13777,1.13868,1.13771,1.13864,1655,1.138112,1.138045,1.137901,1.1399694,1.138166250186275,1.1387203058136148,-0.000554055627339789,-0.0007206315842730497,0.00016657595693326068,57.29613733905612,1.137901,1.1390440135610673,1.1367579864389328,0.0020089859505656015,0.0006092857142857408,0.9063074521456258,0.00022839473637992214,0.000843822515997461,0.0003804259026343428,0
2026-07-24 07:00:00+00:00,1.13865,1.14009,1.1386,1.13896,2166,1.138292,1.138179,1.1378774999999999,1.1399302,1.1382883655422327,1.1387380609385322,-0.00044969539629957644,-0.0006664443466783551,0.0002167489503787786,72.2222222222252,1.1378774999999999,1.138901257270134,1.1368537427298657,0.0017994156139551954,0.0006471428571428937,0.9999999999981704,0.000790819464703052,0.001177897716284848,0.0003816954825704978,0
2026-07-24 08:00:00+00:00,1.13898,1.13904,1.13812,1.13832,1835,1.138316,1.138219,1.13787,1.1398734,1.138293232381889,1.138707093461604,-0.0004138610797148612,-0.0006159276932856564,0.00020206661357079518,58.564814814815506,1.13787,1.1388775504431645,1.1368624495568354,0.0017709412202880546,0.0006750000000000288,0.7420527907152517,0.00010542962572501757,0.0003515185601798976,0.00043253393571132,0
2026-07-24 09:00:00+00:00,1.13831,1.13888,1.13823,1.13888,1546,1.138514,1.138347,1.137953,1.139833,1.1383835043231367,1.138719901353337,-0.000336397030200164,-0.0005600215606685579,0.0002236245304683939,62.394957983194324,1.137953,1.1390074961384684,1.1368985038615316,0.0018533210747164765,0.0006778571428571586,0.8107485394457753,0.0008700313738585486,0.0011251758087200692,0.00043874182079653033,0
2026-07-24 10:00:00+00:00,1.1389,1.13926,1.13808,1.13828,1507,1.138616,1.1383379999999998,1.13801,1.1397792,1.1383675805811158,1.1386873160679045,-0.0003197354867887636,-0.000511964345892599,0.0001922288591038354,55.617977528089845,1.13801,1.139000778535316,1.137019221464684,0.0017412475027742099,0.0007385714285714297,0.6797752808975274,0.00044824525167652673,-7.906041093852512e-05,0.0004317812636043947,1
2026-07-24 11:00:00+00:00,1.13827,1.1388,1.13709,1.13743,1705,1.138374,1.138243,1.138018,1.1397188,1.1382233374147903,1.1385941815443559,-0.0003708441295655618,-0.00048374030262719156,0.00011289617306162978,48.45024469820434,1.138018,1.13898594084244,1.1370500591575599,0.0017010993542107737,0.0008349999999999984,0.5072633146626845,-0.0010626712569382635,-0.0008345192290799552,0.000490641090062612,1
2026-07-24 12:00:00+00:00,1.13741,1.13781,1.13672,1.1369799999999999,2080,1.137978,1.1381350000000001,1.137969,1.1396515999999999,1.1380320547355918,1.1384746125410703,-0.0004425578054785273,-0.00047550380319745874,3.294599771893144e-05,42.51592356687723,1.137969,1.139042742104066,1.136895257895934,0.0018871201308051058,0.0008857142857142833,0.38425891921386934,-0.001738428039615214,-0.0009489833576439288,0.0004970639587978197,0
2026-07-24 13:00:00+00:00,1.1369799999999999,1.13764,1.13645,1.13763,2507,1.13784,1.138078,1.1379945,1.1395912,1.1379702001608853,1.1384120486491391,-0.0004418484882537932,-0.00046877274020872564,2.692425195493245e-05,50.226928895612524,1.1379945,1.1390057519602435,1.1369832480397566,0.0017772528078886692,0.0009414285714285693,0.4053211673543995,-0.0006061564410710929,-0.0005007907221928898,0.0005375161102022741,0
2026-07-24 14:00:00+00:00,1.13763,1.13806,1.13703,1.13778,2495,1.1376199999999999,1.138067,1.1380045,1.1395314,1.1379409385976722,1.1383652302306844,-0.00042429163301216377,-0.0004598765187694133,3.558488575724952e-05,45.07512520867997,1.1380045,1.1390023603429027,1.1370066396570975,0.0017537019280725377,0.0009528571428571363,0.12308959243762777,-0.0009658611969652897,-9.667015265102386e-05,0.0005341210726357953,0
2026-07-24 15:00:00+00:00,1.13781,1.1390500000000001,1.13767,1.13843,2618,1.13765,1.1381329999999998,1.138041,1.1394734,1.1380161788134149,1.1383700279913744,-0.0003538491779595532,-0.0004386710506074413,8.482187264788815e-05,50.377073906486494,1.138041,1.1390453463445078,1.1370366536554923,0.0017650442198615776,0.0010128571428571487,0.2646290751597078,0.000131777769968755,0.0005800820904049431,0.0005627244072021638,0
2026-07-24 16:00:00+00:00,1.13843,1.13863,1.13777,1.13777,1413,1.137718,1.138046,1.1380455,1.1394106,1.1379783051498127,1.138325581473495,-0.00034727632368225514,-0.0004203921052224041,7.311578154014896e-05,47.919655667144,1.1380455,1.139043824386022,1.1370471756139782,0.0017544542569200897,0.0010264285714285868,0.18190526402978036,0.000298919493946892,-0.0007640694161457073,0.00053509216787494,1
2026-07-24 17:00:00+00:00,1.13776,1.13778,1.13674,1.13694,1367,1.13771,1.1378439999999999,1.1380115,1.1393226,1.1378185658959954,1.1382229458087916,-0.00040437991279618224,-0.0004171896667371597,1.2809753940977485e-05,41.77545691906125,1.1380115,1.1391119357991941,1.1369110642008058,0.0019339625288394117,0.0010664285714285793,0.0,-3.518091787002575e-05,-0.001773547797991104,0.0005551539000036667,1
2026-07-24 18:00:00+00:00,1.13694,1.13711,1.1367099999999999,1.1369799999999999,948,1.1375799999999998,1.1377099999999998,1.1379645,1.1392440000000001,1.13768955575815,1.138130875748881,-0.00044131999073115935,-0.0004220157315359596,-1.9304259195199744e-05,43.843031123138104,1.1379645,1.139157770164293,1.136771229835707,0.002097201036223778,0.0010435714285714453,0.06790784451099663,-0.0005713632727688545,-0.0011771733783120242,0.0005411303140019121,1
2026-07-24 19:00:00+00:00,1.1369799999999999,1.1372,1.13678,1.1369799999999999,986,1.13742,1.1375199999999999,1.1379335,1.139164,1.1375803933338189,1.1380456256934082,-0.0004652323595892849,-0.00043065905714662463,-3.4573302442660254e-05,44.56671251719339,1.1379335,1.1391968001896633,1.1366701998103366,0.0022203409771544003,0.001023571428571457,0.09167658929708737,-0.0007031236267117658,-0.0016683057038494598,0.0005003803011219995,1
2026-07-24 20:00:00+00:00,1.1369799999999999,1.13719,1.13674,1.13712,543,1.137158,1.137404,1.137871,1.139085,1.1375095635901544,1.1379770608272297,-0.00046749723707528723,-0.00043802669313235717,-2.947054394293006e-05,38.379204892964516,1.137871,1.1391666429010727,1.1365753570989274,0.0022773106987921243,0.0009864285714285945,0.0,-0.0011507075533850886,-0.0010190814210915278,0.0004905407261311708,1
2026-07-26 21:00:00+00:00,1.13887,1.13946,1.1386,1.13887,521,1.137378,1.137548,1.1378955,1.1390406,1.1377188614993614,1.1380432044696571,-0.00032434297029571013,-0.00041528994856502785,9.094697826931772e-05,49.43538268506949,1.1378955,1.1392489124515244,1.1365420875484755,0.0023787991982118346,0.0010471428571428814,0.46037189633486286,0.0009668034840082385,0.001266011974363268,0.0006599352869734415,1
2026-07-26 22:00:00+00:00,1.13898,1.13997,1.1388,1.13894,1390,1.137778,1.137744,1.1379395,1.1389955999999999,1.137906728960998,1.138109633768201,-0.00020290480720297488,-0.00037281292029261727,0.0001699081130896424,54.189189189189584,1.1379395,1.1393704286645001,1.1365085713355,0.002514946821865325,0.0010650000000000143,0.658317240219759,0.0017591077805336752,0.001723864975637479,0.000635097832982206,1
2026-07-26 23:00:00+00:00,1.13892,1.1395,1.1388099999999999,1.13943,726,1.1382679999999998,1.137924,1.1380009999999998,1.1389677999999999,1.1381410783516137,1.1382074386742604,-6.63603226467302e-05,-0.00031152240076343985,0.00024516207811670966,53.75170532060058,1.1380009999999998,1.1395774036354414,1.1364245963645583,0.002770478471357296,0.001067857142857176,0.8917398444146908,0.002154831219546516,0.001582236755359956,0.0006267369530622715,1
2026-07-27 00:00:00+00:00,1.13945,1.14127,1.13945,1.14013,2196,1.138898,1.138159,1.1381130000000002,1.1389546,1.1384470662975192,1.1383498506243153,9.72156732039764e-05,-0.0002297747859699566,0.000326990459173933,62.449528936743356,1.1381130000000002,1.1399525319773014,1.136273468022699,0.003232599886480947,0.0011150000000000407,0.9999999999958455,0.002770497282274187,0.002065425653465569,0.0006428409304762958,1
2026-07-27 01:00:00+00:00,1.14014,1.14141,1.14014,1.14137,1549,1.1397480000000002,1.138453,1.138293,1.13896,1.1388967484055932,1.1385735653928846,0.0003231830127086166,-0.00011918322623424194,0.0004423662389428585,75.19181585677732,1.138293,1.140628800099759,1.135957199900241,0.00410404017201035,0.001084285714285744,0.9999999999972835,0.003737512311805302,0.002582503974772221,0.0006940832114788525,0
2026-07-27 02:00:00+00:00,1.14139,1.14142,1.14054,1.14054,1081,1.140082,1.13873,1.138388,1.1389369999999999,1.1391495563431944,1.138719227215634,0.00043032912756046926,-9.28075547529967e-06,0.00043960988303576895,71.70731707317216,1.138388,1.140928779822423,1.1358472201775769,0.004463820459145858,0.001069285714285741,0.9053449703113697,0.0014663657836275767,0.0024345869551845034,0.0007151093490951318,0
2026-07-27 03:00:00+00:00,1.14054,1.1407,1.14012,1.14032,870,1.140358,1.139068,1.1384560000000001,1.1389114,1.1393296245980875,1.1388378029774386,0.000491821620648869,9.09397197495341e-05,0.0004008819008993349,67.31016731016771,1.1384560000000001,1.1411305144174577,1.1357814855825425,0.004698494131450992,0.0010257142857143123,0.7858981381560806,0.0012116529404533338,0.0029728921491019022,0.0006512752247801267,0
2026-07-27 04:00:00+00:00,1.14033,1.1405,1.14017,1.14033,575,1.140538,1.1394030000000002,1.1385565,1.1388638,1.139483528506074,1.138948336090221,0.0005351924158529808,0.00017979025897022348,0.0003554021568827573,66.71035386631746,1.1385565,1.1413575620167744,1.1357554379832255,0.004920374205012111,0.0009757142857143178,0.7696044434643825,0.0007898686185199288,0.002946401871624982,0.0006525077815009982,0
2026-07-27 05:00:00+00:00,1.14034,1.14072,1.14022,1.14058,952,1.140628,1.1397629999999999,1.1386414999999999,1.1388179999999999,1.1396522164282163,1.139069200083538,0.0005830163446782777,0.00026043547611183436,0.0003225808685664433,64.86860304287634,1.1386414999999999,1.1415835241869419,1.1356994758130579,0.005167604003440952,0.0009128571428571597,0.7195740116309389,0.00039469183338725067,0.003166282608313198,0.0006451572932108098,0
2026-07-27 06:00:00+00:00,1.14058,1.14179,1.14054,1.14077,2031,1.140508,1.140128,1.138766,1.1387688,1.1398241831315676,1.1391951852625353,0.0006289978690323661,0.00033414795469594076,0.00029484991433642533,72.18934911242728,1.138766,1.141850886076668,1.1356811139233318,0.005417945524661125,0.0009407142857142947,0.9184391797856081,-0.0005256840463653267,0.0032098635148447574,0.0006438563544627153,0
2026-07-27 07:00:00+00:00,1.14076,1.14097,1.1396,1.13963,2467,1.140326,1.1402040000000002,1.138876,1.1387022,1.1397943088036342,1.1392273937616066,0.0005669150420275493,0.0003807013721622625,0.0001862136698652868,69.02404526166768,1.138876,1.1419168821436025,1.1358351178563975,0.0053401461504194335,0.000964285714285735,0.8324549540575681,-0.0007978676767147475,0.0006673281410520815,0.0006096432266347254,0
2026-07-27 08:00:00+00:00,1.13962,1.1403,1.13945,1.14018,1820,1.140298,1.140328,1.139036,1.1386556,1.1398536459107673,1.1392979571866728,0.0005556887240945052,0.0004156988425487111,0.00013998988154579413,71.10817941952466,1.139036,1.141992408917075,1.1360795910829249,0.005191071953959399,0.0009964285714285806,0.8890696331929341,-0.00012277255507231466,0.0010887316276537717,0.0006236141582407688,0
2026-07-27 09:00:00+00:00,1.14017,1.14031,1.1394199999999999,1.13963,1509,1.140158,1.140348,1.1391360000000001,1.1385998,1.1398192388475723,1.139322552950623,0.0004966858969492893,0.0004318962534288267,6.47896435204626e-05,66.2976629766292,1.1391360000000001,1.1420267358379759,1.1362452641620244,0.0050753129353750944,0.001030000000000007,0.7583938588608394,-0.0006138573921585788,0.0001755263596709966,0.0006379918605383212,0
2026-07-27 10:00:00+00:00,1.13961,1.14012,1.13932,1.13951,1742,1.1399439999999998,1.140286,1.1392225,1.1385692,1.1397716636402535,1.1393364379172435,0.00043522572301002427,0.0004325621473450662,2.663575664958056e-06,64.73489519112226,1.1392225,1.1420451219615078,1.1363998780384923,0.004955347987785936,0.0010550000000000123,0.5940074234657278,-0.0009381192025109675,-0.0005437976371116537,0.0006028368401064032,0
2026-07-27 11:00:00+00:00,1.13951,1.13958,1.1385,1.13864,1778,1.139518,1.1400130000000002,1.139233,1.1385162,1.139597561541753,1.1392848499233736,0.0003127116183794243,0.0004085920415519379,-9.588042317251359e-05,48.409405255878625,1.139233,1.142044750531853,1.136421249468147,0.004936216791214805,0.0009650000000000095,0.0,-0.0018671599007688,-0.002391862410962231,0.00048618023341578796,0
2026-07-27 12:00:00+00:00,1.13864,1.13902,1.13761,1.1383,1935,1.139252,1.139789,1.1392595,1.1384733999999999,1.1393979366891756,1.1392118980771977,0.00018603861197785676,0.0003640813556371217,-0.00017804274365926492,45.73333333333354,1.1392595,1.1420227663739448,1.1364962336260553,0.004850986757529343,0.0009821428571428678,0.0,-0.001167045444574022,-0.0019639819734511565,0.0004563719119724871,0
2026-07-27 13:00:00+00:00,1.13832,1.13864,1.13723,1.13741,2555,1.138698,1.1394980000000001,1.139283,1.138433,1.1390921002754564,1.1390784241455534,1.3676129902995271e-05,0.00029400031049029644,-0.00028032418058730117,37.21518987341868,1.139283,1.1419701554125634,1.1365958445874367,0.004717274658822029,0.0010335714285714431,0.0,-0.0024294409654614935,-0.0025519152518590493,0.0004924379832734042,0
2026-07-27 14:00:00+00:00,1.13741,1.13765,1.13687,1.13723,2261,1.138218,1.139188,1.1392954999999998,1.1384082,1.1388056233100015,1.1389415038384754,-0.0001358805284739084,0.00020802414269745545,-0.00034390467117136384,30.35230352303482,1.1392954999999998,1.1419395278286424,1.1366514721713572,0.004641513687436829,0.0009578571428571532,0.0,-0.002105946666900671,-0.002718511308130167,0.00048526357641839445,0
2026-07-27 15:00:00+00:00,1.13721,1.13781,1.1368,1.1374900000000001,2011,1.137814,1.138879,1.139321,1.1384136,1.1386032197238474,1.1388339850356253,-0.00023076531177790294,0.00012026625180238376,-0.0003510315635802867,19.687500000002842,1.139321,1.141879452657514,1.136762547342486,0.0044911884491095596,0.0009385714285714394,0.0,-0.0017726917710243484,-0.0027091479773446725,0.00048632793849965494,0
2026-07-27 16:00:00+00:00,1.1374900000000001,1.13849,1.13734,1.13796,1735,1.137678,1.138598,1.1393630000000001,1.13843,1.1385042628432553,1.1387692454033567,-0.00026498256010132337,4.3216489421642314e-05,-0.0003081990495229657,28.642384105961767,1.1393630000000001,1.141793707932552,1.1369322920674483,0.004266784040822539,0.0009578571428571532,0.17056321362636953,-0.0005972036815851123,-0.002463248507586946,0.000516318105849067,0
2026-07-27 17:00:00+00:00,1.13796,1.13796,1.13684,1.1372200000000001,1562,1.137462,1.138357,1.1392805000000001,1.138429,1.138306683944293,1.1386544864845896,-0.0003478025402965379,-3.498731652199375e-05,-0.0003128152237745442,26.371951219514344,1.1392805000000001,1.1418872885062912,1.136673711493709,0.004576201394285315,0.0009964285714285806,0.12731839606610942,-0.0009487832733022783,-0.0021147214446792795,0.0004694393313000623,0
2026-07-27 18:00:00+00:00,1.1372200000000001,1.13736,1.13669,1.13683,1368,1.1373460000000002,1.138022,1.139175,1.1384064,1.138079501799017,1.1385193393375828,-0.0004398375385656905,-0.00011595736093073312,-0.0003238801776349574,24.783861671470746,1.139175,1.1420013534253444,1.1363486465746557,0.00496210577890898,0.0010207142857142795,0.09707013672118749,-0.0005099304560360896,-0.0029381325755581944,0.00040146494870855527,1
2026-07-27 19:00:00+00:00,1.13685,1.1373199999999999,1.1367,1.13697,949,1.1372940000000002,1.137756,1.139052,1.1384034,1.1379088092145528,1.1384045734607247,-0.0004957642461718148,-0.0001919187379789495,-0.0003038455081928653,23.572474377748193,1.139052,1.1420410579400824,1.1360629420599175,0.005248325695547557,0.001029285714285701,0.07399690569790962,-0.0002286256957695354,-0.002334090889148155,0.00041534247430724763,1
2026-07-27 20:00:00+00:00,1.13697,1.1372,1.13667,1.13674,432,1.137144,1.1374790000000001,1.1388825,1.1383865999999998,1.137728992412314,1.1382812717228932,-0.0005522793105792179,-0.0002639908524990032,-0.00028828845808021464,20.669577874819822,1.1388825,1.1419960484918787,1.1357689515081213,0.00546772558517446,0.0009778571428571256,0.019098889511020834,-0.0006593464557930195,-0.0024308694087809,0.00041314063016905175,1
2026-07-27 21:00:00+00:00,1.13675,1.13715,1.13651,1.13715,781,1.1369820000000002,1.13733,1.1386715,1.1383756,1.1376399166565734,1.1381974738174936,-0.0005575571609202079,-0.0003227041141832442,-0.00023485304673696373,29.804560260588673,1.1386715,1.1416440358659643,1.1356989641340358,0.005221059569795578,0.0009257142857142757,0.19675080871695408,-0.0007118000632710952,-0.0013085786552378131,0.0004087837718731284,1
2026-07-27 22:00:00+00:00,1.13717,1.13719,1.13686,1.13691,480,1.1369200000000002,1.137191,1.13849,1.1383602,1.1375276217863313,1.1381021053865683,-0.0005744836002370413,-0.0003730600113940036,-0.00020142358884303764,21.955403087480633,1.13849,1.1414252163016732,1.1355547836983269,0.005156332162202829,0.0008885714285714132,0.04865683667766218,-0.00027259457272998944,-0.001221119212861277,0.00040571812759108744,1
2026-07-27 23:00:00+00:00,1.13692,1.13702,1.13675,1.1369,409,1.136934,1.13714,1.138319,1.1383458,1.1374310645884342,1.138013060543119,-0.0005819959546846665,-0.00041484720005213624,-0.00016714875463253023,24.196597353499286,1.138319,1.1412033673028263,1.1354346326971738,0.005067766246238994,0.0008442857142856942,0.10009673887593284,6.157472973100653e-05,-0.00044838712513517454,0.0003332087961878857,0
2026-07-28 00:00:00+00:00,1.1368800000000001,1.13741,1.13665,1.13738,1091,1.137016,1.137155,1.1381715000000001,1.138335,1.137423208497906,1.1379661671695547,-0.0005429586716487744,-0.0004404694943714639,-0.00010248917727731055,31.15044247787766,1.1381715000000001,1.1409214456455368,1.1354215543544635,0.0048322166660062305,0.0008414285714285644,0.39910104763993254,0.0003606075797955022,0.0001318994398671336,0.00036067457730280903,0
2026-07-28 01:00:00+00:00,1.1374,1.13769,1.13704,1.1373,1045,1.1371280000000001,1.1371360000000001,1.1380075,1.138329,1.137404253344382,1.1379168214532913,-0.000512568108909317,-0.0004548892172790345,-5.7678891630282545e-05,36.213991769547604,1.1380075,1.140534873298556,1.135480126701444,0.004441751567640833,0.0008107142857142836,0.6345157614263184,0.0004926368386788393,-0.00016703443546772778,0.00035315030176743053,0
2026-07-28 02:00:00+00:00,1.1373,1.13784,1.13711,1.13769,939,1.1372360000000001,1.1371090000000001,1.1378534999999999,1.1383154,1.1374482143683233,1.1379000198641587,-0.00045180549583534457,-0.0004542724729902966,2.4669771549520186e-06,43.78818737270956,1.1378534999999999,1.140021994748545,1.1356850052514547,0.003811553505869062,0.0007621428571428541,0.9999999999958508,0.000474871388998821,-0.00023726668775703175,0.00034423320970508527,0
2026-07-28 03:00:00+00:00,1.13769,1.13799,1.13735,1.13744,958,1.1373419999999999,1.137131,1.137744,1.1382966,1.1374469506193505,1.1378659443186654,-0.0004189936993148624,-0.00044721671825520977,2.8223018940347355e-05,50.35128805620574,1.137744,1.139749858787271,1.1357381412127292,0.0035260283284656063,0.0007071428571428427,0.9999999999967388,0.0004661758626451906,0.00019345421290495324,0.0002776355468382997,0
2026-07-28 04:00:00+00:00,1.13742,1.13743,1.13677,1.13685,865,1.137332,1.137133,1.1375775000000001,1.1382724,1.1373551120625274,1.1377906891839495,-0.0004355771214221704,-0.0004448887988886019,9.311677466431498e-06,45.94017094017103,1.1375775000000001,1.1392584881181687,1.1358965118818316,0.0029553821487652925,0.0006992857142856959,0.8561457211993738,-4.397924179799784e-05,1.759277992308128e-05,0.0003071203208339051,0
2026-07-28 05:00:00+00:00,1.13683,1.13684,1.13614,1.13657,1085,1.13717,1.137093,1.1374245,1.1382398,1.1372343255913693,1.1377002677629162,-0.0004659421715469403,-0.0004490994734202697,-1.6842698126670608e-05,40.212765957447246,1.1374245,1.1388576632296783,1.1359913367703218,0.0025200146993110063,0.0006778571428571269,0.6584252714258212,-0.0007121630413757796,-0.0003518122729710971,0.00031306435766966027,0
2026-07-28 06:00:00+00:00,1.13656,1.13726,1.13646,1.13685,1536,1.13708,1.1371040000000001,1.1372915,1.138219,1.1371751985773124,1.137637284965663,-0.00046208638835065763,-0.0004516968564063473,-1.0389531944310349e-05,37.694013303768195,1.1372915,1.1383560735497866,1.1362269264502132,0.001872120823529815,0.0006528571428571217,0.573566527159457,-0.00039567396465323146,9.676795045465703e-05,0.000318548335284612,0
2026-07-28 07:00:00+00:00,1.13685,1.13733,1.13631,1.13645,1600,1.136832,1.137034,1.137182,1.1381926,1.1370636295654182,1.1375493379311696,-0.00048570836575145826,-0.0004584991582753695,-2.7209207476088762e-05,40.76738609112569,1.137182,1.1381034542286734,1.1362605457713264,0.0016205923566738004,0.0006457142857142653,0.6771108569357959,-0.0010899278362296316,-0.000615574022776344,0.0003109214837460384,1
2026-07-28 08:00:00+00:00,1.13645,1.13724,1.13645,1.13721,1536,1.136786,1.137064,1.1371275,1.138164,1.1370861480938153,1.13752420178812,-0.00043805369430471863,-0.0004544100654812394,1.6356371176520757e-05,54.18502202643205,1.1371275,1.1378848603750178,1.1363701396249823,0.0013320588500721753,0.0006542857142857025,0.9999999999970163,-0.00020220846813889803,0.0002638731297992525,0.0003805837789543027,0
2026-07-28 09:00:00+00:00,1.1372200000000001,1.1373,1.13557,1.13563,1307,1.136542,1.136937,1.1370385,1.1380974,1.1368621253101514,1.1373838905445557,-0.0005217652344042811,-0.00046788109926584784,-5.3884135138433295e-05,38.79598662207319,1.1370385,1.1380362717283328,1.1360407282716674,0.0017550359611089828,0.0007335714285714287,0.5408374916710548,-0.0010731406957822376,-0.0011170727416660586,0.0005884336605662778,1
2026-07-28 10:00:00+00:00,1.13563,1.1362700000000001,1.1353,1.13604,1486,1.136436,1.136803,1.136979,1.1380518,1.136735644493205,1.1372843430968107,-0.0005486986036056241,-0.0004840446001338031,-6.465400347182096e-05,44.318181818180996,1.136979,1.1380665738333164,1.1358914261666835,0.0019130939679914576,0.0007650000000000157,0.693857993573862,-0.00046631531713847707,-0.0011781462659797848,0.0005825567498084179,1
2026-07-28 11:00:00+00:00,1.13604,1.13676,1.13565,1.13649,1589,1.136364,1.136722,1.136929,1.138004,1.136697853032712,1.1372255028674174,-0.0005276498347053238,-0.0004927656470481073,-3.488418765721648e-05,44.67741935483823,1.136929,1.138009582689191,1.1358484173108092,0.0019008798072542219,0.0007985714285714263,0.705004186066444,-0.00031666446760780786,-0.0007122131363755946,0.0006050139419322239,1
2026-07-28 12:00:00+00:00,1.13652,1.13681,1.13606,1.13655,1587,1.136384,1.136608,1.1368585,1.1379694,1.1366751064122946,1.137175465617979,-0.0005003592056844752,-0.0004942843587753809,-6.0748469090942964e-06,47.009966777407676,1.1368585,1.1378348147684678,1.1358821852315322,0.001717566026849996,0.0008285714285714325,0.7607391742862513,8.799331250819442e-05,-0.0010020304300821792,0.0005897184798318453,1
2026-07-28 13:00:00+00:00,1.13656,1.13739,1.13656,1.13719,1969,1.13638,1.1365830000000001,1.136857,1.1379645999999999,1.1367543208104032,1.1371765422388695,-0.0004222214284663739,-0.0004798717727135795,5.765034424720563e-05,52.18045112781872,1.136857,1.1378310658146855,1.1358829341853145,0.0017136118521247786,0.0008692857142857153,0.9129755811483683,-1.7586901276067657e-05,-0.00021979181319464747,0.000623087490233067,1
2026-07-28 14:00:00+00:00,1.13718,1.13862,1.1371,1.1385399999999999,2249,1.136962,1.136752,1.1369425,1.1379958000000001,1.1370290406857257,1.1372775391100642,-0.00024849842433849467,-0.0004335971030385625,0.00018509867870006785,57.71276595744546,1.1369425,1.138173021926394,1.135711978073606,0.002164615935096007,0.0009235714285714204,0.9999999999953486,0.0025624543205093886,0.0014865637507146534,0.0007006174668081203,1
2026-07-28 15:00:00+00:00,1.13856,1.14018,1.13835,1.1400000000000001,3044,1.137754,1.137095,1.137094,1.1380431999999998,1.1374861113494603,1.1374792028796892,6.90846977113857e-06,-0.0003454959884766223,0.00035240445824776087,65.16853932584291,1.137094,1.1389339588098268,1.1352540411901733,0.00323624750429919,0.0010078571428571317,0.9999999999963604,0.0034857927537763622,0.00301785195808435,0.0007683315017068345,0
2026-07-28 16:00:00+00:00,1.14002,1.14051,1.13955,1.13958,1723,1.138372,1.137368,1.137236,1.1380792,1.1378082480649279,1.1376348174811937,0.00017343058373420206,-0.00024171067403445744,0.0004151412577686595,60.58230683090637,1.137236,1.1393749854950819,1.135097014504918,0.003761726669014976,0.0010242857142856998,0.8330732806333041,0.002718897658580355,0.002401372212692987,0.0007972962878503251,0
2026-07-28 17:00:00+00:00,1.13957,1.13978,1.1388099999999999,1.13891,1432,1.138844,1.137614,1.137324,1.1380888,1.1379777483626312,1.13772927544555,0.00024847291708129937,-0.00014367395581130606,0.00039214687289260543,57.8609625668452,1.137324,1.1395891817635353,1.1350588182364647,0.003983353492118861,0.00104785714285714,0.7340235550123865,0.0020764594606486053,0.0021646354877029594,0.0008199477167238268,0
2026-07-28 18:00:00+00:00,1.13892,1.13913,1.13859,1.13867,927,1.13914,1.13776,1.1374119999999999,1.1381068,1.1380842486145342,1.1377989587458794,0.0002852898686547256,-5.78811909180997e-05,0.0003431710595728253,60.11111111111184,1.1374119999999999,1.1397451893691632,1.1350788106308365,0.004102628368899537,0.0010385714285714284,0.8159230040675054,0.001301453582954526,0.001283843793142836,0.0008131948194090093,0
2026-07-28 19:00:00+00:00,1.13867,1.13916,1.13861,1.13871,864,1.1391740000000001,1.138068,1.1375024999999999,1.1381422,1.1381805180584519,1.1378664432832217,0.00031407477523015537,1.6510002311551337e-05,0.000297564772918604,62.214611872145845,1.1375024999999999,1.1398918084224599,1.1351131915775399,0.004200972608781063,0.0010271428571428614,0.8924848621077958,0.00014931403376272634,0.0027121509646630404,0.0006194217925144987,1
2026-07-28 20:00:00+00:00,1.13871,1.1389,1.13848,1.13848,497,1.13887,1.138312,1.1375575,1.1381721999999999,1.1382265922033055,1.1379118919289088,0.00031470027439661763,7.614805672856461e-05,0.00023855221766805302,59.35706084959757,1.1375575,1.1399852680893223,1.1351297319106777,0.00426838746933201,0.0010000000000000167,0.7796391368859563,-0.0013333333333335196,0.0021478116967712513,0.0006357080804530076,1
2026-07-28 21:00:00+00:00,1.13839,1.13904,1.13838,1.139,467,1.138754,1.138563,1.1376425,1.1382126,1.1383455780181815,1.1379924925267673,0.00035308549141421786,0.0001315355436656953,0.00022154994774852257,64.43941109852676,1.1376425,1.140150037059757,1.1351349629402427,0.004408304119716252,0.0009742857142857371,0.9723527625253674,-0.000508959441197665,0.0022085544087497855,0.0006379155051180467,1
2026-07-28 22:00:00+00:00,1.13901,1.13906,1.13836,1.1385,735,1.1386720000000001,1.138758,1.137683,1.1382402,1.1383693352461537,1.1380300856729326,0.00033924957322106764,0.00017307834957676978,0.00016617122364429786,57.52625437572882,1.137683,1.1402197621303651,1.1351462378696349,0.004459523664087682,0.0009678571428571552,0.7102182319615682,-0.0003599933269530231,0.0017157186221461451,0.0006704348590583757,1
2026-07-28 23:00:00+00:00,1.1385,1.13863,1.13821,1.13859,687,1.138656,1.138898,1.1377405,1.1382345999999999,1.1384032836698224,1.138071560808271,0.00033172286155136455,0.00020480725197168876,0.00012691560957967579,70.90395480225916,1.1377405,1.1403060406736512,1.135174959326349,0.004509887225867607,0.0008742857142857322,0.9999999999962387,-7.025740556976245e-05,0.0012311047406325937,0.000656357156446706,1
2026-07-29 00:00:00+00:00,1.13861,1.1391,1.13828,1.13906,1206,1.1387260000000001,1.13895,1.137851,1.138237,1.1385043169513882,1.138144778526177,0.0003595384252113032,0.00023575348661961166,0.00012378493859169153,71.14845938375257,1.137851,1.14044526006097,1.1352567399390299,0.004559929307035943,0.0008635714285714398,0.9999999999962224,0.0003073653520209163,0.00045672527974427446,0.0005547010232429268,1
2026-07-29 01:00:00+00:00,1.13907,1.13922,1.13853,1.13913,1500,1.138856,1.138863,1.137979,1.1382310000000002,1.1386005758819437,1.1382177578946082,0.0003828179873355264,0.00026516638676279464,0.00011765160057273177,69.5266272189338,1.137979,1.1405597212375704,1.1353982787624297,0.004535621900879296,0.0008335714285714335,0.9328113734622457,0.0005709366875132904,-0.000763157894737021,0.00034823195542937186,1
2026-07-29 02:00:00+00:00,1.13912,1.13956,1.13899,1.13944,989,1.138944,1.138849,1.1381085,1.1382172000000002,1.1387297180539524,1.1383082943468597,0.00042142370709274957,0.00029641785082878567,0.0001250058562639639,70.61340941512049,1.1381085,1.1407105257292187,1.1355064742707812,0.004572544233205795,0.0008207142857142857,0.971791979341749,0.00038630377524140336,-0.0001228522789098463,0.0003474375758447582,1
2026-07-29 03:00:00+00:00,1.13944,1.1400299999999999,1.1394199999999999,1.13968,823,1.13918,1.138926,1.1382700000000001,1.1381834,1.1388759152764212,1.1384099021730183,0.0004660131034028847,0.0003303369013436055,0.0001356762020592792,68.83509833585427,1.1382700000000001,1.1408393497028457,1.1357006502971545,0.004514481982035217,0.0008042857142857177,0.8301771962308084,0.00103645147123399,0.0006760850286677833,0.0002869140070013574,0
2026-07-29 04:00:00+00:00,1.13968,1.14035,1.13959,1.14007,1088,1.1394759999999997,1.139066,1.138413,1.138174,1.1390596206185102,1.1385328723824244,0.0005267482360857834,0.0003696191682920411,0.00015712906779374224,63.53982300884893,1.138413,1.1410513735022951,1.1357746264977047,0.004635178098449742,0.0007499999999999967,0.4414533938913599,0.0012998533273609336,0.0012295045974688446,0.00028051849898674033,0
2026-07-29 05:00:00+00:00,1.14006,1.14026,1.13973,1.1398,913,1.139624,1.139175,1.1386215,1.1381636,1.1391735251387394,1.13862673368743,0.0005467914513093142,0.00040505362489549575,0.00014173782641381842,47.757847533630105,1.1386215,1.140977860038777,1.136265139961223,0.004138969866240958,0.0006571428571428641,0.0,0.0006496584903341596,0.0009572235248656025,0.0003023113713938027,0
2026-07-29 06:00:00+00:00,1.13982,1.14005,1.13897,1.13918,1443,1.139634,1.139245,1.1387785000000001,1.1381406,1.1391745212712412,1.13866771637725,0.0005068048939911307,0.0004254038787146228,8.140101527650791e-05,45.708154506438134,1.1387785000000001,1.140806143434014,1.1367508565659863,0.003561084853663549,0.0006657142857143013,0.0,4.389314652408771e-05,0.0006148548942450649,0.00035455664190137256,0
2026-07-29 07:00:00+00:00,1.13918,1.14009,1.13901,1.13975,1545,1.139696,1.13932,1.1389415,1.138124,1.139263056460281,1.1387478855344908,0.0005151709257902315,0.0004433572881297446,7.181363766048691e-05,59.21052631578916,1.1389415,1.1407009290343955,1.1371820709656046,0.003089586312194981,0.0006735714285714321,0.5307472482901828,0.00027206346977459717,0.0006584723441616092,0.00036018163741161833,0
2026-07-29 08:00:00+00:00,1.13975,1.1400299999999999,1.1393,1.13963,1402,1.139686,1.139433,1.1390955,1.1381012000000001,1.1393195093125454,1.1388132273467508,0.0005062819657946083,0.0004559422236627173,5.033974213189098e-05,60.81081081080912,1.1390955,1.1404708081953996,1.1377201918046005,0.002414737298847286,0.0006871428571428544,0.5936507591848449,-4.387196406019367e-05,0.0009925340360121826,0.00032160200684328195,0
2026-07-29 09:00:00+00:00,1.13961,1.13969,1.1391499999999999,1.1391499999999999,1227,1.139502,1.139489,1.1391935,1.1380915999999999,1.1392934309567693,1.1388381734692137,0.0004552574875555937,0.0004558052764412926,-5.477888856988923e-07,54.50819672130916,1.1391935,1.1402362145750213,1.1381507854249786,0.001830618898407275,0.0006864285714285799,0.3459094636355396,-0.0008069679931934637,0.0004918363941364134,0.0003615216826836912,0
2026-07-29 10:00:00+00:00,1.13914,1.13925,1.13831,1.13853,1334,1.139248,1.1394360000000001,1.1391930000000001,1.1380586,1.1391759800403434,1.1388153458048276,0.00036063423551579987,0.0004367710682561941,-7.613683274039425e-05,50.47438330170882,1.1391930000000001,1.1402370427500392,1.138148957249961,0.001832951484145547,0.0007235714285714424,0.18734951559098964,-0.0011142305667659613,-0.00046529594577982003,0.00038075198577296453,0
2026-07-29 11:00:00+00:00,1.13855,1.13882,1.13801,1.13818,1388,1.139048,1.1393410000000002,1.1391019999999998,1.1380296,1.139022752341829,1.1387682831526182,0.0002544691892107931,0.00040031069244711394,-0.00014584150323632085,41.960784313724545,1.1391019999999998,1.1401669358768516,1.138037064123148,0.001869781418787338,0.0007342857142857191,0.0,-0.0008778244000071656,-0.0008339697839578886,0.00038695153198892813,1
2026-07-29 12:00:00+00:00,1.13821,1.13829,1.13744,1.13782,1936,1.138662,1.139179,1.139014,1.1379958,1.1388377135200092,1.138698039956128,0.00013967356388122631,0.00034818326673393644,-0.00020850970285271012,43.14516129032193,1.139014,1.1401969561546876,1.1378310438453123,0.0020771582345566683,0.0007450000000000115,0.040577982787314545,-0.001693353805659159,-0.0014217510355963858,0.0003713095560863648,1
2026-07-29 13:00:00+00:00,1.13784,1.1392,1.13763,1.1391499999999999,2044,1.138566,1.1391259999999999,1.1390259999999999,1.138006,1.1388857575938538,1.1387315184778963,0.0001542391159574663,0.00030939443657864243,-0.00015515532062117612,54.516129032257545,1.1390259999999999,1.1402093831966986,1.1378426168033011,0.002077886188197198,0.0008271428571428675,0.4301591232726414,-0.0004211893333802008,-0.0004650428190370315,0.0005521187295238463,1
2026-07-29 14:00:00+00:00,1.13914,1.13968,1.13806,1.13806,2528,1.1383480000000001,1.138925,1.1389955,1.1380012000000002,1.1387587179640302,1.1386817763684225,7.694159560767133e-05,0.0002629038683844482,-0.00018596227277677688,42.66862170087991,1.1389955,1.1402469997322027,1.1377440002677974,0.0021975499151710804,0.0008842857142857184,0.024704102491412184,-0.0009568537944957267,-0.0017630496373027826,0.0006011781555481174,1
2026-07-29 15:00:00+00:00,1.13805,1.13853,1.13776,1.13825,1946,1.1382919999999999,1.1387699999999998,1.1389725,1.138018,1.1386804536618718,1.1386497929337245,3.066072814728038e-05,0.00021645524033701464,-0.00018579451218973426,43.659942363111796,1.1389725,1.1402624102378882,1.1376825897621117,0.0022650419354080455,0.0008900000000000098,0.05930200263914172,-0.0002459311568426825,-0.0013598876995963849,0.000610152638029638,1
2026-07-29 16:00:00+00:00,1.13828,1.13858,1.13765,1.13847,1341,1.13835,1.138699,1.138972,1.1380428,1.1386480761754298,1.1386364749386337,1.160123679611047e-05,0.0001754844396288338,-0.00016388320283272333,42.91970802919703,1.138972,1.140262721544726,1.1376812784552741,0.0022664675597398026,0.0009157142857142896,0.03568179320518807,0.00025479273928552537,-0.0006232553240049787,0.0005998223299256294,1
2026-07-29 17:00:00+00:00,1.13847,1.13995,1.13841,1.13957,1667,1.1387,1.138681,1.1390005,1.1380843999999999,1.138789910609979,1.1387056249431793,8.428566679974381e-05,0.00015724468506301582,-7.295901826327202e-05,49.28664072632902,1.1390005,1.1403187041215301,1.13768229587847,0.002314668205202813,0.0009821428571428678,0.3394894701322235,0.0015380288622102167,-0.00015792937047609534,0.0006631167009273626,1
2026-07-29 18:00:00+00:00,1.13952,1.14519,1.13895,1.1451500000000001,10836,1.1399000000000001,1.139233,1.1393330000000002,1.1382282,1.1397683859007515,1.1391829860584994,0.0005853998422520323,0.00024287571650081916,0.0003425241257512132,69.68992248062173,1.1393330000000002,1.1423629772451311,1.1363030227548692,0.005318861553436946,0.0013735714285714501,0.9999999999963938,0.005267085107317104,0.004843677333871588,0.0016857939701959395,1
2026-07-29 19:00:00+00:00,1.14516,1.14663,1.14396,1.14479,7440,1.141246,1.1397970000000002,1.139643,1.1383796,1.1405409419160204,1.1395983204245366,0.0009426214914838305,0.0003828248714974215,0.000559796619986409,69.20708237105542,1.139643,1.1435068246664892,1.1357791753335107,0.00678076321530386,0.0015264285714285794,0.9825872659020836,0.005913572219390817,0.0049510600008779715,0.0016797443697438236,1
2026-07-29 20:00:00+00:00,1.14477,1.14707,1.14467,1.14655,2347,1.1429060000000002,1.140599,1.1400175,1.1385740000000002,1.1414654123904788,1.1401132596523487,0.0013521527381301635,0.00057669044482397,0.0007754622933061934,76.07926397735316,1.1400175,1.1449480743234053,1.1350869256765945,0.008649997606888279,0.0016207142857142928,0.999999999997069,0.007291895453547026,0.007044170992420051,0.0016655304930096486,0
2026-07-29 21:00:00+00:00,1.1465,1.14664,1.14553,1.14616,753,1.144444,1.141397,1.1403690000000002,1.1387577999999998,1.1421876566380975,1.1405611663447672,0.001626490293330285,0.000786650414525233,0.0008398398788050519,72.97491039426585,1.1403690000000002,1.1459875178791759,1.1347504821208245,0.009853859372142991,0.001622857142857164,0.9090125464620993,0.006754679526030483,0.00701119330861566,0.0016677688166634613,0
2026-07-29 22:00:00+00:00,1.14617,1.1471,1.14603,1.14709,885,1.145948,1.142324,1.1407515,1.1389648,1.1429418633091595,1.1410447836525623,0.0018970796565971337,0.0010087362629396133,0.0008883433936575204,75.27100271002813,1.1407515,1.1470981436219365,1.1344048563780633,0.011127127375132268,0.0016471428571428787,0.9763101616663095,0.006598980317137126,0.008147158601536253,0.0016290790853176632,0
2026-07-29 23:00:00+00:00,1.14709,1.14747,1.14641,1.14665,959,1.146248,1.143074,1.1411,1.1391547999999998,1.1435123458769811,1.1414599848634837,0.0020523610134974835,0.0012174612130511873,0.0008348998004462961,75.47554347826213,1.1411,1.1479448151719054,1.1342551848280946,0.011996871741136417,0.0016842857142857254,0.9823051758126006,0.001309872069161111,0.006583856384146047,0.0016649659321133878,0
2026-07-30 00:00:00+00:00,1.14663,1.14678,1.14557,1.1458,1864,1.1464500000000002,1.143848,1.1413864999999999,1.1393326000000001,1.143864292665138,1.1417814674661886,0.002082825198949312,0.0013905340102308124,0.0006922911887184994,74.31438127090333,1.1413864999999999,1.1485232404472363,1.1342497595527634,0.01250538787209494,0.0017035714285714234,0.9482719416590508,0.000882257881358095,0.00680104739644638,0.0016429902028242494,0
2026-07-30 01:00:00+00:00,1.14579,1.14608,1.14523,1.1453,1498,1.1461999999999999,1.144553,1.1416615,1.1395005999999999,1.144085170716655,1.1420420995057303,0.0020430712109247295,0.001521041450369596,0.0005220297605551334,73.57615894039827,1.1416615,1.1489628056511296,1.1343601943488706,0.012790666324702231,0.001706428571428569,0.9250806070612413,-0.00109022720334917,0.006193718427410566,0.0016746646454831409,0
2026-07-30 02:00:00+00:00,1.1453,1.14551,1.14512,1.14526,815,1.1460199999999998,1.145232,1.1419655,1.1396582,1.1442659136833235,1.1422804625053058,0.0019854511780177386,0.0016139233958992248,0.0003715277821185138,75.16914749661741,1.1419655,1.1493377251872285,1.1345932748127714,0.012911467443155815,0.001673571428571433,0.972759683178138,-0.0007852306833252554,0.00596414486108543,0.0016826449715480524,0
2026-07-30 03:00:00+00:00,1.1452499999999999,1.1454,1.14477,1.14496,897,1.145594,1.1457709999999999,1.142226,1.1398114000000001,1.1443726961935816,1.142478946764172,0.0018937494294095636,0.001669888602601293,0.0002238608268082705,71.12727272727352,1.142226,1.1496366961105404,1.1348153038894595,0.012975884125454088,0.0016064285714285642,0.8517840151294588,-0.0018568726080777642,0.0047298542432672175,0.0016973853924076169,0
2026-07-30 04:00:00+00:00,1.14496,1.14538,1.1448800000000001,1.14508,676,1.14528,1.1457640000000002,1.1424984999999999,1.1399592,1.1444815121638,1.1426716173742333,0.0018098947895666129,0.001697889839994357,0.00011200494957225586,77.46478873239444,1.1424984999999999,1.1499080735370308,1.1350889264629689,0.012970824096541008,0.0015264285714285636,0.9999999999971052,-0.0013692059477606877,-6.112736322749779e-05,0.0006834592170740658,1
2026-07-30 05:00:00+00:00,1.14508,1.14565,1.14486,1.14499,1187,1.145118,1.1457840000000001,1.1427904999999998,1.1401102,1.1445597410616768,1.1428433494205865,0.0017163916410902758,0.0017015902002135408,1.480144087673491e-05,76.57728706624542,1.1427904999999998,1.1501041252800852,1.1354768747199144,0.012799590616277246,0.0015278571428571444,0.9743088842700458,-0.000706929656135391,0.00017470453096191108,0.0006756579145027314,1
2026-07-30 06:00:00+00:00,1.14497,1.14512,1.14431,1.14468,1889,1.144994,1.145597,1.143098,1.1402668,1.1445782424368034,1.142979397611654,0.0015988448251493814,0.0016810411252007093,-8.219630005132784e-05,74.31480031323314,1.143098,1.1501705640404252,1.1360254359595747,0.012374379170333991,0.001519285714285723,0.8882116589574276,-0.0005413428795949526,-0.001630979896210416,0.0004157060837836647,1
2026-07-30 07:00:00+00:00,1.14467,1.14509,1.1434199999999999,1.14374,2486,1.14469,1.145355,1.1433760000000002,1.1404101999999998,1.1444492820619105,1.1430357385293093,0.001413543532601258,0.001627541606680819,-0.00021399807407956103,66.53449643140337,1.1433760000000002,1.1500611017392264,1.136690898260774,0.011693619140556048,0.0015285714285714347,0.0,-0.0013272095419379903,-0.0021113980596078052,0.00046354446065315975,1
2026-07-30 08:00:00+00:00,1.14374,1.14552,1.1437,1.14481,2170,1.14466,1.145127,1.1437255,1.1405694,1.1445047771293089,1.143167165304916,0.001337611824392848,0.0015695556502232251,-0.00023194382583037704,47.90123456790125,1.1437255,1.1498988637508767,1.1375521362491232,0.010795184248102779,0.0012128571428571583,0.0,-0.00013100894354378667,-0.0019876382847029417,0.0004945923053479425,1
2026-07-30 09:00:00+00:00,1.1448,1.14672,1.14479,1.14643,1814,1.14493,1.1451049999999998,1.1440895,1.140769,1.1448009652632614,1.1434088567638112,0.001392108499450151,0.0015340662200686104,-0.0001419577206184595,58.76068376068418,1.1440895,1.1499788962697108,1.1382001037302891,0.010295341876157164,0.0011600000000000182,0.3673255635071361,0.0011789569287734558,-0.00019186325382625213,0.0007030616866220605,1
2026-07-30 10:00:00+00:00,1.14644,1.1484,1.14611,1.14726,3145,1.145384,1.145251,1.1445494999999999,1.14097,1.1451792782996828,1.1436941266331584,0.0014851516665244091,0.0015242833093597704,-3.9131642835361306e-05,54.21115065243175,1.1445494999999999,1.1498651946370444,1.1392338053629554,0.0092887107758022,0.0011521428571428874,0.21343563934838305,0.0019825500659393924,0.001274218886367695,0.000688330018242369,1
2026-07-30 11:00:00+00:00,1.14724,1.14777,1.14648,1.14757,2001,1.145962,1.1454780000000002,1.1450155,1.1412088,1.1455470816381932,1.1439812283640356,0.0015658532741575915,0.0015325973023193348,3.325597183825662e-05,58.443113772454474,1.1450155,1.1495880840903985,1.1404429159096015,0.007986938325985128,0.001165000000000019,0.35658362136913546,0.0025247230667087006,0.0019820134462587014,0.0006596783187745278,1
2026-07-30 12:00:00+00:00,1.14756,1.14832,1.14691,1.1472,3335,1.1466539999999998,1.145672,1.145452,1.141432,1.1458013767707789,1.1442196558926254,0.0015817208781534475,0.0015424220174861576,3.9298860667289935e-05,50.70603337612357,1.145452,1.1489292439177823,1.1419747560822175,0.0060713917611255105,0.001189285714285734,0.09487353220816366,0.0030251630615349967,0.001693938494315761,0.0006770051716976109,1
2026-07-30 13:00:00+00:00,1.14723,1.15236,1.14692,1.15234,7118,1.14816,1.14641,1.1460905000000001,1.141749,1.1468073188060437,1.144821162863542,0.0019861559425016218,0.0016311688024892507,0.000354987140012371,72.77822257806214,1.1460905000000001,1.1497070204272315,1.1424739795727687,0.00631105558807332,0.0015021428571428805,0.8414748738145577,0.006577510678627663,0.006445640022358701,0.0015009104937489999,1
2026-07-30 14:00:00+00:00,1.15235,1.15366,1.15024,1.15027,9324,1.148928,1.1469289999999999,1.1463465,1.1420234,1.1473400389897292,1.1452247804292055,0.0021152585605237473,0.00172798675409615,0.00038727180642759724,66.30196936542647,1.1463465,1.150383154555517,1.1423098454444829,0.007042642962694176,0.0016600000000000265,0.6224128092001494,0.0033495285364129046,0.0045324344150625695,0.001685777666131816,1
2026-07-30 15:00:00+00:00,1.1503,1.15247,1.14983,1.15206,3386,1.149888,1.147636,1.14671,1.1423208,1.1480661868374633,1.145731092990005,0.002335093847458225,0.001849408172768565,0.00048568567468966007,72.53333333333315,1.14671,1.1514111308830446,1.1420088691169552,0.008199337030364592,0.0017878571428571824,0.8331913892454971,0.004183881596151018,0.006174726416824816,0.0017075576411304599,1
2026-07-30 16:00:00+00:00,1.15207,1.15303,1.15207,1.15282,2422,1.150938,1.14845,1.1470235,1.1426064,1.1487975427086228,1.1462561972129677,0.0025413454956551007,0.0019877956373458724,0.0005535498583092283,74.04580152671733,1.1470235,1.1524586459575166,1.1415883540424834,0.009476956588102329,0.0018292857142857397,0.8843512797296929,0.004574884320782235,0.007111157703463045,0.0016789150638031678,0
2026-07-30 17:00:00+00:00,1.15284,1.15307,1.15136,1.15295,3099,1.152088,1.149371,1.147363,1.1428654,1.1494363822919116,1.1467520344564517,0.0026843478354598993,0.0021271060769686777,0.0005572417584912216,75.6913183279738,1.147363,1.1533873614206709,1.141338638579329,0.010501230073953887,0.0019064285714286105,0.9400115968923441,0.005012203626220346,0.008052529421022303,0.0016087780125837077,0
2026-07-30 18:00:00+00:00,1.15294,1.1535199999999999,1.15271,1.1535199999999999,1712,1.152324,1.150242,1.1476845,1.1431442,1.150064631170079,1.1472533652374552,0.0028112659326238187,0.002263938048099706,0.0005473278845241126,76.37499999999929,1.1476845,1.1543043790735115,1.1410646209264885,0.011536060778918718,0.00192857142857147,0.9929457840699273,0.0010240033323498654,0.00760824940383098,0.0016108028379956637,0
2026-07-30 19:00:00+00:00,1.15351,1.15353,1.15276,1.15308,1456,1.152886,1.150907,1.148006,1.1434275999999999,1.15052853406699,1.1476849678124585,0.0028435662545314155,0.002379863689386048,0.00046370256514536743,74.74006116208051,1.148006,1.1550267553949936,1.1409852446050066,0.012231217249724254,0.0019271428571428892,0.9425808700323844,0.0024429047093292855,0.005800615824777866,0.0016296221660131384,0
2026-07-30 20:00:00+00:00,1.15311,1.15324,1.15262,1.15275,868,1.1530239999999998,1.151456,1.1483535,1.1437092,1.1508702980566838,1.148060155381906,0.002810142674777749,0.0024659194864643883,0.00034422318831336084,74.6487477092246,1.1483535,1.1555989160463527,1.1411080839536474,0.012618790374832572,0.001913571428571467,0.9393739372130019,0.0005989271392112805,0.00478531457559761,0.0016508586827809132,0
2026-07-30 21:00:00+00:00,1.15274,1.15275,1.15231,1.1525,342,1.15296,1.151949,1.1487135,1.143985,1.1511210214325787,1.1483890327610242,0.0027319886715544417,0.002519133323482399,0.00021285534807204262,77.93367346938862,1.1487135,1.156035188833114,1.141391811166886,0.012747632604847101,0.0018257142857143194,0.9999999999966703,-0.0002775801946529599,0.004296034228848944,0.001664821145153812,0
2026-07-30 22:00:00+00:00,1.1525,1.1531,1.1525,1.15283,894,1.152936,1.152512,1.149092,1.144272,1.1513839412121818,1.1487179932972447,0.002665947914937128,0.002548496241773345,0.00011745167316378272,76.84069611780515,1.149092,1.1564445866555133,1.1417394133444867,0.0127972114600281,0.0017385714285714465,0.9598578008253528,-0.00010408083611601615,0.004907601115760052,0.0016452654579578662,0
2026-07-30 23:00:00+00:00,1.15284,1.15308,1.15221,1.15226,1039,1.152684,1.152504,1.149457,1.1445372,1.1515187194872307,1.1489803641641154,0.0025383553231153044,0.0025464680580417373,-8.112734926432868e-06,70.9863210943132,1.149457,1.1566693551887666,1.1422446448112333,0.012549151797355825,0.0016628571428571723,0.7448419197788506,-0.0010923087592757952,-6.942395473541474e-05,0.0008782085197208538,0
2026-07-31 00:00:00+00:00,1.15227,1.15263,1.15152,1.15176,2091,1.15242,1.152653,1.149791,1.1448023999999999,1.1515558395661183,1.1491862631149217,0.00236957645119662,0.002511089736672714,-0.00014151328547609395,66.59292035398236,1.149791,1.15676464029384,1.14281735970616,0.012130274621805296,0.001578571428571445,0.583483802613146,-0.0011447601207202895,0.0012953480487190028,0.0006442089321648346,0
2026-07-31 01:00:00+00:00,1.15177,1.15213,1.1509800000000001,1.1509800000000001,1939,1.152066,1.152545,1.1500905,1.1450502,1.1514672488636386,1.1493191325138163,0.00214811634982226,0.0024384950593026233,-0.00029037870948036334,62.152530292231816,1.1500905,1.1567010258171677,1.143479974182832,0.011495661979936034,0.001568571428571443,0.42039989058389154,-0.0015354586857513342,-0.0009374511744180136,0.0004536708788437417,1
2026-07-31 02:00:00+00:00,1.15101,1.1516,1.151,1.15118,1361,1.151802,1.152381,1.1504155,1.1452925999999999,1.151423056730771,1.14945697454983,0.0019660821809410756,0.002344012483630314,-0.00037793030268923854,64.35786435786517,1.1504155,1.156526258330102,1.1443047416698982,0.010623567450372294,0.0015121428571428666,0.1397448867209821,-0.0011453362255965382,-0.0014225984975970718,0.0003848080660335059,1
2026-07-31 03:00:00+00:00,1.15118,1.1513200000000001,1.15061,1.15131,1460,1.1514980000000001,1.152217,1.1507939999999999,1.1455362,1.1514056633875753,1.1495942356942872,0.0018114276932881257,0.0022374955255618765,-0.0004260678322737508,44.18079096045246,1.1507939999999999,1.1560404339769184,1.1455475660230814,0.009117937662028975,0.0011742857142857308,0.0,-0.001318494487478561,-0.0014224380935858871,0.0003848199002568058,1
2026-07-31 04:00:00+00:00,1.1513,1.1514,1.15042,1.15077,1161,1.1512,1.151942,1.1510919999999998,1.1457628,1.1513078690202563,1.1496813293465622,0.001626539673694083,0.0021153043551883177,-0.0004887646814942348,53.41530054644944,1.1510919999999998,1.155520622691971,1.1466633773080286,0.007694645939631578,0.0010000000000000167,0.27359173201058473,-0.00129311092982487,-0.0023840072127052636,0.00032342062036053306,0
2026-07-31 05:00:00+00:00,1.1508,1.15095,1.15044,1.15061,1296,1.1509700000000003,1.1516950000000001,1.151301,1.1459814,1.1512005045556015,1.1497501197653355,0.001450384790266046,0.0019823204422038635,-0.0005319356519378174,37.25834797890779,1.151301,1.1551613185034189,1.147440681496581,0.0067060108580101075,0.0008478571428571462,0.0,-0.000998471903868814,-0.0021420890137719972,0.0003205977041945125,0
2026-07-31 06:00:00+00:00,1.15063,1.1522000000000001,1.15052,1.15168,2693,1.15111,1.1515879999999998,1.1515220000000002,1.1462136,1.151274273085509,1.149893073856792,0.001381199228716934,0.0018620961995064775,-0.00048089697078954356,40.50000000000034,1.1515220000000002,1.154881884709871,1.1481621152901293,0.0058355545267407966,0.000898571428571447,0.0796957856389672,0.0006081773792767642,-0.0009282151377141279,0.00048090628211446164,0
2026-07-31 07:00:00+00:00,1.1517,1.15246,1.15113,1.1514199999999999,2491,1.1511580000000001,1.1514799999999998,1.1517145,1.146446,1.1512966926108152,1.1500061794970298,0.0012905131137854742,0.001747779582362277,-0.0004572664685768028,37.52039151712855,1.1517145,1.1545157363812466,1.1489132636187533,0.004864463165561657,0.0008714285714285865,0.0064423218513995715,0.00020848173178800167,-0.0009370932754881878,0.0004811691923214997,0
2026-07-31 08:00:00+00:00,1.1514199999999999,1.15258,1.15039,1.15216,2915,1.1513280000000001,1.151413,1.1519625000000002,1.1467056,1.1514295091322284,1.150165721756509,0.0012637873757193052,0.0016509811410336825,-0.0003871937653143773,39.20634920635108,1.1519625000000002,1.15378981180194,1.1501351881980604,0.0031725195949344628,0.0009700000000000106,0.047891472384022665,0.0007382894268268547,-0.0005811784911912143,0.0005237485247490128,0
2026-07-31 09:00:00+00:00,1.15215,1.15247,1.15029,1.1505,3365,1.1512740000000001,1.151237,1.1518704999999998,1.1469206,1.1512865077272703,1.1501904831078786,0.0010960246193916223,0.0015399898367052705,-0.00044396521731364814,32.84574468085184,1.1518704999999998,1.1538001956401502,1.1499408043598494,0.003350542687134434,0.0010707142857143057,0.0,-0.0002346255116139062,-0.001527433044625326,0.0006750162089148316,0
2026-07-31 10:00:00+00:00,1.15051,1.1508,1.15009,1.15016,1803,1.151184,1.1510770000000001,1.1518650000000001,1.1471312,1.1511131988461518,1.1501882250998876,0.0009249737462642127,0.0014169866186170591,-0.0004920128723528464,32.8021248339988,1.1518650000000001,1.1538144290663344,1.149915570933666,0.003384822121228127,0.0010771428571428718,0.0,-0.0003910968964286887,-0.0013891783010347991,0.0006700082089901754,1
2026-07-31 11:00:00+00:00,1.15016,1.15018,1.14843,1.1485,2190,1.1505480000000001,1.150829,1.1516870000000001,1.1473182,1.1507111682544362,1.1500631713887848,0.0006479968656514234,0.0012631886680239321,-0.0006151918023725087,27.62863534675712,1.1516870000000001,1.1541451901773114,1.1492288098226888,0.004268851132836098,0.0011707142857142947,0.0,-0.002761183662128297,-0.002154685572294923,0.0007741139547936776,1
2026-07-31 12:00:00+00:00,1.1485,1.14907,1.14813,1.14882,1990,1.150028,1.150593,1.151487,1.147524,1.1504202192922153,1.1499710846192452,0.00044913467297003073,0.0011003778690131518,-0.0006512431960431211,27.547592385218792,1.151487,1.1541952260654382,1.1487787739345616,0.004703876058415426,0.0011950000000000096,0.0,-0.002258081325667405,-0.002050070362584644,0.0007806538921878594,1
2026-07-31 13:00:00+00:00,1.14882,1.15034,1.1454900000000001,1.14668,7682,1.1489319999999998,1.15013,1.1511735,1.147694,1.1498448009395668,1.1497273005733752,0.00011750036619151416,0.0009038023684488243,-0.0007863020022573101,23.42857142857177,1.1511735,1.1545402118114754,1.1478067881885248,0.005849182267443262,0.0014792857142856988,0.0,-0.00475628384946547,-0.004021505936715686,0.0009274762489136295,1
2026-07-31 14:00:00+00:00,1.14667,1.15061,1.14622,1.15042,5874,1.1489160000000003,1.1500949999999999,1.1510185000000002,1.1479460000000001,1.1499332931027104,1.1497786116420141,0.00015468146069630428,0.0007539781868983203,-0.000599296726202016,45.12372634643425,1.1510185000000002,1.1542112963326105,1.1478257036673898,0.005547775874341517,0.0017135714285714096,0.5300642489790507,-6.953498478934339e-05,-0.00030414418172186597,0.0014821618087837943,1
2026-07-31 15:00:00+00:00,1.15044,1.15186,1.14968,1.15177,4213,1.149238,1.150211,1.150953,1.1481984,1.1502158633946011,1.149926121890754,0.0002897415038471962,0.0006611308502880955,-0.00037138934644089926,52.76030747728798,1.150953,1.154018956363279,1.1478870436367208,0.005327682995359689,0.0017871428571428444,0.7166440939821759,0.001399805244487684,0.0010081608885721405,0.0015287595880022213,1
2026-07-31 16:00:00+00:00,1.15178,1.1519,1.1512,1.1516899999999999,2318,1.149876,1.1502120000000002,1.1509,1.148471,1.1504426536415857,1.150056779528476,0.00038587411310975206,0.0006060795028524268,-0.00022020538974267478,51.79704016913237,1.1509,1.1538703163043436,1.1479296836956565,0.00516172787269706,0.0017928571428571358,0.9460341149229616,0.00277753591641261,8.682967490791782e-06,0.0015010228602058914,1
2026-07-31 17:00:00+00:00,1.1516899999999999,1.15372,1.15166,1.1533,3692,1.150772,1.1504,1.15094,1.1487720000000001,1.150882245389034,1.150297018081922,0.0005852273071118574,0.000601909063704313,-1.6681756592455514e-05,56.34971282705757,1.15094,1.1540205399390804,1.1478594600609198,0.00535308519832538,0.0018892857142857045,0.9999999999969624,0.0038996535575634983,0.0016327664970212652,0.0015603119938402197,1
2026-07-31 18:00:00+00:00,1.15332,1.1536,1.15241,1.15304,2232,1.152044,1.150488,1.1509505,1.1490634,1.1512142076368748,1.1505002019277057,0.0007140057091690188,0.0006243283927972542,8.967731637176464e-05,57.37491877842721,1.1509505,1.1540594647964784,1.1478415352035216,0.005402430072324353,0.0019042857142857075,0.9999999999970541,0.00554644713433583,0.000763782807943425,0.0015548761673484577,1
2026-07-31 19:00:00+00:00,1.15305,1.15359,1.15269,1.15312,1663,1.1525839999999998,1.15075,1.1509935,1.1493344,1.1515074064619708,1.150694261044172,0.0008131454177988662,0.0006620917977975767,0.00015105362000128952,58.19725669497044,1.1509935,1.1542009536548243,1.1477860463451757,0.005573365366223758,0.0019321428571428426,0.9999999999971237,0.0023469689330852805,0.002277270751846805,0.0014615745677893383,1
2026-07-31 20:00:00+00:00,1.15313,1.15472,1.15237,1.15292,4424,1.152814,1.1510259999999999,1.1510515,1.1494898,1.1517247285447445,1.1508591305964555,0.0008655979482889986,0.0007027930278958611,0.00016280492039313747,54.29362880886388,1.1510515,1.1543577446498539,1.147745255350146,0.005744738006690339,0.0019799999999999818,0.8877257550498207,0.0009984632348472022,0.0023996661334073632,0.0014572149846694092,1
2026-08-02 21:00:00+00:00,1.1547399999999999,1.15482,1.15441,1.15467,414,1.15341,1.151643,1.151236,1.1496874,1.1521778472301685,1.1511414172189403,0.0010364300112282177,0.0007695204245623325,0.0002669095866658851,60.20087884494712,1.151236,1.1549161338649063,1.1475558661350935,0.006393361334958946,0.0020207142857142646,0.9999999999972805,0.0025875018451146925,0.005372224640835865,0.0013755836630082703,0
2026-08-02 22:00:00+00:00,1.15493,1.15577,1.15458,1.15481,2072,1.153712,1.1522419999999998,1.1514175,1.1498526,1.1525827938101425,1.1514131640916114,0.0011696297185310733,0.0008495422833560809,0.00032008743517499244,58.64318330071705,1.1514175,1.1554291298040422,1.1474058701959577,0.006968158472564883,0.001949285714285701,0.9576394397368665,0.0013092863955603828,0.005214045716474214,0.0013797592433030437,0
2026-08-02 23:00:00+00:00,1.15478,1.1550799999999999,1.15418,1.15434,1568,1.153972,1.153008,1.1515689999999998,1.1500162,1.1528531332239667,1.151629966751492,0.0012231664724746683,0.0009242671211797984,0.00029889935129486986,63.5785007072132,1.1515689999999998,1.1557870808807151,1.1473509191192846,0.00732579789958794,0.0018578571428571175,0.9999999999975093,0.0011274543814610016,0.006680154881919975,0.0011595175506885847,0
2026-08-03 00:00:00+00:00,1.15436,1.1556,1.15349,1.15423,4401,1.154194,1.153389,1.151742,1.150159,1.1530649588818178,1.151822561806937,0.001242397074880719,0.0009878931119199825,0.00025450396296073643,64.62976276060432,1.151742,1.1561034801930248,1.1473805198069753,0.007573710419563992,0.0019578571428571223,0.9999999999975728,0.0009626057999168047,0.0033118339389093254,0.0007318244850574094,0
2026-08-03 01:00:00+00:00,1.15425,1.15457,1.15298,1.15321,2691,1.154252,1.153533,1.151872,1.1502902,1.1530872729,1.1519253350064231,0.00116193789357677,0.00102270206825134,0.00013923582532542988,67.74679728711419,1.151872,1.1562463876564475,1.1474976123435525,0.007595266933213911,0.0019464285714285712,0.9999999999977436,0.00025153523227983143,0.001250249615808885,0.0007573601833463023,0
2026-08-03 02:00:00+00:00,1.1532,1.1535199999999999,1.15283,1.15307,1413,1.153932,1.153671,1.1519415,1.1504356,1.1530846155307692,1.1520101250059473,0.0010744905248218917,0.0010330597595654503,4.14307652564414e-05,66.23376623376677,1.1519415,1.1563471006222266,1.1475358993777733,0.0076490006171782395,0.0019285714285714223,0.9658598460535539,-0.0013856772930794792,0.0011982391094826905,0.0007590199364468402,0
2026-08-03 03:00:00+00:00,1.15307,1.15308,1.15267,1.15296,1131,1.1535620000000002,1.153637,1.1520185,1.1505888,1.153065443910651,1.152080486116618,0.000984957794032848,0.0010234393664589297,-3.848157242608173e-05,78.3905967450278,1.1520185,1.1564395276252943,1.1475974723747058,0.007675271925397522,0.0016114285714285811,0.999999999996994,-0.0016019951333985372,-0.00029480620827193604,0.0006123996667391018,0
2026-08-03 04:00:00+00:00,1.15296,1.15359,1.15286,1.15338,1089,1.15337,1.1536710000000001,1.1520795,1.1507512,1.1531138371551664,1.152176746404276,0.0009370907508903237,0.0010061696433452086,-6.907889245488493e-05,69.1214470284246,1.1520795,1.156542217958756,1.147616782041244,0.0077472395937189555,0.0013500000000000098,0.6514512945940458,-0.0008316440563437277,0.0002948726843821081,0.0006197648342211775,0
2026-08-03 05:00:00+00:00,1.15339,1.15375,1.15313,1.15369,1086,1.153262,1.153728,1.1522390000000002,1.1509258,1.1532024775928331,1.1522888392632187,0.0009136383296144412,0.000987663380599055,-7.40250509846138e-05,64.32835820895644,1.1522390000000002,1.1566920387023543,1.1477859612976462,0.007729366394218609,0.001238571428571438,0.47121632655691553,-0.00046784436377500516,0.0004943110864439326,0.0006243752524554502,0
2026-08-03 06:00:00+00:00,1.15368,1.15387,1.15235,1.15265,2107,1.1531500000000001,1.153701,1.1523635,1.1510772,1.1531174810400895,1.1523155919103876,0.000801889129701916,0.0009505085304196272,-0.0001486194007177113,56.26631853785947,1.1523635,1.1567097519848992,1.148017248015101,0.007543196196164022,0.0012971428571428697,0.08186464513765056,-0.0004856010613852879,-0.0002341879748811726,0.0006920462023847582,1
2026-08-03 07:00:00+00:00,1.1526399999999999,1.1532,1.15205,1.15259,2553,1.153054,1.1534929999999999,1.152568,1.1512292,1.153036330110845,1.152335918435544,0.0007004116753011047,0.0009004891593959228,-0.00020007748409481805,44.18985270049094,1.152568,1.1565154260768282,1.1486205739231719,0.006849792943805808,0.0012321428571428563,0.0,-0.0004162800176918946,-0.0018013804810033118,0.0004333015242615597,1
2026-08-03 08:00:00+00:00,1.15261,1.15275,1.15207,1.15224,1869,1.15291,1.1532360000000001,1.152739,1.1513804,1.1529138177860996,1.1523288133662444,0.0005850044198552062,0.0008373922114877795,-0.00025238779163257326,43.54838709677309,1.152739,1.156277973386735,1.149200026613265,0.00614011217931385,0.0011957142857142841,0.0,-0.0006244796003330721,-0.0022254743204509486,0.00042111893486191314,1
2026-08-03 09:00:00+00:00,1.15222,1.153,1.15196,1.15219,1910,1.1526720000000001,1.153021,1.1530144999999998,1.1515494000000002,1.1528024612036227,1.1523185308946706,0.0004839303089521074,0.0007666998309806451,-0.0002827695220285377,42.46353322528465,1.1530144999999998,1.155145103818642,1.1508838961813577,0.003695710363819645,0.001205714285714286,0.0,-0.0010317501603981372,-0.001862536167853368,0.000419130043878914,0
2026-08-03 10:00:00+00:00,1.15219,1.15245,1.15167,1.15218,1809,1.15237,1.152816,1.1531025,1.1516968,1.1527066979415268,1.1523082693469173,0.000398428594609479,0.000693045583706412,-0.000294616989096933,43.812709030100734,1.1531025,1.1549014807056717,1.1513035192943282,0.003120244220564519,0.001093571428571424,0.037553188951023254,-0.0013088437968605815,-0.0017760758254421471,0.0004221047676645163,0
2026-08-03 11:00:00+00:00,1.15219,1.1532499999999999,1.1520299999999999,1.15322,1601,1.1524839999999998,1.152817,1.1531749999999998,1.1518326,1.1527856674889843,1.1523758049508492,0.0004098625381350196,0.0006364089745921335,-0.00022654643645711394,36.24288425047244,1.1531749999999998,1.1548612103260232,1.1514887896739765,0.00292446562928149,0.0010449999999999943,0.0,0.0004945126447750692,8.671447524699616e-06,0.0004658354286335279,0
2026-08-03 12:00:00+00:00,1.15322,1.15348,1.15224,1.15278,2127,1.1525219999999998,1.152788,1.1532295000000001,1.151943,1.152784795567602,1.1524057453248604,0.000379050242741652,0.0005849372282220373,-0.0002058869854803853,31.77737881508125,1.1532295000000001,1.1547784959397887,1.1516805040602116,0.0026863619770193564,0.0010485714285714304,0.0,0.0001648461291525738,-0.00025150251068895013,0.00048046199202895346,0
2026-08-03 13:00:00+00:00,1.15279,1.15349,1.15215,1.15273,3007,1.15262,1.152765,1.153201,1.1520462,1.1527763654802787,1.1524297641896855,0.0003466012905932736,0.0005372700406962846,-0.00019066875010301102,34.36893203883599,1.153201,1.1547654323000633,1.1516365676999365,0.002713199693832078,0.0010800000000000015,0.05559696023655656,0.00042525862667508463,-0.0001994865389952638,0.0004798969537942039,0
2026-08-03 14:00:00+00:00,1.15265,1.15272,1.15099,1.15138,3437,1.152458,1.1525649999999998,1.1531179999999999,1.1521298,1.1525615400217744,1.1523520038793384,0.00020953614243590657,0.000471723261044209,-0.0002621871186083024,27.69953051643219,1.1531179999999999,1.1548818307593982,1.1513541692406015,0.0030592372322665053,0.0010535714285714315,0.0,-0.0007030090523264532,-0.001734033883022068,0.0005787790744657314,0
2026-08-03 15:00:00+00:00,1.15136,1.1514,1.15,1.15092,2942,1.152206,1.152288,1.153008,1.1521014,1.1523089954030399,1.152245929517906,6.30658851339394e-05,0.0003899917858621551,-0.0003269259007282157,30.360205831903627,1.153008,1.155027219234314,1.150988780765686,0.003502524239752073,0.0010399999999999934,0.05248805190775924,-0.0010935791282612461,-0.002400991600863489,0.0005603404244842686,0
2026-08-03 16:00:00+00:00,1.15094,1.15103,1.15039,1.15067,1804,1.151696,1.15209,1.1528955,1.1521094,1.1520568422641106,1.1521291939980611,-7.2351733950482e-05,0.0002975230818996277,-0.0003698748158501097,29.797979797980346,1.1528955,1.1551699482269946,1.1506210517730056,0.003945627729476815,0.0010364285714285731,0.04139682665345572,-0.0022111999445030284,-0.0017177807660606614,0.0005101533681936289,1
2026-08-03 17:00:00+00:00,1.15067,1.15068,1.15011,1.15018,1232,1.151176,1.151849,1.152671,1.1520717999999999,1.1517680973004012,1.151984809257464,-0.00021671195706285395,0.00019467607410713137,-0.0004113880311699853,28.006329113924366,1.152671,1.155089759142601,1.150252240857399,0.004196790138037714,0.00104785714285714,0.007406673165463285,-0.002255417338954513,-0.0020909430066199386,0.000514083631536055,1
2026-08-03 18:00:00+00:00,1.15018,1.15144,1.15013,1.1513200000000001,1316,1.150894,1.151757,1.1524965,1.1520418,1.1516991592541856,1.1519355641272815,-0.00023640487309584124,0.00010845988466653684,-0.0003448647577623781,35.369318181818855,1.1524965,1.15476436498262,1.15022863501738,0.003935569405408162,0.0010892857142857132,0.20939211404057811,-0.0012231832259070874,-0.0007984447684508122,0.0006361976419099211,0
2026-08-03 19:00:00+00:00,1.15133,1.15145,1.15093,1.15101,976,1.15082,1.151639,1.15233,1.1520029999999999,1.1515931347535417,1.151867003821557,-0.00027386906801529776,3.1994094130169905e-05,-0.00030586316214546765,30.965909090909406,1.15233,1.1545154543067213,1.1501445456932788,0.0037931049382056094,0.0010821428571428568,0.11434182141918607,-0.0003213535062273065,-0.0010241366441298139,0.0006387699121685869,0
2026-08-03 20:00:00+00:00,1.15103,1.15107,1.1506,1.15061,694,1.1507580000000002,1.1514820000000001,1.152149,1.1519447999999999,1.151441883252997,1.1517738924273677,-0.00033200917437081756,-4.080655957002761e-05,-0.00029120261480078993,34.06250000000013,1.152149,1.1542705773676138,1.1500274226323863,0.003682817704331225,0.0010071428571428573,0.3858608347677074,-0.00026934973760128766,-0.0013626343106112326,0.0006422309576927084,1
2026-08-03 21:00:00+00:00,1.15062,1.15102,1.15061,1.15102,522,1.1508280000000002,1.151262,1.1520395,1.1519036,1.1513769781371512,1.1517180485438592,-0.000341070406707944,-0.00010085932899761091,-0.00024021107771033306,38.37037037037028,1.1520395,1.1541565632589896,1.1499224367410106,0.003675331026391936,0.0009542857142857171,0.6622430108882595,0.00030417061364240716,-0.0019077019129046802,0.0005623116406153989,0
2026-08-03 22:00:00+00:00,1.15109,1.15109,1.15065,1.15085,521,1.150962,1.1510690000000001,1.1519285,1.1518656,1.1512959045775895,1.1516537486517215,-0.0003578440741320854,-0.00015225627802450584,-0.00020558779610757957,39.42161339421642,1.1519285,1.1540508549483477,1.1498061450516521,0.0036848727127556653,0.0009371428571428586,0.7274842060346961,0.0005825175189970722,-0.0016742136400700325,0.0005583461100155034,0
2026-08-03 23:00:00+00:00,1.15086,1.15101,1.15059,1.15067,579,1.1508319999999999,1.150863,1.1518140000000001,1.151829,1.1511996115656526,1.1515808783812236,-0.00038126681557093534,-0.00019805838553379177,-0.00018320843003714356,38.65671641791096,1.1518140000000001,1.1539490942295096,1.1496789057704906,0.0037073593991903664,0.0008928571428571555,0.6800139334468346,-0.0005645693638606231,-0.0017870620179920582,0.0005566978412006499,1
2026-08-04 00:00:00+00:00,1.15067,1.15148,1.15043,1.15051,1580,1.1507319999999999,1.150776,1.1516705,1.1517826,1.151093517478629,1.1515015540566884,-0.00040803657805943416,-0.00024005402403892028,-0.00016798255402051388,37.81021897810219,1.1516705,1.1537474256126465,1.1495935743873535,0.003606805267038613,0.0009121428571428693,0.8625334394065403,-0.00043440109121573034,-0.0007556150011291951,0.00043453216471476516,1
2026-08-04 01:00:00+00:00,1.15049,1.15144,1.15019,1.15121,1486,1.150852,1.1508049999999999,1.1515464999999998,1.1517616,1.1511114378665321,1.1514799574598966,-0.00036851959336448026,-0.0002657471379040323,-0.00010277245546044795,34.56221198156911,1.1515464999999998,1.1533998528651002,1.1496931471348995,0.0032188936618718486,0.0009142857142857246,0.5854489800685995,0.000521462528571881,0.00025197233517548767,0.00046673071066789606,0
2026-08-04 02:00:00+00:00,1.15122,1.15137,1.15075,1.1508,1128,1.150808,1.150818,1.151454,1.1517424,1.1510635243486043,1.151429590240645,-0.0003660658920408011,-0.00028581088873138607,-8.025500330941502e-05,34.72222222222436,1.151454,1.1532595050322625,1.1496484949677375,0.0031360437017241,0.0008700000000000056,0.5990993050425971,-0.0001911348195512419,0.00011297765649564973,0.0004767124471941116,1
2026-08-04 03:00:00+00:00,1.15079,1.15139,1.15072,1.1508,1140,1.150798,1.1508800000000001,1.1513645000000001,1.1517388,1.1510229821411269,1.1513829539265232,-0.00035997178539637353,-0.00030064306806438357,-5.932871733198996e-05,34.99222395023479,1.1513645000000001,1.1531093447376115,1.1496196552623887,0.0030309163390244945,0.0008221428571428665,0.6221329016161066,-4.3446148498826886e-05,0.0005390460623555526,0.0004516773153298005,0
2026-08-04 04:00:00+00:00,1.1508,1.1510799999999999,1.15055,1.15101,849,1.1508660000000002,1.150849,1.151303,1.1517354,1.151020984888646,1.1513553277097437,-0.00033434282109778835,-0.0003073830186710645,-2.695980242672382e-05,46.50283553875298,1.151303,1.1530040721078973,1.1496019278921026,0.0029550380879705576,0.000735714285714284,0.9999999999945937,0.00029548002468127166,-0.0002692561581489894,0.000317796089096614,0
2026-08-04 05:00:00+00:00,1.15101,1.15102,1.15036,1.1507100000000001,1074,1.1509060000000002,1.1508189999999998,1.151229,1.1517234,1.1509731410596236,1.15130752565717,-0.00033438459754653316,-0.0003127833344461583,-2.1601263100374873e-05,47.95321637427096,1.151229,1.1528960288730663,1.1495619711269338,0.002896085614706101,0.000682857142857128,0.9999999999949868,0.0001738359510132792,-0.000260640654729305,0.0003170768687760313,1
2026-08-04 06:00:00+00:00,1.15069,1.15103,1.15035,1.1507,1791,1.150804,1.150828,1.151155,1.1517220000000001,1.1509311193581429,1.1512625237566392,-0.00033140439849632664,-0.00031650754725619197,-1.489685124013467e-05,50.30674846625736,1.151155,1.1527750129955479,1.149534987004452,0.002814587080884722,0.0006857142857142737,0.9999999999955158,-0.0004430121350579297,7.821937928587097e-05,0.00029632899070373893,1
2026-08-04 07:00:00+00:00,1.15072,1.15168,1.15059,1.15105,1918,1.150854,1.150831,1.1510465,1.1517308,1.1509494086876593,1.1512467812561473,-0.0002973725684880524,-0.00031268055150256407,1.530798301451169e-05,59.15789473684042,1.1510465,1.1523424414381098,1.1497505585618903,0.0022517620932077684,0.0007228571428571362,0.999999999996453,0.0002172401807436497,2.6063839029699665e-05,0.0002899018657053981,1
2026-08-04 08:00:00+00:00,1.15106,1.1514199999999999,1.15059,1.15078,1812,1.15085,1.150824,1.1509464999999999,1.1517127999999999,1.150923345812635,1.151212204866803,-0.0002888590541680891,-0.0003079162520356691,1.9057197867580018e-05,43.04123711339998,1.1509464999999999,1.1519562894519793,1.1499367105480205,0.001754711364914671,0.0006885714285714194,0.4283248499805685,-1.737921445965629e-05,-6.082460789846866e-05,0.00029614205598237374,1
2026-08-04 09:00:00+00:00,1.15077,1.15111,1.1503,1.15078,1537,1.150804,1.150835,1.150849,1.1517,1.1509012926106912,1.1511801896914842,-0.0002788970807929836,-0.00030211241778713204,2.3215336994148448e-05,46.77871148459166,1.150849,1.151410985203462,1.150287014796538,0.0009766445527813927,0.000709285714285698,0.506714941840438,-0.00019982450195932255,9.559647857315667e-05,0.0002914107956266717,1
2026-08-04 10:00:00+00:00,1.1508,1.15186,1.15072,1.15137,1931,1.150936,1.1509209999999999,1.1508485,1.1516842,1.1509734014398156,1.1511942497143373,-0.00022084827452162337,-0.0002858595891340303,6.501131461240695e-05,60.10638297872409,1.1508485,1.151408510338687,1.1502884896613128,0.0009732129618922622,0.000757142857142853,0.9999999999960852,0.0005735589331803403,0.0007474945893561902,0.0003253745005552571,1
2026-08-04 11:00:00+00:00,1.15137,1.15233,1.15113,1.1515900000000001,2315,1.1511140000000002,1.150959,1.150882,1.1517060000000001,1.1510682627567672,1.1512235645503124,-0.0001553017935451706,-0.0002597480300162584,0.00010444623647108778,57.98319327731281,1.150882,1.1515328164916099,1.15023118350839,0.0011309873498932435,0.0008135714285714293,0.9168816360593794,0.0007734422525420559,0.0003300874731804182,0.0002716491627333496,1
2026-08-04 12:00:00+00:00,1.1515900000000001,1.15232,1.1513200000000001,1.15145,1980,1.151194,1.151024,1.1509209999999999,1.1517318,1.1511269915634184,1.1512403375465856,-0.00011334598316725675,-0.00023046762064645804,0.0001171216374792013,58.47457627118787,1.1509209999999999,1.1516106497970653,1.1502313502029344,0.0011984311643725818,0.0008535714285714217,0.936118235827204,0.0003475087963165091,0.0005648244699338889,0.00024291659527083894,1
2026-08-04 13:00:00+00:00,1.15146,1.1526,1.15089,1.15232,3061,1.151502,1.151176,1.151028,1.1518082,1.1513105313228924,1.1513203125431348,-9.781220242421895e-06,-0.0001863303405656508,0.0001765491203232289,69.5035460992881,1.151028,1.1518787977683265,1.1501772022316734,0.0014783267971353049,0.0009457142857142799,0.999999999997138,0.0013382227706426608,0.0013208202989225537,0.0003265137714863531,1
2026-08-04 14:00:00+00:00,1.15235,1.15307,1.15187,1.15228,2709,1.151802,1.151303,1.151076,1.1518774,1.1514596803501398,1.1513914005029027,6.827984723711822e-05,-0.000135408303005097,0.00020368815024221523,71.5328467153276,1.151076,1.1520890184185257,1.1500629815814742,0.0017601242985271976,0.0009564285714285724,0.999999999997295,0.001303463737638788,0.0011033787716874244,0.0003299917372737076,1
2026-08-04 15:00:00+00:00,1.15227,1.15263,1.15131,1.1526,2340,1.1520480000000002,1.151492,1.1511555,1.1519958,1.1516351141424261,1.1514809263915764,0.00015418775084974357,-7.748909223412888e-05,0.00023167684308387246,68.6327077747978,1.1511555,1.1523751889165326,1.1499358110834674,0.00211906891211929,0.0009614285714285734,0.9212146226651143,0.0010682925558247458,0.001642464217743722,0.00030577104649131393,1
2026-08-04 16:00:00+00:00,1.15262,1.15263,1.15161,1.15184,1447,1.152098,1.151606,1.151217,1.1520242,1.1516666350435913,1.1515075244366448,0.0001591106069465109,-3.016915239800091e-05,0.00018927975934451182,62.74509803921387,1.151217,1.1524448882172913,1.1499891117827086,0.0021332002868118902,0.000989999999999999,0.7595074191076843,0.00021709115223278452,0.0009907013122445463,0.00040103645662117405,1
2026-08-04 17:00:00+00:00,1.15184,1.15261,1.15184,1.15237,1254,1.152282,1.1517380000000002,1.1512845,1.1520362,1.151774845036885,1.1515714115154119,0.00020343352147311755,1.6551382376222795e-05,0.00018688213909689476,67.02819956615805,1.1512845,1.1526112367963515,1.1499577632036486,0.00230479398680591,0.000997142857142855,0.8418956593821584,0.0007989925745797155,0.0011467790278441026,0.00041275959625847175,1
2026-08-04 18:00:00+00:00,1.15236,1.15335,1.15224,1.15324,1262,1.152466,1.151984,1.151404,1.1520672,1.152000253492749,1.1516950106624184,0.0003052428303305099,7.428967196708024e-05,0.00023095315836342968,71.15749525616522,1.151404,1.152974161238938,1.1498338387610623,0.0027273854163053597,0.0010385714285714442,0.9868258949036119,0.0007983893362955019,0.002137680529727737,0.00043759157957235894,0
2026-08-04 19:00:00+00:00,1.15326,1.15334,1.15292,1.15303,987,1.152616,1.152209,1.151522,1.1520618,1.152158676032326,1.1517938987614986,0.00036477727082728784,0.0001323871917391218,0.00023239007908816605,72.39382239381945,1.151522,1.1532101830782628,1.149833816921737,0.00293209001350023,0.0010214285714286017,0.9999999999965932,0.0006508834658243146,0.001955195606458293,0.0004510517981393071,1
2026-08-04 20:00:00+00:00,1.15303,1.15339,1.15303,1.15314,622,1.1527239999999999,1.1523860000000001,1.1516534999999999,1.1520638,1.1523096489504296,1.1518936099643506,0.0004160389860790037,0.0001891175506070982,0.0002269214354719055,73.10606060605885,1.1516534999999999,1.1534177803812387,1.1498892196187611,0.003063908339164115,0.0009985714285714517,0.9999999999966739,0.0004685059864653063,0.0015372990437478862,0.00043754010122685664,0
2026-08-04 21:00:00+00:00,1.15318,1.1532,1.15257,1.15296,624,1.1529479999999999,1.152523,1.151741,1.1520606,1.152409702958056,1.1519726018188432,0.00043710113921280325,0.00023871426832823924,0.000198386870884564,68.68884540117269,1.151741,1.1535844738376058,1.149897526162394,0.003201195125650399,0.0009657142857142999,0.8530769619834938,0.0009723572718434159,0.0011896595142366628,0.0004478965977878603,1
2026-08-04 22:00:00+00:00,1.15295,1.1532499999999999,1.15294,1.15324,419,1.1531220000000002,1.152702,1.151863,1.152067,1.1525374409645088,1.1520664831655956,0.00047095779891326295,0.00028516297444524405,0.0001857948244680189,74.02343749999807,1.151863,1.153766250405418,1.1499597495945821,0.0033046471766485152,0.0009285714285714373,0.9999999999963296,0.000754965852981293,0.0015545616396717143,0.0004409197902510742,1
2026-08-04 23:00:00+00:00,1.15324,1.15328,1.15295,1.15316,577,1.153106,1.152786,1.151981,1.1520368,1.1526332192776614,1.1521474844125885,0.0004857348650728621,0.0003252773525707677,0.00016045751250209445,72.88461538461252,1.151981,1.1538993315119994,1.1500626684880004,0.0033304915827596007,0.0008942857142857363,0.9290021959972501,-6.93697755888012e-05,0.000728964176617497,0.0003904436551234857,1
2026-08-05 00:00:00+00:00,1.1531500000000001,1.1535199999999999,1.15294,1.15312,1188,1.153124,1.15287,1.1520865,1.1520029999999999,1.1527081086195596,1.1522195226042486,0.0004885860153109878,0.00035793908511881173,0.00013064693019217605,68.81720430107151,1.1520865,1.154012054192388,1.150160945807612,0.003342725033906629,0.0008542857142857122,0.6754268122906091,7.805521105264113e-05,0.0007289894817230635,0.0003904428805561332,1
2026-08-05 01:00:00+00:00,1.15313,1.1531500000000001,1.15266,1.15269,1137,1.1530340000000001,1.152879,1.1521855,1.15197,1.152705322678089,1.1522543727817118,0.000450949896377173,0.000376541247370484,7.440864900668898e-05,61.31687242798105,1.1521855,1.1540142352547678,1.1503567647452324,0.003174376443320415,0.0008035714285714273,0.18279770556498792,-0.0003902388261616263,7.808433107747703e-05,0.00040641106935754984,1
2026-08-05 02:00:00+00:00,1.15269,1.15404,1.15265,1.15346,1646,1.153134,1.153041,1.1523235,1.1519546,1.1528214268814598,1.152343678501585,0.00047774837987479835,0.00039678267387134694,8.09657060034514e-05,68.30601092895887,1.1523235,1.1540959235564916,1.1505510764435085,0.003076260366974278,0.0008314285714285782,0.5500415306033112,0.00043366638912023525,0.0014064453396305243,0.00038018365723276146,1
2026-08-05 03:00:00+00:00,1.15347,1.15402,1.15344,1.15369,965,1.153224,1.153173,1.1524554999999999,1.1519642,1.1529550535150814,1.1524434060199862,0.0005116474950952465,0.0004197556381161269,9.189185697911964e-05,64.12371134020515,1.1524554999999999,1.1542217982404248,1.150689201759575,0.003065277991948422,0.0007507142857142871,0.22089674875103385,0.00039020498768693734,0.0011454654321096935,0.00036445163907819256,0
2026-08-05 04:00:00+00:00,1.15369,1.15401,1.15343,1.15361,963,1.153314,1.15321,1.152597,1.151975,1.1530558145127614,1.152529820388876,0.0005259941238853205,0.00044100333526996563,8.499078861535489e-05,63.5991820040885,1.152597,1.1542477873720771,1.150946212627923,0.002864465848994961,0.0007064285714285681,0.17961656538600587,0.000390232057997153,0.0003208352120980251,0.00028889754520318277,1
2026-08-05 05:00:00+00:00,1.1536,1.15379,1.15316,1.15353,1106,1.153396,1.15326,1.1527345,1.1519864,1.1531287661261829,1.152603907767478,0.0005248583587049716,0.00045777433995696686,6.708401874800469e-05,59.99999999999714,1.1527345,1.1541952204424404,1.1512737795575596,0.0025343571176890925,0.0006571428571428641,0.0,0.00035555709726664553,0.00043364006140333977,0.0002817195261329601,1
2026-08-05 06:00:00+00:00,1.15355,1.15455,1.15322,1.15444,1819,1.153746,1.15339,1.1528880000000001,1.1520076000000001,1.1533304944144624,1.1527399145995165,0.000590579814945924,0.0004843354349547583,0.00010624437999116572,77.08333333332939,1.1528880000000001,1.154389628589727,1.1513863714102732,0.0026049860692919187,0.0006792857142857235,0.9999999999941465,0.0015181878909333868,0.0011273566089111675,0.0003680661134577097,1
2026-08-05 07:00:00+00:00,1.15442,1.15464,1.15339,1.1537600000000001,2107,1.1538059999999999,1.15347,1.1529965,1.1520089999999998,1.1533965721968529,1.1528154764810339,0.0005810957158189911,0.000503687491127605,7.74082246913861e-05,64.04040404040501,1.1529965,1.1544144937645207,1.1515785062354793,0.0024596670753478877,0.0007135714285714563,0.2365114560225059,0.00026008704246360814,0.0006938662225923764,0.0004243582217803573,1
2026-08-05 08:00:00+00:00,1.15375,1.15442,1.15308,1.1535199999999999,2020,1.153772,1.1534980000000001,1.1531,1.1520263999999998,1.1534155610896448,1.1528676634083648,0.0005478976812800518,0.0005125295291580944,3.536815212195742e-05,53.24074074073843,1.1531,1.154332797418115,1.151867202581885,0.002138231581155138,0.0007300000000000084,0.0,-0.0001473532751434803,0.00024279421456063766,0.0004278246898547099,1
2026-08-05 09:00:00+00:00,1.15354,1.15423,1.15333,1.15394,1747,1.153838,1.153576,1.153181,1.1520534,1.1534962439989302,1.152947095748486,0.0005491482504442757,0.0005198532734153307,2.9294977028945074e-05,60.0441501103736,1.153181,1.1544108891693343,1.1519511108306657,0.0021330375185409896,0.0007642857142857253,0.28534687841458906,0.0002860585466490928,0.0006764022338616726,0.00043908447354166217,1
2026-08-05 10:00:00+00:00,1.15395,1.15407,1.15349,1.15391,1510,1.1539139999999999,1.153655,1.1532624999999999,1.1520868,1.1535598987683255,1.153018421989339,0.0005414767789866382,0.0005241779745295921,1.7298804457046017e-05,58.651685393256734,1.1532624999999999,1.154456500352817,1.1520684996471826,0.0020706480143371495,0.0007800000000000187,0.22694447474546245,0.00032942359539855914,0.0006850978215624526,0.0004388678677779026,1
2026-08-05 11:00:00+00:00,1.15391,1.15549,1.15391,1.15523,1950,1.154072,1.153909,1.153394,1.1521476,1.1538168374193525,1.1531822425827212,0.0006345948366313081,0.0005462613469499354,8.833348968137272e-05,70.30411449015939,1.153394,1.1548346197498218,1.1519533802501782,0.002498053136780306,0.0008478571428571621,0.7156677145358683,0.0006843144728181372,0.0022035412816976407,0.0005233296931727835,0
2026-08-05 12:00:00+00:00,1.15523,1.1557,1.15446,1.15455,2151,1.1542299999999999,1.1540180000000002,1.1535294999999999,1.152195,1.153929631662529,1.1532835579469642,0.0006460737155646878,0.0005662238206728859,7.984989489180194e-05,60.934891485808336,1.1535294999999999,1.1548602927990859,1.1521987072009139,0.0023073407296232812,0.0009142857142857405,0.32270612833558115,0.0006847177922617576,0.0009449829209509097,0.0005538528593193429,1
2026-08-05 13:00:00+00:00,1.15457,1.15538,1.15399,1.15434,3087,1.1543940000000001,1.154083,1.1536279999999999,1.1522174,1.1539927652529092,1.1533618129138556,0.0006309523390535254,0.0005791695243490138,5.1782814704511644e-05,59.64052287581611,1.1536279999999999,1.1548871325336332,1.1523688674663666,0.002182909106979547,0.0009900000000000147,0.26841804682933507,0.0007108676052431928,0.0005634095814297524,0.0005589373804400313,1
2026-08-05 14:00:00+00:00,1.15432,1.15568,1.1542,1.15533,3451,1.1546720000000001,1.1542549999999998,1.1537324999999998,1.1522683999999999,1.1541984936755385,1.1535076045498664,0.0006908891256720562,0.0006015134446136223,8.937568105843387e-05,65.62942008486516,1.1537324999999998,1.155187695772826,1.1522773042271737,0.0025225878144650633,0.0010542857142857537,0.5196028618097734,0.0012045686950794554,0.0014909718188989007,0.0006102648727723085,0
2026-08-05 15:00:00+00:00,1.15533,1.15562,1.15427,1.15456,2627,1.154802,1.1543579999999998,1.153809,1.1523050000000001,1.154254110033148,1.1535855597683948,0.0006685502647532093,0.0006149208086415397,5.362945611166962e-05,62.6180836707149,1.153809,1.1552695536082294,1.1523484463917708,0.002531707775254441,0.001115714285714331,0.39330215007117697,0.0005633021639470659,0.0008929113243696385,0.0006611165068822342,1
2026-08-05 16:00:00+00:00,1.15456,1.1549,1.15424,1.15458,1669,1.154672,1.154372,1.153881,1.152369,1.1543042469511253,1.1536592220077728,0.0006450249433525013,0.0006209416355837321,2.4083307768769176e-05,58.408408408408064,1.153881,1.1553446637521478,1.152417336247852,0.002536940554784945,0.0010635714285714812,0.21674101285670594,-0.0005626585182172406,0.00012127091923352928,0.0006137447754601852,1
2026-08-05 17:00:00+00:00,1.1546,1.15572,1.15426,1.1555900000000001,1317,1.15488,1.154555,1.1540124999999999,1.1524624,1.1545020551124907,1.1538022425997896,0.0006998125127011257,0.0006367158110072109,6.309670169391479e-05,62.76881720430058,1.1540124999999999,1.155595473551124,1.1524295264488758,0.002743425311466096,0.0011264285714286235,0.39962417788755994,0.0009007838551817748,0.0015861184301761977,0.0006287687513639162,0
2026-08-05 18:00:00+00:00,1.1556,1.1559300000000001,1.15529,1.1553499999999999,1340,1.155082,1.1547379999999998,1.154118,1.152556,1.1546325081721076,1.1539168912961015,0.0007156168760060755,0.0006524960240069838,6.312085199909167e-05,61.447368421050925,1.154118,1.1557641834649872,1.1524718165350127,0.002852712573562216,0.0011307142857143499,0.34420030659032724,0.0008749588509451289,0.0015864484360912368,0.0006287474138908423,1
2026-08-05 19:00:00+00:00,1.15534,1.15546,1.15473,1.15506,1185,1.155028,1.15485,1.154213,1.1526536,1.1546982761456295,1.154001566014909,0.0006967101307204793,0.000661338845349683,3.53712853707963e-05,59.795134443021574,1.154213,1.1558456420306957,1.1525803579693041,0.0028290134155408,0.0011378571428571904,0.27490272615287725,-0.00023369946249118811,0.000970587725531713,0.0006364619583843797,1
2026-08-05 20:00:00+00:00,1.15506,1.15537,1.1549,1.15521,707,1.1551580000000001,1.15498,1.1543174999999999,1.1527314,1.1547770028924558,1.1540910796434343,0.0006859232490215028,0.000666255726084047,1.966752293745583e-05,55.4609929078022,1.1543174999999999,1.1559228971472477,1.152712102852752,0.002781552124520045,0.0010764285714286131,0.13011800594979647,0.0005629850332593556,0.0011266043278939097,0.0006350166007649266,1
2026-08-05 21:00:00+00:00,1.15512,1.15533,1.1550799999999999,1.15533,502,1.1553080000000002,1.15499,1.1544495,1.1528178000000002,1.1548620793705395,1.1541828515216983,0.000679227848841224,0.0006688501506354824,1.0377698205741594e-05,62.09553158705482,1.1544495,1.1559199166972478,1.152979083302752,0.0025473902448706516,0.0010050000000000336,0.5189355268365368,0.0006495868627554024,8.656284895658395e-05,0.0005225841134497913,0
2026-08-05 22:00:00+00:00,1.15534,1.15547,1.15504,1.15545,555,1.15528,1.1550799999999999,1.154549,1.1529146,1.1549525286981488,1.1542767143719428,0.0006758143262060035,0.0006702429857495867,5.571340456416753e-06,65.14913657770862,1.154549,1.1560067545820327,1.1530912454179674,0.002525236403188912,0.0009400000000000361,0.6527025744609309,-0.00012115023494496668,0.0007795244900612452,0.00047866018268792653,0
2026-08-05 23:00:00+00:00,1.15545,1.15575,1.15538,1.15565,475,1.15534,1.155211,1.154647,1.1530072,1.1550598319753567,1.1543784392332803,0.0006813927420763477,0.000672472937014939,8.919805061408733e-06,63.90243902439033,1.154647,1.1561249943737386,1.1531690056262613,0.002560080048254806,0.0009021428571428831,0.5687109729374527,0.00025966157441481563,0.001134847618552648,0.00047033312321125,0
2026-08-06 00:00:00+00:00,1.15567,1.15595,1.15545,1.15562,1134,1.155452,1.15524,1.1547475,1.1531026,1.1551460116714556,1.1544704066974818,0.0006756049739737868,0.0006730993444067086,2.5056295670782425e-06,63.90243902439033,1.1547475,1.1562017550997388,1.1532932449002613,0.002518741282815044,0.0008964285714285916,0.5687109729374527,0.00048482329922272527,0.00025101053378695504,0.00039138037636944785,0
2026-08-06 01:00:00+00:00,1.15562,1.15574,1.15534,1.15546,1284,1.1555019999999998,1.15533,1.154844,1.1531984,1.1551943175681547,1.1545437099050757,0.0006506076630790059,0.0006686010081411681,-1.7993345062162222e-05,52.30460921843617,1.154844,1.156211647230738,1.153476352769262,0.0023685402196972263,0.0008121428571428803,0.0,0.0002164108690194677,0.0007795177383591589,0.0003160745112020566,0
2026-08-06 02:00:00+00:00,1.15546,1.15578,1.15523,1.15533,996,1.155502,1.155405,1.1548884999999998,1.1532948,1.1552151917884388,1.1546019536158107,0.0006132381726280389,0.0006575284410385423,-4.429026841050335e-05,58.78378378378294,1.1548884999999998,1.1562587135831808,1.1535182864168187,0.002372893284816695,0.0007628571428571762,0.48624889540623867,0.0,0.0006495868627554024,0.00032146303335519184,0
2026-08-06 03:00:00+00:00,1.15534,1.15538,1.15467,1.15487,851,1.155386,1.155333,1.154944,1.153368,1.1551620853594482,1.1546218089035285,0.0005402764559196971,0.0006340780440147733,-9.380158809507624e-05,55.65031982942545,1.154944,1.1562075188959309,1.153680481104069,0.0021880175938069797,0.0007142857142857466,0.25108878801375517,-0.0005019689298542129,-0.0006230583511454002,0.00019053992230265787,0
2026-08-06 04:00:00+00:00,1.15487,1.15496,1.15466,1.15489,707,1.155234,1.155287,1.1550125,1.1534498,1.1551202260733793,1.1546416749106745,0.0004785511627047878,0.0006029726677527763,-0.00012442150504798845,44.086021505376664,1.1550125,1.156085084188993,1.153939915811007,0.0018572685386399194,0.0006300000000000194,0.0,-0.0006576385583871858,-0.0003981477474357398,0.00018465929864046064,0
2026-08-06 05:00:00+00:00,1.15489,1.15501,1.15443,1.15491,809,1.1550920000000002,1.155272,1.1550610000000001,1.153532,1.1550878836005516,1.1546615508432172,0.00042633275733439113,0.0005676446856690993,-0.00014131192833470813,55.8922558922564,1.1550610000000001,1.1560099917088833,1.154112008291117,0.0016431889032409274,0.000575000000000008,0.5605170149942397,-0.0006143888129315211,-0.0001298633837202301,0.0001694270200583041,0
2026-08-06 06:00:00+00:00,1.15492,1.15514,1.1543,1.1544699999999999,1430,1.154894,1.155198,1.155089,1.1536012,1.1549928245850822,1.1546473618918678,0.0003454626932144489,0.0005232082871781692,-0.00017774559396372032,48.37758112094347,1.155089,1.155920812225997,1.154257187774003,0.0014402565100991018,0.00058785714285714,0.20374762236302493,-0.0008568016201340178,-0.0006405761722978465,0.00019643505187675098,1
2026-08-06 07:00:00+00:00,1.15446,1.15465,1.15408,1.15439,1600,1.154706,1.1551040000000001,1.1550470000000002,1.1536748000000001,1.1549000823412234,1.1546282980480256,0.000271784293197852,0.00047292348838210574,-0.00020113919518425371,25.609756097562638,1.1550470000000002,1.155931964465747,1.1541620355342532,0.0015323436461839718,0.0005242857142857073,0.0,-0.0008136203508953832,-0.0008136203508953832,0.00018741120040531012,0
2026-08-06 08:00:00+00:00,1.15439,1.15451,1.15385,1.15431,1713,1.1545940000000001,1.1549900000000002,1.155035,1.1537469999999999,1.1548093004425737,1.1546047204148384,0.0002045800277352683,0.00041925479625273826,-0.00021467476851746997,27.39130434782949,1.155035,1.1559541872842516,1.1541158127157485,0.0015916180622259147,0.0005257142857142563,0.04505756611833915,-0.0004849030626824513,-0.0009866285862651925,0.00017604891477709662,0
2026-08-06 09:00:00+00:00,1.1543,1.1543700000000001,1.15362,1.15383,1272,1.154382,1.1548079999999998,1.1550095,1.1538026,1.154658638836024,1.154547333717443,0.00011130511858103986,0.00035766486071839857,-0.0002463597421373587,25.30120481927905,1.1550095,1.156032323234383,1.153986676765617,0.001771107916225734,0.0005271428571428372,0.0,-0.0009178363307328352,-0.0015748712845585766,0.00017351469520002674,0
2026-08-06 10:00:00+00:00,1.15384,1.15424,1.15362,1.15408,1177,1.154216,1.154654,1.154947,1.1538686,1.1545696174766358,1.1545127164050397,5.6901071596060504e-05,0.000297512102893931,-0.0002406110312978705,28.185328185329382,1.154947,1.1560378634920416,1.1538561365079583,0.0018890277944211859,0.0005378571428571137,0.07237824496206072,-0.0007186707189306141,-0.0013326179886122835,0.00020758416964202352,0
2026-08-06 11:00:00+00:00,1.15409,1.15466,1.15373,1.15448,1612,1.1542179999999997,1.154556,1.154943,1.1539426,1.1545558301725378,1.1545102929676294,4.553720490840796e-05,0.0002471171232968264,-0.00020157991838841844,35.191637630663635,1.154943,1.1560404055529945,1.1538455944470056,0.0019003631399894605,0.0005864285714285433,0.24820442052848848,8.661983420976682e-06,-0.0008481470583143746,0.00025703200110042425,0
2026-08-06 12:00:00+00:00,1.1545,1.15454,1.15366,1.15384,1876,1.1541080000000001,1.154407,1.154906,1.1539920000000001,1.1544457024536858,1.1544606416366938,-1.4939183007989243e-05,0.00019470586203586325,-0.0002096450450438525,26.253687315634167,1.154906,1.1561005384487906,1.1537114615512094,0.0020686332026859035,0.0006185714285714049,0.024674923379173427,-0.0004764421036218547,-0.001289674811525754,0.0002971664526436015,0
2026-08-06 13:00:00+00:00,1.15387,1.1544699999999999,1.15354,1.15427,2195,1.1541,1.154347,1.15484,1.1540456,1.1544186713069648,1.1544465200339757,-2.7848727010892915e-05,0.00015019494422651203,-0.00017804367123740495,30.93922651933576,1.15484,1.1560212036681459,1.1536587963318543,0.00204565769828856,0.0006585714285713973,0.146058068249423,-3.465273626668264e-05,-0.0005195389957312058,0.0003187798871275362,0
2026-08-06 14:00:00+00:00,1.15426,1.15439,1.15302,1.15347,2422,1.1540279999999998,1.154205,1.1547459999999998,1.1540860000000002,1.154272721875124,1.1543741852166443,-0.00010146334152016934,9.986328707717575e-05,-0.0002013266285973451,25.512528473803656,1.1547459999999998,1.1560492332264356,1.153442766773564,0.0022571772951554265,0.000720714285714265,0.006311450941338961,-0.000312004368061114,-0.0012295543298496137,0.00037570812941556354,0
2026-08-06 15:00:00+00:00,1.15348,1.15355,1.15188,1.15206,2554,1.153624,1.1539199999999998,1.1545960000000002,1.1540808,1.1539323031251052,1.1542027640894854,-0.0002704609643802147,2.5798436785697647e-05,-0.0002962594011659124,19.858156028369436,1.1545960000000002,1.156357188593974,1.1528348114060263,0.0030507443191798594,0.0008114285714285582,0.0,-0.0017503119367807685,-0.0024677247577733485,0.0005061627971896405,1
2026-08-06 16:00:00+00:00,1.15205,1.15226,1.15146,1.15204,1621,1.153136,1.1536769999999998,1.1544375,1.154076,1.1536411795673966,1.154042559342116,-0.00040137977471932373,-5.9637205515306655e-05,-0.00034174256920401706,20.253164556962076,1.1544375,1.1565092231577836,1.1523657768422164,0.003589147368798379,0.000829285714285707,0.010962075647334767,-0.0021135056475642955,-0.002104861971294114,0.0005085183717140545,0
2026-08-06 17:00:00+00:00,1.15206,1.15228,1.15173,1.15227,1193,1.152822,1.153465,1.1542845,1.1540694,1.1534302288647202,1.1539112586501075,-0.0004810297853872214,-0.00014391572148968963,-0.0003371140638975318,25.471698113206443,1.1542845,1.156523884078944,1.1520451159210559,0.00388012501067819,0.00081785714285714,0.15578416294636702,-0.001360673923594291,-0.0018364677448696742,0.0005237051536261682,0
2026-08-06 18:00:00+00:00,1.15227,1.15246,1.15213,1.15234,852,1.152436,1.153268,1.154129,1.1540793999999999,1.153262501347071,1.15379486912047,-0.0005323677733990451,-0.00022160613187156077,-0.0003107616415274843,26.16822429906577,1.154129,1.156457748478064,1.1518002515219359,0.004035508124419506,0.0008199999999999953,0.17511380316184097,-0.001672052466060836,-0.001706647261134342,0.0005284541890680581,1
2026-08-06 19:00:00+00:00,1.15237,1.1525400000000001,1.1516899999999999,1.1522999999999999,1380,1.1522020000000002,1.1531150000000001,1.1539614999999999,1.1540780000000002,1.1531144242167524,1.1536841380745093,-0.0005697138577569483,-0.0002912276770486383,-0.00027848618070830996,25.698324022344735,1.1539614999999999,1.1563114274345765,1.1516115725654232,0.004072800408985268,0.0008392857142857249,0.20477860177747767,-0.001014330671799124,-0.0013260185642599565,0.0005225183772085662,0
2026-08-06 20:00:00+00:00,1.1522999999999999,1.15237,1.15187,1.15224,634,1.1522379999999999,1.152931,1.1537925,1.154058,1.1529798974141752,1.153577164883805,-0.0005972674696297364,-0.00035243563556485797,-0.00024483183406487846,27.65531062124218,1.1537925,1.156126323382212,1.151458676617788,0.004045481977412937,0.0008150000000000102,0.5085051650406182,0.00015624186240281723,-0.0015943435463746658,0.0005093051147189995,0
2026-08-06 21:00:00+00:00,1.15227,1.15237,1.15178,1.15198,444,1.152226,1.1526809999999998,1.1536184999999999,1.154037,1.1528260670427637,1.1534588563738934,-0.0006327893311297572,-0.00040850637467783785,-0.00022428295645191937,26.692456479689838,1.1536184999999999,1.1559477671086793,1.1512892328913205,0.0040381930572011854,0.000816428571428575,0.4457109369246761,-5.208152494695639e-05,-0.002165477097914148,0.00047727218262830494,1
2026-08-06 22:00:00+00:00,1.15197,1.15225,1.15197,1.15215,367,1.152202,1.152512,1.1534594999999999,1.1540172,1.1527220567284924,1.1533619040499015,-0.0006398473214090927,-0.00045477456402408885,-0.00018507275738500388,29.467680608364887,1.1534594999999999,1.1557302612914016,1.1511887387085982,0.003937305629546058,0.0007892857142857304,0.6267020647479696,-0.00010414225832477975,-0.0014646744782638166,0.00047369056089447775,1
2026-08-06 23:00:00+00:00,1.15215,1.15241,1.15214,1.1524,280,1.152214,1.152325,1.153336,1.1540059999999999,1.1526725095394936,1.153290651898057,-0.0006181423585633894,-0.00048744812293194904,-0.00013069423563144035,35.785288270379155,1.153336,1.1555517655206569,1.151120234479343,0.0038423590708292167,0.0007550000000000136,0.9999999999937214,5.206796605183861e-05,-0.0016200715603800209,0.000456997231746581,0
2026-08-07 00:00:00+00:00,1.1524,1.1524,1.15179,1.15189,904,1.152132,1.152167,1.153186,1.1539789999999999,1.1525521234564946,1.1531868999056083,-0.0006347764491136942,-0.0005169137881682981,-0.00011786266094539611,29.30056710775048,1.153186,1.1553646852627482,1.151007314737252,0.0037785496229543448,0.0007542857142857391,0.5928506736709493,-0.0003558101188925189,-0.0013697798815746065,0.0004307646942643842,1
2026-08-07 01:00:00+00:00,1.15189,1.1525400000000001,1.15183,1.15214,1024,1.1521120000000002,1.152175,1.1530475,1.1539586,1.152488719847803,1.153109351764452,-0.0006206319166488505,-0.0005376574138644087,-8.297450278444188e-05,27.237354085601694,1.1530475,1.1551140239057576,1.1509809760942424,0.003584455810810165,0.0007385714285714615,0.46330990068145533,-8.678747483159555e-05,6.944082773463478e-05,0.00021344195266749478,1
2026-08-07 02:00:00+00:00,1.15213,1.15231,1.1520299999999999,1.15213,700,1.152142,1.152184,1.1529304999999999,1.1539388,1.1524335321789103,1.1530368071893073,-0.0006032750103970308,-0.0005507809331709331,-5.249407722609774e-05,31.042128603103762,1.1529304999999999,1.1549215058289632,1.1509394941710365,0.0034538176047270645,0.0006957142857143232,0.7021962525786682,0.00013021059393403256,7.812228742065663e-05,0.00021334966464233406,1
2026-08-07 03:00:00+00:00,1.15213,1.15232,1.15196,1.15232,542,1.152176,1.1521890000000001,1.1528269999999998,1.1539314,1.152416065689847,1.1529837103604696,-0.0005676446706226468,-0.0005541536806612759,-1.3490989961370916e-05,27.166276346603027,1.1528269999999998,1.1547108828884207,1.150943117111579,0.003268283772709862,0.0006550000000000404,0.4588472178884573,0.00014755023217460916,4.3392607635528435e-05,0.00021013848839713956,0
2026-08-07 04:00:00+00:00,1.15232,1.1524,1.15212,1.15232,651,1.1521599999999999,1.152187,1.1527275000000001,1.1539085999999998,1.1524012863529474,1.1529345466300644,-0.0005332602771170869,-0.0005499749999524381,1.6714722835351175e-05,33.42939481267861,1.1527275000000001,1.1544877377233067,1.1509672622766935,0.003054039611801712,0.0005771428571428951,0.8520830101748134,-6.942034015977594e-05,-1.7355988683798174e-05,0.00020920317295592113,1
2026-08-07 05:00:00+00:00,1.15232,1.1525,1.15204,1.15222,769,1.152226,1.1521789999999998,1.152647,1.1538792,1.1523733961448017,1.1528816172500596,-0.0005082211052578334,-0.0005416242210135172,3.3403115755683784e-05,53.70370370370276,1.152647,1.1543409533332372,1.1509530466667628,0.002939240432217645,0.0004907142857143284,0.9999999999970105,0.000286485688737681,-6.942636466189533e-05,0.00021075788905209686,1
2026-08-07 06:00:00+00:00,1.1522000000000001,1.15246,1.15208,1.15219,1235,1.1522359999999998,1.152174,1.1525525,1.1538508,1.1523451813532937,1.152830386342648,-0.0004852049893542265,-0.0005303403746816591,4.513538532743258e-05,53.456221198159554,1.1525525,1.1541156799574583,1.1509893200425418,0.0027125531504347948,0.0004607142857143222,0.9912339736244018,4.3397503775688406e-05,-4.339373741568675e-05,0.0002102985478533675,1
2026-08-07 07:00:00+00:00,1.1522000000000001,1.15239,1.15174,1.1522000000000001,1327,1.15225,1.152196,1.1524385,1.1538242,1.1523228457604793,1.1527836910580074,-0.00046084529752810077,-0.0005164413592509474,5.5596061722846656e-05,48.20512820513323,1.1524385,1.153716315158543,1.1511606848414568,0.002217584987907091,0.0004678571428571786,0.8036600267087234,6.075703262653498e-05,0.0001909755377698108,0.00019542584689728827,1
2026-08-07 08:00:00+00:00,1.15222,1.15251,1.15179,1.15231,1358,1.152248,1.152212,1.1523619999999999,1.1537816,1.1523208694896363,1.1527486028314882,-0.00042773334185186584,-0.0004986997557711311,7.096641391926529e-05,49.24623115577934,1.1523619999999999,1.1534565914885349,1.151267408511465,0.0018997354798838705,0.0004957142857143136,0.8408351324379778,-8.678144959750611e-06,0.00013887080675245578,0.00019228985726184785,1
2026-08-07 09:00:00+00:00,1.15232,1.15309,1.15226,1.15286,1315,1.152356,1.152258,1.1522915,1.1537636,1.1524038126450769,1.1527568544736002,-0.0003530418285233594,-0.0004695681703215768,0.00011652634179821738,61.20000000000454,1.1522915,1.1529719418072777,1.1516110581927224,0.0011810237379650292,0.000494285714285717,0.999999999997102,0.0004686198278256448,0.00039916695591801776,0.00023558397763521176,1
2026-08-07 10:00:00+00:00,1.15286,1.15289,1.15253,1.15268,1208,1.1524480000000001,1.152337,1.152252,1.1537468000000002,1.1524463030073728,1.1527511615496298,-0.000304858542256925,-0.00043662624470864643,0.00013176770245172144,58.396946564886626,1.152252,1.152694509590069,1.1518094904099312,0.0007680777990732279,0.0004842857142857149,0.9187698355416221,0.0003992293138461722,0.0006858293760687584,0.0001816411057698567,1
2026-08-07 11:00:00+00:00,1.15268,1.1533,1.15261,1.15328,1289,1.152666,1.1524510000000001,1.152313,1.1537335999999998,1.1525745640831617,1.1527903347681756,-0.00021577068501388297,-0.0003924551327696937,0.00017668444775581076,71.9594594594619,1.152313,1.1529413847299863,1.1516846152700135,0.0010906493808303587,0.0004914285714285871,0.9999999999977675,0.0009460245272048251,0.0009894630860833864,0.0002285094817463658,1
2026-08-07 12:00:00+00:00,1.1533,1.15809,1.15269,1.15725,6089,1.153676,1.152963,1.1525735,1.1538004000000002,1.1532938619165214,1.1531206803409033,0.00017318157561807546,-0.0002793277910921399,0.00045250936671021534,87.72189349112531,1.1525735,1.1548592846747667,1.150287715325233,0.003966401578323311,0.0008571428571428738,0.9999999999983485,0.004382919632008209,0.004443942957825797,0.001077338786207951,0
2026-08-07 13:00:00+00:00,1.15723,1.1575199999999999,1.15564,1.15576,4015,1.154366,1.153307,1.152748,1.153811,1.1536732677755182,1.1533161855008365,0.00035708227468167486,-0.0001520457779373769,0.0005091280526190518,70.99999999999994,1.152748,1.1554340465960657,1.1500619534039345,0.004660249414556588,0.0009721428571428659,0.7238589204484661,0.0029939859933525437,0.002985281866148215,0.0012090114542641665,1
2026-08-07 14:00:00+00:00,1.15577,1.15641,1.15502,1.1553,3404,1.1548539999999998,1.153605,1.152896,1.153826,1.1539235342715923,1.1534631347229967,0.0004603995485956691,-2.9556712630767672e-05,0.0004899562612264368,71.44654088050406,1.152896,1.1558043791833468,1.149987620816653,0.005045345258109759,0.0010278571428571517,0.7312329825348562,0.0021164755477680597,0.002586087198000575,0.0012263669448268099,1
2026-08-07 15:00:00+00:00,1.1553,1.15634,1.155,1.15581,2633,1.15548,1.153964,1.1530715,1.1538553999999999,1.1542137597682705,1.1536369765953673,0.0005767831729031059,9.171126447600708e-05,0.0004850719084270988,72.35079171741923,1.1530715,1.1562403900597784,1.1499026099402216,0.005496432892111867,0.0010728571428571293,0.7461655499753892,0.0027154110420932742,0.0031157244276267537,0.0012211842454791062,1
2026-08-07 16:00:00+00:00,1.15581,1.15669,1.15572,1.15588,2000,1.156,1.1543329999999998,1.1532535,1.1538664,1.1544701044193058,1.153803126477192,0.0006669779421137889,0.00020676460000356348,0.00046021334211022546,72.67230955259988,1.1532535,1.1566324644941997,1.1498745355058002,0.005859881620475847,0.0011221428571428335,0.751475013413154,0.0022544395116537164,0.0032025967939315336,0.0012188270169751288,1
2026-08-07 17:00:00+00:00,1.15589,1.15632,1.15574,1.15609,1201,1.1557680000000001,1.154722,1.153459,1.153897,1.154719319124028,1.1539725245159185,0.0007467946081094468,0.0003147706016247402,0.0004320240064847066,72.73823884197884,1.153459,1.1570075202253756,1.1499104797746245,0.006152832871173663,0.0011378571428571269,0.7240197998997758,-0.0010023763231797878,0.0033761499739628498,0.0012151319612592182,0
2026-08-07 18:00:00+00:00,1.15609,1.15659,1.15586,1.15648,997,1.155912,1.155139,1.1536755,1.153935,1.1549901931049467,1.1541582634406653,0.0008319296642813612,0.00041820241415606443,0.00041372725012529674,73.96313364055321,1.1536755,1.1574111742504778,1.1499398257495224,0.00647612651994034,0.0011699999999999727,0.6518247444834636,0.0006229667058905708,0.003618817852834688,0.0012121767912763482,0
2026-08-07 19:00:00+00:00,1.15649,1.15698,1.15607,1.15615,1491,1.156082,1.1554680000000002,1.153863,1.1539461999999998,1.1551686249349549,1.1543057994820975,0.0008628254528573187,0.0005071270218963153,0.0003556984309610034,72.05387205387261,1.153863,1.1577040694783167,1.1500219305216834,0.0066577565591697425,0.0012021428571428183,0.6035095149129764,0.0007357396347269507,0.002853772357441553,0.0012280013147579483,0
2026-08-07 20:00:00+00:00,1.15615,1.15617,1.15554,1.15582,861,1.1560840000000001,1.1557819999999999,1.1540595,1.1539556,1.1552688364834234,1.1544179624834237,0.0008508739999997239,0.000575876417516997,0.0002749975824827269,69.7068403908802,1.1540595,1.1578776145802316,1.1502413854197684,0.006616841818349269,0.0012199999999999514,0.5441162005563875,8.651941063142488e-06,0.0027240864767326123,0.0012338369793519662,0
2026-08-09 21:00:00+00:00,1.15616,1.1564,1.15591,1.15601,225,1.15611,1.1560549999999998,1.1542530000000002,1.1539746,1.1553828616398198,1.1545358911883552,0.0008469704514646459,0.0006300952243065268,0.00021687522715811908,70.28753993610248,1.1542530000000002,1.1580537373246425,1.150452262675358,0.006585622605515871,0.0012149999999999503,0.5468732051153978,0.000112468422327483,0.002367161487236258,0.0012310273980056985,0
2026-08-09 22:00:00+00:00,1.15613,1.15619,1.15546,1.15551,691,1.155994,1.1558810000000002,1.154422,1.1539806,1.15540242138754,1.1546080473966251,0.000794373990914865,0.0006629509776281945,0.00013142301328667057,66.35991820041001,1.154422,1.1581245828823132,1.1507194171176869,0.0064146090118053474,0.0012157142857142564,0.27154257620740335,-0.0005016910448149003,-0.0015035644847698482,0.000506893385098835,0
2026-08-09 23:00:00+00:00,1.15551,1.15581,1.15539,1.15552,634,1.155802,1.155857,1.154582,1.1539844,1.1554205104048416,1.1546755994413196,0.0007449109635220275,0.0006793429748069612,6.55679887150663e-05,64.39393939394046,1.154582,1.1581771288682523,1.1509868711317477,0.006227585166323928,0.0011864285714285566,0.20450140435437694,-0.0008301051466518272,-0.00020765556863000523,0.0003120773853923332,0
2026-08-10 00:00:00+00:00,1.15554,1.1559,1.15538,1.15579,1205,1.1557300000000001,1.155906,1.1547554999999998,1.1539912,1.155477354957943,1.1547581476308515,0.000719207327091409,0.0006873158452638507,3.189148182755825e-05,66.66666666666825,1.1547554999999998,1.1582236739470078,1.1512873260529919,0.00600676757462153,0.0011978571428571236,0.09742505764756779,-0.00031137828136484913,0.00042413226001913884,0.0002904019248734681,0
2026-08-10 01:00:00+00:00,1.1558,1.15589,1.15517,1.1554,1546,1.155646,1.155865,1.1549144999999998,1.1539862,1.1554654541951825,1.1548056922507886,0.0006597619443939884,0.0006818050650898783,-2.2043120695889934e-05,61.62280701754385,1.1549144999999998,1.1581788237391635,1.1516501762608362,0.0056529271026792595,0.0011999999999999789,0.0,-0.0003633783807167612,-0.00035472958358206963,0.00027556769676290356,1
2026-08-10 02:00:00+00:00,1.15538,1.15549,1.15507,1.15515,781,1.1554740000000001,1.1557920000000002,1.1550625,1.1539768000000001,1.155416922780539,1.1548311965285079,0.0005857262520312378,0.0006625893024781503,-7.686305044691242e-05,30.555555555555102,1.1550625,1.1580645896231863,1.152060410376814,0.005198142305175962,0.0008442857142856784,0.0,-0.000743938201226757,-0.0006315534484550023,0.0002787445882622603,1
2026-08-10 03:00:00+00:00,1.15515,1.15527,1.15484,1.15489,796,1.1553499999999999,1.155672,1.155197,1.1539654,1.1553358577373793,1.154835552341211,0.0005003053961682991,0.0006301325212161801,-0.00012982712504788101,39.568345323741354,1.155197,1.157883559921331,1.152510440078669,0.004651258480295645,0.0007407142857142533,0.2076317123825058,-0.0005365596143694917,-0.0010379814720308245,0.00026854143462612113,1
2026-08-10 04:00:00+00:00,1.15489,1.15523,1.15478,1.1551,671,1.155266,1.1555339999999998,1.1553365000000002,1.1539608,1.1552995719316286,1.154855141056677,0.0004444308749516068,0.0005929921919632655,-0.00014856131701165864,47.44897959183697,1.1553365000000002,1.157656620459748,1.1530163795402524,0.004016354472913877,0.0006735714285714004,0.38918144668572063,-0.0003634727222376899,-0.0011932761483121057,0.0002434902324238321,1
2026-08-10 05:00:00+00:00,1.15512,1.1556,1.1549800000000001,1.15545,987,1.155198,1.155464,1.155466,1.1539724,1.155322714711378,1.1548992046821083,0.0004235100292697691,0.0005590957594245662,-0.0001355857301547971,45.21276595744791,1.155466,1.157471963740122,1.1534600362598781,0.003472129409471093,0.0006221428571428251,0.3376647822451225,-0.00029417108644302914,-0.0006054577693205276,0.00026870402483079175,1
2026-08-10 06:00:00+00:00,1.15544,1.15573,1.1552,1.15546,1449,1.1552099999999998,1.1554280000000001,1.155605,1.1539838,1.1553438355250123,1.154940745076026,0.0004030904489862319,0.0005278946973368994,-0.00012480424835066746,44.324324324322866,1.155605,1.15712436967552,1.15408563032448,0.002629565769480093,0.000590714285714254,0.31719735069703425,5.193006750903173e-05,-0.0003114671834716365,0.0002572017002298009,0
2026-08-10 07:00:00+00:00,1.15548,1.15652,1.15517,1.15606,1726,1.1553920000000002,1.155433,1.155744,1.1540067999999999,1.1554540146750103,1.1550236528481723,0.0004303618268379772,0.000508388123237115,-7.802629639913779e-05,49.63325183374113,1.155744,1.156808279346166,1.1546797206538342,0.0018417216029950065,0.0006457142857142495,0.4395015137860324,0.0007877764792452169,4.3252221001655045e-05,0.0003068643652516861,0
2026-08-10 08:00:00+00:00,1.15608,1.1565400000000001,1.15591,1.15609,1348,1.1556320000000002,1.155491,1.155686,1.1540392,1.1555518585711626,1.1551026415260854,0.000449217045077166,0.0004965539076051252,-4.733686252795925e-05,44.77211796246797,1.155686,1.1565022404188805,1.1548697595811195,0.0014125643451257685,0.000638571428571409,0.3425816661130098,0.0010390599970560022,0.0005019428650552271,0.0002658456394994514,0
2026-08-10 09:00:00+00:00,1.15609,1.15635,1.15564,1.15567,1288,1.1557460000000002,1.1555060000000001,1.1556815,1.1540647999999998,1.155570034175599,1.1551446680797088,0.00042536609589016727,0.00048231634526213366,-5.6950249371966384e-05,43.717277486910774,1.1556815,1.1564970146907863,1.1548659853092138,0.0014113139144067343,0.0006242857142856963,0.3312626373065442,0.000493463769370539,0.00012981168651338137,0.0002965528685154744,0
2026-08-10 10:00:00+00:00,1.15566,1.15577,1.1554,1.15551,1346,1.155758,1.155478,1.155692,1.1540888,1.1555607981485838,1.155171729703434,0.0003890684451497428,0.00046366676523965555,-7.459832008991274e-05,45.75342465753398,1.155692,1.1564920947314592,1.1548919052685407,0.001384615851730834,0.0006057142857142729,0.38250969184870215,5.1927820329700225e-05,-0.00024225854177661876,0.0002890417034642068,0
2026-08-10 11:00:00+00:00,1.15551,1.15563,1.15487,1.15523,1313,1.155712,1.155461,1.155663,1.1541168,1.1555099061257248,1.1551760460216982,0.0003338601040265843,0.00043770543299704136,-0.00010384532897045708,39.572192513369785,1.155663,1.1564867807579717,1.1548392192420285,0.0014256418315229025,0.0006185714285714049,0.24969148498493182,-0.0001990549218492399,-0.00014713519127573793,0.00027897843176407044,0
2026-08-10 12:00:00+00:00,1.15523,1.15548,1.15448,1.15468,1749,1.1554360000000001,1.155414,1.155603,1.1541288,1.1553822282602286,1.155139301871943,0.00024292638828571356,0.00039874962405477585,-0.0001558232357690623,39.05013192612111,1.155603,1.1565287281630927,1.1546772718369072,0.0016021560399077817,0.0006378571428571186,0.23523442256885554,-0.001193709669048415,-0.0004068735662035028,0.0003101861317882615,0
2026-08-10 13:00:00+00:00,1.15471,1.1553499999999999,1.15435,1.15448,2262,1.155114,1.155373,1.1555225,1.1541288,1.1552434239125011,1.1550904646962434,0.0001529592162576865,0.000349591542495358,-0.0001966323262376715,36.9346733668333,1.1555225,1.1565448785478498,1.1545001214521502,0.0017695519522117683,0.0006792857142856759,0.17665249323489712,-0.0013926251416412905,-0.0003550121656608063,0.0003071784928311982,0
2026-08-10 14:00:00+00:00,1.1545,1.15555,1.15441,1.15517,2175,1.155014,1.15538,1.155457,1.1541553999999998,1.1552321279259625,1.1550963562002254,0.0001357717257370883,0.0003068275791437041,-0.0001710558534066158,42.95454545454536,1.155457,1.1563845457147763,1.1545294542852236,0.0016055045142768253,0.0007235714285714108,0.39910160427679614,-0.0004326494587554297,6.060081378245208e-05,0.0003629474614506538,0
2026-08-10 15:00:00+00:00,1.15516,1.15534,1.15461,1.15513,1829,1.154938,1.155348,1.155406,1.1541725999999999,1.1552164159373528,1.155098848333542,0.00011756760381076425,0.0002689755840771161,-0.00015140798026635186,46.666666666667034,1.155406,1.1562839497649886,1.1545280502350113,0.001519725126905473,0.0007242857142857011,0.8444998219962953,-0.00032885911848457017,-0.0002769483750920676,0.000347642518009677,0
2026-08-10 16:00:00+00:00,1.15514,1.1554,1.1544699999999999,1.15469,1443,1.15483,1.1552710000000002,1.1553495,1.154197,1.155135428870068,1.1550685632717983,6.686559826962757e-05,0.0002285535869156184,-0.00016168798864599082,44.57547169811464,1.1553495,1.156260103617245,1.154438896382755,0.0015763258083290688,0.0007607142857142892,0.6017050137645639,-0.0004674393843649982,-0.0006664012601041991,0.0003645394137027142,0
2026-08-10 17:00:00+00:00,1.15469,1.15476,1.15408,1.15426,1099,1.154746,1.155091,1.155262,1.1542409999999999,1.1550007475054422,1.1550086696961097,-7.922190667475348e-06,0.00018125843139899964,-0.000189180622066475,42.85714285714429,1.155262,1.1562392485544712,1.1542847514455288,0.0016918215166278,0.000778571428571438,0.46638838399889837,-0.00036373713929394036,-0.0015570126118021888,0.00031033230424317235,1
2026-08-10 18:00:00+00:00,1.15428,1.1544699999999999,1.15398,1.15419,1068,1.1546880000000002,1.154901,1.155196,1.1542839999999999,1.1548760171199894,1.154948027496398,-7.201037640847119e-05,0.0001306046698375055,-0.00020261504624597668,39.3442622950829,1.155196,1.1562756568657422,1.1541163431342576,0.0018692184975403234,0.0007814285714285678,0.18975265101601332,-0.00025119534335793503,-0.0016434706640486851,0.0003058744157647159,1
2026-08-10 19:00:00+00:00,1.15418,1.1543,1.154,1.1541299999999999,909,1.15448,1.154747,1.1551265000000002,1.1543212,1.1547612452553757,1.154887432867035,-0.00012618761165938963,7.924621353812645e-05,-0.0002054338251975161,33.41708542713437,1.1551265000000002,1.156293741913482,1.1539592580865183,0.0020209767735080634,0.0007585714285714497,0.0,-0.0009003003886874916,-0.0013325603329671365,0.00029915367557376975,1
2026-08-10 20:00:00+00:00,1.15415,1.15429,1.15412,1.15423,373,1.1542999999999999,1.1546189999999998,1.1550485,1.1543590000000001,1.1546795152160871,1.1548387341361437,-0.00015921892005654747,3.1553186819191655e-05,-0.00019077210687573913,34.88943488943937,1.1550485,1.1562373477395147,1.1538596522604851,0.002058524364154017,0.00073285714285717,0.0907951623939961,-0.0007791330845877686,-0.001107735978052915,0.0003070861517213148,1
2026-08-10 21:00:00+00:00,1.15422,1.15428,1.15405,1.15426,299,1.154214,1.154522,1.1549915,1.1543982,1.1546149744136123,1.1547958649408738,-0.00018089052726155685,-1.0935555996958061e-05,-0.0001699549712645988,24.285714285717646,1.1549915,1.1562181046419897,1.1537648953580102,0.002124006353275776,0.0006528571428571693,0.0,-0.0003723943222855297,-0.0008396596348778651,0.000306036670671252,0
2026-08-10 22:00:00+00:00,1.15427,1.1544,1.1542,1.1543700000000001,381,1.1542359999999998,1.1544910000000002,1.1549525,1.1544408,1.1545772860422874,1.154764319389698,-0.0001870333474105479,-4.615511427967604e-05,-0.00014087823313087185,25.977653631289613,1.1549525,1.1562071649795505,1.1536978350204496,0.0021726694033744275,0.0006221428571428886,0.07559728990820704,9.529915270389822e-05,-0.00026847265043117297,0.00027661348506062815,0
2026-08-10 23:00:00+00:00,1.1543700000000001,1.15463,1.1542,1.15457,450,1.154312,1.1545,1.1549365,1.1544926,1.1545761651127047,1.1547499253608313,-0.00017376024812665314,-7.167614104907148e-05,-0.00010208410707758166,33.6309523809565,1.1549365,1.1562026300342154,1.1536703699657846,0.002192553502665098,0.0006021428571429002,0.41755319148758585,0.00032923522123740057,7.79571755249453e-05,0.00027793468421280775,0
2026-08-11 00:00:00+00:00,1.15457,1.15494,1.1545,1.15458,917,1.1544020000000002,1.1544409999999998,1.1549105,1.1545412,1.1545767550953656,1.154737338297066,-0.00016058320170042606,-8.94575531793424e-05,-7.112564852108366e-05,35.51401869158897,1.1549105,1.1561838292460342,1.1536371707539657,0.002205069996392437,0.0006071428571429013,0.5016901968559061,0.00038990408359551587,-0.0005107473358900716,0.00018637584199949185,0
2026-08-11 01:00:00+00:00,1.15458,1.15495,1.15429,1.15462,983,1.15448,1.15439,1.1548690000000001,1.1545855999999999,1.154583408157617,1.1547286465713573,-0.00014523841374036728,-0.0001006137252915474,-4.462468844881988e-05,39.730639730640995,1.1548690000000001,1.1561222383317533,1.153615761668247,0.002170355826943437,0.0006000000000000449,0.6900924134935841,0.00033788759605957175,-0.0004415087479331392,0.00018833199880733385,0
2026-08-11 02:00:00+00:00,1.15462,1.15462,1.15384,1.15396,1006,1.1544200000000002,1.154317,1.1547939999999999,1.154627,1.1544874992102911,1.1546717097882937,-0.0001842105780025527,-0.00011733309583374846,-6.687748216880424e-05,38.31168831169178,1.1547939999999999,1.1560774886669867,1.153510511333013,0.00222288766132626,0.0005842857142857515,0.6266924564769792,-0.00025990678010145984,-0.0006322043145778888,0.00023103632450994266,0
2026-08-11 03:00:00+00:00,1.15396,1.1544699999999999,1.15391,1.15425,778,1.1543959999999998,1.1543160000000001,1.1547034999999999,1.1546692,1.1544509608702465,1.1546404720261978,-0.0001895111559513385,-0.00013176870785726647,-5.7742448094072024e-05,46.37223974763495,1.1547034999999999,1.155860106197082,1.1535468938029179,0.002003295559564896,0.0005528571428571803,0.9868447546771342,-0.0001039528054264105,-8.663559336818949e-06,0.00022231908378811583,0
2026-08-11 04:00:00+00:00,1.15425,1.15451,1.15391,1.15425,888,1.154332,1.154322,1.1546115000000001,1.1547116,1.1544200438132854,1.1546115481724053,-0.00019150435911985397,-0.00014371583810978398,-4.778852101006999e-05,31.451612903225453,1.1546115000000001,1.1555813893047935,1.1536416106952068,0.0016800270996666128,0.000514285714285737,0.32017844886598235,-0.00027715946196427144,5.198450861643167e-05,0.0002213315188289959,0
2026-08-11 05:00:00+00:00,1.15426,1.15429,1.15384,1.15409,948,1.154234,1.1543180000000002,1.1545325,1.154747,1.1543692678420108,1.1545729149744492,-0.0002036471324384781,-0.00015570209697552282,-4.7945035462955275e-05,30.000000000000867,1.1545325,1.1553902786491417,1.1536747213508582,0.0014859324430307784,0.0004942857142857328,0.2587227096498364,-0.00042439675033334456,-3.465814076386575e-05,0.0002254761272545037,0
2026-08-11 06:00:00+00:00,1.15411,1.15432,1.15328,1.15367,1662,1.154044,1.1542620000000001,1.1544405,1.154774,1.154261688174009,1.1545060323837493,-0.0002443442097401771,-0.0001734305195284537,-7.091369021172342e-05,30.232558139534675,1.1544405,1.1552501906494264,1.1536308093505736,0.001402741240326159,0.0005021428571428636,0.2692521222518205,-0.0008227815211930833,-0.00048517193280384063,0.000249239768967091,0
2026-08-11 07:00:00+00:00,1.15368,1.15397,1.15316,1.15318,1658,1.1538879999999998,1.154154,1.154338,1.1547932,1.154095274608777,1.1544078077627309,-0.0003125331539539644,-0.00020125104641355586,-0.00011128210754040855,29.54545454545493,1.154338,1.1552405717643919,1.1534354282356083,0.0015637911329121812,0.0005114285714285753,0.23814249410947771,-0.000675933307913601,-0.0009356644083654553,0.00027381469659646453,1
2026-08-11 08:00:00+00:00,1.15319,1.15385,1.15312,1.15358,1430,1.1537540000000002,1.154075,1.154283,1.154821,1.154016001592042,1.1543464886691952,-0.0003304870771532187,-0.00022709825256148845,-0.00010338882459173023,39.73063973063946,1.154283,1.1552307530215615,1.1533352469784384,0.0016421501859796626,0.0005285714285714496,0.6992917682540335,-0.0005804635044400763,-0.0006843559690568046,0.0003030870704077064,1
2026-08-11 09:00:00+00:00,1.15361,1.15371,1.15326,1.15368,1073,1.15364,1.1539860000000002,1.1542430000000001,1.1548505999999998,1.1539643090394203,1.1542971191381437,-0.00033281009872343503,-0.0002482406217938778,-8.456947692955726e-05,42.52491694352361,1.1542430000000001,1.1552227335837584,1.1532632664162419,0.0016976210100615667,0.0005392857142857263,0.82580678835937,-0.0004938271604938427,-0.0007708497535879877,0.00029658403026964033,1
2026-08-11 10:00:00+00:00,1.15368,1.15382,1.15331,1.15364,1344,1.15355,1.1538920000000001,1.1541665,1.1548772,1.1539144153410479,1.1542484436464293,-0.0003340283053814286,-0.00026539815851138796,-6.863014687004062e-05,39.99999999999699,1.1541665,1.155078023305929,1.1532549766940712,0.0015795351986544722,0.000563571428571441,0.7114874515370719,-0.00038991759741446863,-0.000814148867986586,0.00029550683365978206,1
2026-08-11 11:00:00+00:00,1.15364,1.15434,1.15344,1.15362,2189,1.15354,1.153792,1.154091,1.1548924,1.1538691206731944,1.1542018922652124,-0.0003327715920180552,-0.0002788728452127214,-5.389874680533375e-05,39.11564625850199,1.154091,1.1549121647699208,1.1532698352300792,0.0014230502965897475,0.0006114285714285802,0.6441902057830168,-4.333994989891288e-05,-0.0008660858117821579,0.0002936902403130671,1
2026-08-11 12:00:00+00:00,1.15363,1.15439,1.15336,1.1541299999999999,1857,1.1537300000000001,1.153809,1.154063,1.1549213999999999,1.1539092559542414,1.1541965669122338,-0.0002873109579923927,-0.0002805604677686557,-6.7504902237370125e-06,46.40718562873809,1.154063,1.1548348767289038,1.1532911232710963,0.0013376682709761516,0.0006707142857142864,0.9999999999940695,0.0008238089456977793,0.00014731879787843738,0.00028241061189717526,0
2026-08-11 13:00:00+00:00,1.1541299999999999,1.15482,1.15389,1.1543700000000001,1904,1.1538879999999998,1.1538210000000002,1.1540685,1.1549432,1.153980139653589,1.154209413807624,-0.00022927415403506402,-0.00027030320502193737,4.102905098687335e-05,47.04142011834308,1.1540685,1.1548478188661575,1.1532891811338424,0.0013505591152649318,0.0007064285714285523,0.9999999999942845,0.0006848246328821084,0.0001039636127355692,0.00027868362892437547,0
2026-08-11 14:00:00+00:00,1.15436,1.1544,1.1537600000000001,1.15422,1820,1.153996,1.153818,1.1540700000000002,1.1548825999999999,1.1540170412453445,1.1542101979700223,-0.00019315672467778988,-0.00025487390895310785,6.171718427531797e-05,44.88636363636446,1.1540700000000002,1.1548504182417085,1.1532895817582918,0.0013524625745550624,0.000720714285714265,0.8768255188267062,0.0004680674017059072,-2.59909031838923e-05,0.0002822308093149739,1
2026-08-11 15:00:00+00:00,1.15424,1.15446,1.15361,1.15429,1768,1.1541260000000002,1.153838,1.154078,1.1548532,1.154059034899907,1.1542161092315022,-0.00015707433159528605,-0.0002353139934815435,7.823966188625744e-05,45.35211267605679,1.154078,1.154864266327178,1.153291733672822,0.001362587844457727,0.0007342857142857032,0.9034458866909069,0.0005634340002080851,0.00017329670996191204,0.0002785681682852698,0
2026-08-11 16:00:00+00:00,1.1543,1.15433,1.1539,1.15394,1039,1.15419,1.1538650000000001,1.1540635,1.1548260000000001,1.1540407218383828,1.1541956566958353,-0.00015493485745254887,-0.00021923816627574457,6.43033088231957e-05,49.69135802468933,1.1540635,1.1548486590522018,1.153278340947798,0.0013606860492544634,0.0007092857142857138,0.9999999999950363,0.0002773877013226844,0.00023403572945479567,0.0002698612240053433,1
2026-08-11 17:00:00+00:00,1.15394,1.154,1.15341,1.15377,951,1.154118,1.1539240000000002,1.154039,1.1547852,1.1539990723247855,1.1541641265702178,-0.00016505424543233893,-0.00020840138210706345,4.334713667472452e-05,42.30769230769176,1.154039,1.1548289073899034,1.1532490926100967,0.0013689440129897965,0.0007114285714285692,0.6334904649636732,-0.00031192326687623506,0.0005116287136439635,0.00022998435109799318,1
2026-08-11 18:00:00+00:00,1.15377,1.1542,1.1535199999999999,1.15402,984,1.154048,1.153968,1.1540215,1.154748,1.1540022919671262,1.1541534505279794,-0.0001511585608531263,-0.00019695281785627602,4.5794257003149735e-05,46.58753709198893,1.1540215,1.1547958866845809,1.1532471133154192,0.0013420663039308233,0.0007171428571428606,0.845932899659512,-0.0003031956824935955,0.00038142131451657235,0.00021455350569623869,1
2026-08-11 19:00:00+00:00,1.15402,1.15427,1.15396,1.15424,819,1.154052,1.154024,1.1540050000000002,1.154711,1.1540388624337221,1.1541598615999809,-0.00012099916625873952,-0.00018176208753676874,6.076292127802922e-05,52.186588921280915,1.1540050000000002,1.154743405109461,1.1532665948905394,0.0012797260141173934,0.0007071428571428427,0.9999999999955833,1.7327719152193666e-05,0.00048540323139856234,0.00021962435861847159,0
2026-08-11 20:00:00+00:00,1.15426,1.15435,1.15393,1.15421,415,1.154036,1.1540810000000001,1.1539865,1.1546656,1.1540651912900726,1.154163575555538,-9.838426546537882e-05,-0.00016508652312249077,6.670225765711195e-05,58.88157894736837,1.1539865,1.1546815130634096,1.1532914869365904,0.0012045427973543493,0.0006628571428571396,0.9999999999965913,-6.930667336635388e-05,0.0004940882771053978,0.0002192757536790705,0
2026-08-11 21:00:00+00:00,1.15421,1.15424,1.15384,1.1540300000000001,351,1.154054,1.1541219999999999,1.153957,1.1546232,1.154059777245446,1.1541536810699426,-9.390382449669943e-05,-0.00015084998339733252,5.6946158900633096e-05,65.56776556776646,1.153957,1.1545857196684284,1.1533282803315714,0.001089676077060894,0.0006335714285714238,0.9999999999962197,7.799365651606216e-05,0.00035540299231984207,0.00022816561250426354,0
2026-08-11 22:00:00+00:00,1.15402,1.15431,1.15402,1.1543,372,1.15416,1.154139,1.1539740000000003,1.1545927999999999,1.1540967345923003,1.1541645195092063,-6.778491690595523e-05,-0.00013423697009905708,6.645205319310185e-05,63.846153846155225,1.1539740000000003,1.154621176865434,1.1533268231345666,0.0011216489547142242,0.0006021428571428368,0.9349159248233939,0.00045936365133436574,0.0001472970982474564,0.0001938794792405739,0
2026-08-11 23:00:00+00:00,1.15432,1.15436,1.1541,1.15432,383,1.15422,1.154134,1.1539775,1.154559,1.1541310831165619,1.1541760365825984,-4.495346603650141e-05,-0.00011638026928654595,7.142680325004454e-05,62.69841269841291,1.1539775,1.1546316808862958,1.1533233191137044,0.001133784473779865,0.0005885714285714145,0.8915265413747869,0.00025996083256796254,-4.3313668927735804e-05,0.00018176565229178332,0
2026-08-12 00:00:00+00:00,1.15432,1.1544699999999999,1.15394,1.15406,835,1.154184,1.154118,1.153968,1.15453,1.1541201472524754,1.1541674412801837,-4.729402770831115e-05,-0.000102563020970899,5.526899326258785e-05,57.66423357664464,1.153968,1.1546109406131166,1.1533250593868836,0.0011143127246449438,0.0005899999999999794,0.7012136570689124,-0.00015594677016894654,-0.00013862175321854853,0.00019133060228775827,0
2026-08-12 01:00:00+00:00,1.15408,1.15408,1.15365,1.15382,852,1.154106,1.154071,1.1539545,1.154496,1.1540739707520946,1.154141704889059,-6.773413696437025e-05,-9.559724416959325e-05,2.7863107205222998e-05,53.37837837837818,1.1539545,1.1545979929357117,1.1533110070642882,0.0011152830301571744,0.000556428571428553,0.4759523302809784,-0.0003378934509317144,-0.00040717670602707923,0.0001984335433459167,0
2026-08-12 02:00:00+00:00,1.15382,1.15399,1.15349,1.15383,814,1.154066,1.15406,1.1539625,1.1544568,1.1540364367902338,1.1541186156380174,-8.21788477836094e-05,-9.291356489239649e-05,1.0734717108787088e-05,43.90243902439068,1.1539625,1.1545949846579335,1.1533300153420665,0.0010961962073005487,0.0005185714285714159,0.06856155175699322,-0.00017330571995544108,-9.532558018621184e-05,0.0001758099986956419,0
2026-08-12 03:00:00+00:00,1.15383,1.15385,1.15347,1.15353,543,1.153912,1.154036,1.15398,1.1544193999999999,1.1539585234378902,1.1540750144796459,-0.00011649104175570635,-9.762906026505847e-05,-1.8861981490647878e-05,33.33333333332746,1.15398,1.1545360764812929,1.1534239235187072,0.0009637541054313859,0.00047928571428571383,0.0,-0.0006670709520922857,-0.00020801372890610903,0.00018875784745226972,1
2026-08-12 04:00:00+00:00,1.15353,1.15362,1.15326,1.15356,520,1.15376,1.1539899999999998,1.153979,1.1543876,1.153897212139753,1.1540368652589315,-0.00013965311917840673,-0.00010603387204772814,-3.361924713067858e-05,36.249999999995026,1.153979,1.1545381685560723,1.153419831443928,0.0009691139198758158,0.00045928571428572554,0.09048295454518278,-0.0006583962852589886,-0.00039860660993751296,0.00017088937895079893,1
2026-08-12 05:00:00+00:00,1.15356,1.15356,1.15321,1.15339,698,1.1536259999999998,1.153905,1.1539645,1.1543576,1.153819179502868,1.1539889493138253,-0.0001697698109572876,-0.00011878105982964004,-5.098875112764757e-05,31.99999999999396,1.1539645,1.1545694784688603,1.1533595215311399,0.0010485218026381343,0.00042357142857142794,0.0,-0.0005805590697192109,-0.0007364153035763765,0.00015269299786784126,1
2026-08-12 06:00:00+00:00,1.15338,1.1537,1.15332,1.15369,1181,1.1536,1.153853,1.1539670000000002,1.1543294,1.1537993057331961,1.1539668049202085,-0.00016749918701242095,-0.00012852468526619622,-3.8974501746224724e-05,44.89795918367551,1.1539670000000002,1.154566722743305,1.1533672772566954,0.0010394105607955438,0.00041999999999999183,0.38423645320098715,-0.00011266922050234829,-0.0004505246012422859,0.00018582371915724664,1
2026-08-12 07:00:00+00:00,1.1537,1.15392,1.15355,1.15373,1051,1.1535799999999998,1.1538229999999998,1.1539725,1.1542949999999998,1.1537886433127043,1.1539492638150077,-0.0001606205023034768,-0.00013494384867365235,-2.567665362982445e-05,49.13793103448169,1.1539725,1.1545607310684498,1.1533842689315503,0.0010194888846133516,0.0004042857142857142,0.5105472689218951,-8.666788001698844e-05,-0.0002599585799331061,0.00018293757566802544,1
2026-08-12 08:00:00+00:00,1.15373,1.15399,1.15344,1.15373,1175,1.1536199999999999,1.1537659999999998,1.1539525000000002,1.1542604,1.1537796212645959,1.1539330220509332,-0.0001534007863372988,-0.00013863523620638165,-1.4765550130917165e-05,42.99516908212041,1.1539525000000002,1.1545453654772382,1.1533596345227621,0.0010275387890541852,0.0003950000000000025,0.3275514141653164,0.00017338083968332363,-0.0004938057697306819,0.00015945201255458425,1
2026-08-12 09:00:00+00:00,1.15373,1.15495,1.15343,1.15361,2117,1.1536300000000002,1.153695,1.1539145000000002,1.1542114,1.1537535256854272,1.1539090944916048,-0.00015556880617761948,-0.0001420219502006292,-1.3546855976990266e-05,34.010152284261096,1.1539145000000002,1.1544919162052645,1.1533370837947359,0.0010007954753394688,0.000481428571428585,0.05988341047612177,4.334408266593037e-05,-0.0006150807401760217,0.00015842521328220295,1
2026-08-12 10:00:00+00:00,1.15359,1.1539,1.1532,1.15347,1435,1.153646,1.153636,1.153877,1.1541590000000002,1.1537099063492078,1.1538765689737083,-0.00016666262450049096,-0.00014695008506060157,-1.9712539439889395e-05,32.21153846153436,1.153877,1.1544681309414102,1.1532858690585899,0.0010245995741490078,0.0005014285714285733,0.006301833260622561,6.936075395147512e-05,-0.0005112385837825473,0.00014965982994391818,1
2026-08-12 11:00:00+00:00,1.15346,1.15452,1.15336,1.15431,1346,1.15377,1.1536849999999998,1.153878,1.1541318,1.1538022284493297,1.153908674975656,-0.00010644652632629814,-0.0001388493733137409,3.240284698744275e-05,55.109489051092794,1.153878,1.154472132716343,1.153283867283657,0.001029801619136529,0.0005557142857142943,0.7256602842108008,0.0005374060622869159,0.00042467629266251805,0.00027823747953804255,0
2026-08-12 12:00:00+00:00,1.15434,1.15627,1.1532499999999999,1.15591,5250,1.1542059999999998,1.1538929999999998,1.1539765000000002,1.1541398,1.1541265009955868,1.1540569212737555,6.957972183130323e-05,-9.716355428473206e-05,0.0001667432761160353,69.77886977887049,1.1539765000000002,1.1550630546709888,1.1528899453290116,0.0018831486966824978,0.000750714285714303,0.999999999997353,0.0018895235453701975,0.0018026919043534484,0.0005067507944944587,0
2026-08-12 13:00:00+00:00,1.1559,1.15626,1.15458,1.15516,4067,1.1544919999999999,1.154056,1.154046,1.1541384000000001,1.1542855008424198,1.154138630809033,0.00014687003338687,-4.835683675041165e-05,0.00019522687013728165,58.750000000000064,1.154046,1.1552485656784306,1.1528434343215692,0.002084086212214573,0.0008521428571428727,0.7080677679482128,0.0012394581054493425,0.0014130538434198314,0.0005567370367134642,0
2026-08-12 14:00:00+00:00,1.15519,1.15541,1.15387,1.15427,2807,1.154624,1.1541270000000001,1.1540585,1.1541302,1.154283116097432,1.1541483618602157,0.00013475423721631685,-1.1734621957065944e-05,0.00014648885917338279,51.933701657456986,1.1540585,1.1552651181536984,1.1528518818463018,0.0020910866367662797,0.0009242857142857426,0.5276415566184005,0.0005721170932984077,0.0006154859738547458,0.0006275405315911312,0
2026-08-12 15:00:00+00:00,1.15426,1.1543700000000001,1.15349,1.15393,1993,1.154716,1.154181,1.154043,1.1541192,1.154228790543981,1.1541321869076073,9.660363637364888e-05,9.933029709077027e-06,8.667060666457186e-05,50.994575045206474,1.154043,1.1552477642269416,1.1528382357730582,0.0020879017973190125,0.00095642857142862,0.5027830413228179,0.0003987966743823623,0.00046818508917190194,0.0006346749003671991,0
2026-08-12 16:00:00+00:00,1.15393,1.154,1.15243,1.15279,1758,1.154412,1.154091,1.153972,1.1540716,1.1540074381525993,1.1540327656551919,-2.5327502592542572e-05,2.8809232487531057e-06,-2.820842584129568e-05,42.19219219219259,1.153972,1.1552967220166768,1.1526472779833232,0.002295934418992439,0.0010328571428571687,0.26978552433748193,-0.0013168039781340513,-0.0007801055742878704,0.0007067287829753429,0
2026-08-12 17:00:00+00:00,1.1528,1.15304,1.1521,1.15213,1367,1.153656,1.153931,1.153877,1.1540116,1.153718601513738,1.1538918200511037,-0.000173218537365738,-3.2338968874145126e-05,-0.0001408795684915929,40.02849002849085,1.153877,1.1554360023802008,1.1523179976197993,0.0027021985535733727,0.001072857142857177,0.21251271082134504,-0.0032701507902863636,-0.0013868062718311869,0.0007219116217048472,1
2026-08-12 18:00:00+00:00,1.15213,1.15265,1.15195,1.1521,990,1.153044,1.153768,1.153767,1.1539598,1.1534695858962398,1.1537590926399108,-0.0002895067436710086,-8.377252383351783e-05,-0.00020573421983749077,39.60113960113952,1.153767,1.1555009714076443,1.1520330285923557,0.0030057566348219494,0.001097142857142876,0.2012008206072777,-0.002648983690571094,-0.0014128088894281854,0.0007214032070254233,1
2026-08-12 19:00:00+00:00,1.15209,1.15244,1.15198,1.15223,913,1.152636,1.1536300000000002,1.1536624999999998,1.1539192,1.1532788803737415,1.153645826518436,-0.00036694614469445774,-0.00014040724800570584,-0.0002265388966887519,41.69054441260893,1.1536624999999998,1.1555046826300697,1.15182031736993,0.003193624877414071,0.0011050000000000226,0.25232045020656224,-0.0017673507931418309,-0.0011962448314420948,0.0007258883807149323,1
2026-08-12 20:00:00+00:00,1.15223,1.15259,1.15212,1.15245,558,1.15234,1.153528,1.1535819999999999,1.1538844,1.1531513603162427,1.1535572467763295,-0.00040588646008687945,-0.00019350309042194059,-0.00021238336966493887,41.01449275362212,1.1535819999999999,1.1554905580118608,1.151673441988139,0.003308924743730331,0.0011114285714285885,0.23432471733764187,-0.0012825734663280963,-0.0008842882779785954,0.0007324850131374366,1
2026-08-12 21:00:00+00:00,1.15245,1.15246,1.15207,1.15223,321,1.152228,1.15332,1.1535024999999999,1.1538464,1.1530096125752824,1.153458932200305,-0.0004493196250225928,-0.0002446663973420711,-0.00020465322768052174,39.40677966101808,1.1535024999999999,1.155499717801793,1.1515052821982068,0.0034628755495424973,0.0011128571428571693,0.1915292076161979,-0.00048577798211291157,-0.0018019422858676082,0.000673981771031718,0
2026-08-12 22:00:00+00:00,1.15224,1.15265,1.15224,1.1526399999999999,334,1.1523299999999999,1.152993,1.153443,1.1538146,1.152952749102162,1.1533982705558379,-0.0004455214536758234,-0.00028483740860882155,-0.00016068404506700186,42.72363150867779,1.153443,1.1554698212084342,1.1514161787915658,0.0035143846872957335,0.0011035714285714418,0.27982006382935304,0.0004426583805645645,-0.002828939969374833,0.0004492279675222756,0
2026-08-12 23:00:00+00:00,1.15265,1.15277,1.15259,1.15275,390,1.15246,1.152752,1.1534039999999999,1.1537844,1.1529215569325988,1.1533502505146647,-0.0004286935820658755,-0.00031360864330023236,-0.00011508493876564313,44.25133689839511,1.1534039999999999,1.15545366133285,1.1513543386671496,0.0035541082445530413,0.0010078571428571634,0.3204858587139704,0.0005641871365333895,-0.0020862910765608866,0.00044353064152107463,0
2026-08-13 00:00:00+00:00,1.15275,1.15311,1.1526399999999999,1.15286,924,1.152586,1.1526109999999998,1.153369,1.1537542,1.152912086635276,1.1533139356617266,-0.00040184902645057363,-0.00033125671993030064,-7.0592306520273e-05,45.90604026845636,1.153369,1.1554313124477185,1.1513066875522817,0.0035761537681667753,0.0009914285714286114,0.21398792714620196,0.000546765836681784,-0.0012215512834951037,0.00040448665913470804,0
2026-08-13 01:00:00+00:00,1.15285,1.15307,1.15234,1.15247,975,1.15259,1.152465,1.1533229999999999,1.1537122,1.152844073306772,1.153251421909006,-0.0004073486022340145,-0.00034647509639104343,-6.087350584297105e-05,36.85714285714379,1.1533229999999999,1.1554240182995805,1.1512219817004192,0.0036434169778642206,0.0009607142857143305,0.0,1.735433207517012e-05,-0.0012652413924586492,0.0004067876101023813,0
2026-08-13 02:00:00+00:00,1.15247,1.1525400000000001,1.15195,1.15215,711,1.152574,1.1524009999999998,1.153246,1.1536636,1.1527372927980377,1.1531698351009314,-0.00043254230289369033,-0.00036368853769157283,-6.88537652021175e-05,17.132867132866963,1.153246,1.1554025313280496,1.1510894686719504,0.0037399328990512077,0.0007871428571429069,0.0,-6.943058243591427e-05,-0.0005551748367005338,0.0002827761209184416,1
2026-08-13 03:00:00+00:00,1.15215,1.1524,1.152,1.15223,922,1.152492,1.152411,1.153171,1.1536158,1.1526592477521858,1.1531002176860474,-0.00044096993386166794,-0.0003791448169255919,-6.182511693607606e-05,20.990099009902195,1.153171,1.15536073586497,1.1509812641350299,0.003797764364469911,0.0006957142857143392,0.11083733852125459,-0.0003557051637976816,8.679576089498653e-05,0.00021775084126353223,1
2026-08-13 04:00:00+00:00,1.15224,1.15266,1.15197,1.15255,787,1.152452,1.1524560000000001,1.153112,1.1535875999999998,1.1526424404056956,1.1530594608204143,-0.000417020414718694,-0.0003867199364842124,-3.0300478234481616e-05,30.803571428571274,1.153112,1.155301906030289,1.150922093969711,0.0037982538214657606,0.0006350000000000522,0.4037216413021568,-0.0001734981565820748,0.00039059109452299623,0.0002330182795331302,1
2026-08-13 05:00:00+00:00,1.15255,1.15271,1.1522999999999999,1.15246,838,1.1523720000000002,1.152479,1.1530545,1.1535518,1.1526143726509732,1.1530150563151984,-0.00040068366422518764,-0.0003895126820324075,-1.1170982192780141e-05,32.624113475177865,1.1530545,1.1552497338325092,1.150859266167491,0.0038076844286355593,0.0006014285714286098,0.5383920038730806,-0.0003469632045520754,0.00019961292450298984,0.00023412230299524434,1
2026-08-13 06:00:00+00:00,1.15247,1.15259,1.15117,1.1518,1605,1.1522379999999999,1.1524139999999998,1.152971,1.1535028,1.1524890845508236,1.1529250521437022,-0.00043596759287867215,-0.0003988036642016605,-3.7163928677011644e-05,36.799999999999095,1.152971,1.155225921168053,1.150716078831947,0.003911496764537748,0.0005907142857143333,0.6835232518285445,-0.000581360035402323,-0.0005640157924422518,0.00029002754808156477,1
2026-08-13 07:00:00+00:00,1.15178,1.15276,1.15165,1.1525400000000001,1479,1.1523160000000001,1.152445,1.1528825,1.1534718,1.1524969176968507,1.1528965297626872,-0.00039961206583649655,-0.0003989653445286277,-6.467213078688284e-07,55.35248041775455,1.1528825,1.1550535232853922,1.1507114767146078,0.0037662524765398105,0.0006028571428571748,0.9999999999973835,0.00033849759145954117,0.0002690435069387931,0.0003586843195167222,1
2026-08-13 08:00:00+00:00,1.15253,1.15282,1.15224,1.1524,1384,1.1523500000000002,1.152421,1.152707,1.1534464,1.1524820072819506,1.152859749780266,-0.0003777424983153477,-0.0003947207752859718,1.697827697062413e-05,53.80710659898712,1.152707,1.154351091174458,1.1510629088255417,0.0028525742872354976,0.0005942857142857535,0.9595659483170531,0.00014753998767602639,-0.00020821765685707927,0.00034139946035980083,1
2026-08-13 09:00:00+00:00,1.1524,1.15346,1.15228,1.1534,1249,1.15252,1.1524860000000001,1.152619,1.1534508,1.1526232369308813,1.152899768315061,-0.00027653138417971235,-0.00037108289706471993,9.455151288500759e-05,62.16216216216166,1.152619,1.1538456840198974,1.1513923159801027,0.002128516048923954,0.0006457142857143287,0.9999999999977792,0.0007374951195175949,0.0005638690088918263,0.0004428830389939007,1
2026-08-13 10:00:00+00:00,1.1534,1.15382,1.15334,1.15355,1064,1.152738,1.152555,1.152583,1.1534502,1.152765815864592,1.1529479336250565,-0.00018211776046461736,-0.00033328986974469945,0.0001511721092800821,61.60337552742731,1.152583,1.153635577788319,1.151530422211681,0.0018264676614508806,0.0006464285714286192,0.987590597754871,0.0009458028912066041,0.0005985115278526187,0.000443356623124413,0
2026-08-13 11:00:00+00:00,1.15355,1.15384,1.15322,1.15338,1172,1.1530540000000002,1.152646,1.1525555,1.1534442,1.1528603057315778,1.152979938541719,-0.00011963281014115701,-0.00029055845782399096,0.00017092564768283395,62.26012793176934,1.1525555,1.1534809637531305,1.1516300362468697,0.0016059335157923528,0.0006628571428571872,0.999999999997784,0.0013717659315855002,0.0007896084062926079,0.0004281534876546955,0
2026-08-13 12:00:00+00:00,1.15338,1.15441,1.15255,1.15435,2510,1.1534160000000002,1.152866,1.1526335,1.1534583999999999,1.1530894894651813,1.1530814245756658,8.064889515546625e-06,-0.00023083378835608343,0.00023889867787163006,66.28571428571462,1.1526335,1.1538571145765886,1.1514098854234116,0.0021231633066165143,0.0007657142857143377,0.9999999999979655,0.001570444409738414,0.0019094735928482098,0.0004688172221015752,0
2026-08-13 13:00:00+00:00,1.15435,1.1545,1.15302,1.1534200000000001,2833,1.1536199999999999,1.152985,1.1526980000000002,1.1534544000000002,1.1531403372397686,1.1531065042367277,3.38330030409395e-05,-0.00017790043007667885,0.00021173343311761835,55.51894563426827,1.1526980000000002,1.153945626799984,1.1514503732000165,0.0021647071478977007,0.0008585714285714863,0.7809533063660855,0.0008851093370356722,0.0010327799137326288,0.0005656709842313704,0
2026-08-13 14:00:00+00:00,1.15343,1.15451,1.15313,1.15435,2924,1.15381,1.153165,1.1528105,1.1534588000000001,1.1533264392028812,1.153198615034007,0.00012782416887424652,-0.00011675551028649377,0.0002445796791607403,60.812772133527034,1.1528105,1.1542256135347542,1.1513953864652458,0.002455067046586076,0.000923571428571468,0.8886546259414522,0.0008236518120339209,0.0015617543707431292,0.0006069613087394941,0
2026-08-13 15:00:00+00:00,1.15435,1.15452,1.15298,1.15304,2232,1.153708,1.153223,1.152851,1.1534322000000001,1.1532823716332072,1.1531868657722288,9.550586097839542e-05,-7.430323603351593e-05,0.00016980909701191135,53.64916773367458,1.152851,1.1542423250028702,1.15145967499713,0.0024137117509029212,0.0009814285714286092,0.7429132332290087,-0.00044211347579214966,0.0005032712632109249,0.0007315053519058183,0
2026-08-13 16:00:00+00:00,1.15306,1.15326,1.15242,1.1529099999999999,1487,1.153614,1.153334,1.152874,1.153406,1.1532250836896367,1.1531663571965083,5.872649312843592e-05,-4.7697290201125555e-05,0.00010642378332956147,54.986876640419126,1.152874,1.154252563707338,1.151495436292662,0.0023915253658908448,0.0009992857142857422,0.7505533907295424,-0.0004074979625103836,0.0009637089772529528,0.0007018214233827496,0
2026-08-13 17:00:00+00:00,1.1529099999999999,1.15311,1.15255,1.15275,1047,1.153294,1.153355,1.1529,1.1533752000000002,1.1531519938912311,1.1531355159226928,1.6477968538319843e-05,-3.486223845323648e-05,5.134020699155632e-05,53.37662337662251,1.1529,1.1542466684038493,1.1515533315961508,0.0023361408688511182,0.0010107142857143092,0.6361806286297379,-0.0013860614198466514,0.0001822062574832195,0.0006773554710055376,1
2026-08-13 18:00:00+00:00,1.15276,1.15319,1.15261,1.15286,941,1.153182,1.1534010000000001,1.152911,1.1533536,1.1531070717541188,1.1531151073358266,-8.03558170781038e-06,-2.9496907104151257e-05,2.1461325396340877e-05,52.06942590120182,1.152911,1.1542523096508261,1.151569690349174,0.002326822540206708,0.0010028571428571625,0.5776704600417997,-0.00048551264933860416,0.00039916695591801776,0.0006758490384560775,1
2026-08-13 19:00:00+00:00,1.15286,1.15312,1.15274,1.15286,877,1.152884,1.1533470000000001,1.1529165000000001,1.1533354,1.1530690607150234,1.1530962104961358,-2.7149781112401072e-05,-2.9027481905801226e-05,1.8777007934001532e-06,52.702702702702375,1.1529165000000001,1.1542559307512126,1.1515770692487877,0.002323552054658695,0.0010007142857142912,0.5393358474735502,-0.0012907696972321858,-0.0004681810299982381,0.0006103068626426825,1
2026-08-13 20:00:00+00:00,1.15286,1.15297,1.1526,1.1529,483,1.152856,1.1532820000000001,1.1529185,1.153313,1.1530430513742504,1.153081676385311,-3.862501106044469e-05,-3.0946987736729916e-05,-7.678023323714776e-06,58.11209439528097,1.1529185,1.1542576949665175,1.1515793050334824,0.002323139001616465,0.0009257142857142916,0.42505247013837444,-0.00012141816415733864,-0.0005634779593429728,0.0006079796435928131,1
2026-08-13 21:00:00+00:00,1.15289,1.15289,1.15248,1.15275,416,1.152824,1.153219,1.1529325,1.1532832,1.1529979665474428,1.1530571077641767,-5.914121673389339e-05,-3.6585833536162614e-05,-2.2555383197730773e-05,51.69628432956239,1.1529325,1.1542577348353675,1.1516072651646323,0.002298894055580213,0.0008764285714285876,0.0,-0.00013877926290861708,-0.0005462206731520203,0.0006077164258216315,1
2026-08-13 22:00:00+00:00,1.1528,1.15314,1.1528,1.15312,334,1.152898,1.1530960000000001,1.152981,1.1532613999999999,1.1530167409247594,1.1530617664483116,-4.502552355223344e-05,-3.8273771539376784e-05,-6.751752012856653e-06,55.607476635512825,1.152981,1.1542556912940733,1.1517063087059267,0.002211122809609726,0.0008628571428571652,0.2680839702221754,0.0003209715896768106,-0.001065534716507166,0.0005411827328569383,1
2026-08-13 23:00:00+00:00,1.15312,1.1534,1.1531,1.15335,377,1.1529960000000001,1.153089,1.153037,1.1532478,1.1530680115517196,1.15308311708177,-1.51055300503522e-05,-3.364012324157187e-05,1.853459319121967e-05,49.55752212389485,1.153037,1.1542705161554316,1.1518034838445685,0.002139595096135764,0.0008000000000000229,0.0,0.00042502992557658104,-6.0689081167297765e-05,0.0004875827690397508,1
2026-08-14 00:00:00+00:00,1.15334,1.15389,1.15331,1.1538,955,1.153184,1.153034,1.1530995000000002,1.1532378,1.1531806251591474,1.1531362195201573,4.440563899010819e-05,-1.8030970795235854e-05,6.243660978534404e-05,52.10084033613333,1.1530995000000002,1.1543555837218258,1.1518434162781745,0.002178621570516019,0.0008071428571428793,0.15203784052816646,0.0008153635306975549,-0.00047645861307232806,0.0004241945261266381,1
2026-08-14 01:00:00+00:00,1.15378,1.15379,1.15319,1.15338,1025,1.15328,1.153068,1.1531455,1.153219,1.1532112982115863,1.153154277333479,5.702087810721679e-05,-3.0206010147453217e-06,6.004147912196211e-05,50.0,1.1531455,1.1543699607837616,1.1519210392162382,0.0021236882661584424,0.0008064285714285889,0.026451027811147016,0.0004163413999480614,0.0002948726843821081,0.00023046953175281335,1
2026-08-14 02:00:00+00:00,1.15338,1.15372,1.15333,1.1534200000000001,743,1.1534140000000002,1.153119,1.1532265000000002,1.1532062,1.1532434061790346,1.1531739604939621,6.944568507250004e-05,1.1472656202703755e-05,5.7973028869796286e-05,41.176470588236285,1.1532265000000002,1.1542783610076381,1.1521746389923622,0.0018242054056822115,0.0007014285714285988,0.0,0.0005812188245502004,0.0004423589005215778,0.00022500946508067617,1
2026-08-14 03:00:00+00:00,1.15341,1.15391,1.15337,1.15368,804,1.153526,1.1532120000000001,1.1532835,1.1532034,1.1533105744591832,1.153211444901817,9.912955736623985e-05,2.900403643541098e-05,7.012552093082887e-05,52.82608695652098,1.1532835,1.1543017394509087,1.152265260549091,0.0017658094491230338,0.0006342857142857301,0.5932693761783886,0.00048563896212017177,0.0008067664281068421,0.0002215403622578581,1
2026-08-14 04:00:00+00:00,1.15368,1.15401,1.15365,1.15384,664,1.153624,1.15331,1.1533555,1.1532035999999999,1.1533920245423857,1.1532580045387195,0.00013402000366613542,5.000722988155588e-05,8.401277378457955e-05,43.342036553524665,1.1533555,1.15431250134764,1.1523984986523599,0.0016595080140340013,0.0005614285714285858,0.12787045756028106,0.0004248493518879126,0.000850059851152718,0.00022228168330880814,1
2026-08-14 05:00:00+00:00,1.15384,1.15427,1.1538,1.1541299999999999,783,1.15369,1.1534369999999998,1.153392,1.1532156,1.1535055592281724,1.1533225967951106,0.00018296243306181736,7.659827051760819e-05,0.00010636416254420917,69.39501779359112,1.153392,1.1544098946282009,1.152374105371799,0.0017650454107552322,0.0004850000000000053,0.9999999999964563,0.00028601144045747873,0.0011016081744530393,0.00022578499706909632,1
2026-08-14 06:00:00+00:00,1.15415,1.15443,1.15387,1.15441,1178,1.153896,1.153588,1.1534350000000002,1.1532326,1.1536447039623,1.1534031451806581,0.0002415587816417819,0.00010959037274244295,0.00013196840889933897,75.33783783784007,1.1534350000000002,1.1545491104548915,1.152320889545109,0.0019318131579001722,0.000465000000000017,0.9999999999970727,0.0008930274497562785,0.0013097406540028,0.00022763209824502024,1
2026-08-14 07:00:00+00:00,1.15443,1.1551,1.15428,1.15505,1490,1.1542219999999999,1.153818,1.1535185000000001,1.1532658,1.1538609033527154,1.1535251344265351,0.00033576892618025767,0.0001548260834300059,0.00018094284275025176,83.43023255814018,1.1535185000000001,1.1548452812259318,1.1521917187740685,0.002300407363959332,0.00048357142857144035,0.9999999999976333,0.001413188604324267,0.0019952288006939156,0.00024282811120085798,1
2026-08-14 08:00:00+00:00,1.15503,1.15572,1.155,1.15553,1614,1.1545919999999998,1.154059,1.1535775,1.1533026,1.1541176874522976,1.1536736429875325,0.00044404446476509207,0.00021266975969702316,0.0002313747050680689,85.0393700787407,1.1535775,1.1551433712054344,1.1520116287945654,0.002714808854081324,0.0004935714285714424,0.9999999999977202,0.00160356424658481,0.002089981961981513,0.00024983293523878335,1
2026-08-14 09:00:00+00:00,1.15551,1.15565,1.1550799999999999,1.15544,1297,1.154912,1.154268,1.1536784999999998,1.1533368,1.154321120151944,1.1538044842477153,0.0005166359042287905,0.00027346298860337666,0.0002431729156254138,83.07692307692518,1.1536784999999998,1.1554488318155838,1.1519081681844159,0.0030690210757744864,0.0005071428571428964,0.9552595240007815,0.0013866740622616724,0.0018121125417263073,0.0002658685668437545,1
2026-08-14 10:00:00+00:00,1.15544,1.15561,1.15517,1.15551,988,1.1551879999999999,1.154439,1.1537365000000002,1.1533723999999999,1.1545040247439526,1.1539308187478845,0.0005732059960681379,0.00033341159009632893,0.000239794405971809,83.206106870231,1.1537365000000002,1.1556681235332253,1.151804876466775,0.0033484656734448105,0.0005121428571428975,0.9582046962261945,0.0011957058563594192,0.0014820592823714396,0.0002573636136625248,1
2026-08-14 11:00:00+00:00,1.15553,1.1571500000000001,1.15552,1.15652,1830,1.15561,1.154753,1.1539104999999998,1.1534305999999999,1.1548141747833447,1.154122609951745,0.0006915648315997114,0.00040504223839700547,0.0002865225932027059,89.35281837161111,1.1539104999999998,1.1561760448979503,1.1516449551020493,0.0039267255093882935,0.0005992857142857545,0.9999999999979242,0.0018277734946856583,0.002722433196344687,0.00028038108768685665,1
2026-08-14 12:00:00+00:00,1.15653,1.15784,1.15625,1.15656,2886,1.155912,1.155067,1.154093,1.1534924,1.1550827632782148,1.154303157362727,0.0007796059154878687,0.00047995497381517823,0.0002996509416726905,88.56502242152861,1.154093,1.156594915897529,1.151591084102471,0.004335726665925565,0.0006850000000000309,0.983647661426657,0.0013073027141683458,0.00272233878379069,0.0002803899424575374,0
2026-08-14 13:00:00+00:00,1.1565699999999999,1.15844,1.15618,1.15801,3040,1.156408,1.1555,1.154356,1.1535663999999999,1.1555331073892587,1.1545777382988212,0.0009553690904375856,0.0005750377971396598,0.0003803312932979258,91.02112676056626,1.154356,1.1573256315561617,1.1513863684438381,0.005145087921164375,0.0008250000000000281,0.9999999999979937,0.002146201310221363,0.003753207128493141,0.0004168076235303799,0
2026-08-14 14:00:00+00:00,1.15798,1.15854,1.1577,1.1580300000000001,2779,1.156926,1.155919,1.1546144999999999,1.1536088,1.1559172447139883,1.1548334613877973,0.001083783326190968,0.0006767869029499215,0.00040699642324104645,90.28571428571786,1.1546144999999999,1.157917216425894,1.1513117835741058,0.005720898924955613,0.0008435714285714514,0.9852459113690271,0.00224157031087735,0.0036313527005478186,0.0004261132468729849,0
2026-08-14 15:00:00+00:00,1.15804,1.15849,1.15768,1.15797,2316,1.157418,1.156303,1.15487,1.153665,1.1562330532195286,1.155065797581294,0.001167255638234721,0.0007748806500068815,0.00039237498822783953,96.93251533742142,1.15487,1.158385026390613,1.151354973609387,0.006087310936491489,0.0008578571428571642,0.9999999999982064,0.002128930082820446,0.0033271815133477656,0.00044526337045205087,0
2026-08-14 16:00:00+00:00,1.15799,1.15816,1.15701,1.1571,1474,1.157534,1.1565720000000002,1.15508,1.1537216,1.1563664296472935,1.1552164792419388,0.001149950405354705,0.0008498946010764462,0.0003000558042782587,82.16783216783163,1.15508,1.1586013095650645,1.1515586904349357,0.006097083431562067,0.0009121428571428693,0.7244905530849851,0.0005015045135405849,0.0023301946448837096,0.0005629035495472493,0
2026-08-14 17:00:00+00:00,1.1571,1.15713,1.15628,1.15645,1175,1.157512,1.156712,1.155265,1.1537719999999998,1.1563792866246332,1.1553078511499433,0.001071435474689908,0.0008942027757991387,0.0001772326988907693,72.66775777414003,1.155265,1.1586573039834553,1.1518726960165446,0.005872772019329519,0.0009342857142857287,0.5472188695834649,-9.510963547076923e-05,0.0012120687416130593,0.0006014162703298707,1
2026-08-14 18:00:00+00:00,1.15647,1.15666,1.1562999999999999,1.1565,851,1.15721,1.156809,1.155434,1.1538462,1.156397857913151,1.1553961584721697,0.001001699440981385,0.0009157021088355879,8.599733214579718e-05,72.16666666666671,1.155434,1.1587111836433057,1.1521568163566944,0.005672645332066821,0.0009342857142857446,0.1006499907500312,-0.001303961105689866,0.0008394416414978512,0.0005926357963995864,1
2026-08-14 19:00:00+00:00,1.1565,1.15689,1.15643,1.15684,976,1.1569720000000001,1.156949,1.1556085,1.1539404,1.1564658797726663,1.1555031096964534,0.0009627700762129265,0.0009251157023110558,3.765437390187076e-05,72.39669421487656,1.1556085,1.1587886838742518,1.1524283161257483,0.005503912223303628,0.0009335714285714543,0.009288094717325448,-0.0010276072295191119,0.0012116596275013602,0.0005930113225223411,1
2026-08-14 20:00:00+00:00,1.15685,1.15702,1.1567,1.157,678,1.156778,1.157098,1.1557685,1.1540384000000001,1.156548052115333,1.155613990459679,0.0009340616556541281,0.0009269048929796703,7.156762674457792e-06,71.83811129848229,1.1557685,1.1588869697664996,1.1526500302335003,0.0053963570844847465,0.00091642857142858,0.0,-0.0008376728239936071,0.0012894739119522214,0.0005926369469485436,1
2026-08-16 21:00:00+00:00,1.15652,1.1565400000000001,1.15625,1.1565400000000001,267,1.156666,1.1571,1.1559265,1.1541246,1.1565468133283587,1.155682583758962,0.0008642295693968016,0.0009143698282630966,-5.0140258866294995e-05,62.956521739131965,1.1559265,1.1588495141257449,1.1530034858742553,0.00505743942325884,0.0009114285714285789,0.0,-0.0004839685420446882,1.7293259087614032e-05,0.0005498977219867613,1
2026-08-16 22:00:00+00:00,1.15651,1.15749,1.15649,1.15747,647,1.15687,1.1571909999999999,1.156129,1.154225,1.156688842047073,1.1558149849620019,0.0008738570850710392,0.0009062672796246852,-3.241019455364595e-05,65.64516129032305,1.156129,1.1588767753681906,1.1533812246318094,0.004753406182511808,0.0009314285714285672,0.0791335077046438,0.000882009598339728,0.0007868160752575459,0.0006059716766175189,1
2026-08-16 23:00:00+00:00,1.15747,1.15755,1.15723,1.15734,444,1.157038,1.157124,1.156312,1.1543272,1.156789020193677,1.1559279490388905,0.000861071154786508,0.0008972280546570497,-3.615689987054177e-05,65.22435897435902,1.156312,1.158852738392533,1.153771261607467,0.00439455508986001,0.0009135714285714183,0.0667482241147631,0.0007263294422827915,-0.0005785787687497823,0.00044401638484260346,1
2026-08-17 00:00:00+00:00,1.15734,1.15806,1.15734,1.15799,1090,1.157268,1.1571200000000001,1.1565195,1.1544342,1.1569737863177267,1.1560806935545282,0.0008930927631984886,0.0008964009963653376,-3.3082331668489364e-06,68.18181818181833,1.1565195,1.1588817778927218,1.154157222107278,0.00408515012971579,0.0009335714285714225,0.1537937787618978,0.0009940873413782914,-3.4541419479672264e-05,0.0004856571767355998,1
2026-08-17 01:00:00+00:00,1.15799,1.15833,1.15777,1.15832,1170,1.1575320000000002,1.157155,1.156729,1.1545456,1.1571808961149994,1.1562465681060448,0.0009343280089546546,0.0009039863988832012,3.034161007145345e-05,64.65798045602617,1.156729,1.1589371657070529,1.154520834292947,0.0038179482092226547,0.0008564285714285676,0.050078262228506386,0.0011408815903197755,0.00030225308082254543,0.0004935366354771599,1
2026-08-17 02:00:00+00:00,1.15831,1.15841,1.15789,1.15796,815,1.157816,1.157241,1.1569065,1.1546475999999999,1.1573007582511534,1.1563734889870785,0.0009272692640749369,0.0009086429719215484,1.8626292153388498e-05,60.835913312694174,1.1569065,1.1588889734684118,1.1549240265315883,0.003427197389610549,0.0007799999999999871,0.0,0.0012278001625538604,0.0007432374038545131,0.00043181745642484017,1
2026-08-17 03:00:00+00:00,1.15797,1.15835,1.15782,1.15831,758,1.1579840000000001,1.157427,1.1570695,1.1547644000000001,1.1574560262125144,1.1565169342472947,0.000939091965219685,0.0009147327705811758,2.4359194638509142e-05,52.79850746268635,1.1570695,1.1589423135322652,1.1551966864677348,0.0032371668810995454,0.0006564285714285578,0.0,0.0007257207530215748,0.0016083704440312818,0.000372798506475275,1
2026-08-17 04:00:00+00:00,1.15833,1.15876,1.15822,1.15844,848,1.158204,1.1576210000000002,1.157215,1.1548901999999999,1.1576074067952045,1.15665938356231,0.000948023232894446,0.0009213908630438299,2.6632369850616128e-05,53.74771480804229,1.157215,1.1590356476581294,1.1553943523418708,0.0031466022444045084,0.0006349999999999888,0.02150739058296967,0.0009504553545196526,0.0016774751405099764,0.0003710154601300583,1
2026-08-17 05:00:00+00:00,1.15845,1.15889,1.15825,1.1587,1195,1.158346,1.157807,1.157378,1.1550196,1.1577754980574806,1.156810540335472,0.0009649577220085526,0.0009301042348367744,3.4853487171778125e-05,56.43738977072459,1.157378,1.1591111638244593,1.1556448361755407,0.0029949831851984678,0.0006228571428571314,0.12390078234888208,0.0006131313741915001,0.0016078282217073525,0.00036903120266216377,1
2026-08-17 06:00:00+00:00,1.15872,1.15965,1.15834,1.15953,1823,1.158588,1.15806,1.157579,1.1551592000000002,1.158045421433253,1.1570119817921036,0.0010334396411493252,0.0009507713160992847,8.266832505004053e-05,71.58081705151078,1.157579,1.1593323114534884,1.1558256885465115,0.0030292730837177396,0.0006342857142857142,0.9452953329549022,0.0010446163409074671,0.0021866897147795328,0.0004083063123232384,0
2026-08-17 07:00:00+00:00,1.15953,1.16117,1.1592500000000001,1.16063,2399,1.159122,1.158469,1.1577845000000002,1.1553225999999999,1.1584430489050603,1.1572799831408367,0.0011630657642236475,0.0009932302057241572,0.00016983555849949027,84.37500000000263,1.1577845000000002,1.1599338937946564,1.155635106205344,0.0037129427707076287,0.0007107142857142788,0.9999999999968331,0.0023057791288128016,0.0035364103273556324,0.0004045149692586265,0
2026-08-17 08:00:00+00:00,1.16062,1.16138,1.15953,1.15988,2176,1.159436,1.1587100000000001,1.1579504999999999,1.1554841999999999,1.1586641183042818,1.157472576982256,0.001191541322025813,0.0010328924289844884,0.00015864889304132465,74.92625368731679,1.1579504999999999,1.1602116173298254,1.1556893826701744,0.0039053782175066717,0.0008171428571428496,0.7007664387806963,0.0013554229869379153,0.002082127398550293,0.0004781541052867895,0
2026-08-17 09:00:00+00:00,1.15987,1.16023,1.15957,1.15967,1638,1.159682,1.158943,1.1580335,1.1556268,1.1588188693343924,1.1576353490576445,0.0011835202767478403,0.0010630179985371589,0.00012050227821068147,71.27819548872225,1.1580335,1.1604220893216823,1.1556449106783175,0.004125250818188592,0.0008314285714285782,0.5852356148846665,0.0010617727288422252,0.002013237250937383,0.00048373404334343224,0
2026-08-17 10:00:00+00:00,1.15967,1.15984,1.15892,1.15904,1695,1.15975,1.1590479999999999,1.158084,1.1557596,1.1588528894367935,1.1577393972755967,0.0011134921611968274,0.0010731128310690926,4.037933012773472e-05,64.32584269663036,1.158084,1.1605146152568024,1.1556533847431973,0.004197649318706672,0.0008742857142857322,0.36506066087881034,0.00029343229481315625,0.0009067435815508507,0.000517291963138994,0
2026-08-17 11:00:00+00:00,1.15903,1.15952,1.1587399999999999,1.15921,1360,1.159686,1.1591369999999999,1.158146,1.1558758,1.1589078295234407,1.1578483308107377,0.0010594987127030553,0.0010703900073958852,-1.0891294692829886e-05,69.54612005856573,1.158146,1.160627106714069,1.1556648932859308,0.004284618198515718,0.0008764285714286034,0.5303822955014542,-0.0002759738859708927,0.0007683541681056116,0.0005133562315086621,0
2026-08-17 12:00:00+00:00,1.15918,1.15974,1.15868,1.15974,2264,1.1595080000000002,1.159315,1.158278,1.1559996000000001,1.1590358557506037,1.1579884544543868,0.0010474012962169432,0.0010657922651600969,-1.839096894315365e-05,67.65163297045174,1.158278,1.1608052710475227,1.155750728952477,0.00436384192313558,0.0008807142857143299,0.47038554045118586,-0.0007668249140553307,0.001537186085875053,0.000506306160032267,0
2026-08-17 13:00:00+00:00,1.15976,1.1599599999999999,1.15876,1.15946,2274,1.159424,1.15943,1.1584284999999999,1.1561212,1.1591011087120493,1.158097457828136,0.0010036508839132985,0.0010533639889107372,-4.971310499743875e-05,66.10942249240092,1.1584284999999999,1.1608538596586808,1.156003140341319,0.004187327329534726,0.0009435714285714562,0.42154507863537805,-0.0003621064248026107,0.000992825754763338,0.0005176491024726923,0
2026-08-17 14:00:00+00:00,1.15946,1.15992,1.15857,1.15866,2437,1.1592220000000002,1.159452,1.1585364999999999,1.1562074000000002,1.1590332458332724,1.1581391276186443,0.0008941182146280369,0.001021514834054197,-0.0001273966194261602,54.97771173848425,1.1585364999999999,1.1607862932069308,1.1562867067930689,0.0038838538223542763,0.0009885714285714498,0.0690135002554724,-0.0008709374218527355,0.00018991056938655326,0.000574473259409551,0
2026-08-17 15:00:00+00:00,1.15866,1.15899,1.15814,1.1589800000000001,1941,1.15921,1.1594799999999998,1.1586435,1.1563186,1.1590250541666152,1.1582014144617077,0.0008236397049075084,0.0009819398082248593,-0.00015830010331735088,54.91071428571518,1.1586435,1.1607527305906362,1.1565342694093637,0.003640862078173795,0.0010092857142857284,0.06689174931401858,-5.176697956921217e-05,0.0002416501251403247,0.0005767562904195808,0
2026-08-17 16:00:00+00:00,1.1589800000000001,1.15916,1.15848,1.1588,1125,1.1591280000000002,1.159407,1.1587334999999999,1.1564076,1.1589904304486744,1.1582457541312108,0.0007446763174636661,0.0009344871100726206,-0.0001898107926089545,56.4220183486235,1.1587334999999999,1.1606959611294168,1.156771038870583,0.003387251908082217,0.0010207142857143112,0.11475343189695641,-0.00035368915036970705,-0.0006295654273713591,0.0005240065064222007,0
2026-08-17 17:00:00+00:00,1.1588,1.15894,1.1576,1.15771,1405,1.158722,1.1591150000000001,1.158792,1.156501,1.1587934411488783,1.15820606864001,0.0005873725088683113,0.0008650641898317587,-0.00027769168096344746,45.87912087912143,1.158792,1.1605368341801012,1.1570471658198989,0.0030114708767426503,0.0010785714285714684,0.0,-0.0017503923293151757,-0.002515874998923029,0.00045480677119872395,1
2026-08-17 18:00:00+00:00,1.15772,1.15784,1.15707,1.15723,1323,1.158276,1.15885,1.15878,1.1565874,1.1585529117413587,1.1581337672592684,0.000419144482090239,0.0007758802482834548,-0.0003567357661932158,42.07077326343451,1.15878,1.1605659333400205,1.1569940666599794,0.0030824372875274497,0.0010950000000000365,0.0,-0.001923309126662387,-0.002284719108873401,0.000438079860689202,1
2026-08-17 19:00:00+00:00,1.15723,1.1580300000000001,1.15719,1.15787,1038,1.1581180000000002,1.15867,1.1588065,1.1566897999999999,1.1584478483965341,1.1581142289437671,0.0003336194527669978,0.0006874280891801635,-0.0003538086364131657,44.81897627964981,1.1588065,1.1605165849471812,1.157096415052819,0.0029514590178449417,0.001109285714285765,0.06496284717179888,-0.0006818221048453532,-0.0015521657023118696,0.0005035511709773738,1
2026-08-17 20:00:00+00:00,1.15785,1.15796,1.15769,1.15792,428,1.157906,1.158558,1.158803,1.1567910000000001,1.1583666409509135,1.1580998416145993,0.00026679933631412744,0.0006033023386069563,-0.00033650300229282884,38.86583679114921,1.158803,1.1605203921479188,1.1570856078520813,0.0029640795681729728,0.0010350000000000398,0.0,-0.0009145973183316558,-0.0009663169519602555,0.00048722141124176035,1
2026-08-17 21:00:00+00:00,1.15791,1.15794,1.15765,1.15778,392,1.157702,1.1584150000000002,1.158776,1.1568894,1.1582763884969267,1.1580761496431475,0.00020023885377917772,0.0005226896416414006,-0.0003224507878622229,27.27272727272792,1.158776,1.1605416655224314,1.1570103344775686,0.003047466503330071,0.000918571428571467,0.0,-0.0008802209181912879,-0.0012335987439722196,0.0004796676122406325,1
2026-08-17 22:00:00+00:00,1.15779,1.158,1.15774,1.15783,434,1.1577259999999998,1.1582240000000001,1.1587695,1.1569880000000001,1.1582077133435533,1.1580579163362477,0.00014979700730566314,0.0004481111147742531,-0.00029831410746858995,31.59784560143555,1.1587695,1.1605487189298287,1.1569902810701713,0.003070876356046108,0.0008050000000000239,0.0982859290910984,0.00010365290098546254,-0.0016469208615724762,0.00044023924637118684,0
2026-08-17 23:00:00+00:00,1.15783,1.15835,1.1578,1.15825,457,1.15793,1.158103,1.1587665,1.157098,1.1582142189830065,1.158072144755785,0.00014207422722156693,0.00038690373726371586,-0.00024482951004214893,37.716262975778996,1.1587665,1.160549180123105,1.1569838198768951,0.003076858233483443,0.0007971428571428772,0.24704749287417269,0.0008814151033069706,-0.001043589257067934,0.0004690578562212086,0
2026-08-18 00:00:00+00:00,1.15825,1.1584699999999999,1.15773,1.15821,1036,1.1579979999999999,1.158058,1.158755,1.1571998000000001,1.1582135699086977,1.1580823562553564,0.00013121365334134438,0.0003357657204792416,-0.00020455206713789723,42.00385356454655,1.158755,1.1605494769067008,1.156960523093299,0.0030972499047699823,0.0007842857142857294,0.3484727702461327,0.00029364263691089576,-0.0003883796799751815,0.000421510402824743,0
2026-08-18 01:00:00+00:00,1.15821,1.15856,1.15784,1.15793,1164,1.158,1.157953,1.1587165000000001,1.1572914,1.1581699437688981,1.1580710706068116,9.887316208656571e-05,0.00028838720880070646,-0.00018951404671414075,37.924528301885886,1.1587165000000001,1.1605485914135576,1.1568844085864427,0.0031622772499700245,0.0007800000000000029,0.2637961788482057,8.63617521051907e-06,-0.0009059690417437816,0.00041017973157422247,0
2026-08-18 02:00:00+00:00,1.15794,1.15802,1.15748,1.15799,987,1.158042,1.157872,1.1586395,1.1573752,1.1581422601121445,1.1580650653766773,7.71947354671898e-05,0.00024614871413400314,-0.00016895397866681334,31.884057971017413,1.1586395,1.1604570226054491,1.156821977394551,0.003137339276710479,0.0007428571428571404,0.11873643398838211,0.00018138160963232508,-0.0006989989644459182,0.00041177319844230766,0
2026-08-18 03:00:00+00:00,1.158,1.158,1.15713,1.15729,874,1.1579339999999998,1.1578300000000001,1.1584724999999998,1.1574534,1.1580111431718145,1.158007653126553,3.4900452614561317e-06,0.0001976169803594937,-0.00019412693509803758,29.333333333335815,1.1584724999999998,1.1601263551455239,1.1568186448544757,0.002855234190753902,0.0007192857142857159,0.07069146399600788,-0.000466389711788473,-0.00036278515344956297,0.000340311022976324,1
2026-08-18 04:00:00+00:00,1.15729,1.15747,1.15697,1.15712,897,1.157708,1.157819,1.1583345,1.1575274,1.1578740442223046,1.1579419010431047,-6.785682080012734e-05,0.0001445222201275695,-0.00021237904092769684,33.333333333334934,1.1583345,1.1599540967660154,1.1567149032339847,0.00279642325427639,0.000658571428571429,0.20791607057634134,-0.0009756097560976729,-9.505456996450334e-05,0.00031696695127910715,1
2026-08-18 05:00:00+00:00,1.15712,1.1574,1.1569,1.1573,888,1.157526,1.157762,1.158216,1.1575998,1.1577857297265655,1.1578943528176895,-0.00010862309112402713,9.389315787725016e-05,-0.0002025162490012773,31.25000000000155,1.158216,1.1597696361425502,1.1566623638574496,0.0026828089795864155,0.0006335714285714238,0.13644492131573346,-0.0007856951675430102,-0.0004922832442328939,0.0002580335728108131,1
2026-08-18 06:00:00+00:00,1.1573,1.15746,1.15664,1.1572,1794,1.1573799999999999,1.15769,1.158124,1.157667,1.15769561746094,1.1578429192756383,-0.00014730181469824188,4.565416336215175e-05,-0.00019295597806039363,31.818181818183888,1.158124,1.1596900530340786,1.1565579469659213,0.002704465211114942,0.0006435714285714259,0.24429530201218758,-0.000630435345832514,-0.000621804615172028,0.00025612497163347945,1
2026-08-18 07:00:00+00:00,1.1572,1.15773,1.15693,1.15738,1711,1.1572580000000001,1.1576499999999998,1.1580325,1.157732,1.1576470609284877,1.1578086289589242,-0.000161568030436543,4.2097246024127894e-06,-0.0001657777550389558,45.27220630372666,1.1580325,1.1595442905035431,1.156520709496457,0.0026109638607605726,0.0006049999999999825,0.9999999999944443,-0.0005267748426152075,-0.000345488780251868,0.00026388286456890877,1
2026-08-18 08:00:00+00:00,1.15738,1.15773,1.15687,1.15761,1432,1.1573220000000002,1.157628,1.157926,1.157796,1.157641359247182,1.1577939157027077,-0.00015255645552580965,-2.714351142323171e-05,-0.00012541294410257795,55.864197530863876,1.157926,1.1592150045119667,1.1566369954880333,0.002226402225991426,0.0006114285714285485,0.9999999999965025,0.0002765080489766092,-0.00019001062332113516,0.0002733849606758215,1
2026-08-18 09:00:00+00:00,1.1576,1.15798,1.15724,1.15788,1314,1.1574740000000001,1.157591,1.157847,1.1578526,1.157678073209154,1.157800292317322,-0.00012221910816800907,-4.615863077218719e-05,-7.606047739582188e-05,50.17421602787567,1.157847,1.1589148478110962,1.156779152188904,0.0018445404463562894,0.0006042857142856763,0.8009902445835514,0.0006568030973452821,-0.0003194474422619775,0.00025579466837883356,1
2026-08-18 10:00:00+00:00,1.15788,1.15789,1.15735,1.15757,1187,1.157528,1.157527,1.1577925,1.1578933999999999,1.1576614465615918,1.15778323362715,-0.00012178706555832086,-6.128431772941392e-05,-6.050274782890694e-05,44.408945686900736,1.1577925,1.1587948945017499,1.1567901054982501,0.0017315615738569415,0.00062357142857139,0.5993472269666377,0.00023330165039325834,-0.0005525768211290805,0.0002664666070823668,1
2026-08-18 11:00:00+00:00,1.15759,1.15767,1.15721,1.15765,1122,1.157618,1.157499,1.157726,1.1579376000000001,1.1576596855521162,1.1577733644695836,-0.00011367891746738579,-7.17632376770083e-05,-4.1915679790377494e-05,47.882736156352784,1.157726,1.1585588113454686,1.1568931886545315,0.0014387019821072197,0.0006357142857142474,0.6991631589850489,0.0003888696854477125,-0.00024181081757945755,0.0002603528205258265,1
2026-08-18 12:00:00+00:00,1.15765,1.15792,1.15714,1.15744,1797,1.15763,1.1574440000000001,1.157658,1.1579762,1.1576258877748675,1.1577486708051699,-0.0001227830303023314,-8.196719620207292e-05,-4.0815834100258475e-05,43.96284829721669,1.157658,1.1583276927813215,1.1569883072186786,0.001156978626367116,0.0006728571428571099,0.551414942796654,5.184122760026888e-05,-0.0004749609236694985,0.0002632212830837389,1
2026-08-18 13:00:00+00:00,1.15741,1.15846,1.157,1.15804,2537,1.157716,1.157519,1.1576745000000002,1.1580066,1.1576895973479648,1.1577702507455276,-8.06533975628021e-05,-8.170443647421876e-05,1.0510389114166648e-06,46.92082111436939,1.1576745000000002,1.158365509178312,1.1569834908216883,0.0011937883719679156,0.0007378571428571076,0.6629067055646815,0.00037145498052004733,0.0006480657397887057,0.00023744212038320485,0
2026-08-18 14:00:00+00:00,1.15801,1.15882,1.15801,1.15808,2759,1.157756,1.157615,1.157717,1.158037,1.1577496592944319,1.1577931951347478,-4.35358403159114e-05,-7.40707172425573e-05,3.05348769266459e-05,48.0938416422296,1.157717,1.1583973745100924,1.1570366254899078,0.0011753727553318908,0.0007428571428571086,0.7071201363493855,0.0001727294711022509,0.0008296460176990816,0.00022613002036769072,0
2026-08-18 15:00:00+00:00,1.15808,1.15861,1.15762,1.15789,2222,1.1578199999999998,1.1576739999999999,1.157718,1.1580346,1.1577712501722115,1.1578003658655072,-2.91156932956671e-05,-6.507971245317926e-05,3.596401915751216e-05,49.39759036144861,1.157718,1.1583993794060843,1.1570366205939158,0.0011771077344988317,0.0007621428571428065,0.7562609675529001,0.0002764411655451493,0.0005098073101184042,0.00023705265505886446,0
2026-08-18 16:00:00+00:00,1.15788,1.15853,1.15781,1.15794,1292,1.157878,1.157748,1.157719,1.1580328,1.1577972116841788,1.157810709134729,-1.3497450550126189e-05,-5.476326007256864e-05,4.126580952244245e-05,49.24471299093499,1.157719,1.1584016851013954,1.1570363148986045,0.0011793623519964064,0.0007749999999999543,0.7504987213865169,0.000250507493629204,0.0006394745938471669,0.000232199129861493,0
2026-08-18 17:00:00+00:00,1.15794,1.15802,1.15741,1.15763,1149,1.157916,1.157773,1.1577115,1.1580260000000002,1.1577714868096898,1.157797323272897,-2.5836463207307148e-05,-4.8977900699516336e-05,2.314143749220919e-05,55.82191780821923,1.1577115,1.158394659070853,1.157028340929147,0.0011801887963502537,0.000756428571428531,0.9982823034270584,0.0001641553773845672,0.00021600511500108333,0.0002514288366537536,0
2026-08-18 18:00:00+00:00,1.15763,1.15783,1.15741,1.15756,766,1.15782,1.157768,1.157698,1.1580352,1.1577389503774298,1.157779743771201,-4.0793393771165753e-05,-4.734099931384622e-05,6.547605542680469e-06,57.801418439716116,1.157698,1.1583819698364268,1.157014030163573,0.0011816032098646353,0.0007507142857142395,0.9999999999962338,-0.00041449345445754293,-4.3192439595496346e-05,0.0002444054036754554,1
2026-08-18 19:00:00+00:00,1.15756,1.15805,1.15737,1.15745,1080,1.157694,1.157725,1.157658,1.1580552,1.1576944964732099,1.1577553183066676,-6.082183345768044e-05,-5.003716614261307e-05,-1.0784667315067371e-05,52.727272727274645,1.157658,1.158298217068687,1.157017782931313,0.0011060556203766553,0.0007635714285713873,0.8047146401954784,-0.0005440038684718651,-0.00037136836286999486,0.00023061311616390462,0
2026-08-18 20:00:00+00:00,1.15744,1.15758,1.15716,1.15747,656,1.15761,1.157715,1.157621,1.1580746,1.1576599585542546,1.1577341836172848,-7.422506303012e-05,-5.487474552011446e-05,-1.935031751000554e-05,55.056179775281265,1.157621,1.1582104118391179,1.1570315881608821,0.0010183157339368764,0.0007349999999999619,0.801624110276816,-0.00036272875661769177,-8.638786423287304e-05,0.00021610082845082112,1
2026-08-18 21:00:00+00:00,1.15755,1.15762,1.1571799999999999,1.1574200000000001,488,1.1575060000000001,1.157692,1.1575955,1.1580862,1.1576230418536,1.1577109107567451,-8.786890314516071e-05,-6.147357704512372e-05,-2.6395326100036996e-05,50.78740157480407,1.1575955,1.1581726244509487,1.1570183755490513,0.0009971090090600857,0.000709285714285698,0.4931545099864966,-0.0004490733544051384,-0.0001986783570163686,0.00021452501685475267,1
2026-08-18 22:00:00+00:00,1.15741,1.15765,1.15738,1.1576,399,1.1575,1.157708,1.1575760000000002,1.1580982,1.1576194969530462,1.1577026951451344,-8.319819208812973e-05,-6.581850005372492e-05,-1.737969203440481e-05,49.79919678714723,1.1575760000000002,1.158122545130115,1.1570294548698854,0.0009442924354249944,0.0006671428571428503,0.4217450523999185,-2.5915016024113946e-05,0.00013823610727126123,0.00021278355798694525,1
2026-08-18 23:00:00+00:00,1.15761,1.15781,1.1573,1.1576,534,1.157508,1.157664,1.1575915,1.1581194,1.1576164974218084,1.1576950880973467,-7.859067553828147e-05,-6.837293515063624e-05,-1.0217740387645236e-05,43.69369369369082,1.1575915,1.1581212178993916,1.1570617821006086,0.0009152069609901088,0.0006507142857142822,0.0,3.4555444210271347e-05,-0.00037995233325271993,0.00011843796297548333,1
2026-08-19 00:00:00+00:00,1.15762,1.15814,1.15732,1.15741,1466,1.1575,1.157597,1.157606,1.1581181999999999,1.1575847285876841,1.1576739704605064,-8.924187282222107e-05,-7.254672268495321e-05,-1.6695150137267854e-05,46.19047619047644,1.157606,1.1580957432198162,1.1571162567801836,0.0008461311012837162,0.0006707142857142864,0.17697981366352958,-3.455872823887596e-05,-0.0005785437966288054,0.00012154098196856063,1
2026-08-19 01:00:00+00:00,1.1574,1.1577600000000001,1.15698,1.15769,1274,1.1575440000000001,1.157577,1.1576255,1.1581252,1.157600924189579,1.1576751578338023,-7.423364422320944e-05,-7.288410699260446e-05,-1.3495372306049765e-06,50.86956521739244,1.1576255,1.158094562895892,1.1571564371041079,0.000810387981073504,0.0006935714285714521,0.5086483931912894,0.0001900697210295288,-0.000172727979341758,0.00014721795985380326,1
2026-08-19 02:00:00+00:00,1.15769,1.15868,1.15762,1.15822,1600,1.157704,1.157605,1.1576765,1.1581298,1.1576961666219514,1.15771551651278,-1.9349890828523897e-05,-6.217726375978835e-05,4.282737293126446e-05,64.88549618321082,1.1576765,1.1581718372060215,1.1571811627939785,0.000855743735009672,0.0007135714285714404,0.9999999999952813,0.0006911924798258529,0.00024180872929524533,0.00021079396929741197,1
2026-08-19 03:00:00+00:00,1.15822,1.15845,1.15808,1.15808,798,1.1578,1.15765,1.1577115,1.158125,1.157755217910882,1.157742515289611,1.2702621271065695e-05,-4.720128675361754e-05,5.9903908024683234e-05,50.92592592592717,1.1577115,1.1582174342585587,1.1572055657414413,0.0008740247610198493,0.000635714285714295,0.34127499233624814,0.0004146510020732741,0.0003887252403618202,0.00019252201050430441,1
2026-08-19 04:00:00+00:00,1.15809,1.15865,1.15804,1.15857,868,1.157994,1.157751,1.1577595,1.1581372,1.1578805690015157,1.1578038104533437,7.675854817201788e-05,-2.2409319768490453e-05,9.916786794050833e-05,59.386973180080965,1.1577595,1.158391371905975,1.157127628094025,0.0010915425975343296,0.0006214285714285823,0.7405353789078066,0.0008379405666898432,0.0008725249663086299,0.00022309956798804853,1
2026-08-19 05:00:00+00:00,1.15857,1.15893,1.15842,1.15881,1152,1.158274,1.157887,1.1578060000000001,1.1581472,1.158023558385898,1.1578783430123554,0.0001452153735426176,1.1115618893731166e-05,0.00013409975464888642,67.29323308270827,1.1578060000000001,1.1585930370821738,1.1570189629178265,0.0013595318769701438,0.0005871428571428813,0.9999999999957627,0.0012095972905019625,0.001174996760119118,0.0002160212336467314,1
2026-08-19 06:00:00+00:00,1.15881,1.15984,1.15873,1.15942,1741,1.15862,1.1580819999999998,1.1578985,1.1581668,1.1582383955572984,1.157992539826255,0.0002458557310434095,5.806364132366686e-05,0.00018779208971974267,72.98136645963093,1.1578985,1.1589568457798682,1.1568401542201316,0.0018280458604416486,0.0006150000000000164,0.9999999999965856,0.0014943551382493592,0.0016847088909430763,0.00024749071146618594,1
2026-08-19 07:00:00+00:00,1.15942,1.15974,1.15913,1.15962,1501,1.1589,1.158302,1.157997,1.1581852,1.1584509500869449,1.1581130924317176,0.0003378576552273138,0.00011402244410439626,0.00022383521112291757,81.99356913184046,1.157997,1.1592970582983986,1.1566969417016013,0.002245356936846351,0.0006150000000000164,0.999999999997389,0.0012087513598453281,0.0019007793195209288,0.00023614217212208493,1
2026-08-19 08:00:00+00:00,1.15961,1.1605,1.15952,1.1598,1815,1.159244,1.158522,1.158115,1.1581906000000002,1.158658496227415,1.1582380485478867,0.00042044767952820195,0.00017530749118915742,0.00024514018833904453,84.78260869565966,1.158115,1.1596151964784545,1.1566148035215456,0.0025907556304070874,0.0006550000000000246,0.9999999999975662,0.0014852169107488766,0.0019004837595024693,0.00023614696923708045,1
2026-08-19 09:00:00+00:00,1.1598,1.1608100000000001,1.1596,1.16059,1387,1.159648,1.158821,1.1582424999999998,1.1581898000000002,1.1589556506539664,1.1584122671739694,0.0005433834799970505,0.0002489226889507361,0.0002944607910463144,90.25641025641367,1.1582424999999998,1.1601054447544605,1.1563795552455391,0.0032168475158884154,0.0006928571428571775,0.9999999999978523,0.0017435286603311173,0.002582930200414779,0.00027095366692548217,1
2026-08-19 10:00:00+00:00,1.1606,1.16116,1.1604700000000001,1.16064,1297,1.1600139999999999,1.159144,1.1583705,1.1582050000000002,1.159214781322587,1.1585772844203421,0.0006374969022449051,0.0003266375316095699,0.00031085937063533517,90.33078880407459,1.1583705,1.160516688543309,1.156224311456691,0.003705530386536858,0.0007121428571428755,0.9999999999978557,0.0015792062546922114,0.0027907137488010214,0.00024139231888455922,1
2026-08-19 11:00:00+00:00,1.16062,1.16084,1.15993,1.16026,1494,1.160182,1.1594010000000001,1.1584889999999999,1.1582168,1.1593755841960351,1.1587019300188353,0.0006736541771998894,0.00039604086072763387,0.00027761331647225553,83.33333333333681,1.1584889999999999,1.160780291522782,1.1561977084772177,0.003955655207398913,0.0007457142857143019,0.8499594484977949,0.0007245001811251317,0.0022199379799427987,0.0003087762011788188,1
2026-08-19 12:00:00+00:00,1.16025,1.16435,1.16023,1.16352,4538,1.160962,1.1599309999999998,1.1587679999999998,1.1583064,1.1600131866274144,1.159058824091514,0.0009543625359003105,0.0005077051957621693,0.0004466573401381412,90.326975476842,1.1587679999999998,1.161959776275012,1.1555762237249876,0.005508913389068761,0.0010207142857142954,0.9999182340297234,0.00336317069384795,0.004575987290842853,0.0008785386167761083,1
2026-08-19 13:00:00+00:00,1.16354,1.16595,1.16352,1.1656,5702,1.162122,1.1606830000000001,1.1591665,1.1584341999999999,1.160872696377043,1.1595433556402908,0.0013293407367522825,0.000672032303960192,0.0006573084327920905,92.46284501061783,1.1591665,1.1635337333769404,1.1547992666230595,0.0075351269674209,0.0011578571428571469,0.9999999999978388,0.005000862217623858,0.006493506493506551,0.0009439254210728588,1
2026-08-19 14:00:00+00:00,1.16561,1.1677,1.16535,1.16631,4896,1.163266,1.161457,1.159604,1.1585656,1.1617092046267288,1.1600445885558248,0.001664616070903957,0.0008705490573489451,0.0007940670135550119,94.76861167002139,1.159604,1.164939404685506,1.1542685953144942,0.009202115007374693,0.0012671428571428475,0.999999999997722,0.004928527731584698,0.006680649421269225,0.0009408321149578197,1
2026-08-19 15:00:00+00:00,1.16631,1.16679,1.16563,1.16637,3275,1.164412,1.162213,1.16005,1.1587038,1.1624262500687705,1.1605131375516897,0.0019131125170808172,0.0010790617492953197,0.0008340507677854975,94.6502057613181,1.16005,1.1660741059612016,1.1540258940387984,0.01038594191836838,0.0012942857142856923,0.9972993007432497,0.004936931348221707,0.006523934035778112,0.0009505169578023745,1
2026-08-19 16:00:00+00:00,1.16639,1.16719,1.16633,1.16682,2076,1.165724,1.1629530000000001,1.1605174999999999,1.1588669999999999,1.163102211596652,1.1609803125478608,0.0021218990487912315,0.0012876292091945022,0.0008342698395967293,94.60580912863202,1.1605174999999999,1.167121839482506,1.1539131605174937,0.011381714592853897,0.0012799999999999795,0.9962866658662459,0.005653905159188399,0.006382501595625367,0.0009535975910017945,1
2026-08-19 17:00:00+00:00,1.16683,1.16719,1.16584,1.16591,1941,1.166202,1.1635820000000001,1.160942,1.1590056,1.163534179043321,1.1613454745813525,0.0021887044619683937,0.0014678442597492807,0.000720860202219113,87.60806916426664,1.160942,1.1677947784607232,1.1540892215392766,0.01180554835766696,0.0013499999999999782,0.7976198160559927,0.0020541116611660915,0.005424190683154695,0.0010480113128581603,1
2026-08-19 18:00:00+00:00,1.16592,1.16748,1.16586,1.1673,2825,1.166542,1.164332,1.161427,1.1591756,1.1641135361135793,1.1617865505382892,0.002326985575290097,0.0016396725228574444,0.0006873130524326526,88.59416445623475,1.161427,1.1686470513192626,1.1542069486807374,0.012433069524408544,0.001422142857142848,0.775273443667297,0.001458476321207991,0.00646663217796184,0.0010567995011906632,1
2026-08-19 19:00:00+00:00,1.16732,1.16791,1.16695,1.16768,2039,1.166816,1.165041,1.161931,1.159375,1.1646622228653363,1.1622231023502678,0.002439120515068449,0.0017995621212996457,0.0006395583937688035,88.73362445415003,1.161931,1.1694281879640673,1.1544338120359328,0.01290470426224498,0.0014542857142857096,0.7230036584402357,0.0011746448199878579,0.006108961821142733,0.0010614317815949004,0
2026-08-19 20:00:00+00:00,1.1677,1.1679,1.16747,1.16775,705,1.1670919999999998,1.165752,1.162448,1.1595854,1.1651372655014385,1.1626325021761739,0.002504763325264614,0.0019406023620926395,0.0005641609631719744,88.1759853345571,1.162448,1.1700577267396894,1.1548382732603104,0.013092588639989945,0.0014057142857142799,0.48394486235100825,0.0011831580030352562,0.0061259305210918935,0.00106044425953651,0
2026-08-19 21:00:00+00:00,1.16775,1.16775,1.16739,1.16761,390,1.16725,1.166487,1.162944,1.1597802,1.1655176861935248,1.1630012057186794,0.0025164804748454284,0.0020557779846431977,0.0004607024902022307,86.820276497697,1.162944,1.1705410919644221,1.1553469080355778,0.013065275652864031,0.001387857142857147,0.30492857818279034,0.0006770538729197195,0.006334787030493061,0.0010418995676670917,0
2026-08-19 22:00:00+00:00,1.16761,1.16801,1.16744,1.16749,598,1.167566,1.166884,1.1634075,1.1599716,1.1658211190868286,1.1633337089987772,0.0024874100880514227,0.002142104405324843,0.0003453056827265799,85.63484708063058,1.1634075,1.170921744367941,1.155893255632059,0.012917648146399287,0.0013585714285714312,0.20126434001088936,0.0013551646353491265,0.0034120599559954723,0.000724197769760009,1
2026-08-19 23:00:00+00:00,1.16749,1.16772,1.16724,1.16739,721,1.167584,1.167063,1.1638730000000002,1.1601638,1.1660624853811627,1.1636341749988677,0.0024283103822950736,0.0021993456007188892,0.00022896478157618432,83.663366336634,1.1638730000000002,1.1711472895475172,1.156598710452483,0.012500143138498917,0.0013064285714285656,0.02886095061066863,7.71010023130625e-05,0.001535689773507265,0.000522608316670839,0
2026-08-20 00:00:00+00:00,1.16739,1.1679599999999999,1.16721,1.1674,1614,1.1675280000000001,1.167172,1.1643145000000001,1.1603552,1.166268256860984,1.1639131249989516,0.002355131862032289,0.002230502852981569,0.00012462900905072004,83.59840954274418,1.1643145000000001,1.1712997038360828,1.1573292961639174,0.011998826495904152,0.0013107142857142762,0.023180564705161673,-0.0002397917237599856,0.0009345714261217442,0.0004983884367899464,1
2026-08-20 01:00:00+00:00,1.16739,1.16827,1.16697,1.16763,2312,1.1675039999999999,1.167298,1.1647554999999998,1.1605428,1.1664777558054478,1.1641884490731034,0.0022893067323443983,0.002242263628854135,4.704310349026332e-05,87.18466195761762,1.1647554999999998,1.1713819302527655,1.1581290697472342,0.011378233891603275,0.0013385714285713954,0.3210552838684848,-0.00010276172125889271,0.0010802746984233114,0.0004991480509407624,1
2026-08-20 02:00:00+00:00,1.16763,1.16837,1.16726,1.16748,1616,1.167478,1.167364,1.1651585,1.1607281999999999,1.1666319472199944,1.164432267660281,0.002199679559713452,0.0022337468150259985,-3.4067255312546316e-05,79.11764705882362,1.1651585,1.171387086981771,1.158929913018229,0.010691398606749364,0.0011235714285713985,0.0,-0.00011133854626110828,0.0005656399444644578,0.000493819190023673,1
2026-08-20 03:00:00+00:00,1.16748,1.16799,1.16739,1.16791,1158,1.167562,1.167564,1.165573,1.1609278,1.1668285707246107,1.164689877463223,0.002138693261387603,0.0022147361042983197,-7.604284291071661e-05,72.42718446601981,1.165573,1.1713356240367974,1.1598103759632026,0.009888053406860647,0.0009928571428571287,0.0,0.00035974612202260836,0.0017153982725939265,0.0004027929156498201,1
2026-08-20 04:00:00+00:00,1.16793,1.16801,1.16716,1.16728,944,1.16754,1.167562,1.165947,1.1611136,1.1668980213823628,1.1648817383918733,0.002016282990489504,0.0021750454815365567,-0.00015876249104705264,59.56607495069186,1.165947,1.1710671566587865,1.1608268433412137,0.008782829165967922,0.0008857142857142833,0.0,-9.422729336372448e-05,-1.7133556069470757e-05,0.0002632786687977934,1
2026-08-20 05:00:00+00:00,1.1673,1.16771,1.167,1.16758,1400,1.167576,1.1675520000000001,1.1662965,1.1613194,1.1670029411696916,1.1650816096221048,0.0019213315475867798,0.0021243026947466016,-0.0002029711471598218,61.39359698681895,1.1662965,1.1707933352614253,1.1617996647385749,0.007711307135750114,0.0008535714285714217,0.05215570491606117,0.0001541887956142407,-8.563990134280441e-05,0.0002545625876821862,1
2026-08-20 06:00:00+00:00,1.16757,1.16883,1.16729,1.16878,2088,1.1678060000000001,1.167655,1.1667035000000001,1.1615526,1.1672763348358928,1.1653555644649118,0.0019207703709809287,0.002083596229993467,-0.0001628258590125383,66.17161716171657,1.1667035000000001,1.1704567036841476,1.1629502963158527,0.006433860332376552,0.0009021428571428672,0.22646887803237947,0.0009849010388565116,0.0008820381074714501,0.0004161708435006398,0
2026-08-20 07:00:00+00:00,1.16876,1.1693500000000001,1.1678,1.16923,2538,1.1681560000000002,1.1678169999999999,1.167152,1.1617912,1.1675768987072939,1.1656425596897333,0.0019343390175605712,0.002053744787506888,-0.00011940576994631672,79.64285714285796,1.167152,1.16956915448191,1.16473484551809,0.00414197033789951,0.0009164285714285958,0.6883259832889602,0.0014989550142185948,0.001387449576485178,0.000418733903318204,0
2026-08-20 08:00:00+00:00,1.16924,1.16996,1.1688399999999999,1.16983,2218,1.1685400000000001,1.168051,1.1674675,1.1620438,1.1679235296754025,1.1659527404534566,0.0019707892219458234,0.002037153674394675,-6.636445244885157e-05,76.2993762993768,1.1674675,1.1695061773317743,1.165428822668226,0.003492478089153159,0.000880714285714314,0.5736958240747525,0.0016439622916148977,0.0020042998226965647,0.00042452179653608614,0
2026-08-20 09:00:00+00:00,1.16984,1.17095,1.16952,1.17068,2312,1.16922,1.16838,1.1677215,1.1623098,1.1683476020330328,1.1663029078272746,0.0020446942057581463,0.002038661780667369,6.032425090777248e-06,78.40909090909133,1.1677215,1.1700286629878607,1.1654143370121395,0.003951563772458758,0.0009142857142857405,0.6586184893805282,0.002912754437667031,0.002818252683336242,0.0004411055368060901,0
2026-08-20 10:00:00+00:00,1.17066,1.17105,1.16939,1.1696900000000001,2001,1.169642,1.168609,1.1678905,1.1625514,1.1685541247971816,1.1665538035437728,0.0020003212534087655,0.002030993675215648,-3.067242180688264e-05,65.64516129032418,1.1678905,1.170256740411312,1.1655242595886879,0.004052161416352063,0.0010021428571428878,0.22010852105091003,0.0018071566830539787,0.001961624121980643,0.0005651247654736306,0
2026-08-20 11:00:00+00:00,1.1697,1.16981,1.16825,1.16846,2398,1.169578,1.168692,1.167995,1.162763,1.1685396440591536,1.166695003281271,0.0018446407778824891,0.0019937230957490166,-0.0001490823178665274,55.82990397805259,1.167995,1.1702609818366707,1.165729018163329,0.0038801224948237217,0.0010878571428571643,0.0,-0.0002737897636850839,0.0007108416193486455,0.0006892135649994755,0
2026-08-20 12:00:00+00:00,1.16848,1.169,1.16774,1.16882,3407,1.169496,1.168826,1.168095,1.162988,1.1685827757423606,1.1668524104456213,0.0017303652967393113,0.0019410515359470754,-0.00021068623920776413,58.83134130146192,1.168095,1.1703187805646935,1.1658712194353067,0.003807533744589972,0.001137142857142884,0.095725099372666,-0.000350658125433001,0.0011477712680301178,0.0006889821771567141,0
2026-08-20 13:00:00+00:00,1.16885,1.16944,1.16748,1.1675200000000001,3707,1.169034,1.168787,1.1681755,1.1631854,1.1684192717819974,1.1669018615237234,0.00151741025827401,0.0018563232804124626,-0.00033891302213845246,50.7445589919828,1.1681755,1.170171100160329,1.166179899839671,0.0034166101931241643,0.0012428571428571647,0.0,-0.0019746458887187623,-0.00033392984048419283,0.0007813659891898624,1
2026-08-20 14:00:00+00:00,1.1675200000000001,1.16848,1.16707,1.16828,3264,1.168554,1.1688870000000002,1.1682245,1.1634022,1.1683978453539978,1.1670039458552994,0.0013938994986983921,0.0017638385240696486,-0.00036993902537125643,54.64135021097089,1.1682245,1.1701772521738651,1.1662717478261349,0.003343111146642014,0.0012900000000000292,0.10693688825885875,-0.0020500905456657392,0.0008566924816666432,0.000786321484941005,0
2026-08-20 15:00:00+00:00,1.16828,1.16934,1.16721,1.1678600000000001,4747,1.1681880000000002,1.168915,1.1682335,1.1635986,1.1683150999149212,1.1670673572734254,0.0012477426414958526,0.0016606193475548897,-0.00041287670605903715,51.18924508790175,1.1682335,1.1701773244993088,1.166289675500691,0.0033278013330534607,0.0013492857142857512,0.015387968301654049,-0.0015645170942728548,0.0002398122612583542,0.0007955311669994868,0
2026-08-20 16:00:00+00:00,1.16789,1.16798,1.16689,1.1673,2231,1.167956,1.1687670000000001,1.1682109999999999,1.163783,1.168158930697241,1.1670845900679863,0.0010743406292548219,0.0015433636038948762,-0.00046902297464005436,49.10714285714244,1.1682109999999999,1.1701885146549216,1.1662334853450782,0.0033855436302546137,0.0013478571428571864,0.0,-0.0009927597008028144,-0.0012662776570440126,0.0007238330526471091,1
2026-08-20 17:00:00+00:00,1.1673,1.16749,1.16699,1.16744,1353,1.16768,1.1685880000000002,1.1682025,1.163974,1.1680483259745886,1.167110916729617,0.0009374092449716542,0.001422172732110232,-0.0004847634871385778,47.599591419816115,1.1682025,1.1701923148551558,1.1662126851448442,0.003406626599679103,0.0013407142857143142,0.0,-0.0011806779487003594,-0.0015309220598170858,0.0007076943324109371,1
2026-08-20 18:00:00+00:00,1.16744,1.16764,1.16705,1.16755,1222,1.1676860000000002,1.16836,1.1682055,1.1641662000000002,1.1679716604400365,1.167143441416312,0.0008282190237245413,0.001303381990433094,-0.00047516296670855273,51.456310679611704,1.1682055,1.1701909679946547,1.1662200320053453,0.00339917590638755,0.0013221428571428908,0.12035974401355234,2.5695491297828e-05,-0.0019490011369172056,0.0006755496916895522,1
2026-08-20 19:00:00+00:00,1.16755,1.16782,1.16731,1.16776,1087,1.167582,1.168068,1.168224,1.1643688,1.1679390972954156,1.167189112422511,0.0007499848729044523,0.0011927025669273656,-0.0004427176940229134,50.980392156861974,1.168224,1.1701842083669876,1.1662637916330123,0.003355877583387477,0.001307857142857178,0.10550737138519012,-0.0004450987776903892,-0.002494276830560027,0.0006118037899388042,1
2026-08-20 20:00:00+00:00,1.16778,1.16795,1.16757,1.1678600000000001,578,1.167582,1.167885,1.168247,1.1645748,1.1679269284807363,1.1672388077986215,0.0006881206821147678,0.0010917861899648461,-0.0004036655078500783,44.30693069307023,1.168247,1.1701770624478327,1.1663169375521674,0.003304202703422598,0.0012250000000000316,0.0,0.0,-0.0015645170942728548,0.0005810892677906289,1
2026-08-20 21:00:00+00:00,1.16785,1.16785,1.16754,1.16775,360,1.167672,1.1678140000000001,1.168253,1.1647808,1.1678997087144691,1.1672766738876126,0.00062303482685655,0.0009980359173431869,-0.00037500109048663687,40.43927648578814,1.168253,1.170175718470211,1.166330281529789,0.0032916131526494383,0.001137142857142884,0.0,0.00038550501156531247,-0.0006076374030775655,0.0004887516145527464,1
2026-08-20 22:00:00+00:00,1.16777,1.1684,1.16777,1.1683,455,1.167844,1.1677620000000002,1.168294,1.1649974,1.167961291989166,1.1673524758218636,0.0006088161673023507,0.0009201919673350196,-0.00031137580003266893,40.0520156046806,1.168294,1.1701819718998536,1.1664060281001463,0.0032320150576031033,0.0011035714285714418,0.0,0.000736654560405503,-0.00044489314009010794,0.000504856932522595,1
2026-08-20 23:00:00+00:00,1.1683,1.16877,1.1683,1.16872,669,1.168078,1.167882,1.1683345,1.1652234,1.1680780162985251,1.167453773909133,0.0006242423893920712,0.00086100205174643,-0.00023675966235435877,36.50137741046784,1.1683345,1.1702225396405026,1.1664464603594975,0.0032320189817257776,0.001035000000000024,0.0,0.0010020984112029119,0.0010278196519115657,0.00034962565378306116,1
2026-08-21 00:00:00+00:00,1.16872,1.16894,1.16826,1.1683,1419,1.168186,1.167884,1.1683854999999999,1.1654374,1.1681121676372137,1.1675164573232715,0.0005957103139422326,0.0008079437041855906,-0.00021223339024335796,39.61136023916103,1.1683854999999999,1.170207557541382,1.1665634424586178,0.0031189321356386124,0.0009650000000000254,0.13927397481970646,0.00046242378570937603,1.711918375724153e-05,0.0003181848954560319,1
2026-08-21 01:00:00+00:00,1.16832,1.16929,1.16828,1.16901,1521,1.1684160000000001,1.167999,1.168457,1.1656656,1.168250295693027,1.1676270901141403,0.0006232055788866209,0.0007709960791257968,-0.0001477905002391759,54.45705024311223,1.168457,1.1702580768708277,1.1666559231291724,0.0030828295278776106,0.0009257142857143075,0.8041066667289014,0.0009847070710529149,0.0009847070710529149,0.0003422644925642458,1
2026-08-21 02:00:00+00:00,1.16901,1.17007,1.16876,1.16956,1364,1.1687779999999999,1.168225,1.168496,1.1659086,1.1684517886633305,1.167770268624204,0.0006815200391265819,0.0007531008711259539,-7.158083199937197e-05,55.81761006289286,1.168496,1.1703592331831065,1.1666327668168934,0.0031891134982174516,0.0009292857142857278,0.9999999999948231,0.0015499892956538641,0.0019360918358604096,0.00029218929772194214,0
2026-08-21 03:00:00+00:00,1.16958,1.16982,1.16914,1.1694,1038,1.168998,1.168421,1.1685045,1.1661428,1.1685976673305105,1.1678909894668554,0.0007066778636550808,0.0007438162696317794,-3.7138405976698584e-05,68.00766283524791,1.1685045,1.170383317937427,1.166625682062573,0.0032157650012078626,0.00083785714285716,0.9999999999968261,0.0009415389882736491,0.0016788871376687275,0.000310099933698426,1
2026-08-21 04:00:00+00:00,1.1694,1.16952,1.16907,1.1693,794,1.169114,1.168596,1.168478,1.1663644,1.168705718510432,1.1679953606174587,0.0007103578929732457,0.0007371245943000727,-2.6766701326827024e-05,61.184210526315724,1.168478,1.170291929726457,1.166664070273543,0.0031047734342572095,0.0007692857142857264,0.7834256810343055,0.0004962694229584397,0.0014988651449616697,0.0003198929482462371,1
2026-08-21 05:00:00+00:00,1.1693,1.1699,1.16899,1.16976,1117,1.169406,1.168796,1.168432,1.166598,1.1688679156626731,1.168126074645795,0.0007418410168780198,0.0007380678788156622,3.7731380623576543e-06,70.65217391304049,1.168432,1.1700465079093545,1.1668174920906453,0.002763546204408265,0.0006821428571428692,0.9999999999970718,0.0012496790207994213,0.0017126806878124956,0.00032911436195548466,1
2026-08-21 06:00:00+00:00,1.16978,1.16982,1.169,1.16978,1770,1.16956,1.168988,1.1684364999999999,1.1668222,1.169008236329954,1.1682485876349955,0.0007596486949585923,0.0007423840420442483,1.7264652914344026e-05,80.54187192118141,1.1684364999999999,1.1700662016194123,1.1668067983805874,0.002789542468781914,0.0006628571428571555,0.9999999999977294,0.0006586770001966169,0.0016440326751494538,0.0003317965607522153,1
2026-08-21 07:00:00+00:00,1.16975,1.17003,1.16865,1.16906,2515,1.1694600000000002,1.1691189999999998,1.1684665,1.1670272,1.1690161999714996,1.1683086922546255,0.0007075077168741117,0.000735408777010221,-2.7901060136109298e-05,67.4568965517229,1.1684665,1.1701199401139504,1.1668130598860498,0.0028301027268651685,0.0007257142857142977,0.7028876375049408,-0.00042751120079342897,0.00112181545707557,0.00040891843393590704,0
2026-08-21 08:00:00+00:00,1.16907,1.17061,1.16887,1.17051,2342,1.1696819999999999,1.16934,1.1685510000000001,1.167249,1.1692460153604998,1.1684717520876162,0.0007742632728835463,0.0007431796761848861,3.108359669866021e-05,74.74916387959702,1.1685510000000001,1.1704369022690244,1.1666650977309758,0.0032277620215536975,0.0008078571428571379,0.8684685967760406,0.0009492047203694121,0.0018916374218951315,0.000536412972364532,0
2026-08-21 09:00:00+00:00,1.17051,1.17111,1.16999,1.17001,2206,1.169824,1.1694689999999999,1.1686755,1.1674568,1.1693635514588843,1.1685856963774224,0.0007778550814618868,0.0007501147572402864,2.774032422160036e-05,67.94258373205747,1.1686755,1.1706031216597255,1.1667478783402745,0.0032988141870442,0.0008514285714285665,0.7139158329357462,0.0006072008894209002,0.0011037716476145487,0.000565544360361159,0
2026-08-21 10:00:00+00:00,1.17002,1.17104,1.16988,1.17017,1863,1.169906,1.169656,1.1687699999999999,1.1676642000000002,1.1694876204652096,1.168703052201317,0.0007845682638925044,0.00075700545857073,2.75628053217744e-05,68.246445497629,1.1687699999999999,1.1707986474622754,1.1667413525377244,0.003471422884357898,0.0009071428571428524,0.7208154322464878,0.0003504992477090241,0.0016006162800650259,0.000540976233765321,0
2026-08-21 11:00:00+00:00,1.17019,1.17096,1.16958,1.1700599999999999,2600,1.169962,1.1697609999999998,1.1688800000000001,1.1678536,1.1695756788551774,1.1688035668530714,0.000772112002106029,0.0007600267672777899,1.2085234828239106e-05,68.246445497629,1.1688800000000001,1.1709392384897752,1.166820761510225,0.0035234386588444875,0.0009828571428571267,0.7208154322464878,0.00023936124741386067,0.000898195909359023,0.0005216245473707257,0
2026-08-21 12:00:00+00:00,1.17007,1.17029,1.16848,1.16903,2541,1.169956,1.169708,1.1689665,1.1680214,1.1694917282620731,1.1688203396787697,0.0006713885833034006,0.0007422991304829121,-7.091054717951154e-05,55.359765051395904,1.1689665,1.170886952523394,1.167046047476606,0.0032857272186910605,0.001065714285714273,0.4282056287151279,-2.566164268724691e-05,-0.0004531618728409459,0.0005833640018930611,0
2026-08-21 13:00:00+00:00,1.16903,1.1691,1.1678600000000001,1.16831,2634,1.169516,1.169599,1.1690099999999999,1.1681824,1.1693099239140619,1.1687825367396016,0.0005273871744602143,0.0006993167392783726,-0.0001719295648181583,47.11673699015454,1.1690099999999999,1.1708211700201738,1.167198829979826,0.0030986390538557357,0.0011207142857142527,0.18336874968196587,-0.0018795226012592314,-0.0009321019326150592,0.0006107552237270995,0
2026-08-21 14:00:00+00:00,1.16831,1.16832,1.16686,1.1673,2816,1.168974,1.1693989999999999,1.1689975000000001,1.168258,1.16900070485036,1.1686727192033348,0.00032798564702507527,0.0006250505208277132,-0.000297064873802638,43.50649350649407,1.1689975000000001,1.170853980824707,1.1671410191752933,0.003176192976814401,0.0011764285714285386,0.0,-0.002316219519491236,-0.0017104250406225763,0.0006575662250099534,1
2026-08-21 15:00:00+00:00,1.1673,1.16836,1.16705,1.16828,2455,1.168596,1.1692509999999998,1.1690235,1.1683116,1.1688898271810737,1.1686436288919766,0.0002461982890971104,0.0005492800744815927,-0.00030308178538448235,45.42032622333653,1.1690235,1.1708206237253127,1.1672263762746873,0.0030745724535267433,0.0011978571428571236,0.051675797541691,-0.0016151499354793986,-0.0012652167966077377,0.0007129182730863225,0
2026-08-21 16:00:00+00:00,1.16828,1.16873,1.16792,1.16814,1856,1.168212,1.169087,1.1690375,1.1683481999999998,1.1687744691532163,1.1686063230481265,0.00016814610508975036,0.0004730532806032243,-0.0003049071755134739,40.6084656084655,1.1690375,1.1708004983430977,1.1672745016569022,0.003016153618849332,0.0011621428571428419,0.0,-0.0016409414901799035,-0.0014019730205679926,0.0007111694804495162,0
2026-08-21 17:00:00+00:00,1.16815,1.16828,1.16769,1.16801,1309,1.168008,1.1689820000000002,1.1690505,1.1683810000000001,1.1686568585142598,1.1685621509704875,9.470754377227664e-05,0.00039738413323703477,-0.00030267658946475813,40.77025232403694,1.1690505,1.1707769807526711,1.1673240192473289,0.002953646147315488,0.0011557142857142758,0.00405141285228942,-0.0008725182416191579,-0.0008981574940550852,0.0006913125871224507,0
2026-08-21 18:00:00+00:00,1.16801,1.1684,1.16797,1.16825,917,1.167996,1.168756,1.1690479999999999,1.1684096000000002,1.1685942648966816,1.1685390286763775,5.523622030412234e-05,0.00032895455065045233,-0.00027371833034633,43.155149934810844,1.1690479999999999,1.1707791949021829,1.1673168050978169,0.002961717401138339,0.0011542857142857268,0.06377328060611824,-5.1356232506738486e-05,-0.0019307823085662479,0.0005283575977818095,0
2026-08-21 19:00:00+00:00,1.16825,1.16829,1.16775,1.1678600000000001,910,1.1681080000000001,1.168541,1.1690049999999998,1.1684486,1.1684813010664228,1.168488730255905,-7.429189482266452e-06,0.00026167780262390856,-0.000269106992106175,37.500000000001094,1.1690049999999998,1.1708115786215,1.1671984213784996,0.003090797082134368,0.0011278571428571566,0.0,0.0004797395699478457,-0.0018375911316995674,0.0005245747630080015,1
2026-08-21 20:00:00+00:00,1.1678600000000001,1.1679,1.16739,1.16764,757,1.16798,1.168288,1.168972,1.1684554,1.168351870133127,1.1684258613480603,-7.399121493323335e-05,0.00019454399911248015,-0.00026853521404571353,36.282051282050745,1.168972,1.1708552849240452,1.1670887150759546,0.0032221215290790975,0.001105714285714297,0.0,-0.0005478138802341714,-0.002162079014160323,0.0005124357343980958,1
2026-08-23 21:00:00+00:00,1.16756,1.16778,1.16742,1.16778,172,1.167908,1.16806,1.1689105,1.1684573999999999,1.1682638901126459,1.1683780197667224,-0.00011412965407653353,0.00013280926847467742,-0.0002469389225512109,41.13573407202225,1.1689105,1.1708674522490696,1.1669535477509303,0.003348335478327324,0.0010328571428571687,0.1261774659496667,-0.0003081822384302102,-0.001948618019588566,0.0005224740398328317,1
2026-08-23 22:00:00+00:00,1.16779,1.16798,1.16724,1.16754,718,1.1678140000000001,1.167911,1.1688094999999998,1.1684532,1.168152522403008,1.1683159442284468,-0.0001634218254387143,7.356304969199906e-05,-0.00023698487513071337,25.29118136439274,1.1688094999999998,1.170832696792958,1.1667863032070416,0.0034619786936335817,0.0009614285714286051,0.0,-0.0004023938151214157,-0.001274560960796589,0.00046447546161806214,1
2026-08-23 23:00:00+00:00,1.16754,1.16822,1.16743,1.16821,588,1.1678060000000001,1.167901,1.16875,1.1684652,1.1681613651102376,1.168308096507821,-0.00014673139758336617,2.9504160236926007e-05,-0.0001762355578202922,35.436893203882946,1.16875,1.170770067742451,1.1667299322575488,0.0034568004148896087,0.0009378571428571807,0.23619251433298555,-3.42392467366226e-05,-8.559372084460115e-05,0.0004776441507311479,1
2026-08-24 00:00:00+00:00,1.16821,1.1687,1.16816,1.1684700000000001,1591,1.1679279999999999,1.168018,1.1687085,1.1684848,1.1682088474009702,1.1683200893590937,-0.00011124195812350912,1.3549365648389732e-06,-0.0001125968946883481,36.46496815286787,1.1687085,1.170715050063611,1.1667019499363889,0.0034337904851570035,0.0008935714285714618,0.2601261338724605,0.0005223228811672698,0.0010023130300695904,0.0003735255543333969,0
2026-08-24 01:00:00+00:00,1.16848,1.16862,1.16765,1.16816,1526,1.168032,1.168006,1.1686285,1.1685002,1.1682013324162057,1.1683082308880497,-0.00010689847184397472,-2.0295745116923773e-05,-8.660272672705094e-05,35.339506172841226,1.1686285,1.1705855038861515,1.1666714961138487,0.0033492318322741353,0.000864285714285746,0.3341801833106743,0.000445342742626309,-0.00010271510254378224,0.00028297908921953534,0
2026-08-24 02:00:00+00:00,1.16815,1.16845,1.16791,1.16818,1053,1.1681120000000003,1.16801,1.1685485,1.1685158000000002,1.16819805050602,1.1682987323037497,-0.00010068179772959596,-3.6372955639458215e-05,-6.430884209013774e-05,42.2303473491773,1.1685485,1.1704369164906063,1.1666600835093937,0.00323207208020264,0.0007735714285714528,0.7761161399580957,0.0003425302711126399,3.42424709367517e-05,0.0002803877110608586,0
2026-08-24 03:00:00+00:00,1.16818,1.16819,1.16777,1.1679599999999999,852,1.168196,1.1680050000000002,1.1684934999999999,1.1685223999999999,1.1681614273512477,1.1682736410219905,-0.00011221367074276678,-5.1541098660119937e-05,-6.0672572082646844e-05,46.47887323943599,1.1684934999999999,1.1703832649533308,1.166603735046669,0.0032345322474295842,0.000715000000000037,0.9999999999952803,0.00035973071586403726,-4.280785267263276e-05,0.00028491266588336815,0
2026-08-24 04:00:00+00:00,1.1679599999999999,1.16826,1.16751,1.16824,1127,1.168202,1.168004,1.16838,1.1685376,1.1681735154510557,1.1682711490944355,-9.763364337977976e-05,-6.075960760405191e-05,-3.6874035775727846e-05,61.08490566037602,1.16838,1.1700153721610564,1.1667446278389435,0.002799384037824115,0.0006642857142857521,0.9999999999972061,2.568031432703677e-05,-8.559811684238916e-06,0.00028790467345804347,0
2026-08-24 05:00:00+00:00,1.16824,1.16829,1.16759,1.16803,1075,1.1681139999999999,1.168021,1.168281,1.16854,1.1681514361508933,1.1682532861985513,-0.00010185004765794758,-6.897769561483105e-05,-3.2872352043116534e-05,46.397694524494796,1.168281,1.1697300054665196,1.1668319945334802,0.0024805769613983537,0.0006207142857143236,0.589670775399352,-0.00037656080173231743,0.00014556539311194605,0.0002717737666957782,0
2026-08-24 06:00:00+00:00,1.16803,1.16804,1.16737,1.16774,1744,1.16803,1.168031,1.1681595000000002,1.1685492,1.1680881382815251,1.1682152649986586,-0.00012712671713344115,-8.060749991855308e-05,-4.6519217214888064e-05,44.475138121547836,1.1681595000000002,1.1693204701024795,1.166998529897521,0.0019876910686927357,0.0006107142857143215,0.5359586669011219,-0.00035953978907010686,8.564283512035864e-05,0.00027734752677421165,0
2026-08-24 07:00:00+00:00,1.16774,1.16803,1.16645,1.16668,2301,1.16773,1.1679210000000002,1.1679905,1.1685311999999999,1.167871501622829,1.1681015416654246,-0.00023004004259563615,-0.00011049400845396972,-0.00011954603414166643,35.384615384615685,1.1679905,1.1689538379468858,1.167027162053114,0.0016495646957502756,0.0006814285714285947,0.281988930146825,-0.001284048691126416,-0.0009419582455600928,0.0003963686306040785,1
2026-08-24 08:00:00+00:00,1.16669,1.16684,1.16604,1.16631,2105,1.1674,1.167798,1.1678545,1.1684818,1.1676312706039322,1.1679688348753932,-0.0003375642714609217,-0.00015590806105536013,-0.00018165621040556158,29.27350427350477,1.1678545,1.168957767396094,1.166751232603906,0.001889391865329131,0.0007078571428571648,0.11125757342741203,-0.001412719613685387,-0.0010534970964592993,0.000401392695325185,1
2026-08-24 09:00:00+00:00,1.16631,1.16667,1.16602,1.16642,1454,1.167036,1.167619,1.16776,1.1684256,1.1674449212802502,1.1678541063661048,-0.0004091850858545243,-0.00020656346601519298,-0.0002026216198393313,33.63636363636391,1.16776,1.16901265192373,1.1665073480762698,0.0021453927583238706,0.0007157142857143116,0.2331465204050962,-0.0015578990618365651,-0.0015322587548470823,0.00033426797151305475,1
2026-08-24 10:00:00+00:00,1.16642,1.16668,1.16616,1.16639,1372,1.1667079999999999,1.167411,1.1677145,1.1683568000000002,1.1672826256986732,1.1677456540426896,-0.0004630283440163474,-0.0002578564416154239,-0.0002051719024009235,35.15439429928867,1.1677145,1.1690968926625982,1.1663321073374018,0.0023676894696404104,0.0007164285714285861,0.2755570460706489,-0.0014040735255086423,-0.0017801056081885314,0.0003117093523982869,1
2026-08-24 11:00:00+00:00,1.16637,1.16736,1.16625,1.16667,2389,1.166494,1.167262,1.167634,1.1682766,1.167188375591185,1.1676659759654533,-0.000477600374268361,-0.00030180522814601135,-0.00017579514612234965,37.24137931034634,1.167634,1.1690644125278828,1.1662035874721173,0.0024501042756253843,0.0007700000000000008,0.3338629377346253,-0.0009162998612703976,-0.0012755102040816757,0.0003360201413587285,0
2026-08-24 12:00:00+00:00,1.16667,1.16738,1.16617,1.16692,2632,1.1665420000000002,1.167136,1.167573,1.1682212,1.167147087038695,1.1676107184865308,-0.00046363144783567733,-0.0003341704720839446,-0.00012946097575173275,42.88990825688022,1.167573,1.169016549718368,1.166129450281632,0.00247273569767033,0.0008035714285714432,0.4280353392086717,0.00020571193472074256,-0.0010786009005462338,0.00035090822726036226,0
2026-08-24 13:00:00+00:00,1.16693,1.16746,1.16635,1.16647,2600,1.166574,1.166987,1.167496,1.1681814,1.167042919801973,1.1675262208208619,-0.0004833010188889375,-0.0003639965814449432,-0.00011930443744399431,28.98550724637721,1.167496,1.1690042426162273,1.165987757383773,0.0025837221133557173,0.0008264285714285771,0.0,0.00013718479649482695,-0.0012757286208431307,0.00036132765590572165,0
2026-08-24 14:00:00+00:00,1.16648,1.16718,1.16628,1.16653,2562,1.166596,1.166816,1.16741,1.1681356,1.1669640090632079,1.1674524266859831,-0.0004884176227752945,-0.0003888807897110135,-9.953683306428103e-05,25.380710659899535,1.16741,1.168933292832178,1.165886707167822,0.0026096963914614447,0.0008521428571428727,0.0,9.430565319523687e-05,-0.0014637403273298766,0.00034457673555678115,0
2026-08-24 15:00:00+00:00,1.16654,1.16722,1.16636,1.16644,2220,1.1666059999999998,1.166657,1.167339,1.168114,1.1668833922842528,1.167377432116651,-0.0004940398323982631,-0.00040991259824846353,-8.412723414979957e-05,26.88172043010772,1.167339,1.1689057317642113,1.1657722682357885,0.0026842789698817643,0.000844285714285726,0.0420401515895807,4.2867308533089954e-05,-0.001361266405828565,0.0003450010347204937,0
2026-08-24 16:00:00+00:00,1.16645,1.16694,1.16624,1.16645,1887,1.1665619999999999,1.166528,1.1672795,1.1680774,1.166816716548214,1.1673087334413434,-0.0004920168931294988,-0.0004263334572246706,-6.568343590482821e-05,26.684636118601688,1.1672795,1.1688879314032268,1.1656710685967733,0.0027558633613059273,0.0008557142857143088,0.03652023126921359,-0.00018857088979751246,-0.0011046979635878085,0.0003452871113620396,0
2026-08-24 17:00:00+00:00,1.16645,1.1666400000000001,1.16551,1.16592,1943,1.166362,1.166452,1.1671865000000001,1.1680386,1.166678760156181,1.1672058642975403,-0.0005271041413592581,-0.0004464875940515881,-8.061654730766998e-05,24.626865671646286,1.1671865000000001,1.168885617727697,1.1654873822723033,0.0029114759769699517,0.0009064285714285937,0.0,-0.000856956775100115,-0.0006514211266155367,0.00024383266030883165,1
2026-08-24 18:00:00+00:00,1.16591,1.16653,1.16568,1.16638,1354,1.166344,1.1664590000000001,1.1671285,1.1680202,1.1666327970552302,1.167144689164389,-0.0005118921091589179,-0.0004595684970730541,-5.2323612085863826e-05,27.857142857144268,1.1671285,1.1688557707403504,1.1654012292596496,0.0029598638716309216,0.0009135714285714501,0.1483763988645978,-7.715586341694447e-05,6.0018348466472915e-05,0.0002650436820133273,1
2026-08-24 19:00:00+00:00,1.16639,1.16639,1.16591,1.16612,850,1.1662620000000001,1.166429,1.167024,1.1679938,1.1665539052005793,1.167068786263323,-0.0005148810627437772,-0.0004706310102071988,-4.4250052536578405e-05,27.529411764708044,1.167024,1.1687285128953675,1.1653194871046326,0.0029211274067498837,0.0008978571428571566,0.14623671155126308,-0.00035146974359856475,-0.00025719723598705,0.0002721911995756552,1
2026-08-24 20:00:00+00:00,1.16611,1.16644,1.16602,1.1663999999999999,536,1.166254,1.1664299999999999,1.1669205,1.1679708,1.1665302274774132,1.167019246540114,-0.0004890190627007129,-0.0004743086207059016,-1.4710441994811329e-05,34.198113207545845,1.1669205,1.1685022841358996,1.1653387158641004,0.002711040102388466,0.0008800000000000077,0.5240773814756208,-3.429237680463437e-05,8.573461706573582e-06,0.0002848735386763136,0
2026-08-24 21:00:00+00:00,1.1663999999999999,1.16641,1.16608,1.16632,398,1.166228,1.166395,1.1668284999999998,1.1679419999999998,1.1664978847885803,1.1669674505001055,-0.00046956571152523274,-0.0004733600388697679,3.7943273445351566e-06,44.47852760736294,1.1668284999999998,1.168318088781106,1.1653389112188937,0.002553226598606678,0.0007907142857142954,0.9999999999949627,-0.00011144926914996578,-0.00029999914285960827,0.00027253520004380023,0
2026-08-24 22:00:00+00:00,1.16635,1.1665,1.16631,1.16642,316,1.1663279999999998,1.1663450000000002,1.1667405,1.1679132,1.166485902513414,1.166926898611209,-0.0004409960977949101,-0.00046688725065479643,2.5891152859886316e-05,51.83946488294416,1.1667405,1.1680958088597149,1.165385191140285,0.0023232395887772986,0.0007471428571428669,0.9999999999963253,0.00042884588994085426,-0.000428478387550113,0.00026258428965056797,0
2026-08-24 23:00:00+00:00,1.16644,1.16685,1.16639,1.16679,396,1.1664100000000002,1.166377,1.166682,1.167894,1.1665326867421195,1.1669167579733417,-0.0003840712312221939,-0.00045032404676827593,6.625281554608204e-05,55.692307692307836,1.166682,1.1679107708877972,1.1654532291122028,0.0021064366944842884,0.0007335714285714287,0.999999999996781,0.0003515149436719156,0.0002743319588160986,0.0002545727826929678,0
2026-08-25 00:00:00+00:00,1.16679,1.16707,1.1667,1.16685,1207,1.166556,1.166409,1.1666124999999998,1.167865,1.166581504166409,1.1669118129382794,-0.0003303087718704578,-0.00042632099178871235,9.601221991825453e-05,57.01219512195035,1.1666124999999998,1.1676046985157718,1.165620301484228,0.001700990715892252,0.000722857142857152,0.9999999999969121,0.0006260076149966487,0.00027431784866216447,0.00025457263509396223,0
2026-08-25 01:00:00+00:00,1.16685,1.16686,1.16616,1.16629,1124,1.166534,1.166394,1.1665255,1.1678164,1.166536657371577,1.166865752720629,-0.000329095349052011,-0.00040687586324137206,7.778051418936107e-05,44.66292134831329,1.1665255,1.1672681120329929,1.1657828879670074,0.0012732032570102428,0.0006935714285714363,0.6186769137967506,-9.430727023307384e-05,-0.00012859641301732339,0.0003006540941231073,0
2026-08-25 02:00:00+00:00,1.16629,1.16646,1.16586,1.16604,1104,1.1664780000000001,1.166353,1.1664404999999998,1.1677712,1.1664602485451805,1.1668045858524343,-0.00034433730725380585,-0.00039436815204385887,5.003084479005302e-05,37.64044943820161,1.1664404999999998,1.1669505454055857,1.1659304545944138,0.0008745330869186527,0.0006500000000000077,0.40183576907824087,-0.000240071335482539,-0.00035149384885768686,0.00030708758426876563,0
2026-08-25 03:00:00+00:00,1.16606,1.16621,1.16584,1.1660300000000001,771,1.1664,1.166364,1.1664080000000001,1.1677115999999998,1.1663940564613067,1.1667472091226243,-0.000353152661317635,-0.00038612505389861416,3.2972392580979154e-05,42.94871794872059,1.1664080000000001,1.1669362981614009,1.1658797018385993,0.0009058548319297607,0.0005971428571428675,0.5657454343681444,-0.0003343564067830318,9.434609578695685e-05,0.0002695220218850917,1
2026-08-25 04:00:00+00:00,1.16602,1.1660300000000001,1.16547,1.16556,761,1.166154,1.166282,1.1663705,1.1676316,1.1662657400826442,1.1666592677061336,-0.0003935276234894314,-0.00038760556781677766,-5.922055672653718e-06,36.260623229458204,1.1663705,1.1670205356265329,1.165720464373467,0.001114629745064496,0.0005728571428571527,0.3592292484048442,-0.0010541742730054704,-0.0007030298873438312,0.0002607835837629195,1
2026-08-25 05:00:00+00:00,1.16556,1.16566,1.16528,1.16536,812,1.1658560000000002,1.166206,1.1663175000000001,1.1675508,1.166126395454545,1.1665630256538273,-0.00043663019928219526,-0.00039741049410986127,-3.9219705172333997e-05,35.16483516483322,1.1663175000000001,1.1671081792549354,1.1655268207450649,0.0013558559396309425,0.0005385714285714359,0.32539330839061315,-0.0012769421947979032,-0.0006517339553391288,0.000257935888992162,1
2026-08-25 06:00:00+00:00,1.16534,1.1659,1.1650800000000001,1.16525,1381,1.165648,1.1660910000000002,1.1662605000000001,1.1674698000000001,1.165991565384615,1.1664657644942846,-0.0004741991096697262,-0.0004127682172218343,-6.143089244789191e-05,33.95721925133317,1.1662605000000001,1.167182613704587,1.1653383862954132,0.0015813168748953538,0.0005471428571428413,0.28810432804074726,-0.0008917164684599799,-0.0009859396433470335,0.0002345801130298866,1
2026-08-25 07:00:00+00:00,1.16524,1.16626,1.16523,1.16585,1724,1.16561,1.1660439999999999,1.1662195,1.1673916,1.165969786094674,1.1664201523095228,-0.00045036621484872974,-0.0004202878167472134,-3.007839810151633e-05,49.08136482939605,1.1662195,1.1671378618137915,1.1653011381862084,0.0015749381892372206,0.0005399999999999849,0.7310013034885586,-0.0001629446674212831,-0.00040297688455992464,0.0003049068217410867,1
2026-08-25 08:00:00+00:00,1.16586,1.16675,1.16571,1.16671,2327,1.165746,1.166073,1.1662089999999998,1.1673301999999999,1.1660836651570319,1.1664416225088174,-0.000357957351785565,-0.0004078217237548837,4.986437196931873e-05,53.9192399049878,1.1662089999999998,1.1670979710195852,1.1653200289804144,0.0015245483778386294,0.0005535714285714073,0.8950928350429205,0.0005831753899983028,0.0002486239947874225,0.00039207427393267967,1
2026-08-25 09:00:00+00:00,1.16671,1.1673499999999999,1.16655,1.16677,2018,1.165988,1.166071,1.1662240000000001,1.1672844,1.1661892551328732,1.1664659467674237,-0.0002766916345504633,-0.00038159570591399965,0.00010490407136353635,58.10473815461426,1.1662240000000001,1.1671411902173023,1.165306809782698,0.0015729228986921693,0.0005764285714285412,0.9999999999958589,0.0010381275953190716,-1.7141045089430484e-05,0.0003788447239623677,1
2026-08-25 10:00:00+00:00,1.16677,1.16681,1.16591,1.16621,1469,1.166158,1.166007,1.166208,1.1671984,1.1661924466508928,1.1664469877476145,-0.0002545410967216277,-0.0003561847840755253,0.0001016436873538976,47.78554778554887,1.166208,1.1671138081590662,1.1653021918409336,0.001553424704797546,0.0006107142857142581,0.5726604289883995,0.000729388343516213,-0.0005484852380339689,0.00040680805855998096,1
2026-08-25 11:00:00+00:00,1.16621,1.16647,1.16582,1.16596,1658,1.1663000000000001,1.1659739999999998,1.1661839999999999,1.1671174,1.1661566856276786,1.1664109145811246,-0.0002542289534459563,-0.00033579361794961154,8.156466450365523e-05,45.96412556053917,1.1661839999999999,1.167089361806119,1.1652786381938807,0.00155269118101298,0.0006335714285713921,0.4972314695040913,0.0006093113065868128,-0.0002829484947997063,0.00038400060711820267,1
2026-08-25 12:00:00+00:00,1.16597,1.16663,1.16597,1.16659,1746,1.1664480000000002,1.166029,1.166191,1.1670458,1.1662233493772665,1.1664241801677078,-0.0002008307904413087,-0.00030880105244795097,0.00010797026200664228,51.70340681362727,1.166191,1.1671071222625715,1.1652748777374284,0.0015711358818093078,0.0006678571428570931,0.7349072852287657,0.0006347300253033428,0.0004716819320091936,0.00041616927086982487,1
2026-08-25 13:00:00+00:00,1.1666,1.1675200000000001,1.16641,1.16739,2550,1.1665839999999998,1.166165,1.1662645,1.1669924,1.1664028340884562,1.1664957223775072,-9.288828905096302e-05,-0.0002656184997685534,0.00017273021071759036,55.535055350552916,1.1662645,1.1673150832966186,1.1652139167033815,0.001801620981550166,0.0007142857142856832,0.8935839820876363,0.0005828354946817438,0.0011663507799968276,0.00046129750919437335,1
2026-08-25 14:00:00+00:00,1.16736,1.16746,1.16659,1.16694,2646,1.1666180000000002,1.1663029999999999,1.1662925,1.1669506,1.1664854749979245,1.1665286318310253,-4.31568331007437e-05,-0.00022112616643499142,0.00017796933333424773,50.77452667814241,1.1662925,1.1673850561529475,1.1651999438470524,0.0018735542806758438,0.000749999999999965,0.6964403876894578,0.00014570138073488614,0.0011839802326780724,0.00045912239897067547,1
2026-08-25 15:00:00+00:00,1.16696,1.16757,1.16668,1.16727,2262,1.16683,1.166494,1.16635,1.1669298000000001,1.16660617115209,1.1665835479916902,2.2623160399914966e-05,-0.00017237630106801014,0.0001949994614679251,58.78136200716842,1.16635,1.167522455812196,1.165177544187804,0.0020104699484647633,0.0007635714285714032,0.9999999999959718,0.000908927208650212,0.0016389785130774825,0.0004496166705572273,0
2026-08-25 16:00:00+00:00,1.16728,1.16739,1.16677,1.1671,1343,1.1670580000000002,1.166679,1.166385,1.1669258,1.1666821448209994,1.1666218036960094,6.034112498998212e-05,-0.00012583281585641168,0.0001861739408463938,59.63636363636448,1.166385,1.1676045857795398,1.1651654142204602,0.0020912233602795724,0.0007649999999999522,0.9999999999961059,0.0009777350852515632,0.0015876421368805627,0.0004531654539679896,1
2026-08-25 17:00:00+00:00,1.1671,1.16743,1.16689,1.16738,1227,1.167216,1.166832,1.166438,1.1669078,1.1667895071562302,1.1666779663851938,0.00011154077103636695,-7.835809847785594e-05,0.0001898988695142229,61.698440207971835,1.166438,1.1677353430337956,1.1651406569662046,0.0022244526220775948,0.0007771428571428096,0.9999999999963953,0.0006771873580264653,0.001312347214478704,0.0004372134778404738,1
2026-08-25 18:00:00+00:00,1.16739,1.1675,1.16715,1.16741,864,1.16722,1.1669019999999999,1.1664875000000001,1.1668931999999999,1.1668849675937334,1.1667321910974016,0.0001527764963318301,-3.213117951591872e-05,0.00018490767584774883,67.35459662289105,1.1664875000000001,1.1678555700966842,1.165119429903316,0.00234562324359935,0.0007621428571428065,0.9999999999970057,1.7132235157202302e-05,0.0005999777151135532,0.00038197022021736033,0
2026-08-25 19:00:00+00:00,1.16741,1.1678600000000001,1.16686,1.16758,1431,1.167348,1.166983,1.1665269999999999,1.1668846,1.166991895656236,1.1667949917568532,0.00019690389938276098,1.3675836263817236e-05,0.00018322806311894373,70.9433962264167,1.1665269999999999,1.1679751218326062,1.1650788781673935,0.0024827917958287152,0.0008064285714285413,0.9999999999972963,0.0005484429362263565,0.0006942242258543008,0.0003828943309470951,0
2026-08-25 20:00:00+00:00,1.1676,1.16793,1.16723,1.16723,784,1.16734,1.1670850000000002,1.1665459999999999,1.1668642,1.1670285270937382,1.166827214589679,0.00020131250405919232,5.120316982289227e-05,0.00015010933423630004,67.87003610108425,1.1665459999999999,1.1680216750462313,1.1650703249537684,0.002529990323967461,0.00079785714285712,0.8769635764578809,-3.426799283801074e-05,0.0008746280687010888,0.00035756756032875506,0
2026-08-25 21:00:00+00:00,1.16734,1.16754,1.16721,1.16727,653,1.1673740000000001,1.167216,1.166595,1.1668524,1.1670656767716245,1.166860013508962,0.00020566326266258095,8.209518839083003e-05,0.00012356807427175092,64.25702811245026,1.166595,1.1680996804171844,1.1650903195828157,0.002579610605538894,0.0007478571428571097,0.7323233250691559,0.00014566018336048536,0.0011235376856837398,0.0003425758903683599,0
2026-08-25 22:00:00+00:00,1.16723,1.16768,1.16723,1.16765,398,1.167428,1.167322,1.1666755,1.1668526,1.167155572652913,1.1669185310268166,0.00023704162609639035,0.00011308447593194211,0.00012395715016444824,60.44444444444637,1.1666755,1.1682267097146768,1.1651242902853232,0.0026591965198151765,0.0007057142857142619,0.5796934216990491,0.00023128715585318815,0.0009086311386177215,0.00031866020390159506,0
2026-08-25 23:00:00+00:00,1.16765,1.16766,1.16722,1.1674,419,1.167426,1.167323,1.166744,1.166845,1.1671931768601571,1.1669541953952007,0.00023898146495637818,0.00013826387373682935,0.00010071759121954883,56.716417910446985,1.166744,1.1682961855559042,1.1651918144440958,0.002660713157135062,0.0006799999999999822,0.4304486105173896,-8.565970824325753e-06,8.566117578601151e-06,0.0002521117202075435,0
2026-08-26 00:00:00+00:00,1.16738,1.16755,1.16708,1.16724,974,1.167358,1.167353,1.166828,1.166839,1.167200380420133,1.1669753661066673,0.0002250143134656657,0.00015561396168259662,6.940035178306907e-05,62.00466200466389,1.166828,1.1682895867368814,1.1653664132631185,0.0025052308255911915,0.0006492857142857174,0.6421539146846424,-0.0002912006029565095,0.0002570826263561532,0.00022000637136931892,0
2026-08-26 01:00:00+00:00,1.16724,1.16739,1.16687,1.1670099999999999,1304,1.167314,1.167327,1.1669105,1.166815,1.167171091124728,1.1669779315802475,0.0001931595444804035,0.00016312307824215802,3.003646623824549e-05,62.29508196721047,1.1669105,1.1681992443909535,1.1656217556090465,0.0022088144565560086,0.0006400000000000057,0.5712048095425695,-0.0001884804194547396,-0.00022274195344706982,0.00020980068015099502,0
2026-08-26 02:00:00+00:00,1.1670099999999999,1.16727,1.16665,1.16675,1003,1.1672099999999999,1.1672920000000002,1.1669855,1.1667805999999998,1.1671063078747697,1.1669610477594885,0.0001452601152811539,0.0001595504856499572,-1.4290370368803308e-05,52.05128205128124,1.1669855,1.1680160946162803,1.1659549053837197,0.001766250936760226,0.0006364285714285854,0.06330326893515686,-0.0004454839068939176,-0.00029988861280105805,0.00021616422285630519,1
2026-08-26 03:00:00+00:00,1.1667399999999999,1.16684,1.16635,1.16646,798,1.1669720000000001,1.1671999999999998,1.167016,1.1667466,1.1670068758940357,1.1669239331106376,8.294278339815442e-05,0.00014422894519959667,-6.128616180144225e-05,36.28318584070982,1.167016,1.1679351849936648,1.1660968150063353,0.001575274021375411,0.0005921428571428665,0.0,-0.0010191410097204479,-0.0007880895680927313,0.0002032033100973689,1
2026-08-26 04:00:00+00:00,1.16646,1.16648,1.16605,1.16618,627,1.166728,1.1670770000000001,1.1669895000000001,1.1667066,1.1668796642180301,1.1668688269542942,1.0837263735963276e-05,0.00011755060890686999,-0.00010671334517090672,38.19875776397451,1.1669895000000001,1.1679740645577457,1.1660049354422546,0.0016873580400604074,0.0005607142857142953,0.05526717529819458,-0.0010450573924961626,-0.001053614411389403,0.00020538091616488461,1
2026-08-26 05:00:00+00:00,1.16618,1.16666,1.16605,1.16641,831,1.166562,1.16696,1.1669715,1.1666756,1.166807408184487,1.1668348397724946,-2.7431588007553742e-05,8.855416952398524e-05,-0.00011598575753153898,36.21794871794842,1.1669715,1.1679856789523142,1.165957321047686,0.001738138338963974,0.0005407142857142912,0.0,-0.0007110791268292171,-0.00100207266311525,0.0002128992945208707,0
2026-08-26 06:00:00+00:00,1.16643,1.16671,1.16595,1.16667,1328,1.166494,1.166904,1.1669945,1.1666442,1.1667862684637966,1.1668226294189763,-3.636095517967064e-05,6.357114458325407e-05,-9.99320997629247e-05,43.302180685360135,1.1669945,1.1679554310178155,1.1660335689821844,0.0016468475520931428,0.0005507142857142933,0.20400693081532584,-0.0002913428333946033,-0.0004797683404298425,0.0002224163418300099,1
2026-08-26 07:00:00+00:00,1.1667,1.16727,1.16665,1.16706,1492,1.1665560000000001,1.166883,1.1670495,1.1666248,1.166828381007828,1.166840212424978,-1.1831417149998913e-05,4.849063223660347e-05,-6.032204938660238e-05,45.1807228915651,1.1670495,1.1678779030292636,1.1662210969707365,0.0014196536295393966,0.0005564285714285847,0.2581039213794199,0.00026569530747799774,-0.00017990696239944537,0.00025288836087927497,0
2026-08-26 08:00:00+00:00,1.16703,1.16765,1.16693,1.16711,1557,1.1666860000000001,1.166829,1.1670755000000002,1.1666122,1.1668717070066237,1.1668601966897945,1.1510316829221878e-05,4.109456915512715e-05,-2.9584252325905274e-05,45.508982035929094,1.1670755000000002,1.1678753282710075,1.1662756717289928,0.0013706538625947165,0.0005828571428571548,0.26755690666587306,0.0005572415685064502,-0.0004624673489487252,0.00022442007485829054,0
2026-08-26 09:00:00+00:00,1.16711,1.16712,1.16634,1.1666,1463,1.16677,1.166749,1.167036,1.1666106,1.1668299059286815,1.166840922860921,-1.1016932239371613e-05,3.06722688762274e-05,-4.1689201115599015e-05,36.68478260869718,1.167036,1.1678483623769753,1.1662236376230246,0.0013921804931044984,0.0005671428571428613,0.014748913242164869,0.0003601502340977447,-0.0006852835360630083,0.0002522810323805518,0
2026-08-26 10:00:00+00:00,1.16657,1.16662,1.16606,1.16619,1142,1.1667260000000002,1.166644,1.1669985,1.1666082,1.1667314588627307,1.1667927063527046,-6.124748997393681e-05,1.2288317106194554e-05,-7.353580708013136e-05,36.09625668449404,1.1669985,1.167894462287711,1.1661025377122891,0.001535498610685341,0.0005571428571428592,0.0,-0.00018861292341443292,-0.0008995579315307367,0.00026740856377588536,0
2026-08-26 11:00:00+00:00,1.16618,1.16689,1.16601,1.16686,1424,1.1667640000000001,1.166629,1.1669779999999998,1.166617,1.1667512344223105,1.166797691067319,-4.645664500846358e-05,5.393246832629242e-07,-4.6995969691726506e-05,45.30892448512584,1.1669779999999998,1.1678665375328687,1.166089462467131,0.0015228008289254517,0.0005964285714285771,0.35164430852074535,0.00016285667755222555,-0.00012853360296816163,0.00033567535600617947,0
2026-08-26 12:00:00+00:00,1.16688,1.16751,1.16553,1.16559,2720,1.16647,1.166513,1.1669025000000002,1.166601,1.1665725829727243,1.1667082324697398,-0.00013564949701549978,-2.6698439656489625e-05,-0.00010895105735901015,30.418250950569686,1.1669025000000002,1.1679832185718448,1.1658217814281555,0.001852285982495818,0.0007057142857142937,0.0,-0.0012595753431701162,-0.0009942146989501133,0.0004774898537983124,0
2026-08-26 13:00:00+00:00,1.16561,1.16586,1.16513,1.16527,2905,1.166102,1.166394,1.166797,1.166573,1.1663721855923053,1.1666016967312405,-0.00022951113893521224,-6.726097951223417e-05,-0.0001622501594229781,30.018761726079333,1.166797,1.1680753393833025,1.1655186606166976,0.0021911941551143216,0.0007264285714285723,0.0,-0.001576543770510086,-0.0010201807177271371,0.0004784616902910175,0
2026-08-26 14:00:00+00:00,1.16525,1.16531,1.16417,1.16448,2449,1.165678,1.1662240000000001,1.1666504999999998,1.1665242,1.166081080116566,1.1664445340104077,-0.00036345389384173643,-0.00012649956237813464,-0.0002369543314636018,26.845637583892554,1.1666504999999998,1.1682613641028512,1.1650396358971484,0.0027615195859452065,0.0007742857142857115,0.0,-0.0018172466998115366,-0.0014577509475381945,0.0005114092512179288,1
2026-08-26 15:00:00+00:00,1.16446,1.1654,1.16446,1.165,2205,1.1654399999999998,1.166083,1.1665215000000002,1.1664948,1.1659147600986328,1.1663375314911184,-0.00042277139248558804,-0.00018575392839962533,-0.0002370174640859627,33.92000000000148,1.1665215000000002,1.1682292566078176,1.1648137433921828,0.0029279470765303716,0.0008042857142857177,0.2806658018696463,-0.0010204169131959873,-0.0012088373727933144,0.000535498606656976,1
2026-08-26 16:00:00+00:00,1.165,1.16541,1.16487,1.16494,1529,1.165056,1.16591,1.166407,1.166463,1.1657647970065355,1.1662340106399245,-0.00046921363338903177,-0.00024244586939750666,-0.0002267677639915251,35.04132231405096,1.166407,1.1682186593150072,1.1645953406849927,0.0031063930772144946,0.0007985714285714263,0.43913269409868183,-0.001645441612532661,-0.0014828529061345908,0.0005228082125001756,1
2026-08-26 17:00:00+00:00,1.16492,1.16541,1.1648399999999999,1.16525,1080,1.164988,1.165729,1.166306,1.1664392,1.1656855974670683,1.166161120962893,-0.00047552349582469233,-0.0002890613946829438,-0.00018646210114174855,40.03294892915855,1.166306,1.168140171546811,1.1644718284531892,0.0031452664168937993,0.0008042857142857177,0.7065888634850943,-0.0002916977667962728,-0.0015509056946515498,0.0005162194149293646,1
2026-08-26 18:00:00+00:00,1.16524,1.16541,1.16498,1.1651,764,1.1649540000000003,1.1655280000000001,1.1661785,1.1664122000000001,1.1655955055490579,1.1660825194100861,-0.0004870138610282293,-0.00032865188795200094,-0.00015836197307622836,40.909090909090914,1.1661785,1.1679733965664314,1.1643836034335686,0.0030782535716983154,0.0008042857142857336,0.7535333959711817,-0.0001458889356115156,-0.0017222027058290124,0.0005117421353900286,1
2026-08-26 19:00:00+00:00,1.16513,1.16535,1.16498,1.16532,796,1.165122,1.1654,1.1660745000000001,1.1664002,1.1655531200799722,1.1660260364908206,-0.00047291641084834524,-0.00035750479253126986,-0.00011541161831707538,40.80944350758788,1.1660745000000001,1.1678114965003092,1.164337503499691,0.002979220453425777,0.000787142857142891,0.7481941920702632,0.000721352019785515,-0.0010972055546032422,0.0005140292568478511,1
2026-08-26 20:00:00+00:00,1.16531,1.16547,1.16515,1.16531,526,1.165184,1.165312,1.1659780000000002,1.1663788000000002,1.1655157169907457,1.1659729967507597,-0.0004572797600139733,-0.00037745978602781057,-7.981997398616273e-05,38.02816901408313,1.1659780000000002,1.167655800565272,1.1643001994347284,0.0028779283404520165,0.0007557142857143358,0.5991708216535878,0.000266094420600993,-0.0007545940198423473,0.0005075027288581826,1
2026-08-26 21:00:00+00:00,1.16531,1.16531,1.16487,1.16531,304,1.1652580000000001,1.165157,1.165893,1.1663626,1.1654840682229388,1.1659238858803331,-0.00043981765739431466,-0.0003899313603011114,-4.9886297093203245e-05,33.45935727788223,1.165893,1.1675222083967336,1.1642637916032665,0.002794782019848353,0.000742857142857188,0.3543694813623051,0.0003176129242707937,-0.0013283513017842141,0.00045562507498348267,1
2026-08-26 22:00:00+00:00,1.16533,1.1655,1.16532,1.16539,435,1.165286,1.165137,1.165825,1.1663424,1.1654695961886403,1.1658843387780864,-0.000414742589446071,-0.00039489360613010336,-1.984898331596765e-05,33.83458646616181,1.165825,1.1674166955540652,1.1642333044459345,0.0027305908761012217,0.0007050000000000349,0.37853221474690746,0.00012014589143971577,-0.00017158692164476186,0.00030947095406849684,1
2026-08-26 23:00:00+00:00,1.16539,1.16561,1.16538,1.16551,524,1.165368,1.165161,1.1657775,1.1663262,1.165475812159619,1.1658566099797096,-0.00038079782009070584,-0.0003920744489222239,1.1276628831518058e-05,38.94523326571846,1.1657775,1.1673459370362986,1.1642090629637012,0.0026907999790675664,0.0006657142857143171,0.6553327014028123,0.0003519011243671155,0.0002059608502751331,0.000297368794704732,1
2026-08-27 00:00:00+00:00,1.16552,1.1658,1.16536,1.1656,964,1.165424,1.165273,1.1657485,1.1663097999999998,1.165494917981216,1.1658376018330645,-0.00034268385184854644,-0.00038219632950748847,3.951247765894203e-05,43.60086767895688,1.1657485,1.1673070185273178,1.1641899814726824,0.0026738503670692233,0.0006571428571428958,0.9074890177790815,0.0002402773487111265,0.0009618026930475754,0.0001679950866303354,0
2026-08-27 01:00:00+00:00,1.16561,1.1659,1.16551,1.16578,1120,1.165518,1.165351,1.165717,1.1662896,1.1655387767533365,1.1658333350306154,-0.00029455827727886685,-0.0003646687190617642,7.011044178289734e-05,36.89320388349379,1.165717,1.167244379592978,1.1641896204070217,0.0026204981019891066,0.0006221428571428886,0.5996674615946356,0.0004033261535556498,0.000669527896995703,0.00011836076556771518,0
2026-08-27 02:00:00+00:00,1.16578,1.16594,1.1654200000000001,1.16552,658,1.16556,1.165409,1.1656594999999998,1.166263,1.1655358880220539,1.1658101250283475,-0.00027423700629358727,-0.00034658237650812883,7.234537021454156e-05,48.87459807073914,1.1656594999999998,1.1671209841051031,1.1641980158948966,0.002507566068999176,0.0005178571428571572,0.9999999999954606,0.00018020955797148908,0.0004978797191270701,0.00014651246333730663,0
2026-08-27 03:00:00+00:00,1.16554,1.16562,1.16532,1.1654,579,1.165562,1.165424,1.1655765,1.1662452,1.1655149821725073,1.165779745396618,-0.0002647632241108422,-0.0003302185460286715,6.545532191782932e-05,52.23367697594476,1.1655765,1.1668834736034057,1.1642695263965943,0.0022426217471023194,0.0004871428571428923,0.9999999999960613,8.580818438463922e-06,0.00012872774082817173,0.00013170169850706663,0
2026-08-27 04:00:00+00:00,1.16539,1.16557,1.16538,1.16552,452,1.1655639999999998,1.165466,1.1654969999999998,1.1662348,1.1655157541459675,1.1657605049968687,-0.0002447508509011431,-0.0003131250070031659,6.837415610202275e-05,73.21428571429085,1.1654969999999998,1.1665865696881177,1.1644074303118819,0.001869708267147678,0.00041928571428573314,0.9999999999974846,8.579934964059177e-06,0.0003604840786197716,0.0001241876012631774,0
2026-08-27 05:00:00+00:00,1.16553,1.16573,1.16517,1.1654,772,1.165524,1.1654740000000001,1.165437,1.1662222,1.1654979458158188,1.1657338009230267,-0.00023585510720791625,-0.000297671027044116,6.181591983619973e-05,60.86956521739497,1.165437,1.1663950484549905,1.1644789515450096,0.001644101663136624,0.00039214285714287263,0.6894794939271175,-0.00017158544955386823,6.865067106032186e-05,0.0001184492952008271,0
2026-08-27 06:00:00+00:00,1.1654,1.16556,1.16517,1.1653,1213,1.165428,1.165473,1.1653924999999998,1.166217,1.1654674926133852,1.165701667521321,-0.00023417490793575801,-0.0002849718032224444,5.07968952866864e-05,59.574468085108144,1.1653924999999998,1.1662836228871518,1.1645013771128478,0.0015293094595202647,0.0003814285714285802,0.65690247308415,-0.0004117414949648124,-8.581407522467721e-06,0.00012203199887080509,0
2026-08-27 07:00:00+00:00,1.16532,1.16562,1.16513,1.16545,1483,1.1654139999999997,1.1654870000000002,1.165322,1.1662188,1.1654648014420952,1.1656830254827046,-0.00021822404060944933,-0.0002716222506998454,5.3398210090396055e-05,55.81395348837959,1.165322,1.1658881169676503,1.1647558830323497,0.0009716060756602872,0.00037571428571428874,0.5623100604041885,-6.0059029445946877e-05,0.0001201397053145481,0.0001287365726387052,0
2026-08-27 08:00:00+00:00,1.16546,1.1657899999999999,1.16474,1.1648,1649,1.1652939999999998,1.165428,1.1652825,1.1662098,1.1653625242971575,1.1656176161876894,-0.00025509189053196657,-0.00026831617866626966,1.3224288134303086e-05,43.24324324324297,1.1652825,1.16587929406658,1.16468570593342,0.0010242907905681008,0.00041999999999997595,0.24610498245484919,-0.0005148446885189228,-0.0005062682878691493,0.0002189180320042385,1
2026-08-27 09:00:00+00:00,1.16482,1.16482,1.16403,1.16408,1643,1.165006,1.1652850000000001,1.165223,1.1661744,1.1651652128668257,1.165503718692305,-0.00033850582547922947,-0.00028235410802886164,-5.615171745036783e-05,27.205882352941487,1.165223,1.166026521198104,1.1644194788018958,0.0013791715373007878,0.0004499999999999663,0.0,-0.0012355000343193812,-0.0012269306998653473,0.00027443106546601087,1
2026-08-27 10:00:00+00:00,1.16408,1.1648,1.1638,1.1639599999999999,1619,1.164718,1.1651209999999999,1.165197,1.1661194000000001,1.1649797955026986,1.1653893691595416,-0.00040957365684302083,-0.0003077980177916935,-0.00010177563905132734,26.148409893990603,1.165197,1.166125657208307,1.1642683427916931,0.001593991759860224,0.0004985714285713959,0.0,-0.0012356272524456369,-0.0014070006863419193,0.0002656162475703835,1
2026-08-27 11:00:00+00:00,1.16397,1.16443,1.16364,1.16409,1678,1.164476,1.164952,1.1651515,1.1660658,1.1648429038868988,1.1652931195921683,-0.0004502157052694855,-0.0003362815552872519,-0.0001139341499822336,29.391891891893962,1.1651515,1.1662019790887044,1.1641010209112954,0.0018031630885845856,0.000523571428571401,0.06891366497205398,-0.0010383592208014214,-0.0014496731801882934,0.00026063597356299097,1
2026-08-27 12:00:00+00:00,1.16412,1.16455,1.16394,1.16409,1992,1.1642040000000002,1.164809,1.165109,1.1660234,1.1647270725196837,1.165203999622378,-0.0004769271026943134,-0.00036441066476866423,-0.00011251643792564914,27.430555555561483,1.165109,1.1662595220782972,1.1639584779217027,0.0019749604170892932,0.0005535714285714073,0.027241512863023065,-0.0011669312282809319,-0.0012269201729698809,0.00026275395247880173,1
2026-08-27 13:00:00+00:00,1.16409,1.16598,1.1639599999999999,1.16538,2663,1.16432,1.1648070000000001,1.1651155,1.1660118,1.1648275229012708,1.165217036687387,-0.00038951378611629117,-0.0003694312890381897,-2.0082497078101487e-05,48.39506172839564,1.1651155,1.166270834993578,1.163960165006422,0.0019832110955145745,0.000681428571428563,0.47267051651809355,0.0004979395604396419,-1.7161489617167902e-05,0.00047015081030888294,0
2026-08-27 14:00:00+00:00,1.16538,1.1657899999999999,1.16444,1.1644700000000001,2659,1.1643979999999998,1.164702,1.165084,1.1659694,1.1647725193779983,1.1651617006364694,-0.0003891812584710941,-0.00037338128292477063,-1.5799975546323453e-05,38.39835728953012,1.165084,1.16627492003356,1.16389307996644,0.0020443505078775914,0.0007464285714285605,0.26027237742869946,0.00033502852037670117,-0.0009008854416910905,0.0005278409113418023,1
2026-08-27 15:00:00+00:00,1.16446,1.1654200000000001,1.16442,1.16528,1836,1.1646620000000003,1.16469,1.165082,1.1659272,1.1648505933198448,1.1651704635522866,-0.00031987023244184343,-0.00036267907282818524,4.2808840386341816e-05,45.454545454546185,1.165082,1.16627138462639,1.16389261537361,0.00204171831062527,0.000790000000000005,0.41019390851720905,0.001134059589676717,-0.00010296893770367355,0.0005831682876817602,0
2026-08-27 16:00:00+00:00,1.1653,1.1654200000000001,1.16491,1.1652,1279,1.1648840000000003,1.16468,1.1650765,1.1658924,1.1649043481937147,1.1651726514373024,-0.00026830324358773083,-0.0003438039069800944,7.550066339236355e-05,46.99248120300881,1.1650765,1.166262457751985,1.1638905422480152,0.00203584528910303,0.0007892857142857464,0.4428701462723773,0.000953534520526711,-8.581481163649762e-05,0.0005829461762585843,1
2026-08-27 17:00:00+00:00,1.16519,1.16537,1.16466,1.16488,1107,1.1650420000000001,1.164623,1.1650550000000002,1.1658446,1.1649006023177586,1.1651509735530579,-0.00025037123529925154,-0.00032511737264392585,7.474613734467431e-05,45.28985507246344,1.1650550000000002,1.1662387229405653,1.163871277059435,0.002032046453712698,0.0008185714285714463,0.4066947622841464,0.0006786416857802458,-0.0004890814706767221,0.0005863464955459353,1
2026-08-27 18:00:00+00:00,1.1649,1.165,1.16458,1.16485,854,1.164936,1.164628,1.165028,1.1657996,1.1648928173457958,1.1651286792157942,-0.00023586186999846603,-0.0003072662721148339,7.140440211636788e-05,43.83057090239514,1.165028,1.1662041596740955,1.1638518403259044,0.002019109710831958,0.0008350000000000302,0.5092618849705919,-0.00045478727968573107,4.292582417564361e-05,0.0005585108750185445,1
2026-08-27 19:00:00+00:00,1.16486,1.16503,1.1647,1.1649,767,1.165022,1.16471,1.1649975000000001,1.16575,1.1648939223695194,1.1651117400146243,-0.00021781764510486745,-0.0002893765467128406,7.155890160797317e-05,45.335820895523504,1.1649975000000001,1.1661524777851686,1.1638425222148316,0.0019827987359088534,0.0008185714285714621,0.5740255369559027,0.0003692667050245735,0.0007044189402789502,0.0005139827978234206,1
2026-08-27 20:00:00+00:00,1.16489,1.16521,1.16488,1.16512,394,1.16499,1.1648260000000001,1.1649734999999999,1.1657042000000002,1.1649287035434395,1.1651123518653927,-0.00018364832195327807,-0.00026823090176092813,8.458257980765006e-05,48.357664233576195,1.1649734999999999,1.166095233151503,1.1638517668484967,0.0019257659534799936,0.0008142857142857673,0.7486548921258076,-0.00013730605519712835,0.00099659782123096,0.0005113094102991875,0
2026-08-27 21:00:00+00:00,1.16512,1.16526,1.1648100000000001,1.16521,395,1.164992,1.164938,1.1649450000000001,1.1656568,1.1649719799213718,1.165119585060549,-0.00014760513917710938,-0.00024410574924416437,9.6500610067055e-05,47.78597785977869,1.1649450000000001,1.166007875939695,1.1638821240603052,0.0018247658725431604,0.0008114285714286058,0.9726213241773198,8.58221764499234e-06,0.0009621249216125172,0.0005113359360006549,0
2026-08-27 22:00:00+00:00,1.16522,1.16543,1.16516,1.16531,517,1.1650779999999998,1.16506,1.1649345,1.1656184,1.1650239830103915,1.1651336898708786,-0.00010970686048716871,-0.00021722597149276528,0.00010751911100559657,55.23613963038961,1.1649345,1.1659774204945343,1.1638915795054656,0.0017905221186845452,0.0007557142857143358,0.9999999999965622,0.0003691367351144059,0.0010480289324708014,0.0005102593576384885,0
2026-08-27 23:00:00+00:00,1.16531,1.16546,1.1652,1.16533,417,1.165174,1.1650550000000002,1.164931,1.1655796,1.1650710625472542,1.1651482313619246,-7.716881467034753e-05,-0.00018921454012828172,0.00011204572545793419,64.9880095923242,1.164931,1.1659677946556188,1.163894205344381,0.0017800104136964337,0.0007178571428571827,0.9999999999974253,0.0004120702236338758,-4.290446034782569e-05,0.00036898558624745044,0
2026-08-28 00:00:00+00:00,1.16532,1.16541,1.16503,1.1653,845,1.165254,1.165138,1.16492,1.1655326000000001,1.1651062836938304,1.1651594734832635,-5.318978943313901e-05,-0.00016200958998925319,0.00010881980055611417,66.42156862745121,1.16492,1.1659349202717062,1.1639050797282937,0.0017424720525121783,0.0006735714285714638,0.9999999999974353,0.0003433771139154107,0.0007127706166754066,0.00025069653409314906,0
2026-08-28 01:00:00+00:00,1.1653,1.16552,1.16492,1.16496,908,1.165222,1.165106,1.164898,1.1654838,1.1650837785101642,1.1651446976696884,-6.091915952421978e-05,-0.0001417915038962465,8.087234437202673e-05,60.13986013985899,1.164898,1.165887877185378,1.163908122814622,0.0016995087730908949,0.0006600000000000257,0.8388934271573246,-0.0001373249107387009,-0.0002746121103941457,0.00015282174582703826,0
2026-08-28 02:00:00+00:00,1.16496,1.16505,1.16462,1.16503,821,1.1651859999999998,1.1650889999999998,1.1648845,1.1654396,1.1650755048932158,1.1651362015460078,-6.069665279206937e-05,-0.00012557253367541108,6.487588088334171e-05,60.77981651376044,1.1648845,1.1658585306922788,1.1639104693077214,0.0016723214915792062,0.0006471428571428779,0.798675746125634,-0.00015447859184192225,-0.00014589769996564694,0.00015438019450312213,0
2026-08-28 03:00:00+00:00,1.16503,1.16513,1.16453,1.16461,524,1.165046,1.165062,1.1648425000000002,1.1653916000000002,1.1650038887557979,1.165097223653711,-9.33348979130777e-05,-0.00011912500652294441,2.5790108609866715e-05,38.96848137535656,1.1648425000000002,1.1657858172151776,1.1638991827848228,0.0016196476608251757,0.0005457142857142923,0.020344709210857456,-0.0006006985265724074,-0.00023178353135089313,0.00017185260613836214,0
2026-08-28 04:00:00+00:00,1.16463,1.16464,1.16445,1.16453,466,1.164886,1.16503,1.164829,1.1653472,1.1649309827933674,1.1650552070867695,-0.00012422429340208652,-0.00012014486389877285,-4.079429503313665e-06,51.12781954887118,1.164829,1.1657825507052053,1.1638754492947945,0.0016372372343157998,0.0004628571428571458,0.4429133256239726,-0.0006865008195102718,-0.00027471348242247284,0.000172459763774729,0
2026-08-28 05:00:00+00:00,1.16453,1.16458,1.16424,1.16442,630,1.16471,1.164982,1.164846,1.1653064,1.1648523700559263,1.1650081547099715,-0.00015578465404519903,-0.0001272728219280581,-2.8511832117140924e-05,28.061224489795862,1.164846,1.165754379702679,1.163937620297321,0.0015596563025137833,0.00041571428571428114,0.0,-0.0007551703424011347,-0.00041205253669851505,0.00017170015188154253,1
2026-08-28 06:00:00+00:00,1.16441,1.16488,1.16428,1.16482,1497,1.164682,1.164952,1.164889,1.1652791999999998,1.1648473900473222,1.1649942173240477,-0.0001468272767255474,-0.00013118371288755597,-1.5643563837991432e-05,41.666666666665854,1.164889,1.1656966189826148,1.1640813810173853,0.00138660247047525,0.0004221428571428313,0.3546746642316779,-0.00012017580002754435,-0.00025748420763527236,0.00019944879311434722,0
2026-08-28 07:00:00+00:00,1.16479,1.1648399999999999,1.16416,1.16462,1624,1.1645999999999999,1.164893,1.1649155,1.1652434,1.1648124069631187,1.1649664975222664,-0.00015409055914772374,-0.00013576508213958952,-1.8325477008134216e-05,43.98148148148301,1.1649155,1.1656435970149532,1.1641874029850467,0.001250042625329037,0.00041999999999996006,0.4150186175211597,-0.0003519222680961054,-0.0005063464954815355,0.0002006995243775439,1
2026-08-28 08:00:00+00:00,1.16462,1.16487,1.16417,1.16443,1414,1.164564,1.1648049999999999,1.1649325000000001,1.1651986,1.164753575122639,1.1649267569650614,-0.00017318184242243184,-0.00014324843419615799,-2.9933408226273856e-05,40.948275862071405,1.1649325000000001,1.1655920971657594,1.164272902834241,0.0011324212617628083,0.00043999999999996424,0.3359472304522873,-0.00015455817827414453,-0.0007551638619766043,0.00019730561916783614,0
2026-08-28 09:00:00+00:00,1.16441,1.16451,1.16395,1.16398,1255,1.1644539999999999,1.1646699999999999,1.1648625000000001,1.165137,1.16463456356531,1.1648566268195013,-0.00022206325419138473,-0.00015901139819520335,-6.305185599618138e-05,33.08823529411603,1.1648625000000001,1.1656130191186083,1.164111980881392,0.00128859692643231,0.00045642857142853225,0.13104707262968587,-0.0004722935433179032,-0.0011584701329236946,0.00021657991345750387,0
2026-08-28 10:00:00+00:00,1.16398,1.16489,1.1639,1.16488,1255,1.164546,1.164628,1.1648830000000001,1.1650924,1.1646723230168008,1.1648583581662049,-0.0001860351494040735,-0.00016441614843697738,-2.1619000967096125e-05,46.4705882352937,1.1648830000000001,1.165610420822261,1.1641555791777392,0.0012489165388471805,0.000503571428571381,0.4799061155287919,0.0003950464608988291,-0.0003604222088733344,0.00035601096775393474,0
2026-08-28 11:00:00+00:00,1.16487,1.16493,1.16443,1.1645,1295,1.164482,1.164582,1.164844,1.1650504,1.1646458117834468,1.1648318131168565,-0.00018600133340962444,-0.0001687331854315068,-1.7268147978117632e-05,40.37940379403687,1.164844,1.165565413816589,1.164122586183411,0.0012386445165000072,0.0005071428571428171,0.32111753898779816,-0.0002747205576826284,-0.00039486334294736025,0.00035891532130294336,0
2026-08-28 12:00:00+00:00,1.16452,1.16501,1.1639,1.16486,1702,1.16453,1.164565,1.164827,1.1650238,1.1646787638167626,1.1648339010341264,-0.00015513721736382102,-0.00016601399181796967,1.0876774454148647e-05,44.30379746835286,1.164827,1.1655288501864642,1.1641251498135359,0.0012050719745750763,0.0005671428571428296,0.42342094013099835,0.0002060758015489661,-0.00014591898921056945,0.000374875193083783,0
2026-08-28 13:00:00+00:00,1.16485,1.16497,1.16368,1.16387,1891,1.164418,1.1644910000000002,1.1647764999999999,1.1649639999999999,1.164554338614184,1.1647625009575244,-0.0002081623433405344,-0.00017444366212248264,-3.371868121805177e-05,35.16260162601486,1.1647764999999999,1.1655975205459508,1.163955479454049,0.001409747785864329,0.0006407142857142643,0.18512287352577791,-0.00048092199616989184,-0.0006354058440164456,0.00044956233132427057,0
2026-08-28 14:00:00+00:00,1.16378,1.16596,1.15941,1.16172,8747,1.163966,1.16421,1.16462,1.1648866,1.164118286519694,1.1645371305162264,-0.00041884399653246973,-0.0002233237290044801,-0.00019552026752798964,24.57386363636239,1.16462,1.166212667408382,1.163027332591618,0.0027350851065273333,0.0010814285714285507,0.0,-0.0019416141170809365,-0.0024129906485877983,0.0007214641805466512,0
2026-08-28 15:00:00+00:00,1.16172,1.16204,1.15963,1.15975,3922,1.16294,1.163743,1.1643625,1.1647762,1.163446242439741,1.1641825282557652,-0.0007362858160242514,-0.0003259161464084344,-0.00041036966961581695,19.95386389849925,1.1643625,1.1670520969175688,1.161672903082431,0.004619861800030266,0.0012107142857142714,0.0,-0.0044038870956664145,-0.00401058037477886,0.0008512727084623346,0
2026-08-28 16:00:00+00:00,1.15976,1.15981,1.15846,1.15867,2742,1.1617739999999999,1.163128,1.16404,1.16466,1.16271143591055,1.1637741928294123,-0.0010627569188623731,-0.00047328430089922224,-0.0005894726179631509,17.14876033057712,1.16404,1.1677138564278824,1.1603661435721175,0.006312251173297184,0.0012764285714285592,0.0,-0.005006440532417389,-0.0052797857179649466,0.0008222707396628151,0
2026-08-28 17:00:00+00:00,1.15867,1.15889,1.15777,1.15808,1787,1.160418,1.162474,1.1636834999999999,1.1645216,1.1619989073089267,1.1633524007679743,-0.0013534934590475611,-0.0006493261325288901,-0.000704167326518671,16.85279187817119,1.1636834999999999,1.168172613263754,1.1591943867362458,0.007715350890090165,0.001313571428571422,0.0,-0.005820441941520871,-0.005615565592210325,0.0008128513482608174,1
2026-08-28 18:00:00+00:00,1.15805,1.15841,1.15774,1.1580300000000001,1491,1.1592500000000001,1.1618340000000003,1.1633195,1.1643834,1.1613883061844765,1.1629581488592355,-0.0015698426747590144,-0.000833429440974915,-0.0007364132337840994,16.90427698574193,1.1633195,1.1683955385507314,1.1582434614492687,0.008726817612412332,0.0013478571428571387,0.0017383166171370547,-0.005017742531382208,-0.005496251384797701,0.000820254929582186,1
2026-08-28 19:00:00+00:00,1.15801,1.1587399999999999,1.15794,1.15854,1343,1.158614,1.16129,1.16298,1.1642492,1.1609501052330184,1.1626308785733661,-0.0016807733403476632,-0.0010028982208494647,-0.0006778751194981985,21.232876712326075,1.16298,1.1683873166806018,1.157572683319398,0.009299070801908725,0.0013807142857142748,0.14788692518938099,-0.002737320524739295,-0.004673619821646491,0.0008782735756685132,1
2026-08-28 20:00:00+00:00,1.15854,1.1586400000000001,1.15793,1.15822,869,1.1583080000000001,1.1606239999999999,1.162626,1.1641116,1.1605300890433234,1.1623041468271909,-0.001774057783867411,-0.001157130133453054,-0.0006169276504143569,17.455621301772723,1.162626,1.1683135576110548,1.156938442388945,0.009783984894634876,0.0013885714285714374,0.020353621732378816,-0.0013192498383272078,-0.005717327106654624,0.0007694395181213511,1
2026-08-30 21:00:00+00:00,1.158,1.158,1.15766,1.15781,146,1.158136,1.159955,1.1622685000000001,1.1639614,1.1601116138058891,1.1619712470622137,-0.0018596332563245443,-0.0012976307580273522,-0.0005620024982971922,17.10144927535984,1.1622685000000001,1.1682305670205921,1.1563064329794082,0.01025936265259187,0.001380000000000032,0.008395540106683683,-0.0007422303157931243,-0.005744954916273137,0.0007684993982850026,1
2026-08-30 22:00:00+00:00,1.15783,1.15849,1.15778,1.1584,671,1.1582000000000001,1.159309,1.161937,1.1638232,1.1598482886049832,1.1617067102427905,-0.0018584216378072504,-0.001409788933983332,-0.00044863270382391844,21.953488372091485,1.161937,1.1679891630757016,1.1558848369242984,0.010417368713969097,0.0013807142857143065,0.1722172855941207,0.0002763194252557444,-0.0055457308174372555,0.0007962550874798654,1
2026-08-30 23:00:00+00:00,1.1584,1.15891,1.15834,1.15885,751,1.1583640000000002,1.158807,1.161649,1.163694,1.159694705742678,1.1614951020766577,-0.0018003963339796591,-0.0014879104139825976,-0.00031248591999706154,26.139534883718667,1.161649,1.1677137728295333,1.1555842271704666,0.010441661516573986,0.0013814285714286128,0.3135528009423578,0.0007080990993322267,-0.004313196491017024,0.0008404822474789262,1
2026-08-31 00:00:00+00:00,1.15887,1.1593499999999999,1.15853,1.1592,1433,1.158496,1.1585550000000002,1.1613825,1.1635701999999999,1.1596185971668815,1.1613250945154239,-0.0017064973485423351,-0.0015316278008945454,-0.00017486954764778977,22.156862745096646,1.1613825,1.167382306575844,1.155382693424156,0.010332180097158309,0.0013692857142857395,0.1932195470756535,0.0005696825314620568,-0.002169197396963196,0.0007016500581447854,0
2026-08-31 01:00:00+00:00,1.1592,1.15942,1.15868,1.15905,1778,1.158662,1.158485,1.161114,1.163441,1.159531120679669,1.1611565689957628,-0.0016254483160937916,-0.001550391903934395,-7.505641215939667e-05,22.66800401203409,1.161114,1.1670213777244334,1.1552066222755666,0.01017536215123303,0.001386428571428598,0.21183967613636812,0.0007166168776224779,-0.000603578357404766,0.0004721255762184327,0
2026-08-31 02:00:00+00:00,1.15904,1.15927,1.1588,1.1592,1270,1.15894,1.1585379999999998,1.160833,1.163313,1.1594801790366431,1.1610116379590396,-0.001531458922396478,-0.0015466053076268118,1.5146385230333697e-05,21.00409836065505,1.160833,1.1665290008131455,1.1551369991868545,0.009813643845661649,0.0013407142857142982,0.22672581198994074,0.0012005424033303402,0.000457421008570158,0.0003607143735461185,1
2026-08-31 03:00:00+00:00,1.15921,1.15934,1.1589,1.15911,700,1.1590820000000002,1.1586409999999998,1.1605575,1.1631796,1.1594232284156212,1.1608707758879997,-0.0014475474723785187,-0.0015267937405771535,7.924626819863479e-05,23.13769751692965,1.1605575,1.166010077854865,1.1551049221451348,0.00939648032064776,0.0012800000000000114,0.676761016745749,0.0006129143646409485,0.0008894031500414901,0.00030905300459301065,1
2026-08-31 04:00:00+00:00,1.15909,1.1592500000000001,1.15883,1.15906,748,1.1591239999999998,1.158744,1.1602890000000001,1.1630504,1.1593673471209103,1.1607366443407405,-0.0013692972198302567,-0.0014952944364277742,0.00012599721659751757,30.325443786981097,1.1602890000000001,1.1654602724688987,1.1551177275311015,0.00891376625805914,0.0008421428571428706,0.9999999999925776,0.00018121413470262304,0.0008894415516005338,0.00030905118241728453,1
2026-08-31 05:00:00+00:00,1.15906,1.15913,1.1587,1.15901,1020,1.1590859999999998,1.1587910000000001,1.1600405,1.1629226,1.1593123706407702,1.160608744759945,-0.0012963741191747147,-0.0014555103729771625,0.00015913625380244785,42.355371900826405,1.1600405,1.164935225302783,1.1551457746972171,0.008438886922970186,0.0007007142857142926,0.9999999999960789,-0.00016390614216688082,0.00040568301482912794,0.00028483172989604273,1
2026-08-31 06:00:00+00:00,1.15902,1.15913,1.15846,1.15885,1391,1.159046,1.158854,1.159739,1.1627892,1.1592412366960363,1.1604784673703192,-0.0012372306742829409,-0.0014118544332383184,0.00017462375895537755,52.295918367345024,1.159739,1.1640913878503925,1.1553866121496077,0.00750580578973783,0.0006521428571428631,0.9999999999971785,-0.00017255510978819721,0.0005439381119303199,0.00027076043600819563,1
2026-08-31 07:00:00+00:00,1.15885,1.1602999999999999,1.15845,1.16023,2141,1.159252,1.159096,1.1595255,1.1626858,1.1593933541274155,1.1604600623799253,-0.0010667082525097626,-0.0013428251970926074,0.00027611694458284475,72.823779193207,1.1595255,1.1632711752606368,1.1557798247393631,0.006460703556130243,0.0007042857142857128,0.9999999999982117,0.000888543823326593,0.0020901529611940806,0.00041443572654159127,0
2026-08-31 08:00:00+00:00,1.16023,1.1605699999999999,1.15929,1.1594,1936,1.15931,1.159196,1.1592525,1.1625678,1.1593943765693515,1.1603815392406716,-0.000987162671320041,-0.0012716926919380941,0.0002845300206180531,62.47723132968868,1.1592525,1.1620325482767961,1.156472451723204,0.00479627738874166,0.0007478571428571414,0.8143195397813778,0.00025019195762254753,0.0008632596685080873,0.0004898555467065275,1
2026-08-31 09:00:00+00:00,1.1594,1.16008,1.1594,1.15988,1441,1.1594740000000001,1.159299,1.1590529999999999,1.1624564,1.1594690878663745,1.1603443881858069,-0.0008753003194323927,-0.001192414217436954,0.0003171138980045613,62.27106227106231,1.1590529999999999,1.160829313154071,1.1572766868459288,0.003065111179680513,0.0007392857142857201,0.8106196037067386,0.0007074698462548046,0.0008888121844932151,0.0004916686986534169,1
2026-08-31 10:00:00+00:00,1.15991,1.1602000000000001,1.15964,1.1597,1389,1.1596119999999999,1.159349,1.158952,1.1623544,1.159504612810009,1.1602966557275989,-0.0007920429175898303,-0.0011123399574675293,0.000320297039877699,63.909774436087815,1.158952,1.1602569960678564,1.1576470039321436,0.0022520278110851697,0.0007285714285714276,0.8400281400590153,0.0005953356744117233,0.0004313319530711013,0.000490911397790062,1
2026-08-31 11:00:00+00:00,1.1596899999999999,1.16027,1.15953,1.15964,1590,1.15977,1.1594080000000002,1.1589464999999999,1.1622656,1.1595254416084693,1.1602480145625915,-0.0007225729541222581,-0.001034386556798475,0.00031181360267621685,68.41046277665777,1.1589464999999999,1.1602381945215956,1.1576548054784042,0.002229083950977411,0.0007414285714285596,0.9148331995540124,0.0006817103162619631,0.0005090375738752151,0.0004884852116887704,1
2026-08-31 12:00:00+00:00,1.15963,1.15998,1.15913,1.15951,2283,1.1596259999999998,1.159439,1.1589885,1.1621766,1.159523065976397,1.1601933468172143,-0.0006702808408172167,-0.0009615654136022233,0.00029128457278500654,62.305986696228736,1.1589885,1.160296858151619,1.1576801418483809,0.002257758643194675,0.0007514285714285616,0.7970309286341468,-0.0006205666117925501,0.00026742581090410944,0.0004901451560217731,1
2026-08-31 13:00:00+00:00,1.15953,1.16008,1.15936,1.15994,2205,1.1597339999999998,1.1595220000000002,1.1590814999999999,1.1620936,1.1595872096723359,1.1601745803863095,-0.0005873707139736339,-0.0008867264736765055,0.00029935575970287153,62.138084632515614,1.1590814999999999,1.1603823543752223,1.1577806456247774,0.002244629692083649,0.0007621428571428382,0.7937908071008756,0.0004657581507676589,0.000716066637333812,0.0004999426797717955,1
2026-08-31 14:00:00+00:00,1.15992,1.16178,1.15949,1.16138,2829,1.160034,1.159754,1.159249,1.1620394,1.1598630235688996,1.1602638707280644,-0.0004008471591647744,-0.0007895506107741593,0.0003887034516093849,69.53405017921006,1.159249,1.1608153823557723,1.1576826176442276,0.002702408810828965,0.0008671428571428599,0.9365158379743616,0.001293237231437816,0.002001622004037751,0.0006182045883022107,1
2026-08-31 15:00:00+00:00,1.16136,1.16205,1.16119,1.1616,2066,1.160414,1.160013,1.159402,1.1619638,1.1601302507121458,1.1603628432667263,-0.00023259255458052408,-0.0006781589995354323,0.0004455664449549082,72.56637168141489,1.159402,1.1612493719598802,1.1575546280401199,0.003186766902041159,0.0008757142857142971,0.9950326303104144,0.0016383547469174253,0.0022346657923570934,0.0006123821622240637,1
2026-08-31 16:00:00+00:00,1.16161,1.16177,1.16136,1.16162,1386,1.1608100000000001,1.1602900000000003,1.159572,1.1619068,1.1603594429102773,1.1604559659877094,-9.652307743213129e-05,-0.0005618318151147721,0.0004653087376826408,71.92028985507163,1.159572,1.1615801476146823,1.1575638523853178,0.0034636014230806974,0.0008714285714285865,0.9818160477189545,0.001707426442689286,0.0023903007291712353,0.0006041117417381194,1
2026-08-31 17:00:00+00:00,1.16161,1.16176,1.16143,1.16151,981,1.16121,1.1604180000000002,1.159757,1.1618313999999998,1.1605364516933114,1.1605340425812125,2.4091120989222503e-06,-0.0004489836296720332,0.00045139274177095543,71.66064981949208,1.159757,1.1617634013347358,1.157750598665264,0.003460037464289228,0.0008635714285714398,0.9726311780756995,0.0017248665384514972,0.0011032295320754226,0.0005082104322693209,0
2026-08-31 18:00:00+00:00,1.16153,1.16174,1.16143,1.16154,954,1.1615300000000002,1.160632,1.1599140000000001,1.1617582,1.1606908437404944,1.1606085579455672,8.22857949271949e-05,-0.00034272974475218755,0.00042501553967938245,72.4637681159407,1.1599140000000001,1.1619642364434177,1.1578637635565825,0.003535152508578427,0.000855714285714293,0.9881841189166736,0.0013793816921565671,0.0018457823011903685,0.0004209556235972764,1
2026-08-31 19:00:00+00:00,1.16154,1.16182,1.16144,1.16161,957,1.161576,1.160805,1.160052,1.1616928,1.160832252395803,1.1606827388384882,0.00014951355731485094,-0.00024428108433877983,0.00039379464165363077,73.46570397111626,1.160052,1.1621710822244338,1.1579329177755664,0.003653426267846076,0.0008521428571428727,0.9999999999952763,0.00019804026244640838,0.0014915336069247775,0.0004143379666079612,1
2026-08-31 20:00:00+00:00,1.16163,1.16176,1.16138,1.16166,541,1.161588,1.1610010000000002,1.160175,1.161629,1.1609595981810643,1.1607551285541557,0.00020446962690856552,-0.00015453094208931072,0.0003590005689978762,75.87476979742027,1.160175,1.1623700710335492,1.1579799289664507,0.0037840343630042225,0.0008314285714285782,0.9999999999927203,5.165289256203742e-05,0.0016900922652409722,0.00040274037831390446,0
2026-08-31 21:00:00+00:00,1.16164,1.1617899999999999,1.16146,1.16178,311,1.1616199999999999,1.1612149999999999,1.1603115,1.1615666,1.161085813845516,1.1608310449575516,0.000254768887964385,-7.267097607857156e-05,0.00032743986404295655,68.58513189448269,1.1603115,1.1625510890130966,1.1580719109869033,0.0038603237373698723,0.000722857142857152,0.4693306416013274,0.00013773867529831563,0.0018454002966437066,0.0003962323041275491,0
2026-08-31 22:00:00+00:00,1.16185,1.16188,1.1614200000000001,1.16146,374,1.16161,1.16141,1.1604245,1.1614934000000001,1.161143380946206,1.1608776342199552,0.0002657467262507929,-4.987435612698652e-06,0.00027073416186349154,78.14207650272988,1.1604245,1.162656001500689,1.158192998499311,0.0038460089401577964,0.0006642857142857204,0.9999999999937517,-4.304741242011634e-05,0.0016817448749901764,0.0004128342560160078,0
2026-08-31 23:00:00+00:00,1.16146,1.1618,1.16122,1.1617899999999999,564,1.16166,1.161595,1.1605585,1.161425,1.1612428608006358,1.160945216870329,0.00029764393030684566,5.553883757121023e-05,0.00024210509273563541,77.2079772079742,1.1605585,1.1627794838977101,1.15833751610229,0.003827439801974795,0.0006571428571428641,0.9416333560760963,0.00021523150300462035,0.001594910081555767,0.0004089956511504403,0
2026-09-01 00:00:00+00:00,1.16178,1.16243,1.16156,1.16181,1407,1.1617000000000002,1.161638,1.160696,1.161355,1.1613301129851534,1.161009274879934,0.0003208381052193232,0.00010859869110083286,0.00021223941411849034,81.49253731343192,1.160696,1.1628662912732448,1.158525708726755,0.0037396377229608133,0.0006792857142857235,0.9999999999948334,0.00017217482631859404,0.00037024918631267667,0.00015097787080817836,0
2026-09-01 01:00:00+00:00,1.16181,1.16187,1.16071,1.16098,1423,1.1615639999999998,1.161576,1.1607945000000002,1.161268,1.161276249448976,1.1610071063703093,0.00026914307866654497,0.0001407075686139753,0.00012843551005256966,66.26213592232747,1.1607945000000002,1.1628163436089716,1.1587726563910288,0.0034835513244961037,0.0007092857142857298,0.21308023315259692,-0.0005853692130227683,-0.0005337465564738686,0.0002718007672708302,0
2026-09-01 02:00:00+00:00,1.16099,1.16104,1.1606,1.16098,1022,1.1614039999999999,1.1615119999999999,1.160901,1.1611816,1.161230672610672,1.1610050984910272,0.00022557411964485574,0.0001576808788201514,6.789324082470433e-05,68.42105263157544,1.160901,1.1627041422865234,1.1590978577134765,0.0031064531540991895,0.0006800000000000139,0.32462648789972914,-0.0006885985298422659,-0.0005509547011933735,0.00027135822072354326,0
2026-09-01 03:00:00+00:00,1.16098,1.16098,1.16052,1.16052,891,1.161216,1.161413,1.1609155,1.1610928,1.1611213383628762,1.1609691652694696,0.00015217309340664897,0.00015657932173745092,-4.40622833080195e-06,57.21393034825837,1.1609155,1.1627004956509386,1.1591305043490614,0.003075151724546002,0.0006614285714285747,0.0,-0.0008093261928950879,-0.000852338765916838,0.0002922011320835206,0
2026-09-01 04:00:00+00:00,1.16053,1.16068,1.16027,1.16056,625,1.1609699999999998,1.161315,1.1609734999999999,1.1610034,1.1610349786147414,1.1609388567309904,9.612188375096586e-05,0.00014448783414015392,-4.836595038918806e-05,34.35114503816884,1.1609734999999999,1.162621264354695,1.1593257356453048,0.002838590811409644,0.000527142857142853,0.0,-0.001058711126795564,-0.0008437074917780896,0.0002925784768722397,0
2026-09-01 05:00:00+00:00,1.16056,1.16099,1.16053,1.16079,980,1.160766,1.1612329999999997,1.161019,1.160927,1.1609972895970888,1.1609278303064725,6.945929061630274e-05,0.0001294821254353837,-6.002283481908096e-05,34.60076045627628,1.161019,1.1625880010231695,1.1594499989768305,0.0027027999079592678,0.0004985714285714117,0.005295037037713716,-0.0008779404549797976,-0.0007059167879064354,0.0003032108210357252,0
2026-09-01 06:00:00+00:00,1.16077,1.16086,1.16001,1.16045,1469,1.16066,1.161112,1.1610565,1.1608454000000001,1.1609130911975367,1.160892435468956,2.0655728580676325e-05,0.00010771684606444222,-8.706111748376589e-05,30.169491525423325,1.1610565,1.1625254240602956,1.1595875759397043,0.002530323132932187,0.0005299999999999829,0.0,-0.0004565108787403238,-0.0010416128643492284,0.00030780001067046245,0
2026-09-01 07:00:00+00:00,1.16046,1.16067,1.15917,1.15953,1747,1.16037,1.160887,1.161051,1.1607475999999999,1.1607003079363771,1.1607915143231073,-9.120638673021375e-05,6.793219950551102e-05,-0.00015913858623572475,23.67021276595767,1.161051,1.162542899531036,1.159559100468964,0.0025699121417336736,0.0006135714285714197,0.0,-0.0012489448569311667,-0.0019366833651810467,0.00036568579046908817,0
2026-09-01 08:00:00+00:00,1.15952,1.15974,1.15878,1.15938,2180,1.160142,1.160679,1.1610445,1.1606388,1.160497183638473,1.160686957706581,-0.00018977406810805064,1.6390945982798667e-05,-0.0002061650140908493,22.16494845360978,1.1610445,1.1625655173188987,1.1595234826811014,0.0026200844479236465,0.0006599999999999939,0.0,-0.0009823182711197198,-0.001790849448108256,0.0003649781608603405,1
2026-09-01 09:00:00+00:00,1.15937,1.16009,1.1592500000000001,1.1593,1699,1.15989,1.1604299999999999,1.1610125,1.1605324000000001,1.1603130015402463,1.1605842200986862,-0.00027121855843992293,-4.1130954901745676e-05,-0.00023008760353817725,20.308483290489292,1.1610125,1.1626535506904425,1.1593714493095575,0.0028269302706775573,0.0006928571428571299,0.0,-0.001085682773833363,-0.002143244476196071,0.00033064020259458894,1
2026-09-01 10:00:00+00:00,1.15929,1.15954,1.1589800000000001,1.15921,1443,1.1595739999999999,1.1601700000000001,1.160904,1.160428,1.160143308995593,1.1604824260173021,-0.00033911702170907887,-0.00010072816826321234,-0.00023838885344586652,18.8295165394439,1.160904,1.1627203282801406,1.1590876717198593,0.003129161894765918,0.0007057142857142777,0.0,-0.001361141980892211,-0.002237887434262009,0.00032455971164330275,0
2026-09-01 11:00:00+00:00,1.15921,1.1596,1.15897,1.15926,1611,1.1593360000000001,1.159998,1.160787,1.1603336,1.1600074153039632,1.1603918759419463,-0.00038446063798303065,-0.00015747466220717603,-0.00022698597577585462,17.35751295336665,1.160787,1.1627127272037727,1.1588612727962273,0.0033179682470129476,0.0007271428571428469,0.0,-0.0010254642595545205,-0.0014815070027045518,0.00028313334147965464,0
2026-09-01 12:00:00+00:00,1.15924,1.15944,1.15878,1.1593,1735,1.15929,1.15983,1.160671,1.160222,1.1598985821802765,1.1603109962425429,-0.0004124140622663308,-0.00020846254221900702,-0.0002039515200473238,19.832402234637016,1.160671,1.1626637859367408,1.1586782140632592,0.0034338515164776115,0.0007414285714285754,0.03858873222487674,-0.00019835623054165197,-0.0014470533514788775,0.0002853419131465006,0
2026-09-01 13:00:00+00:00,1.1593,1.16023,1.15888,1.1601,1958,1.1594339999999999,1.159788,1.1606005,1.160134,1.159929569537157,1.1602953668912432,-0.00036579735408626135,-0.00023992950459245793,-0.00012586784949380342,29.135802469135598,1.1606005,1.1625679132095326,1.1586330867904673,0.003390336656812818,0.0007964285714285868,0.18364832060599523,0.0006210215804998143,-0.00036190673146530017,0.0003724539442813368,0
2026-09-01 14:00:00+00:00,1.16012,1.16078,1.15943,1.15961,2683,1.159496,1.1596929999999999,1.160504,1.160029,1.159880404992979,1.1602445989733734,-0.00036419398039444495,-0.00026478239975285536,-9.941158064158959e-05,25.663716814157553,1.160504,1.1624667091910488,1.1585412908089512,0.003382511720853689,0.0008307142857142878,0.16266408308390895,0.000267402743034717,-0.0008185703453504889,0.00039041659174124117,0
2026-09-01 15:00:00+00:00,1.15963,1.1598600000000001,1.15887,1.1592,1813,1.159494,1.159534,1.1603835,1.1599356,1.1597757273017515,1.160167221271642,-0.0003914939698905773,-0.00029012471378039975,-0.00010136925611017752,28.292682926828178,1.1603835,1.1623562007936494,1.1584107992063506,0.003400084185356682,0.0008185714285714304,0.21414829528761914,-8.626564643177126e-06,-0.0013697568035562213,0.0003854047606383704,0
2026-09-01 16:00:00+00:00,1.15921,1.15931,1.1584699999999999,1.15852,2039,1.159346,1.159341,1.1602265,1.1598716,1.1595825384860974,1.16004520488115,-0.0004626663950526577,-0.0003246330500348514,-0.00013803334501780634,24.26778242677686,1.1602265,1.1622699776859198,1.1581830223140803,0.003522549581344204,0.0008471428571428717,0.17337909237869786,-0.0006383382502630486,-0.001663147916756369,0.0004090712219247523,1
2026-09-01 17:00:00+00:00,1.15854,1.15952,1.15848,1.1587399999999999,1442,1.159234,1.159262,1.1600745,1.1598514,1.1594529171805439,1.159948523038102,-0.0004956058575580347,-0.0003588276115394881,-0.00013677824601854657,30.39647577092188,1.1600745,1.1620833905029542,1.1580656094970456,0.003463381882722661,0.0008885714285714608,0.7561779076290251,-0.0004830501164496681,-0.000681310530991075,0.0003565249310908929,1
2026-09-01 18:00:00+00:00,1.1587399999999999,1.15905,1.15851,1.159,1185,1.1590140000000002,1.159224,1.1599515,1.159858,1.1593832376143063,1.1598782620723167,-0.0004950244580104179,-0.0003860669808336741,-0.00010895747717674383,33.613445378150004,1.1599515,1.1619036461874246,1.1579993538125755,0.003365910018521574,0.0008978571428571724,0.9427419296710816,-0.0009481941211963996,-0.00032776138970835866,0.00036716109242306965,1
2026-09-01 19:00:00+00:00,1.1589800000000001,1.15926,1.15877,1.15895,1036,1.1588819999999997,1.159189,1.1598095,1.1598754,1.1593165856736438,1.1598095019188117,-0.0004929162451678959,-0.00040743683370051857,-8.547941146737733e-05,29.912663755456975,1.1598095,1.1616054776696039,1.158013522330396,0.0030970218291951086,0.0009000000000000277,0.7723427038163526,-0.0005691568717069995,-0.00030190632278104257,0.0003669681670400043,0
2026-09-01 20:00:00+00:00,1.15896,1.15927,1.15872,1.15919,608,1.15888,1.1591869999999997,1.1596785,1.1598986,1.1592971109546215,1.1597636128877886,-0.0004665019331671072,-0.0004192498535938363,-4.725207957327089e-05,35.93749999999899,1.1596785,1.1612249631975258,1.1581320368024743,0.002667055045904043,0.0008785714285714587,0.999999999994618,-8.626639061426467e-06,-1.7253129286465274e-05,0.00037385389862595723,0
2026-09-01 21:00:00+00:00,1.15919,1.15919,1.15887,1.15916,410,1.159008,1.159177,1.1595875,1.1599110000000001,1.1592760169616028,1.1597189008220266,-0.0004428838604237928,-0.00042397665495982765,-1.890720546396515e-05,44.84679665738153,1.1595875,1.1610216089293726,1.1581533910706274,0.0024734811808036364,0.0007942857142857315,0.9999999999963622,0.0005524289610883137,-8.626192571126179e-05,0.0003735719834225421,0
2026-09-01 22:00:00+00:00,1.15918,1.15962,1.15918,1.15923,399,1.159106,1.15917,1.1595,1.1599312,1.1592689374290486,1.159682685946321,-0.00041374851727238315,-0.0004219310274223387,8.182510149955561e-06,47.86324786324646,1.1595,1.1607818407817398,1.15821815921826,0.0022110233406466124,0.0007585714285714497,0.999999999996722,0.0004228731208038017,-6.0381264556208514e-05,0.00037399298363622176,0
2026-09-01 23:00:00+00:00,1.15923,1.15931,1.15904,1.15905,361,1.159116,1.159065,1.1594265,1.1599560000000002,1.1592352547476565,1.1596358203206676,-0.0004005655730110469,-0.0004176579365400804,1.70923635290335e-05,46.537396121882395,1.1594265,1.1606281528092364,1.1582248471907635,0.002072839993283668,0.0007178571428571669,0.9565376233230718,4.314063848132044e-05,-0.0009050943884147955,0.0002838592722734864,0
2026-09-02 00:00:00+00:00,1.15905,1.15917,1.15829,1.15831,1529,1.1589880000000001,1.158935,1.159314,1.1599542,1.1590929078634018,1.1595376114080256,-0.00044470354462378126,-0.00042306705815682057,-2.163648646696069e-05,39.43661971830824,1.159314,1.1604898517630589,1.158138148236941,0.0020285302567878923,0.0007407142857143167,0.7237690496588731,-0.0005522239958583031,-0.0011210665654832752,0.0003180884594156507,0
2026-09-02 01:00:00+00:00,1.15831,1.15843,1.15768,1.15789,1344,1.158728,1.158804,1.159169,1.159935,1.1589078451151862,1.1594155661185421,-0.0005077210033559432,-0.00043999784719664505,-6.772315615929811e-05,35.20518358531427,1.159169,1.1602925451412762,1.1580454548587236,0.0019385355220443742,0.0007492857142857538,0.5484237455516618,-0.0011214727525253876,-0.001130089717046201,0.0003188619377287938,0
2026-09-02 02:00:00+00:00,1.15789,1.15828,1.1576,1.15815,1282,1.158526,1.1587669999999999,1.159054,1.159914,1.1587912535590037,1.1593218204801314,-0.0005305669211277397,-0.000458111661982864,-7.245525914487572e-05,38.144329896906875,1.159054,1.1600931372941392,1.1580148627058608,0.0017930783106553806,0.0007507142857143188,0.5881022990384988,-0.000871320611477211,-0.00031937299312911893,0.0002865352549801654,0
2026-09-02 03:00:00+00:00,1.15816,1.15824,1.1577600000000001,1.15798,815,1.158276,1.158691,1.1589765,1.1598926,1.158666445319157,1.159222426370492,-0.0005559810513349195,-0.0004776855398532752,-7.829551148164429e-05,24.881516587678263,1.1589765,1.1600943791010194,1.1578586208989807,0.0019290798407376642,0.0006885714285714352,0.02601068254200239,-0.0010783019763118684,-0.0006558848404299988,0.00027720586518915956,0
2026-09-02 04:00:00+00:00,1.15797,1.15798,1.15738,1.15757,960,1.15798,1.1585480000000001,1.1588859999999999,1.15986,1.158497761423902,1.1591000244171221,-0.0006022629932200818,-0.0005026010305266365,-9.966196269344527e-05,25.362318840579405,1.1588859999999999,1.160149868747464,1.1576221312525357,0.002181178731064493,0.0006350000000000046,0.04638757462720652,-0.001276907812432504,-0.0012338222605694504,0.00027024296124636643,0
2026-09-02 05:00:00+00:00,1.15756,1.15816,1.15734,1.15798,1278,1.1579139999999999,1.158451,1.15882,1.1598374,1.1584181058202248,1.1590170596454834,-0.0005989538252586524,-0.0005218715894730397,-7.708223578561262e-05,35.26570048309192,1.15882,1.1601298654009915,1.1575101345990084,0.002260688288071554,0.0006228571428571472,0.4661030351734388,-0.00028489782527985064,-0.000836964493722725,0.00030968788057247036,0
2026-09-02 06:00:00+00:00,1.15798,1.15846,1.15671,1.15677,2286,1.15769,1.158209,1.1586979999999998,1.1597916000000001,1.1581645510786518,1.158850610782855,-0.0006860597042031014,-0.0005547092124190521,-0.00013135049178404927,31.26338329764522,1.1586979999999998,1.1602809698937473,1.1571150301062523,0.0027323252370289935,0.0006878571428571448,0.2776930351075739,-0.0009672766843137337,-0.002087664662393407,0.0004144393148559702,1
2026-09-02 07:00:00+00:00,1.15678,1.15787,1.15659,1.15775,1908,1.15761,1.158068,1.1586224999999999,1.1597664,1.1581007739896285,1.158769084058199,-0.0006683100685704879,-0.0005774293836493393,-9.088068492114866e-05,40.88397790055418,1.1586224999999999,1.1602363463372651,1.1570086536627346,0.0027858018246067996,0.0007049999999999874,0.6963122630286106,-0.000345378405215202,-0.0012163980813691966,0.0005324380253371974,1
2026-09-02 08:00:00+00:00,1.15775,1.15821,1.15725,1.15732,1719,1.1574779999999998,1.157877,1.1585235,1.1597358,1.157980654914301,1.1586617444983325,-0.0006810895840314579,-0.0005981614237257631,-8.292816030569484e-05,34.999999999999005,1.1585235,1.1602039044000414,1.1568430955999587,0.0029009414138623127,0.0007349999999999936,0.44028377544530956,-0.0005699580303633045,-0.0016476454198045554,0.0005335489919550503,1
2026-09-02 09:00:00+00:00,1.15732,1.15777,1.15704,1.15714,1576,1.157392,1.1576860000000002,1.1583755,1.1596739999999999,1.157851323389024,1.1585490226836412,-0.0006976992946172711,-0.0006180689979040648,-7.963029671320633e-05,34.20593368237405,1.1583755,1.1599914400068012,1.1567595599931988,0.002790010677541451,0.000752142857142852,0.40573170849699974,-0.0003714678162011209,-0.001647901298477028,0.0005335484920248568,1
2026-09-02 10:00:00+00:00,1.15716,1.15726,1.15668,1.15722,1524,1.1572400000000003,1.157577,1.1582560000000002,1.1596304000000002,1.1577541967137894,1.1584505765589272,-0.0006963798451378178,-0.0006337311673508154,-6.264867778700241e-05,32.31597845601294,1.1582560000000002,1.1598407350767501,1.1566712649232502,0.0027364159162567574,0.0007542857142857073,0.32349442168466586,-0.0006563153076910577,-0.0009410261501671124,0.0005101583047320712,1
2026-09-02 11:00:00+00:00,1.15723,1.15782,1.15709,1.1577,1771,1.1574259999999998,1.157558,1.158181,1.1595868,1.1577458587578218,1.1583949782953031,-0.0006491195374813685,-0.000636808841376926,-1.2310696104442503e-05,37.87375415282316,1.158181,1.1597189124608278,1.156643087539172,0.002655737679737288,0.000783571428571439,0.5653289305884615,0.0008039627583702469,-0.0001640915803747811,0.0005237344689997394,1
2026-09-02 12:00:00+00:00,1.15772,1.15854,1.15753,1.1578,2917,1.157436,1.1575229999999999,1.158145,1.1595488,1.1577541881796953,1.1583509058289845,-0.0005967176492891468,-0.0006287906029593702,3.207295367022337e-05,38.18181818181718,1.158145,1.1596832081168866,1.1566067918831133,0.0026563307994882375,0.000822857142857141,0.6141658468810047,4.318721658380653e-05,-0.0003022061045633295,0.0005184711011786184,1
2026-09-02 13:00:00+00:00,1.15781,1.1609,1.15778,1.16042,4402,1.158056,1.157767,1.158229,1.1595643999999998,1.158164313075127,1.1585041720638745,-0.0003398589887475545,-0.0005710042801170071,0.00023114529136945264,58.06831566548968,1.158229,1.16005969615758,1.15639830384242,0.0031611989642463196,0.001026428571428571,0.9999999999969867,0.002678602288044951,0.0021071175667972675,0.0008871273486127666,0
2026-09-02 14:00:00+00:00,1.1604,1.1604,1.15885,1.15931,3622,1.15849,1.1579409999999999,1.1582445,1.1595604,1.1583405726020304,1.158563863022106,-0.00022329042007562805,-0.0005014615081087313,0.0002781710880331033,55.64334085778867,1.1582445,1.1601076436366664,1.1563813563633334,0.003217185381267097,0.001075714285714291,0.9269295359848359,0.0018753132723785537,0.0015031488376513469,0.000948119155521984,0
2026-09-02 15:00:00+00:00,1.15933,1.15968,1.15887,1.15918,2404,1.1588819999999997,1.158061,1.1582560000000002,1.1595452,1.1584697152786412,1.1586095027982461,-0.0001397875196049725,-0.00042912671040797956,0.0002893391908030071,57.52625437572959,1.1582560000000002,1.160140199117958,1.1563718008820423,0.003253510653875993,0.0010800000000000015,0.9836663581628493,0.0016937142462110089,0.0010362873279332607,0.0009484619607366447,0
2026-09-02 16:00:00+00:00,1.15917,1.1594,1.1587,1.1587,1512,1.1590820000000002,1.158254,1.1582314999999999,1.1594916,1.1585051436973117,1.1586162062946723,-0.00011106259736060053,-0.00036551388779850375,0.0002544512904379032,53.12855517633708,1.1582314999999999,1.160076907101088,1.1563860928989118,0.0031865945643648067,0.0010814285714285665,0.8511528491296884,0.0008637816360024253,0.0016684388426393415,0.0008822214995697563,1
2026-09-02 17:00:00+00:00,1.15871,1.15897,1.15833,1.1586400000000001,1434,1.1592500000000001,1.158343,1.1582055,1.1594324,1.1585258908208023,1.1586179687913634,-9.207797056109968e-05,-0.000310826704351023,0.0002187487337899233,53.801843317973045,1.1582055,1.1600100261807933,1.1564009738192067,0.0031160725463543347,0.0010928571428571493,0.8695507624964341,0.0007255139056834281,0.0007687324551932662,0.0008504478458009095,1
2026-09-02 18:00:00+00:00,1.1586400000000001,1.15893,1.15843,1.15855,1137,1.158876,1.158466,1.1581715000000001,1.159371,1.1585295999252943,1.1586129340660771,-8.333414078287582e-05,-0.00026532819163739357,0.00018199405085451775,55.861244019138695,1.1581715000000001,1.1599194886186286,1.1564235113813717,0.0030185315708916335,0.001085714285714293,0.9176617341855196,-0.0016114854966305936,0.0010628002626758004,0.0008382175862866608,0
2026-09-02 19:00:00+00:00,1.15856,1.1587399999999999,1.15825,1.1587,948,1.158754,1.1586219999999998,1.1581540000000001,1.1593148,1.1585558153214026,1.1586193833945158,-6.35680731131405e-05,-0.00022497616793254295,0.00016140809481940245,54.44444444444478,1.1581540000000001,1.159871702259695,1.1564362977403053,0.002966276090562755,0.0010621428571428529,0.8648058062075686,-0.0005261750524018227,0.0013481514769171365,0.0008331464564887063,1
2026-09-02 20:00:00+00:00,1.15872,1.15897,1.15867,1.15882,730,1.158682,1.158782,1.1581795,1.1592604,1.15859645911811,1.1586342438838109,-3.7784765700932255e-05,-0.00018753788748622082,0.00014975312178528856,64.62196861626174,1.1581795,1.159921917860425,1.1564370821395749,0.0030088908678232705,0.0009585714285714118,0.9999999999969046,-0.0003105643644646383,0.0013826238744578667,0.0008329149369547047,0
2026-09-02 21:00:00+00:00,1.1588,1.15885,1.15872,1.1588,350,1.1587020000000001,1.158892,1.158225,1.1592042,1.1586277730999393,1.1586465221146396,-1.874901470033663e-05,-0.000153780112929044,0.00013503109822870737,58.67768595041334,1.158225,1.1599830431706302,1.15646695682937,0.003035754142122831,0.0008764285714285558,0.8160006043323755,8.630361612160797e-05,0.0009501597996026678,0.0008281824408176383,1
2026-09-02 22:00:00+00:00,1.15882,1.15894,1.15853,1.1587,460,1.158714,1.1589820000000002,1.1582525000000001,1.1591449999999999,1.1586388849307176,1.158650483439481,-1.1598508763421833e-05,-0.00012534379209591957,0.00011374528333249774,62.062937062939035,1.1582525000000001,1.1600227675980614,1.1564822324019388,0.00305679046332525,0.0008371428571428379,0.9207877071490114,5.1784851204716986e-05,0.0007773363275178635,0.000830186437958093,1
2026-09-02 23:00:00+00:00,1.1587,1.15872,1.15841,1.1585,486,1.158704,1.1587900000000002,1.1582785000000002,1.1590794,1.1586175180182996,1.158639336518038,-2.1818499738479602e-05,-0.00010463873362443157,8.282023388595197e-05,61.84668989547092,1.1582785000000002,1.1600471899702465,1.156509810029754,0.0030539977565779935,0.0008071428571428475,0.9140939897797313,-4.3157395019588485e-05,-0.0016545733441339916,0.00031600827132993557,1
2026-09-03 00:00:00+00:00,1.1585,1.15907,1.15833,1.15894,1171,1.158752,1.1587530000000001,1.1583470000000002,1.159029,1.158667130630869,1.1586616078870722,5.522743796726459e-06,-8.260643814019996e-05,8.812918193692642e-05,64.09836065573907,1.1583470000000002,1.1601062474468555,1.156587752553145,0.0030375137102358687,0.0008185714285714145,0.9804245639896295,0.00020712867869154827,-0.0003191553596535446,0.00020866137351425854,1
2026-09-03 01:00:00+00:00,1.15894,1.15931,1.15849,1.15861,1315,1.15871,1.158696,1.1583785,1.1589654,1.158658341303043,1.1586577850806223,5.562224205668542e-07,-6.59739060280466e-05,6.653012844861346e-05,57.64705882352897,1.1583785,1.1601326322642032,1.1566243677357968,0.0030285994848888833,0.0008249999999999805,0.7362000715502771,-0.00018121882604726913,-0.0004917269104023347,0.00022270269342777041,1
2026-09-03 02:00:00+00:00,1.15861,1.15947,1.15849,1.15911,1690,1.1587720000000001,1.158737,1.1584955000000001,1.1589114,1.158727827256421,1.1586912824820577,3.654477436332293e-05,-4.547016994977269e-05,8.201494431309562e-05,60.31496062992191,1.1584955000000001,1.160104009934952,1.1568869900650482,0.002776894575683503,0.0008228571428571252,0.6252629378630805,0.00026751812219538706,0.0003538448260982374,0.0002291949817326554,1
2026-09-03 03:00:00+00:00,1.1591,1.15976,1.15906,1.15964,1255,1.15896,1.1588370000000001,1.15859,1.1588846,1.1588681615246639,1.1587615578537571,0.00010660367090675749,-1.505540177846665e-05,0.00012165907268522414,40.84507042253551,1.15859,1.160235740914665,1.156944259085335,0.0028409375441960875,0.000649999999999976,0.0,0.000811253991542138,0.0008630808534142442,0.00026187653850278953,1
2026-09-03 04:00:00+00:00,1.15963,1.16,1.15943,1.15955,910,1.15917,1.158937,1.1587014999999998,1.158856,1.1589730597516388,1.158819960975701,0.00015309877593772114,1.857543376477092e-05,0.00013452334217295024,53.70370370370383,1.1587014999999998,1.1602859809876747,1.157117019012325,0.002734925237733498,0.0005785714285713965,0.5408036479925342,0.0009063444108761143,0.0008631479003928799,0.0002618718788473239,1
2026-09-03 05:00:00+00:00,1.15954,1.16002,1.15934,1.16,1326,1.1593820000000001,1.159067,1.1588445,1.1588456,1.159131050559079,1.1589073712737974,0.0002236792852816638,5.959620406814951e-05,0.0001640830812135143,61.51685393258173,1.1588445,1.160349865491651,1.157339134508349,0.002598045711311628,0.0005692857142856848,0.8694062337960357,0.0009146288850154782,0.0011219470095795714,0.000278828114083894,1
2026-09-03 06:00:00+00:00,1.16,1.1608,1.1595900000000001,1.16042,2382,1.159744,1.159227,1.1590045,1.1588428,1.159329350473067,1.1590194178461086,0.00030993262695844237,0.0001096634886462081,0.00020026913831223427,74.57142857142736,1.1590045,1.160462349533884,1.157546650466116,0.0025156926204927556,0.0006057142857142571,0.9999999999970349,0.0015622167942621612,0.0013807148651214796,0.0002897120093021795,1
2026-09-03 07:00:00+00:00,1.16042,1.16146,1.16014,1.16036,2912,1.159994,1.159383,1.1591375000000002,1.1588342,1.1594879119387491,1.1591187202278785,0.00036919171087057556,0.0001615691330910816,0.00020762257777949395,74.57142857142736,1.1591375000000002,1.1605795143076403,1.15769548569236,0.002488081539317168,0.0006542857142856866,0.9999999999970349,0.0010784136104424746,0.001346220227821826,0.0002919595118152357,1
2026-09-03 08:00:00+00:00,1.16036,1.16112,1.15993,1.16088,2473,1.160242,1.1596009999999999,1.1592915,1.1588428,1.1597020793327877,1.159249185396184,0.00045289393660374877,0.00021983409379361504,0.00023305984281013373,79.64376590330892,1.1592915,1.1607888840347893,1.1577941159652105,0.002583274413362617,0.0007035714285714066,0.9999999999974225,0.0010692973681487583,0.0018814188314488778,0.00029592305877343286,1
2026-09-03 09:00:00+00:00,1.16088,1.1612,1.1601,1.16055,2129,1.160442,1.1598060000000001,1.1592980000000002,1.1588631999999999,1.159832528666205,1.1593455420335037,0.0004869866327013028,0.0002732646015751526,0.00021372203112615023,72.50608272506182,1.1592980000000002,1.160816983039391,1.1577790169606093,0.0026205221425222996,0.000747142857142851,0.8160329080686292,0.0008624035186062251,0.0017695295640913766,0.0003126750030259424,1
2026-09-03 10:00:00+00:00,1.16053,1.16067,1.15977,1.16036,1725,1.160514,1.159948,1.1593505,1.1588828,1.1599136781021735,1.159420687068059,0.0004929910341144872,0.00031720988808301955,0.00017578114603146764,68.42105263158174,1.1593505,1.160942076180116,1.157758923819884,0.0027456341807174985,0.000790000000000005,0.7107450873610007,0.0003103448275862952,0.0012252575629454476,0.0003206160975373185,1
2026-09-03 11:00:00+00:00,1.16036,1.1614200000000001,1.16016,1.16124,2276,1.160678,1.1602109999999999,1.1594535000000001,1.1589216,1.160117727624916,1.1595554509889434,0.0005622766359725251,0.0003662232376609207,0.00019605339831160436,74.20634920635057,1.1594535000000001,1.1612518182202598,1.1576551817797405,0.0031020100767467857,0.000870714285714296,0.859855682525748,0.0007066406990572371,0.0022699614192869255,0.00034235043841756186,1
2026-09-03 12:00:00+00:00,1.16126,1.16299,1.1608100000000001,1.16254,4188,1.161114,1.160554,1.1596455,1.1589882,1.1604903849133905,1.1597765286934663,0.0007138562199242582,0.0004357498341135883,0.0002781063858106699,80.76923076923158,1.1596455,1.1618736781560264,1.1574173218439738,0.0038428608674397,0.000997142857142855,0.9999999999974952,0.0018787272915301578,0.002959166947054115,0.0004425257958094905,1
2026-09-03 13:00:00+00:00,1.16253,1.16285,1.16171,1.16265,3664,1.161468,1.1608550000000002,1.159846,1.159056,1.1608226333882534,1.159989378419876,0.0008332549683773838,0.0005152508609663475,0.0003180041074110363,83.73983739837486,1.159846,1.1623921913766566,1.1572998086233433,0.004390568017920795,0.0010564285714285613,0.9999999999976686,0.0015247053959066559,0.002595633127522312,0.0004426665578274596,1
2026-09-03 14:00:00+00:00,1.16268,1.16273,1.16131,1.16183,3584,1.161724,1.161083,1.16001,1.1591066,1.1609776128669838,1.1601257207591444,0.0008518921078393138,0.0005825791103409408,0.00026931299749837303,72.12863705972411,1.16001,1.1626262810086123,1.1573937189913877,0.0045107904390692,0.001104999999999991,0.729309630117265,0.0011029253371246384,0.001966280022422273,0.0005313675328032545,1
2026-09-03 15:00:00+00:00,1.16184,1.16273,1.1617,1.16225,2677,1.162102,1.161308,1.1601875,1.1591496000000001,1.1611733647336018,1.1602830747769857,0.0008902899566161082,0.0006441212795959743,0.0002461686770201339,77.49244712991158,1.1601875,1.1629091394053692,1.1574658605946306,0.004691723372936343,0.001119999999999994,0.854355421208662,0.0016288048536661215,0.00193965517241379,0.0005303686147767998,1
2026-09-03 16:00:00+00:00,1.16226,1.1641,1.1621,1.16364,1915,1.162582,1.16163,1.1604285,1.1592302,1.1615528470822785,1.1605317359046163,0.0010211111776621262,0.0007195192592092047,0.0003015919184529215,80.159786950734,1.1604285,1.163474562341727,1.157382437658273,0.0052498923315430395,0.0011928571428571383,0.9165387598503801,0.0020667562261031946,0.002774857379224782,0.0006180505531377901,0
2026-09-03 17:00:00+00:00,1.16364,1.16384,1.1632500000000001,1.16326,1294,1.162726,1.1619199999999998,1.1606515,1.1593114,1.1618154859926972,1.1607338295413114,0.001081656451385804,0.0007919466976445247,0.0002897097537412793,74.59239130434891,1.1606515,1.1638450347517646,1.1574579652482353,0.0055030037039794436,0.0011849999999999916,0.6954519450777906,0.0006193335283086743,0.0024992243786410295,0.0006400290218758331,0
2026-09-03 18:00:00+00:00,1.16326,1.16363,1.16314,1.16344,1160,1.162884,1.162176,1.1608885,1.1594098,1.16206541122459,1.1609342866123253,0.0011311246122647223,0.0008597822805685644,0.0002713423316961579,76.10738255033615,1.1608885,1.1641744399040184,1.1576025600959816,0.005661077535040403,0.0011792857142857002,0.6565512970005731,0.0006794822173483706,0.002205223623458208,0.0006366440418867104,0
2026-09-03 19:00:00+00:00,1.16344,1.16349,1.16251,1.16284,1412,1.1630859999999998,1.1624050000000001,1.1611055000000001,1.1594918,1.1621845787284992,1.161075450566968,0.001109128161531192,0.0009096514567610899,0.00019947670477010217,68.68421052631737,1.1611055000000001,1.1642992206482605,1.1579117793517397,0.005501172198840503,0.0012007142857142692,0.01717877094953139,0.000869318230722449,0.0019732023609495553,0.0006607820248031333,0
2026-09-03 20:00:00+00:00,1.16286,1.163,1.16245,1.16247,619,1.16313,1.162616,1.161282,1.1595612,1.1622284896933455,1.1611787505249704,0.0010497391683750301,0.0009376689990838779,0.0001120701692911522,63.57615894039669,1.161282,1.164359891280895,1.1582041087191048,0.005300850750971916,0.0011535714285714205,0.0,0.00018928801892870162,0.0018184011858386473,0.0006718727447810538,1
2026-09-03 21:00:00+00:00,1.16248,1.16266,1.1623999999999999,1.16266,395,1.1629340000000001,1.1627579999999997,1.1614844999999998,1.1596354,1.1622948758943692,1.161288472708306,0.001006403186063265,0.0009514158364797555,5.498734958350943e-05,64.97395833333286,1.1614844999999998,1.164347619204487,1.1586213807955126,0.00493010316450582,0.0010778571428571462,0.06932263851768433,-0.0008421848681722244,0.0012228307671109384,0.0006407738603992298,1
2026-09-03 22:00:00+00:00,1.16267,1.1627,1.16226,1.1623,462,1.1627420000000002,1.162734,1.1616440000000001,1.1596975999999999,1.1622956642183124,1.1613634006558389,0.0009322635624735565,0.0009475853816785158,-1.532181920495929e-05,59.4414893617032,1.1616440000000001,1.1642979297575564,1.1589900702424438,0.004569265209575902,0.0010242857142857156,0.0,-0.0008252669222700293,-0.00020644450943607673,0.0005460505576270455,0
2026-09-03 23:00:00+00:00,1.1623,1.16283,1.16226,1.16279,650,1.162612,1.1627480000000001,1.1618015,1.1597701999999999,1.1623717158770337,1.1614690746813323,0.0009026411957013813,0.000938596544483089,-3.5955348781707675e-05,64.58333333333321,1.1618015,1.1643253673332663,1.1592776326667336,0.004344747933732866,0.0009864285714285628,0.21161290322488835,-0.0005586880286048146,0.00012041457016298551,0.0005632286836442926,0
2026-09-04 00:00:00+00:00,1.16281,1.1631,1.16251,1.16277,1494,1.1625979999999998,1.162842,1.1619625,1.159841,1.16243299035749,1.161565439519752,0.0008675508377378183,0.000924387403134035,-5.683656539621671e-05,66.04527296937405,1.1619625,1.164284358375509,1.159640641624491,0.0039964428723111315,0.0009642857142857032,0.2717791183860354,-6.019744762819634e-05,0.0008090684523553993,0.0005048426202560122,1
2026-09-04 01:00:00+00:00,1.16277,1.16312,1.16268,1.16299,1404,1.1627020000000001,1.1629159999999998,1.162112,1.1599198,1.1625186841486452,1.161670962518289,0.0008477216303561796,0.000909054248578464,-6.133261822228433e-05,62.77372262773659,1.162112,1.1642818760576095,1.1599421239423906,0.003734366494123513,0.0009057142857142716,0.13713826392603273,0.0004473233717861014,0.0006366960636696728,0.0004970861538372426,0
2026-09-04 02:00:00+00:00,1.16299,1.16328,1.16258,1.1627399999999999,988,1.162718,1.1628260000000001,1.162228,1.1600084,1.1625527327411613,1.1617501504798973,0.0008025822612640621,0.0008877598511155836,-8.517758985152155e-05,51.72413793103422,1.162228,1.164260738365672,1.160195261634328,0.003498002742442913,0.0008000000000000071,0.0,6.880773398920681e-05,-0.0007734350830154169,0.0003019580787056455,0
2026-09-04 03:00:00+00:00,1.16273,1.16283,1.16223,1.16228,961,1.1627139999999998,1.162728,1.162324,1.1600962000000001,1.1625107738579057,1.1617893985924974,0.000721375265408275,0.0008544829339741219,-0.00013310766856584693,46.991869918699386,1.162324,1.1641568051552071,1.1604911948447927,0.0031536906322285852,0.0007614285714285796,0.0,-1.720726146448026e-05,-0.0008424599831508006,0.0003089987029624414,1
2026-09-04 04:00:00+00:00,1.16227,1.1627399999999999,1.16225,1.16261,1073,1.1626779999999999,1.162645,1.1624105,1.1601854,1.162526039418228,1.161850183881942,0.0006758555362860186,0.0008187574544365014,-0.0001429019181504828,56.890459363957625,1.1624105,1.164115174378569,1.160705825621431,0.0029329989337999194,0.0006950000000000012,0.29843868204530377,-0.0001548000928801585,-0.000713401636526223,0.00032250521717011073,0
2026-09-04 05:00:00+00:00,1.16261,1.16286,1.16242,1.16278,869,1.16268,1.162639,1.1625219999999998,1.1602814000000001,1.162565110276962,1.1619190591499462,0.0006460511270158786,0.0007842161889523769,-0.00013816506193649824,54.8983364140474,1.1625219999999998,1.1639895091679426,1.161054490832057,0.002524699176347294,0.0006528571428571375,0.23837693780070246,8.600153082571893e-06,-5.159781225294591e-05,0.00028715199227362555,0
2026-09-04 06:00:00+00:00,1.16276,1.16304,1.16267,1.16269,1444,1.16262,1.162661,1.1626385,1.1603838,1.1625843240805065,1.1619761658795797,0.000608158200926745,0.0007490045913472506,-0.00014084639042050563,38.442822384427686,1.1626385,1.1636960099850668,1.161580990014933,0.0018191552835501818,0.0005364285714285647,0.0,-0.0002579557863782167,0.00018925219575560703,0.00026739978983522845,0
2026-09-04 07:00:00+00:00,1.16271,1.16296,1.16209,1.16222,1597,1.162516,1.162617,1.1626875,1.1604686,1.1625282742219671,1.1619942276662776,0.0005340465556895602,0.0007060129842157126,-0.00017196642852615246,37.61904761904775,1.1626875,1.16354385396032,1.1618311460396802,0.0014730595457849353,0.0005564285714285688,0.0,-0.000447219498770024,-0.00037844253694119256,0.0002924059298638375,0
2026-09-04 08:00:00+00:00,1.16222,1.16252,1.16187,1.16248,1400,1.162556,1.162635,1.1626845,1.1605828,1.1625208474185875,1.162030210802109,0.0004906366164785236,0.0006629377106682749,-0.0001723010941897513,38.78504672897012,1.1626845,1.163543446110734,1.161825553889266,0.0014775222525698153,0.0005678571428571517,0.037533976995361686,0.0001720755755927339,0.00015486535317887906,0.0002858849141173436,0
2026-09-04 09:00:00+00:00,1.16248,1.16248,1.16161,1.1617,1454,1.162374,1.162526,1.162637,1.1606618,1.1623945632003434,1.1620057507426935,0.0003888124576498786,0.0006081126600645957,-0.0002193002024147171,37.219730941701556,1.162637,1.1636024472648194,1.1616715527351804,0.0016607888185555903,0.0005600000000000049,0.0,-0.0007827216349420851,-0.0009374005624404047,0.00032017472097630237,0
2026-09-04 10:00:00+00:00,1.1616900000000001,1.16231,1.16165,1.16205,1344,1.162228,1.1624539999999999,1.1626480000000001,1.1607564,1.1623415534772135,1.162009028465457,0.0003325250117565126,0.0005529951304029791,-0.00022047011864646652,45.27027027027132,1.1626480000000001,1.1635791362612082,1.161716863738792,0.0016017509361528333,0.0005678571428571358,0.2792849244886123,-0.0006278057758130062,-0.0006192110219562785,0.0003436153996676708,0
2026-09-04 11:00:00+00:00,1.16204,1.16236,1.16193,1.16204,1297,1.1620979999999999,1.162359,1.1626375000000002,1.1608544,1.1622951606345653,1.162011322653201,0.00028383798136433214,0.0004991637005952497,-0.0002153257192309176,42.72300469483404,1.1626375000000002,1.1635919769855187,1.1616830230144817,0.001641916737622066,0.0005799999999999932,0.19091657488453306,-0.0005590484135926665,-0.0008168599901976492,0.0003330872929896224,1
2026-09-04 12:00:00+00:00,1.16206,1.16269,1.1584699999999999,1.16012,6339,1.161678,1.162097,1.1624615,1.1609124,1.1619605205369399,1.1618712246788898,8.929585805006468e-05,0.0004171901320862127,-0.000327894274036148,31.271477663227998,1.1624615,1.1638410998657502,1.1610819001342498,0.0023735837543870535,0.0008500000000000016,0.0,-0.0018068868200512567,-0.00225329824380327,0.0006000887235072616,1
2026-09-04 13:00:00+00:00,1.16011,1.16228,1.15962,1.16101,4340,1.161384,1.16197,1.162349,1.1609786,1.16181428660818,1.1618074302582313,6.856349948680673e-06,0.0003351233756587063,-0.0003282670257100256,35.69131832797437,1.162349,1.163818463203137,1.1608795367968632,0.0025284371615356496,0.0009992857142857106,0.12710262500315817,-0.0012645378845226318,-0.00109267990501416,0.0006718093265248813,1
2026-09-04 14:00:00+00:00,1.16099,1.16214,1.16086,1.16151,3493,1.161346,1.16186,1.1622525000000001,1.1610528,1.1617674732838446,1.1617853983872513,-1.7925103406701837e-05,0.0002645136798456247,-0.00028243878325232653,40.597014925372434,1.1622525000000001,1.1636729650832551,1.1608320349167451,0.002444331301941696,0.0010485714285714146,0.2960277044579291,-0.0001635534131013694,-0.0009461470312485121,0.0006828595256509762,0
2026-09-04 15:00:00+00:00,1.1615199999999999,1.1623,1.16121,1.16174,2452,1.1612839999999998,1.161756,1.1621975,1.1610791999999999,1.1617632466247916,1.1617820355437511,-1.8788918959566914e-05,0.00020785316008458635,-0.00022664207904415327,40.68554396423237,1.1621975,1.1636073282837254,1.1607876717162746,0.00242614234452471,0.0010949999999999888,0.3674644999921881,-0.00026676993244700853,-0.0008944082285556876,0.0006850806623813842,0
2026-09-04 16:00:00+00:00,1.16174,1.16245,1.16174,1.16206,1532,1.161288,1.161693,1.162177,1.1611342,1.1618089009902082,1.1618026255034732,6.275486734930169e-06,0.00016753762541465511,-0.00016126213867972495,44.985250737464504,1.162177,1.1635820600287283,1.1607719399712717,0.002417979410586014,0.0010957142857142635,0.535297352345289,1.7211111493775633e-05,-0.0005418469239435453,0.0006947777558193052,0
2026-09-04 17:00:00+00:00,1.16204,1.16204,1.16119,1.16123,1376,1.1615100000000003,1.161594,1.1621055,1.1611752,1.161719839299407,1.1617602087995123,-4.036950010521956e-05,0.0001259562003106802,-0.00016632570041589975,42.65734265734268,1.1621055,1.163551998130738,1.160659001869262,0.002489443739381751,0.001114999999999993,0.4444308180190461,0.0009567975726647582,-0.00085181807230994,0.0007186492214520095,1
2026-09-04 18:00:00+00:00,1.16124,1.16132,1.16085,1.16105,1140,1.161518,1.161451,1.162043,1.1612222,1.1616167870994982,1.1617076007402891,-9.081364079088772e-05,8.26022320903666e-05,-0.00017341587288125432,38.857142857143,1.162043,1.1635603952751934,1.1605256047248065,0.0026115991838399372,0.001113571428571428,0.3210610971981124,3.445276095792593e-05,-0.0012301286903860786,0.0007105069144927367,1
2026-09-04 19:00:00+00:00,1.16104,1.16155,1.161,1.1614200000000001,902,1.1614999999999998,1.161423,1.1619745,1.1612778,1.161586512161114,1.1616862969817492,-9.97848206352181e-05,4.612482154524966e-05,-0.00014590964218046777,40.55555555555732,1.1619745,1.1634734887819964,1.1604755112180034,0.0025800717347867824,0.0011214285714285749,0.6632056172895819,-7.748534235596516e-05,-0.00024102608246523438,0.0006944179426291175,1
2026-09-04 20:00:00+00:00,1.16141,1.1615199999999999,1.16116,1.16136,488,1.1614239999999998,1.161354,1.161904,1.1613339999999999,1.1615516641363273,1.161662126834953,-0.00011046269862569069,1.4807317511061582e-05,-0.00012527001613675228,40.72524407252477,1.161904,1.1633778763784937,1.1604301236215064,0.002537001987244403,0.0011207142857142843,0.6753272710442677,-0.0003270955635512607,-0.0005937782367368971,0.0006849594432555115,0
2026-09-06 21:00:00+00:00,1.16124,1.16124,1.16058,1.16063,212,1.161138,1.161213,1.161786,1.1613726,1.1614098696538153,1.161585672995327,-0.00017580334151157118,-2.331481429346498e-05,-0.0001524885272181062,39.30013458950285,1.161786,1.1632716279906006,1.1603003720093994,0.0025574899174212653,0.0011142857142857185,0.573524956872208,-0.0012305732922568424,-0.0012133833602973043,0.0007075573760084736,1
2026-09-06 22:00:00+00:00,1.16077,1.16135,1.16077,1.16129,500,1.1611500000000001,1.16133,1.1617134999999998,1.161422,1.161391428168613,1.1615637712919693,-0.00017234312335623336,-5.312047610601867e-05,-0.00011922264725021469,42.401021711366816,1.1617134999999998,1.1631435868579203,1.1602834131420794,0.0024620301957762464,0.0011192857142857196,0.7950359977802387,5.166935060230138e-05,0.0010085163603763547,0.00048809512118548403,0
2026-09-06 23:00:00+00:00,1.16129,1.16159,1.16127,1.16129,498,1.161198,1.1613580000000001,1.161664,1.1614718,1.1613758238349803,1.1615434919370085,-0.0001676681020281734,-7.603000129044963e-05,-9.163810073772376e-05,47.09219858156031,1.161664,1.1630799898899948,1.1602480101100052,0.002437864804271814,0.0010800000000000015,0.9999999999936792,0.0002067094440376671,0.0002411693267068138,0.00042837855991656264,0
2026-09-07 00:00:00+00:00,1.1613,1.16199,1.16124,1.16181,1214,1.1612760000000002,1.161388,1.161624,1.161534,1.1614426201680603,1.1615632332750079,-0.00012061310694755356,-8.494662242187043e-05,-3.566648452568313e-05,48.337950138504134,1.161624,1.1629709872816738,1.1602770127183262,0.0023191450618682418,0.0010864285714285834,0.9999999999941407,0.000335795836131636,0.00025828447452025394,0.0004302135673363605,0
2026-09-07 01:00:00+00:00,1.16184,1.16184,1.16128,1.16134,1316,1.1612719999999999,1.161348,1.161552,1.1615908,1.1614268324498973,1.1615466974768591,-0.00011986502696181844,-9.193030332986005e-05,-2.79347236319584e-05,45.442708333334046,1.161552,1.1627882013122315,1.1603157986877684,0.002128533741462399,0.0010957142857142793,0.8303549951844237,-1.722118895075564e-05,-0.0003443111195275961,0.0004453601750827578,1
2026-09-07 02:00:00+00:00,1.16134,1.16136,1.16073,1.1609099999999999,873,1.161328,1.161233,1.161463,1.1616301999999998,1.1613473197652975,1.1614995347007955,-0.00015221493549799625,-0.00010398722976348731,-4.822770573450894e-05,56.38126009692869,1.161463,1.162607103418287,1.1603188965817128,0.001970107387470938,0.0008392857142856933,0.9999999999951669,0.0002412482875677746,-0.0009896218783885802,0.0004422520691412924,1
2026-09-07 03:00:00+00:00,1.1609099999999999,1.16119,1.1608,1.16113,729,1.1612959999999999,1.1612230000000001,1.1614084999999998,1.1616806,1.1613138859552516,1.161472161759996,-0.00015827580474425673,-0.00011484494475964119,-4.343085998461554e-05,51.08695652173809,1.1614084999999998,1.1625035659678047,1.160313434032195,0.0018857550427861388,0.0006771428571428365,0.697884720649978,-0.0001377778160492893,-8.611558433724298e-05,0.00039202633219057677,1
2026-09-07 04:00:00+00:00,1.16113,1.16119,1.16082,1.1611,680,1.161258,1.161228,1.1613395,1.1617203999999999,1.1612809804236746,1.1614445942222185,-0.00016361379854390457,-0.00012459871551649386,-3.90150830274107e-05,45.94059405940626,1.1613395,1.1623179945473077,1.1603610054526923,0.0016851136938125252,0.0006121428571428389,0.40421158482899205,-0.00016361115655860736,4.306446750801385e-05,0.00038877875543380546,1
2026-09-07 05:00:00+00:00,1.1611,1.1614200000000001,1.16087,1.1614,786,1.1611759999999998,1.1612259999999999,1.1613245,1.1617556,1.1612992911277247,1.1614412909464986,-0.0001419998187739413,-0.00012807893616798336,-1.392088260595794e-05,46.67968750000037,1.1613245,1.1622888208682833,1.1603601791317169,0.0016607259526226158,0.0005735714285714114,0.4463873720870173,-0.00035289763386436857,-1.7220299288966956e-05,0.000383797855625583,1
2026-09-07 06:00:00+00:00,1.16141,1.16191,1.16102,1.16145,1459,1.161198,1.161235,1.1612945,1.1617936,1.1613224771080748,1.1614419360615726,-0.00011945895349785296,-0.00012635493963395727,6.895986136104315e-06,43.71134020618646,1.1612945,1.1621992820325813,1.1603897179674185,0.0015582301174790288,0.0005864285714285592,0.27700096287846593,9.471817038941843e-05,7.749535027912202e-05,0.00038359532000398623,1
2026-09-07 07:00:00+00:00,1.16146,1.16237,1.16111,1.16233,1777,1.161482,1.161405,1.161309,1.1618402,1.1614774806299095,1.1615077185755303,-3.0237945620736895e-05,-0.0001071315408313132,7.68935952105763e-05,61.22448979591809,1.161309,1.1622715383110116,1.1603464616889883,0.0016576782079733708,0.0006142857142856784,0.9999999999955292,0.0012231783686937892,0.0014647217459482498,0.00037851121204144305,1
2026-09-07 08:00:00+00:00,1.16233,1.16355,1.16208,1.1621,2824,1.161676,1.161486,1.161408,1.1618738,1.1615732528406926,1.1615515912736392,2.166156705341038e-05,-8.137291925436847e-05,0.00010303448630777885,60.60606060605911,1.161408,1.1622561211433777,1.1605598788566223,0.0014605050824133012,0.0006857142857142577,0.9717925939379417,0.0008353931084374988,0.0006975001937501446,0.0003607041805970227,1
2026-09-07 09:00:00+00:00,1.16209,1.16259,1.16193,1.16202,1417,1.1618600000000001,1.161559,1.1614585,1.161907,1.1616419831728937,1.1615862882163326,5.5694956561103126e-05,-5.3959344091274153e-05,0.00010965430065237728,56.43776824034219,1.1614585,1.1623268747675972,1.1605901252324027,0.0014953177708842264,0.0006935714285714045,0.7816710452559428,0.0007923520799242301,0.0006286112857254444,0.00036283468356946327,1
2026-09-07 10:00:00+00:00,1.16201,1.16266,1.16195,1.16243,1232,1.162066,1.161621,1.1615045,1.1619380000000001,1.1617632165309102,1.161648785385493,0.0001144311454170932,-2.0281246189600672e-05,0.00013471239160669387,60.67864271457174,1.1615045,1.162475738493204,1.1605332615067958,0.0016723800780868772,0.0007185714285714097,0.9751031637507797,0.0008868606853797978,0.0005336500804780098,0.00035274648826228735,1
2026-09-07 11:00:00+00:00,1.16241,1.16255,1.16215,1.16227,1250,1.1622299999999999,1.161714,1.161531,1.1619724,1.1618411832184625,1.161694801282864,0.0001463819355984608,1.3051390168011632e-05,0.00013333054543044918,68.46846846846509,1.161531,1.1625566889854584,1.1605053110145418,0.0017660983399638839,0.0006914285714285492,0.9999999999961638,0.000706014034181246,0.0008007990769283158,0.00032309786883922675,1
2026-09-07 12:00:00+00:00,1.16228,1.1628,1.16205,1.16247,1406,1.162258,1.16187,1.1615515,1.1620146,1.161937924261776,1.1617522234100595,0.0001857008517165415,4.758128247771762e-05,0.00013811956923882388,64.82412060301255,1.1615515,1.1626363870909695,1.1604666129090306,0.0018679965390590654,0.0006935714285714045,0.8527960179012135,0.00012044772138697368,0.0013437734191281692,0.0002820072844451659,1
2026-09-07 13:00:00+00:00,1.16246,1.16293,1.16236,1.16284,1355,1.162406,1.1620409999999999,1.161632,1.1620466,1.1620767051445797,1.1618327994537587,0.00024390569082100022,8.684616414637416e-05,0.00015705952667462606,67.81609195402181,1.161632,1.16284750682526,1.16041649317474,0.002092757130072086,0.0007114285714285533,0.9736489423317066,0.0006367782462783911,0.0014727033148744795,0.000287690040904852,0
2026-09-07 14:00:00+00:00,1.16286,1.1632500000000001,1.16269,1.16309,1445,1.16262,1.1622400000000002,1.161734,1.1620576,1.1622325966607983,1.161925925420147,0.00030667124065120177,0.0001308111794473397,0.00017586006120386206,65.68627450980125,1.161734,1.1630793138941626,1.1603886861058375,0.0023160446266745948,0.000697857142857131,0.8876204893686434,0.0009208103130753376,0.0017138919989665435,0.0002816102952281246,0
2026-09-07 15:00:00+00:00,1.1631,1.16317,1.16262,1.16276,1021,1.162686,1.162376,1.161801,1.1620598,1.1623137356360602,1.1619877087223585,0.0003260269137017602,0.0001698543262982238,0.00015617258740353637,68.02030456852535,1.161801,1.163212321142958,1.1603896788570423,0.0024295402447714076,0.0006971428571428565,0.9818975813636358,0.00028388806207679806,0.0011710005166178927,0.0003133707954026926,0
2026-09-07 16:00:00+00:00,1.16275,1.16297,1.16257,1.16284,533,1.1628,1.162515,1.161875,1.16208,1.1623946993843586,1.1620508414095911,0.0003438579747674364,0.00020465505599206638,0.00013920291877537002,76.88022284122536,1.161875,1.163343024092778,1.160406975907222,0.0025269914453414,0.0006807142857142885,0.9999999999969851,0.0004904196099013713,0.0011967798872098978,0.0003128001529203778,0
2026-09-07 17:00:00+00:00,1.16284,1.16285,1.16242,1.16255,413,1.1628159999999998,1.162537,1.1619709999999999,1.162086,1.1624185917867649,1.1620878161199917,0.0003307756667731976,0.00022987917814829267,0.00010089648862490492,69.39890710382248,1.1619709999999999,1.1633442772940834,1.1605977227059163,0.00236370321476791,0.0006835714285714342,0.7744477611803171,6.881898027488731e-05,0.00018927499075127585,0.00023765267135354362,0
2026-09-07 18:00:00+00:00,1.16254,1.16256,1.16228,1.16236,323,1.1627199999999998,1.162563,1.1620245,1.1620603999999999,1.1624095776657242,1.1621079778888812,0.0003015997768429646,0.00024422329788722705,5.7376478955737525e-05,66.49214659685751,1.1620245,1.1633691419989685,1.1606798580010316,0.002314309205990826,0.0006771428571428682,0.6868125960485991,-0.00041278249802212397,0.00022373289734112234,0.00023438802212813651,1
2026-09-07 19:00:00+00:00,1.16235,1.16235,1.16209,1.16221,289,1.162544,1.162582,1.1620705,1.1620394,1.162378873409459,1.1621155350822974,0.00026333832716152195,0.00024804630374208604,1.5292023419435908e-05,61.03542234332242,1.1620705,1.1633715841633516,1.1607694158366484,0.0022392516862817153,0.0006571428571428641,0.5222992383464536,-0.000756605249808695,0.00016350837334977442,0.00023774127907411844,1
2026-09-07 20:00:00+00:00,1.16221,1.16227,1.16212,1.16218,271,1.1624279999999998,1.162557,1.1620890000000001,1.1620142,1.1623482775003116,1.1621203102613864,0.00022796723892515303,0.00024403049077869942,-1.60632518535464e-05,59.99999999999757,1.1620890000000001,1.163385000324934,1.1607929996750663,0.0022304665562341975,0.000604285714285708,0.17425655720835298,-0.0004988131686676223,-0.00021506671369464492,0.0002062701066410584,1
2026-09-07 21:00:00+00:00,1.1622,1.16235,1.16214,1.16233,346,1.1623260000000002,1.162563,1.1621385,1.162004,1.1623454655771865,1.1621358428346171,0.00020962274256941527,0.00023714894113684263,-2.752619856742736e-05,50.0,1.1621385,1.1633888687877516,1.1608881312122483,0.002151841261177809,0.0005292857142857242,0.0,-0.0004385814041484304,5.162311683193366e-05,0.00020682487288645966,1
2026-09-07 22:00:00+00:00,1.16233,1.16259,1.16232,1.16254,397,1.162324,1.16257,1.16222,1.1620054,1.162375393949927,1.1621657804024232,0.00020961354750381744,0.00023164186241023764,-2.2028314906420195e-05,57.586206896551325,1.16222,1.1633387775283812,1.1611012224716188,0.0019252422577157292,0.00044357142857143206,0.282222619259256,-8.60178056860672e-06,6.021660774035986e-05,0.0002076118196928004,0
2026-09-07 23:00:00+00:00,1.16254,1.16299,1.16253,1.16277,986,1.162406,1.162563,1.162302,1.1620076,1.1624361025730152,1.1622105374096512,0.00022556516336402765,0.00023042652260099565,-4.861359236967992e-06,62.29508196721181,1.162302,1.1633202875202002,1.1612837124797997,0.0017521909455550768,0.0004292857142857035,0.45740253121374735,0.000352730651433264,-6.019744762819634e-05,0.00019025220145273543,0
2026-09-08 00:00:00+00:00,1.16279,1.1631,1.16239,1.1626400000000001,1590,1.162492,1.162518,1.162379,1.1620144000000001,1.1624674714079362,1.1622423494533807,0.000225121954555485,0.00022936560899189355,-4.243654436408541e-06,53.79061371841182,1.162379,1.1632344690926788,1.1615235309073213,0.0014719279902316734,0.0004292857142857035,0.1410186865186315,0.0003699847703944048,-0.00038690041183386814,0.000175574760219273,1
2026-09-08 01:00:00+00:00,1.16263,1.16331,1.16255,1.16331,1380,1.1627180000000001,1.162573,1.1624744999999999,1.1620248000000002,1.1625970911913306,1.162321434679056,0.0002756565122745691,0.00023862378964842869,3.7032722626140425e-05,65.85365853658685,1.1624744999999999,1.1632955513158505,1.1616534486841492,0.0014125923895115817,0.0004549999999999991,0.5897889548822344,0.0009723106575574292,0.00047301248752962266,0.00024074062361242665,0
2026-09-08 02:00:00+00:00,1.16332,1.16345,1.16234,1.16236,1588,1.162724,1.162525,1.16252,1.1620166,1.1625606156234336,1.1623242913694962,0.0002363242539373811,0.0002381638825062192,-1.8396285688380997e-06,48.63523573201208,1.16252,1.1631887301399666,1.1618512698600334,0.0011504836733417063,0.00048071428571429465,0.0,2.5810226011557802e-05,-0.00041278249802212397,0.0003634949128761395,0
2026-09-08 03:00:00+00:00,1.16236,1.16269,1.16226,1.16243,914,1.1627020000000001,1.1625130000000001,1.162525,1.1620054,1.1625405209121362,1.1623321216384224,0.00020839927371385514,0.00023221096074774642,-2.3811687033891278e-05,44.50402144772091,1.162525,1.1631892288762915,1.1618607711237086,0.0011427347821190473,0.00047071428571429256,0.0,-9.462040015817408e-05,-0.00010322136682283656,0.0003569206338057197,0
2026-09-08 04:00:00+00:00,1.16242,1.16253,1.16222,1.16248,863,1.1626440000000002,1.162525,1.162544,1.1620002,1.1625312100025769,1.162343075591132,0.00018813441144494014,0.00022339565088718517,-3.526123944224503e-05,41.35977337110491,1.162544,1.163178097784335,1.1619099022156651,0.0010908796300783024,0.00045285714285714374,0.0,-0.0002494044393991368,0.00010323823944369259,0.0003530261262169926,0
2026-09-08 05:00:00+00:00,1.16248,1.16306,1.1623,1.16304,1134,1.162724,1.162608,1.162595,1.1620154,1.1626094853867959,1.1623946996214185,0.0002147857653773677,0.0002216736737852217,-6.887908407854002e-06,53.72340425531971,1.162595,1.163215576981179,1.1619744230188211,0.001067572080008773,0.000467857142857131,0.3480707893232091,0.0003440445881786047,0.0007141566498309881,0.00037816404510493016,0
2026-09-08 06:00:00+00:00,1.16303,1.16356,1.16205,1.16205,1938,1.162472,1.162595,1.162576,1.1620042000000002,1.1625234107119042,1.1623691663161284,0.0001542443957758266,0.00020818781818334272,-5.394342240751612e-05,41.54175588865054,1.162576,1.1632396232286248,1.1619123767713753,0.0011416427461512844,0.0005471428571428413,0.006490304560751761,-0.0010831162802692473,-0.00011185874821451058,0.00047851739512845006,0
2026-09-08 07:00:00+00:00,1.16205,1.1623,1.16097,1.16127,1885,1.1622540000000001,1.162489,1.162526,1.161974,1.1623305782946882,1.1622877465890078,4.283170568042394e-05,0.00017511659568275896,-0.00013228489000233502,37.59689922480684,1.162526,1.1634030620815177,1.1616489379184822,0.001508890263990175,0.0006114285714285643,0.0,-0.0009377473416153359,-0.0009119613190746723,0.0005177849007476485,1
2026-09-08 08:00:00+00:00,1.16127,1.16161,1.16084,1.16107,2027,1.161982,1.162342,1.1624560000000002,1.1619416,1.1621366431724287,1.16219754313797,-6.0899965541372225e-05,0.00012791328343793272,-0.00018881324897930494,37.52417794971002,1.1624560000000002,1.1635488167372237,1.1613631832627767,0.0018801859807571224,0.0006464285714285557,0.0,-0.001169962922498602,-0.0012644726202968304,0.0005091572139342877,1
2026-09-08 09:00:00+00:00,1.16107,1.16161,1.16089,1.1614,1802,1.1617659999999999,1.162205,1.162384,1.1619252,1.1620233134535933,1.1621384658684908,-0.00011515241489745698,7.930014377085476e-05,-0.00019445255866831174,42.42990654205624,1.162384,1.163557091282894,1.161210908717106,0.0020184229701957373,0.0006785714285714173,0.17316690919498884,-0.0009290482416901558,-0.0011782209723333326,0.00051595649237787,1
2026-09-08 10:00:00+00:00,1.1614,1.16164,1.16086,1.16122,1532,1.161402,1.162063,1.1622905,1.1619,1.1618997267684252,1.1620704313597137,-0.00017070459128842863,2.9299196758998073e-05,-0.00020000378804742671,41.27272727272671,1.1622905,1.1635232372196636,1.1610577627803362,0.0021212205032453764,0.0007235714285714266,0.1323197335548719,-0.00156486449305282,-0.0012213582880342688,0.0005160817391667951,1
2026-09-08 11:00:00+00:00,1.16125,1.16187,1.16076,1.16133,1941,1.1612580000000001,1.161865,1.1622190000000001,1.1618925999999998,1.1618120764963598,1.1620155845923275,-0.00020350809596769714,-1.7262261786340986e-05,-0.00018624583418135616,40.842490842489845,1.1622190000000001,1.1635019390600085,1.1609360609399917,0.002207740640978035,0.0007878571428571338,0.11713285326894642,-0.0006195946818123854,-0.0017020398689945315,0.00046346256432754903,1
2026-09-08 12:00:00+00:00,1.16131,1.16199,1.16104,1.16199,2179,1.161402,1.161828,1.1621765,1.1618914,1.1618394493430737,1.16201368943734,-0.00017424009426636466,-4.865782828234573e-05,-0.00012558226598401894,45.34686971235364,1.1621765,1.1634287699389982,1.1609242300610016,0.0021550426101341683,0.0008364285714285634,0.2761325516938612,0.0006200108501899226,-0.0003183179049519591,0.0004557043924844662,1
2026-09-08 13:00:00+00:00,1.162,1.1627399999999999,1.16187,1.16218,2463,1.161624,1.1618030000000001,1.162158,1.1618941999999999,1.1618918417518316,1.1620260087382779,-0.00013416698644630465,-6.575965991513753e-05,-6.840732653116712e-05,44.97444633730761,1.162158,1.1633979083158439,1.1609180916841562,0.002133803348329337,0.0008657142857142792,0.2629864096775042,0.00095601471056872,-0.00021506671369464492,0.0004591778470899443,1
2026-09-08 14:00:00+00:00,1.16217,1.1631,1.16187,1.16307,2238,1.161958,1.161862,1.1621935,1.1619532,1.1620730968669346,1.1621033414243314,-3.024455739675247e-05,-5.8656639411460515e-05,2.8412082014708045e-05,53.24283559577619,1.1621935,1.1634967958221825,1.1608902041778177,0.0022428207044392517,0.0009028571428571418,0.5548516005370073,0.0014379197520235643,0.0005075356135160192,0.0005229100768856562,0
2026-09-08 15:00:00+00:00,1.16308,1.16338,1.16261,1.16261,1737,1.162236,1.161819,1.1622135,1.1619852,1.1621556973489446,1.1621408716891957,1.4825659748973763e-05,-4.396017957937366e-05,5.8785839328347425e-05,44.54828660436051,1.1622135,1.1635300709048453,1.1608969290951547,0.0022656265907172327,0.0009035714285714322,0.43360766261872197,0.0011970169304695855,-0.0003697207318752449,0.0005161355683279087,0
2026-09-08 16:00:00+00:00,1.16259,1.1626400000000001,1.16204,1.16233,1287,1.162436,1.1618469999999999,1.162221,1.1620016000000002,1.1621825131414147,1.1621548811936997,2.7631947715045513e-05,-2.9641754120489826e-05,5.727370183553534e-05,49.73913043478284,1.162221,1.1635384760559535,1.1609035239440464,0.0022671695933106687,0.0008671428571428599,0.7540454250440006,0.0008610816908201091,0.00024095348737152023,0.00043953682311274916,0
2026-09-08 17:00:00+00:00,1.16234,1.16271,1.16232,1.1626,836,1.1625580000000002,1.16198,1.1622345,1.1620188,1.1622467418888895,1.1621878529571292,5.888893176031473e-05,-1.193561694432891e-05,7.082454870464364e-05,51.42857142857142,1.1622345,1.163562172676889,1.1609068273231111,0.002284689839940108,0.0008642857142857142,0.8583368869882736,0.0005249614884810239,0.0011452978204897768,0.0003676982961353092,0
2026-09-08 18:00:00+00:00,1.1626,1.16302,1.16216,1.16285,1534,1.162692,1.1621580000000002,1.16225,1.1620346,1.1623395508290604,1.1622369008862308,0.00010264994282960238,1.0981495010457355e-05,9.166844781914502e-05,53.008130081300614,1.16225,1.1635997446152626,1.1609002553847374,0.002322640766207967,0.0009035714285714162,0.9558451644158473,0.0005765027792596911,0.0015330686349659395,0.0003542900171388746,0
2026-09-08 19:00:00+00:00,1.16287,1.163,1.16223,1.16231,1299,1.16254,1.162249,1.1622270000000001,1.1620561999999999,1.1623350045476664,1.1622423156353987,9.268891226765774e-05,2.7322978461897436e-05,6.53659338057603e-05,44.045676998367675,1.1622270000000001,1.163554936269916,1.1608990637300842,0.0022851581832394135,0.0009042857142857067,0.41488905703396795,-0.0006534430429812055,0.000783537110383925,0.0003997184396755817,0
2026-09-08 20:00:00+00:00,1.16231,1.16251,1.16223,1.1623,184,1.162478,1.162357,1.16221,1.1620812,1.1623296192326407,1.1622465885512951,8.30306813455195e-05,3.846451903862185e-05,4.4566162306897645e-05,52.42718446602034,1.16221,1.1635243099050194,1.1608956900949805,0.0022617425508633755,0.0008164285714285592,0.9481093647933232,-0.00026664143607901813,0.0009300563200773659,0.0003928432252787599,0
