timestamp,open,high,low,close,volume,sma_5,sma_10,sma_20,sma_50,ema_12,ema_26,macd,macd_signal,macd_hist,rsi,bb_mid,bb_upper,bb_lower,bb_width,atr,stoch_rsi,momentum_5,momentum_10,volatility_10,label
2026-05-18 14:00:00+00:00,1.3391199999999999,1.34001,1.33809,1.33934,5575,1.338054,1.336716,1.334095,1.3364598,1.3365053104795945,1.335400298374366,0.001105012105228509,0.00023284197449806359,0.0008721701307304454,75.77601947656693,1.334095,1.3404197467184575,1.3277702532815425,0.009481703654473643,0.0019978571428571307,0.993475386926001,0.002342446172383106,0.005872987262677265,0.0013117566780908724,1
2026-05-18 15:00:00+00:00,1.33932,1.34273,1.33814,1.34179,5290,1.339466,1.3376670000000002,1.3345915,1.3362961999999998,1.3373185018582026,1.335883141842884,0.0014353600153185209,0.0004733483287592686,0.0009620116865592522,78.61364857603415,1.3345915,1.341689298843378,1.327493701156622,0.010636661245599156,0.0022442857142856987,0.9999999999983805,0.005289459291392351,0.0071381391299127905,0.0013691891223968648,1
2026-05-18 16:00:00+00:00,1.34176,1.3449,1.34147,1.34293,4726,1.3405340000000001,1.338408,1.335118,1.3361874,1.338181955013131,1.3364148507173805,0.0017671042957505545,0.0007321018857121954,0.001035002410038359,81.16314976839853,1.335118,1.3430450744586948,1.3271909255413052,0.01187471737883061,0.0024078571428571205,0.9999999999981924,0.003992254726784772,0.0055484006229782334,0.0012330509610389278,0
2026-05-18 17:00:00+00:00,1.34294,1.34347,1.3421699999999999,1.34218,2889,1.34107,1.339106,1.3356115,1.3360759999999998,1.3387971267212697,1.3368492512493162,0.0019478754719535196,0.0009752583798285316,0.000972617092124988,77.61421319796885,1.3356115,1.3440170001416682,1.3272059998583317,0.01258674418671642,0.0024414285714285467,0.9358520311722118,0.0020007465472189345,0.005227681246255278,0.0012596937846236127,1
2026-05-18 18:00:00+00:00,1.34219,1.3423,1.34012,1.34021,2968,1.3412899999999999,1.339359,1.3360425,1.3359952000000002,1.339014518113872,1.3371021591072827,0.0019123590065892593,0.001162679600846363,0.0007496794057428964,70.25641025640955,1.3360425,1.34446374600107,1.32762125399893,0.012606254667901613,0.0025421428571428422,0.7130649568592451,0.000821441106406473,0.0018913342503437125,0.0013061116080334567,1
2026-05-18 19:00:00+00:00,1.34022,1.34345,1.34003,1.34295,5424,1.342012,1.340033,1.3366434999999999,1.3360336000000002,1.3396200387871997,1.3375417107839351,0.0020783280032645735,0.0013458101377958596,0.0007325178654687139,72.76995305164287,1.3366434999999999,1.3452422692509793,1.3280447307490204,0.012866211897158017,0.002699285714285698,0.6166623831796283,0.0026953574148462778,0.005044117316888919,0.0013393447959342945,0
2026-05-18 20:00:00+00:00,1.34297,1.34389,1.34289,1.34329,1838,1.3423120000000002,1.3408890000000002,1.3372644999999999,1.3360892000000002,1.340184697063977,1.3379733089338288,0.0022113881301482063,0.0015189263839711024,0.000692461746177104,68.92352654651687,1.3372644999999999,1.3459014986868008,1.328627501313199,0.012917412653668593,0.0025071428571428666,0.4409867711939606,0.0011179096579942982,0.006413282087013972,0.0012213308904938948,0
2026-05-18 21:00:00+00:00,1.34325,1.34329,1.3427,1.34287,725,1.3423,1.341417,1.3378510000000001,1.3361472,1.3405978508424792,1.3383405961119608,0.00225725473051841,0.0016665924952681756,0.0005906622352502343,68.58943286475969,1.3378510000000001,1.3463284844829058,1.3293735155170945,0.012673286461505263,0.002438571428571449,0.42572790379456515,-4.467842702149394e-05,0.003947397932101637,0.001129011128635678,0
2026-05-18 22:00:00+00:00,1.34293,1.34372,1.34286,1.3433899999999999,828,1.342542,1.3418059999999998,1.3384795,1.3362134,1.3410274388655319,1.3387189847627652,0.0023084541027666994,0.0017949651241592572,0.0005134889786074421,65.29191215854246,1.3384795,1.3466192930272414,1.3303397069727587,0.012162745902707254,0.002253571428571442,0.2751221487312312,0.0009015184252483266,0.002904068682344052,0.00106957810117993,0
2026-05-18 23:00:00+00:00,1.3433899999999999,1.34366,1.34307,1.3431,765,1.34312,1.3422049999999999,1.3390695,1.3362732,1.34134631114049,1.3390470030273771,0.0022993081131128523,0.001895833915176192,0.00040347419793666035,69.69696969696962,1.3390695,1.3467136776260733,1.3314253223739265,0.011417148439380315,0.0021707142857143114,0.47631179264200685,0.002156378477999654,0.002979590922328912,0.0010652852708084406,0
2026-05-19 00:00:00+00:00,1.3431,1.3434300000000001,1.34184,1.34193,2732,1.342916,1.342464,1.33959,1.3363136,1.3414361134099075,1.33926268843634,0.0021734249735674283,0.0019513522119359813,0.00022207276163144695,70.95459837019794,1.33959,1.3464468521241635,1.3327331478758366,0.01023723993783684,0.0021335714285714647,0.35678920263302377,-0.0007595219479503701,0.0019337882837815457,0.0011282131870024258,0
2026-05-19 01:00:00+00:00,1.3418999999999999,1.3425,1.3413,1.34167,2606,1.3425920000000002,1.342452,1.3400595000000002,1.3363657999999998,1.341472097312801,1.3394426534673631,0.002029443845437795,0.0019669705577843805,6.24732876534145e-05,63.991769547324374,1.3400595000000002,1.3460385809890567,1.3340804190109437,0.008923605241493424,0.0019735714285714634,0.0,-0.0012059942380276967,-8.943277263961935e-05,0.0009730781193988524,0
2026-05-19 02:00:00+00:00,1.34169,1.34183,1.34088,1.34155,2421,1.342328,1.3423139999999998,1.3403610000000001,1.3364366,1.3414840827222383,1.339600086185984,0.0018839965362542621,0.0019503757372022039,-6.637920094794175e-05,58.01407349491741,1.3403610000000001,1.345973133096671,1.3347488669033292,0.008374062057417319,0.0018407142857143224,0.0,-0.0009829693119959293,-0.0010276038214946936,0.0009251973011060614,0
2026-05-19 03:00:00+00:00,1.34157,1.34193,1.34121,1.34131,1878,1.341912,1.3422269999999998,1.3406665,1.3365294,1.3414573000452537,1.3397277473024853,0.0017295527427683144,0.0019062111036621885,-0.00017665836089387414,58.70253164556954,1.3406665,1.3457345475842084,1.3355984524157916,0.007560489628417543,0.0017385714285714782,0.029740199674309874,-0.0015483217829519447,-0.0006481991983190438,0.0009121014874009741,0
2026-05-19 04:00:00+00:00,1.3413300000000001,1.34154,1.34055,1.34061,1885,1.3414139999999999,1.342267,1.340813,1.3365915999999998,1.3413269432280501,1.3397935772166385,0.0015333660114116299,0.001831642038404316,-0.0002982760269926862,54.843630816171284,1.340813,1.3456830809460485,1.3359429190539516,0.007264370118798759,0.0016721428571429156,0.0,-0.0018539200357381436,0.0002984606889966379,0.0007914738441096303,1
2026-05-19 05:00:00+00:00,1.3406,1.34179,1.33999,1.34167,2513,1.341362,1.342139,1.3410860000000002,1.3366732000000001,1.3413797222084367,1.3399335120465188,0.0014462101619179268,0.001754555624396697,-0.00030834546247877014,49.488054607508005,1.3410860000000002,1.345456120557173,1.3367158794428275,0.006517286075870859,0.0014728571428572121,0.0,-0.0001937507917701975,-0.000953125581741765,0.00047159342684864483,0
2026-05-19 06:00:00+00:00,1.34165,1.34172,1.33967,1.33994,3454,1.3410160000000002,1.341804,1.3413465,1.336746,1.3411582228780397,1.339933995645325,0.0012242272327147585,0.0016484899034500487,-0.00042426267073529013,37.855402112103604,1.3413465,1.3445997624920405,1.3380932375079595,0.004850741388657589,0.0013742857142857881,0.0,-0.0012894377902167298,-0.002493876973699072,0.000583886680709133,1
2026-05-19 07:00:00+00:00,1.33996,1.34064,1.33897,1.34015,3267,1.340736,1.341532,1.3414745,1.3368642,1.34100310952928,1.339950088703596,0.0010530208256840368,0.0015293960496215574,-0.00047637522393752067,41.37638062871706,1.3414745,1.3442754507784267,1.3386735492215731,0.004175928470391039,0.0014007142857143582,0.10084559078822372,-0.0010435690060005554,-0.0020255125216886993,0.0005969665583358667,1
2026-05-19 08:00:00+00:00,1.34019,1.34021,1.33886,1.33925,3124,1.340324,1.341118,1.3414620000000002,1.3369476,1.3407333972271258,1.339897952100173,0.0008354451269527718,0.0013906058294034347,-0.0005551607024506628,45.514018691589364,1.3414620000000002,1.344302011860615,1.3386219881393853,0.004234203966440925,0.0013414285714286362,0.2193531457049548,-0.0015358120046820023,-0.0030817558564525394,0.0005741948825877056,1
2026-05-19 09:00:00+00:00,1.33926,1.34081,1.33868,1.34073,3066,1.340348,1.340881,1.341543,1.3370344,1.340732874571644,1.339959891281394,0.0007729832902501066,0.0012670812961652464,-0.0004940980059151398,38.24152542372754,1.341543,1.3441861488398283,1.3388998511601715,0.003940460857130056,0.001249285714285778,0.011665640114398279,8.951149103753053e-05,-0.0017645744918471928,0.000728953469656711,0
2026-05-19 10:00:00+00:00,1.34074,1.34157,1.3393,1.34069,3446,1.340152,1.340757,1.3416105,1.3371573999999997,1.3407262784286504,1.3400142219405693,0.0007120564880811475,0.0011560763162825067,-0.0004440198282013592,35.77680525163946,1.3416105,1.344080014974755,1.3391409850252451,0.0036814186751741936,0.0013400000000000553,0.0,-0.0007304329678683441,-0.0009240422376727286,0.0006872133509934673,0
2026-05-19 11:00:00+00:00,1.3407200000000001,1.3409499999999999,1.34019,1.34029,3057,1.340222,1.340619,1.3415355,1.3372676000000001,1.340659158196421,1.3400347368375534,0.0006244213588675329,0.0010497453108020596,-0.00042532395193452667,35.85526315789359,1.3415355,1.3440722569433208,1.3389987430566792,0.003781870764241101,0.001352142857142897,0.0022303248526558436,0.0002612057256294875,-0.0010285688731207498,0.0006897218490152929,0
2026-05-19 12:00:00+00:00,1.34026,1.3419699999999999,1.34017,1.34067,3946,1.340326,1.340531,1.3414225,1.337317,1.3406608261761688,1.3400819786427927,0.0005788475333761145,0.0009555657453986046,-0.0003767182120224901,34.85523385300685,1.3414225,1.3438983188438132,1.3389466811561868,0.0036913334073540656,0.001419285714285734,0.0,0.00038801626683593327,-0.0006559576609146411,0.0007005172339233761,1
2026-05-19 13:00:00+00:00,1.3406500000000001,1.3407499999999999,1.3385799999999999,1.34017,5227,1.34051,1.340417,1.341322,1.3374018,1.3405853140749742,1.3400885225062615,0.000496791568712629,0.0008638109023310792,-0.00036701933361845025,34.058759521218676,1.341322,1.3438313056284266,1.3388126943715732,0.0037415409997400497,0.0015321428571428708,0.0,0.0006869516520440211,-0.0008499153812316917,0.0007066713997722771,0
2026-05-19 14:00:00+00:00,1.34015,1.34026,1.33779,1.33923,5962,1.34021,1.340279,1.341273,1.3374803999999998,1.3403768033252568,1.3400247136994043,0.0003520896258524253,0.0007614666401373587,-0.0004093770142849334,34.93303571428466,1.341273,1.343908818858086,1.3386371811419138,0.003930324189163831,0.0015949999999999972,0.02920776067293504,-0.00111879349309707,-0.0010293821469332665,0.0007211411003425912,1
2026-05-19 15:00:00+00:00,1.33923,1.34013,1.3388499999999999,1.33983,4000,1.340038,1.340095,1.3411170000000001,1.337595,1.3402926794322332,1.3400102454185856,0.00028243401364758114,0.0006656601096735254,-0.0003832260960259442,40.107526881721135,1.3411170000000001,1.3437037687626827,1.3385302312373175,0.003857633245544722,0.0016007142857142886,0.2454481128114734,-0.0006414607403649741,-0.0013714251641609998,0.0006809941546585935,0
2026-05-19 16:00:00+00:00,1.33986,1.34027,1.33877,1.33992,3437,1.339964,1.340093,1.3409485,1.3377054000000002,1.3402353439593468,1.340003541246865,0.00023180271248190998,0.0005788886264922351,-0.0003470859140103251,41.20819848975168,1.3409485,1.3433732432853833,1.3385237567146169,0.0036164599690192783,0.0016400000000000065,0.2901113892965895,-0.00027605965873056526,-1.4926041464469186e-05,0.0005480634620598495,0
2026-05-19 17:00:00+00:00,1.3399,1.34117,1.3399,1.34082,2455,1.339994,1.34016,1.340846,1.3378615999999999,1.340325291275648,1.340064181530233,0.0002611097454150446,0.0005153328480835676,-0.000254223102668523,47.532729103725515,1.340846,1.343095738230389,1.338596261769611,0.0033556996558724668,0.0016792857142857085,0.6482585045265125,0.00011188435632925042,0.0004999440361153074,0.0005873515145869701,0
2026-05-19 18:00:00+00:00,1.34083,1.34116,1.33964,1.33967,2603,1.339894,1.3402020000000001,1.3406600000000002,1.3379942,1.3402244770121503,1.3400349105574105,0.00018956645473977574,0.00045017956761612363,-0.0002606131128763479,45.4720616570319,1.3406600000000002,1.342620687312361,1.3386993126876394,0.002924958322558687,0.0017171428571428457,0.7397163688885088,-0.0003730869964259087,0.000313608362889628,0.0006150569804243569,0
2026-05-19 19:00:00+00:00,1.33966,1.3403800000000001,1.33961,1.34,2222,1.340048,1.340129,1.340505,1.338138,1.3401899420231191,1.3400323186590124,0.00015762336410674038,0.00039166832562199174,-0.00023404496151525135,41.34715025906834,1.340505,1.3421116899612524,1.3388983100387477,0.0023971413180142558,0.0016435714285714267,0.5409237933309603,0.0005749572515552082,-0.0005444794999738267,0.0004971581977917107,0
2026-05-19 20:00:00+00:00,1.34001,1.3403,1.33935,1.33937,1215,1.3399560000000001,1.3399969999999999,1.340377,1.3382816,1.3400637968984164,1.3399831538448939,8.064305352251111e-05,0.0003294632701030274,-0.0002488202165805163,46.66666666666701,1.340377,1.341911982941791,1.338842017058209,0.0022903749345012585,0.001564999999999991,0.9357232898702341,-0.0003433271385177017,-0.0009845676480021437,0.0005139603004705998,0
2026-05-19 21:00:00+00:00,1.33938,1.3397299999999999,1.3391,1.3397299999999999,876,1.339918,1.339941,1.34028,1.3384390000000002,1.3400124434612006,1.3399643648461885,4.8078615012103754e-05,0.0002731863382893808,-0.00022510772327727704,47.58620689655127,1.34028,1.3417127301872591,1.3388472698127407,0.0021379565273811465,0.0014907142857142658,0.9999999999926076,-0.0001417995104185943,-0.0004178200240246843,0.0005206889901485681,0
2026-05-19 22:00:00+00:00,1.33984,1.33992,1.33948,1.33975,935,1.339704,1.339849,1.34019,1.338586,1.3399720674987021,1.3399484570711118,2.361042759035925e-05,0.00022327115558514452,-0.00019966072799478527,53.196930946291054,1.34019,1.3415084041389853,1.3388715958610147,0.001967488399384145,0.0014257142857142682,0.999999999994775,-0.0007980191226263367,-0.0006862240521530172,0.000508843411946614,1
2026-05-19 23:00:00+00:00,1.33974,1.3404,1.33954,1.33955,1016,1.33968,1.3397869999999998,1.3401020000000001,1.3387308000000002,1.3399071339755955,1.3399188920038039,-1.1758028208408433e-05,0.0001762653184012071,-0.00018802334660961552,40.97859327217217,1.3401020000000001,1.3413380139668813,1.338865986033119,0.0018446565513389607,0.001334999999999991,0.3615723570043822,-8.957429814793194e-05,-0.00046262787556805574,0.0004987920052266895,0
2026-05-20 00:00:00+00:00,1.3395299999999999,1.34019,1.33868,1.3389199999999999,3184,1.339464,1.339756,1.3400174999999999,1.3388774,1.339755267087881,1.3398447845874708,-8.951749958985289e-05,0.00012310875441830075,-0.00021262625400815364,37.58765778401179,1.3400174999999999,1.3413356306540178,1.3386993693459819,0.001967333492313316,0.00128071428571427,0.18439056607840623,-0.0008059701492538762,-0.0002314762960805572,0.00046955742299828847,1
2026-05-20 01:00:00+00:00,1.33891,1.33918,1.33776,1.33861,3330,1.339312,1.339634,1.3398644999999998,1.3390309999999999,1.3395790720312823,1.339753186973993,-0.00017411494271057926,6.366401464836324e-05,-0.00023777895735894251,38.06818181818315,1.3398644999999998,1.341081493275079,1.3386475067249206,0.0018165915659071217,0.0013278571428571345,0.20949871374288626,-0.0005674309563450386,-0.0009105632804161656,0.00044218347640982757,1
2026-05-20 02:00:00+00:00,1.33862,1.33963,1.3383099999999999,1.33901,2857,1.3391680000000001,1.339543,1.339818,1.3391937999999999,1.339491522437554,1.3396980624829962,-0.00020654004544207183,9.623202379976305e-06,-0.00021616324782204813,38.24362606232346,1.339818,1.3410925542048346,1.3385434457951653,0.0019025781185723555,0.0012935714285714495,0.2186659554946007,-0.0005374217193014896,-0.0006791450235834606,0.00045720306246101666,0
2026-05-20 03:00:00+00:00,1.33903,1.3403,1.3387,1.33995,2391,1.339208,1.339456,1.3398079999999999,1.3393699999999997,1.339562057481556,1.3397167476222307,-0.00015469014067459597,-2.323946635270573e-05,-0.00013145067432189023,48.53333333333266,1.3398079999999999,1.3410747006459003,1.3385412993540995,0.0018908689094264228,0.0012528571428571667,0.7446548201360587,0.00014928158238469713,-0.0006488566697989695,0.00046272118690809873,0
2026-05-20 04:00:00+00:00,1.33996,1.34064,1.33893,1.33903,2203,1.339104,1.339392,1.339797,1.3395342000000001,1.3394802024506192,1.3396658191277497,-0.0001856166771305734,-5.5714908604545486e-05,-0.0001299017685260279,48.663101604278246,1.339797,1.341087697078085,1.3385063029219149,0.0019267054308750443,0.0011985714285714616,0.7095425715887893,-0.0003881900638275093,-0.0004777295901229328,0.0004323109397708441,0
2026-05-20 05:00:00+00:00,1.339,1.33979,1.33875,1.33915,2546,1.33915,1.339307,1.339718,1.3396912,1.3394294020558646,1.33962756976102,-0.0001981677051554609,-8.42054679822917e-05,-0.0001139622371731692,45.142857142857125,1.339718,1.340960774485199,1.338475225514801,0.0018552777303866182,0.0011814285714285872,0.48401993355171213,0.00017178024079123055,-0.0006343283582089798,0.00042321282889297543,1
2026-05-20 06:00:00+00:00,1.3391199999999999,1.3406500000000001,1.33756,1.33866,4050,1.33916,1.339236,1.3396165,1.339834,1.33931103247384,1.3395558275164454,-0.00024479504260543905,-0.00011632338296785328,-0.00012847165963758578,41.486486486486555,1.3396165,1.3408566065319298,1.3383763934680701,0.001851435141221166,0.0012950000000000145,0.24977644134459376,3.7352178752447784e-05,-0.0005300999723750754,0.000413246301714666,1
2026-05-20 07:00:00+00:00,1.33863,1.3397700000000001,1.3382100000000001,1.33856,3529,1.33907,1.339119,1.3395299999999999,1.3399596,1.3391954889874436,1.3394819954212644,-0.0002865064338208878,-0.00015035999319011788,-0.00013614644063076993,32.87878787878941,1.3395299999999999,1.3408129078811777,1.338247092118822,0.0019154597227054224,0.001315714285714309,0.0,-0.0003360691854430442,-0.0008733102938650594,0.0003975086610679159,1
2026-05-20 08:00:00+00:00,1.33852,1.33926,1.33748,1.33817,3424,1.338714,1.3389609999999998,1.339405,1.3400126,1.3390377214175437,1.3393847287327942,-0.00034700731525050266,-0.00018968945764994742,-0.00015731785760055524,37.15753424657739,1.339405,1.340707249066649,1.338102750933351,0.0019445187477260383,0.0013342857142857323,0.2105874711853304,-0.0013284077764095237,-0.0011793245008396847,0.00040054540341597774,1
2026-05-20 09:00:00+00:00,1.33817,1.33923,1.338,1.3382399999999999,2527,1.338556,1.3388300000000002,1.3393085,1.3400734,1.338914995023649,1.3392998678971446,-0.00038487287349564525,-0.00022872614085700467,-0.00015614673263864058,34.229390681001505,1.3393085,1.3406572659076703,1.3379597340923297,0.0020141228218447083,0.0013671428571428526,0.0664727479139421,-0.0005899793133836706,-0.0009779403531037234,0.0004038511288143526,1
2026-05-20 10:00:00+00:00,1.33822,1.33988,1.33808,1.33964,2690,1.338654,1.338902,1.339329,1.3401125999999999,1.3390265342676713,1.3393250810561161,-0.0002985467884448756,-0.0002426902703854299,-5.58565180594457e-05,52.125984251968504,1.339329,1.3406851850518076,1.3379728149481924,0.0020251708905094537,0.0014278571428571394,0.947291113619028,0.00036590374491263233,0.0005377468407372632,0.0005172198783088032,1
2026-05-20 11:00:00+00:00,1.33965,1.34076,1.33939,1.33993,2467,1.338908,1.339034,1.339334,1.340187,1.3391655290135327,1.3393699198167743,-0.0002043908032416386,-0.00023503037695190985,3.063957371027124e-05,51.592356687899674,1.339334,1.3406986730859765,1.3379693269140236,0.002037838337526608,0.0014807142857142797,0.9210275145148497,0.0009487099039338087,0.0009860975190683074,0.0005090899885654414,1
2026-05-20 12:00:00+00:00,1.33992,1.3406,1.33959,1.33975,2804,1.339146,1.339108,1.3393255,1.3402874,1.3392554476365848,1.3393980913276884,-0.00014264369110361663,-0.00021655303977306196,7.390934866944533e-05,50.0,1.3393255,1.3406768576019803,1.3379741423980196,0.0020179674052056085,0.0015214285714285625,0.8895431723749643,0.0008890150609610625,0.000552647104950621,0.0005085966378251854,1
2026-05-20 13:00:00+00:00,1.33972,1.34063,1.33907,1.33926,3643,1.339364,1.339039,1.3392475,1.3403207999999998,1.3392561480002514,1.3393878564793793,-0.00013170847912791217,-0.00019958412763728078,6.787564850936861e-05,47.84546805349095,1.3392475,1.3404012923739195,1.3380937076260804,0.0017230457759593338,0.001571428571428557,0.7776031316166025,0.0008145452371521866,-0.0005149445874846892,0.00046823648532655837,1
2026-05-20 14:00:00+00:00,1.33928,1.34406,1.33827,1.34321,9011,1.340358,1.339457,1.3394245,1.3403949999999998,1.3398644329705112,1.3396711284235818,0.0001933045469293404,-0.00012100639269894629,0.0003143109396282867,71.34328358208994,1.3394245,1.3415380998227042,1.3373109001772958,0.0031559820246743345,0.001877142857142847,0.9999999999974002,0.00371383309421347,0.003121662696130789,0.0010139306671787269,1
2026-05-20 15:00:00+00:00,1.34324,1.34632,1.3421,1.3441,8633,1.34125,1.339952,1.3396294999999998,1.3404948,1.3405160587101592,1.3399993541312694,0.0005167045788898594,6.53580165129084e-06,0.0005101687772385686,75.82314205079872,1.3396294999999998,1.3425998196709066,1.336659180329093,0.004434539058608032,0.0020771428571428408,0.9999999999976714,0.0033292526350363616,0.003696374565955951,0.0010161425291427151,0
2026-05-20 16:00:00+00:00,1.3441100000000001,1.34538,1.34348,1.34416,4425,1.3420960000000002,1.3405019999999999,1.339869,1.3405911999999998,1.3410766650936021,1.3403076902895557,0.0007689748040464739,0.0001590236021613897,0.0006099512018850842,75.02429543245778,1.339869,1.343459020671397,1.336278979328603,0.005358763687191838,0.002118571428571398,0.9813980991485077,0.0031568813296216636,0.004108586198138475,0.0009911150676414687,0
2026-05-20 17:00:00+00:00,1.34416,1.34464,1.3435000000000001,1.34353,3753,1.342852,1.340999,1.340059,1.340626,1.3414541012507992,1.3405464804095366,0.000907620841262613,0.00030874305000603305,0.0005988777912565799,67.93587174348558,1.340059,1.3440028367639971,1.3361151632360027,0.005886064365818569,0.0020857142857142463,0.8163374334189982,0.0028214219070721303,0.0037129452546018626,0.0010199593621558433,1
2026-05-20 18:00:00+00:00,1.34356,1.34491,1.34322,1.34423,2996,1.343846,1.341605,1.340283,1.340652,1.3418811626138252,1.3408194400963223,0.0010617225175029166,0.0004593389435250429,0.0006023835739778736,76.63934426229378,1.340283,1.344640184508614,1.3359258154913858,0.006501887300837375,0.0020842857142856657,0.9999999999977148,0.003711004584621369,0.004528572602882974,0.0009933340677752275,0
2026-05-20 19:00:00+00:00,1.3442,1.3451,1.34368,1.34372,2388,1.343948,1.342153,1.3404915,1.3406828,1.3421640606827627,1.3410343739490926,0.0011296867336700878,0.0005934085015680348,0.0005362782321020529,72.51231527093456,1.3404915,1.345093221760156,1.3358897782398438,0.006865723147302558,0.002111428571428526,0.9056906645500176,0.00037968746510230744,0.004094930655188955,0.0010216314427526857,0
2026-05-20 20:00:00+00:00,1.34371,1.34406,1.3433,1.34333,1726,1.3437940000000002,1.342522,1.3407120000000001,1.3407452,1.3423434359674484,1.3412044771616474,0.0011389588058010602,0.0007025185624237437,0.0004364402433773165,73.23383084576962,1.3407120000000001,1.345418106223777,1.3360058937762231,0.007020308945958542,0.0019449999999999587,0.9221784707952184,-0.0005728740421100387,0.0027544713505121,0.0010164490635830494,1
2026-05-20 21:00:00+00:00,1.34331,1.34353,1.3431,1.34353,1156,1.3436679999999999,1.342882,1.340958,1.3407568,1.3425259842845496,1.341376791424873,0.0011491928596765177,0.0007918534218802617,0.0003573394377962561,74.48275862068795,1.340958,1.3457155473557394,1.3362004526442608,0.007095744021422446,0.0018642857142856675,0.9491490685655443,-0.0004686942030711627,0.0026867075145715624,0.001017110220241016,0
2026-05-20 22:00:00+00:00,1.34363,1.34386,1.34328,1.34359,767,1.34368,1.343266,1.3411870000000001,1.3407628,1.342689679013343,1.3415407797788517,0.0011488992344912408,0.0008632625844062705,0.00028563665008497026,77.59674134419309,1.3411870000000001,1.3459904334211659,1.3363835665788344,0.007162958515353543,0.0017785714285713913,0.9999999999976941,4.465847431789349e-05,0.002866206381787695,0.0010107825448324337,0
2026-05-20 23:00:00+00:00,1.3436,1.34384,1.3431899999999999,1.34336,788,1.343506,1.3436759999999999,1.3413575,1.3407726,1.3427928053207627,1.3416755725862903,0.0011172327344723954,0.0009140566144216654,0.00020317612005073,75.65130260520905,1.3413575,1.3462178005105265,1.3364971994894734,0.007246838386524919,0.001737142857142834,0.9346098998833275,-0.0006472106707928749,0.0030613921120621335,0.0009986280591171275,0
2026-05-21 00:00:00+00:00,1.34338,1.34395,1.34281,1.34367,2179,1.343496,1.343722,1.3415895,1.3407782,1.3429277583503088,1.3418233442434928,0.001104414106815943,0.000952128112901822,0.00015228599391412098,72.66591676040296,1.3415895,1.3464249152926735,1.3367540847073265,0.0072084870859133975,0.0016899999999999693,0.8342650905830463,-3.721013306345888e-05,0.000342463203817589,0.0003734648439413441,0
2026-05-21 01:00:00+00:00,1.34367,1.34455,1.34308,1.34341,2705,1.343512,1.343653,1.3418025,1.3407844,1.343001949374255,1.341940901033187,0.001061048341068016,0.0009739121585356566,8.713618253235948e-05,69.63882618509999,1.3418025,1.346560132648812,1.337044867351188,0.00709140525347345,0.0016971428571428257,0.7325185015979346,5.955349765152107e-05,-0.0005133546611115758,0.00030534920803367493,0
2026-05-21 02:00:00+00:00,1.34341,1.3437000000000001,1.34189,1.34254,2207,1.343314,1.343491,1.3419965,1.3407966,1.342930880239011,1.3419852880808063,0.0009455921582046667,0.0009682481584693347,-2.2656000264667975e-05,64.6073298429317,1.3419965,1.346525528128579,1.337467471871421,0.006749686945650047,0.0017542857142856924,0.563399812357706,-0.0007368648262411348,-0.0012052136650398948,0.00035552646074908087,1
2026-05-21 03:00:00+00:00,1.34253,1.34314,1.3425,1.34265,1445,1.343126,1.343403,1.342201,1.3408162000000001,1.3428876678941655,1.3420345356024328,0.0008531322917326722,0.0009452249851215991,-9.20926933889269e-05,68.48418756815681,1.342201,1.3464365284266093,1.3379654715733906,0.006311317644092572,0.0016885714285714043,0.2984629230368739,-0.0006996181870958518,-0.0006549909566589962,0.00033781088657187263,1
2026-05-21 04:00:00+00:00,1.34262,1.3433,1.34254,1.3431,1345,1.343074,1.34329,1.3424475,1.3408471999999998,1.342920334372231,1.3421134731414073,0.00080686123082363,0.0009175522342616179,-0.00011069100343798785,49.02998236331523,1.3424475,1.3462466016943737,1.3386483983056263,0.005659963155912908,0.0013292857142856837,0.0,-0.00019354454502151786,-0.0008406299517196292,0.00030552870957276513,1
2026-05-21 05:00:00+00:00,1.34311,1.34335,1.34259,1.34327,1985,1.342994,1.343245,1.342699,1.3408864,1.342974129084536,1.342199156119814,0.0007749729647219539,0.0008890363803533657,-0.00011406341563141185,41.61616161616053,1.342699,1.3459520465073418,1.3394459534926584,0.0048455335221694595,0.001082142857142841,0.0,-0.00029769214167163494,-0.00033489119757101893,0.0002928144877869129,0
2026-05-21 06:00:00+00:00,1.34322,1.34398,1.34272,1.3434,2904,1.342992,1.3432520000000001,1.342887,1.3409422,1.3430396476872664,1.342288121287647,0.0007515263996193955,0.0008615343842063252,-0.00011000798458692975,42.43027888446125,1.342887,1.3458139355269507,1.3399600644730492,0.004359168756493704,0.0010364285714285573,0.02262657451470067,-7.443743905488631e-06,5.210931044485889e-05,0.00028041791770351543,0
2026-05-21 07:00:00+00:00,1.3434,1.34394,1.34154,1.34293,3582,1.34307,1.3431919999999997,1.343037,1.3409673999999998,1.3430227788122255,1.3423356746736765,0.0006871041385489995,0.0008266483350746101,-0.00013954419652561058,43.82716049382767,1.343037,1.3456122269189703,1.3404617730810298,0.0038349307114700112,0.00112642857142856,0.061449784699783405,0.0002904941379771042,-0.00044658474317649244,0.00029595441499483425,0
2026-05-21 08:00:00+00:00,1.34295,1.34547,1.3427,1.34354,4687,1.343248,1.343187,1.3432265,1.3410393999999999,1.3431023513029579,1.342424895796027,0.0006774555069308796,0.0007968097694456931,-0.0001193542625148135,42.76729559748302,1.3432265,1.3452902959405397,1.3411627040594605,0.0030728934257024045,0.001203571428571415,0.03199320272270202,0.0006628682083937854,-3.7213733356189493e-05,0.00033539597324378715,0
2026-05-21 09:00:00+00:00,1.34351,1.34463,1.34322,1.3442,3208,1.3434679999999999,1.343271,1.3434735,1.3411204,1.3432712203338206,1.3425564011534452,0.0007148191803754145,0.0007804116516315621,-6.559247125614766e-05,54.878048780488356,1.3434735,1.3444167145483323,1.3425302854516676,0.0014041431384130012,0.0012028571428571247,0.3685845882566088,0.0008190008190009923,0.000625297760838528,0.0003629217277605545,0
2026-05-21 10:00:00+00:00,1.3442,1.34457,1.34149,1.34244,4571,1.343302,1.343148,1.343435,1.3411841999999998,1.3431433402821122,1.342547777864781,0.0005955624173312746,0.000743441804771369,-0.0001478793874400944,42.92527821939682,1.343435,1.3444807835138641,1.3423892164861357,0.001556879959006868,0.0013685714285714015,0.03638397749919288,-0.000617895136495239,-0.0009154033356403302,0.0005579767657336507,0
2026-05-21 11:00:00+00:00,1.34243,1.3439,1.3418700000000001,1.34216,3275,1.343054,1.343023,1.343338,1.3412128,1.3429920571614355,1.3425190505525066,0.00047300660892890534,0.0006893547656027175,-0.00021634815667381216,39.246467817897,1.343338,1.3444795704787138,1.342196429521286,0.0016996027488448665,0.0014828571428571191,0.0,-0.0009230311150810744,-0.0009304679881793065,0.0005583034283970843,0
2026-05-21 12:00:00+00:00,1.34213,1.34294,1.34113,1.34137,4247,1.3427419999999999,1.342906,1.3431985,1.3412264000000003,1.3427425099053392,1.3424339273944914,0.0003085825108477547,0.000613200314651546,-0.0003046178038037913,34.36619718309707,1.3431985,1.3445748609532608,1.341822139046739,0.0020493783357573435,0.0015707142857142667,0.0,-0.0011616391025592865,-0.0008714824139318678,0.0005520673439284887,1
2026-05-21 13:00:00+00:00,1.3413300000000001,1.34204,1.3392,1.34061,5383,1.342156,1.3427019999999998,1.3430525000000002,1.3412328,1.3424144314578177,1.3422988094593535,0.00011562199846415488,0.0005136846514138808,-0.0003980626529497259,31.979030144166572,1.3430525000000002,1.344839139008683,1.3412658609913175,0.0026605646595091403,0.0017271428571428318,0.0,-0.002180805930601104,-0.0015193833091273756,0.0005678763275295632,1
2026-05-21 14:00:00+00:00,1.34063,1.3413,1.33958,1.34113,5164,1.341542,1.3425049999999998,1.3428975,1.3412419999999998,1.3422168266178751,1.342212223740724,4.60287715120522e-06,0.00041186829656119256,-0.00040726541940998734,33.80102040816257,1.3428975,1.344788830637125,1.3410061693628752,0.0028167907634422985,0.0017685714285714052,0.04838024778495329,-0.0022838863264396103,-0.0014667560122105794,0.0005731214399706414,1
2026-05-21 15:00:00+00:00,1.34112,1.34122,1.33951,1.34049,4446,1.3411520000000001,1.3422269999999998,1.342736,1.3412483999999998,1.3419511609840393,1.342084641733816,-0.0001334807497765933,0.0003027984872935042,-0.0004362792370700975,32.23844282238352,1.342736,1.3448679267292587,1.3406040732707412,0.0031754964926221847,0.0017857142857142794,0.007106192563513147,-0.001452578886207312,-0.002069576481273261,0.000572946366140239,1
2026-05-21 16:00:00+00:00,1.34052,1.3410199999999999,1.34006,1.34079,2996,1.340878,1.341966,1.342609,1.3412796,1.3417725208324685,1.3419887354706732,-0.00021621463820475917,0.0001989958621937517,-0.0004152105003985109,38.56209150326663,1.342609,1.3448893868554497,1.3403286131445502,0.0033969485612709797,0.0017249999999999766,0.1803323646196854,-0.0010207426834357713,-0.001942831621259522,0.0005817694471416666,1
2026-05-21 17:00:00+00:00,1.3408,1.3449,1.3405,1.3443,5926,1.341464,1.3421030000000003,1.3426475,1.341369,1.3421613637816514,1.342159951615776,1.4121658753474264e-06,0.00015947912293004046,-0.00015806695705469304,57.466063348416974,1.3426475,1.3450175932693134,1.3402774067306866,0.0035304773133877166,0.001993571428571404,0.9999999999960765,0.00218433392725359,0.0010201574169912409,0.0010566937176174542,0
2026-05-21 18:00:00+00:00,1.34427,1.34481,1.34204,1.3426,4553,1.3418619999999999,1.342009,1.342598,1.3414226,1.3422288462768306,1.342192549795935,3.629648089553683e-05,0.00013484259452312456,-9.854611362758773e-05,47.96747967479696,1.342598,1.3449261942404007,1.3402698057595992,0.003468192624152219,0.0021371428571428535,0.6273170126329694,0.0014843988930410834,-0.0006996442234693534,0.0011303451552960614,1
2026-05-21 19:00:00+00:00,1.34261,1.34408,1.3424800000000001,1.34356,3014,1.3423479999999999,1.341945,1.342608,1.3414774,1.3424336391574432,1.3422938481684605,0.00013979098898264652,0.00013583227341502945,3.958715567617074e-06,51.10771581359864,1.342608,1.3449516417904808,1.3402643582095193,0.0034911780511969895,0.002197142857142834,0.7505261799622475,0.0018119048861782172,-0.000476119625055782,0.001144801448448286,0
2026-05-21 20:00:00+00:00,1.34358,1.3440400000000001,1.34275,1.3429,1405,1.34283,1.341991,1.3425695,1.341542,1.3425053869794121,1.3423387506702125,0.00016663630919966366,0.00014199308057195873,2.464322862770493e-05,48.164464023495086,1.3425695,1.3448644782707337,1.3402745217292662,0.003418785054678766,0.0021992857142856892,0.6350458191644609,0.0017978500399107311,0.00034265963469493066,0.0010714541864264165,0
2026-05-21 21:00:00+00:00,1.34289,1.34299,1.34254,1.34294,948,1.34326,1.342069,1.342546,1.3416008,1.3425722505210702,1.3423832898306933,0.00018896069037688257,0.00015138660253294643,3.7574087843936135e-05,50.03790750568638,1.342546,1.3448142095883813,1.3402777904116188,0.003378967407271339,0.002059999999999967,0.7085515688203884,0.0016035322459146961,0.0005811527686714335,0.0010680849757064913,0
2026-05-21 22:00:00+00:00,1.34306,1.3434,1.34286,1.34323,532,1.343046,1.3422550000000002,1.3425805,1.341678,1.3426734427486353,1.3424460119360537,0.00022743081258158604,0.0001665954445426782,6.083536803890783e-05,48.79564879564869,1.3425805,1.344869222695944,1.340291777304056,0.0034094383106920523,0.0019007142857142556,0.6598107561852933,-0.0007959532842372052,0.00138664201525307,0.0010439446552746676,0
2026-05-21 23:00:00+00:00,1.34323,1.34337,1.34305,1.34318,700,1.343162,1.342512,1.342607,1.3417469999999998,1.3427513746334852,1.3425003836966436,0.00025099093684155527,0.000183474543002457,6.751639383909826e-05,45.84013050570952,1.342607,1.3449113309338319,1.3403026690661684,0.0034326216589541914,0.0018228571428571102,0.5438491114445201,0.00043199761656498303,0.0019170377663899618,0.001017267292829513,0
2026-05-22 00:00:00+00:00,1.34318,1.34324,1.34244,1.34252,2101,1.342954,1.342651,1.342578,1.3418024,1.3427157785360164,1.3425018368124328,0.00021394172358357721,0.00018956797911868204,2.4373744464895172e-05,50.35842293906746,1.342578,1.3448707767582433,1.3402852232417568,0.0034154838798836898,0.0016599999999999632,0.7211271962310504,-0.0007740629372712249,0.0010364394204886995,0.0010362763814666005,0
2026-05-22 01:00:00+00:00,1.3425,1.34307,1.34233,1.34249,1959,1.3428719999999998,1.342851,1.342539,1.3418611999999999,1.3426810433766214,1.3425009599800666,0.00018008339655484207,0.00018767106260591382,-7.587666051071752e-06,51.51237396883567,1.342539,1.3448086338679883,1.3402693661320115,0.00338110679539052,0.001567857142857105,0.7664032007199227,-0.0003053094050190497,0.0014919917343658717,0.0010177434772797454,0
2026-05-22 02:00:00+00:00,1.34249,1.34304,1.34241,1.34268,1502,1.3428200000000001,1.3430399999999998,1.342503,1.3419363999999998,1.3426808828571413,1.3425142226441658,0.00016666021297551126,0.00018346889267983286,-1.68086797043216e-05,56.353055286130655,1.342503,1.344737703324236,1.340268296675764,0.0033291595240174977,0.0014835714285713778,0.9563304189443149,-0.00019360507543142447,0.001409616718501816,0.0010174091890744967,0
2026-05-22 03:00:00+00:00,1.34269,1.3428,1.34227,1.34259,1261,1.342692,1.3428689999999999,1.3424859999999998,1.342016,1.3426669008791172,1.3425198359542236,0.0001470649248935807,0.00017618809912258183,-2.912317422900114e-05,60.26970954356746,1.3424859999999998,1.3447121829498714,1.3402598170501283,0.0033165082538984185,0.0013185714285713754,0.9999999999964326,-0.0004764634500420417,-0.001272037491631406,0.000527624236334672,0
2026-05-22 04:00:00+00:00,1.34259,1.34318,1.3425099999999999,1.34301,982,1.342658,1.34291,1.3424595,1.342096,1.3427196853592602,1.3425561454357464,0.0001635399235138113,0.00017365846400082757,-1.0118540487016268e-05,59.85324947589096,1.3424595,1.3446451033732691,1.3402738966267307,0.003256118152196367,0.0012435714285713914,0.9851430164780859,-0.00012656531514765312,0.0003053776255028673,0.00035846181931807147,0
2026-05-22 05:00:00+00:00,1.343,1.34323,1.34193,1.34223,1500,1.3426,1.342777,1.342361,1.3421416,1.3426443491501345,1.342531985877734,0.00011236327240049526,0.00016139942568076045,-4.9036153280265185e-05,58.98760330578497,1.342361,1.3443881514886358,1.340333848511364,0.0030202776877991224,0.0012142857142856598,0.9409374978177564,-0.00021601167952800537,-0.000989907410164026,0.00031514796863587837,1
2026-05-22 06:00:00+00:00,1.34226,1.3428,1.34164,1.34244,2817,1.34259,1.3427310000000001,1.342361,1.3422098,1.3426129108193416,1.3425251719427023,8.773887663937607e-05,0.00014666731587248294,-5.8928439233106865e-05,58.602711157455886,1.342361,1.3443881514886358,1.340333848511364,0.0030202776877991224,0.0012285714285713884,0.8844735260934207,-3.724422528272875e-05,-0.0003425422592895355,0.000291225967907141,0
2026-05-22 07:00:00+00:00,1.34241,1.3425799999999999,1.3412899999999999,1.34246,2474,1.342546,1.3426829999999998,1.3423760000000002,1.342276,1.3425893860779026,1.3425203442822884,6.904179561417756e-05,0.00013114221182082135,-6.21004162066438e-05,34.9180327868858,1.3423760000000002,1.3444013280436005,1.3403506719564,0.003017527195957358,0.001006428571428535,0.0,-0.00016385140167429757,-0.0003574247546428433,0.000290900263938923,1
2026-05-22 08:00:00+00:00,1.3424800000000001,1.34385,1.34229,1.3425799999999999,3066,1.3425440000000002,1.342618,1.3424365,1.3423544,1.3425879420659177,1.3425247633168111,6.317874910655163e-05,0.00011754951927796706,-5.437077017141542e-05,49.77876106194547,1.3424365,1.3444068408735237,1.3404661591264764,0.002935469757450214,0.0009199999999999526,0.5861832500323424,-7.4482902450156985e-06,-0.00048390819144894515,0.00028133111022293826,1
2026-05-22 09:00:00+00:00,1.3425799999999999,1.34281,1.34164,1.34269,2429,1.34248,1.3425690000000001,1.3425405,1.3424369999999999,1.3426036432865467,1.3425370033082762,6.663997827049961e-05,0.00010736761107647336,-4.072763280597375e-05,38.14713896457655,1.3425405,1.344314730448446,1.3407662695515539,0.0026430941166334216,0.0008892857142856877,0.12737248934932674,-0.0002382707500316883,-0.00036480590836673876,0.0002843624921640909,1
2026-05-22 10:00:00+00:00,1.34271,1.3431899999999999,1.34203,1.3423,2001,1.3424939999999999,1.3425470000000002,1.3425989999999999,1.3425196,1.342556928934768,1.3425194471927033,3.748174206474886e-05,9.339043727412823e-05,-5.590869520937937e-05,41.17647058823645,1.3425989999999999,1.3442503076158268,1.340947692384173,0.0024598671916586864,0.0008799999999999601,0.24686484690510632,5.2152015675321906e-05,-0.00016387092929703861,0.00025414135814419815,1
2026-05-22 11:00:00+00:00,1.3423,1.34254,1.34185,1.34208,2248,1.342422,1.342506,1.3426785,1.3425964,1.342483555252493,1.342486895008066,-3.33975557298416e-06,7.404439870470548e-05,-7.738415427768964e-05,37.988826815641765,1.3426785,1.3440277652971477,1.3413292347028525,0.0020098114286445016,0.0008971428571428344,0.12112784721170426,-0.00026816840976140455,-0.000305402647319597,0.0002584179567043463,1
2026-05-22 12:00:00+00:00,1.34207,1.34371,1.34164,1.34364,3836,1.3426580000000001,1.342602,1.342821,1.3426764,1.342661469829039,1.3425723115064288,8.91583226101389e-05,7.706718348579219e-05,1.2091139124346703e-05,54.226804123711354,1.342821,1.3439067333199668,1.3417352666800333,0.001617093149372482,0.001006428571428551,0.7616368543220872,0.0008789833589082363,0.0007149879345784704,0.00045828082752890926,1
2026-05-22 13:00:00+00:00,1.34366,1.34628,1.3433,1.34378,4802,1.3428980000000001,1.3427209999999998,1.3427950000000002,1.3427534,1.3428335513938074,1.3426617711873992,0.00017178020640828962,9.600978807029184e-05,7.577041833799778e-05,56.07287449392598,1.3427950000000002,1.3437484535563895,1.3418415464436109,0.001420102929172832,0.0011964285714285586,0.8344553265645906,0.000893801486689938,0.0008863465391519831,0.00045571852178196825,1
2026-05-22 14:00:00+00:00,1.34376,1.34378,1.34175,1.3433899999999999,4706,1.343038,1.342759,1.3428345,1.3428262000000002,1.3429191588716856,1.3427157147737372,0.0002034440979483687,0.00011749665004590736,8.594744790246135e-05,59.314775160597996,1.3428345,1.3438188934814372,1.3418501065185626,0.0014661426727378643,0.0012842857142857061,0.962332496101505,0.0005213414861211518,0.0002829465156624078,0.00046261210835513064,1
2026-05-22 15:00:00+00:00,1.3433899999999999,1.3443100000000001,1.34288,1.34366,3487,1.34331,1.342902,1.3428395,1.3429142,1.3430331344298903,1.342785662681583,0.0002474717483071931,0.00014349166969816464,0.00010398007860902846,61.914460285132016,1.3428395,1.343840288636385,1.341838711363615,0.0014905558503231027,0.001333571428571426,0.9999999999962959,0.0010131863219846604,0.001065391177369035,0.00041145705558330494,0
2026-05-22 16:00:00+00:00,1.34366,1.34464,1.34332,1.34439,2785,1.343772,1.3430969999999998,1.342914,1.3429378,1.343241882979142,1.3429045038264886,0.0003373791526533054,0.00018226916628919296,0.00015510998636411247,65.68807339449316,1.342914,1.3441320121855673,1.3416959878144326,0.0018139838970587623,0.001382857142857146,0.9999999999967502,0.0017212088698139727,0.0014525788862072009,0.0004342234569833848,1
2026-05-22 17:00:00+00:00,1.34442,1.34532,1.3442,1.34488,3247,1.34402,1.3433389999999998,1.3430110000000002,1.3429533999999999,1.343493900982355,1.3430508384081972,0.00044306257415782646,0.00023442784786291984,0.00020863472629490662,69.57264957264945,1.3430110000000002,1.3445135017733527,1.3415084982266476,0.0022375122368357933,0.0014250000000000096,0.9999999999971143,0.0009228662439344504,0.0018026607869137123,0.00043662852105562795,1
2026-05-22 18:00:00+00:00,1.34488,1.34513,1.3443399999999999,1.34477,2143,1.3442180000000001,1.343558,1.343088,1.3429656,1.343690223908149,1.3431781849456024,0.0005120389625465904,0.0002899500707996541,0.00022208889174693634,65.88447653429496,1.343088,1.3447832391540586,1.3413927608459415,0.0025243902917136607,0.001433571428571431,0.8935734000106162,0.000736727738171572,0.0016311877132089148,0.0004438799583625579,1
2026-05-22 19:00:00+00:00,1.34474,1.3448,1.34379,1.3439999999999999,2023,1.34434,1.343689,1.3431289999999998,1.342975,1.3437378817684345,1.3432390606811497,0.0004988210872847176,0.0003317242740966669,0.00016709681318805074,66.00361663652508,1.3431289999999998,1.3448725825188326,1.341385417481167,0.0025962994155182056,0.001412857142857152,0.8970113287277712,0.0004540751382695607,0.0009756533525981936,0.0005016703803569073,1
2026-05-22 20:00:00+00:00,1.3439999999999999,1.34418,1.34289,1.34313,1658,1.3442340000000002,1.343772,1.3431595,1.342953,1.3436443614963667,1.343230982045044,0.0004133794513225819,0.00034805530954184994,6.532414178073197e-05,55.57350565427963,1.3431595,1.3448794078922646,1.3414395921077356,0.0025609883148866607,0.0014221428571428638,0.5960381266088514,-0.000394445023294665,0.0006183416523874996,0.0005433093264640076,1
2026-05-24 21:00:00+00:00,1.34421,1.34504,1.34412,1.34504,303,1.344364,1.344068,1.343287,1.3429794000000002,1.3438590751123118,1.3433649844060866,0.000494090706225192,0.0003772623888785184,0.0001168283173466736,65.96534653465258,1.343287,1.3451684227539087,1.341405577246091,0.002801222306042998,0.0014664285714285827,0.8857863702618115,0.0004834906537538597,0.002205531711969577,0.0006834561890934771,1
2026-05-24 22:00:00+00:00,1.34504,1.34856,1.34504,1.34837,1297,1.345062,1.344541,1.3435715,1.3430802,1.3445530635565763,1.343735728943224,0.0008173346133524273,0.0004652768337733003,0.000352057779579127,75.6421612046051,1.3435715,1.346497372069725,1.3406456279302748,0.004355364890852725,0.00160642857142858,0.9999999999973441,0.002595027065611877,0.0035202881724272217,0.0009562936089853424,0
2026-05-24 23:00:00+00:00,1.3483800000000001,1.34881,1.34801,1.3480699999999999,1199,1.3457219999999999,1.34497,1.3438455,1.343171,1.3450941307017215,1.344056788176429,0.0010373425252925284,0.0005796899720771459,0.0004576525532153825,73.43205574912699,1.3438455,1.3473529385615621,1.340338061438438,0.005220002688645539,0.00158000000000001,0.9413038581725167,0.002453951233296392,0.003192486865409405,0.0009711597280469605,1
2026-05-25 00:00:00+00:00,1.34805,1.34881,1.34763,1.3479,2198,1.3465019999999999,1.345421,1.34409,1.3432571999999998,1.3455258029014585,1.3443414722725615,0.0011843306288970012,0.000700618103441117,0.0004837125254558843,74.8667850799276,1.34409,1.3480097314623347,1.3401702685376653,0.0058325431516263165,0.0015814285714285908,0.9794075043456782,0.0029017857142858983,0.003357178481304901,0.000961050350966609,1
2026-05-25 01:00:00+00:00,1.34789,1.3490199999999999,1.34769,1.3479999999999999,2249,1.347476,1.3458549999999998,1.3443785,1.34335,1.345906448608928,1.3446124758591043,0.0012939727498237907,0.0008192890327176518,0.00047468371710613895,76.57091561938836,1.3443785,1.3485622846125467,1.3401947153874532,0.006224117110689824,0.0016271428571428587,0.9999999999955246,0.003625859000990106,0.003229983775657308,0.0009638564410195074,1
2026-05-25 02:00:00+00:00,1.34799,1.34836,1.34752,1.34768,1254,1.348004,1.346184,1.3446405000000001,1.3434302,1.346179302669094,1.3448397010594209,0.0013396016096731689,0.0009233515481087553,0.00041625006156441357,70.40404040404013,1.3446405000000001,1.3489670032678003,1.3403139967322,0.006435182143926428,0.0015392857142857114,0.7063030523447266,0.001962766906560276,0.0024472065397689313,0.0009755711565198639,1
2026-05-25 03:00:00+00:00,1.34768,1.34794,1.34738,1.34748,1463,1.347826,1.346444,1.3448915,1.3435116,1.3463794099507722,1.3450352797070197,0.0013441302437524616,0.0010075072872374967,0.00033662295651496485,68.57429718875485,1.3448915,1.3492675509715073,1.3405154490284925,0.006507663958776444,0.001366428571428562,0.6191616754645762,-0.0006600562160238299,0.0019332579858426513,0.0009820451739361129,1
2026-05-25 04:00:00+00:00,1.34747,1.34853,1.34741,1.34826,1050,1.347864,1.3467930000000001,1.3451755,1.3436260000000002,1.346668731496808,1.3452741489492765,0.0013945825475314422,0.0010849223392962858,0.00030966020823515635,73.52657004830972,1.3451755,1.3496559204454925,1.3406950795545076,0.006661466025053922,0.0013014285714285645,0.8550132813417032,0.00014094223593730248,0.0025952393346073688,0.0009836814947538472,1
2026-05-25 05:00:00+00:00,1.34825,1.34887,1.34809,1.3482,1330,1.3479240000000001,1.347213,1.345451,1.343737,1.3469043112665304,1.345490879557677,0.001413431708853441,0.001150624213207717,0.000262807495645724,72.38658777120351,1.345451,1.349965402216062,1.3409365977839378,0.006710615572119894,0.0012549999999999903,0.8007217149535113,0.00022256843979517882,0.0031250000000000444,0.0009475498530918973,1
2026-05-25 06:00:00+00:00,1.34819,1.34873,1.3477999999999999,1.3486099999999999,2050,1.3480459999999999,1.347761,1.3457665,1.3438472000000001,1.3471667249178338,1.3457219264056746,0.0014447985121592843,0.0012094590729980305,0.0002353394391612538,71.48676171079435,1.3457665,1.3502354302852808,1.3412975697147194,0.0066414646007026115,0.0012271428571428553,0.7578675695184265,0.0004525222551929886,0.004080022038075226,0.0008862539360749271,1
2026-05-25 07:00:00+00:00,1.34863,1.34866,1.34706,1.34843,2774,1.3481960000000002,1.3481,1.3460839999999998,1.3439504,1.3473610749304752,1.3459225251646165,0.0014385497658586655,0.0012552772115701576,0.00018327255428850784,68.66456361724576,1.3460839999999998,1.3503477191573308,1.341820280842669,0.006334997158172782,0.001261428571428572,0.623460607029968,0.0005565119316157663,0.0025203711413785967,0.0008226461514369339,1
2026-05-25 08:00:00+00:00,1.34846,1.34937,1.34783,1.34933,1901,1.348566,1.3481960000000002,1.3463685,1.3440690000000002,1.3476639864796331,1.3461749315409004,0.0014890549387327479,0.0013020327570026759,0.00018702218173007198,72.13592233009807,1.3463685,1.3507043057588994,1.3420326942411007,0.006440741533836179,0.0013149999999999868,0.7887837930135779,0.0013729331789711363,0.0007119707498681738,0.0003318955320405444,1
2026-05-25 09:00:00+00:00,1.34935,1.34957,1.34909,1.34923,1187,1.34876,1.348312,1.346641,1.344195,1.347904911636613,1.346401233599704,0.0015036780369090952,0.00134236181298396,0.00016131622392513527,77.15472481827899,1.346641,1.35097687191498,1.34230512808502,0.006439536468858399,0.0012771428571428497,0.9999999999953664,0.0007194458042216745,0.0008604894404593555,0.00032042402229553855,1
2026-05-25 10:00:00+00:00,1.34923,1.34947,1.3489,1.34909,1120,1.348938,1.348431,1.346926,1.344306,1.348087232923288,1.3466004020446856,0.001486830878602463,0.0013712556261076608,0.00011557525249480233,83.48314606741839,1.346926,1.3511087485297482,1.342743251470252,0.006210806725459443,0.0012257142857142744,0.9999999999942916,0.0006601394451859477,0.0008828548111876611,0.0003188542351715865,1
2026-05-25 11:00:00+00:00,1.34911,1.35058,1.34872,1.34977,1758,1.34917,1.348608,1.3472315,1.3444173999999998,1.3483461201658593,1.346835187693454,0.001510932472405413,0.0013991909953672114,0.00011174147703820153,80.83441981747333,1.3472315,1.3513008476782238,1.343162152321776,0.00604105185816078,0.0012221428571428383,0.8223386479007138,0.0008601448899236974,0.0013130563798220418,0.0003446707906035908,1
2026-05-25 12:00:00+00:00,1.34981,1.35066,1.34967,1.35004,2055,1.3494920000000001,1.348844,1.3475139999999999,1.3445694000000001,1.3486067170634195,1.3470725817734521,0.0015341352899673755,0.0014261798542872443,0.00010795543568013115,68.11279826464381,1.3475139999999999,1.351536972977649,1.3434910270223508,0.0059709553706293024,0.0010414285714285582,0.0,0.00119398114844671,0.0017511575448176941,0.0003195234023831915,1
2026-05-25 13:00:00+00:00,1.35004,1.35037,1.34936,1.34936,1798,1.349498,1.349032,1.3477379999999999,1.3447134,1.3487226067459703,1.347242020541142,0.0014805862048283824,0.0014370611243954721,4.352508043291032e-05,62.92585170340969,1.3477379999999999,1.35164054222135,1.3438354577786498,0.005791247588700644,0.0010564285714285613,0.0,2.2233256504966548e-05,0.001395196960251699,0.0003745040929200344,1
2026-05-25 14:00:00+00:00,1.3494,1.3501699999999999,1.34924,1.35001,1903,1.349654,1.3492069999999998,1.3479999999999999,1.3448862,1.3489206672465905,1.347447056482988,0.0014736107636026397,0.0014443710522369058,2.923971136573381e-05,69.28702010969053,1.3479999999999999,1.3517647059016953,1.3442352940983044,0.00558561706483,0.0010385714285714126,0.3094360713823753,0.0005781075131741087,0.001297969234420604,0.000362921325126843,1
2026-05-25 15:00:00+00:00,1.35003,1.35053,1.34955,1.3501400000000001,2058,1.349864,1.3494009999999999,1.348307,1.3450768,1.3491082569009611,1.3476465341646335,0.0014617227363276086,0.0014478413890550465,1.3881347272562145e-05,69.4545454545491,1.348307,1.3516792215073568,1.344934778492643,0.005002156789747189,0.0010135714285714231,0.31758526367837414,0.000778302411255094,0.0014389556445630891,0.00035810791982449037,1
2026-05-25 16:00:00+00:00,1.35013,1.35049,1.3498700000000001,1.35035,1160,1.34998,1.349575,1.348668,1.3452612000000002,1.3492992943008133,1.347846791250207,0.0014525030506062908,0.0014487737213652956,3.729329240995203e-06,74.76808905380489,1.348668,1.3511296006773392,1.3462063993226607,0.0036504175636097964,0.0009978571428571298,0.576060114752783,0.000429702838261381,0.0012902173348856572,0.0003537765935917733,0
2026-05-25 17:00:00+00:00,1.35036,1.35072,1.35029,1.35053,535,1.350078,1.349785,1.3489425000000002,1.345462,1.3494886336391496,1.3480455477819995,0.0014430858571501393,0.0014476361485222646,-4.5502913721252956e-06,78.39851024208747,1.3489425000000002,1.3508663215805068,1.3470186784194935,0.0028523403784914995,0.000988571428571418,0.7526602608605798,0.0003629522088235415,0.001557366715365216,0.00034163498683979483,0
2026-05-25 18:00:00+00:00,1.35053,1.3507,1.35046,1.35068,492,1.350342,1.3499199999999998,1.3490579999999999,1.3456598,1.3496719207715882,1.34824069268902,0.0014312280825681256,0.0014443545353314369,-1.3126452763311241e-05,75.52742616033987,1.3490579999999999,1.3511101885621635,1.3470058114378363,0.0030424022720499846,0.0009257142857142757,0.6129977142775884,0.0009782415367287634,0.0010004965427288237,0.0002905099012603244,0
2026-05-25 19:00:00+00:00,1.35066,1.3509,1.35052,1.35077,482,1.3504939999999999,1.350074,1.349193,1.3457892,1.3498408560374977,1.3484280490512917,0.00141280698620605,0.0014380450255063596,-2.523803930030966e-05,76.93920335429887,1.349193,1.3513252002473206,1.3470607997526796,0.0031607045801757432,0.0008971428571428504,0.6816729576706996,0.0005629587928979163,0.0011413917567799636,0.000284481966310814,0
2026-05-25 20:00:00+00:00,1.35077,1.35083,1.35053,1.35065,512,1.350596,1.35023,1.3493305,1.3459501999999999,1.3499653397240365,1.3485926382261402,0.001372701497896367,0.0014249763199843612,-5.227482208799419e-05,72.76785714285741,1.3493305,1.3514662949339615,1.3471947050660384,0.0031657106008669386,0.000852142857142841,0.47875976600456865,0.00037773860488532485,0.0011563350110073145,0.0002832483799926924,0
2026-05-25 21:00:00+00:00,1.35062,1.35066,1.34973,1.35011,1118,1.350548,1.350264,1.349436,1.3460811999999998,1.3499875951511078,1.3487050355309544,0.001282559620153334,0.0013964929800181559,-0.00011393335986482184,67.35537190082482,1.349436,1.351502396813153,1.3473696031868472,0.0030626081016853026,0.000804285714285686,0.21547194484643362,-0.0001777316991891098,0.0002518947672567329,0.0002896637601749194,0
2026-05-25 22:00:00+00:00,1.35029,1.35053,1.35004,1.35031,606,1.3505040000000001,1.350291,1.3495675,1.3462294,1.3500371958970911,1.348823921921489,0.0012132739756021138,0.0013598491791349475,-0.00014657520353283373,61.83574879226957,1.3495675,1.3514933340639939,1.3476416659360062,0.0028540018398395418,0.0007292857142857022,0.0,-0.00016289901001842466,0.0001999940742496431,0.00028663281968514917,0
2026-05-25 23:00:00+00:00,1.35031,1.3504800000000001,1.34954,1.3495599999999999,919,1.35028,1.350311,1.3496715,1.3463618,1.3499637811436926,1.3488784462803212,0.0010853348633714788,0.001304946315982254,-0.00021961145261077523,53.44467640918498,1.3496715,1.3513285776432387,1.3480144223567612,0.0024555273534911967,0.0007621428571428541,0.0,-0.0008292119524981878,0.00014821841465573193,0.00029740146895599376,0
2026-05-26 00:00:00+00:00,1.34958,1.34969,1.34878,1.34942,2237,1.35001,1.350252,1.3497295,1.3464855999999998,1.3498801225062014,1.3489185614093073,0.000961561096894048,0.0012362692721646128,-0.0002747081752705648,53.44467640918745,1.3497295,1.3512544983606325,1.3482045016393676,0.002259709609417988,0.0007864285714285689,9.027790744793417e-14,-0.0009994299547665397,-0.00043703379974957546,0.00024896925374044606,0
2026-05-26 01:00:00+00:00,1.34942,1.34949,1.34824,1.34866,2145,1.349612,1.350104,1.3497525,1.3465952,1.349692411351401,1.34889940869524,0.0007930026561611125,0.0011476159489639127,-0.00035461329280280017,38.60369609856355,1.3497525,1.351191840126562,1.348313159873438,0.002132746746625021,0.0007428571428571404,0.0,-0.0014733646762669084,-0.001096182618098962,0.0002914875114989187,0
2026-05-26 02:00:00+00:00,1.34867,1.349,1.34828,1.3486799999999999,1481,1.349326,1.349937,1.349756,1.3467184,1.3495366557588777,1.3488831561858747,0.0006534995730029802,0.0010487926737717263,-0.0003952931007687461,35.2813852813852,1.349756,1.3511839377842612,1.3483280622157388,0.0021158458036285104,0.0007235714285714266,0.0,-0.0010591729562776653,-0.0012367164068575187,0.0002804518153096296,0
2026-05-26 03:00:00+00:00,1.3486799999999999,1.34921,1.34864,1.34887,1003,1.3490379999999997,1.349771,1.349778,1.346846,1.349434093334435,1.3488821816528427,0.0005519116815924097,0.000949416475335863,-0.00039750479374345336,44.06779661017122,1.349778,1.3511315388314904,1.3484244611685094,0.002005572518577833,0.0006921428571428396,0.2037800835926268,-0.0010664217846271251,-0.0012291470755925182,0.0002812327476909601,0
2026-05-26 04:00:00+00:00,1.34886,1.3489,1.34803,1.34808,1028,1.348742,1.3495110000000001,1.3497154999999998,1.346954,1.3492257712829834,1.3488227607475995,0.0004030105353838298,0.0008401352873454564,-0.00043712475196162664,27.400468384076248,1.3497154999999998,1.351258340510888,1.3481726594891117,0.002286171435221949,0.000687857142857129,0.0,-0.001096653724176666,-0.0019249563182990315,0.00030233099032509527,1
2026-05-26 05:00:00+00:00,1.3480699999999999,1.34816,1.34741,1.3475,1257,1.348358,1.349184,1.3496289999999997,1.3470522,1.348960268008678,1.3487247784057672,0.00023548960291086551,0.0007192061504585382,-0.0004837165475476727,22.033898305082985,1.3496289999999997,1.3514545369793818,1.3478034630206177,0.00270524266947737,0.0006714285714285609,0.0,-0.0014228335136577952,-0.002420841445990196,0.000295747301783554,1
2026-05-26 06:00:00+00:00,1.34751,1.34847,1.34735,1.34775,2390,1.348176,1.348894,1.349562,1.3471469999999999,1.3487740729304198,1.3486525725541045,0.00012150037631530886,0.0005996649956298924,-0.00047816461931458356,22.689075630254607,1.349562,1.3515609534103565,1.3475630465896433,0.0029623735854397318,0.0007071428571428585,0.011623912640482884,-0.0006747438197914901,-0.0021471143523488223,0.00032303461918169196,0
2026-05-26 07:00:00+00:00,1.34776,1.34781,1.34645,1.3474599999999999,3447,1.347932,1.3486289999999999,1.3494464999999998,1.3472516,1.3485719078642013,1.3485642337967443,7.674067457053013e-06,0.00048126680999532455,-0.00047359274253827154,18.48049281314279,1.3494464999999998,1.351651205732826,1.3472417942671735,0.003267570419170043,0.0007735714285714369,0.0,-0.0009045881899338859,-0.0019628030308641575,0.0003165003669092669,0
2026-05-26 08:00:00+00:00,1.3475,1.3480699999999999,1.3471199999999999,1.34747,2615,1.347652,1.348345,1.3493179999999998,1.3473522,1.348402383577401,1.3484831793992498,-8.079582184872258e-05,0.0003688542836265151,-0.0004496501054752377,16.06765327695642,1.3493179999999998,1.3516716095459258,1.3469643904540738,0.0034885913415903524,0.0008242857142857218,0.0,-0.001037905802634853,-0.002103220741903722,0.00030228901612739317,0
2026-05-26 09:00:00+00:00,1.3475,1.34847,1.3472,1.3483399999999999,2469,1.3477039999999998,1.348223,1.349267,1.3474698,1.3483927861039546,1.3484725735127137,-7.978740875902446e-05,0.0002791259451494072,-0.0003589133539084317,27.94918330308529,1.349267,1.3516606415771661,1.3468733584228338,0.003548062136206029,0.0008878571428571545,0.20955004067019528,0.00019286689217246078,-0.0009039983401997187,0.0003789056823319438,0
2026-05-26 10:00:00+00:00,1.3483399999999999,1.3489,1.34776,1.34844,2450,1.3478919999999999,1.348125,1.3491885,1.3475869999999999,1.3484000497802693,1.3484701606588436,-7.011087857433651e-05,0.00020927858040465847,-0.000279389458978995,29.872495446269156,1.3491885,1.3515825212811658,1.346794478718834,0.00354883143632776,0.0009478571428571511,0.26916467606069905,0.0006975881261597205,-0.0007262379392627416,0.0003823690174102546,0
2026-05-26 11:00:00+00:00,1.34843,1.3489,1.34679,1.34691,2564,1.347724,1.34795,1.349027,1.3476714,1.3481708113525355,1.3483545931548913,-0.0001837818023557869,0.00013066650385256938,-0.00031444830620835625,25.308641975311488,1.349027,1.3515811883044673,1.3464728116955327,0.0037867119108324705,0.0010321428571428784,0.20190896287661816,-0.0006232609905397757,-0.0012975842688297545,0.0004910834293374352,0
2026-05-26 12:00:00+00:00,1.34688,1.34748,1.34654,1.34668,2649,1.347568,1.34775,1.3488434999999999,1.3477589999999997,1.3479414557598377,1.3482305491700441,-0.0002890934102064424,4.6714521040766997e-05,-0.0003358079312472094,22.11981566820627,1.3488434999999999,1.351521796984426,1.3461652030155737,0.003971249421339275,0.001064285714285724,0.16192200138096996,-0.0005788669051398632,-0.0014829314589077658,0.0004885135863986395,0
2026-05-26 13:00:00+00:00,1.34667,1.34703,1.34562,1.34634,3542,1.347342,1.347497,1.348634,1.3478442,1.347695077950632,1.3480905084411832,-0.00039543049055112967,-4.171448127761236e-05,-0.0003537160092735173,23.606557377052894,1.348634,1.3514105362745978,1.3458574637254024,0.004117553427538872,0.0010978571428571346,0.2016988906100267,-0.0008386086517695457,-0.0018756440576185307,0.0004783742070790987,0
2026-05-26 14:00:00+00:00,1.34635,1.34689,1.34493,1.34493,3735,1.34666,1.3471819999999999,1.3483465,1.3478700000000001,1.3472696813428424,1.3478563966280253,-0.0005867152851828372,-0.00015071464205865736,-0.00043600064312417986,19.538670284941404,1.3483465,1.3514072482745154,1.3452857517254844,0.004540002550554362,0.0011728571428571341,0.12396425856346023,-0.0025290357031608757,-0.002336656578244556,0.0005394279325097719,0
2026-05-26 15:00:00+00:00,1.3449200000000001,1.3450199999999999,1.34342,1.34357,3665,1.3456860000000002,1.3467889999999998,1.3479865,1.3478658,1.3467004995977898,1.3475388856702792,-0.0008383860724894276,-0.00028824892814481145,-0.0005501371443446161,18.067754077794262,1.3479865,1.3515063222144033,1.3444666777855967,0.005222340452820972,0.0011978571428571236,0.07143180579572626,-0.0036115807896532903,-0.0029165120593691585,0.0005916908263213526,1
2026-05-26 16:00:00+00:00,1.34358,1.34485,1.34344,1.34412,2465,1.345128,1.346426,1.3476599999999999,1.3478804,1.3463034996596683,1.3472856348086857,-0.000982135149017349,-0.000427026172319319,-0.0005551089766980301,23.176470588238544,1.3476599999999999,1.3513470184788139,1.3439729815211858,0.005471733937067258,0.0012471428571428436,0.25388503289638503,-0.002071407889168597,-0.0026933778519755425,0.000615511126204795,1
2026-05-26 17:00:00+00:00,1.34414,1.34481,1.3437999999999999,1.34408,1946,1.3446079999999998,1.346088,1.3473585,1.3478887999999998,1.3459614227889503,1.3470481803165966,-0.0010867575276463093,-0.0005589724433847171,-0.0005277850842615922,21.317365269463195,1.3473585,1.3511854915351993,1.3435315084648005,0.005680732388891875,0.0012785714285714306,0.38028047898573697,-0.001930673953723372,-0.002508423255606851,0.0006201048114051621,1
2026-05-26 18:00:00+00:00,1.3441100000000001,1.34461,1.34388,1.34444,1635,1.344228,1.345785,1.347065,1.3478898000000001,1.3457273577444964,1.3468549817280568,-0.0011276239835604773,-0.0006727027514198692,-0.0004549212321406081,27.020202020205232,1.347065,1.3508389076495502,1.3432910923504497,0.005603155971761143,0.0012685714285714442,0.7933845681710346,-0.0014112334180073072,-0.0022486585972228967,0.0006373885924601983,1
2026-05-26 19:00:00+00:00,1.34442,1.34497,1.3442,1.34484,1526,1.34421,1.345435,1.346829,1.3478890000000001,1.3455908411684199,1.3467057237889621,-0.001114882620542268,-0.000761138725244349,-0.0003537438952979189,32.81653746770266,1.346829,1.3505356932347863,1.3431223067652138,0.005504326436075001,0.0012700000000000092,0.9999999999940296,-6.691798086144729e-05,-0.002595784446059457,0.0005924816071931192,1
2026-05-26 20:00:00+00:00,1.34486,1.34536,1.34449,1.34461,1007,1.344418,1.3450520000000001,1.3465885,1.3478858,1.3454399425271246,1.3465504849576986,-0.0011105424305739575,-0.0008310194663102708,-0.00027952296426368673,29.663212435235295,1.3465885,1.3502105626574796,1.3429664373425203,0.005379613233708239,0.0012521428571428603,0.8117292473554298,0.0007740571760310733,-0.0028403191836492425,0.0005821114715485119,1
2026-05-26 21:00:00+00:00,1.34462,1.3446500000000001,1.34444,1.3446,796,1.3445139999999998,1.344821,1.3463855,1.3478977999999997,1.3453107205998747,1.3464060045628155,-0.0010952839629407851,-0.0008838723656363737,-0.00021141159730441144,30.77956989247548,1.3463855,1.3499736587420108,1.3427973412579892,0.005330061474979928,0.0011700000000000044,0.8783818938553267,0.00035711097223467547,-0.0017150366394191874,0.0005028875725544044,1
2026-05-26 22:00:00+00:00,1.34466,1.3451,1.34466,1.34501,693,1.3447,1.344654,1.346202,1.3479354,1.3452644558922018,1.3463025967991002,-0.001038140906898466,-0.0009147260738887921,-0.0001234148330096738,34.31122448979754,1.346202,1.3496694279865746,1.3427345720134252,0.0051514230205789826,0.001137857142857143,0.9999999999938438,0.0006919230998154724,-0.001240086731814527,0.0005249799518980808,1
2026-05-26 23:00:00+00:00,1.34501,1.34588,1.34493,1.34546,665,1.344904,1.344566,1.3460315,1.3479438,1.3452945396010938,1.3462401822111498,-0.00094564261005603,-0.0009209093811222398,-2.47332289337902e-05,30.592991913749856,1.3460315,1.349274645159609,1.3427883548403912,0.004818825056633347,0.001114999999999993,0.7710937083138856,0.0007586801939840626,-0.0006536238988665843,0.0005415718534794277,0
2026-05-27 00:00:00+00:00,1.34545,1.34581,1.34537,1.34551,1962,1.3450380000000002,1.344624,1.345903,1.3478865999999998,1.3453276873547717,1.3461860946317377,-0.0008584072769659556,-0.000908408960290983,5.000168332502735e-05,30.122116689281057,1.345903,1.3490049796734858,1.3428010203265144,0.00460951446498847,0.0010649999999999985,0.7421051232072238,0.0004982005294309477,0.000431249209996043,0.0004174253652586738,0
2026-05-27 01:00:00+00:00,1.3455,1.34557,1.34458,1.3447200000000001,2075,1.3450600000000001,1.3447390000000001,1.3457640000000002,1.3478196,1.3452341969924992,1.3460774950141126,-0.0008432980216133146,-0.0008953867725554494,5.20887509421348e-05,33.48416289592859,1.3457640000000002,1.348813365076275,1.3427146349237253,0.004531797664783492,0.000984999999999982,0.9490834425780904,8.180810792723925e-05,0.0008559286081113449,0.00030473528128202744,1
2026-05-27 02:00:00+00:00,1.3447200000000001,1.34541,1.34469,1.34523,1865,1.3451860000000002,1.34485,1.345638,1.3477662000000001,1.3452335513013454,1.3460147175974846,-0.0007811662961392241,-0.0008725426772722044,9.137638113298032e-05,39.507959479014616,1.345638,1.3485468583399833,1.3427291416600164,0.004323389113540855,0.0009692857142857043,0.999999999995336,0.0004685408299864857,0.0008258191232926038,0.0003013119459543856,0
2026-05-27 03:00:00+00:00,1.34524,1.34586,1.34522,1.34543,1335,1.34527,1.344985,1.3455365000000001,1.3477147999999999,1.3452637741780613,1.3459714051776333,-0.0007076309995719399,-0.0008395603417321515,0.00013192934216021165,43.27917282126886,1.3455365000000001,1.3483164831502688,1.3427565168497315,0.004132155686997144,0.0009142857142857087,0.9999999999960336,0.00031226533631700804,0.0010044044997321588,0.00029919523484834215,0
2026-05-27 04:00:00+00:00,1.34542,1.34565,1.34524,1.34535,1163,1.3452480000000002,1.3450760000000002,1.3454305,1.3476682,1.345277039689129,1.345925375159336,-0.0006483354702071509,-0.0008013153674271515,0.00015297989722000058,53.860294117648095,1.3454305,1.3480575293408876,1.3428034706591123,0.003905113405542173,0.0008035714285714273,0.9999999999972061,-8.17564253118297e-05,0.0006768617416916811,0.0002967395875663569,0
2026-05-27 05:00:00+00:00,1.34536,1.34567,1.34486,1.34493,1510,1.345132,1.345085,1.3452600000000001,1.3476172,1.3452236489677245,1.3458516436584296,-0.0006279946907050693,-0.0007666512320827351,0.0001386565413776658,65.11111111111234,1.3452600000000001,1.3475071033986454,1.3430128966013548,0.003340771893381668,0.0007471428571428669,0.9999999999977165,-0.0004310633142823317,6.692245917716555e-05,0.0003067422176046804,0
2026-05-27 06:00:00+00:00,1.3449200000000001,1.3456000000000001,1.3444099999999999,1.34521,2468,1.34523,1.345145,1.3450985,1.3475561999999999,1.345221549126536,1.3458041144939963,-0.0005825653674602638,-0.000729834059158241,0.0001472686916979772,62.88416075650241,1.3450985,1.3467751793623728,1.3434218206376272,0.002493020938426164,0.0007314285714285892,0.9491491236498215,0.00036438812540895427,0.000446226043239184,0.0003057636742543037,0
2026-05-27 07:00:00+00:00,1.34523,1.34564,1.34414,1.34425,2342,1.3450339999999998,1.34511,1.3449655,1.3474772000000002,1.3450720800301457,1.3456889948916453,-0.0006169148614996178,-0.0007072502196265164,9.033535812689856e-05,51.650485436893305,1.3449655,1.3464478945777725,1.3434831054222276,0.0022043607479484625,0.0007664285714285805,0.6466184190521996,-0.0007284999591148367,-0.00026030046110370186,0.00038928049596882063,0
2026-05-27 08:00:00+00:00,1.34426,1.34519,1.3440699999999999,1.34462,2375,1.344872,1.345071,1.3448625,1.3473973999999997,1.345002529256277,1.3456098100783582,-0.0006072808220811687,-0.0006872563401174469,7.997551803627819e-05,51.744186046510286,1.3448625,1.346111143474462,1.3436138565255382,0.001856908753812159,0.0007942857142857315,0.6229134712077931,-0.0006020380101529055,-0.00028996066943753895,0.0003865814364667886,0
2026-05-27 09:00:00+00:00,1.34459,1.34521,1.34444,1.34451,2096,1.344704,1.344976,1.344771,1.347319,1.344926755524542,1.345528342658956,-0.0006015871344138279,-0.0006701224989767232,6.853536456289527e-05,46.611909650924275,1.344771,1.3458152403433783,1.3437267596566216,0.0015530381654249763,0.0007942857142857315,0.4781298144246579,-0.0006243728397814508,-0.0007060782186018022,0.0003648944236958133,0
2026-05-27 10:00:00+00:00,1.34448,1.3446,1.34355,1.34409,2148,1.344536,1.344834,1.344729,1.3472142,1.3447980239053818,1.3454217987507964,-0.0006237748454145375,-0.0006608529682642861,3.707812284974856e-05,44.86166007905025,1.344729,1.3458131227353332,1.343644877264667,0.0016124032951369278,0.0008071428571428793,0.42126227498925706,-0.000624567821373545,-0.0010553619073808695,0.00037013207271027683,0
2026-05-27 11:00:00+00:00,1.34412,1.34426,1.343,1.34347,2345,1.344188,1.3447090000000002,1.344724,1.347099,1.3445937125353231,1.3452772210561335,-0.0006835085208103386,-0.0006653840787734967,-1.8124442036841922e-05,40.035273368605374,1.344724,1.3458313039805159,1.3436166960194842,0.0016468866183928287,0.000882142857142879,0.2833221372349786,-0.0012934783416715945,-0.0009295615444109284,0.0003537113116119574,0
2026-05-27 12:00:00+00:00,1.34348,1.34565,1.3431199999999999,1.34399,5691,1.344136,1.344585,1.3447175,1.346997,1.344500833683735,1.34518187134252,-0.000681037658785133,-0.0006685147947758241,-1.2522864009308922e-05,41.176470588234615,1.3447175,1.3458411383572564,1.3435938616427436,0.0016711887177141274,0.001027142857142893,0.31593802798815596,-0.00019341640319880948,-0.0009217754584717186,0.00035487442879290914,0
2026-05-27 13:00:00+00:00,1.3439999999999999,1.34488,1.34392,1.34462,4044,1.344136,1.344504,1.3447445,1.346894,1.3445191669631602,1.3451402512407495,-0.0006210842775893344,-0.0006590286913385262,3.794441374919185e-05,42.953020134226165,1.3447445,1.3458289057310233,1.3436600942689767,0.0016128056013961134,0.0010278571428571834,0.36671255224478905,0.0,-0.0006020380101529055,0.0003915496623933573,0
2026-05-27 14:00:00+00:00,1.3446500000000001,1.3458,1.34169,1.34188,5635,1.34361,1.3441569999999998,1.3446165,1.3467308,1.3441131412765204,1.3448987511363528,-0.0007856098598324479,-0.0006843449250373107,-0.00010126493479513724,29.017341040461332,1.3446165,1.3462942588434716,1.3429387411565286,0.0024955202371405435,0.001290000000000045,0.0,-0.001956102966880202,-0.0025792544690973473,0.0007378147729023858,1
2026-05-27 15:00:00+00:00,1.34188,1.34314,1.34161,1.34287,3952,1.343366,1.3439510000000001,1.3445179999999999,1.346601,1.3439218887724402,1.3447484732672048,-0.0008265844947645817,-0.000712792838982765,-0.00011379165578181678,39.548022598869096,1.3445179999999999,1.3463634450326214,1.3426725549673784,0.0027451399425244107,0.0013285714285714884,0.29175898050454474,-0.0009076773132751237,-0.00153167822860667,0.0008012265905847113,0
2026-05-27 16:00:00+00:00,1.34289,1.34317,1.34199,1.34304,2445,1.34328,1.343734,1.3444395,1.3464615999999998,1.3437862135766803,1.344621919686245,-0.0008357061095647378,-0.0007373754930991596,-9.833061646557823e-05,37.13278495887244,1.3444395,1.3463985381635701,1.3424804618364299,0.002914282366101451,0.0013614285714286245,0.2248433428401416,-0.00032006669296669177,-0.0016131310353030281,0.0007975468384162945,0
2026-05-27 17:00:00+00:00,1.34308,1.34315,1.34169,1.34261,2371,1.343004,1.34357,1.34434,1.346311,1.3436052576418063,1.3444728885922568,-0.0008676309504505042,-0.0007634265845694286,-0.00010420436588107565,33.86727688787282,1.34434,1.3464602283888918,1.3422197716111084,0.0031543038054237743,0.0014200000000000562,0.13437044226481865,-0.0010267933541171503,-0.0012200111586385676,0.0007766938442823228,1
2026-05-27 18:00:00+00:00,1.34259,1.34308,1.3421699999999999,1.34293,1946,1.342666,1.343401,1.344236,1.3461625999999998,1.343501371850759,1.3443586005440415,-0.0008572286932826412,-0.0007821870063120711,-7.504168697057003e-05,36.52561247215985,1.344236,1.3464209186423517,1.3420510813576483,0.003250796202975828,0.0014557142857143537,0.20802125732448576,-0.0012568606743912358,-0.0012568606743912358,0.0007746827470873632,0
2026-05-27 19:00:00+00:00,1.34291,1.34329,1.34279,1.34303,1561,1.342896,1.343253,1.3441144999999999,1.3460126,1.3434288531044882,1.3442601856854635,-0.0008313325809752303,-0.000792016121244703,-3.931645973052737e-05,39.030023094688005,1.3441144999999999,1.3462830258150504,1.3419459741849493,0.003226698045517044,0.0014335714285715101,0.2956487245672667,0.0008570065877724353,-0.0011007727722368577,0.0007772337445997745,0
2026-05-27 20:00:00+00:00,1.34304,1.34328,1.34259,1.34269,842,1.34286,1.343113,1.3439735000000002,1.3458528,1.3433151833961054,1.3441438756308979,-0.0008286922347924275,-0.0007993513439542479,-2.9340890838179578e-05,35.55045871559561,1.3439735000000002,1.346126639934831,1.3418203600651692,0.0032041404608512077,0.0013978571428572126,0.28746258767403415,-0.00013404126981764186,-0.001041596916873222,0.0007757433364845818,0
2026-05-27 21:00:00+00:00,1.34268,1.34269,1.3423,1.34259,535,1.34277,1.343025,1.343867,1.3456891999999998,1.3432036167197814,1.3440287737288399,-0.000825157009058497,-0.0008045124769750978,-2.064453208339915e-05,39.44020356234067,1.343867,1.346074690863184,1.3416593091368159,0.0032855793961516495,0.0013185714285714864,0.4586145819650435,-0.0003350607576840803,-0.0006550202088621004,0.0007655218417819724,0
2026-05-27 22:00:00+00:00,1.34264,1.34307,1.34252,1.34276,702,1.3428,1.342902,1.3437435,1.3455313999999998,1.343135367993661,1.3439347904870405,-0.000799422493379387,-0.0008034944802559559,4.071986876568877e-06,37.859007832898,1.3437435,1.3459060353054666,1.3415809646945334,0.0032186727682278907,0.0012778571428571877,0.5025225106757408,0.00011172268938852703,-0.000915185380843675,0.0007527474955769934,0
2026-05-27 23:00:00+00:00,1.34276,1.34287,1.34141,1.34157,1212,1.342528,1.342597,1.3435505,1.3453606000000002,1.3428945421484824,1.343759620816802,-0.00086507866831953,-0.0008158113178686709,-4.926735045085906e-05,33.18077803203562,1.3435505,1.3457675865187457,1.3413334134812545,0.0033003396876345723,0.0013271428571429076,0.2627715953843101,-0.001012711012487677,-0.0022682988502328305,0.0007626210523688359,0
2026-05-28 00:00:00+00:00,1.34155,1.34201,1.34093,1.3413300000000001,2123,1.342188,1.3425420000000001,1.3433495,1.345181,1.3426538433564081,1.343579648900135,-0.0009258055437268986,-0.0008378101630403165,-8.799538068658208e-05,33.878504672897336,1.3433495,1.3456081859244462,1.3410908140755537,0.0033627673579306417,0.001329285714285763,0.34882861464398424,-0.001265794509429985,-0.00040987271589099095,0.0004231543054846895,0
2026-05-28 01:00:00+00:00,1.34135,1.34141,1.33974,1.33985,1998,1.34162,1.3422399999999999,1.3430955,1.3449868,1.3422224828400375,1.3433033786051085,-0.0010808957650709772,-0.0008864272834464487,-0.0001944684816245285,30.78556263269614,1.3430955,1.3457189206276363,1.3404720793723637,0.003906528802510796,0.0013585714285714787,0.12688449413371372,-0.0021151568865486192,-0.0022489146380513247,0.00044659697142956315,1
2026-05-28 02:00:00+00:00,1.33983,1.34066,1.33983,1.34015,1694,1.341132,1.3419510000000001,1.3428425000000002,1.3448014000000001,1.3419036393261856,1.343069794999933,-0.0011661556737474488,-0.0009423729615066487,-0.00022378271224080004,29.13043478260755,1.3428425000000002,1.3455807581862886,1.3401042418137117,0.004078301344034729,0.001237142857142889,0.008115409474089329,-0.0018173828197737274,-0.0021518346437932045,0.0004560696929369573,1
2026-05-28 03:00:00+00:00,1.34015,1.34037,1.33682,1.33684,2913,1.3399480000000001,1.341374,1.3424719999999999,1.344565,1.341124617891388,1.3426083286948665,-0.0014837108034784219,-0.0010506405299010035,-0.00043307027357741834,17.25589225589178,1.3424719999999999,1.346225435478969,1.3387185645210309,0.005591826837310578,0.0014221428571428957,0.0,-0.004408829574905404,-0.0042975994518140714,0.0008486578262064098,1
2026-05-28 04:00:00+00:00,1.33682,1.3378,1.3367,1.33772,2381,1.339178,1.3408529999999999,1.342127,1.3443458,1.3406008305234822,1.342246230266649,-0.0016453997431666867,-0.0011695923725541402,-0.0004758073706125465,29.241516966067522,1.342127,1.3462947059195236,1.3379592940804765,0.00621059842998991,0.0012071428571428986,0.5376617005964082,-0.002869771983571412,-0.003879576746367963,0.0008945651373557279,1
2026-05-28 05:00:00+00:00,1.33774,1.33957,1.33747,1.33918,2065,1.338748,1.340468,1.3418605,1.344152,1.340382241212177,1.342019102095046,-0.0016368608828689624,-0.0012630460746171047,-0.0003738148082518577,32.411820781696434,1.3418605,1.3460680644911784,1.3376529355088214,0.006271239806490376,0.0012478571428571814,0.6831822866338235,-0.001602886687094185,-0.002866652271356518,0.0010041106458408575,0
2026-05-28 06:00:00+00:00,1.33915,1.34076,1.33902,1.34036,2692,1.3388499999999999,1.340235,1.3416739999999998,1.3439975999999998,1.3403788194872268,1.341896205641706,-0.0015173861544792722,-0.0013139140905895383,-0.0002034720638897339,38.34782608695607,1.3416739999999998,1.3457952486610705,1.3375527513389291,0.006143442685884447,0.001287857142857174,0.9507590089054454,0.00038063962383860783,-0.0017353223752317737,0.001070198787564303,1
2026-05-28 07:00:00+00:00,1.3403800000000001,1.34115,1.33992,1.34022,2779,1.338864,1.339998,1.3415115,1.343852,1.3403543857199611,1.3417720422591035,-0.0014176565391423868,-0.001334662580300108,-8.299395884227875e-05,39.339875111506814,1.3415115,1.3455906550982837,1.3374323449017163,0.0060814314275855486,0.0012714285714286058,0.9954775043702061,5.223295899714486e-05,-0.0017652447880588396,0.0010699336690802722,1
2026-05-28 08:00:00+00:00,1.3402,1.3407,1.3394599999999999,1.34017,2327,1.33953,1.339739,1.3413205000000001,1.3437004000000001,1.3403260186861208,1.341653372460597,-0.0013273537744762365,-0.0013332008191353339,5.847044659097397e-06,37.38574040219405,1.3413205000000001,1.34526657586558,1.3373744241344203,0.005883867227228426,0.0012950000000000303,0.9073911679358677,0.0024909488046438444,-0.0019288629390210588,0.0010660280660305809,1
2026-05-28 09:00:00+00:00,1.34016,1.34097,1.3394300000000001,1.33955,2298,1.339896,1.3395370000000002,1.341067,1.3435422,1.3402066311959484,1.3414975670912783,-0.0012909358953299144,-0.00132474783437425,3.381193904433569e-05,34.81675392670162,1.341067,1.344764151677493,1.337369848322507,0.005513746408632934,0.0013692857142857237,0.7915892194330059,0.0013679992823609766,-0.0015056985472244877,0.0010435801494734472,1
2026-05-28 10:00:00+00:00,1.3395299999999999,1.33981,1.33859,1.33891,2891,1.339842,1.339295,1.3409185,1.3433709999999999,1.3400071494734946,1.3413058954527604,-0.0012987459792657141,-0.001319547463352543,2.080148408682898e-05,33.92857142857157,1.3409185,1.3447153977641826,1.3371216022358172,0.00566312980868365,0.0014071428571428607,0.7515527050757693,-0.00020161591421619107,-0.0018041794338455874,0.001048760872663138,1
2026-05-28 11:00:00+00:00,1.33887,1.3410199999999999,1.33884,1.34062,2271,1.339894,1.339372,1.3408060000000002,1.3432166,1.34010143416988,1.3412550883816634,-0.0011536542117833726,-0.001286368813038709,0.00013271460125533646,42.632759910246534,1.3408060000000002,1.3444911245783522,1.3371208754216481,0.005496879605777445,0.0015350000000000006,0.9999999999960595,0.00019397773732432455,0.0005746911967756674,0.0010854288281553202,1
2026-05-28 12:00:00+00:00,1.34062,1.34247,1.34026,1.34203,3388,1.340256,1.33956,1.3407555,1.3430884,1.340398136605283,1.341312489242827,-0.0009143526375439137,-0.00121196557793975,0.00029761294039583634,47.50171115674227,1.3407555,1.3443379747400699,1.33717302525993,0.005343964265028033,0.001653571428571429,0.9999999999966939,0.0013505245407470223,0.0014028280416371608,0.001130138265826909,1
2026-05-28 13:00:00+00:00,1.34207,1.3427799999999999,1.34122,1.34125,3628,1.340472,1.340001,1.3406875,1.3429752,1.3405291925121625,1.341307860409984,-0.000778667897821439,-0.001125306041916088,0.000346638144094649,48.87323943662014,1.3406875,1.344172051621096,1.337202948378904,0.005198156350523078,0.0016607142857142693,0.9999999999968372,0.0008058679122797674,0.0032988240926363765,0.0007336368667296174,1
2026-05-28 14:00:00+00:00,1.34125,1.3451,1.3407200000000001,1.34328,8213,1.341218,1.340557,1.340705,1.3429072,1.3409523936641377,1.3414539448252505,-0.0005015511611128343,-0.0010005550657554373,0.000499003904642603,56.09756097560945,1.340705,1.344240120038173,1.337169879961827,0.005273524061106691,0.001896428571428545,0.9999999999974254,0.00278451718860806,0.0041563256884848965,0.0008208687704997443,1
2026-05-28 15:00:00+00:00,1.34326,1.34419,1.3431600000000001,1.34354,3860,1.342144,1.3409929999999999,1.3407305,1.3428512000000001,1.3413504869465778,1.3416084674319544,-0.0002579804853766188,-0.0008520401496796736,0.0005940596643030548,62.49153689911997,1.3407305,1.3443427509384298,1.3371182490615703,0.00538848178426576,0.0018507142857142453,0.9999999999977893,0.0034580367612460083,0.003255723651786946,0.0007870911024419444,1
2026-05-28 16:00:00+00:00,1.34353,1.34484,1.34318,1.34464,3114,1.3429480000000003,1.341421,1.340828,1.3428453999999999,1.3418565658778734,1.341833025401528,2.3540476345340622e-05,-0.0006769240244746707,0.0007004645008200114,64.4187540141302,1.340828,1.3447545391216391,1.3369014608783607,0.005856887119957527,0.0019099999999999673,0.9999999999978797,0.0029986125822381027,0.0031931719836462147,0.0007824287971895508,0
2026-05-28 17:00:00+00:00,1.34464,1.34479,1.34401,1.34454,2322,1.34345,1.341853,1.3409255000000002,1.3428648,1.3422694018966619,1.3420335420397498,0.00023585985691210176,-0.0004943672481973162,0.000730227105109418,81.1488673139162,1.3409255000000002,1.3451237024975702,1.3367272975024302,0.006261649133482761,0.001712142857142813,0.9999999999980734,0.0018703009619756017,0.0032233513900703503,0.0007806752592445963,0
2026-05-28 18:00:00+00:00,1.34454,1.34477,1.34361,1.34402,2381,1.344004,1.342238,1.3409885,1.3428628,1.3425387246817908,1.3421806870747244,0.0003580376070664304,-0.00032388627714456685,0.0006819238842109973,76.24999999999986,1.3409885,1.3453377154162465,1.3366392845837534,0.0064865812290658045,0.0017164285714285235,0.899483705670025,0.002065237651444507,0.002872769872478864,0.0008059637023541578,1
2026-05-28 19:00:00+00:00,1.34399,1.34437,1.34371,1.34393,1853,1.344134,1.342676,1.3411065,1.3428598000000003,1.3427527670384383,1.3423102658106494,0.0004425012277888829,-0.00017060877615787686,0.0006131100039467597,72.34242709313297,1.3411065,1.3456460398561236,1.3365669601438763,0.006769842448938475,0.001613571428571389,0.8135030699035123,0.0004838901792627581,0.003269754768392419,0.0007741470840788724,1
2026-05-28 20:00:00+00:00,1.34389,1.34436,1.3437999999999999,1.34428,1030,1.344282,1.343213,1.341254,1.3428566000000002,1.3429877259556018,1.3424561720476476,0.0005315539079542297,-3.017623933545551e-05,0.0005617301472896853,70.0,1.341254,1.3460106303862764,1.3364973696137235,0.007092810737230226,0.0015292857142856933,0.7638967078676698,0.0005507837503906376,0.004010725142093108,0.0007223694865062503,0
2026-05-28 21:00:00+00:00,1.34429,1.3443,1.34403,1.3440699999999999,639,1.344168,1.343558,1.341465,1.3428412,1.3431542296547399,1.3425757148595017,0.0005785147952381831,9.156196757927225e-05,0.00048695282765891083,69.50354609929067,1.341465,1.3463324969250994,1.3365975030749004,0.007256986839163852,0.0014607142857142597,0.7533831375606622,-0.0004239052831985779,0.002573436171323662,0.0006693737737048316,0
2026-05-28 22:00:00+00:00,1.34428,1.34457,1.34412,1.34412,539,1.344084,1.3437670000000002,1.3416635,1.3428314000000001,1.3433028097078568,1.3426901063518943,0.0006127033559624184,0.00019579024525590155,0.00041691311070651685,70.01013171225875,1.3416635,1.3466280322035473,1.3366989677964525,0.007400562366863856,0.0014078571428571194,0.7641112705269835,-0.0003123744923915206,0.0015573422352703759,0.0006098089832480211,0
2026-05-28 23:00:00+00:00,1.34412,1.34453,1.3441100000000001,1.34437,688,1.344154,1.344079,1.3420400000000001,1.3428268000000003,1.343466992829725,1.3428145429189284,0.0006524499107964932,0.0002871221783640199,0.00036532773243247327,75.36842105263165,1.3420400000000001,1.3465890357567116,1.3374909642432886,0.006779284904639959,0.0013278571428571187,0.8775855561047777,0.00026041279147626106,0.00232618825722275,0.000552336825294365,0
2026-05-29 00:00:00+00:00,1.34437,1.34486,1.34392,1.34408,1778,1.3441839999999998,1.3441589999999999,1.3423580000000002,1.3428082000000001,1.343561301625152,1.3429082804808437,0.0006530211443083189,0.00036030197155287975,0.00029271917275543917,78.25136612021736,1.3423580000000002,1.34650711328511,1.3382088867148902,0.006181828223335232,0.0013078571428571145,0.924771702305637,0.00011161295603190347,0.0005955571437079588,0.0003344324957842586,0
2026-05-29 01:00:00+00:00,1.3440699999999999,1.34504,1.34376,1.34396,2083,1.34412,1.344201,1.342597,1.3427782,1.343622639836667,1.3429861856306833,0.0006364542059837941,0.0004155324184390627,0.00022092178754473142,72.0899470899472,1.342597,1.346519840539045,1.338674159460955,0.005843660516215981,0.0012435714285714075,0.7307671358100611,-0.0002380456452524271,0.00031260699346513654,0.0003338032906584547,1
2026-05-29 02:00:00+00:00,1.34393,1.3444,1.34378,1.34378,1498,1.3440619999999999,1.344115,1.342768,1.3427436,1.3436468490925646,1.3430449866952674,0.0006018623972972037,0.0004527984142106909,0.0001490639830865128,63.82306477093106,1.342768,1.3465767633025394,1.3389592366974605,0.0056730027860947396,0.0011299999999999802,0.4631923936878977,-0.0002157625718898215,-0.0006395763921942521,0.0001883638870039769,0
2026-05-29 03:00:00+00:00,1.34379,1.3439,1.34302,1.34322,1483,1.343882,1.3439830000000001,1.3429179999999998,1.3427136000000002,1.3435811800014008,1.343057950643805,0.0005232293575958558,0.0004668846028877239,5.6344754708131874e-05,66.12111292962364,1.3429179999999998,1.3465357550468455,1.3393002449531541,0.0053879016393341885,0.0010814285714285665,0.40012092856997417,-0.00066958307293985,-0.000981748404658811,0.00021907605799506726,0
2026-05-29 04:00:00+00:00,1.34325,1.34383,1.34318,1.34382,1185,1.343772,1.343963,1.3431004999999998,1.3426854,1.3436179215396469,1.3431143987444207,0.0005035227952261412,0.00047421224135540745,2.931055387073373e-05,55.76923076923058,1.3431004999999998,1.3464959984131506,1.339705001586849,0.005056208992775728,0.0008150000000000102,0.0,-0.0004091135624865183,-0.00014880730941502218,0.0002530093334099841,0
2026-05-29 05:00:00+00:00,1.34384,1.34416,1.34355,1.34384,1237,1.343724,1.3439539999999999,1.343315,1.3426535999999998,1.3436520874566242,1.343168146985713,0.00048394047091115944,0.0004761578872665579,7.782583644601522e-06,53.37837837837801,1.343315,1.3462809577311854,1.3403490422688147,0.00441587822839074,0.0007850000000000198,0.0,-0.0001785607999523764,-6.69677736192531e-05,0.0002524595360438447,0
2026-05-29 06:00:00+00:00,1.34384,1.34445,1.34352,1.34418,2436,1.343768,1.343944,1.3435785,1.3426301999999999,1.3437333047709896,1.343243099061024,0.0004902057099656076,0.00047896745180636794,1.1238258159239703e-05,43.74999999999812,1.3435785,1.3457178976033635,1.3414391023966366,0.0031846261358952346,0.0007328571428571541,0.0,0.00016369534807569863,-7.438926414138347e-05,0.0002515962644810194,0
2026-05-29 07:00:00+00:00,1.34417,1.34417,1.34175,1.3426,2946,1.3435320000000002,1.343797,1.3436774999999999,1.3425836000000002,1.3435589501908374,1.3431954620934357,0.0003634880974017207,0.0004558715809254385,-9.238348352371778e-05,31.201550387595773,1.3436774999999999,1.3453788663239972,1.3419761336760025,0.0025324027886115697,0.000850714285714292,0.0,-0.0008781199303456999,-0.0010936930368209419,0.00044820246098075365,1
2026-05-29 08:00:00+00:00,1.3425799999999999,1.3425799999999999,1.34081,1.34116,2775,1.3431199999999999,1.343501,1.343634,1.3425026,1.3431898809307086,1.3430446871232438,0.00014519380746480515,0.00039373602623331185,-0.0002485422187685067,26.480263157893503,1.343634,1.3455443749976357,1.3417236250023643,0.002843594308622272,0.0008957142857142854,0.0,-0.0015336281472879687,-0.0022021843287802767,0.0005365654984499994,1
2026-05-29 09:00:00+00:00,1.34115,1.34191,1.3409200000000001,1.34175,2632,1.342706,1.343239,1.343659,1.3424526,1.3429683607875225,1.3429487843731926,1.957641432981383e-05,0.0003189041038526123,-0.00029932768952279845,33.43465045592659,1.343659,1.3454471940316277,1.3418708059683722,0.002661678344919026,0.0009192857142856939,0.13432951782156677,-0.0015403848729740321,-0.0019488682431176851,0.0005632732120813752,1
2026-05-29 10:00:00+00:00,1.34171,1.34183,1.34096,1.34179,2356,1.342296,1.34301,1.3435845,1.342396,1.3427870745125188,1.3428629484935466,-7.587398102781862e-05,0.0002399484868765261,-0.0003158224679043447,30.143540669858098,1.3435845,1.3455541270018279,1.341614872998172,0.002931898964044168,0.0009414285714285534,0.07075911661807648,-0.0015254792237170411,-0.0017037676328789386,0.0005676003748601448,1
2026-05-29 11:00:00+00:00,1.34174,1.34297,1.34149,1.3428499999999999,2761,1.3420299999999998,1.342899,1.34355,1.3423628000000003,1.3427967553567466,1.3428619893458749,-6.523398912827716e-05,0.00017891199167556544,-0.00024414598080384263,41.43258426966295,1.34355,1.345546892322431,1.341553107677569,0.0029725612331970423,0.00102785714285712,0.28881596597665754,-0.0009894508175988248,-0.0008259174380190748,0.0006444568547395574,1
2026-05-29 12:00:00+00:00,1.34286,1.34345,1.34209,1.34341,3072,1.342192,1.342862,1.3434884999999999,1.3423492,1.3428911006864779,1.3429025827277228,-1.1482041244903485e-05,0.00014083318509147168,-0.00015231522633637516,45.347313237221584,1.3434884999999999,1.345418695245105,1.3415583047548947,0.0028734079154457697,0.0010892857142856815,0.3644320673063897,0.0006033070162372312,-0.00027534269002360556,0.0006628535805027387,1
2026-05-29 13:00:00+00:00,1.3433899999999999,1.34469,1.34304,1.34387,3445,1.342734,1.342927,1.343455,1.3423572,1.343041700580866,1.3429742432665093,6.745731435664482e-05,0.0001261580109445063,-5.870069658786149e-05,46.81122448979479,1.343455,1.345330846475599,1.341579153524401,0.0027925706117421407,0.001177142857142829,0.39270867662714787,0.002020638849950851,0.00048391179404694284,0.0006567454742271623,1
2026-05-29 14:00:00+00:00,1.34389,1.3480400000000001,1.34293,1.34771,6382,1.343926,1.3433160000000002,1.3436395,1.3424315999999998,1.343759900491502,1.3433250400620338,0.0004348604294681646,0.000187898494649238,0.0002469619348189266,65.93503072870979,1.3436395,1.3463078050011121,1.340971194998888,0.003971757307093215,0.0014749999999999883,0.8650524224089536,0.004441960126700284,0.002894732925540655,0.0011071375518912892,0
2026-05-29 15:00:00+00:00,1.34775,1.34852,1.34697,1.34744,5415,1.345056,1.3436759999999999,1.343815,1.3424880000000001,1.3443260696466555,1.3436298519096534,0.000696217737002014,0.00028956234311979326,0.0004066553938822207,65.07798960138632,1.343815,1.3469793640751355,1.3406506359248644,0.004709523372094432,0.001494285714285702,0.9736856466412436,0.004210793045111405,0.002678890344088636,0.001115135376474921,0
2026-05-29 16:00:00+00:00,1.34744,1.34758,1.34636,1.34671,3183,1.345828,1.343929,1.3439365,1.3425846,1.3446928281625548,1.3438580110277087,0.0008348171348460109,0.0003986133014650368,0.0004362038333809741,62.11745244003379,1.3439365,1.3473526306211938,1.3405203693788064,0.005083767903012865,0.00153714285714284,0.8990016482306855,0.002874483374911696,0.0018821883973874076,0.0011442743874907476,0
2026-05-29 17:00:00+00:00,1.34672,1.34696,1.34549,1.34555,2386,1.346256,1.344224,1.3440105,1.3426382,1.3448247007529308,1.3439833435443027,0.0008413572086281018,0.00048716208289764987,0.00035419512573045195,59.18045705279735,1.3440105,1.3475020927597592,1.3405189072402408,0.00519578196711884,0.0015792857142856878,0.8288020918163637,0.0015929611957630208,0.0021972292566661,0.0011063550518592964,0
2026-05-29 18:00:00+00:00,1.3455599999999999,1.34647,1.34548,1.34605,2193,1.3466919999999998,1.344713,1.344107,1.3426984000000002,1.3450132083294029,1.3441364292078322,0.0008767791215706922,0.0005650854906322583,0.0003116936309384338,58.85623510722786,1.344107,1.347716041861477,1.3404979581385228,0.005370170472257264,0.0016035714285714026,0.820584531163225,0.0016221807168848024,0.0036460974082137554,0.001008837800252011,0
2026-05-29 19:00:00+00:00,1.34602,1.34706,1.34602,1.3467500000000001,2171,1.3465,1.345213,1.344226,1.3427812000000001,1.3452804070479563,1.3443300270444585,0.0009503800034977861,0.000642144393205364,0.0003082356102924221,60.96458176337666,1.344226,1.3480235803931058,1.340428419606894,0.005650211189347399,0.0016342857142856834,0.8740215879741475,-0.0007123194158979995,0.0037264766163593865,0.0010098212750171225,0
2026-05-29 20:00:00+00:00,1.34676,1.3468200000000001,1.3452600000000001,1.34548,2692,1.3461079999999999,1.345582,1.344296,1.3428322,1.345311113655963,1.3444152102264193,0.0008959034295437096,0.0006928962004730332,0.00020300722907067644,54.577464788732605,1.344296,1.3481336494999159,1.340458350500084,0.005709530490183621,0.0016792857142856926,0.7121370460575388,-0.0014546102238318648,0.0027500577586656583,0.0010901637253893665,0
2026-05-31 21:00:00+00:00,1.34541,1.34602,1.3446799999999999,1.34521,593,1.345808,1.345818,1.3443584999999998,1.3428758000000003,1.3452955577088919,1.3444740835430253,0.0008214741658665314,0.0007186117935517329,0.00010286237231479857,60.12412723041094,1.3443584999999998,1.3482137835925438,1.3405032164074557,0.005735499262353096,0.0016014285714285631,0.8527198648945457,-0.0011138255452176615,0.0017574561566817692,0.0010831752634846128,1
2026-05-31 22:00:00+00:00,1.34549,1.34565,1.34457,1.34486,2217,1.3456700000000001,1.3459629999999998,1.3444125,1.3429192,1.3452285488306008,1.3445026699472655,0.0007258788833353069,0.0007200652115084478,5.813671826859139e-06,65.67796610169474,1.3444125,1.3482639187406436,1.3405610812593565,0.005729519385818775,0.0015507142857142783,0.9928177165384383,-0.0005128014566534445,0.00107934286628808,0.0010876019240698908,1
2026-05-31 23:00:00+00:00,1.34486,1.34585,1.34471,1.34504,2173,1.345468,1.3460800000000002,1.3445035,1.3429682,1.3451995413182007,1.3445424721734198,0.0006570691447809196,0.0007074659981629423,-5.039685338202268e-05,64.44249341527633,1.3445035,1.3483221482866103,1.3406848517133898,0.005680384300390844,0.0015614285714285708,0.958299100957375,-0.0007503435979346884,0.0008706199260346548,0.001084611689700734,1
2026-06-01 00:00:00+00:00,1.34508,1.34546,1.34452,1.34511,2923,1.34514,1.34582,1.344568,1.3430152000000002,1.3451857657307853,1.3445845112717103,0.0006012544590749958,0.0006862236903453531,-8.496923127035731e-05,64.53590192644452,1.344568,1.3483816132887037,1.3407543867112963,0.005672622416573451,0.0015664285714285717,0.9428984038513033,-0.0012177464265825666,-0.0019291984180572763,0.00048643273070741593,1
2026-06-01 01:00:00+00:00,1.34511,1.34537,1.3448,1.34535,1774,1.3451140000000001,1.3456110000000001,1.3446435,1.3430908,1.3452110325414337,1.3446412141405037,0.0005698184009299556,0.0006629426324622737,-9.312423153231804e-05,61.79245283018904,1.3446435,1.3484562170861385,1.3408307829138617,0.005670970909595584,0.0015014285714285741,0.798784012831275,-9.661979367958651e-05,-0.0015510894733716807,0.0005003435037146301,1
2026-06-01 02:00:00+00:00,1.34535,1.34562,1.34524,1.34558,1202,1.3451879999999998,1.345498,1.3447135,1.3431758,1.3452677967658284,1.3447107538338352,0.0005570429319932124,0.0006417626923684614,-8.471976037524901e-05,60.564751703992,1.3447135,1.3485417620764908,1.340885237923509,0.005693795855386142,0.0014314285714285755,0.7191835684958084,0.0002750499921944094,-0.0008390819107306768,0.0004897962823172589,1
2026-06-01 03:00:00+00:00,1.34558,1.34592,1.34491,1.34497,1628,1.34521,1.34544,1.344832,1.3432782,1.345221981878778,1.3447299572535603,0.0004920246252178018,0.0006118150789383295,-0.00011979045372052777,55.27831094049936,1.344832,1.3485292854907323,1.3411347145092678,0.005498509093674492,0.0013857142857142918,0.06170742529380298,8.179290037624298e-05,-0.0004310504997956377,0.00043133400715295636,1
2026-06-01 04:00:00+00:00,1.34498,1.34576,1.34491,1.3457,911,1.345342,1.345405,1.345059,1.3433892,1.3452955231281967,1.3448018122718466,0.0004937108563500825,0.0005881942344206801,-9.448337807059764e-05,36.25170998631993,1.345059,1.3483412129890116,1.3417767870109885,0.004880400025592254,0.0010814285714285665,0.0,0.000490691726640069,-0.0002600200586903023,0.00045249317408965257,1
2026-06-01 05:00:00+00:00,1.34572,1.34659,1.34561,1.34629,1322,1.345578,1.345359,1.345286,1.3435781999999998,1.3454485195700128,1.3449120483999026,0.000536471170110131,0.0005778496215585703,-4.1378451448439296e-05,42.463958060288675,1.345286,1.3482134267485946,1.3423585732514054,0.004352125493901796,0.0010407142857142837,0.21111241775340295,0.0008772516745843006,-0.00034156302209031875,0.00044217110816685887,0
2026-06-01 06:00:00+00:00,1.34631,1.34758,1.34576,1.34722,2646,1.345952,1.345533,1.3455575,1.3437682000000002,1.3457210550207803,1.3450830077777516,0.0006380472430287387,0.000589889145852604,4.815809717613473e-05,53.2567049808428,1.3455575,1.3481018756342922,1.3430131243657077,0.0037818906056295886,0.0010835714285714218,0.5778851012439944,0.0013899728695134783,0.0012932187769421066,0.00036392367220778373,0
2026-06-01 07:00:00+00:00,1.3471899999999999,1.34725,1.34549,1.34606,2802,1.3460480000000001,1.345618,1.345718,1.3439058,1.3457732004021987,1.3451553775720173,0.0006178228301814137,0.000595475882718366,2.2346947463047708e-05,53.2567049808428,1.345718,1.347926000762766,1.343509999237234,0.0032815207387670528,0.0011042857142857163,0.5778851012439944,0.00035672349470128317,0.0006318716036901595,0.000473783982605474,1
2026-06-01 08:00:00+00:00,1.34607,1.34731,1.34599,1.34703,2530,1.34646,1.3458350000000001,1.345899,1.3440392,1.3459665541864756,1.3452942384926534,0.0006723156938222008,0.000610843844939133,6.14718488830678e-05,55.90361445783092,1.345899,1.3478935599699264,1.3439044400300735,0.0029639073510367114,0.0011278571428571407,0.6678357040866086,0.0015316326758216814,0.0016135508528769549,0.0005001703036568669,0
2026-06-01 09:00:00+00:00,1.34703,1.34749,1.34569,1.34593,2532,1.3465060000000002,1.345924,1.346002,1.3441534,1.3459609304654794,1.345341331937656,0.0006195985278234506,0.0006125947815159966,7.0037463074539875e-06,45.287356321838914,1.346002,1.3477533134920152,1.3442506865079846,0.0026022450070880936,0.0011821428571428619,0.3070606841747455,0.0001709147655497567,0.0006616903586511569,0.0005884867265402638,0
2026-06-01 10:00:00+00:00,1.3459400000000001,1.3465500000000001,1.34549,1.34628,2090,1.346504,1.346041,1.3459305000000001,1.3442756,1.3460100180861747,1.3454108629052561,0.0005991551809185758,0.0006099068613965125,-1.0751680477936727e-05,55.14138817480671,1.3459305000000001,1.3474950073211218,1.3443659926788785,0.0023247965940613982,0.00114642857142858,0.6419327730432208,-7.427820157612786e-06,0.0008698173383587804,0.0005915942919460144,0
2026-06-01 11:00:00+00:00,1.34628,1.34663,1.3459400000000001,1.34652,2022,1.346364,1.346158,1.3458845,1.344415,1.346088476842148,1.3454930212085916,0.000595455633556341,0.0006070166158284782,-1.1560982272137196e-05,58.45161290322539,1.3458845,1.3473100632312407,1.3444589367687592,0.0021184035201248954,0.0010999999999999899,0.7544249880035157,-0.0005195884859192645,0.0008696621696955287,0.0005915916344853839,0
2026-06-01 12:00:00+00:00,1.3465099999999999,1.34688,1.34619,1.34633,2770,1.346418,1.346233,1.3458655,1.3445633999999997,1.3461256342510484,1.3455550196375996,0.0005706146134487611,0.0005997362153525349,-2.9121601903773792e-05,59.68379446640401,1.3458655,1.3472543954338847,1.3444766045661152,0.002063943884265943,0.0010721428571428548,0.8284516145840444,0.0002005854122402173,0.0005573804604706023,0.0005948973839642501,1
2026-06-01 13:00:00+00:00,1.34632,1.34638,1.34101,1.34139,6644,1.3452899999999999,1.345875,1.3456575,1.3445787999999999,1.3453970751355024,1.3452464996643767,0.00015057547112573566,0.000509904066507175,-0.00035932859538143937,35.22267206477717,1.3456575,1.3480952804831785,1.3432197195168214,0.0036231812079649587,0.0013742857142857088,0.0,-0.004186989153916243,-0.002661769407495962,0.0013236364848850713,1
2026-06-01 14:00:00+00:00,1.34139,1.34371,1.34064,1.34368,5047,1.34484,1.3456730000000001,1.345539,1.3446118,1.3451329097300404,1.3451304626521772,2.447077863232394e-06,0.0004084126687783865,-0.0004059655909151541,45.092656142758784,1.345539,1.3481225014998948,1.3429554985001053,0.0038400990233575165,0.0015264285714285477,0.37147405035396674,-0.001671706552346719,-0.0015010775061305992,0.0014480335083210919,1
2026-06-01 15:00:00+00:00,1.34364,1.34558,1.34326,1.34488,4092,1.34456,1.345532,1.3454455,1.3446843999999998,1.3450940005408034,1.3451119098631235,-1.7909322320042165e-05,0.00032314827055870076,-0.0003410575928787429,48.48679974243406,1.3454455,1.3479793423080504,1.3429116576919498,0.003766547672202725,0.0016514285714285576,0.52340328285763,-0.0010399025462755063,-0.001047322642224069,0.0014754137489881684,1
2026-06-01 16:00:00+00:00,1.34488,1.34628,1.34402,1.34602,3041,1.3444600000000002,1.345412,1.3454725,1.3447392000000002,1.3452364619960642,1.3451791757992002,5.7286196863959304e-05,0.00026997585581975246,-0.00021268965895579315,51.33819951338202,1.3454725,1.3480193649458878,1.3429256350541123,0.003785829804604314,0.0017857142857142635,0.6588220762701867,-0.0003713275703294272,-0.0008907231187186282,0.0014855996440257162,0
2026-06-01 17:00:00+00:00,1.34605,1.34701,1.34532,1.34642,3122,1.344478,1.345448,1.345533,1.3447968000000001,1.3454185447659006,1.3452710887029777,0.00014745606292287938,0.00024547189724037784,-9.801583431749846e-05,54.46703635243375,1.345533,1.3481109069437212,1.342955093056279,0.00383180039987286,0.001834285714285693,0.7867326761055748,6.684839526704955e-05,0.00026744721632021573,0.0014636315027858847,0
2026-06-01 18:00:00+00:00,1.34641,1.34656,1.34568,1.34568,1521,1.345336,1.345313,1.345574,1.3448176,1.3454587686480697,1.3453013784286878,0.00015739021938188102,0.00022785556166867848,-7.046534228679745e-05,49.938423645320476,1.345574,1.3481328517161455,1.3430151482838546,0.003803360820208252,0.0018364285714285483,0.6015975611775053,0.0031981750273968323,-0.0010022048506714842,0.0014518863556204945,1
2026-06-01 19:00:00+00:00,1.34568,1.34611,1.34531,1.3458999999999999,1656,1.34578,1.34531,1.345617,1.3448448,1.3455266503945205,1.3453457207673096,0.00018092962721083516,0.0002184703747771098,-3.754074756627464e-05,48.77126654064232,1.345617,1.348166956449568,1.3430670435504322,0.003790018184324221,0.0018235714285714005,0.5538827799213615,0.001652179090259498,-2.2289420698151652e-05,0.0014310159033673671,0
2026-06-01 20:00:00+00:00,1.34586,1.34608,1.34541,1.34544,1030,1.3458919999999999,1.345226,1.3456335000000001,1.3448731999999999,1.3455133195645943,1.3453527044141764,0.00016061515041787544,0.00020689932990526296,-4.6284179487387524e-05,44.22077922077855,1.3456335000000001,1.3481738959492378,1.3430931040507625,0.003775762047002554,0.0017414285714285446,0.36785340460771987,0.00041639402771975753,-0.0006239415277653482,0.0014314583829963408,0
2026-06-01 21:00:00+00:00,1.34545,1.34573,1.34522,1.34568,810,1.345824,1.345142,1.34565,1.3449081999999999,1.3455389627085028,1.3453769485316478,0.00016201417685501873,0.00019792229929521413,-3.59081224401954e-05,48.687845303867164,1.34565,1.3481869272752596,1.3431130727247405,0.0037705603615495256,0.0016521428571428323,0.5504724197831338,-0.0002525965438849864,-0.0006238303181533844,0.0014314604547191307,0
2026-06-01 22:00:00+00:00,1.34573,1.34596,1.34554,1.34578,602,1.3456959999999998,1.345087,1.34566,1.3449382,1.345576045368733,1.3454068041959735,0.00016924117275962658,0.00019218607398809666,-2.2944901228470082e-05,45.40778839088889,1.34566,1.348197342165163,1.3431226578348372,0.0037711489754661373,0.001587857142857125,0.41637976209107636,-0.0004753345909894735,-0.0004085179710769937,0.0014317498616014427,1
2026-06-01 23:00:00+00:00,1.34577,1.34606,1.3456299999999999,1.3459400000000001,767,1.345748,1.345542,1.3457085,1.3449756,1.345632038388928,1.3454463001814607,0.00018573820746725644,0.00019089650068392864,-5.158293216672195e-06,50.039463299132066,1.3457085,1.3482273240781752,1.3431896759218247,0.0037434913700482306,0.0014899999999999913,0.6057281833195398,0.00019321086736834303,0.003392003816936162,0.0006555402305675658,1
2026-06-02 00:00:00+00:00,1.34596,1.34619,1.34523,1.34536,1714,1.34564,1.34571,1.3456914999999998,1.3450004000000002,1.3455901863290929,1.345439907575426,0.00015027875366691035,0.000182772951280525,-3.2494197613614645e-05,46.43410852713164,1.3456914999999998,1.348215150447051,1.3431678495529487,0.0037507117300676455,0.001482857142857135,0.45833695928699486,-0.0004012185154914638,0.0012502976899260165,0.0004865726572469771,1
2026-06-02 01:00:00+00:00,1.34539,1.3461400000000001,1.34505,1.34517,2140,1.3455860000000002,1.345739,1.3456355,1.3450164,1.3455255422784633,1.345419914421689,0.0001056278567743707,0.00016734393237929416,-6.171607560492346e-05,44.747081712062325,1.3456355,1.3481529295578831,1.3431180704421168,0.003741621795624661,0.0015114285714285763,0.3893692812155168,-0.00020067784516586418,0.0002156326214977078,0.00040891203121756997,1
2026-06-02 02:00:00+00:00,1.34517,1.34566,1.34508,1.34535,1388,1.34552,1.345672,1.345542,1.3450418,1.3454985357740843,1.3454147355756374,8.380019844689279e-05,0.0001506351855928139,-6.68349871459211e-05,46.183800623053024,1.345542,1.3479480852677634,1.3431359147322366,0.003576380771114428,0.0015035714285714294,0.5695760272657805,-0.0002452291778134441,-0.0004977637776555355,0.00029518229192014497,1
2026-06-02 03:00:00+00:00,1.3453300000000001,1.3458700000000001,1.3453300000000001,1.3458,1252,1.345524,1.34561,1.3455290000000002,1.3450786000000001,1.3455449148857637,1.345443273681148,0.00010164120461575443,0.000140836389397402,-3.9195184781647564e-05,76.40718562874241,1.3455290000000002,1.3479260938545097,1.3431319061454907,0.003563050450060132,0.0011585714285714374,0.999999999996893,1.4861270044130848e-05,-0.0004604803850208894,0.0003002472394614794,1
2026-06-02 04:00:00+00:00,1.34578,1.34647,1.34568,1.34637,1091,1.34561,1.345679,1.345496,1.3451304,1.3456718510571846,1.3455119200751418,0.00015993098204281075,0.00014465530792648375,1.5275674116327e-05,70.28657616892932,1.345496,1.3478232427779087,1.3431687572220914,0.003459308356039161,0.0009957142857143061,0.8098386821344659,0.0003194793230010262,0.0005127519172463124,0.0002755835480798287,1
2026-06-02 05:00:00+00:00,1.34638,1.34668,1.34605,1.34608,1346,1.345754,1.345697,1.3455035,1.3451875999999998,1.3457346432022332,1.3455540000695785,0.0001806431326547564,0.0001518528728721383,2.8790259782618107e-05,60.48951048950902,1.3455035,1.3478375885745069,1.343169411425493,0.0034694648873182395,0.0008750000000000226,0.5054534843832259,0.0005351727418683172,0.0001337395051639323,0.0002843510561836062,1
2026-06-02 06:00:00+00:00,1.34609,1.34813,1.34609,1.34784,2786,1.346288,1.345937,1.3455815,1.3452680000000001,1.3460585442480435,1.3457233333977678,0.0003352108502756579,0.00018852446835284224,0.00014668638192281565,64.35331230283805,1.3455815,1.3481201467592752,1.3430428532407248,0.003773308059415466,0.0008600000000000353,0.6254980076625009,0.001984879234594894,0.0017838030681411876,0.0004718992101074592,0
2026-06-02 07:00:00+00:00,1.3477999999999999,1.34787,1.3467500000000001,1.34717,2803,1.346652,1.3460860000000001,1.3456139999999999,1.3453346,1.346229537440652,1.3458304938868277,0.0003990435538243631,0.00023062828544714647,0.0001684152683772166,55.67322239031772,1.3456139999999999,1.3482190105565919,1.3430089894434079,0.0038718541224928007,0.0008192857142857367,0.35581614872885947,0.0013528078195264026,0.0011072468937638469,0.0005179851973575134,0
2026-06-02 08:00:00+00:00,1.34721,1.34756,1.34602,1.34636,2623,1.3467639999999999,1.346144,1.3456154999999999,1.3453782,1.3462496086036286,1.3458697165618796,0.00037989204174904145,0.0002604810367075255,0.00011941100504151596,55.089820359281354,1.3456154999999999,1.348222280430048,1.3430087195699516,0.0038744803846986753,0.0008664285714286013,0.33769042125124327,0.0004161093773220603,0.0004309768312800166,0.0005651768317880253,1
2026-06-02 09:00:00+00:00,1.34631,1.34704,1.34602,1.34698,2013,1.346886,1.346248,1.345895,1.3454658000000002,1.3463619765107626,1.3459519597795218,0.0004100167312408587,0.0002903881756141922,0.00011962855562666652,57.627118644068695,1.345895,1.3476555202580192,1.344134479741981,0.0026161331426583704,0.0008821428571428948,0.4165217841756751,0.0004530701070284415,0.0007726941765606732,0.0005803774981199316,1
2026-06-02 10:00:00+00:00,1.34701,1.3473899999999999,1.34661,1.34674,1891,1.347018,1.346386,1.346048,1.3455774,1.3464201339706452,1.3460103331291893,0.00040980084145592066,0.0003142707087825379,9.553013267338278e-05,59.47521865889196,1.346048,1.347503437716741,1.3445925622832589,0.0021625346447393546,0.0008900000000000256,0.4651954707900885,0.00049031261143484,0.0010257477552477745,0.0005609596439833914,1
2026-06-02 11:00:00+00:00,1.34672,1.34768,1.3464800000000001,1.3473600000000001,2080,1.346922,1.346605,1.346172,1.3456895999999998,1.3465647287443923,1.346110308452957,0.0004544202914351647,0.0003423006253130633,0.00011211966612210142,61.60220994475132,1.346172,1.3476310205799003,1.3447129794200996,0.002167658486286043,0.0009392857142857298,0.5323775397893011,-0.0003561253561251698,0.001628047012645295,0.0005641468919167703,0
2026-06-02 12:00:00+00:00,1.34738,1.34775,1.34703,1.34715,2434,1.346918,1.3467850000000001,1.3462285,1.3457968000000002,1.3466547704760243,1.3461873226416297,0.0004674478343946742,0.0003673300671293855,0.00010011776726528867,59.31972789115629,1.3462285,1.3477489608027078,1.3447080391972923,0.0022588450663579545,0.0009607142857142989,0.46028421818825294,-1.4845936295970752e-05,0.0013379417995318388,0.0005731671451403936,0
2026-06-02 13:00:00+00:00,1.34718,1.3477299999999999,1.34666,1.34698,3157,1.347042,1.346903,1.3462565000000002,1.3458793999999998,1.3467048057874051,1.3462460394829923,0.00045876630441288313,0.0003856173145860851,7.314898982679804e-05,57.06521739130341,1.3462565000000002,1.3478120303715393,1.344700969628461,0.0023108974724194153,0.0010064285714285668,0.3890743919103938,0.0004605009061469101,0.0008768019022142859,0.0005737634809782086,0
2026-06-02 14:00:00+00:00,1.34698,1.34805,1.34629,1.34721,3323,1.347088,1.346987,1.346333,1.3459554,1.3467825279739583,1.346317443965736,0.0004650840082223162,0.00040151065331333144,6.357335490898478e-05,63.195435092725255,1.346333,1.347919337722037,1.344746662277963,0.002356530994987258,0.0010635714285714176,0.5827003420189397,0.00017075234970076458,0.0006238998195147172,0.0005627913821869935,0
2026-06-02 15:00:00+00:00,1.34722,1.3479999999999999,1.3470900000000001,1.34789,2870,1.347318,1.347168,1.3464325000000001,1.3460358000000001,1.346952908285657,1.346433929597907,0.0005189786877499714,0.00042500426020065945,9.39744275493119e-05,68.13333333333301,1.3464325000000001,1.3481487980356868,1.3447162019643135,0.0025494007842006565,0.001050714285714254,0.7262433610952409,0.0008539138957779357,0.0013446451919649771,0.0005693156380690447,0
2026-06-02 16:00:00+00:00,1.34789,1.3479700000000001,1.34641,1.3466,2415,1.347166,1.347044,1.3464905,1.3460136,1.3468986147032482,1.3464462311091734,0.0004523835940748455,0.0004304801269754967,2.190346709934882e-05,57.25900116143983,1.3464905,1.3481427835872102,1.3448382164127899,0.0024542075673168818,0.0011207142857142527,0.10175651515695704,-0.0005640660254127017,-0.0009199905033238087,0.0004966498243246401,0
2026-06-02 17:00:00+00:00,1.3466,1.34679,1.34569,1.3458999999999999,2132,1.3469159999999998,1.346917,1.3465015,1.3459827999999998,1.3467449816719794,1.3464057695455298,0.0003392121264496062,0.0004122265268703186,-7.301440042071242e-05,50.564334085777446,1.3465015,1.3481338734737573,1.3448691265262427,0.0024246144155908203,0.0011607142857142452,0.0,-0.0009278847938241075,-0.0009427169548016368,0.0004987582816328681,1
2026-06-02 18:00:00+00:00,1.34591,1.34701,1.3453,1.3468499999999999,2030,1.3468899999999997,1.346966,1.346555,1.3459856000000001,1.3467611383378288,1.346438675505121,0.00032246283270787046,0.000394273788037829,-7.181095532995854e-05,52.59740259740149,1.346555,1.3481576753947644,1.3449523246052355,0.002380408367670747,0.001226428571428533,0.11571908467668358,-9.651219765716146e-05,0.000363944264535343,0.0005218503648269949,0
2026-06-02 19:00:00+00:00,1.34688,1.3472,1.34672,1.34683,1347,1.346814,1.346951,1.3465995000000002,1.3460112000000002,1.3467717324397013,1.3464676625047425,0.000304069934958795,0.0003762330174220222,-7.216308246322725e-05,54.18060200668906,1.3465995000000002,1.3481795396397205,1.3450194603602799,0.0023467105694310888,0.0012157142857142406,0.205832322600513,-0.00028206441460498777,-0.00011136022806579327,0.0005001360835003475,0
2026-06-02 20:00:00+00:00,1.3468200000000001,1.3471600000000001,1.3462399999999999,1.34627,857,1.3464899999999997,1.3469039999999999,1.346645,1.3460156,1.3466945428335935,1.3464530208377241,0.00024152199586935374,0.00034929081311148855,-0.00010776881724213481,39.89703989704093,1.346645,1.348123925641322,1.3451660743586782,0.0021964595588620673,0.0011349999999999655,0.0,-0.0012018784915682756,-0.0003489908965352839,0.0005144009863060113,1
2026-06-02 21:00:00+00:00,1.34633,1.34642,1.34608,1.34639,585,1.346448,1.3468069999999999,1.346706,1.3460084,1.3466476900899638,1.3464483526275222,0.00019933746244160666,0.0003193001429775122,-0.00011996268053590556,44.598337950138486,1.346706,1.3480202362200273,1.3453917637799726,0.0019517789629323013,0.0010792857142856954,0.16649841324563971,-0.00015594831427301337,-0.000719926374539992,0.0004873819154073855,0
2026-06-02 22:00:00+00:00,1.34647,1.34676,1.3461,1.34615,639,1.346498,1.3467069999999999,1.346746,1.3460218,1.3465711223838155,1.3464262524328907,0.00014486995092477528,0.0002844141045669648,-0.00013954415364218954,48.42105263157863,1.346746,1.3479285645636894,1.3455634354363106,0.0017561805473183065,0.0010164285714285373,0.30188143333117534,0.00018574931272752337,-0.0007423078350592416,0.00048786172392376346,1
2026-06-02 23:00:00+00:00,1.34615,1.34622,1.3449900000000001,1.3452600000000001,1393,1.34618,1.346535,1.3467189999999998,1.3460227999999999,1.3463694112478437,1.3463398633637864,2.9547884057290474e-05,0.00023344086046502994,-0.00020389297640773947,37.57225433526019,1.3467189999999998,1.3480120079170714,1.3454259920829281,0.0019202341647688251,0.0010314285714285245,0.0,-0.0011805323532685374,-0.0012769306151538817,0.0005223153800409246,1
2026-06-03 00:00:00+00:00,1.3452600000000001,1.34671,1.34513,1.3465500000000001,1543,1.346124,1.3464690000000001,1.346728,1.3460566,1.346397194132791,1.3463554290405433,4.176509224773639e-05,0.00019510570682157124,-0.00015334061457383485,48.80803011292399,1.346728,1.3480132622095486,1.3454427377904512,0.0019087183299801014,0.001088571428571407,0.36764983914133265,-0.00020789557702149963,-0.0004899013516822537,0.0006222526098372619,0
2026-06-03 01:00:00+00:00,1.3465500000000001,1.34718,1.34615,1.34671,1728,1.346212,1.346351,1.3467595,1.34609,1.346445318112362,1.346381693556059,6.362455630282149e-05,0.0001688094767178213,-0.0001051849204149998,45.67243675099822,1.3467595,1.3480082547481302,1.34551074525187,0.0018544584213144692,0.0010764285714285654,0.26504896689748175,0.0003268289421884951,-0.0008754423580559223,0.0005954973156405955,0
2026-06-03 02:00:00+00:00,1.3467,1.34707,1.34606,1.34628,1404,1.34619,1.346319,1.3466815,1.3461134,1.3464198845566138,1.3463741607000546,4.572385655920996e-05,0.00014419235268609904,-9.846849612688908e-05,44.372574385509886,1.3466815,1.3478375235837745,1.3455254764162257,0.0017168477977523619,0.001097142857142844,0.22251570537336954,-8.169995320828072e-05,-0.00023763552651123732,0.0005215774513651744,0
2026-06-03 03:00:00+00:00,1.34629,1.34649,1.34602,1.34628,1119,1.346216,1.3463569999999998,1.346637,1.346132,1.3463983638555963,1.3463671858333837,3.117802221264121e-05,0.00012158948659140747,-9.041146437876626e-05,45.37037037036929,1.346637,1.347782317239404,1.3454916827605963,0.0017010036697399657,0.001054285714285706,0.25516494478402835,9.657170449051122e-05,0.0002823389553459066,0.0004916780455433681,0
2026-06-03 04:00:00+00:00,1.34628,1.34638,1.34582,1.34599,977,1.346362,1.346271,1.3466185000000002,1.3461402,1.346335538647043,1.3463392461420216,-3.7074949785775857e-06,9.653009027741046e-05,-0.00010023758525598805,41.99475065616771,1.3466185000000002,1.3477942062826602,1.34544279371734,0.0017461608951014121,0.0009685714285714139,0.14471008439106262,0.0005426460312503156,-0.0006385269332144228,0.00043349353261723945,0
2026-06-03 05:00:00+00:00,1.346,1.34635,1.3449200000000001,1.34497,1433,1.3460459999999999,1.346085,1.346518,1.3461401999999998,1.3461254557782671,1.3462378205018708,-0.0001123647236036529,5.475112750119779e-05,-0.0001671158511048507,31.658291457285628,1.346518,1.3478907206945314,1.3451452793054688,0.0020389191893926636,0.0010057142857142765,0.0,-0.0011733689799859892,-0.0013810206187863105,0.0004848046815323776,0
2026-06-03 06:00:00+00:00,1.3449499999999999,1.34537,1.34365,1.34497,2954,1.345698,1.345955,1.3464295000000002,1.3461256,1.3459476933508414,1.3461439078721018,-0.00019621452126039607,4.5579977488790035e-06,-0.00020077251900927506,37.78110944527671,1.3464295000000002,1.3479610004682154,1.344897999531785,0.002274906288394993,0.0010171428571428434,0.27185567726425297,-0.0012920376324524474,-0.0009656309655567963,0.000476092477713815,1
2026-06-03 07:00:00+00:00,1.345,1.34622,1.34423,1.3456000000000001,3062,1.345562,1.345876,1.3463414999999999,1.3461118,1.3458942020660964,1.3461036184000938,-0.00020941633399740311,-3.823686860037743e-05,-0.0001711794653970257,47.72727272727456,1.3463414999999999,1.34784996418932,1.3448330358106797,0.0022408344232427773,0.0010807142857142762,0.7134694832783585,-0.000505095522476573,-0.0005867542094042388,0.00050665118045664,0
2026-06-03 08:00:00+00:00,1.3456000000000001,1.3458,1.34402,1.34424,2908,1.345154,1.345685,1.3461960000000002,1.3460522,1.345639709440543,1.3459655725926785,-0.0003258631521354527,-9.576212530739251e-05,-0.0002301010268280602,31.383737517832543,1.3461960000000002,1.3479218212385145,1.344470178761486,0.002563996978915819,0.001085714285714277,0.0,-0.001515286567430163,-0.0014188611967461684,0.0005900266510292701,0
2026-06-03 09:00:00+00:00,1.34424,1.34506,1.34422,1.34476,2394,1.344908,1.3456350000000001,1.346085,1.3460262,1.3455043695266133,1.3458762709191463,-0.0003719013925329584,-0.00015098997875250572,-0.00022091141378045268,36.21837549933353,1.346085,1.3478825831727903,1.3442874168272096,0.0026708315935328438,0.0011114285714285568,0.2774653808806676,-0.0009138255113336768,-0.000371675363870283,0.0005805299931140905,0
2026-06-03 10:00:00+00:00,1.34479,1.3459699999999999,1.34453,1.3449499999999999,2820,1.344904,1.345475,1.345972,1.3459846000000002,1.345419081907134,1.3458076582584686,-0.00038857635133449087,-0.0001985072532689028,-0.00019006909806558808,40.756302521006546,1.345972,1.3477558999263726,1.3441881000736273,0.002650723679798128,0.0011485714285713877,0.5379021817942001,-1.487022015367323e-05,-0.0011882217518845994,0.00047213141245045317,0
2026-06-03 11:00:00+00:00,1.34493,1.34558,1.34482,1.34498,2118,1.3449060000000002,1.3453019999999998,1.3458264999999998,1.3459656000000002,1.3453515308444979,1.3457463502393223,-0.0003948193948244416,-0.00023776968158001056,-0.00015704971324443105,40.00000000000063,1.3458264999999998,1.3474157967660174,1.3442372032339822,0.0023618152354967013,0.0011785714285713939,0.4944971186116277,7.4351100769476375e-06,-0.001284612128817697,0.000467700095824193,0
2026-06-03 12:00:00+00:00,1.3449499999999999,1.34508,1.34273,1.3432,3067,1.344426,1.344994,1.3456565,1.345904,1.3450205260991905,1.3455577317030751,-0.000537205603884594,-0.0002976568660409273,-0.00023954873784366672,32.82887077997687,1.3456565,1.347587960042219,1.3437250399577811,0.0028706583622475587,0.0012992857142856934,0.08293784406163701,-0.001783590963139292,-0.0022877856018064247,0.0006017995345550332,0
2026-06-03 13:00:00+00:00,1.34318,1.34364,1.34214,1.34261,4177,1.3441,1.344627,1.345492,1.3458258,1.3446496759300843,1.3453393812065497,-0.000689705276465391,-0.0003760665481258201,-0.00031363872833957093,34.01688781664656,1.345492,1.3478495509147725,1.3431344490852273,0.0035043700219289787,0.001318571428571407,0.15111949506292627,-0.00121258108671074,-0.002726030246308242,0.0005992647847981907,0
2026-06-03 14:00:00+00:00,1.34257,1.34372,1.34211,1.34366,4314,1.34388,1.344394,1.3453325,1.3457724000000002,1.3444974180946867,1.3452149825986566,-0.0007175645039698697,-0.0004443661392946301,-0.0002731983646752396,32.049689440993674,1.3453325,1.3477344279536858,1.3429305720463143,0.0035707573461367615,0.0013207142857142623,0.040747115885449416,-0.0008179898271809538,-0.0017310678385425993,0.0006865336915690623,0
2026-06-03 15:00:00+00:00,1.34366,1.34396,1.3426,1.34344,3584,1.3435780000000002,1.344241,1.3451629999999999,1.3458134000000002,1.3443347383878117,1.345083502406163,-0.0007487640183512223,-0.0005052457151059486,-0.0002435183032452737,29.83970406905061,1.3451629999999999,1.3475981989003312,1.3427278010996686,0.003620674818339906,0.0013442857142856868,0.0,-0.0011227183166659938,-0.0011375718417511171,0.0006553020112846119,0
2026-06-03 16:00:00+00:00,1.34345,1.3435000000000001,1.34154,1.34228,3019,1.343038,1.3439720000000002,1.3449635,1.3457854,1.3440186247896868,1.344875835561261,-0.0008572107715740795,-0.0005756387263995748,-0.00028157204517450477,27.375565610860164,1.3449635,1.347656909304985,1.342270090695015,0.004005178289202752,0.001412142857142846,0.0,-0.0020074647950156788,-0.0020000446106605008,0.000694387852430354,0
2026-06-03 17:00:00+00:00,1.34229,1.3428499999999999,1.34147,1.34159,1956,1.342716,1.343571,1.3447235,1.3457196000000002,1.343644990206658,1.3446324403344998,-0.000987450127841738,-0.0006580010066880075,-0.0003294491211537305,25.393494228752132,1.3447235,1.3477200683882131,1.3417269316117868,0.004456779982224095,0.0014771428571428435,0.0,-0.0011986301369861785,-0.0029800832342450345,0.0006578554404319438,1
2026-06-03 18:00:00+00:00,1.34158,1.34182,1.34117,1.34165,1637,1.3425239999999998,1.343312,1.3444985,1.3456322,1.343338068636403,1.3444115188282397,-0.0010734501918368,-0.0007410908437177661,-0.0003323593481190339,26.666666666666828,1.3444985,1.3477119996499116,1.3412850003500885,0.004780220505878701,0.0014835714285714255,0.05700658480127875,-0.0007150252120869949,-0.0019267392727490007,0.0006140520297604107,1
2026-06-03 19:00:00+00:00,1.34162,1.34207,1.34152,1.34195,1572,1.342182,1.3430309999999999,1.3443330000000002,1.3455428,1.3431245196154178,1.3442291841002214,-0.0011046644848036191,-0.0008138055719349369,-0.0002908589128686822,32.400932400932334,1.3443330000000002,1.3477177465892842,1.3409482534107162,0.005035577627394409,0.001420714285714299,0.31375963420665376,-0.001272643377044913,-0.0020895921948898,0.0005989186942539774,1
2026-06-03 20:00:00+00:00,1.34196,1.34212,1.3415599999999999,1.34173,1019,1.34184,1.342709,1.344092,1.3454638,1.3429099781361227,1.3440440593520566,-0.0011340812159339464,-0.0008778607007347388,-0.00025622051519920755,31.590909090909435,1.344092,1.3474984125287142,1.340685587471286,0.005068719297063144,0.0013378571428571684,0.27749065669920414,-0.0012728517834811326,-0.002394141046135334,0.0005867374132551092,1
2026-06-03 21:00:00+00:00,1.34171,1.34181,1.34146,1.34181,735,1.341746,1.342392,1.3438469999999998,1.3453819999999999,1.3427407507305653,1.3438785734741259,-0.001137822743560557,-0.0009298531092999026,-0.00020796963426065443,27.030303030300942,1.3438469999999998,1.3471642728177473,1.3405297271822523,0.00493697990581892,0.0012207142857143052,0.10654359348891947,-0.0003501504902106989,-0.0023569123704442196,0.0005887031353033353,1
2026-06-03 22:00:00+00:00,1.34186,1.3428499999999999,1.34115,1.34226,812,1.3418800000000002,1.342298,1.3436460000000001,1.3453184000000002,1.342666789079709,1.3437586791427087,-0.0010918900629997008,-0.0009622605000398623,-0.0001296295629598385,36.51226158038025,1.3436460000000001,1.3468269128117245,1.3404650871882757,0.0047347483068075815,0.0012149999999999978,0.7237457592412694,0.000499407419554343,-0.0006998213222155769,0.00046989394191026515,0
2026-06-03 23:00:00+00:00,1.34225,1.3428,1.34173,1.34262,1138,1.342074,1.3422990000000001,1.343463,1.3452572,1.3426595907597538,1.343674332539545,-0.0010147417797912173,-0.0009727567559901333,-4.198502380108396e-05,35.09749303621095,1.343463,1.346419043586319,1.3405069564136811,0.004400632672904214,0.0012314285714285658,0.6316552691924295,0.0007229903477061761,7.448179292435242e-06,0.00046128516514034034,1
2026-06-04 00:00:00+00:00,1.3426,1.3431600000000001,1.34223,1.34253,2288,1.34219,1.3421859999999999,1.34329,1.3451921999999998,1.3426396537197918,1.343589567166245,-0.0009499134464532322,-0.0009681880940827531,1.8274647629520956e-05,32.90960451977435,1.34329,1.346019665489437,1.3405603345105632,0.004064149200004276,0.0011950000000000096,0.514572780696496,0.00043220686314682233,-0.00084098655909981,0.00037077474514602473,1
2026-06-04 01:00:00+00:00,1.34253,1.34277,1.3422100000000001,1.3427,2039,1.3423839999999998,1.342112,1.3431764999999998,1.3451274,1.342648937762901,1.3435236733020786,-0.0008747355391776068,-0.000949497583101724,7.476204392411719e-05,34.21052631578809,1.3431764999999998,1.345798698956684,1.3405543010433156,0.0039044741427267994,0.001180714285714281,0.7929864712625345,0.000722947239757632,-0.0005508247484070639,0.00037518597363494756,1
2026-06-04 02:00:00+00:00,1.34271,1.34277,1.3421,1.3425799999999999,1441,1.342538,1.342142,1.343057,1.3450718000000002,1.3426383319532238,1.3434537715759987,-0.0008154396227748606,-0.0009226859910363514,0.00010724636826149082,44.42446043165366,1.343057,1.3455496933224962,1.3405643066775037,0.003711969518041665,0.001060714285714272,0.9999999999947455,0.0005738517375784014,0.00022350031290030437,0.0002482366432091531,0
2026-06-04 03:00:00+00:00,1.3425799999999999,1.3425799999999999,1.34168,1.34226,1241,1.342538,1.342209,1.3428900000000001,1.3450136000000001,1.3425801270373432,1.3433653440518505,-0.000785217014507289,-0.0008951921957305389,0.00010997518122324995,46.69187145557561,1.3428900000000001,1.3450964403339747,1.3406835596660256,0.0032861073266977135,0.001017857142857134,0.9999999999953049,0.0,0.000499407419554343,0.00019067563656020026,1
2026-06-04 04:00:00+00:00,1.34225,1.34315,1.3422100000000001,1.34308,1177,1.3426300000000002,1.342352,1.342832,1.3449682,1.3426570305700596,1.343344207455417,-0.0006871768853573545,-0.000853589133655902,0.00016641224829854742,44.26877470355663,1.342832,1.3449481593811285,1.3407158406188715,0.0031517857500097165,0.0009699999999999788,0.8862309214311447,0.0003426136956101722,0.0010658517497112996,0.0002603014151601801,1
2026-06-04 05:00:00+00:00,1.34308,1.3432,1.34204,1.3427799999999999,1565,1.34268,1.342435,1.3427330000000002,1.3449078,1.3426759489438966,1.3433024143105712,-0.0006264653666745446,-0.0008081643802596304,0.00018169901358508587,43.57976653696359,1.3427330000000002,1.3446447707416023,1.340821229258398,0.0028475813756004987,0.0009557142857142661,0.8538806555281603,0.0001862155780503194,0.0006185029248479967,0.00027588029728697476,1
2026-06-04 06:00:00+00:00,1.34277,1.3434599999999999,1.34239,1.34277,2587,1.3426939999999998,1.342539,1.342624,1.3448358000000002,1.3426904183371433,1.343262976213492,-0.0005725578763486894,-0.0007610430794774423,0.00018848520312875292,56.14035087719504,1.342624,1.3442272388271463,1.3410207611728537,0.002388217143662414,0.0008921428571428176,0.9999999999967477,5.2133760333639145e-05,0.0007751186900493146,0.00026590636381941925,1
2026-06-04 07:00:00+00:00,1.34279,1.34291,1.34112,1.34214,3080,1.342606,1.342572,1.342482,1.344757,1.3426057385929675,1.3431797927902702,-0.0005740541973027202,-0.000723645303042498,0.00014959110573977774,56.99745547073937,1.342482,1.3436508518883385,1.3413131481116614,0.0017413296987797166,0.0009214285714285334,0.9999999999967031,-0.00032772721178608855,0.00024593645896220373,0.000317446202715391,1
2026-06-04 08:00:00+00:00,1.34214,1.34356,1.3421,1.34298,2676,1.34275,1.342644,1.3424710000000002,1.3446598,1.3426633172709725,1.3431649933243244,-0.0005016760533518294,-0.0006792514531043643,0.00017757539975253491,64.11889596603166,1.3424710000000002,1.3436152837336908,1.3413267162663096,0.0017047425734940662,0.0009792857142856745,0.9999999999973037,0.000536408743462502,0.000536408743462502,0.00035954185827589627,1
2026-06-04 09:00:00+00:00,1.34302,1.3442,1.34293,1.34366,2806,1.3428660000000001,1.342748,1.3425235,1.3445896000000002,1.3428166530754384,1.3432016604854855,-0.00038500741004710015,-0.0006204026444929116,0.0002353952344458114,66.79764243615163,1.3425235,1.3437849824195234,1.3412620175804766,0.0018792705223013176,0.0010307142857142499,0.9999999999974853,0.0004318432260177474,0.0007746048770316261,0.0003824826605866592,1
2026-06-04 10:00:00+00:00,1.34366,1.34436,1.34334,1.34429,2505,1.343168,1.342924,1.3425550000000002,1.3445482000000002,1.3430433218330633,1.3432822782273015,-0.00023895639423821002,-0.0005441133944419713,0.0003051570002037613,73.27272727272795,1.3425550000000002,1.3439593466358821,1.3411506533641182,0.0020920508074260776,0.001063571428571386,0.9999999999978374,0.0011245326859203875,0.001310957669474755,0.00039724021582656754,0
2026-06-04 11:00:00+00:00,1.3443100000000001,1.34622,1.34423,1.34586,3193,1.3437860000000001,1.34324,1.342676,1.3445258000000002,1.3434766569356689,1.343473220580835,3.436354833796784e-06,-0.00043460344458681765,0.00043803979942061443,78.96995708154655,1.342676,1.34468727767719,1.3406647223228099,0.0029959240757861396,0.0011807142857142492,0.9999999999978288,0.002301213163832916,0.0023534668950622173,0.0005149686424931404,0
2026-06-04 12:00:00+00:00,1.34584,1.3462399999999999,1.34521,1.34554,3069,1.344466,1.3435359999999998,1.3428390000000001,1.3445018000000002,1.3437940943301814,1.3436263153526253,0.00016777897755604343,-0.0003141269601582454,0.00048190593771428884,73.9067055393587,1.3428390000000001,1.3452111711130306,1.3404668288869697,0.0035330685406522334,0.0011328571428571102,0.8900735391574247,0.0025332677664027248,0.0022047103338349583,0.000527350531819808,0
2026-06-04 13:00:00+00:00,1.34554,1.34571,1.3448,1.34508,3254,1.344886,1.3438180000000002,1.3430135,1.3444562000000002,1.343991925971692,1.3437339956968752,0.00025793027481668673,-0.00019971551316325898,0.00045764578797994574,67.67241379310474,1.3430135,1.3455090646972008,1.3405179353027994,0.00371636576579564,0.001121428571428543,0.7547230392262849,0.0015636867265336196,0.002100934245228281,0.0005382595220264588,0
2026-06-04 14:00:00+00:00,1.34508,1.34542,1.34347,1.34433,3387,1.34502,1.3439429999999999,1.3431475,1.3443998,1.3440439373606625,1.3437781441637733,0.0002657931968892413,-0.00010661377115275892,0.0003724069680420002,61.811023622047465,1.3431475,1.3456225194044993,1.3406724805955006,0.0036854022428651294,0.0011942857142856875,0.6166409365356015,0.000498638048315847,0.000930696607796877,0.0005675965422898126,0
2026-06-04 15:00:00+00:00,1.34432,1.34439,1.34294,1.34389,3046,1.34494,1.344054,1.3432445,1.3443380000000003,1.3440202546897912,1.3437864297812716,0.000233824908519642,-3.852603521827872e-05,0.0002723509437379207,57.541191381495764,1.3432445,1.3456735476799753,1.3408154523200246,0.0036166873268050842,0.00125785714285712,0.39449984952482103,-0.0002975548430770303,0.0008266432326964335,0.0005749408853960014,0
2026-06-04 16:00:00+00:00,1.34391,1.34418,1.3434,1.34345,2450,1.344458,1.344122,1.3433305,1.3442627999999999,1.3439325231990542,1.343761509056733,0.00017101414232123524,3.382000289624082e-06,0.00016763214203161116,55.298416565165454,1.3433305,1.3456532431604649,1.341007756839535,0.003458185696617295,0.001265714285714267,0.3311270679203076,-0.0017906765934049274,0.0005064158418790488,0.0005892453013623357,0
2026-06-04 17:00:00+00:00,1.34349,1.34363,1.34259,1.34267,1865,1.3438839999999999,1.3441750000000001,1.3433734999999998,1.3441584,1.3437382888607383,1.3436806565340123,5.7632326726064775e-05,1.4232065576912224e-05,4.340026114915255e-05,52.364475201845586,1.3433734999999998,1.3456078846438904,1.3411391153561092,0.003326527795718147,0.0012757142857142848,0.2482243957909917,-0.0021329726355217016,0.00039489174005691297,0.0006011032984851469,0
2026-06-04 18:00:00+00:00,1.34266,1.34293,1.34231,1.34246,1517,1.34336,1.3441230000000002,1.3433835,1.3440755999999998,1.3435416290360094,1.3435902375314928,-4.8608495483382086e-05,1.6639533648533587e-06,-5.0272448848235444e-05,46.153846153845734,1.3433835,1.3455986086465006,1.3411683913534995,0.0032978053497017654,0.0012528571428571508,0.07273426837394847,-0.001947839533708029,-0.0003871986179988518,0.0005662264579964587,0
2026-06-04 19:00:00+00:00,1.34246,1.34259,1.34214,1.34239,1255,1.342972,1.343996,1.343372,1.3440054000000001,1.3433644553381616,1.3435013310476782,-0.0001368757095165929,-2.6043979211435903e-05,-0.00011083173030515699,47.50957854406193,1.343372,1.3456061050250985,1.3411378949749015,0.0033261152161850405,0.00120214285714285,0.04131301217255641,-0.0014430980488422396,-0.000945179584121103,0.0005330800219362128,0
2026-06-04 20:00:00+00:00,1.34237,1.34247,1.34201,1.3423,751,1.342654,1.343797,1.3433605,1.3439143999999998,1.3432006929784446,1.343412343562665,-0.00021165058422045746,-6.316530021324022e-05,-0.00014848528400721722,47.02907711757283,1.3433605,1.3456151277554846,1.3411058722445153,0.0033566980054641833,0.0011585714285714374,0.02667077051429726,-0.0011831325480508026,-0.0014803353443081368,0.0004957926023334719,1
2026-06-04 21:00:00+00:00,1.34231,1.34253,1.34202,1.34216,1000,1.3423960000000001,1.343427,1.3433335000000002,1.3438210000000002,1.3430405863663764,1.3433195773728381,-0.00027899100646178177,-0.00010633044146294853,-0.00017266056499883325,50.134770889487264,1.3433335000000002,1.3456339006516058,1.3410330993483945,0.0034249136965699705,0.0010671428571428696,0.1213100706662047,-0.0009602143734415147,-0.0027491715334433398,0.00018876725666804349,1
2026-06-04 22:00:00+00:00,1.34231,1.34259,1.34215,1.34235,408,1.342332,1.3431080000000002,1.3433220000000001,1.3437426,1.3429343423100106,1.343247756826702,-0.00031341451669142373,-0.00014774725650864358,-0.00016566726018278014,45.34711964549383,1.3433220000000001,1.3456404895264427,1.3410035104735576,0.0034518745713128128,0.0009942857142857253,0.0,-0.00023833108656634572,-0.0023707953684023453,0.00023061038600523162,1
2026-06-04 23:00:00+00:00,1.34235,1.34246,1.34212,1.34225,580,1.34229,1.342825,1.3433215,1.3436597999999997,1.3428290588777012,1.343173848913613,-0.00034479003591170176,-0.00018715581238925525,-0.0001576342235224465,38.61066235864175,1.3433215,1.345640957967537,1.341002042032463,0.00345331771662549,0.0009278571428571469,0.0,-0.00015642924183967288,-0.0021039640764862755,0.00023263141594773737,1
2026-06-05 00:00:00+00:00,1.3422100000000001,1.34237,1.34178,1.34234,1946,1.3422800000000001,1.3426259999999999,1.3432845,1.3435836,1.3427538190503627,1.3431120823274194,-0.0003582632770566807,-0.00022137730532274038,-0.00013688597173394033,32.7433628318598,1.3432845,1.345643451372742,1.340925548627258,0.003512214088291798,0.0008971428571428662,0.0,-3.7246999754048105e-05,-0.0014802912975235838,0.00021205171048720446,1
2026-06-05 01:00:00+00:00,1.34234,1.34249,1.34157,1.34237,2144,1.3422939999999999,1.342474,1.343264,1.3435258,1.3426947699656915,1.343057113266129,-0.00036234330043760643,-0.00024957050434571364,-0.00011277279609189279,7.542579075426474,1.343264,1.3456484001783553,1.3408795998216447,0.003550158685642262,0.0008207142857143016,0.0,5.2149295984404986e-05,-0.001131044951595661,0.00020800993423395327,1
2026-06-05 02:00:00+00:00,1.34239,1.34284,1.34227,1.34238,1522,1.342338,1.3423669999999999,1.3432445,1.3434423999999998,1.3426463438171237,1.3430069567278973,-0.0003606129107736056,-0.00027177898563129205,-8.883392514231353e-05,8.421052631576103,1.3432445,1.3456521761016673,1.3408368238983326,0.0035848664955149515,0.0007878571428571655,0.014609612021599246,0.00016391488347133887,-0.0007964568833973562,0.0001963084810787781,1
2026-06-05 03:00:00+00:00,1.3424,1.34276,1.34226,1.34267,1489,1.342402,1.3423669999999999,1.343271,1.3433615999999997,1.3426499832298737,1.3429819969702754,-0.0003320137404017043,-0.0002838259365853745,-4.8187803816329786e-05,16.804407713498506,1.343271,1.3456388273407924,1.3409031726592078,0.003525464840367026,0.0007585714285714497,0.1706669265248298,0.0002383879018139634,0.0,0.00011540552977475566,1
2026-06-05 04:00:00+00:00,1.34268,1.34314,1.34253,1.34293,1303,1.342538,1.342414,1.3432685,1.3432946000000001,1.34269306273297,1.3429781453428475,-0.0002850826098774739,-0.0002840772712437944,-1.005338633679523e-06,27.707006369425102,1.3432685,1.3456377261672523,1.3408992738327477,0.0035275541222805793,0.0006628571428571555,0.4032997390111676,0.0005066120320358358,0.0003501035412600828,0.00011577941857077792,1
2026-06-05 05:00:00+00:00,1.34294,1.34315,1.34247,1.34252,1347,1.342574,1.342427,1.3432115,1.3432193999999997,1.3426664376971285,1.3429442086507848,-0.0002777709536563311,-0.0002828160077263017,5.0450540699706315e-06,27.97427652732931,1.3432115,1.3455958725865715,1.3408271274134285,0.0035502563618187264,0.00060785714285716,0.4278366483730935,0.0001340941937213458,9.684219936079153e-05,0.00015721617369526838,1
2026-06-05 06:00:00+00:00,1.3425,1.34358,1.34233,1.34348,2341,1.342796,1.3425449999999999,1.343171,1.3431691999999997,1.3427916011283396,1.3429838968988748,-0.00019229577053514468,-0.0002647119602880703,7.241618975292562e-05,50.41322314049552,1.343171,1.345505229502092,1.3408367704979078,0.003475699672032907,0.0006414285714285864,0.9564665435852545,0.000826895714296283,0.0008790881323101907,0.0002693512776597854,1
2026-06-05 07:00:00+00:00,1.34345,1.34482,1.34336,1.34446,2411,1.3432119999999999,1.342775,1.343101,1.343159,1.3430482778778259,1.3430932378693285,-4.495999150266883e-05,-0.00022076156653099,0.00017580157502832116,73.36814621409867,1.343101,1.3451638942366482,1.341038105763352,0.003071837838923613,0.0006714285714285609,0.9999999999984808,0.001549486732519867,0.0017136555999284209,0.00032627034286805467,0
2026-06-05 08:00:00+00:00,1.3445,1.34578,1.3444,1.34548,2348,1.343774,1.343088,1.343098,1.3431692000000002,1.3434223889735448,1.343270035064193,0.00015235390935175452,-0.00014613847135444108,0.0002984923807061956,82.54310344827627,1.343098,1.3451460810016918,1.341049918998308,0.003049786391896717,0.0007257142857142661,0.9999999999986666,0.0020928448539103695,0.0023317316646180863,0.00037477843522432065,0
2026-06-05 09:00:00+00:00,1.34545,1.34697,1.34522,1.34643,2695,1.344474,1.343506,1.3431655,1.3431857999999999,1.3438850983622301,1.3435041065409197,0.0003809918213104613,-4.0712412821460575e-05,0.00042170423413192187,86.59420289855132,1.3431655,1.345549980303086,1.340781019696914,0.0035505383410844187,0.0008185714285714145,0.999999999998735,0.0026062415762548863,0.0031141739616316055,0.0003847731554148151,0
2026-06-05 10:00:00+00:00,1.34642,1.34829,1.3463,1.34742,2394,1.3454540000000001,1.344014,1.3433199999999998,1.3432494,1.3444289293834255,1.343794172723074,0.0006347566603515098,9.438140181313354e-05,0.0005403752585383763,89.87538940809922,1.3433199999999998,1.3463383508916749,1.3403016491083248,0.00449386727164788,0.0009278571428571152,0.9999999999987854,0.0036498525161636763,0.0037844361339154364,0.0003955638507379541,0
2026-06-05 11:00:00+00:00,1.3473899999999999,1.3475,1.3466,1.34681,2426,1.34612,1.344458,1.343466,1.3432904,1.3447952479398215,1.3440175673361796,0.000777680603641917,0.00023104124217889028,0.0005466393614630267,83.74455732946299,1.343466,1.3468596001687403,1.3400723998312598,0.005052007521947322,0.0009557142857142502,0.9255359794721371,0.002478637568106734,0.003307582857185354,0.00046537305793525847,0
2026-06-05 12:00:00+00:00,1.34684,1.34688,1.3403800000000001,1.34042,4980,1.345312,1.344262,1.3433145,1.3431997999999998,1.3441221328721566,1.343751080866833,0.0003710520053237243,0.0002590433948078571,0.00011200861051586717,42.627960275019305,1.3433145,1.3469714269526276,1.3396575730473723,0.005444632589952164,0.0013885714285713899,0.4261409401402034,-0.003004923909971313,-0.0014600932671821054,0.0016780091042398874,0
2026-06-05 13:00:00+00:00,1.34046,1.3421699999999999,1.3394300000000001,1.33981,7506,1.3441779999999999,1.343976,1.3431715,1.3430964,1.3434587278149017,1.3434591489507712,-4.2113586951053605e-07,0.00020715048867238359,-0.00020757162454189412,41.02941176470607,1.3431715,1.3471445527835744,1.3391984472164256,0.005915927762872283,0.0015599999999999423,0.40672524785601893,-0.004214109462793991,-0.0021300840861865344,0.0016753910853688693,0
2026-06-05 14:00:00+00:00,1.33979,1.34087,1.3379400000000001,1.33863,5665,1.342618,1.3435460000000001,1.3429799999999998,1.343005,1.3427158466126092,1.343101434213677,-0.00038558760106766066,8.86028707243747e-05,-0.00047419047179203533,37.37236215112294,1.3429799999999998,1.3474371645459295,1.3385228354540701,0.006637722893758215,0.0017271428571427844,0.3623073590605064,-0.005793097301753591,-0.003201953936541768,0.0016809305710925844,0
2026-06-05 15:00:00+00:00,1.33864,1.33876,1.33563,1.33585,4195,1.340304,1.342879,1.3426529999999999,1.3428698,1.3416595625183616,1.3425642909385898,-0.0009047284202281514,-0.00011006338746613057,-0.0007946650327620208,31.307339449541175,1.3426529999999999,1.3481343601846356,1.3371716398153641,0.008164969183602528,0.0018849999999999145,0.28097075887717854,-0.008586780662302784,-0.004968268629145123,0.0017702506483308104,0
2026-06-05 16:00:00+00:00,1.3358400000000001,1.33592,1.33404,1.33555,3950,1.338052,1.3420860000000001,1.3423155,1.3427076,1.340719629823229,1.3420447138320275,-0.0013250840087986049,-0.00035306751173262555,-0.0009720164970659793,30.738860688099834,1.3423155,1.3486527764364205,1.3359782235635795,0.009442305384122374,0.0019785714285713535,0.1906974923755799,-0.008360496283811414,-0.005902581355881731,0.0017231035611049242,0
2026-06-05 17:00:00+00:00,1.33556,1.33565,1.3336700000000001,1.33416,2984,1.3368,1.3410559999999998,1.3419155,1.3425219999999998,1.3397104560042705,1.341460660955581,-0.0017502049513105078,-0.0006324949996482022,-0.0011177099516623055,27.403080191184387,1.3419155,1.3492288345407757,1.3346021654592244,0.0108998436053174,0.0020842857142856336,0.0,-0.00467017800390912,-0.00766106838433267,0.0016622912198453763,0
2026-06-05 18:00:00+00:00,1.33417,1.33439,1.33335,1.33365,3116,1.3355679999999999,1.339873,1.3414804999999999,1.3423494,1.3387780781574596,1.3408820934773897,-0.002104015319930097,-0.0009267990637045812,-0.0011772162562255159,25.68134171907795,1.3414804999999999,1.3496677596147946,1.3332932403852051,0.012206304325399762,0.0021149999999999147,0.0,-0.004597666833356939,-0.008792401224841706,0.0015831725872769448,0
2026-06-05 19:00:00+00:00,1.33364,1.33403,1.3329900000000001,1.33375,2571,1.334592,1.3386049999999998,1.3410555,1.3421926,1.3380045276716965,1.340353790256842,-0.0023492625851455617,-0.0012112917679927776,-0.001137970817152784,26.63825253063436,1.3410555,1.3499283360742242,1.3321826639257757,0.013232615763067656,0.002140714285714194,0.0149065348891931,-0.003645518179033802,-0.009417496639260836,0.0015243374844416788,1
2026-06-05 20:00:00+00:00,1.33373,1.33407,1.33304,1.33399,1875,1.33422,1.337262,1.3406379999999998,1.3420394,1.3373869080298972,1.339882398385965,-0.0024954903560676645,-0.001468131485607755,-0.0010273588704599094,23.711911357340895,1.3406379999999998,1.350027126073342,1.3312488739266575,0.014006952023353513,0.0021249999999999165,0.0,-0.0013923718980424216,-0.009967196568256398,0.001465305563491496,0
2026-06-07 21:00:00+00:00,1.33288,1.33288,1.33188,1.33218,449,1.333546,1.335799,1.3401285,1.341844,1.3365858452560668,1.339311850357375,-0.002726005101308271,-0.0017197062087478585,-0.0010062988925604124,17.478813559322248,1.3401285,1.3502028097451972,1.3300541902548029,0.0150348414278141,0.002171428571428507,0.0,-0.002523305005428522,-0.010862705207119183,0.0014556289149319104,1
2026-06-07 22:00:00+00:00,1.33232,1.3329900000000001,1.33159,1.33235,1706,1.333184,1.334992,1.3396270000000001,1.3416564,1.3359341767551336,1.33879615773831,-0.002861980983176471,-0.0019481611636335814,-0.0009138198195428895,13.588463671658545,1.3396270000000001,1.3502148919923744,1.3290391080076258,0.01580722393975981,0.0021728571428570875,0.0,-0.0013566588714997163,-0.006020501036988368,0.0007325172163543294,1
2026-06-07 23:00:00+00:00,1.33235,1.33361,1.33233,1.33348,1242,1.33315,1.3343589999999999,1.3391674999999998,1.3414898000000002,1.3355566111004977,1.3384023682762132,-0.0028457571757154465,-0.002127680366049955,-0.0007180768096654916,14.442613948380526,1.3391674999999998,1.3499943124774163,1.3283406875225834,0.016169467191245995,0.002139285714285661,0.011196548667747028,-0.0001274697259401325,-0.0047245504959657625,0.0008656690100492195,1
2026-06-08 00:00:00+00:00,1.3335,1.33488,1.3334,1.33487,2004,1.3333739999999998,1.333983,1.3387645000000001,1.341342,1.335450978623498,1.3381407113668637,-0.0026897327433657026,-0.0022400908415131046,-0.000449641901852598,16.281569048898717,1.3387645000000001,1.3496016514513292,1.3279273485486711,0.016189780131350986,0.0021028571428571047,0.03838733368440251,0.0008397375820057285,-0.002808841875649004,0.0009721252788640852,0
2026-06-08 01:00:00+00:00,1.33483,1.33501,1.3318400000000001,1.33366,4037,1.333308,1.333764,1.3383215,1.3411628,1.3351754434506522,1.3378088068211702,-0.002633363370518005,-0.0023187453473140847,-0.00031461802320392014,15.773034877668195,1.3383215,1.349236342188511,1.327406657811489,0.016311240891685622,0.0022649999999999615,0.07522758523814445,-0.00024737816625308717,-0.0016394056218885789,0.0007841719193135896,0
2026-06-08 02:00:00+00:00,1.33369,1.33427,1.3327200000000001,1.33389,2683,1.33365,1.3335979999999998,1.337842,1.3409900000000001,1.3349776829197826,1.337518524834417,-0.0025408419146344396,-0.0023631646607781558,-0.00017767725385628387,24.9808429118777,1.337842,1.348644681148683,1.327039318851317,0.01614941248470745,0.0019114285714285323,0.41515982616737757,0.0012836103229294515,-0.0012429336228519938,0.0007907753106805109,0
2026-06-08 03:00:00+00:00,1.33391,1.33417,1.33341,1.33409,1476,1.333998,1.333591,1.3373234999999999,1.3408177999999997,1.3348411163167393,1.3372645600318678,-0.0024234437151284816,-0.0023752204716482213,-4.8223243480260275e-05,27.37341772151916,1.3373234999999999,1.3477785955091466,1.3268684044908532,0.015635851025046214,0.0017699999999999858,0.579591863869791,0.0013059631478216094,-5.246747016851572e-05,0.0007242560179830513,0
2026-06-08 04:00:00+00:00,1.3341,1.3345500000000001,1.33374,1.33395,1507,1.334092,1.333621,1.3367470000000001,1.3406452,1.3347040214987795,1.3370190370665442,-0.0023150155677647,-0.002363179490871517,4.816392310681705e-05,29.82758620689657,1.3367470000000001,1.3465602329562056,1.3269337670437946,0.014682259180242047,0.0016185714285714375,0.9164871822972349,0.0003524612292646889,0.00022494657518845607,0.000713434333705056,0
2026-06-08 05:00:00+00:00,1.33399,1.33486,1.3325,1.33281,2771,1.33368,1.333527,1.336066,1.3404562000000002,1.3344126335758904,1.3367072565430962,-0.0022946229672058394,-0.0023494681861383816,5.4845218932542215e-05,34.738955823293466,1.336066,1.3448904526295213,1.3272415473704786,0.013209605857077962,0.001563571428571442,0.9999999999952721,-0.0015432214372934627,-0.0007047797563261016,0.0007645953086212748,1
2026-06-08 06:00:00+00:00,1.33278,1.33311,1.33195,1.33228,3690,1.3334039999999998,1.333356,1.335309,1.3402402,1.3340845361026763,1.336379311613978,-0.002294775511301639,-0.002338529651171033,4.3754139869394294e-05,33.95485770363072,1.335309,1.3424739230355545,1.3281440769644457,0.010731483178132375,0.0015121428571428666,0.9629276655059573,-0.0010347464871107714,-0.0012818686796752798,0.0007654123294337519,1
2026-06-08 07:00:00+00:00,1.33229,1.33466,1.33203,1.3327499999999999,3739,1.333176,1.333413,1.334606,1.3400395999999999,1.3338792228561107,1.3361104737166463,-0.0022312508605355497,-0.0023170738930439363,8.582303250838667e-05,42.39482200647186,1.334606,1.339379564926282,1.3298324350737178,0.007153519355198635,0.0015585714285714408,0.9999999999965286,-0.0008546431864697723,0.0004278701076430025,0.0006413127676291345,1
2026-06-08 08:00:00+00:00,1.3327499999999999,1.33356,1.33195,1.33213,3871,1.332784,1.3333910000000002,1.3341915,1.3398268,1.3336101116474783,1.3358156238117094,-0.0022055121642310382,-0.0022947615472813567,8.924938305031847e-05,41.89765458422188,1.3341915,1.3382211181091312,1.3301618818908687,0.006040539321576059,0.0015992857142857395,0.9827410526325567,-0.0014691662481541856,-0.00016512177731065059,0.0006597528833930156,1
2026-06-08 09:00:00+00:00,1.33213,1.33273,1.33054,1.3326500000000001,3709,1.3325239999999998,1.3333080000000002,1.3338335000000001,1.3396370000000002,1.3334624021632508,1.3355811331589902,-0.0021187309957393374,-0.002259555436972953,0.00014082444123361551,44.38775510204146,1.3338335000000001,1.3369242350514203,1.33074276494858,0.00463436411129307,0.0016814285714285956,0.9999999999967533,-0.0009745492709620773,-0.0006224315325313867,0.0006068706403858624,1
2026-06-08 10:00:00+00:00,1.3326799999999999,1.33486,1.33231,1.33408,3791,1.332778,1.333229,1.333606,1.339459,1.3335574172150584,1.335469938110176,-0.0019125208951176198,-0.0021901485286018865,0.0002776276334842667,50.40946314831631,1.333606,1.3357282768310366,1.3314837231689636,0.003182764371240825,0.0017900000000000058,0.9999999999972841,0.0009528740030460003,-0.0005918179298358694,0.0006131168949279007,1
2026-06-08 11:00:00+00:00,1.3341,1.33693,1.334,1.33592,4125,1.3335059999999999,1.333455,1.3336095000000001,1.3393042,1.333920891489665,1.335503276027941,-0.0015823845382760826,-0.0020685957305367256,0.000486211192260643,66.96914700544528,1.3336095000000001,1.335747531312896,1.3314714686871043,0.003206382847296461,0.0018485714285714216,0.9999999999981266,0.0027321584051400727,0.0016945848267173602,0.0006840422625166361,0
2026-06-08 12:00:00+00:00,1.33592,1.33673,1.3345099999999999,1.33504,3800,1.3339640000000001,1.33357,1.3335839999999999,1.3391191999999998,1.3340930620297167,1.3354689592851305,-0.0013758972554138715,-0.0019300560355121547,0.0005541587800982832,61.46632566069961,1.3335839999999999,1.3356349756343793,1.3315330243656205,0.0030758851851542804,0.0019071428571428533,0.8952373015204157,0.0017182517351341797,0.0008621400565262949,0.0007324348843987887,0
2026-06-08 13:00:00+00:00,1.33506,1.33648,1.3348200000000001,1.3351,4932,1.334558,1.333671,1.333631,1.338904,1.3342479755636063,1.3354416289677136,-0.0011936534041072644,-0.0017827755092311769,0.0005891221051239125,57.59849906191372,1.333631,1.335778369504687,1.331483630495313,0.003220335317170895,0.0019342857142856979,0.8169656336358968,0.0022295121347015723,0.0007570703625692232,0.0007321757280825485,0
2026-06-08 14:00:00+00:00,1.3351,1.33579,1.33365,1.33432,4663,1.334892,1.3337080000000001,1.3336645,1.3386795999999999,1.3342590562461285,1.3353585453404755,-0.0010994890943469837,-0.0016461182262543382,0.0005466291319073545,47.26368159203946,1.3336645,1.3358339090876685,1.3314950909123315,0.003253305591726397,0.0019814285714285468,0.6150984011386309,0.0012531422353954103,0.0002773717155815092,0.0007604709535723185,0
2026-06-08 15:00:00+00:00,1.33435,1.33508,1.3335,1.33464,3842,1.335004,1.333891,1.333709,1.3384708,1.3343176629774933,1.3353053197596996,-0.0009876567822062476,-0.0015144259374447202,0.0005267691552384725,55.34934497816593,1.333709,1.3359218704864178,1.3314961295135823,0.0033183707786596886,0.0018678571428571353,0.7232609823569469,0.0004197649316384222,0.0013730389177752933,0.0006952983852305451,0
2026-06-08 16:00:00+00:00,1.33462,1.33479,1.33419,1.33427,2753,1.3346740000000001,1.33409,1.3337229999999998,1.3382695999999998,1.3343103302117252,1.3352286294071292,-0.0009182991954039821,-0.0013952005890365726,0.00047690139363259056,52.04301075268846,1.3337229999999998,1.3359468714465341,1.3314991285534654,0.003334832564984414,0.0017999999999999921,0.6230367132326469,-0.0012351038984369511,0.0014936800072058443,0.000685981141061078,0
2026-06-08 17:00:00+00:00,1.3343099999999999,1.33466,1.33393,1.33448,2661,1.334562,1.334263,1.333838,1.3380813999999999,1.3343364332560752,1.3351731753769713,-0.0008367421208961279,-0.0012835088954084837,0.00044676677451235586,52.094522019334676,1.333838,1.3359615184309297,1.3317144815690705,0.003184072474962651,0.0017978571428571208,0.599515349749336,-0.00041946308724827297,0.0012980679047085442,0.0006823200122281614,0
2026-06-08 18:00:00+00:00,1.3345099999999999,1.33525,1.33375,1.33389,2290,1.3343200000000002,1.334439,1.333915,1.3378902000000001,1.334267751216679,1.3350781253490476,-0.0008103741323686187,-0.0011888819428005108,0.0003785078104318921,49.69262295081993,1.333915,1.335919694490485,1.331910305509515,0.003005730485803091,0.001847142857142825,0.4766955636472401,-0.0009062991536213927,0.0013211923761193844,0.0006801183439845049,0
2026-06-08 19:00:00+00:00,1.3338700000000001,1.33438,1.33379,1.33411,2197,1.334278,1.3345850000000001,1.3339465000000001,1.3377189999999999,1.3342434817987283,1.3350064123602292,-0.0007629305615008963,-0.0011036916665405879,0.00034076110503969154,57.35294117646981,1.3339465000000001,1.3359421929940491,1.3319508070059511,0.002992163469897785,0.0017207142857142501,0.7087259476908441,-0.00015738353618321987,0.0010955614752559129,0.0006743241818092581,0
2026-06-08 20:00:00+00:00,1.33409,1.3343099999999999,1.33373,1.33378,1132,1.334106,1.334555,1.333892,1.3375454000000002,1.3341721769066164,1.3349155670002124,-0.0007433900935960303,-0.0010316313519516764,0.0002882412583556462,58.680555555556126,1.333892,1.3358404795692438,1.3319435204307564,0.0029214952473569232,0.001679285714285661,0.6694017527676304,-0.0006443685188516346,-0.00022487407052051989,0.0005885513566854563,1
2026-06-08 21:00:00+00:00,1.33375,1.33402,1.3335,1.33402,777,1.334056,1.334365,1.33391,1.337378,1.3341487650748292,1.3348492287039002,-0.0007004636290710575,-0.0009653978073755527,0.0002649341783044952,57.55053507728974,1.33391,1.335856105422625,1.3319638945773749,0.0029178961438553986,0.0015285714285713872,0.6243298256850088,-0.00018736837371757797,-0.001422240852745671,0.00034160488664727667,1
2026-06-08 22:00:00+00:00,1.3341,1.33415,1.33383,1.33406,717,1.333972,1.334267,1.3339185,1.3372131999999999,1.334135108909471,1.3347907673184263,-0.0006556584089552064,-0.0009034499276914836,0.00024779151873627716,62.32439335887603,1.3339185,1.3358657223131998,1.3319712776868002,0.002919552151349232,0.0014364285714285132,0.7943105692280842,-0.0003147293327738776,-0.0007340604026845332,0.000291690892058845,1
2026-06-08 23:00:00+00:00,1.33405,1.33413,1.33325,1.3333599999999999,734,1.333866,1.334093,1.333882,1.3370371999999997,1.334015861384937,1.3346847845540986,-0.0006689231691614506,-0.0008565445759854771,0.00018762140682402652,54.43196004993608,1.333882,1.3358430051128982,1.3319209948871018,0.0029402977368286048,0.0013428571428570901,0.36377108114298046,-0.0003973341130079078,-0.0013032731630590044,0.00032024120377774714,1
2026-06-09 00:00:00+00:00,1.33334,1.33366,1.3330600000000001,1.3336299999999999,2190,1.33377,1.3340239999999999,1.333866,1.3368628,1.3339564980949468,1.334606652364906,-0.000650154269959291,-0.0008152665147802398,0.0001651122448209488,46.71532846715296,1.333866,1.3358298887309494,1.3319021112690506,0.0029446567060700804,0.0012035714285713833,0.0,-0.0003597904220791204,-0.0005171173331735002,0.0002917174944549223,1
2026-06-09 01:00:00+00:00,1.3336299999999999,1.3351,1.33351,1.33508,2234,1.3340299999999998,1.3340679999999998,1.3339795,1.3367194,1.334129344541878,1.334641715152691,-0.0005123706108129955,-0.000754687333986791,0.0002423167231737955,43.498452012384625,1.3339795,1.335948795626192,1.3320102043738082,0.002952512577879732,0.001107857142857105,0.0,0.0009746734843827376,0.0003296769166216684,0.0004602285271648322,1
2026-06-09 02:00:00+00:00,1.33507,1.33526,1.33472,1.33486,1596,1.334198,1.334127,1.3341085,1.3365698000000001,1.3342417530738968,1.3346578844006398,-0.0004161313267430078,-0.0006869761325380344,0.00027084480579502663,48.44827586206849,1.3341085,1.3359424060987752,1.3322745939012246,0.002749260796667314,0.000987857142857096,0.2629257022826152,0.0006296757170056733,0.00044218936197304437,0.0004531239955223283,1
2026-06-09 03:00:00+00:00,1.33486,1.33523,1.3345,1.3348900000000001,1523,1.334364,1.3341679999999998,1.3342155,1.3364202,1.3343414833702205,1.3346750781487406,-0.00033359477852012986,-0.0006162998617344536,0.00028270508321432374,48.180242634317196,1.3342155,1.3359633705842036,1.3324676294157964,0.0026200723709229267,0.0009214285714285334,0.24868826135911917,0.0006221609222973878,0.0003072357772315737,0.00045138795898506826,1
2026-06-09 04:00:00+00:00,1.3349,1.33627,1.33474,1.33598,1371,1.3348879999999999,1.3343770000000001,1.334408,1.3362922,1.334593562851725,1.3347717390266116,-0.00017817617488669057,-0.000528675124364901,0.00035049894947821044,63.65131578947245,1.334408,1.3360324526204121,1.332783547379588,0.002434716549079605,0.0008778571428571048,0.999999999995038,0.0019649607007861114,0.0015668458418609532,0.0004794734097328939,1
2026-06-09 05:00:00+00:00,1.33598,1.33647,1.3355299999999999,1.3361100000000001,2056,1.335384,1.334577,1.3345809999999998,1.3361610000000002,1.3348268608745366,1.334870869469085,-4.4008594548339275e-05,-0.00043174181840158866,0.0003877332238532494,62.478777589133514,1.3345809999999998,1.336153271571615,1.3330087284283847,0.002356202540895012,0.000832142857142821,0.9418177876155648,0.0018595862420613951,0.0014991267586632606,0.0004798208254850122,1
2026-06-09 06:00:00+00:00,1.33613,1.33745,1.33582,1.33631,2783,1.33563,1.33483,1.3346925,1.3360286,1.3350550361246079,1.3349774717306342,7.756439397366144e-05,-0.0003298805759265386,0.00040744496990020005,67.83216783216629,1.3346925,1.3364234550148195,1.3329615449851806,0.0025937884790983054,0.0009057142857142557,0.9999999999958905,0.0009212931060311735,0.001896864550375632,0.00045928247450906093,1
2026-06-09 07:00:00+00:00,1.33629,1.33747,1.33578,1.33673,3172,1.3360040000000002,1.335101,1.334733,1.3359128,1.3353127228746682,1.3351072886394761,0.00020543423519203685,-0.00022281761370282352,0.0004282518488948604,68.97133220910369,1.334733,1.3366161004669403,1.3328498995330595,0.002821688632768354,0.0009742857142856895,0.9999999999960744,0.0014008959741096394,0.0020314538012924377,0.00046093014395553013,1
2026-06-09 08:00:00+00:00,1.33673,1.3382399999999999,1.33642,1.3379699999999999,2932,1.3366200000000001,1.335492,1.3348795,1.3358026,1.3357215347401037,1.3353193413328484,0.0004021934072553357,-9.781540951119165e-05,0.0005000088167665274,81.00303951367556,1.3348795,1.337254744918155,1.332504255081845,0.0035587405726960463,0.0009971428571428234,0.9999999999973336,0.0023073062199878702,0.002930902658051293,0.000508439444809894,1
2026-06-09 09:00:00+00:00,1.33796,1.33913,1.33785,1.33873,2250,1.33717,1.336029,1.335061,1.3356880000000002,1.3361843755493186,1.3355719827156003,0.0006123928337182782,4.422623913470236e-05,0.0005681665945835759,82.44382022471748,1.335061,1.3379959932305416,1.3321260067694585,0.004396792701669186,0.0010464285714285434,0.9999999999974323,0.0020584140481145763,0.004027419451611003,0.0004235514407252403,1
2026-06-09 10:00:00+00:00,1.3387,1.33979,1.33846,1.3395000000000001,2316,1.337848,1.336616,1.3353199999999998,1.3355683999999999,1.3366944716186542,1.3358629469588892,0.0008315246597649928,0.00020168592326076052,0.0006298387365042322,87.83068783068556,1.3353199999999998,1.3388363198465614,1.3318036801534383,0.005266632487436021,0.0010999999999999899,0.9999999999977442,0.002537216247165297,0.004401520661653002,0.00042042172446394693,0
2026-06-09 11:00:00+00:00,1.33951,1.3406,1.3394,1.34022,2086,1.3386299999999998,1.33713,1.335599,1.3354442,1.3372368606003997,1.336185691628601,0.0010511689717986883,0.0003715825329683461,0.0006795864388303421,88.5572139303458,1.335599,1.339721395318023,1.331476604681977,0.006173103331198874,0.0011485714285714194,0.9999999999977807,0.0029259677769379877,0.003849956556910339,0.00035752741399853414,0
2026-06-09 12:00:00+00:00,1.34024,1.34076,1.33979,1.3403100000000001,2618,1.3393460000000001,1.3376750000000002,1.3359010000000002,1.335302,1.3377096512772613,1.3364911959524082,0.001218455324853096,0.0005409570913452961,0.0006774982335077999,88.62793572311266,1.3359010000000002,1.3404738116422996,1.3313281883577008,0.006846033714024302,0.0011949999999999936,0.9999999999977841,0.002678177343218291,0.004082825165186099,0.00032388289958955953,0
2026-06-09 13:00:00+00:00,1.34035,1.3411,1.3394300000000001,1.33974,3873,1.3397000000000001,1.33816,1.336164,1.3351605999999998,1.338022012619221,1.3367318481040815,0.0012901645151395247,0.0006907985761041419,0.0005993659390353828,90.07537688441926,1.336164,1.340990695066328,1.3313373049336719,0.00722470455172875,0.0012514285714285542,0.9999999999978529,0.001322899616583273,0.003633258171085174,0.0004040620462255374,0
2026-06-09 14:00:00+00:00,1.33975,1.34073,1.33883,1.33962,5119,1.3398780000000001,1.338524,1.3364505,1.3351445999999998,1.3382678568316488,1.336945785281557,0.0013220715500918967,0.000817053170901693,0.0005050183791902037,88.34827144686139,1.3364505,1.3413878313695544,1.3315131686304456,0.0073887231432132085,0.0013442857142857026,0.9629192901334898,0.0006648091848244775,0.0027245916855043184,0.00039243608852873,0
2026-06-09 15:00:00+00:00,1.33961,1.34042,1.33725,1.33865,4837,1.339708,1.338778,1.3366775,1.3351213999999998,1.3383266480883182,1.3370720234088491,0.0012546246794691296,0.0009045674726151804,0.0003500572068539492,74.35197817189363,1.3366775,1.3415790824512566,1.3317759175487434,0.007333979140453256,0.0014571428571428394,0.6246963043793137,-0.0006345651362450466,0.0019010410819466639,0.000503385862379389,0
2026-06-09 16:00:00+00:00,1.33867,1.33887,1.33582,1.33714,6494,1.339092,1.338861,1.3368455,1.3350916000000002,1.3381440868439616,1.3370770587118974,0.0010670281320641628,0.000937059604504977,0.00012996852755918584,63.22505800464026,1.3368455,1.3415555138562922,1.3321354861437076,0.007046459529231056,0.0016364285714285545,0.3591065081800162,-0.0022981301577352786,0.0006211133644138389,0.0006542997511839643,0
2026-06-09 17:00:00+00:00,1.33716,1.33887,1.337,1.33826,4240,1.338682,1.339014,1.3370575,1.3351398,1.338161919637198,1.3371646839924978,0.0009972356447003339,0.0009490948125440484,4.814083215628551e-05,67.35324407826897,1.3370575,1.3416111237738566,1.3325038762261434,0.006811410539721136,0.001717857142857136,0.17663286830962854,-0.001529496907431982,0.0011445841718222827,0.000696275997540434,0
2026-06-09 18:00:00+00:00,1.3382800000000001,1.33905,1.33803,1.33874,2814,1.338482,1.3390910000000003,1.3372914999999999,1.3352036,1.338250855077629,1.3372813740671277,0.0009694810105014273,0.0009531720521355243,1.6308958365903055e-05,65.16483516483514,1.3372914999999999,1.3416743434654057,1.332908656534594,0.006554806435853142,0.001681428571428564,0.09733291942789285,-0.0007464134832130265,0.0005754987032595693,0.0006437213223774642,0
2026-06-09 19:00:00+00:00,1.33875,1.3388499999999999,1.33781,1.3379400000000001,2759,1.338146,1.3390119999999999,1.3375205,1.3352792,1.3382030312195323,1.3373301611732662,0.0008728700462661276,0.000937111650961645,-6.424160469551733e-05,59.36540429887404,1.3375205,1.3414983146605675,1.3335426853394323,0.005948042905611644,0.0016885714285714043,0.0,-0.0012540869798897125,-0.0005901115236081056,0.0006465754290799266,0
2026-06-09 20:00:00+00:00,1.33791,1.33826,1.3377,1.33784,1166,1.337984,1.338846,1.337731,1.3353629999999999,1.338147180262681,1.3373679270122836,0.0007792532503974048,0.000905539970848797,-0.0001262867204513922,57.91106514994707,1.337731,1.3412624878331845,1.3341995121668155,0.0052798175914058445,0.0016121428571428398,0.0,-0.0006050872147312925,-0.0012392683837254559,0.0006072325806437957,0
2026-06-09 21:00:00+00:00,1.33785,1.33785,1.3364500000000001,1.3369,1712,1.337936,1.338514,1.3378219999999998,1.335426,1.337955306376115,1.3373332657521144,0.0006220406240005083,0.0008488401014791393,-0.00022679947747863104,50.834151128557394,1.3378219999999998,1.3411540238831725,1.3344899761168272,0.004981266391452172,0.0015914285714285453,0.0,-0.0001794875630076742,-0.0024772052349614215,0.0005833253282275753,1
2026-06-09 22:00:00+00:00,1.33698,1.3376700000000001,1.33698,1.33714,869,1.337712,1.338197,1.337936,1.335489,1.3378298746259434,1.3373189497704765,0.0005109248554668877,0.000781257052276689,-0.0002703321968098013,45.48422198041435,1.337936,1.3409853512683902,1.3348866487316098,0.004558291679707,0.0015164285714285614,0.0,-0.0008369076263207154,-0.0023651244861264686,0.0005910978401987174,1
2026-06-09 23:00:00+00:00,1.33714,1.33751,1.33682,1.33714,1009,1.337392,1.337937,1.3380485,1.3355882,1.337723740068106,1.3373056942319228,0.00041804583618310076,0.0007086148090579714,-0.00029056897287487067,40.569395017794136,1.3380485,1.3407734511825913,1.3353235488174087,0.004073023037044332,0.0014742857142857138,0.0,-0.0011951536519414496,-0.001940675056354202,0.0005913141350840328,1
2026-06-10 00:00:00+00:00,1.33717,1.33803,1.33677,1.33785,2786,1.337374,1.3377599999999998,1.338142,1.3356982,1.3377431646730125,1.3373460131777062,0.00039715149530628047,0.0006463221463076333,-0.0002491706510013528,40.14336917562659,1.338142,1.3406907383876256,1.3355932616123742,0.0038093690918089475,0.0014692857142857127,0.0,-6.726759047503972e-05,-0.0013212702109554053,0.0006344865114868783,1
2026-06-10 01:00:00+00:00,1.33784,1.338,1.3372,1.33743,2847,1.337292,1.337638,1.338208,1.3357771999999999,1.337694985492549,1.337352234423802,0.0003427510687470381,0.0005856079307955143,-0.00024285686204847618,32.71375464684071,1.338208,1.340598644925126,1.3358173550748742,0.0035729048475660915,0.0014407142857142871,0.0,-0.00030646415116908354,-0.0009113659283606079,0.0006045100092331122,1
2026-06-10 02:00:00+00:00,1.33745,1.33834,1.33723,1.33792,1920,1.337496,1.337716,1.3382885,1.3358382,1.33772960310908,1.33739429113315,0.00033531197592995277,0.000535548739822402,-0.0002002367638924492,35.89138134592683,1.3382885,1.340512676015405,1.336064323984595,0.0033239111229079856,0.0014507142857143052,0.05539638830156487,0.0007629590844491219,0.0005833345797747747,0.0004943482191944774,1
2026-06-10 03:00:00+00:00,1.3378700000000001,1.33905,1.33785,1.3388499999999999,1636,1.337838,1.3377750000000002,1.3383945000000002,1.335942,1.337901971861529,1.3375021214195835,0.0003998504419455706,0.0005084090802470357,-0.0001085586383014651,44.960362400905744,1.3383945000000002,1.3405051095403253,1.336283890459675,0.0031539423396093735,0.0014171428571428946,0.22012607385561883,0.0012788488864292624,0.0004408709817225187,0.0004708893353158476,0
2026-06-10 04:00:00+00:00,1.3388200000000001,1.3389,1.33793,1.33822,1746,1.338054,1.337723,1.338407,1.3360286,1.3379508992674476,1.3375552976107252,0.00039560165672236636,0.0004858475955421018,-9.024593881973547e-05,42.505353319057555,1.338407,1.3405099713315176,1.3363040286684822,0.003142499002945608,0.0013507142857143162,0.2351588959193206,0.0008076940335342009,-0.00038842493688096,0.0004822296796030868,1
2026-06-10 05:00:00+00:00,1.3382100000000001,1.33941,1.33795,1.33914,2192,1.3383119999999997,1.337843,1.3384275,1.3361296000000003,1.3381338378416863,1.3376726829728938,0.00046115486879250156,0.00048090905019218186,-1.97541813996803e-05,52.63724434876265,1.3384275,1.3405516159151953,1.3363033840848049,0.0031740470293612987,0.0012285714285714677,0.5751669562365986,0.0009642336584818612,0.0008969012063320125,0.0004879527915168423,0
2026-06-10 06:00:00+00:00,1.33917,1.33972,1.3382399999999999,1.33833,2763,1.338492,1.3378919999999999,1.338369,1.3362172,1.338164016635273,1.3377213731230497,0.00044264351222333964,0.0004732559425984134,-3.061243037507375e-05,56.926658905704365,1.338369,1.34043232281836,1.33630567718164,0.0030833392261177144,0.0011164285714286213,0.6989971462115573,0.0006729324151544258,0.0003662620343241052,0.000534397222482474,0
2026-06-10 07:00:00+00:00,1.33829,1.33932,1.3379699999999999,1.33903,2822,1.338714,1.338105,1.3383095,1.3363416,1.3382972448452308,1.3378183084472683,0.00047893639796248166,0.0004743920336712271,4.54436429125454e-06,54.712362301101194,1.3383095,1.3402103084153099,1.3364086915846902,0.0028406111072361334,0.0010792857142857745,0.6779006215831321,0.0008296460176990816,0.0015932380881142905,0.0004841720974723993,0
2026-06-10 08:00:00+00:00,1.33907,1.33924,1.33818,1.33859,2913,1.3386619999999998,1.33825,1.3382235,1.3364677999999999,1.3383422840998107,1.3378754707845077,0.0004668133153029608,0.00047287628999757386,-6.06297469461309e-06,49.07749077490717,1.3382235,1.3398836112835648,1.3365633887164352,0.002481067300887785,0.0010821428571429204,0.6139858636013784,-0.0001941965119318656,0.0010844040265043375,0.0005078970340211281,1
2026-06-10 09:00:00+00:00,1.33861,1.33995,1.33804,1.33967,2679,1.338952,1.338503,1.33822,1.3366062000000003,1.3385465480844552,1.3380083988745444,0.0005381492099107987,0.0004859308739802189,5.221833593057983e-05,60.285374554100954,1.33822,1.339866891809353,1.336573108190647,0.0024613169872712533,0.0011442857142857882,0.9999999999963731,0.001083528866703487,0.0018920980600385384,0.000551000141148711,1
2026-06-10 10:00:00+00:00,1.33971,1.3399,1.33898,1.33902,2299,1.3389280000000001,1.3386200000000001,1.33819,1.336744,1.3386193868406928,1.3380833322912449,0.0005360545494479396,0.0004959556090737632,4.0098940374176445e-05,56.5848214285727,1.33819,1.3397490280373323,1.3366309719626677,0.002330054831275561,0.001170000000000068,0.8657839786685734,-8.960974954064227e-05,0.00087453750420452,0.0005741767279732777,0
2026-06-10 11:00:00+00:00,1.33904,1.33934,1.33755,1.33781,4663,1.338824,1.338658,1.338148,1.3368472,1.3384948657882785,1.3380630854548565,0.00043178033342194944,0.00048312055394340045,-5.1340220521451014e-05,54.92957746478862,1.338148,1.3397000933233367,1.336595906676663,0.002319763319657966,0.0011978571428572188,0.8057496401224289,-0.0003885439316163586,0.0002841270197320167,0.0006458098578129254,1
2026-06-10 12:00:00+00:00,1.33784,1.34087,1.33768,1.3389199999999999,4878,1.338802,1.338758,1.338237,1.336944,1.33856027105162,1.3381265606063488,0.00043371044527118485,0.0004732385322089574,-3.9528086937772565e-05,58.81188118811848,1.338237,1.339749350558125,1.3367246494418747,0.0022602133375854245,0.001370714285714352,0.9465576062983109,-8.214901831926635e-05,0.0007474288447739674,0.000687980983518868,1
2026-06-10 13:00:00+00:00,1.33891,1.34233,1.33883,1.34093,4910,1.33927,1.3389659999999999,1.3383705,1.3370442,1.338924844735986,1.3383342227836563,0.0005906219523297285,0.0004967152162331116,9.390673609661687e-05,65.64822460776222,1.3383705,1.3403041082986904,1.3364368917013094,0.0028894962922307275,0.0015714285714286363,0.9999999999969637,0.0017481080838792629,0.0015535720954551469,0.0008058489015822534,0
2026-06-10 14:00:00+00:00,1.34096,1.3417,1.33952,1.34015,5188,1.339366,1.339159,1.338441,1.3371464,1.3391133301612188,1.338468724799682,0.0006446053615367653,0.0005262932452938424,0.00011831211624292292,59.44170771756977,1.338441,1.3405280618985917,1.3363539381014082,0.0031186460943616605,0.0016371428571429084,0.8115495133931724,0.00035829719259217185,0.0014422142846468589,0.0008161431385697885,0
2026-06-10 15:00:00+00:00,1.34015,1.34052,1.33708,1.33894,5485,1.33935,1.3391389999999999,1.3384909999999999,1.3372232,1.3390866639825698,1.3385036340737797,0.0005830299087901114,0.0005376405779930962,4.538933079701517e-05,55.82112567463437,1.3384909999999999,1.3405754375740548,1.336406562425945,0.0031146082776125727,0.0018257142857143194,0.6697533119785404,-5.9745186778425996e-05,-0.00014934958256784814,0.0008526974138951331,0
2026-06-10 16:00:00+00:00,1.33893,1.33975,1.33861,1.33891,3689,1.3395700000000001,1.339197,1.3385445,1.337315,1.3390594849083282,1.3385337352534998,0.0005257496548283225,0.0005352623933601416,-9.512738531819074e-06,53.95683453237442,1.3385445,1.3406134532059841,1.336475546794016,0.0030913476630535677,0.0018278571428571588,0.4948167870101974,0.0008222393314447629,0.00043337592372583167,0.000827416828693292,0
2026-06-10 17:00:00+00:00,1.33894,1.33948,1.3378999999999999,1.33913,3315,1.339612,1.3392069999999998,1.338656,1.3374047999999998,1.33907033338397,1.3385779030124998,0.0004924303714701761,0.0005266959889821484,-3.426561751197234e-05,51.18644067796639,1.338656,1.340587592198468,1.3367244078015321,0.0028858679129932503,0.0018550000000000194,0.3751084837562183,0.00015684282854833143,7.468092574480778e-05,0.0008119547436803011,0
2026-06-10 18:00:00+00:00,1.33917,1.33964,1.33785,1.33791,3260,1.3390080000000002,1.3391389999999999,1.3386945,1.3374776,1.3388918205556668,1.3385284287152777,0.00036339184038913785,0.0004940351592635463,-0.0001306433188744085,48.748991121872315,1.3386945,1.340527018830268,1.3368619811697318,0.0027377700143955733,0.0019135714285714509,0.0,-0.0022521682712743907,-0.0005079972209564021,0.0008583299267978488,0
2026-06-10 19:00:00+00:00,1.3379400000000001,1.3379699999999999,1.33714,1.3372,2551,1.3384179999999999,1.338892,1.3386974999999999,1.3375320000000002,1.3386315404701796,1.33843002658822,0.00020151388195954745,0.00043553090380274656,-0.00023401702184319912,42.036124794745035,1.3386974999999999,1.3405194697265155,1.3368755302734843,0.0027220036289237926,0.0018685714285714417,0.0,-0.0022012461291646135,-0.0018437376368807268,0.0008129036748352208,0
2026-06-10 20:00:00+00:00,1.33718,1.33724,1.33667,1.33673,1201,1.3379759999999998,1.338663,1.3386415,1.3375887999999998,1.3383389957824596,1.3383040986927963,3.489708966331051e-05,0.00035540414097485936,-0.00032050705131154885,43.243243243242844,1.3386415,1.3406340152050198,1.3366489847949803,0.002976921311672694,0.0018035714285714283,0.05112287590056777,-0.0016505593977326205,-0.0017102059715314866,0.0008084908327218154,1
2026-06-10 21:00:00+00:00,1.3367200000000001,1.33685,1.3364099999999999,1.33681,960,1.337556,1.3385630000000002,1.3386105000000001,1.3376427999999998,1.3381037656620811,1.3381934247155522,-8.965905347113612e-05,0.00026639150208566026,-0.0003560505555567964,40.10695187165806,1.3386105000000001,1.340699342288301,1.3365216577116994,0.0031209112558145203,0.0017385714285714307,0.0,-0.0015684399997012433,-0.0007474903013132694,0.0007678492564571556,1
2026-06-10 22:00:00+00:00,1.33687,1.33687,1.33548,1.33559,1413,1.3368479999999998,1.33823,1.338494,1.337679,1.3377170324832994,1.3380005784403262,-0.0002835459570267318,0.0001564040102631818,-0.0004399499672899136,37.50000000000023,1.338494,1.3409691684685088,1.3360188315314914,0.003698437898875458,0.001762142857142855,0.0,-0.002643507351787977,-0.0024870791384099533,0.0007369283441466545,1
2026-06-10 23:00:00+00:00,1.33555,1.33646,1.33495,1.33613,2394,1.3364920000000002,1.33775,1.338358,1.3377212,1.337472873639715,1.337862017074376,-0.0003891434346610101,4.7294521278343405e-05,-0.0004364379559393535,34.554973821989805,1.338358,1.3410409881220926,1.3356750118779073,0.004009372861510398,0.0017335714285714138,0.0,-0.0013304332877397407,-0.003579605199376501,0.00048664434277097724,1
2026-06-11 00:00:00+00:00,1.33615,1.33709,1.33615,1.3370199999999999,3117,1.336456,1.337437,1.338298,1.3377804,1.3374032007720666,1.3377996454392371,-0.0003964446671704813,-4.1453316411421564e-05,-0.00035499135075905974,41.45299145299037,1.338298,1.3410468454993107,1.3355491545006892,0.004107972214425724,0.0017364285714285435,0.22184935497753616,-0.0001346096320670176,-0.002335559452300129,0.0005749913777961973,1
2026-06-11 01:00:00+00:00,1.33705,1.33917,1.33691,1.33852,2547,1.336814,1.337395,1.3382669999999999,1.3378835999999998,1.3375750160379025,1.3378530050363306,-0.00027798899842812475,-8.876045281476223e-05,-0.0001892285456133625,52.960800667222706,1.3382669999999999,1.3409897238683517,1.335544276131648,0.004069029376577047,0.00176999999999997,0.5919556939217114,0.0013390886716091455,-0.0003136809715148514,0.0006629236326949742,0
2026-06-11 02:00:00+00:00,1.33853,1.33861,1.33766,1.33791,2020,1.337034,1.337295,1.338246,1.3379691999999996,1.3376265520320714,1.3378572268854914,-0.0002306748534199876,-0.00011714333293580733,-0.00011353152048418029,45.60487380330733,1.338246,1.3409731531329687,1.3355188468670314,0.004075712735877669,0.0016099999999999687,0.35537937340209463,0.0008228544071333665,-0.0007468761903339782,0.0006763136044112325,1
2026-06-11 03:00:00+00:00,1.33791,1.33807,1.33748,1.33784,1822,1.337484,1.337166,1.3381865,1.3380244,1.3376593901809835,1.3378559508198993,-0.00019656063891582143,-0.00013302679413181015,-6.353384478401128e-05,33.82198952879516,1.3381865,1.340893483366684,1.335479516633316,0.004045749029277993,0.001402142857142828,0.0,0.0016846487320210102,-0.000963312001075356,0.0006712645804188176,0
2026-06-11 04:00:00+00:00,1.33784,1.33866,1.33759,1.3383099999999999,1521,1.33792,1.337206,1.3381725,1.3380934,1.3377594839992937,1.3378895840924994,-0.00013010009320568727,-0.00013244145394658558,2.3413607408983043e-06,40.04329004328936,1.3381725,1.3408735865260462,1.3354714134739538,0.004036978081743826,0.0013228571428571176,0.28279749137525045,0.0016315777656363828,0.0002989737725258568,0.0006175436423658911,0
2026-06-11 05:00:00+00:00,1.33832,1.33867,1.3379400000000001,1.33805,1720,1.338126,1.337291,1.3380915,1.3381565999999998,1.337804178768633,1.3379014667523141,-9.7287983681138e-05,-0.00012541075989349606,2.812277621235806e-05,44.632086851627925,1.3380915,1.3406990459324066,1.3354839540675933,0.003897410502057058,0.00112928571428569,0.5368850527956598,0.0007703699271515152,0.0006356565958720584,0.0005922480538091655,0
2026-06-11 06:00:00+00:00,1.3381,1.33817,1.33748,1.3377,2273,1.3379619999999999,1.3373879999999998,1.3380255,1.338191,1.3377881512657661,1.3378865432891798,-9.83920234136626e-05,-0.00012000701259752937,2.1614989183866776e-05,42.973286875724824,1.3380255,1.3406007136344962,1.335450286365504,0.003849274374062508,0.001097142857142844,0.4781539083432183,-0.0006126169201805531,0.0007256514030506978,0.0005858933492705618,0
2026-06-11 07:00:00+00:00,1.33773,1.33915,1.33761,1.33822,2693,1.3380239999999999,1.337529,1.3380459999999998,1.3382332,1.3378545895325713,1.3379112437862775,-5.665425370615651e-05,-0.00010733646081925482,5.0682207113098306e-05,44.89337822671173,1.3380459999999998,1.3406205180438349,1.3354714819561648,0.003848175688780531,0.0010942857142856985,0.578478392298319,0.00023170467370747794,0.0010547497400528183,0.0005942627089745475,0
2026-06-11 08:00:00+00:00,1.33819,1.33836,1.3360699999999999,1.33633,2530,1.3377219999999999,1.3376029999999999,1.3379165,1.3382336000000001,1.337620037296791,1.3377941146169237,-0.00017407732013263733,-0.00012068463268193133,-5.3392687450706e-05,41.753653444676786,1.3379165,1.3405653947049727,1.3352676052950272,0.003959730977191416,0.001129999999999996,0.41442824522755883,-0.0011286850445493268,0.0005540622496424952,0.0007008460839455036,0
2026-06-11 09:00:00+00:00,1.3363,1.33692,1.33578,1.33652,2254,1.3373639999999998,1.337642,1.337696,1.3382294,1.3374508007895922,1.3376997357564109,-0.0002489349668186591,-0.00014633469950927692,-0.0001026002673093822,46.2472406181014,1.337696,1.340000488983229,1.335391511016771,0.0034454599299528483,0.0011521428571428713,0.6492174983791698,-0.0013375077523144485,0.0002918877654118912,0.0006911902958286146,0
2026-06-11 10:00:00+00:00,1.33649,1.33653,1.33522,1.33593,2141,1.3369399999999998,1.337533,1.3374849999999998,1.3381886,1.3372168314373474,1.337568644218899,-0.0003518127815516081,-0.00018743031591774318,-0.00016438246563386493,45.642701525054825,1.3374849999999998,1.3396091419320537,1.335360858067946,0.0031763226235118937,0.0012050000000000116,0.6176304218010639,-0.0015843952019729546,-0.0008152458452377331,0.00066611096814859,0
2026-06-11 11:00:00+00:00,1.33592,1.33678,1.33591,1.33651,2687,1.336702,1.337332,1.3373635,1.3381442000000001,1.337108088139294,1.3374902261286101,-0.0003821379893160781,-0.0002263718505974102,-0.00015576613871866793,48.45041322314062,1.3373635,1.3394139302501349,1.335313069749865,0.003066376867822339,0.0012357142857142925,0.764332935231154,-0.0008895866038721723,-0.0015016585482472422,0.0005541728486191896,0
2026-06-11 12:00:00+00:00,1.33651,1.33676,1.33403,1.3361,5768,1.336278,1.337151,1.337223,1.3380762,1.3369529976563257,1.3373872464153795,-0.00043424875905384575,-0.0002679472322886973,-0.00016630152676514842,52.87485907553567,1.337223,1.3392113989857317,1.3352346010142684,0.002973922802302481,0.0013314285714285706,0.995509564770508,-0.0015841939292492446,-0.0013528563206791633,0.0005470014183441224,1
2026-06-11 13:00:00+00:00,1.33612,1.33623,1.33386,1.33529,5357,1.3360699999999999,1.3368959999999999,1.337031,1.3379775999999999,1.3366971518630448,1.3372318948290551,-0.0005347429660103042,-0.0003213063790330187,-0.00021343658697728552,45.40481400437648,1.337031,1.3389853624617052,1.335076637538295,0.0029234362729138002,0.0013928571428571482,0.6052008346675423,-0.0007782508811445821,-0.0019060575255634982,0.0005654090643929917,1
2026-06-11 14:00:00+00:00,1.33526,1.3354599999999999,1.33243,1.3327499999999999,4418,1.3353160000000002,1.33634,1.336773,1.3378264,1.3360898977302686,1.3368999026194957,-0.0008100048892270006,-0.00041904608107181524,-0.0003909588081551854,30.21316033364242,1.336773,1.339462778703505,1.334083221296495,0.00402428640241081,0.0015407142857142922,0.0,-0.002820758387453992,-0.0041544933535578865,0.000745741276510154,1
2026-06-11 15:00:00+00:00,1.3327499999999999,1.33446,1.33243,1.33353,4239,1.3348360000000001,1.3358880000000002,1.3365894999999999,1.3377021999999998,1.3356960673102274,1.3366502802032367,-0.000954212893009343,-0.0005260794434593208,-0.00042813344955002213,25.223435948362933,1.3365894999999999,1.3396339805969832,1.3335450194030165,0.004555595561664023,0.001524285714285724,0.0,-0.0017965013136915786,-0.003378050147602729,0.0008095074196537688,1
2026-06-11 16:00:00+00:00,1.33355,1.33374,1.33276,1.33328,2944,1.33419,1.3354460000000001,1.336417,1.3375754,1.3353243646471153,1.3364006298178115,-0.0010762651706961446,-0.0006361165889066856,-0.00044014858178945896,26.15859938208159,1.336417,1.3398000854805292,1.3330339145194707,0.005062918954980722,0.0015264285714285794,0.03381972166185908,-0.0024167421119184462,-0.00330417881438283,0.0008106233969876195,1
2026-06-11 17:00:00+00:00,1.3332899999999999,1.34039,1.33261,1.33886,9416,1.3347419999999999,1.33551,1.3365195,1.3375796,1.3358683085475591,1.3365828053868625,-0.0007144968393033579,-0.0006517926389860201,-6.270420031733782e-05,53.35085413929043,1.3365195,1.3400726659715243,1.3329663340284759,0.0053170432178867855,0.002039999999999994,0.9999999999964448,0.002065713644188172,0.0004782472239241997,0.0016447738496498008,1
2026-06-11 18:00:00+00:00,1.33883,1.34073,1.33783,1.33969,5414,1.335622,1.335846,1.3367245,1.3376306,1.336456261078704,1.3368129679507987,-0.0003567068720946587,-0.0005927754856077478,0.00023606861351308916,54.42875481386434,1.3367245,1.340516910565179,1.332932089434821,0.00567418426935241,0.0021707142857142797,0.9999999999965761,0.0032951643463217106,0.0025143490006211966,0.0015679036477150592,1
2026-06-11 19:00:00+00:00,1.33967,1.34332,1.33967,1.34158,4805,1.337388,1.3363520000000002,1.3369969999999998,1.337697,1.3372445286050574,1.3371660814359247,7.844716913263383e-05,-0.0004585309546596715,0.0005369781237923053,60.255665310865645,1.3369969999999998,1.3413511539754868,1.3326428460245128,0.006513333949869741,0.0023792857142857266,0.9999999999971454,0.006625398611892708,0.0037859515757341367,0.0016087957319050612,0
2026-06-11 20:00:00+00:00,1.34162,1.34226,1.34125,1.34149,2103,1.3389799999999998,1.336908,1.3372205,1.3377519999999998,1.337897678050433,1.3374863716999303,0.0004113063505026826,-0.00028456349362720063,0.0006958698441298832,61.17994100295023,1.3372205,1.3420161360645173,1.3324248639354825,0.007172543442936125,0.0024021428571428605,0.9999999999972188,0.005969119554865676,0.0041618947100521275,0.001591846414073801,0
2026-06-11 21:00:00+00:00,1.3415,1.34151,1.34104,1.34104,952,1.340532,1.337361,1.3373465,1.3378140000000003,1.3383811121965201,1.3377496034258614,0.0006315087706587619,-0.00010134904077000808,0.0007328578114287699,58.3530805687204,1.3373465,1.3424107909827572,1.3322822090172428,0.0075736407621468035,0.0023257142857142804,0.9213811122624299,0.005820232809312431,0.003389424695662502,0.0016094076900791158,0
2026-06-11 22:00:00+00:00,1.34121,1.34257,1.34121,1.34236,1177,1.3412320000000002,1.337987,1.337569,1.3379044000000002,1.3389932487816707,1.3380911142832048,0.0009021344984658786,9.93476670771693e-05,0.0008027868313887093,68.48559166155695,1.337569,1.3431064510571802,1.3320315489428198,0.008279873497636647,0.0022714285714285592,0.9999999999976885,0.0026141642890220584,0.00468527804805019,0.0016035700859931596,0
2026-06-11 23:00:00+00:00,1.34235,1.34261,1.34127,1.34138,1483,1.3415700000000002,1.3385960000000001,1.3377459999999999,1.3379940000000001,1.3393604412767983,1.338334735447412,0.0010257058293863253,0.0002846192995390006,0.0007410865298473246,64.21052631578945,1.3377459999999999,1.3435402744879963,1.3319517255120035,0.008662742386067923,0.002285714285714272,0.9011823318699346,0.0012614858661332828,0.004560807015704382,0.00161324100618419,0
2026-06-12 00:00:00+00:00,1.3414,1.34157,1.34053,1.34084,2876,1.3414220000000001,1.339405,1.3378725,1.338068,1.3395880656957524,1.3385203105994554,0.001067755096296974,0.0004412464588905953,0.0006265086374063787,64.39882697947166,1.3378725,1.3438268769836397,1.3319181230163604,0.008901262240818393,0.002266428571428558,0.905534881126382,-0.000551588425587668,0.006070155693115753,0.0014287941076860133,0
2026-06-12 01:00:00+00:00,1.34085,1.34085,1.33995,1.34027,3529,1.341178,1.340079,1.3379835,1.3381305999999997,1.3396929786656366,1.338649917221718,0.0010430614439185248,0.0005616094558961813,0.00048145198802234355,61.03286384976496,1.3379835,1.3440338058643981,1.3319331941356019,0.00904391700555073,0.0022685714285714136,0.8277310113420481,-0.0009094365220762013,0.005054254497461663,0.0014656931479230704,1
2026-06-12 02:00:00+00:00,1.34025,1.34124,1.34019,1.34063,2076,1.3410959999999998,1.340814,1.33813,1.3381862,1.3398371357940004,1.3387965900201095,0.0010405457738908996,0.000657396719495125,0.0003831490543957746,63.331371394937754,1.33813,1.344292258642664,1.331967741357336,0.009210254074961257,0.0021485714285714203,0.880860761981508,-0.00030573286404578237,0.005512720508820346,0.0014487408392753506,0
2026-06-12 03:00:00+00:00,1.34064,1.34171,1.3404099999999999,1.34142,2062,1.3409080000000002,1.3410699999999998,1.33829,1.338266,1.3400806533641543,1.3389909166852865,0.0010897366788678031,0.0007438647113696608,0.00034587196749814235,68.06128461991702,1.33829,1.3446258262868374,1.3319541737131626,0.009468540132314187,0.0020721428571428557,0.9901921891143869,-0.0007002592449119049,0.0019120744513989596,0.0006983975485000861,0
2026-06-12 04:00:00+00:00,1.34145,1.34179,1.34093,1.3411,1772,1.3408520000000002,1.341211,1.3385285,1.3383295999999998,1.3402374759235154,1.3391471450789691,0.001090330844546239,0.0008131579380049765,0.0002771729065412624,78.30508474576249,1.3385285,1.3449126028714942,1.3321443971285059,0.009538986837402652,0.0019171428571428712,0.9999999999981161,-0.00020874025257577866,0.0010524822906792242,0.0006925892030961163,1
2026-06-12 05:00:00+00:00,1.3411,1.34137,1.3394300000000001,1.33957,2607,1.340598,1.34101,1.3386809999999998,1.3383440000000002,1.3401347873198974,1.3391784676657121,0.0009563196541853003,0.0008417902812410414,0.00011452937294425885,69.48387096774128,1.3386809999999998,1.3450085534475587,1.332353446552441,0.009453414887577945,0.0019107142857142895,0.830837807829555,-0.0009471674472719682,-0.001498233426258655,0.0006249674151154606,1
2026-06-12 06:00:00+00:00,1.3396,1.34105,1.33959,1.34061,3158,1.3406660000000001,1.340922,1.338915,1.3383918,1.3402078969629903,1.3392845070978818,0.000923389865108426,0.0008581101980145184,6.527966709390758e-05,72.49846531614486,1.338915,1.3451597974136058,1.3326702025863943,0.009328146168510666,0.001946428571428587,0.7673092181736764,0.0002536802286106088,-0.0006559869995304002,0.0006908108653480703,1
2026-06-12 07:00:00+00:00,1.34063,1.3406500000000001,1.3383099999999999,1.33974,3989,1.3404880000000001,1.340792,1.3390765,1.3384037999999998,1.340135912814838,1.3393182473128535,0.000817665501984477,0.0008500212588085101,-3.23557568240331e-05,53.79965457685649,1.3390765,1.3452257499328761,1.3329272500671239,0.00918431461216164,0.0015578571428571822,0.0,-0.0006638669879087677,-0.0009693968859989521,0.0007112399452605545,0
2026-06-12 08:00:00+00:00,1.33978,1.34192,1.3394,1.3412899999999999,4474,1.340462,1.3406850000000001,1.3393359999999999,1.338463,1.3403134646894783,1.3394643030674571,0.0008491616220211995,0.0008498493314510479,-6.87709429848392e-07,56.504065040649586,1.3393359999999999,1.3453937272097298,1.33327827279027,0.009045866324402494,0.0015307142857143377,0.11035964050178491,-9.691222734131699e-05,-0.0007971036085701044,0.0007418318462245683,0
2026-06-12 09:00:00+00:00,1.3412899999999999,1.34254,1.34086,1.34201,3366,1.340644,1.340748,1.3396719999999998,1.3385226000000001,1.3405744701218663,1.3396528732106086,0.0009215969112577049,0.0008641988474123794,5.7398063845325573e-05,51.93171608265912,1.3396719999999998,1.3455268858589373,1.3338171141410622,0.008740775143374744,0.0013900000000000498,0.0,0.0006785474610393472,0.0004696655682951967,0.0007264000286334858,0
2026-06-12 10:00:00+00:00,1.34199,1.34233,1.34043,1.34105,3159,1.34094,1.3407689999999999,1.340087,1.3385718,1.340647628564656,1.3397563640838968,0.0008912644807592685,0.0008696119740817573,2.1652506677511188e-05,48.16666666666672,1.340087,1.344972398653143,1.335201601346857,0.007291166399111355,0.0014535714285714826,0.0,0.0011048321476294642,0.00015661823931267804,0.0007541225768053631,1
2026-06-12 11:00:00+00:00,1.34106,1.34181,1.34081,1.3409200000000001,2700,1.341002,1.3408339999999999,1.3404565000000002,1.3385968,1.3406895318624013,1.3398425593369414,0.0008469725254598437,0.0008650840843573745,-1.811155889753081e-05,49.486301369863455,1.3404565000000002,1.3442495089430737,1.3366634910569266,0.005659279421709768,0.0014914285714286196,0.043785798568759776,0.0002312380185138796,0.00048497690763804613,0.0007398027661080779,1
2026-06-12 12:00:00+00:00,1.34088,1.3409200000000001,1.33893,1.33931,3432,1.340916,1.3407019999999998,1.340758,1.3386026000000002,1.3404772961912625,1.339803110497168,0.0006741856940946089,0.0008269044063048215,-0.0001527187122102126,37.25981620718492,1.340758,1.342612276422964,1.3389037235770358,0.0027660120960890724,0.0015242857142857716,0.0,-0.00032095779778162914,-0.0009846117124038267,0.0008315019492651162,1
2026-06-12 13:00:00+00:00,1.33934,1.3413599999999999,1.33901,1.33999,5124,1.340656,1.340559,1.3408145,1.3386462000000001,1.340402327546453,1.3398169541640443,0.0005853733824086049,0.0007785982015255783,-0.00019322481911697334,44.044558697515136,1.3408145,1.3424850306437501,1.33914396935625,0.0024918147047934104,0.0015964285714286097,0.1652990157425052,-0.0009692162023126061,-0.0010660345007529326,0.0008243797201253326,1
2026-06-12 14:00:00+00:00,1.34002,1.34169,1.33948,1.34132,5747,1.3405179999999999,1.340581,1.3408959999999999,1.3386942,1.3405435079239219,1.3399282908926335,0.0006152170312883065,0.000745921967478124,-0.00013070493618981744,51.92616372391663,1.3408959999999999,1.3424929629070343,1.3392990370929654,0.002381934030729427,0.0016800000000000465,0.35732127085272675,-0.0005141541419213524,0.00016404444113060634,0.0008916243626172188,0
2026-06-12 15:00:00+00:00,1.34132,1.34237,1.34079,1.34128,4790,1.340564,1.340752,1.340881,1.3387011999999998,1.3406568143971644,1.3400284174931794,0.0006283969039850845,0.0007224169547795161,-9.402005079443159e-05,54.233025984911635,1.340881,1.3424564017031997,1.3393055982968003,0.002349800919245924,0.0017285714285714762,0.4135241498476885,0.0001715074009172035,0.0012765290354368464,0.0007953757166636644,0
2026-06-12 16:00:00+00:00,1.3412600000000001,1.34191,1.3407200000000001,1.3415300000000001,3900,1.3406860000000003,1.3408440000000001,1.340883,1.3387288000000002,1.3407911506437544,1.3401396458270178,0.0006515048167365922,0.0007082345271709314,-5.6729710434339224e-05,53.8071065989851,1.340883,1.3424617550058668,1.3393042449941333,0.002354799047891269,0.0017385714285714623,0.4031473293007554,0.00045491155326193855,0.0006862547646220296,0.0007631559211683308,1
2026-06-12 17:00:00+00:00,1.34151,1.34215,1.3414,1.3416299999999999,2715,1.34115,1.341033,1.3409125000000002,1.3387825999999998,1.3409202043908692,1.340250042432424,0.00067016195844527,0.0007006200134257992,-3.045805498052916e-05,50.943396226414265,1.3409125000000002,1.3425252893457649,1.3392997106542355,0.002405510196623117,0.0016992857142857445,0.3333777681667524,0.0017322352554671738,0.0014107214832728143,0.0007206538181581265,1
2026-06-12 18:00:00+00:00,1.3416299999999999,1.34212,1.34116,1.3415599999999999,2327,1.3414639999999998,1.3410600000000001,1.3408725,1.3388356,1.3410186344845816,1.3403470763263186,0.0006715581582630303,0.0006948076423932455,-2.3249484130215118e-05,52.113970588234814,1.3408725,1.3423696675011314,1.3393753324988684,0.0022331243293176512,0.0017064285714286007,0.4215301879217287,0.0011716505347054706,0.0002012987497110874,0.000626594428114694,1
2026-06-12 19:00:00+00:00,1.34155,1.34196,1.3408,1.34109,2185,1.341418,1.340968,1.340858,1.3388748,1.341029613794646,1.3404021077095545,0.0006275060850915448,0.0006813473309329054,-5.384124584136062e-05,57.739307535641245,1.340858,1.3423400128560146,1.3393759871439856,0.0022105440785145907,0.0016507142857143306,0.5811656191778078,-0.00017147287746410722,-0.0006855388558952846,0.0006078648248460248,1
2026-06-12 20:00:00+00:00,1.34106,1.34112,1.34013,1.34048,1418,1.3412579999999998,1.340911,1.34084,1.3389262000000002,1.340945057826239,1.3404078775088466,0.0005371803173923606,0.0006525139282247966,-0.00011533361083243597,49.307774227901035,1.34084,1.3423316469174857,1.3393483530825143,0.0022249439418360307,0.0016157142857143234,0.5882938119618532,-0.0005964451866874443,-0.00042504008053401154,0.0005820962806844539,1
2026-06-14 21:00:00+00:00,1.34069,1.34201,1.3399,1.34183,667,1.3413179999999998,1.341002,1.340918,1.3390187999999998,1.3410812027760484,1.3405132199155987,0.0005679828604496784,0.000635607714669773,-6.762485422009458e-05,60.58763931104426,1.340918,1.342446833060358,1.339389166939642,0.002280278227837949,0.0015992857142857237,0.9999999999957133,0.0002236252636913516,0.0006786385466694966,0.0006688318831977349,1
2026-06-14 22:00:00+00:00,1.34301,1.34541,1.34257,1.34518,2775,1.342028,1.341589,1.3411455,1.3391878,1.3417117869643485,1.3408589073292578,0.0008528796350906198,0.0006790620987539424,0.00017381753633667737,66.6666666666673,1.3411455,1.3435798547724236,1.3387111452275766,0.003630261999795676,0.0016749999999999979,0.9999999999965995,0.002646035046920625,0.004382853857583413,0.000878588304611709,0
2026-06-14 23:00:00+00:00,1.34516,1.3454,1.34449,1.3449200000000001,1573,1.3427,1.342082,1.3413205,1.33935,1.3422053582006026,1.341159729008572,0.0010456291920306615,0.0007523755174092863,0.0002932536746213752,62.979482604818045,1.3413205,1.344283709319945,1.338357290680055,0.004418346427934236,0.0016199999999999865,0.8746147919847105,0.002504546945347297,0.003679131933820523,0.0009000895000990467,1
2026-06-15 00:00:00+00:00,1.34489,1.34607,1.34435,1.34439,2626,1.34336,1.342389,1.341485,1.339526,1.3425414569389713,1.3413990083412703,0.0011424485977009624,0.0008303901334676216,0.00031205846423334083,65.49165120593611,1.341485,1.344746898059028,1.338223101940972,0.004863115217878679,0.0016071428571428545,0.9600427981076667,0.0024606849652148988,0.002288790147019215,0.0008999361186421654,1
2026-06-15 01:00:00+00:00,1.34437,1.3444099999999999,1.34366,1.34379,2195,1.344022,1.3426399999999998,1.3416960000000002,1.3396792,1.342733540486822,1.3415761188345097,0.0011574216523122516,0.0008957964372365478,0.0002616252150757038,62.755555555555006,1.3416960000000002,1.3449821841573337,1.3384098158426667,0.004898552514628507,0.0015892857142857058,0.8669999999970132,0.0024692647409885193,0.0018713467732316413,0.0009225969661154863,1
2026-06-15 02:00:00+00:00,1.34379,1.3440400000000001,1.34327,1.34387,1624,1.34443,1.342874,1.341859,1.3398162,1.3429083804119262,1.3417460359578792,0.0011623444540469485,0.000949106040598628,0.00021323841344832054,73.45679012345639,1.341859,1.3452403974065719,1.338477602593428,0.005039869921611662,0.0015021428571428488,0.9999999999966002,0.0015203118129716309,0.001744277056793253,0.0009234834981895213,0
2026-06-15 03:00:00+00:00,1.34387,1.34459,1.34378,1.34423,1459,1.3442399999999999,1.3431339999999998,1.3420835,1.3399304,1.3431117065023992,1.3419300332943325,0.0011816732080667247,0.0009956194740922473,0.00018605373397447738,72.55319148936164,1.3420835,1.3454687390104703,1.3386982609895297,0.005044751702066638,0.0013921428571428576,0.962582382731492,-0.0007062251891940541,0.0019379411611251118,0.0009231780389986687,0
2026-06-15 04:00:00+00:00,1.34424,1.34507,1.3439999999999999,1.34497,1272,1.34425,1.343475,1.3422675,1.3400716000000004,1.3433975978097221,1.3421552160132708,0.0012423817964513084,0.0010449719385640596,0.00019740985788724882,70.71509648127093,1.3422675,1.3458645565452307,1.3386704434547692,0.005359671667876623,0.001310714285714292,0.8864676865454086,3.717693245697262e-05,0.0025418169891768816,0.0009249911676590006,0
2026-06-15 05:00:00+00:00,1.345,1.34599,1.3449900000000001,1.34546,1844,1.3444639999999999,1.343912,1.34244,1.340224,1.34371489045438,1.3424000148271025,0.0013148756272776119,0.0010989526763067702,0.0002159229509708417,72.57019438444952,1.34244,1.346305910391875,1.338574089608125,0.005759528011494003,0.0012707142857142837,0.9632864650494363,0.0007958999992563331,0.0032585434236331867,0.0009003675417446822,0
2026-06-15 06:00:00+00:00,1.34546,1.34557,1.3434599999999999,1.34417,2543,1.3445399999999998,1.344281,1.342596,1.3403412000000001,1.3437849073075523,1.3425311248399099,0.0012537824676424059,0.0011299186345738973,0.0001238638330685086,62.81553398058244,1.342596,1.3464775102866504,1.3387144897133494,0.005782097200722353,0.0013364285714285876,0.5593503193275707,0.00028278227996936245,0.002752745285271141,0.000960973331854126,0
2026-06-15 07:00:00+00:00,1.34419,1.34446,1.3427799999999999,1.34322,3238,1.34441,1.34442,1.342711,1.3404446,1.3436979984910058,1.342582152629546,0.001115845861459741,0.001127104079951066,-1.125821849132496e-05,57.130044843050094,1.342711,1.3465190242148866,1.3389029757851134,0.005672142724512682,0.001402857142857166,0.3239167446387065,-0.0004836777366856726,0.001035898735309182,0.0009687658473063024,0
2026-06-15 08:00:00+00:00,1.34324,1.3436,1.34183,1.34228,2567,1.34402,1.34413,1.3428595,1.3405362000000003,1.343479844877005,1.3425597709532833,0.0009200739237216204,0.001085698048705177,-0.00016562412498355656,52.995008319467686,1.3428595,1.3463253604157066,1.3393936395842936,0.005161910707272819,0.0014607142857142913,0.15268672261837477,-0.0014506446069497692,-0.0021558453143818435,0.000510583187616217,1
2026-06-15 09:00:00+00:00,1.34229,1.34336,1.34222,1.34267,2283,1.34356,1.343905,1.3429935,1.3406252,1.3433552533574655,1.3425679360678546,0.0007873172896109004,0.0010260218968863217,-0.0002387046072754213,56.61641541038556,1.3429935,1.3461889129953157,1.3397980870046842,0.004758642532991832,0.0014592857142857265,0.30264757843815154,-0.001710075317665094,-0.0016729619605627688,0.0005352685307071504,1
2026-06-15 10:00:00+00:00,1.34269,1.34341,1.3422,1.3424800000000001,2040,1.342964,1.343714,1.3430515,1.3407482,1.3432205989947785,1.3425614222850504,0.0006591767097281487,0.0009526528594546871,-0.00029347614972653844,58.68055555555621,1.3430515,1.346159941985795,1.339943058014205,0.004628924483975429,0.001475000000000004,0.27786178596393946,-0.0022148558857193468,-0.001420718690260947,0.0005293042915635326,1
2026-06-15 11:00:00+00:00,1.34244,1.34308,1.34192,1.34231,2496,1.3425920000000002,1.343566,1.343103,1.340864,1.3430805068417357,1.342542798412084,0.0005377084296518397,0.0008696639734941176,-0.00033195554384227784,52.321083172146,1.343103,1.3461206679738011,1.3400853320261987,0.004493576403002909,0.0014071428571428765,0.0,-0.0013837535430787362,-0.0011013625640912128,0.0005184282095596827,1
2026-06-15 12:00:00+00:00,1.34227,1.34314,1.34165,1.34295,2702,1.342538,1.343474,1.343174,1.3410043999999999,1.3430604288660841,1.34257296149267,0.00048746737341409663,0.0007932246534781135,-0.0003057572800640168,35.38663171690857,1.343174,1.346101304490321,1.3402466955096792,0.004358786710166901,0.0012578571428571677,0.0,-0.00020100951445034543,-0.0006845900273090288,0.0005494582504701488,0
2026-06-15 13:00:00+00:00,1.34298,1.34395,1.3427,1.3433899999999999,3072,1.34276,1.34339,1.343262,1.3411419999999998,1.3431111321174558,1.3426334828635833,0.000477649253872503,0.0007301095735569915,-0.00025246031968448844,40.20486555697729,1.343262,1.3460982733147375,1.3404257266852624,0.004222963673114507,0.0012821428571428825,0.1265619593331495,0.0008269511577316813,-0.0006248930614554116,0.000553828548502563,0
2026-06-15 14:00:00+00:00,1.34337,1.34442,1.34273,1.34397,3642,1.3430199999999999,1.34329,1.3433825000000001,1.3412994,1.3432432656378472,1.3427324841329475,0.0005107815048996933,0.0006862439598255319,-0.00017546245492583857,47.32824427481023,1.3433825000000001,1.3461172731552413,1.340647726844759,0.004071473545682152,0.0012800000000000114,0.31367383424956846,0.0009682200391756268,-0.0007435110076804419,0.0005403354739554148,0
2026-06-15 15:00:00+00:00,1.34396,1.34396,1.34238,1.3425099999999999,2669,1.343026,1.342995,1.3434535,1.3414438000000002,1.343130455539717,1.3427160038268036,0.00041445171291343286,0.0006318855104431121,-0.0002174337975296793,42.66055045871542,1.3434535,1.3460052818336248,1.3409017181663754,0.003798839086912498,0.0013400000000000395,0.19106615381292133,2.23467016267076e-05,-0.002192558678816292,0.0006008519309775424,0
2026-06-15 16:00:00+00:00,1.3425,1.34333,1.34239,1.34289,2011,1.343142,1.3428669999999998,1.343574,1.3416466,1.3430934623797606,1.3427288924322256,0.0003645699475349762,0.000578422397861485,-0.00021385245032650877,44.567627494457554,1.343574,1.3457317512661138,1.3414162487338863,0.003211957459899831,0.0013521428571428812,0.24691006237384455,0.0004320909476946966,-0.0009522605027638686,0.0005578275804820266,0
2026-06-15 17:00:00+00:00,1.34292,1.34297,1.34249,1.34279,1707,1.3431099999999998,1.342824,1.3436219999999999,1.3418318000000002,1.3430467758597975,1.3427334189187274,0.0003133569410700421,0.0005254093065031964,-0.00021205236543315434,41.78082191780853,1.3436219999999999,1.345655535681644,1.3415884643183558,0.003026946092939987,0.0013285714285714567,0.1719628174968967,-0.00011914069771779001,-0.00032012626375432784,0.0005149867593308168,0
2026-06-15 18:00:00+00:00,1.34279,1.3431,1.34185,1.34193,1944,1.3428179999999998,1.342789,1.3434595,1.3420048,1.3428749641890596,1.3426739064062292,0.0002010577828304161,0.00046053900176864035,-0.00025948121893822426,32.88288288288497,1.3434595,1.3454882354111668,1.3414307645888333,0.0030201660878750288,0.0013414285714285887,0.0,-0.0010868027899566535,-0.0002607503650503551,0.0005067091043539717,0
2026-06-15 19:00:00+00:00,1.3419400000000001,1.3421,1.3407499999999999,1.34087,2099,1.3421980000000002,1.342609,1.343257,1.3420450000000002,1.3425665081599736,1.3425402837094713,2.622445050226574e-05,0.0003736760915153654,-0.0003474516410130997,25.714285714287385,1.343257,1.345471888377869,1.341042111622131,0.003297787955497696,0.001365000000000029,0.0,-0.00230659910563491,-0.0013406123619356114,0.00054543347341653,1
2026-06-15 20:00:00+00:00,1.34084,1.34132,1.34058,1.34122,1464,1.34194,1.342483,1.3430985,1.3420756,1.3423593530584392,1.3424424849161771,-8.313185773789478e-05,0.0002823145016647134,-0.00036544635940260816,32.667450058756216,1.3430985,1.3454229899836987,1.3407740100163013,0.0034613842301197103,0.0012671428571428794,0.21091753413191505,-0.0009608866973056518,-0.0009385614683272703,0.0005594908798915617,0
2026-06-15 21:00:00+00:00,1.34121,1.34122,1.34062,1.34081,1749,1.3415240000000002,1.342333,1.3429495,1.3420602,1.3421209910494485,1.3423215601075715,-0.0002005690581230457,0.00018573778970716153,-0.00038630684783020724,34.88080301129395,1.3429495,1.3454618063423878,1.3404371936576123,0.003741475524415101,0.0011900000000000244,0.2780574611903362,-0.0015488982716379551,-0.001117476588865296,0.0005635108733720925,0
2026-06-15 22:00:00+00:00,1.34086,1.34144,1.34073,1.34113,622,1.341192,1.3421509999999999,1.3428125,1.342053,1.341968530887995,1.3422332963958996,-0.0002647655079046629,9.563713018479664e-05,-0.00036040263808945954,42.1768707483001,1.3428125,1.3454108142308454,1.3402141857691545,0.0038699583610451115,0.0011142857142857501,0.4993766390079743,-0.0012362320243671787,-0.001355225436539098,0.0005404402996348113,0
2026-06-15 23:00:00+00:00,1.34113,1.34166,1.34111,1.34154,691,1.341114,1.3419659999999998,1.342678,1.342063,1.3419026030590726,1.3421819411073144,-0.0002793380482417618,2.0642094499484938e-05,-0.0002999801427412467,42.33378561736776,1.342678,1.3452456743522219,1.3401103256477782,0.003824706075800493,0.0010721428571428865,0.5041365002183182,-0.0002906261876551852,-0.001377113124260143,0.0005383933988955685,0
2026-06-16 00:00:00+00:00,1.34154,1.34154,1.34091,1.34135,1621,1.3412099999999998,1.341704,1.342497,1.3420427999999998,1.3418175872038307,1.3421203158401058,-0.00030272863627511803,-4.4032051655435674e-05,-0.00025869658461968235,42.33378561736776,1.342497,1.3448887234482154,1.3401052765517847,0.0035630968981165186,0.0010307142857143134,0.6246336083604515,0.0003579765376211519,-0.0019494482763752208,0.0005001910411757478,0
2026-06-16 01:00:00+00:00,1.34138,1.34178,1.34046,1.34064,1915,1.341094,1.341517,1.3422560000000001,1.342028,1.3416364199417028,1.3420106628149129,-0.0003742428732100844,-0.00011007421596636544,-0.000264168657243719,39.443742098610784,1.3422560000000001,1.3443425019833277,1.3401694980166725,0.0031089478956735587,0.0010421428571428804,0.635212487606794,-0.00043244210494919333,-0.0013929132743888406,0.0004133856263273393,0
2026-06-16 02:00:00+00:00,1.34064,1.3406500000000001,1.33968,1.34043,1529,1.341018,1.341271,1.342069,1.3420197999999999,1.3414508168737487,1.341893576680475,-0.00044275980672625614,-0.0001766113341183436,-0.00026614847260791256,33.15508021390356,1.342069,1.344102952853594,1.340035047146406,0.003031070464475342,0.0010050000000000336,0.34425875661537103,-0.0002834107740843361,-0.0018318700712641744,0.00038594387532635423,1
2026-06-16 03:00:00+00:00,1.34046,1.34062,1.33997,1.3403,1490,1.340852,1.3410220000000002,1.341923,1.3420204,1.341273768123941,1.3417755339634028,-0.0005017658394617097,-0.0002416422351870169,-0.0002601236042746928,28.451882845190596,1.341923,1.344027072242134,1.339818927757866,0.0031359060723065877,0.0009621428571428796,0.12665875726673562,-0.0006188810928097199,-0.0018543480365507126,0.000385303685851089,1
2026-06-16 04:00:00+00:00,1.3403100000000001,1.34045,1.33904,1.33969,1718,1.340482,1.340798,1.3417935,1.3420016000000001,1.3410301114894887,1.3416210499661136,-0.000590938476624947,-0.00031150148347460296,-0.00027943699315034407,20.277777777777743,1.3417935,1.3441128581235728,1.3394741418764273,0.003457101444555748,0.0009421428571428755,0.0,-0.00137901218003178,-0.0016692375906344203,0.00036490692484923704,1
2026-06-16 05:00:00+00:00,1.33972,1.34009,1.33921,1.33925,1548,1.340062,1.340636,1.3416225000000002,1.3419581999999999,1.3407562481834137,1.3414454166352905,-0.0006891684518768315,-0.0003870348771550487,-0.0003021335747217828,23.624595469256505,1.3416225000000002,1.3441634726691538,1.3390815273308465,0.0037879100404974594,0.0008914285714285748,0.13778667758354748,-0.001565586908711336,-0.001208170814471221,0.0003009532618795824,1
2026-06-16 06:00:00+00:00,1.33924,1.3406500000000001,1.339,1.34056,2368,1.3400459999999998,1.34057,1.3415265,1.3419474,1.3407260561551964,1.3413798302178617,-0.0006537740626653132,-0.0004403827142571016,-0.00021339134840821163,33.61462728551314,1.3415265,1.344076127630215,1.3389768723697852,0.0038010842576942363,0.0009421428571428755,0.6046810286191319,-5.9672992003934056e-05,-0.0004920892918388597,0.00045039608249218945,1
2026-06-16 07:00:00+00:00,1.34059,1.34159,1.34024,1.34158,2773,1.340276,1.3406470000000001,1.3414899999999998,1.3419876,1.34085743213132,1.3413946576091313,-0.0005372254778113206,-0.0004597512669679454,-7.747421084337516e-05,42.46575342465773,1.3414899999999998,1.3440131642623618,1.3389668357376379,0.0037617339858843344,0.0010042857142857273,0.9999999999954932,0.0008579336481575606,0.0005742797264338684,0.0005057706721850436,0
2026-06-16 08:00:00+00:00,1.34157,1.34238,1.34125,1.34234,2393,1.340684,1.3407680000000002,1.3414594999999998,1.3420221999999997,1.3410855194957323,1.341464682971418,-0.00037916347568578423,-0.0004436337087115132,6.447023302572899e-05,52.5851197982347,1.3414594999999998,1.3439223821370856,1.338996617862914,0.0036719440834192714,0.0009957142857142903,0.9999999999969047,0.0015220473028427772,0.0009022242437348726,0.0005289115969670952,0
2026-06-16 09:00:00+00:00,1.34235,1.34271,1.34145,1.3415,2136,1.341046,1.340764,1.3413650000000001,1.3420574000000003,1.341149285727158,1.3414672990476093,-0.000318013320451227,-0.00041850963105945595,0.00010049631060822896,54.08560311283982,1.3413650000000001,1.3436549643757558,1.3390750356242445,0.0034143791969459196,0.0009892857142857084,0.999999999997042,0.0013510588270420065,-2.98164795682343e-05,0.0005673858655653608,1
2026-06-16 10:00:00+00:00,1.34148,1.34313,1.3414,1.34304,2170,1.3418040000000002,1.3409330000000002,1.3413185,1.3420923999999999,1.3414401648460568,1.341583795414453,-0.00014363056839616917,-0.0003635338185267986,0.00021990325013062945,60.22471910112307,1.3413185,1.3434153675886513,1.3392216324113488,0.0031265767059072713,0.0010599999999999974,0.9999999999974967,0.0028299421317901086,0.0012599247027247351,0.000669670300173563,1
2026-06-16 11:00:00+00:00,1.34301,1.34304,1.3411,1.34152,2280,1.3419960000000002,1.341021,1.341269,1.3420826,1.3414524471774325,1.341579069828197,-0.00012662265076457402,-0.0003161515849743537,0.0001895289342097797,53.54645354645346,1.341269,1.34329290867282,1.33924509132718,0.0030179012156696158,0.0011557142857142758,0.8328216045204428,0.0007161186369875061,0.0006564029120419423,0.000756637312258993,1
2026-06-16 12:00:00+00:00,1.34152,1.34173,1.34071,1.3415599999999999,2527,1.3419919999999999,1.341134,1.3412025,1.3420928,1.34146899376552,1.3415776572483307,-0.00010866348281068916,-0.0002746539645416208,0.00016599048173093165,52.20966084275401,1.3412025,1.3430845803160112,1.339320419683989,0.0028065565282067613,0.0011778571428571352,0.7993573977648964,-1.4907795286234204e-05,0.0008430130629721866,0.0007528323377512778,1
2026-06-16 13:00:00+00:00,1.34158,1.3418999999999999,1.3406,1.34106,3078,1.3417359999999998,1.3412099999999998,1.341116,1.3420955999999997,1.3414060716477476,1.3415393122669728,-0.00013324061922515007,-0.00024637129547832665,0.00011313067625317658,47.556008146639314,1.341116,1.3428435525736906,1.3393884474263094,0.002576291049678948,0.00123142857142855,0.6828615524776526,-0.0009535587109079646,0.0005670372304706905,0.0007651663651684982,1
2026-06-16 14:00:00+00:00,1.34105,1.34277,1.34026,1.34271,3531,1.341978,1.341512,1.341155,1.3421636000000001,1.3416066760096326,1.3416260298768266,-1.935386719398302e-05,-0.00020096780982145791,0.0001816139426274749,56.02836879432626,1.341155,1.3429916961184984,1.3393183038815017,0.002738976655939617,0.0013657142857142718,0.8949518994978991,0.0009019754006709402,0.0022542528495397285,0.0008232668973060855,0
2026-06-16 15:00:00+00:00,1.3427,1.34429,1.34184,1.34368,3498,1.3421059999999998,1.341955,1.3412955,1.3422374,1.3419256489312277,1.3417781758118763,0.0001474731193513712,-0.0001312796239868921,0.0002787527433382633,63.17157712304984,1.3412955,1.3434438651067044,1.3391471348932955,0.0032034180487513215,0.0014464285714285627,0.9999999999976686,0.0004765308553729142,0.003307821541907785,0.0008116901492737457,0
2026-06-16 16:00:00+00:00,1.3437000000000001,1.34398,1.3428499999999999,1.34292,2777,1.3423859999999999,1.3421910000000001,1.3413805,1.3422694000000002,1.3420786260187312,1.341862755381367,0.00021587063736427936,-6.184957171665778e-05,0.00027772020908093715,60.29776674937903,1.3413805,1.3436475312142626,1.3391134687857376,0.0033801463704929762,0.0014578571428571299,0.9330017294427224,0.0010435923430138772,0.0017604583159276377,0.0008215883561521633,0
2026-06-16 17:00:00+00:00,1.34292,1.34292,1.34245,1.34288,1941,1.3426500000000001,1.3423209999999999,1.341484,1.3423014,1.3422019143235415,1.3419381068345992,0.00026380748894228034,3.28184041512987e-06,0.0002605256485271505,60.7500000000001,1.341484,1.343829031926641,1.3391389680733587,0.0034961757674950283,0.001444999999999998,0.9435448209273396,0.0009839291571007713,0.0009690066936001163,0.0007967400599693191,0
2026-06-16 18:00:00+00:00,1.34289,1.34325,1.34228,1.34281,1603,1.343,1.342368,1.341568,1.342327,1.3422954659660735,1.342002691513518,0.00029277445255559975,6.118036284322387e-05,0.00023159408971237588,63.6125654450262,1.341568,1.3439790674639904,1.3391569325360098,0.0035944021681947316,0.0014135714285714426,0.9999999999974992,0.0013049378849567805,0.0003501348391614645,0.0007800906926303047,0
2026-06-16 19:00:00+00:00,1.34281,1.34321,1.34216,1.34237,1822,1.342932,1.342455,1.3416095,1.3423418,1.3423069327405237,1.3420298995495537,0.0002770331909700552,0.00010435092846859015,0.00017268226250146502,63.6125654450262,1.3416095,1.3440469661131498,1.33917203388685,0.003633644682972024,0.0014257142857143,0.9999999999966664,-0.00025321923572474425,0.0006485277674246337,0.0007573879397642105,1
2026-06-16 20:00:00+00:00,1.34234,1.34268,1.34214,1.34262,818,1.3427200000000001,1.342413,1.341673,1.342363,1.3423550969342892,1.3420736106940312,0.00028148624025803315,0.00013977799082647878,0.00014170824943155437,59.90384615384595,1.341673,1.3441478852179902,1.3391981147820096,0.00368925247506707,0.0013464285714285737,0.8246204067218029,-0.0007888783043582537,-0.00031272337383847493,0.0006593169905510672,1
2026-06-16 21:00:00+00:00,1.34262,1.34269,1.34235,1.34235,824,1.342606,1.3424960000000001,1.3417584999999999,1.3423882,1.3423543127905524,1.3420940839759548,0.0002602288145976406,0.00016386815558071117,9.636065901692941e-05,53.98963730569918,1.3417584999999999,1.344201063579976,1.3393159364200238,0.003640839361145953,0.0012742857142857198,0.4006854669690715,-0.0004244482173174635,0.0006187011747866844,0.000541919172564055,1
2026-06-16 22:00:00+00:00,1.34277,1.3428200000000001,1.34259,1.34273,424,1.342576,1.3426129999999998,1.3418735,1.3424331999999999,1.342412110822775,1.3421411888666246,0.0002709219561503051,0.00018527891569462997,8.564304045567515e-05,52.10355987054959,1.3418735,1.3442688224154178,1.339478177584582,0.003570116580166229,0.001227142857142887,0.28322084487804994,-0.00011170022637918553,0.000872119025612017,0.0005461505398495092,0
2026-06-16 23:00:00+00:00,1.34275,1.34308,1.34244,1.3425099999999999,765,1.3425159999999998,1.3427580000000001,1.3419839999999998,1.3424468000000003,1.342427170696194,1.3421685082098376,0.0002586624863565312,0.00019995562982701024,5.870685652952098e-05,55.83815028901721,1.3419839999999998,1.3442753328688575,1.3396926671311422,0.0034148437967332426,0.001182857142857168,0.5158105805880551,-0.00022341209850995636,0.0010812342475354786,0.000530369919598831,1
2026-06-17 00:00:00+00:00,1.34253,1.34322,1.34236,1.34302,2705,1.3426459999999998,1.342789,1.3421505,1.3424036000000001,1.3425183752044718,1.3422315816757755,0.00028679352869631636,0.0002173232096008715,6.947031909544486e-05,49.86876640420007,1.3421505,1.3442124303679372,1.3400885696320628,0.0030725769843802553,0.0011207142857143162,0.14403824023837947,0.00048421821107447194,0.00023087636198426686,0.00037621519614166606,0
2026-06-17 01:00:00+00:00,1.343,1.34335,1.34261,1.34266,1556,1.342654,1.342687,1.3423209999999999,1.3423584,1.342540163634553,1.3422633163664586,0.00027684726809451554,0.00022922802129960034,4.76192467949152e-05,58.8235294117639,1.3423209999999999,1.343874277011289,1.3407677229887107,0.0023143152961015378,0.001035000000000024,0.7017395482521275,2.979249527057526e-05,-0.0007591093117409464,0.0002927942431261645,0
2026-06-17 02:00:00+00:00,1.34266,1.3431,1.3425099999999999,1.3425500000000001,1075,1.342694,1.3426500000000001,1.3424204999999998,1.3423216,1.342541676921545,1.3422845521911653,0.00025712473037975414,0.0002348073631156311,2.2317367264123027e-05,57.5803981623296,1.3424204999999998,1.3437354740842384,1.3411055259157612,0.001959109063424822,0.0010042857142857433,0.6243175189637291,0.00014899243863397693,-0.00027551901825850766,0.0002376690396971854,0
2026-06-17 03:00:00+00:00,1.34256,1.34288,1.34243,1.34269,972,1.342686,1.3426310000000001,1.342476,1.3422996,1.342564495856692,1.3423145853621903,0.0002499104945017372,0.00023782798939285237,1.2082505108884824e-05,63.209076175040664,1.342476,1.3437340753889668,1.3412179246110332,0.0018742612738951434,0.0009435714285714722,0.9706420860139159,-2.9790054590250747e-05,-0.0001414869534136498,0.00024128138278363336,0
2026-06-17 04:00:00+00:00,1.34267,1.3433,1.34265,1.34307,979,1.342798,1.342657,1.3425125,1.3422836,1.3426422657248933,1.3423705420020282,0.0002717237228651026,0.00024460713608730244,2.7116586777800166e-05,53.67346938775432,1.3425125,1.343796062066696,1.341228937933304,0.00191217894313237,0.0008107142857143312,0.2768305162367874,0.0004171291089081208,0.00019362381870857703,0.0002581052259084644,0
2026-06-17 05:00:00+00:00,1.34307,1.34336,1.34267,1.34287,1335,1.342768,1.342707,1.3425809999999998,1.3422564,1.3426773017672173,1.342407538890767,0.00026976287645030794,0.00024963828415990356,2.0124592290404384e-05,40.19370460048446,1.3425809999999998,1.3437805244672287,1.3413814755327709,0.0017868932559434846,0.0006850000000000467,0.0,-0.00011168858244858804,0.00037247554698027763,0.00023670033323212124,0
2026-06-17 06:00:00+00:00,1.3429,1.34379,1.34081,1.34144,2686,1.342524,1.3425889999999998,1.342501,1.3421857999999998,1.3424869476491839,1.3423358693433027,0.00015107830588112492,0.00022992628850414783,-7.88479826230229e-05,34.583333333333826,1.342501,1.3437822641783996,1.3412197358216003,0.0019087720283257714,0.0008171428571428972,0.0,-0.0009086440349753699,-0.0008788786104779733,0.00041369004411243574,0
2026-06-17 07:00:00+00:00,1.34145,1.34211,1.34112,1.34206,2655,1.3424260000000001,1.34256,1.3425280000000002,1.3421178,1.342421263395463,1.3423154345771322,0.00010582881833087754,0.00020510679446949378,-9.927797613861625e-05,42.379182156133666,1.3425280000000002,1.3437432816438166,1.3413127183561837,0.0018104376874321533,0.0008542857142857439,0.2685516720792962,-0.0003649770958251697,-0.00021603903601885577,0.00044546759861174406,0
2026-06-17 08:00:00+00:00,1.34208,1.34208,1.34078,1.34168,2516,1.3422239999999999,1.342455,1.3425340000000001,1.3420679999999998,1.3423072228730841,1.3422683653491967,3.8857523887436685e-05,0.00017185694035308236,-0.00013299941646564568,40.070298769771206,1.3425340000000001,1.343730193964252,1.3413378060357481,0.00178199429474705,0.0008778571428571524,0.18901517667800943,-0.0007522212871176048,-0.0007819889329947483,0.00043837810619434115,0
2026-06-17 09:00:00+00:00,1.34166,1.3419400000000001,1.34123,1.3417,1858,1.34195,1.342374,1.3425660000000001,1.3420375999999998,1.3422138039695328,1.3422262642122191,-1.246024268630741e-05,0.0001349935037452044,-0.00014745374643151181,43.64326375711426,1.3425660000000001,1.3436222176809667,1.3415097823190336,0.0015734312964376146,0.0008535714285714535,0.31649590628435126,-0.0010200510770101978,-0.0006033474610990242,0.0004381394128564205,0
2026-06-17 10:00:00+00:00,1.3417,1.34177,1.34088,1.34123,2065,1.3416219999999999,1.342195,1.342492,1.3420165999999998,1.3420624495126816,1.342152466863166,-9.001735048430604e-05,8.999133289930231e-05,-0.00018000868338360833,37.3406193078329,1.342492,1.3437019343175334,1.3412820656824667,0.001802519966649122,0.0008785714285714428,0.09632190122494087,-0.0012212649027829592,-0.0013328170838856623,0.00041696886882490035,0
2026-06-17 11:00:00+00:00,1.34124,1.3413599999999999,1.33991,1.34047,2541,1.341428,1.341976,1.3423315,1.3419726,1.3418174572799613,1.3420278396881167,-0.00021038240815540732,2.9916584688360373e-05,-0.00024029899284376769,34.280936454850746,1.3423315,1.3437168105295465,1.3409461894704535,0.002064036386759144,0.0009578571428571532,0.0,-0.0007231035305342859,-0.0016310905217999938,0.0004378597366583488,0
2026-06-17 12:00:00+00:00,1.3405,1.34158,1.34033,1.34145,2325,1.3413059999999999,1.341866,1.342258,1.341952,1.3417609253907363,1.3419850367482564,-0.00022411135752009592,-2.08890037533309e-05,-0.00020322235376676501,40.27355623100348,1.342258,1.3436676151024152,1.3408483848975847,0.0021003638680718883,0.0010135714285714231,0.20715537998973266,-0.0004545251330044797,-0.0008193363375667007,0.0005220091022336915,0
2026-06-17 13:00:00+00:00,1.34144,1.34181,1.34055,1.34061,2885,1.3410920000000002,1.341658,1.3421445,1.341918,1.3415838599460075,1.3418831821743116,-0.0002993222283040886,-7.657564866348247e-05,-0.00022274657964060614,36.80555555555678,1.3421445,1.3437011289488272,1.340587871051173,0.002319614540501611,0.001057857142857142,0.0872720861112023,-0.0007975076024088201,-0.001549128987331283,0.0005437274640577282,0
2026-06-17 14:00:00+00:00,1.34058,1.34078,1.33844,1.33938,3867,1.3406280000000002,1.3412890000000002,1.3419729999999999,1.3418466,1.3412448045696987,1.3416977612725105,-0.0004529567028117576,-0.00015185185949313752,-0.0003011048433186201,27.020202020200614,1.3419729999999999,1.3439261901031554,1.3400198098968443,0.0029109231007710787,0.0011635714285714225,0.0,-0.001729149586345624,-0.0027474368424579287,0.0005682763839086199,0
2026-06-17 15:00:00+00:00,1.33936,1.33982,1.33874,1.33959,2842,1.3402999999999998,1.3409609999999998,1.341834,1.3417706,1.3409902192512837,1.3415416308078802,-0.0005514115565965483,-0.0002317637989138197,-0.00031964775768272857,30.244530244529855,1.341834,1.3440466754465346,1.3396213245534654,0.0032979868546103084,0.0011878571428571374,0.08909722392922512,-0.0012227582144747062,-0.0024425298055656963,0.0005838191528325147,0
2026-06-17 16:00:00+00:00,1.33959,1.3397700000000001,1.33893,1.3396,1992,1.3401260000000002,1.340777,1.3416830000000002,1.3416831999999999,1.340776339366471,1.341397806303593,-0.0006214669371220616,-0.0003097044265554681,-0.0003117625105665935,30.769230769228315,1.3416830000000002,1.3440747674592375,1.3392912325407629,0.003565324237151851,0.001205714285714286,0.10359616972267513,-0.000649026087864768,-0.001371660305343525,0.0005102053396890918,0
2026-06-17 17:00:00+00:00,1.33961,1.34032,1.33936,1.34018,2198,1.339872,1.340589,1.3415745,1.3416366,1.3406845948485524,1.3413075984292528,-0.000623003580700443,-0.0003723642573844631,-0.00025063932331597993,34.52527743526473,1.3415745,1.344034765069184,1.3391142349308158,0.0036677278364847642,0.0012421428571428425,0.2815818155252606,-0.0009467367400947113,-0.0014008315574565167,0.0005064609049528074,0
2026-06-17 18:00:00+00:00,1.34013,1.34013,1.33344,1.3336700000000001,14596,1.338484,1.339788,1.3411214999999999,1.3414522,1.3396054264103134,1.3407418503974564,-0.001136423987142976,-0.0005251762033361658,-0.0006112477838068102,16.99438202247147,1.3411214999999999,1.3453714053859582,1.3368715946140415,0.006337837975095284,0.0016771428571428373,0.0,-0.005176747898344769,-0.005970127004948922,0.001579392851831692,0
2026-06-17 19:00:00+00:00,1.33365,1.334,1.32619,1.32846,12358,1.3363,1.338464,1.340419,1.3411655999999998,1.3378907454241113,1.3398320837013484,-0.0019413382772370813,-0.0008084086181163491,-0.0011329296591207324,12.57142857142803,1.340419,1.3474423981878711,1.333395601812129,0.01047940709266449,0.002185714285714267,0.0,-0.008153026026967769,-0.00986807781173138,0.0018704466015928886,1
2026-06-17 20:00:00+00:00,1.3285,1.32988,1.3277,1.32935,2489,1.334252,1.337276,1.3397355,1.3409140000000002,1.3365767845896328,1.3390556330568042,-0.0024788484671713906,-0.0011424965879273576,-0.001336351879244033,17.691074291822346,1.3397355,1.348204921094995,1.331266078905005,0.012643422668123572,0.0021285714285714003,0.16476805086608762,-0.007644129920348797,-0.00885754121217086,0.0019358754182662548,1
2026-06-17 21:00:00+00:00,1.32937,1.3294000000000001,1.32853,1.3290199999999999,1128,1.3321359999999998,1.336131,1.3390535,1.3406770000000001,1.335414202345074,1.3383122528303744,-0.002898050485300452,-0.0014936073674019766,-0.0014044431178984753,14.603691639521585,1.3390535,1.3486527264491046,1.3294542735508952,0.014337330732647672,0.0021199999999999947,0.06540531178612881,-0.007897879964168464,-0.008541780121897657,0.0019443410784162293,1
2026-06-17 22:00:00+00:00,1.32894,1.32966,1.3288,1.32954,789,1.330008,1.33494,1.338403,1.3404434,1.3345104789073703,1.3376624563244208,-0.0031519774170505332,-0.0018252813773316882,-0.001326696039718845,17.295258620689395,1.338403,1.3487395230843755,1.3280664769156245,0.015446054864454866,0.0020885714285714396,0.1520293224077822,-0.007939232043456812,-0.008878452420887917,0.0019162925171631298,1
2026-06-17 23:00:00+00:00,1.32954,1.33025,1.32954,1.33004,1011,1.3292819999999999,1.333883,1.3377705,1.340228,1.3338227129216211,1.3370978299300194,-0.0032751170083982206,-0.002115248503544995,-0.0011598685048532257,19.380252100840238,1.3377705,1.3485414931614665,1.3269995068385334,0.016102901299537654,0.0020885714285714236,0.2457870244863343,-0.002721812742282781,-0.007884470502234175,0.0019573788603747555,1
2026-06-18 00:00:00+00:00,1.33005,1.33175,1.33002,1.33063,3047,1.329716,1.333008,1.3371485,1.340018,1.3333315263182948,1.3366187314166846,-0.003287205098389867,-0.0023496398225139694,-0.0009375652758758977,22.338204592902116,1.3371485,1.3480666862287867,1.3262303137712135,0.016330551511349108,0.0021485714285714363,0.3525641113729714,0.0016334703340710188,-0.006532873419044627,0.0019944633538221024,0
2026-06-18 01:00:00+00:00,1.33061,1.33186,1.3305799999999999,1.33099,2434,1.330044,1.3321479999999999,1.3365545,1.3398069999999997,1.3329712915000955,1.336201788348782,-0.0032304968486864816,-0.002525811227748472,-0.0007046856209380094,24.733475479743873,1.3365545,1.3474546892306196,1.3256543107693806,0.016310878801604464,0.0021364285714285947,0.43902934307892544,0.001233685635837034,-0.006419874737793041,0.001999915056176809,1
2026-06-18 02:00:00+00:00,1.331,1.33155,1.33063,1.33113,1709,1.330466,1.3313009999999998,1.336039,1.3396026,1.3326880158846963,1.3358261003229461,-0.0031380844382498108,-0.0026482658698487403,-0.0004898185684010705,21.205357142857096,1.336039,1.3469415287264808,1.3251364712735192,0.016320674361273567,0.00211285714285717,0.3562714917293251,0.0015876360024680292,-0.006322782920274661,0.0020036765234436333,0
2026-06-18 03:00:00+00:00,1.33114,1.33179,1.33114,1.33165,1394,1.3308879999999998,1.3304479999999999,1.3355184999999998,1.3394228,1.3325283211332046,1.3355167595582833,-0.0029884384250786766,-0.0027163003808947277,-0.00027213804418394893,24.54545454545473,1.3355184999999998,1.346202495458045,1.3248345045419547,0.015999771561449886,0.0020700000000000323,0.545418074445082,0.001587015057839647,-0.006364816666417861,0.002001219838657663,0
2026-06-18 04:00:00+00:00,1.33167,1.33195,1.33117,1.33139,1654,1.3311579999999998,1.33022,1.335004,1.3392419999999998,1.3323531948050193,1.335211073665077,-0.0028578788600577276,-0.002744616076727328,-0.0001132627833303995,25.97714972940507,1.335004,1.3454265270195789,1.3245814729804213,0.015614225904310094,0.00195857142857146,0.6106319325172384,0.0010150070674568301,-0.0017095683339957146,0.0013436124797285055,0
2026-06-18 05:00:00+00:00,1.33141,1.3315000000000001,1.32991,1.32995,1734,1.331022,1.330369,1.3344165000000001,1.339035,1.331983472527324,1.3348213645047011,-0.0028378919773770495,-0.0027632712568572727,-7.462072051977672e-05,23.012318029115406,1.3344165000000001,1.3445710059223228,1.3242619940776774,0.015219395027448623,0.0019950000000000484,0.47558355358993526,-0.0005110361257449902,0.0011215994459750078,0.0005077850244004508,0
2026-06-18 06:00:00+00:00,1.32992,1.33247,1.3299,1.3312300000000001,3506,1.33107,1.330557,1.3339165,1.3388657999999998,1.3318675536769666,1.334555337504353,-0.0026877838273864363,-0.002748173770963106,6.038994357666959e-05,28.123366440147592,1.3339165,1.343633782000326,1.324199217999674,0.01456955064327633,0.002118571428571462,0.708392317224454,0.0001803169069640731,0.0014142249971791365,0.0005501385968457676,0
2026-06-18 07:00:00+00:00,1.33121,1.33166,1.32889,1.32966,3205,1.330776,1.330621,1.333376,1.3386740000000001,1.3315279300343563,1.334192719911438,-0.0026647898770817413,-0.002731496992186833,6.670711510509174e-05,23.85685884691958,1.333376,1.3427551266566924,1.3239968733433074,0.014068239801365097,0.002247857142857198,0.725660709982514,-0.0011043248968920505,0.00048155783961134624,0.0006855565233891193,0
2026-06-18 08:00:00+00:00,1.32966,1.32968,1.3241,1.3245,3834,1.329346,1.330117,1.3325285,1.3383528,1.330446710029071,1.3334747406587388,-0.003028030629667944,-0.0027908037196830555,-0.00023722690998488833,25.572722429409396,1.3325285,1.3418989671006514,1.3231580328993486,0.014064190147754993,0.002165000000000052,0.8359918852330267,-0.005369278714376868,-0.0037907847827067798,0.0014033595191678763,0
2026-06-18 09:00:00+00:00,1.32453,1.325,1.32334,1.32398,3843,1.3278640000000002,1.3295109999999999,1.331697,1.3380008,1.3294518315630601,1.3327714265358692,-0.0033195949728090923,-0.002896561970308263,-0.00042303300250082915,34.090909090909804,1.331697,1.340999124488534,1.3223948755114658,0.013970331822530305,0.0017257142857143304,0.9999999999948685,-0.005565611879314258,-0.004556253947249678,0.0013782427702469214,1
2026-06-18 10:00:00+00:00,1.32398,1.32402,1.32247,1.32277,3390,1.326428,1.328725,1.3308665000000002,1.3376094,1.3284238574764353,1.3320305801258048,-0.0036067226493694537,-0.0030385941061205016,-0.0005681285432489521,27.15277777777868,1.3308665000000002,1.3402460236665152,1.321486976333485,0.0140953636845094,0.001680714285714337,0.6439650078056032,-0.005398699199217982,-0.005906976394640107,0.0013463078916907056,0
2026-06-18 11:00:00+00:00,1.32283,1.32343,1.32047,1.3210600000000001,4343,1.3243940000000003,1.3277320000000001,1.3299400000000001,1.3372005999999999,1.3272909563262145,1.3312179445609302,-0.0039269882347157115,-0.003216272931839544,-0.0007107153028761675,24.778200253486787,1.3299400000000001,1.339352012481269,1.3205279875187312,0.014154040755626393,0.0018300000000000458,0.44552854002412695,-0.00763955139232142,-0.007460612025634861,0.0013256975076533786,1
2026-06-18 12:00:00+00:00,1.32103,1.32481,1.32094,1.32331,4641,1.323124,1.32695,1.3291255,1.3368060000000002,1.3266785015067968,1.3306321708897502,-0.003953669382953384,-0.0033637522220623123,-0.0005899171608910719,32.210165619646176,1.3291255,1.3378088960734622,1.3204421039265377,0.013066329813794478,0.002045000000000043,0.8721509533788708,-0.004775656934855599,-0.0058747079548954195,0.0015217522612572347,0
2026-06-18 13:00:00+00:00,1.32333,1.32493,1.3223799999999999,1.3237999999999999,5399,1.322984,1.326165,1.3283064999999998,1.3364516,1.3262356551211358,1.330126084157176,-0.0038904290360401994,-0.0034690875848578896,-0.0004213414511823098,32.17142857142858,1.3283064999999998,1.335574313035294,1.3210386869647057,0.010942975940107368,0.0021764285714286186,0.8510362204657903,-0.0005285013212533718,-0.005894942364735534,0.0015203102378594504,0
2026-06-18 14:00:00+00:00,1.32379,1.32526,1.32303,1.32517,4850,1.323222,1.3255430000000001,1.3278815,1.3361238,1.3260717081794224,1.3297589668122,-0.0036872586327776347,-0.003512721794441839,-0.00017453683833579562,35.06564551422319,1.3278815,1.3348151442153793,1.3209478557846206,0.010443167128059759,0.0022121428571429164,0.9999999999927851,0.0008988051179021905,-0.004671809161853502,0.0016033051467318306,0
2026-06-18 15:00:00+00:00,1.32519,1.3253300000000001,1.3225,1.32252,4299,1.323172,1.3248,1.3275845,1.335753,1.3255252915364344,1.3292227470483335,-0.0036974555118991503,-0.0035496685379333014,-0.00014778697396584895,29.411764705882618,1.3275845,1.3349115241679754,1.3202574758320245,0.011038128522855581,0.002322857142857198,0.5920805789235881,-0.00018899733135779861,-0.0055866761908343054,0.001667418738978874,0
2026-06-18 16:00:00+00:00,1.3225500000000001,1.3229199999999999,1.32108,1.32212,3838,1.3233840000000001,1.3238889999999999,1.327223,1.3353411999999998,1.325001400530829,1.3286966176373456,-0.0036952171065165462,-0.003578778251649951,-0.00011643885486659544,28.372539606337227,1.327223,1.334888853473286,1.3195571465267142,0.011551718849486265,0.00238857142857147,0.4447088643198362,0.0008023859627872554,-0.006843295298333274,0.0015851409019058157,0
2026-06-18 17:00:00+00:00,1.32215,1.32303,1.3207900000000001,1.32084,2906,1.32289,1.323007,1.3268140000000002,1.3348844,1.3243611850645476,1.3281146459605053,-0.0037534608959577387,-0.003613714780511509,-0.0001397461154462299,24.9652616952293,1.3268140000000002,1.3349354865116,1.3186925134884002,0.012242087454006272,0.002501428571428591,0.16202527215083207,-0.0018665316516915942,-0.00663327467172059,0.0015792225114524682,0
2026-06-18 18:00:00+00:00,1.32084,1.32115,1.32022,1.32022,2487,1.322174,1.322579,1.3263479999999999,1.3344304,1.3237240796700018,1.3275298573708383,-0.0038057777008364546,-0.003652127364576498,-0.00015365033625995648,24.55580865603632,1.3263479999999999,1.3348705363163416,1.3178254636836582,0.012851131552717237,0.0025121428571428833,0.12805514732882955,-0.0027043360024172625,-0.0032314080785202925,0.0011042282503368882,0
2026-06-18 19:00:00+00:00,1.32026,1.32088,1.31927,1.3199,3234,1.32112,1.322171,1.325841,1.3339708,1.3231357597207707,1.3269646827507762,-0.003828923030005482,-0.0036874864976622957,-0.00014143653234318645,25.876140182429324,1.325841,1.3346406959277728,1.3170413040722273,0.01327413457235482,0.0025135714285714483,0.1801516431195928,-0.003976848253431586,-0.0030816175470927964,0.0011041989214613242,1
2026-06-18 20:00:00+00:00,1.31994,1.3207200000000001,1.31968,1.3204099999999999,1383,1.320698,1.321935,1.32533,1.3335228000000001,1.3227164120714212,1.326479150695163,-0.003762738623741768,-0.0037025369228781903,-6.0201700863577855e-05,23.03090727816418,1.32533,1.3341456965274086,1.3165143034725912,0.01330339844025059,0.0024042857142857477,0.0,-0.0015954390103741778,-0.0017841348080166464,0.001101482778586709,0
2026-06-18 21:00:00+00:00,1.3204,1.32044,1.31999,1.3204,752,1.320354,1.321869,1.3248004999999998,1.3330833999999998,1.3223600409835103,1.326028843236262,-0.0036688022527515685,-0.003695789988852866,2.6987736101297555e-05,24.972972972971903,1.3248004999999998,1.3334554686976963,1.3161455313023034,0.013066071001175562,0.0022385714285714548,0.1613716606625214,-0.001300940913078974,-0.0004995988070186641,0.001029597384946262,0
2026-06-18 22:00:00+00:00,1.32064,1.32073,1.32028,1.3205200000000001,750,1.32029,1.32159,1.32427,1.3326414,1.3220769577552782,1.3256207807743168,-0.00354382301903855,-0.003665396594890003,0.00012157357585145315,35.21545319465059,1.32427,1.332585449160271,1.315954550839729,0.012558540418904073,0.0018721428571428936,0.9999999999917929,-0.0002422700705611014,-0.0021083495174977207,0.0008319010400753135,0
2026-06-18 23:00:00+00:00,1.3205200000000001,1.32062,1.31999,1.32013,699,1.3202720000000001,1.321223,1.3236940000000001,1.332197,1.3217774257929276,1.3252140562725154,-0.0034366304795878655,-0.0036196433718295755,0.00018301289224170996,35.558889722430294,1.3236940000000001,1.3314329851095947,1.3159550148904056,0.011693012296791533,0.0017985714285714588,0.9999999999920178,-6.817045643903175e-05,-0.002772322103036573,0.0008064888950032757,0
2026-06-19 00:00:00+00:00,1.32015,1.3211300000000001,1.32008,1.32087,2030,1.3204660000000001,1.3207929999999999,1.323168,1.3317598000000002,1.3216378218247848,1.324892274326403,-0.0032544525016182657,-0.0035466051977873143,0.0002921526961690486,42.61275272161704,1.323168,1.3300916364038589,1.316244363596141,0.010465241607806352,0.001762857142857193,0.9999999999948933,0.0007349041594060246,-0.0032448666963483808,0.0007311678844730866,0
2026-06-19 01:00:00+00:00,1.3209,1.32105,1.31944,1.3195000000000001,1672,1.320284,1.320491,1.3226455,1.3312996,1.3213089261594333,1.3244928465985215,-0.003183920439088217,-0.003474068246047495,0.0002901478069592782,43.7699680511179,1.3226455,1.3289650285467225,1.3163259714532773,0.009555891653088565,0.0016664285714286242,0.9999999999951783,-0.0006891798759474099,-0.002283519341862328,0.0005186228633515677,1
2026-06-19 02:00:00+00:00,1.31954,1.32054,1.31929,1.32012,1486,1.320228,1.320291,1.32209,1.3308416,1.3211260144425974,1.324168932035668,-0.0030429175930706265,-0.003387838115452121,0.0003449205223814947,35.353535353534426,1.32209,1.3270362585541418,1.3171437414458582,0.007482483876501251,0.0014792857142857624,0.5941748380129658,-0.00021205695243864398,-0.0015127219919522927,0.0005620679912256536,0
2026-06-19 03:00:00+00:00,1.3201399999999999,1.32017,1.31854,1.31871,1859,1.319866,1.320078,1.3215425,1.3303626000000002,1.320754319912967,1.3237645666996924,-0.0030102467867254568,-0.0033123198497067886,0.0003020730629813319,28.450465707027675,1.3215425,1.3252227567130426,1.3178622432869576,0.0055696380752681155,0.0014135714285714743,0.2613213051530826,-0.001370672159452413,-0.0016126101571727336,0.0005788457492381165,1
2026-06-19 04:00:00+00:00,1.31872,1.3188,1.31677,1.31698,2187,1.319236,1.319754,1.3211665,1.3298512,1.320173655310972,1.323262006203419,-0.003088350892447078,-0.0032675260582548465,0.0001791751658077683,16.35168447000676,1.3211665,1.3251022325273099,1.31723076747269,0.0059579659752346786,0.0013992857142857457,0.0,-0.00238612863884613,-0.002454136431806697,0.0006809824314214507,1
2026-06-19 05:00:00+00:00,1.31701,1.31992,1.31628,1.31925,2994,1.318912,1.3196890000000001,1.3209300000000002,1.3293824,1.3200315544938994,1.3229648205587212,-0.0029332660648218045,-0.003200674059568238,0.00026740799474643355,36.13231552162817,1.3209300000000002,1.3247196257279719,1.3171403742720285,0.005737814612389303,0.001457142857142887,0.7214394363174665,-0.0012264643757523563,-0.0004924615501175067,0.0009228289712886695,1
2026-06-19 06:00:00+00:00,1.3192300000000001,1.31996,1.31841,1.31982,3126,1.318976,1.31963,1.3207825,1.3289174,1.319999007648684,1.322731870887705,-0.0027328632390208885,-0.0031071118954587684,0.00037424865643787995,40.38461538461495,1.3207825,1.3244995269670659,1.317065473032934,0.005628522435852813,0.0014364285714286082,0.8765293729428484,0.00024251610458492223,-0.00044683090858133045,0.0009253320703477902,1
2026-06-19 07:00:00+00:00,1.31985,1.32077,1.31909,1.3195000000000001,3123,1.3188520000000001,1.3195400000000002,1.3207045,1.32845,1.319922237241194,1.3224924730441714,-0.0025702358029773276,-0.0029997366769624807,0.0004295008739851531,43.909090909090956,1.3207045,1.324462256749669,1.3169467432503308,0.0056905337260063265,0.001396428571428616,0.9999999999963712,-0.00046965427385381453,-0.0006816116328384192,0.0009272751115137596,1
2026-06-19 08:00:00+00:00,1.3195299999999999,1.32325,1.31951,1.32322,3015,1.319754,1.31981,1.3207,1.3280856,1.3204295853579333,1.3225463639297883,-0.0021167785718549936,-0.0028231450559409836,0.00070636648408599,60.6382978723415,1.3207,1.3244448125524306,1.3169551874475693,0.005670951090225854,0.0015978571428571747,0.9999999999977419,0.003420008948138653,0.0020446490776360182,0.0013040110332703783,0
2026-06-19 09:00:00+00:00,1.32324,1.32403,1.32267,1.32337,2619,1.3210320000000002,1.320134,1.3206785,1.3277118,1.3208819568413284,1.3226073740090631,-0.0017254171677347774,-0.0026035994782997425,0.0008781823105649652,62.4551328068919,1.3206785,1.3243526445119849,1.3170043554880153,0.00556402563074174,0.0015800000000000258,0.999999999997831,0.004852009901441079,0.00245430374281308,0.0012929434618036031,0
2026-06-19 10:00:00+00:00,1.32336,1.32354,1.32227,1.32346,2694,1.321874,1.3203930000000001,1.3205930000000001,1.3273474,1.3212785788657395,1.3226705314898735,-0.0013919526241339408,-0.0023612701074665825,0.0009693174833326416,61.28793486306566,1.3205930000000001,1.3238869760009675,1.3172990239990328,0.004988631623774121,0.001596428571428578,0.9746830663208788,0.0031912071252606644,0.001960828847653584,0.0012890012029245625,0
2026-06-19 11:00:00+00:00,1.32348,1.32405,1.3226200000000001,1.3229,2585,1.3224900000000002,1.3207330000000002,1.3206120000000001,1.3269714000000001,1.3215280282710102,1.3226875291572902,-0.0011595008862799183,-0.0021209162632292496,0.0009614153769493313,58.89046941678518,1.3206120000000001,1.323956768735645,1.3172672312643552,0.005065482875583338,0.0016664285714285607,0.9226811980710979,0.002333651558545924,0.002576733611216353,0.001237280096792101,0
2026-06-19 12:00:00+00:00,1.32293,1.32399,1.32247,1.32347,3055,1.323284,1.321068,1.3206795,1.3266162000000004,1.3218267931523933,1.3227454899604538,-0.0009186968080605595,-0.0018804723721955116,0.0009617755641349521,60.16540317022699,1.3206795,1.324202163316628,1.317156836683372,0.005334622543362101,0.0017428571428571254,0.9503349593282364,0.003008715422508468,0.0025376480925975997,0.0012365994923203391,0
2026-06-19 13:00:00+00:00,1.32349,1.32365,1.32161,1.32203,2967,1.323046,1.3214000000000001,1.320739,1.3262474,1.3218580557443327,1.322692490704124,-0.000834434959791297,-0.0016712648897146687,0.0008368299299233717,56.10539845758384,1.320739,1.3243129048378048,1.3171650951621954,0.005411977442635874,0.0018435714285714206,0.8622720300009712,-0.0008993213524584043,0.0025176119086076643,0.0012389851796248208,1
2026-06-19 14:00:00+00:00,1.3220100000000001,1.32358,1.32131,1.32298,3837,1.322968,1.3219999999999998,1.3208769999999999,1.3258780000000001,1.3220306625528968,1.3227137876890038,-0.0006831251361070212,-0.0014736369389931393,0.0007905118028861181,56.689917564997266,1.3208769999999999,1.3245774301314988,1.317176569868501,0.005602989728035086,0.0019307142857142618,0.8749504549018806,-0.0002947021619047474,0.004555877841728728,0.0011142889588274688,1
2026-06-19 15:00:00+00:00,1.323,1.32355,1.32175,1.32199,2598,1.322674,1.322274,1.3209814999999998,1.3255056000000003,1.3220244067755282,1.3226601737861146,-0.0006357670105863189,-0.0013060629533117754,0.0006702959427254565,58.089668615984245,1.3209814999999998,1.3246838024131078,1.3172791975868918,0.0056053811701495945,0.0019442857142856842,0.9053115472166191,-0.0011107249180180023,0.00207693765396999,0.0010751368652201876,1
2026-06-19 16:00:00+00:00,1.322,1.32291,1.3217400000000001,1.3228,1395,1.322654,1.3225719999999999,1.321101,1.325174,1.3221437288100621,1.3226705312834395,-0.0005268024733773302,-0.0011502108573248865,0.0006234083839475562,58.60077021822871,1.321101,1.3248791415648995,1.3173228584351007,0.005719686178270121,0.0019385714285713926,0.9163975206238284,-7.559150351499344e-05,0.0022578836508009292,0.0010808222626205795,0
2026-06-19 17:00:00+00:00,1.32282,1.32382,1.32278,1.32311,1735,1.3225820000000001,1.322933,1.3212365,1.3248444000000001,1.3222923859162066,1.3227030845217032,-0.00041069860549658443,-0.001002308406959226,0.0005916098014626416,65.1933701657459,1.3212365,1.3251021559326566,1.3173708440673433,0.005851573026716477,0.0018964285714285292,0.9999999999979525,-0.0002720122103258005,0.0027358848048502082,0.001068300480853655,0
2026-06-19 18:00:00+00:00,1.3231,1.32367,1.32298,1.32331,1168,1.3228380000000002,1.322942,1.3213759999999999,1.3245186000000002,1.3224489419290977,1.3227480412237993,-0.00029909929470162133,-0.000861666584507705,0.0005625672898060837,74.44015444015463,1.3213759999999999,1.3253330717509686,1.3174189282490312,0.005989319846839523,0.001800714285714235,0.9999999999973895,0.0009682079831774271,6.801590060612206e-05,0.0005864264225130195,0
2026-06-19 19:00:00+00:00,1.3233,1.32359,1.32295,1.3233,2608,1.322902,1.322935,1.3215344999999998,1.324181,1.3225798739400056,1.3227889270590734,-0.00020905311906771473,-0.000731143891419707,0.0005220907723519923,68.94293732460214,1.3215344999999998,1.3255351392910444,1.3175338607089553,0.006054536284969557,0.0015864285714285126,0.8385808221484564,0.00024187818409937556,-5.289525982909993e-05,0.0005852340790049212,0
2026-06-19 20:00:00+00:00,1.3233,1.32401,1.3222,1.32337,8569,1.323178,1.322926,1.3216595,1.3239750000000001,1.3227014317953896,1.3228319694991422,-0.00013053770375259788,-0.0006110226538862852,0.0004804849501336873,67.41903827281634,1.3216595,1.3257283623782132,1.3175906376217867,0.006157202181368567,0.001604999999999936,0.7700336851917492,0.0010438808160424529,-6.800356640934702e-05,0.0005850437218197283,0
2026-06-21 21:00:00+00:00,1.31904,1.31978,1.31879,1.31935,570,1.3224879999999999,1.322571,1.3216519999999998,1.3237927999999999,1.3221858269037912,1.322574045832539,-0.00038821892874785213,-0.0005664619088585986,0.00017824298011074647,49.460043196543936,1.3216519999999998,1.3257381388285914,1.3175658611714083,0.006183380842448006,0.001812142857142802,0.0,-0.0026081040217719176,-0.0026834983747826557,0.0011259913731326266,1
2026-06-21 22:00:00+00:00,1.31935,1.32112,1.31935,1.3207900000000001,1483,1.322024,1.322303,1.3216855,1.3236215999999998,1.3219710843032078,1.3224418942893879,-0.0004708099861800985,-0.0005473315243228987,7.652153814280015e-05,39.53488372093064,1.3216855,1.3257295234004474,1.3176414765995528,0.006119494237392018,0.0016707142857142396,0.0,-0.001753444535979476,-0.00202497978798144,0.0011891585664555394,1
2026-06-21 23:00:00+00:00,1.3207900000000001,1.32097,1.32008,1.32073,1037,1.3215080000000001,1.322173,1.3217865,1.3234557999999998,1.3217801482565603,1.322315087304989,-0.0005349390484286065,-0.0005448530291440402,9.913980715433733e-06,38.54166666666719,1.3217865,1.325612655277917,1.317960344722083,0.0057893695811193045,0.0016371428571428132,0.0,-0.0019496565430624502,-0.0009833362329145778,0.0011478339231550698,0
2026-06-22 00:00:00+00:00,1.32076,1.3222,1.32073,1.32218,2385,1.321284,1.322093,1.3220465,1.3233086,1.3218416639093973,1.3223050808379526,-0.000463416928555338,-0.0005285658090262998,6.514888047096177e-05,45.03105590062055,1.3220465,1.3251325588049443,1.3189604411950555,0.004668608562474,0.0016514285714285418,0.18077054595954245,-0.0008463689261694052,-0.000604695460248883,0.0011835190262993124,0
2026-06-22 01:00:00+00:00,1.32218,1.32335,1.3219,1.32191,2662,1.320992,1.322085,1.3221795,1.3231460000000002,1.3218521771541052,1.3222758155906968,-0.0004236384365916557,-0.0005075803345393709,8.394189794771524e-05,46.06830818109596,1.3221795,1.3249735649504932,1.319385435049507,0.004226453292451092,0.0016528571428571226,0.2096645842548985,-0.0011032439907207037,-6.0514829915536694e-05,0.0011606376298346043,0
2026-06-22 02:00:00+00:00,1.3219400000000001,1.32276,1.3216700000000001,1.32247,1766,1.3216160000000001,1.322052,1.322312,1.3229828000000001,1.3219472268227044,1.3222901996210155,-0.00034297279831108085,-0.0004746588272937129,0.00013168602898263205,46.02543720190831,1.322312,1.324876876933581,1.3197471230664188,0.0038793823750840877,0.001622142857142826,0.20847035625682697,0.0023648008489027816,-0.000249470819473796,0.001150947834613431,0
2026-06-22 03:00:00+00:00,1.32247,1.3227,1.32092,1.32122,1850,1.3217020000000002,1.321863,1.3223980000000002,1.3227874,1.3218353457730576,1.3222109255750143,-0.0003755798019566825,-0.0004548430222263068,7.926322026962431e-05,46.73123486682827,1.3223980000000002,1.3246637876521017,1.3201322123478987,0.0034267862657104786,0.0016035714285713867,0.2281312865269664,0.0003255627313956122,-0.0014284526607765136,0.0011815257149963032,0
2026-06-22 04:00:00+00:00,1.32125,1.32131,1.32033,1.3207200000000001,1863,1.3217,1.321604,1.3222729999999998,1.3225792,1.3216637541156642,1.322100486643532,-0.00043673252786780026,-0.0004512209233546055,1.4488395486805252e-05,40.536013400335534,1.3222729999999998,1.324622155279355,1.3199238447206447,0.0035532076649150163,0.0015114285714285286,0.055555173974088636,-7.571570267872474e-06,-0.0019572133513687806,0.001178775926852499,1
2026-06-22 05:00:00+00:00,1.32074,1.3220399999999999,1.32068,1.32089,2017,1.321442,1.321363,1.322149,1.322364,1.3215447150209465,1.3220108209662331,-0.0004661059452866212,-0.0004541979277410087,-1.1908017545612514e-05,45.053956834531924,1.322149,1.3245160892630303,1.3197819107369697,0.003580669445017632,0.0014799999999999416,0.1814084818541074,-0.0009756614076752435,-0.0018212045643467567,0.0011819704965560145,1
2026-06-22 06:00:00+00:00,1.32086,1.32162,1.32007,1.32098,3234,1.321256,1.321124,1.322025,1.3221558000000002,1.3214578357869549,1.3219344638576231,-0.0004766280706682835,-0.0004586839563264637,-1.7944114341819802e-05,41.250000000000476,1.322025,1.3243625695880878,1.3196874304119122,0.0035363470253404286,0.0015071428571428022,0.0754442178850208,-0.0007035274716129525,-0.001805995299878238,0.0011823162284177156,1
2026-06-22 07:00:00+00:00,1.32094,1.32185,1.31891,1.3194,3366,1.3206419999999999,1.3211290000000002,1.32185,1.3219448,1.3211412456658849,1.3217467257940954,-0.0006054801282104894,-0.0004880431907032689,-0.00011743693750722046,34.10454155955436,1.32185,1.3244238605041734,1.3192761394958266,0.0038943306792350247,0.0016428571428570887,0.0,-0.0023214137182696604,3.789744950166707e-05,0.0007533699430324998,1
2026-06-22 08:00:00+00:00,1.3194,1.3211300000000001,1.31832,1.32057,4919,1.3205120000000001,1.321107,1.3217050000000001,1.3217316,1.3210533617172873,1.3216595609204587,-0.0006061992031713981,-0.0005116743931968948,-9.452480997450329e-05,39.1613924050638,1.3217050000000001,1.3242206813454382,1.319189318654562,0.003806721387054016,0.0017942857142856847,0.14515165622431717,-0.0004919695433008853,-0.0001665669788536439,0.0007227003828198323,1
2026-06-22 09:00:00+00:00,1.32057,1.32346,1.32047,1.32283,3720,1.3209339999999998,1.321317,1.321745,1.321595,1.3213266906838586,1.3217462601115357,-0.00041956942767718,-0.0004932534000929519,7.368397241577188e-05,48.42175957018146,1.321745,1.3243074453781487,1.3191825546218512,0.0038773672352061237,0.001962142857142833,0.4297593967518849,0.0015976134229813699,0.0015900297562712051,0.000905323381837454,1
2026-06-22 10:00:00+00:00,1.32285,1.3247499999999999,1.32272,1.32368,3647,1.321492,1.321467,1.32178,1.3215786,1.3216887382709572,1.3218895001032738,-0.00020076183231654277,-0.00043475508653767004,0.00023399325422112727,50.98915124441616,1.32178,1.324431061356513,1.319128938643487,0.004011350385862913,0.0019778571428571263,0.9999999999940775,0.0021122122205483596,0.0011344900089247378,0.000863348664538134,1
2026-06-22 11:00:00+00:00,1.32369,1.32437,1.32314,1.32351,3075,1.321998,1.321627,1.321856,1.3215691999999999,1.3219689323831179,1.3220095371326608,-4.0604749542927365e-05,-0.0003559250191387215,0.00031532026959579416,67.59729272419546,1.321856,1.3246172689684266,1.3190947310315733,0.004177866527710516,0.0017385714285714146,0.9999999999970143,0.001915244742539679,0.0012103698436354282,0.0008605761140550249,1
2026-06-22 12:00:00+00:00,1.3235000000000001,1.32729,1.32342,1.32613,4078,1.323344,1.321993,1.3220224999999999,1.3216364,1.3226090966318689,1.3223147566043154,0.00029434002755346356,-0.0002258720098002845,0.0005202120373537481,70.53846153846061,1.3220224999999999,1.325364052585912,1.3186809474140877,0.005055212881644871,0.0018885714285714142,0.9999999999972553,0.005100803395482911,0.0027675486022367135,0.0010427009118461792,0
2026-06-22 13:00:00+00:00,1.32612,1.32654,1.32376,1.32388,5557,1.324006,1.322259,1.3220610000000002,1.3216928,1.3228046202269659,1.3224307005595515,0.00037391966741440186,-0.00010591367435734721,0.00047983334177174907,60.36866359446982,1.3220610000000002,1.3254723241757103,1.31864967582429,0.005160615396279152,0.00202357142857141,0.7208700587268465,0.002506493408149346,0.0020132907464311955,0.0011609378027825348,1
2026-06-22 14:00:00+00:00,1.32385,1.32648,1.32375,1.32619,6749,1.324678,1.322806,1.322205,1.3217504,1.3233254478843557,1.32270916718477,0.0006162806995857473,3.852520043127173e-05,0.0005777554991544756,62.49221183800618,1.322205,1.3260534528675676,1.3183565471324326,0.0058212650346466995,0.002113571428571413,0.7791549823573527,0.0025400089202693987,0.004141680295596251,0.0012348520210204682,0
2026-06-22 15:00:00+00:00,1.32616,1.32671,1.32453,1.32471,3896,1.324884,1.323188,1.3222755000000002,1.3217686,1.323538455902147,1.322857377022935,0.0006810788792119826,0.00016703593618741394,0.0005140429430245687,58.11123986095043,1.3222755000000002,1.3262577473158277,1.3182932526841726,0.006023324663925974,0.0021657142857142786,0.6589106611429424,0.000778133687900473,0.0028919894919334777,0.0013261668921076665,1
2026-06-22 16:00:00+00:00,1.3247499999999999,1.32486,1.32393,1.32443,2779,1.325068,1.323533,1.3223285,1.3217538,1.323675616532586,1.3229738676138287,0.0007017489187572945,0.00027397853270139013,0.00042777038605590437,55.77149587750276,1.3223285,1.3263993115058295,1.3182576884941706,0.006157035117717634,0.002154285714285712,0.5946918237300078,0.0006951213062236228,0.0026116973761902695,0.0013342740507347986,1
2026-06-22 17:00:00+00:00,1.32444,1.32461,1.32398,1.3244,1858,1.324722,1.3240329999999998,1.322581,1.3217914000000002,1.3237870601429573,1.3230795070498416,0.0007075530931157648,0.0003606934447842651,0.00034685964833149963,60.088832487309375,1.322581,1.326497474784426,1.318664525215574,0.005922472475297962,0.0020721428571428718,0.7131895481663114,-0.0013045478195953253,0.003789601333939796,0.0012401031890342678,1
2026-06-22 18:00:00+00:00,1.3244,1.32461,1.32399,1.3243,1749,1.3248060000000002,1.3244060000000002,1.3227565,1.321835,1.3238659739671177,1.3231699139350386,0.0006960600320791155,0.00042776676224323527,0.0002682932698358802,61.65364583333286,1.3227565,1.3266495560313665,1.3188634439686333,0.005886277680535431,0.002046428571428592,0.7561389026943214,0.00031724929751941744,0.0028245378889419914,0.0012336427126141791,1
2026-06-22 19:00:00+00:00,1.32431,1.32497,1.32412,1.32469,1927,1.324506,1.324592,1.3229545,1.3219120000000002,1.3239927472029458,1.3232825129028134,0.0007102343001323952,0.0004842602698210673,0.00022597403031132787,62.1951219512193,1.3229545,1.326816272023061,1.319092727976939,0.005838102554639525,0.0020100000000000356,0.7710007709258607,-0.0011310596520860416,0.0014060763665777465,0.0011281915402650226,0
2026-06-22 20:00:00+00:00,1.3247200000000001,1.32516,1.32466,1.32496,1055,1.3245559999999998,1.32472,1.3230935000000001,1.3220068,1.3241415553255693,1.323406771206309,0.0007347841192604232,0.0005343650397089386,0.00020041907955148461,62.62690355329892,1.3230935000000001,1.3270371519276576,1.3191498480723427,0.005961259620211939,0.0019350000000000359,0.7828518592064634,0.00018872055015806133,0.0009670010878761737,0.0011149767561909197,0
2026-06-22 21:00:00+00:00,1.32497,1.32507,1.32478,1.32489,603,1.3246479999999998,1.324858,1.3232424999999999,1.3221066000000001,1.3242567006600972,1.3235166400058416,0.000740060654255581,0.0005755041626182671,0.00016455649163731392,69.2631578947367,1.3232424999999999,1.3272228881059367,1.319262111894063,0.006016112852990765,0.0017457142857143187,0.9593555523494559,0.0003473192241190137,0.0010426819593354342,0.001113532172498549,0
2026-06-22 22:00:00+00:00,1.32505,1.32521,1.32456,1.32481,671,1.32473,1.324726,1.3233595,1.3221946,1.3243418236354667,1.3236124444498532,0.0007293791856135545,0.0006062791672173246,0.00012310001839622997,66.10942249240149,1.3233595,1.3273816255182316,1.3193373744817685,0.006078658925607979,0.0015914285714285928,0.7997423371490273,0.00030957414678356443,-0.0009953775270901133,0.0008978872217959009,1
2026-06-22 23:00:00+00:00,1.3248,1.32496,1.32455,1.32462,557,1.324794,1.3248000000000002,1.3235294999999998,1.322279,1.324384619999241,1.3236870781943084,0.0006975418049326443,0.0006245316947603885,7.301011017225574e-05,58.0703336339042,1.3235294999999998,1.3274571749517383,1.3196018250482613,0.005935152864728008,0.0014071428571428765,0.36222159671837856,0.00024163709129343403,0.0005589630480102858,0.0007043257095560782,0
2026-06-23 00:00:00+00:00,1.32465,1.3247900000000001,1.32391,1.32447,2044,1.32475,1.3246280000000001,1.323717,1.3223580000000001,1.3243977553839732,1.3237450724021376,0.0006526829818356283,0.0006301619521754365,2.2521029660191793e-05,53.801732435034054,1.323717,1.3274322493718367,1.3200017506281634,0.005613359006247784,0.0013250000000000364,0.0,-0.0001660765915043605,-0.0012969484010586507,0.00037949713336305716,0
2026-06-23 01:00:00+00:00,1.32446,1.32459,1.32385,1.32431,2280,1.32462,1.3245879999999999,1.323888,1.3224415999999999,1.3243842545556697,1.323786918890868,0.0005973356648016903,0.0006235966947006873,-2.6261029898996986e-05,53.85356454720687,1.323888,1.3273624032429947,1.3204135967570052,0.005248787273537868,0.0012900000000000292,0.003096908114614605,-0.0004905808477235762,-0.00030195288025303135,0.00015792747855013613,0
2026-06-23 02:00:00+00:00,1.32431,1.3249,1.3241,1.32413,1804,1.324468,1.3245580000000001,1.3240455,1.3225068,1.324345138470182,1.3238123323063593,0.0005328061638227855,0.0006054385885251069,-7.263242470232148e-05,37.405541561712575,1.3240455,1.3272390954000377,1.3208519045999623,0.004823996456372109,0.0010707142857143057,0.0,-0.0005736325279833698,-0.00022651253746897027,0.00014990885369169636,0
2026-06-23 03:00:00+00:00,1.32415,1.32493,1.32338,1.32484,1899,1.324474,1.324602,1.3243174999999998,1.3226136000000002,1.324421271013231,1.3238884558392217,0.0005328151740093823,0.0005909139056219621,-5.809873161257979e-05,57.50000000000087,1.3243174999999998,1.3266578272376186,1.321977172762381,0.0035343899595358204,0.0009828571428571584,0.6307583790377618,2.264475660651577e-05,0.00033222591362136455,0.00023173971157892673,0
2026-06-23 04:00:00+00:00,1.32486,1.32497,1.32347,1.32366,1572,1.3242820000000002,1.324538,1.3244719999999999,1.3226844,1.324304152395811,1.3238715331844646,0.0004326192113464078,0.0005592549667668513,-0.00012663575542044348,25.996204933585545,1.3244719999999999,1.3260566314531452,1.3228873685468545,0.0023928500612249376,0.0008950000000000109,0.0,-0.0007247361507449757,-0.0004832741825869791,0.0003739687115838975,0
2026-06-23 05:00:00+00:00,1.32367,1.32427,1.3232599999999999,1.32423,2024,1.3242340000000001,1.3244919999999998,1.3245419999999999,1.3227947999999998,1.3242927443349173,1.3238980862819116,0.0003946580530056476,0.0005263355840146106,-0.000131677531008963,44.49541284403591,1.3245419999999999,1.3259330934737907,1.323150906526209,0.002100489790117414,0.0008114285714285899,0.4275597573745906,-0.00018120455729464524,-0.00034725105496369313,0.00038996770101640775,0
2026-06-23 06:00:00+00:00,1.3242,1.3246,1.32284,1.32338,3361,1.3240480000000001,1.324334,1.324527,1.3229228,1.3241523221295455,1.3238597095202886,0.0002926126092568371,0.0004795909890630559,-0.00018697837980621884,39.35091277890397,1.324527,1.325962975370036,1.323091024629964,0.0021682840289943875,0.000870714285714312,0.30865838547213115,-0.000702252493751554,-0.0011924888298514569,0.0004228204312258545,0
2026-06-23 07:00:00+00:00,1.32339,1.32497,1.32202,1.3226,3990,1.323742,1.324105,1.3244815,1.3229898,1.3239135033403846,1.323766397703971,0.0001471056364135137,0.0004130939185331475,-0.0002659882821196338,34.154929577463705,1.3244815,1.3260993123631304,1.3228636876368698,0.0024429368973901103,0.001036428571428589,0.18856711844684135,-0.0011554756708178626,-0.0017284453803710909,0.00044682234450227776,0
2026-06-23 08:00:00+00:00,1.3226200000000001,1.32355,1.32123,1.3220399999999999,3433,1.3231819999999999,1.3238280000000002,1.324277,1.3230342000000002,1.3236252720572486,1.323638516392566,-1.3244335317352807e-05,0.00032782626776304744,-0.00034107060308040025,31.59609120520993,1.324277,1.3260444971898089,1.322509502810191,0.00266937685968865,0.001157857142857163,0.12942640718516762,-0.002113462757767026,-0.0020908658600102825,0.0004513898449267418,0
2026-06-23 09:00:00+00:00,1.32203,1.32303,1.32152,1.3229600000000001,2726,1.3230419999999998,1.3236620000000001,1.324231,1.3231034,1.3235229225099796,1.3235882559190424,-6.53334090627844e-05,0.0002491943323978811,-0.0003145277414606655,37.031484257873004,1.324231,1.3260876398625312,1.3223743601374687,0.0028041027019172064,0.0012050000000000116,0.2550509931718647,-0.0005288367103334357,-0.001253189593996562,0.0005352242846113037,0
2026-06-23 10:00:00+00:00,1.3229899999999999,1.32311,1.321,1.3219699999999999,2631,1.32259,1.323412,1.32402,1.3230784,1.323284011354598,1.3234683851102245,-0.00018437375562641023,0.0001624807147930228,-0.000346854470419433,29.76995940460172,1.32402,1.3258982858927573,1.3221417141072427,0.0028372470094972764,0.0013200000000000195,0.08722025039285433,-0.0017066521676749602,-0.0018875474718190732,0.0005701766914732782,0
2026-06-23 11:00:00+00:00,1.32196,1.32267,1.32064,1.32077,2908,1.3220679999999998,1.323058,1.323823,1.3230264,1.3228972403769677,1.3232685047316892,-0.0003712643547215677,5.573170089010467e-05,-0.0004269960556116724,25.821596244132905,1.323823,1.326165648973005,1.321480351026995,0.003539217815380088,0.0014442857142857393,0.0,-0.0019722226420226807,-0.002673090137505607,0.0006124886621236422,0
2026-06-23 12:00:00+00:00,1.32078,1.322,1.32066,1.3211300000000001,3365,1.321774,1.3227579999999999,1.323658,1.3229798,1.3226253572420494,1.3231100969737863,-0.0004847397317369051,-5.236258563529732e-05,-0.00043237714610160777,29.090909090911012,1.323658,1.3262700095107802,1.3210459904892198,0.003946653154788053,0.001493571428571459,0.10137801078081694,-0.0011114471495538014,-0.002265638570230988,0.0006354285152293425,0
2026-06-23 13:00:00+00:00,1.32117,1.32218,1.32044,1.32137,4070,1.32164,1.3224110000000002,1.3235065,1.3229491999999998,1.3224322253586573,1.322981200901654,-0.0005489755429965992,-0.00015168517710755774,-0.0003972903658890415,31.638418079096695,1.3235065,1.3262835736207261,1.3207294263792737,0.004196539451413668,0.0015885714285714472,0.18362105236656523,-0.0005067925327523204,-0.0026191842033755908,0.000596858267635487,0
2026-06-23 14:00:00+00:00,1.3213300000000001,1.32151,1.31947,1.32006,4235,1.3210600000000001,1.322051,1.3232945,1.3228810000000002,1.3220672676111715,1.3227648156496796,-0.0006975480385080779,-0.00026085774938766187,-0.000436690289120416,27.9720279720285,1.3232945,1.3264395042256163,1.3201494957743838,0.004753294486777138,0.0016714285714285776,0.06788320978737666,-0.0021920541815324546,-0.0027197316531435423,0.0006093637018698358,0
2026-06-23 15:00:00+00:00,1.32007,1.32022,1.31846,1.31897,3427,1.32046,1.321525,1.3230085,1.3228197999999998,1.3215907649017604,1.3224837181941478,-0.0008929532923873662,-0.00038727685798760277,-0.0005056764343997634,25.59414990859264,1.3230085,1.326624268244813,1.319392731755187,0.005465978857751893,0.001744285714285722,0.0,-0.002269340454019275,-0.0039721196468891495,0.000577027987109073,1
2026-06-23 16:00:00+00:00,1.31898,1.31968,1.31857,1.31864,2331,1.3200340000000002,1.3210510000000002,1.3226925,1.3227329999999997,1.3211368010707203,1.3221989983279145,-0.0010621972571942528,-0.0005222609378289329,-0.00053993631936532,25.24797114517645,1.3226925,1.3266761184292266,1.3187088815707735,0.006023498929987983,0.0017664285714285815,0.0,-0.0016126956245220425,-0.0035817376717193206,0.0005718877392313192,1
2026-06-23 17:00:00+00:00,1.31861,1.31913,1.31826,1.31872,1861,1.319552,1.3206630000000001,1.322384,1.3226675999999997,1.3207649855213788,1.321941294748069,-0.0011763092266903197,-0.0006530705956012103,-0.0005232386310891093,20.745697896749306,1.322384,1.3265999366818613,1.3181680633181387,0.006376266926794737,0.0017178571428571518,0.0,-0.0018241959534642804,-0.002933615605625328,0.0005796326106568881,1
2026-06-23 18:00:00+00:00,1.31874,1.31886,1.31816,1.31886,1536,1.3190499999999998,1.320345,1.3220865,1.3225887999999997,1.320471910825782,1.3217130506926567,-0.0012411398668745743,-0.0007706844498558832,-0.0004704554170186911,24.5222929936304,1.3220865,1.326419726705864,1.317753273294136,0.0065551334286584155,0.0016607142857142851,0.15901643894453008,-0.0018995436554485323,-0.002405373513660658,0.0005905439986885818,1
2026-06-23 19:00:00+00:00,1.31888,1.32004,1.31876,1.31948,2022,1.318934,1.3199969999999999,1.3218295000000002,1.3225161999999997,1.3203193091602772,1.3215476395302375,-0.0012283303699602843,-0.0008622136338767636,-0.00036611673608352073,24.920802534319563,1.3218295000000002,1.326139690983703,1.3175193090162973,0.006521553625036947,0.001679999999999999,0.22440507481332028,-0.0004393739678499875,-0.0026304650178389233,0.0005539394730852658,1
2026-06-23 20:00:00+00:00,1.31951,1.3203,1.31941,1.32026,973,1.319192,1.3198260000000002,1.3216189999999999,1.3224552,1.3203101846740806,1.321452258824294,-0.0011420741502135012,-0.0009181857371441112,-0.00022388841306939,33.4042553191494,1.3216189999999999,1.3257953539878442,1.3174426460121555,0.006320057426299604,0.001617857142857147,0.7772764017425648,0.0009780358916426923,-0.001293524058790907,0.0005846970046835675,0
2026-06-23 21:00:00+00:00,1.32024,1.3203,1.3201399999999999,1.3201399999999999,670,1.3194919999999999,1.319763,1.3214105,1.3223919999999998,1.3202840024165297,1.3213550544669388,-0.001071052050409138,-0.0009487589997971167,-0.0001222930506120214,35.926773455377514,1.3214105,1.3254347866645035,1.3173862133354965,0.006090895546090326,0.0014185714285714437,0.9321671807493561,0.001137535642783405,-0.000476994480492543,0.0005169978916142364,0
2026-06-23 22:00:00+00:00,1.3202,1.3202,1.31981,1.32002,583,1.319752,1.319652,1.321205,1.322325,1.3202433866601404,1.321256161543462,-0.001012774883321521,-0.0009615621765019976,-5.121270681952351e-05,37.831325301205645,1.321205,1.3250607926347655,1.3173492073652344,0.005836781778400086,0.0012807142857143017,0.9999999999941472,0.000985804416403946,-0.0008401898374876815,0.0005046170541582215,0
2026-06-23 23:00:00+00:00,1.32002,1.32038,1.31966,1.31993,910,1.319966,1.319508,1.3209595,1.3223366,1.320195173327811,1.3211579273550573,-0.0009627540272463264,-0.0009618005466508634,-9.534805954629919e-07,29.71887550200708,1.3209595,1.3244486077128381,1.317470392287162,0.005282686884553323,0.0012242857142857413,0.5251886508343754,0.0008113067346042779,-0.0010897780334045981,0.00049611923606169,0
2026-06-24 00:00:00+00:00,1.31989,1.32032,1.31934,1.3198699999999999,2454,1.3200439999999998,1.319489,1.32077,1.3223182,1.320145146661994,1.3210625253287565,-0.0009173786667624473,-0.0009529161706731803,3.5537503910733e-05,33.944954128439875,1.32077,1.324046776336295,1.317493223663705,0.004961918178479348,0.0011435714285714502,0.7725356476034726,0.00029557098250809766,-0.00014393285153713187,0.0003874409747551856,0
2026-06-24 01:00:00+00:00,1.31988,1.3201399999999999,1.31906,1.32007,2474,1.3200059999999998,1.3195989999999997,1.320562,1.322305,1.320133585637072,1.320989004934034,-0.00085541929696209,-0.0009334167959309622,7.79974989688722e-05,43.68231046931489,1.320562,1.3234147039804736,1.3177092960195265,0.0043204392985313035,0.0010757142857143068,0.9999999999956403,-0.00014391104782385256,0.0008339840936488763,0.0002634476618897709,0
2026-06-24 02:00:00+00:00,1.32007,1.32046,1.31904,1.31906,1961,1.31979,1.3196409999999998,1.320346,1.3222425999999998,1.3199684186159841,1.3208461156796611,-0.0008776970636770187,-0.0009222728494801735,4.457578580315479e-05,33.27948303715516,1.320346,1.3229430379889404,1.3177489620110596,0.003933874891794118,0.0010814285714285824,0.5464531914072975,-0.0008180950505248807,0.00031850997997917574,0.0003661832509763127,0
2026-06-24 03:00:00+00:00,1.31908,1.32013,1.31867,1.31986,2219,1.319758,1.319755,1.320209,1.3222015999999999,1.3199517388289097,1.32077307007376,-0.0008213312448503984,-0.0009020845285542187,8.075328370382023e-05,38.814814814816344,1.320209,1.322585072832527,1.317832927167473,0.0035995404250797475,0.001061428571428594,0.7877848946012489,-0.00012121028469258555,0.0008644746420771732,0.00040911023967538974,0
2026-06-24 04:00:00+00:00,1.31985,1.31988,1.31907,1.31927,1765,1.319626,1.3197959999999997,1.3200705000000001,1.3221376,1.3198468559321543,1.320661731549778,-0.0008148756176236116,-0.0008846427463680973,6.976712874448565e-05,43.44941956882269,1.3200705000000001,1.3223165583017698,1.3178244416982305,0.0034029368912790706,0.0009735714285714467,0.9898463253955057,-0.0005000265165577833,0.0003108745431661397,0.0004422143373487005,0
2026-06-24 05:00:00+00:00,1.31929,1.31979,1.3191899999999999,1.3195000000000001,1870,1.319552,1.319798,1.3198975,1.3221032,1.3197934934810538,1.3205756773609056,-0.0007821838798518499,-0.0008641509730648477,8.196709321299782e-05,55.12572533849188,1.3198975,1.3216945956100858,1.318100404389914,0.0027230835880602804,0.000890714285714316,0.9999999999970913,-0.0002803306386233162,1.5157486282557642e-05,0.00041887015506203283,0
2026-06-24 06:00:00+00:00,1.31947,1.32087,1.31837,1.31867,3221,1.319272,1.319639,1.3197325,1.3220622,1.3196206483301225,1.3204345160749127,-0.0008138677447901976,-0.0008540943274099178,4.022658261972013e-05,50.264550264549996,1.3197325,1.3213224271748305,1.3181425728251694,0.002409468850438297,0.0009900000000000306,0.8586046773154827,-0.001060549819327794,-0.0012043082423158769,0.00040555935334506946,0
2026-06-24 07:00:00+00:00,1.3186499999999999,1.31986,1.3179400000000001,1.31866,3589,1.3191920000000001,1.3194909999999997,1.319627,1.3220176000000001,1.3194728562793343,1.320303070439734,-0.0008302141603997448,-0.0008493182940078832,1.9104133608138373e-05,49.46428571428628,1.319627,1.3212070479673605,1.3180469520326397,0.002394688752746712,0.0010650000000000301,0.8150063835817521,-0.00030324625111821657,-0.00112109321738596,0.0004070861202150334,0
2026-06-24 08:00:00+00:00,1.3186,1.31975,1.31711,1.3192599999999999,3554,1.319072,1.3194149999999998,1.3195335,1.3219832,1.3194401091594368,1.3202258059627168,-0.0007856968032800005,-0.0008365939958623067,5.0897192582306273e-05,53.30033003300235,1.3195335,1.3209521320320357,1.3181148679679642,0.0021502023738476338,0.0012035714285714625,0.9395662979369928,-0.00045459366902567133,-0.0005757488522901699,0.0004450745743641567,0
2026-06-24 09:00:00+00:00,1.31924,1.31956,1.31742,1.31755,2992,1.318728,1.319177,1.3193425,1.3219462,1.319149323134908,1.3200275981136267,-0.0008782749787186184,-0.000844930192433569,-3.334478628504937e-05,36.503496503498255,1.3193425,1.320748605109571,1.3179363948904292,0.002131524012257383,0.0012650000000000241,0.26703904833261166,-0.0013037513170162107,-0.0018031259233444175,0.0005931309857475052,0
2026-06-24 10:00:00+00:00,1.31753,1.31758,1.31545,1.31552,2991,1.317932,1.3187419999999999,1.3191155,1.3218452000000003,1.3185909657295376,1.3196937019570616,-0.0011027362275239927,-0.0008964913994516538,-0.00020624482807233885,21.785714285717347,1.3191155,1.3212898720207054,1.3169411279792949,0.0032967121085382602,0.001353571428571446,0.0,-0.0030162940507768576,-0.0032957791297626438,0.0007284123350291172,1
2026-06-24 11:00:00+00:00,1.31554,1.31731,1.31481,1.31623,3201,1.317444,1.318358,1.3189784999999998,1.3217131999999998,1.3182277402326856,1.3194371314417237,-0.0012093912090380687,-0.0009590713613689369,-0.00025031984766913187,28.253615127922444,1.3189784999999998,1.3215077834434,1.3164492165565997,0.003835215575386692,0.001520714285714288,0.19399816130677144,-0.0018503492154974266,-0.0029089366472990763,0.0007662741520989095,1
2026-06-24 12:00:00+00:00,1.31625,1.31685,1.31414,1.31502,3964,1.316716,1.317954,1.3187975,1.32154,1.3177342417353493,1.3191099365201144,-0.0013756947847651801,-0.0010423960460481858,-0.00033329873871699436,25.198412698415083,1.3187975,1.3218852337968512,1.315709766203149,0.0046826503642160705,0.0016864285714285649,0.10236044635034688,-0.002760377959443616,-0.003062787136293932,0.0007783297000294292,1
2026-06-24 13:00:00+00:00,1.31503,1.31666,1.3143099999999999,1.3161800000000001,4668,1.3161,1.317586,1.3186705,1.3213934,1.3174951276222187,1.3188929041852913,-0.0013977765630726058,-0.0011134721494530698,-0.00028430441361953595,33.18385650224384,1.3186705,1.3219731208094092,1.315367879190591,0.005009015989072523,0.0018028571428571377,0.3418757779788966,-0.0023346421478706025,-0.002788174503356333,0.0008181137149357202,0
2026-06-24 14:00:00+00:00,1.3162099999999999,1.31669,1.31397,1.31468,4334,1.315526,1.3171270000000002,1.3184615000000002,1.3211643999999998,1.3170620310649543,1.318580837208603,-0.0015188061436486322,-0.0011945389482921824,-0.0003242671953564498,29.388403494839196,1.3184615000000002,1.3222122684826905,1.3147107315173099,0.005689613967021853,0.0019271428571428415,0.2280349936616579,-0.002178285454062401,-0.003479196828549025,0.0008620716967981572,1
2026-06-24 15:00:00+00:00,1.31467,1.31715,1.31448,1.31577,3941,1.315576,1.316754,1.318276,1.3210022000000001,1.3168632570549614,1.3183726270450027,-0.0015093699900412538,-0.0012575051566419968,-0.000251864833399257,34.050445103858394,1.318276,1.3221785735099059,1.3143734264900941,0.005920722989580118,0.0020407142857142685,0.3678682289184063,0.00019003891997093625,-0.002826828344069776,0.000928471470352872,1
2026-06-24 16:00:00+00:00,1.31581,1.31788,1.3155299999999999,1.31701,2980,1.3157320000000001,1.316588,1.3181135000000002,1.3208185999999997,1.3168858328926598,1.3182716917083357,-0.0013858588156758778,-0.0012831758884487732,-0.00010268292722710455,42.5237053245812,1.3181135000000002,1.3219381088207554,1.314288891179245,0.00580315552606842,0.002107142857142847,0.6220151218898845,0.0005926015969852649,-0.0012588441384121518,0.0009940049245794466,0
2026-06-24 17:00:00+00:00,1.317,1.31722,1.3153299999999999,1.3155700000000001,2884,1.3158420000000002,1.3162790000000002,1.317885,1.3206358,1.3166833970630198,1.3180715663966072,-0.001388169333587319,-0.0013041745774764826,-8.399475611083648e-05,35.05226480836279,1.317885,1.3217457253204832,1.3140242746795168,0.005858971489140866,0.0021378571428571436,0.39791680037555416,0.0004182445894358455,-0.002343287883153966,0.0010380210892812472,1
2026-06-24 18:00:00+00:00,1.31555,1.31694,1.31548,1.31615,2707,1.3158360000000002,1.3159680000000002,1.3176915,1.3204702,1.3166013359764013,1.3179292281450066,-0.0013278921686052936,-0.001308918095702245,-1.897407290304856e-05,39.121338912133695,1.3176915,1.3214890852438663,1.3138939147561337,0.005763997481757009,0.002184285714285718,0.5199645734647016,-2.2793234968010445e-05,-0.0023573821687915553,0.0010369876585137228,1
2026-06-24 19:00:00+00:00,1.3161399999999999,1.3164799999999999,1.31555,1.31605,2403,1.3161100000000001,1.315818,1.3174975,1.3203032,1.3165165150569549,1.3177900260601914,-0.0012735110032364716,-0.0013018366772090905,2.8325673972618868e-05,37.86066150598076,1.3174975,1.3212090403243355,1.3137859596756645,0.005634227502269289,0.0022078571428571264,0.5100791121528196,0.0010420786807434634,-0.001138476718151149,0.0009677933076114074,1
2026-06-24 20:00:00+00:00,1.31606,1.31696,1.3159,1.3167200000000001,1596,1.3163,1.315938,1.31734,1.3201516,1.316547820432808,1.3177107648705475,-0.0011629444377394549,-0.0012740582293151634,0.00011111379157570855,43.060498220640774,1.31734,1.3208915274697859,1.313788472530214,0.005391967859149394,0.002104999999999976,0.6750767359963369,0.0007220106857581676,0.0009121868158599167,0.0008406338743388912,1
2026-06-24 21:00:00+00:00,1.31674,1.3168199999999999,1.31593,1.31636,1236,1.31617,1.315951,1.3171545,1.319985,1.3165189249816067,1.3176107082134698,-0.0010917832318630971,-0.0012376032298247503,0.00014581999796165314,42.01388888888885,1.3171545,1.3204864093625461,1.3138225906374539,0.005059253660138011,0.0020314285714285413,0.641866452230184,-0.0004935421902643178,9.87669328309515e-05,0.0008317408064881342,1
2026-06-24 22:00:00+00:00,1.31644,1.31673,1.31633,1.31649,552,1.316354,1.316098,1.317026,1.3198155999999996,1.3165144749844364,1.3175276927902497,-0.0010132178058133157,-0.0011927261450224635,0.00017950833920914785,40.05743000717881,1.317026,1.3202447961136543,1.3138072038863458,0.004887976567895055,0.0018714285714285398,0.8588437737965372,0.0006993166460163014,0.0011178537208558215,0.000764954921211274,1
2026-06-24 23:00:00+00:00,1.31649,1.31668,1.3163,1.31638,751,1.3164000000000002,1.316118,1.316852,1.3196454,1.3164937865252924,1.3174426785094904,-0.0009488919841980081,-0.0011439593128575725,0.00019506732865956435,45.25547445255507,1.316852,1.3197897155464413,1.3139142844535585,0.004461724698662264,0.0017457142857142552,0.9999999999957393,0.0001747521179198408,0.0001519548997857001,0.000716341111136644,1
2026-06-25 00:00:00+00:00,1.3164,1.3165499999999999,1.31577,1.31627,2022,1.316444,1.316277,1.3167019999999998,1.3194746000000002,1.3164593578290935,1.3173558134347132,-0.0008964556056196837,-0.0010944585714099948,0.00019800296579031108,53.60230547550453,1.3167019999999998,1.3194178528756781,1.3139861471243215,0.004125235437750268,0.0016492857142856707,0.9999999999964794,0.00016716690095375242,0.00120941978276079,0.0005946370497780996,1
2026-06-25 01:00:00+00:00,1.31628,1.31826,1.31622,1.3170600000000001,2832,1.316512,1.3164060000000002,1.31658,1.3193234,1.3165517643169253,1.3173339013284382,-0.0007821370115128623,-0.0010319942594305682,0.0002498572479177059,53.956148713060614,1.31658,1.3189657912733987,1.3141942087266014,0.0036242253010051236,0.0016164285714285345,0.9999999999965228,0.00025821738866271815,0.0009804145101348638,0.0005681671047482139,1
2026-06-25 02:00:00+00:00,1.31707,1.31798,1.31687,1.31775,2131,1.3167900000000001,1.3164799999999999,1.316534,1.3191889999999997,1.3167361082681677,1.3173647234522576,-0.0006286151840899645,-0.0009513184443624475,0.00032270326027248296,63.69107321965873,1.316534,1.318781594269486,1.3142864057305141,0.0034144112791404595,0.001502142857142817,0.9999999999970848,0.0010559421434865879,0.0005618788012240472,0.0005116726231532669,1
2026-06-25 03:00:00+00:00,1.3177400000000001,1.31833,1.3176999999999999,1.31821,1673,1.317134,1.3167440000000001,1.3165115,1.319067,1.3169628608422956,1.317427336529868,-0.00046447568757246316,-0.0008539498930044506,0.0003894742054319874,60.94929881337648,1.3165115,1.3186769927724642,1.314346007227536,0.003289743800132607,0.0013792857142856782,0.9200711073403577,0.001306504417048382,0.0020067347233518884,0.00031835973167331286,1
2026-06-25 04:00:00+00:00,1.31819,1.31851,1.31791,1.31819,1408,1.317496,1.316948,1.316458,1.3189482000000001,1.3171516514819426,1.3174838301202483,-0.0003321786383057024,-0.0007495956420647009,0.00041741700375899854,72.52888318356815,1.316458,1.3183763501684123,1.3145396498315876,0.0029144115017909465,0.0012278571428571297,0.9999999999974011,0.0013749829076710185,0.0015499753067660382,0.0003127207238730389,1
2026-06-25 05:00:00+00:00,1.31818,1.31849,1.31751,1.31754,1693,1.3177499999999998,1.317097,1.3164574999999998,1.3188021999999997,1.3172113974077975,1.3174879908520818,-0.0002765934442843232,-0.0006549952025086254,0.00037840175822430224,62.04081632652949,1.3164574999999998,1.3183746566117325,1.3145403433882672,0.0029125993231572463,0.0011071428571428463,0.7201437239585731,0.0009648476376427073,0.0011321758291857886,0.0003695908435716184,0
2026-06-25 06:00:00+00:00,1.31752,1.31788,1.3167200000000001,1.31727,2730,1.317792,1.317152,1.316545,1.3186744000000001,1.3172204131912133,1.3174718433815573,-0.00025143019034401526,-0.0005742822000757035,0.0003228520097316882,52.03761755485834,1.316545,1.3184416285878438,1.3146483714121564,0.002881221056391804,0.0010221428571428287,0.45322533042863294,0.0001594460389047203,0.0004177045993072337,0.00035322208067855323,0
2026-06-25 07:00:00+00:00,1.31724,1.31852,1.31702,1.31846,2706,1.317934,1.317362,1.3166565000000001,1.3185590000000003,1.3174111188541036,1.3175450401681086,-0.0001339213140050255,-0.0004862100228615679,0.0003522887088565424,73.57259380097673,1.3166565000000001,1.3187291822185692,1.314583817781431,0.0031484023639712314,0.0009942857142856618,0.9999999999971998,0.0005387971921835266,0.0015953082743322966,0.00042522357889922317,0
2026-06-25 08:00:00+00:00,1.31844,1.31964,1.31802,1.31905,2906,1.318102,1.317618,1.316858,1.3184724,1.3176632544150106,1.3176565186741747,6.735740835983606e-06,-0.0003876208701220576,0.0003943566109580412,73.61563517915226,1.316858,1.319041416926267,1.3146745830737332,0.0033161007887971064,0.001005714285714229,0.9999999999972031,0.0006372277558204242,0.0019445647137465993,0.0004339003182232705,0
2026-06-25 09:00:00+00:00,1.31905,1.31972,1.31829,1.3185,2207,1.318164,1.31783,1.3169739999999999,1.3183903999999997,1.317791984505009,1.3177189987723839,7.298573262515262e-05,-0.00029549954957261556,0.0003684852821977682,68.58877086494584,1.3169739999999999,1.3192502887616775,1.3146977112383222,0.003456846925873442,0.0010414285714285265,0.8502046134907808,0.00023517095411129674,0.0016104772178244797,0.0004690178774067443,1
2026-06-25 10:00:00+00:00,1.31849,1.31849,1.31642,1.31688,2233,1.3180319999999999,1.317891,1.317084,1.3182871999999997,1.317651679196546,1.3176568507151702,-5.171518624225158e-06,-0.00023743394338293747,0.0002322624247587123,51.06100795755922,1.317084,1.319090121159224,1.3150778788407758,0.003046307083259931,0.0011142857142856868,0.327895305900847,-0.0005009335579944096,0.0004634307550881456,0.0006429196369255218,1
2026-06-25 11:00:00+00:00,1.31688,1.31692,1.31507,1.31551,2331,1.31768,1.317736,1.3170709999999999,1.3181382,1.317322190089385,1.3174978247362688,-0.00017563464688374886,-0.0002250740840830998,4.943943719935094e-05,45.02923976608193,1.3170709999999999,1.319115967121139,1.3150260328788608,0.0031053255612478107,0.0011828571428571363,0.14815481738101333,-0.00133609662407852,-0.0011768636204881888,0.0006932771242494675,1
2026-06-25 12:00:00+00:00,1.31551,1.3186200000000001,1.31536,1.3176,4277,1.317508,1.3177210000000001,1.3171005,1.3180508,1.3173649300756336,1.3175053932743228,-0.0001404631986892113,-0.0002081519070043221,6.76887083151108e-05,55.28068506184643,1.3171005,1.319158741201203,1.315042258798797,0.0031254125272944682,0.0013871428571428565,0.3586127298526574,-0.0006522761403454647,-0.00011383039271473105,0.0008635995868685689,1
2026-06-25 13:00:00+00:00,1.31762,1.31988,1.3173,1.31886,4902,1.31747,1.317786,1.3172650000000001,1.3180125999999999,1.3175949408332284,1.317605734513262,-1.0793680033538422e-05,-0.00016868026161016535,0.00015788658157662693,60.63464837049623,1.3172650000000001,1.3193340653878434,1.315195934612157,0.003141456560135187,0.0015442857142857122,0.5459033354455236,-0.00014404306129423006,0.0004930929062894052,0.0009117387546406369,1
2026-06-25 14:00:00+00:00,1.31887,1.32186,1.31885,1.32012,5759,1.317794,1.317979,1.3174635000000001,1.3179924,1.3179834114742701,1.3177919764011685,0.0001914350731015979,-9.665719466781269e-05,0.0002880922677694106,65.02732240437072,1.3174635000000001,1.3198234578498045,1.3151035421501958,0.0035825779610658835,0.0017035714285714393,0.6995664318375471,0.0012286689419795938,0.0014641288433381305,0.0009547132855178471,0
2026-06-25 15:00:00+00:00,1.32012,1.32171,1.31974,1.32145,4663,1.3187080000000002,1.31837,1.3177335000000001,1.3179939999999999,1.3185167327859209,1.318062941112193,0.0004537916737279435,1.3432579011338571e-05,0.0004403590947166049,66.44194756554216,1.3177335000000001,1.3205948892467252,1.314872110753275,0.004342895201078331,0.0016985714285714382,0.7490523897810133,0.003470323795638164,0.0029676518359973425,0.0009608819253395291,0
2026-06-25 16:00:00+00:00,1.32147,1.32189,1.32033,1.32055,3094,1.3197160000000001,1.318698,1.317925,1.3180037999999998,1.3188295431265484,1.318247167696475,0.0005823754300733341,0.00012722114922373773,0.00045515428084959644,60.32448377581038,1.317925,1.3210050854397255,1.3148449145602745,0.004674143733103915,0.0017307142857142996,0.5350532583300663,0.003831213749800444,0.002489998253964565,0.0009995254837930957,0
2026-06-25 17:00:00+00:00,1.32056,1.32065,1.3197999999999999,1.32017,2180,1.32023,1.3188689999999998,1.3181155,1.3180278,1.3190357672609256,1.3183895997189585,0.0006461675419671131,0.00023101042777241287,0.00041515711419470023,57.27002967359016,1.3181155,1.3212586762346907,1.3149723237653093,0.004769196985682569,0.0017464285714285932,0.42820333695757423,0.0019505160898602991,0.0012969676744081227,0.0009837500784890534,0
2026-06-25 18:00:00+00:00,1.3201800000000001,1.32058,1.31941,1.31978,2479,1.320414,1.318942,1.3182800000000001,1.3180506,1.3191502646053987,1.3184925923323692,0.000657672273029597,0.00031634279682384974,0.0003413294762057472,55.74007220216585,1.3182800000000001,1.321409318069351,1.3151506819306493,0.0047475772511921515,0.001787142857142876,0.37468286159468783,0.0006975721456410344,0.0005534286039194924,0.000985164899227404,0
2026-06-25 19:00:00+00:00,1.31979,1.32058,1.31933,1.31997,2389,1.320384,1.3190890000000002,1.3184595,1.3180756000000002,1.3192763777430299,1.318602029937379,0.0006743478056507879,0.0003879437985892374,0.0002864040070615505,59.07393577296517,1.3184595,1.3215414233571203,1.3153775766428795,0.0046750368245978445,0.0018064285714286057,0.49130699424987895,-0.00011362603399678317,0.0011149032992037178,0.0009711269200986878,0
2026-06-25 20:00:00+00:00,1.31996,1.32013,1.31898,1.31904,1255,1.319902,1.319305,1.3185980000000002,1.3180792000000003,1.31924001193641,1.31863447216424,0.0006055397721700384,0.00043146299330539765,0.00017407677886464076,56.29893238434156,1.3185980000000002,1.3215099037000066,1.3156860962999937,0.004416666338044636,0.001805714285714331,0.39423272697989253,-0.0018237542093911818,0.0016402405686166688,0.0009024562815467684,1
2026-06-25 21:00:00+00:00,1.31903,1.31927,1.3187,1.31913,691,1.3196179999999997,1.319667,1.3187015,1.3180722,1.319223087023116,1.318671177929852,0.0005519090932641912,0.0004555522132971564,9.635687996703486e-05,52.586872586872296,1.3187015,1.3215291624156815,1.3158738375843184,0.0042885556976791995,0.0017392857142857685,0.26437865675461875,-0.0010753095301200277,0.002751784479023245,0.0008003539578408819,0
2026-06-25 22:00:00+00:00,1.31927,1.31948,1.319,1.3192599999999999,821,1.319436,1.3198329999999998,1.318777,1.3180522,1.3192287659426365,1.3187147943794926,0.0005139715631439223,0.0004672360832665096,4.6735479877412715e-05,50.840672538029686,1.318777,1.3215782035007917,1.3159757964992085,0.00424818373506909,0.0016578571428572028,0.24667013734425847,-0.0006893051652440141,0.001259866423800604,0.0006539314935241229,1
2026-06-25 23:00:00+00:00,1.3192599999999999,1.31936,1.31844,1.31868,1235,1.319216,1.319815,1.3188005,1.318023,1.319144340413,1.3187122170180487,0.0004321233949513559,0.0004602135456034789,-2.809015065212303e-05,50.71884984025587,1.3188005,1.3215895347321356,1.3160114652678645,0.0042296537378254595,0.0016214285714286308,0.2657118439869054,-0.0008334722453741117,-0.00013648150675571458,0.0006041205648563328,1
2026-06-26 00:00:00+00:00,1.31872,1.31939,1.31867,1.31928,2284,1.319078,1.3197309999999998,1.318855,1.3180082000000002,1.3191652111186924,1.3187542750167116,0.0004109361019808411,0.00045035805687895135,-3.942195489811028e-05,60.434782608695414,1.318855,1.3216363930625925,1.3160736069374077,0.004217890613588903,0.0015242857142857716,0.7194579493084886,-0.000522739153162588,-0.0006363057903826519,0.0005312893796312921,1
2026-06-26 01:00:00+00:00,1.31928,1.31995,1.31866,1.31907,2411,1.319084,1.319493,1.3189315000000001,1.317991,1.3191505632542782,1.318777662052511,0.0003729012017672506,0.0004348666858566112,-6.196548408936059e-05,67.21470019342361,1.3189315000000001,1.3216439141509975,1.3162190858490028,0.004113047798156798,0.0014842857142857633,0.999999999993938,2.2743813682613023e-05,-0.0018010518748344806,0.0003751150799587584,1
2026-06-26 02:00:00+00:00,1.31909,1.31928,1.31798,1.31833,2230,1.3189239999999998,1.319271,1.3189845,1.3179602,1.31902432275362,1.3187445019004729,0.0002798208531471502,0.000403857519314719,-0.00012403666616756876,54.06006674082265,1.3189845,1.3215999075862703,1.3163690924137297,0.003965789721214046,0.0013442857142857661,0.20254893376290245,-0.0006064603185431672,-0.00168111771610302,0.00035887110363772327,1
2026-06-26 03:00:00+00:00,1.31833,1.31977,1.31823,1.31973,2094,1.319018,1.3192270000000001,1.319048,1.3179533999999997,1.3191328884838323,1.3188175017596973,0.0003153867241350028,0.0003861633602787758,-7.077663614377301e-05,54.76451259583867,1.319048,1.3216714457052958,1.3164245542947042,0.003977786563181664,0.0012700000000000569,0.24525336184208127,0.0003562603277595944,-0.0003332904095684208,0.0005244942161185565,1
2026-06-26 04:00:00+00:00,1.31976,1.32017,1.31945,1.3201100000000001,2096,1.319304,1.31926,1.319101,1.3179744000000002,1.3192832133324734,1.31891324237009,0.00036997096238344795,0.0003829248806997103,-1.2953918316262344e-05,49.93939393939489,1.319101,1.3217670982727976,1.3164349017272026,0.004042295886058023,0.001106428571428635,0.0,0.0010844177510844766,0.00025004167361242224,0.000524531679062971,1
2026-06-26 05:00:00+00:00,1.3201100000000001,1.32077,1.31985,1.3204500000000001,2035,1.319538,1.319308,1.3191985000000002,1.3179862,1.3194627189736312,1.3190270762686018,0.00043564270502938207,0.0003934684455656447,4.2174259463737354e-05,43.11294765840301,1.3191985000000002,1.3219142185731654,1.316482781426835,0.004117225077446973,0.0010314285714286356,0.0,0.0008868473712935199,0.0003636446282870853,0.0005286052752853432,1
2026-06-26 06:00:00+00:00,1.32047,1.32071,1.31936,1.31968,2816,1.31966,1.319372,1.3193385,1.3179944000000001,1.319496146823842,1.3190754409894463,0.0004207058343956849,0.0003989159233316528,2.1789911064032082e-05,43.899018232819664,1.3193385,1.3218304345687535,1.3168465654312465,0.003777551505930461,0.0010164285714286323,0.032614664567284415,0.0004624470270722103,0.00048520135856389146,0.0005107854598499281,1
2026-06-26 07:00:00+00:00,1.31968,1.32115,1.31905,1.3205,2984,1.320094,1.319509,1.319588,1.3180144,1.3196505857740202,1.319180963879117,0.00046962189490318273,0.0004130571176459588,5.656477725722391e-05,52.17965653896914,1.319588,1.3213616622832283,1.3178143377167717,0.0026882061419598894,0.001105714285714329,0.3761846308626023,0.0016460218609908317,0.0010385632955054458,0.0005421318658104063,1
2026-06-26 08:00:00+00:00,1.32046,1.3222,1.3198699999999999,1.3216,3606,1.320468,1.319743,1.3197880000000002,1.318073,1.31995049565494,1.3193601517399232,0.0005903439150167777,0.0004485144771201226,0.00014182943789665513,60.99033816425176,1.3197880000000002,1.321519377303949,1.3180566226960513,0.0026237203307635766,0.0011885714285714752,0.7417464966416102,0.0014169564986776795,0.001773721631824099,0.0005890428778768074,1
2026-06-26 09:00:00+00:00,1.32161,1.32281,1.3207499999999999,1.32186,2904,1.320818,1.3200610000000002,1.319938,1.3181370000000001,1.32024426555418,1.3195453256851142,0.0006989398690657733,0.0004985995555092527,0.00020034031355652062,61.31736526946065,1.319938,1.3218420632453551,1.318033936754645,0.002885079822469057,0.0012464285714286166,0.7553150993700779,0.0013256471051654728,0.002411502411502342,0.0005479150667160366,0
2026-06-26 10:00:00+00:00,1.3219,1.32232,1.32149,1.32216,2580,1.3211600000000001,1.3203490000000002,1.32004,1.318195,1.32053899393046,1.3197390052639946,0.0007999886664653566,0.0005588773777004735,0.00024111128876488312,70.20725388601058,1.32004,1.3221880468485032,1.317891953151497,0.0032545178153739517,0.0012235714285714666,0.9999999999963093,0.0012950130637281454,0.002183008913952955,0.000542740965186899,0
2026-06-26 11:00:00+00:00,1.32219,1.32246,1.32103,1.32161,2882,1.321546,1.3206030000000002,1.3200479999999999,1.3182762,1.3207037640950046,1.3198775974666617,0.0008261666283428948,0.0006123352278289578,0.00021383140051393695,65.15892420537907,1.3200479999999999,1.3222192242484478,1.317876775751552,0.0032896140874391785,0.0012850000000000441,0.8136756247491986,0.0014624757516974451,0.0019255990963329417,0.0005680671448609229,0
2026-06-26 12:00:00+00:00,1.32161,1.32214,1.31998,1.32107,4135,1.32166,1.3208769999999999,1.3200740000000002,1.3183871999999999,1.3207601080803886,1.3199659235802423,0.0007941845001462333,0.000648705082292413,0.00014547941785382035,60.53550640279435,1.3200740000000002,1.3222826661848266,1.3178653338151738,0.0033462763221249747,0.0014050000000000531,0.6430339495673978,0.0004316546762590523,0.0020783870502831814,0.000547267555366022,0
2026-06-26 13:00:00+00:00,1.32108,1.32253,1.3201399999999999,1.3225,4999,1.3218400000000001,1.321154,1.3201905,1.3185126000000003,1.3210277837603288,1.3201536329446688,0.000874150815660002,0.0006937942289659308,0.00018035658669407115,70.23305084745655,1.3201905,1.3226518344690688,1.3177291655309313,0.003728756522742301,0.0015100000000000588,0.9999999999963127,0.0006809927360773571,0.002098914171838162,0.0005508504733404883,0
2026-06-26 14:00:00+00:00,1.32248,1.32317,1.3197,1.31972,4139,1.321412,1.321115,1.3201874999999998,1.3186065999999999,1.3208265862587396,1.3201215119858045,0.0007050742729350912,0.000696050237759763,9.0240351753282e-06,51.89328743545603,1.3201874999999998,1.3226510863887717,1.317723913611228,0.0037321765109454012,0.0017064285714286167,0.32375760946826504,-0.0016189309003979968,-0.0002954299262940552,0.0009127815881708843,1
2026-06-26 15:00:00+00:00,1.31973,1.32225,1.3197,1.32209,3728,1.3213979999999999,1.321279,1.3202935,1.3187248,1.3210209576035488,1.320267325912782,0.0007536316907668095,0.0007075665283611724,4.606516240563709e-05,60.95791001451359,1.3202935,1.3228961890952475,1.3176908109047525,0.003942591696842442,0.0017964285714286035,0.6579975832557865,-5.294366793728855e-05,0.0012420008330491505,0.0010806551885469966,0
2026-06-26 16:00:00+00:00,1.32206,1.3221,1.3204099999999999,1.32057,2695,1.32119,1.321368,1.32037,1.3188426000000002,1.320951579510695,1.320289746215539,0.0006618332951560113,0.0006984198817201402,-3.6586586564128884e-05,57.69230769230757,1.32037,1.3229066617101581,1.317833338289842,0.003842349811277285,0.0018242857142857544,0.5375849764367953,-0.0007869189851771319,0.0006744059165859628,0.0011353533276776847,0
2026-06-26 17:00:00+00:00,1.3206,1.32098,1.31978,1.31998,1983,1.3209719999999998,1.321316,1.3204125,1.3189268,1.320802105739819,1.320266802051425,0.0005353036883939399,0.0006657966430549002,-0.00013049295466096027,50.90909090909038,1.3204125,1.3228894665234108,1.3179355334765892,0.0037518071411938073,0.0018000000000000396,0.28746731516144725,-0.0008250887538132634,-0.00039379023097319,0.0011277281937056556,0
2026-06-26 18:00:00+00:00,1.31997,1.32059,1.31986,1.31993,1747,1.320458,1.321149,1.320446,1.3189852000000002,1.3206679356260007,1.3202418537513194,0.00042608187468129444,0.000617853689380179,-0.0001917718146988846,49.32935916542449,1.320446,1.32287499502723,1.31801700497277,0.003679052422030194,0.001800714285714314,0.22921784123253944,-0.0019432892249526823,-0.001263619854721565,0.0010857666306967506,0
2026-06-26 19:00:00+00:00,1.31994,1.32027,1.31948,1.31982,1721,1.320478,1.3209449999999998,1.320503,1.3190701999999999,1.3205374839912314,1.3202106053252958,0.0003268786659356149,0.0005596586846912662,-0.00023278001875565136,47.61182714177363,1.320503,1.32280783336541,1.3181981666345899,0.003490841543578617,0.0017914285714286024,0.14098899941652795,7.577364895583472e-05,-0.0015432799237438122,0.0010801171484143327,1
2026-06-26 20:00:00+00:00,1.3198699999999999,1.32036,1.3191899999999999,1.31969,1985,1.319998,1.3206980000000001,1.3205235,1.3191410000000001,1.3204071018387344,1.3201720419678666,0.00023505987086780422,0.0004947389219265738,-0.0002596790510587696,50.03984063745047,1.3205235,1.3227894983277255,1.3182575016722744,0.003431969711596288,0.0017785714285714707,0.10733342843235028,-0.001815307581178205,-0.0018681551400737684,0.0010722406123797382,1
2026-06-28 21:00:00+00:00,1.32008,1.32035,1.31911,1.3198699999999999,433,1.319858,1.320524,1.3205635,1.3192174,1.3203244707866213,1.3201496684887657,0.00017480229785560297,0.0004307515971123796,-0.00025594929925677664,47.35516372795912,1.3205635,1.3227482536294177,1.3183787463705823,0.0033088202565309793,0.0017171428571428932,0.0,-0.0005300741346541127,-0.001316575994431135,0.001073329984973706,1
2026-06-28 22:00:00+00:00,1.32047,1.3204799999999999,1.31906,1.31945,872,1.319752,1.320362,1.3206194999999998,1.319272,1.3201899368194487,1.3200978411933018,9.209562614698186e-05,0.00036302040291930006,-0.0002709247767723182,40.427426536063365,1.3206194999999998,1.3226121757995986,1.3186268242004011,0.003017789453508327,0.0016521428571428798,0.0,-0.0004015212351701214,-0.0012262786983278096,0.0010711130694205065,1
2026-06-28 23:00:00+00:00,1.31945,1.31982,1.31918,1.31964,897,1.319694,1.320076,1.3206149999999999,1.3193375999999999,1.3201053311549182,1.3200639270308347,4.140412408348837e-05,0.00029869714715213775,-0.0002572930230686494,40.05376344085938,1.3206149999999999,1.322616520474721,1.3186134795252789,0.0030311945187977106,0.0015507142857142941,0.0,-0.0002197086209118071,-0.002162570888468829,0.000992034053296477,1
2026-06-29 00:00:00+00:00,1.31963,1.3201100000000001,1.31934,1.31983,2363,1.319696,1.320087,1.3206010000000001,1.3194044000000003,1.3200629725157,1.3200465991026247,1.637341307536566e-05,0.00024223240033678333,-0.00022585898726141767,39.45701357466068,1.3206010000000001,1.322621223020568,1.3185807769794322,0.0030595509477395876,0.0015464285714285994,0.0,7.576790774566078e-06,8.335101385137378e-05,0.0007397527651463986,1
2026-06-29 01:00:00+00:00,1.31983,1.32046,1.31955,1.31982,2117,1.319722,1.3198599999999998,1.3205695,1.3194732,1.3200255921286692,1.3200298139839117,-4.221855242514394e-06,0.00019294154922092378,-0.00019716340446343817,41.48430066603238,1.3205695,1.3226190696596298,1.31851993034037,0.0031040693573944874,0.0015092857142857369,0.06587225877702957,9.850798293542518e-05,-0.00171697842053109,0.00039522988862716456,1
2026-06-29 02:00:00+00:00,1.31983,1.32098,1.31976,1.32027,1881,1.319802,1.31983,1.320599,1.3195532,1.3200631933396432,1.3200476055406591,1.5587798984029178e-05,0.00015747079917354488,-0.0001418830001895157,46.16122840691016,1.320599,1.3226113084414075,1.3185866915585926,0.003047569233972506,0.001442142857142868,0.2178387936303227,0.0003030601498634766,-0.00022717462913734998,0.00023337567613549386,1
2026-06-29 03:00:00+00:00,1.32027,1.32064,1.31979,1.31981,1501,1.319874,1.319813,1.3205645,1.3196081999999998,1.3200242405181597,1.3200300051302398,-5.764612080128018e-06,0.0001248237169228103,-0.00013058832900293831,35.76719576719529,1.3205645,1.3226073821230366,1.3185216178769632,0.003093952810387854,0.0013321428571428612,0.0,0.000272840956458964,-0.0001287898301489676,0.00021485334140012498,1
2026-06-29 04:00:00+00:00,1.31981,1.32005,1.31958,1.31986,1354,1.319918,1.319806,1.3204775,1.3196504000000002,1.3199989727461352,1.3200174121576294,-1.843941149415329e-05,9.617109123941758e-05,-0.00011461050273357087,51.04166666666686,1.3204775,1.3224825554527553,1.3184724445472447,0.0030368642445710906,0.0011178571428571546,0.606353227996979,0.00016671213361219017,-5.303311539250899e-05,0.00021520854582474067,1
2026-06-29 05:00:00+00:00,1.3198699999999999,1.3212,1.31985,1.32101,1551,1.320154,1.319925,1.320435,1.3197064,1.3201545154005758,1.3200909371829903,6.357821758551374e-05,8.965251650863682e-05,-2.607429892312308e-05,40.18181818181856,1.320435,1.322350713416704,1.318519286583296,0.0029016398636874147,0.0010321428571428784,0.20135005146982957,0.0008940545373268272,0.0009016381021653697,0.0003476924982227054,1
2026-06-29 06:00:00+00:00,1.32097,1.32277,1.32086,1.32249,2285,1.320688,1.320205,1.3204515000000001,1.3197924,1.3205138207235643,1.3202686455398056,0.0002451751837586613,0.00012075704995864174,0.00012441813380001957,67.58241758241681,1.3204515000000001,1.322434281406375,1.3184687185936252,0.0030031870256118716,0.001047857142857156,0.999999999996857,0.0020230031367913792,0.002121710401685073,0.00046727426717644546,1
2026-06-29 07:00:00+00:00,1.32247,1.32279,1.32112,1.3213,2658,1.320894,1.3203479999999999,1.3204360000000002,1.3198676,1.3206347713814774,1.3203450421664868,0.00028972921499059723,0.00015455148296503285,0.00013517773202556438,60.89108910891087,1.3204360000000002,1.3223852119865793,1.318486788013421,0.002952376315973145,0.0010814285714285665,0.7896815394704072,0.0007801434555052555,0.0010834400357611074,0.0005857848314832549,1
2026-06-29 08:00:00+00:00,1.32135,1.32169,1.32029,1.32069,2330,1.32107,1.320472,1.320417,1.3199359999999998,1.3206432680920193,1.3203705945985988,0.0002726734934204167,0.00017817588505610965,9.449760836430704e-05,55.740181268881145,1.320417,1.3223475096137092,1.3184864903862907,0.002924090819353612,0.0011292857142857216,0.6277808030892715,0.0006667626400769233,0.0009397855166923819,0.0005990016778758825,1
2026-06-29 09:00:00+00:00,1.3207200000000001,1.32184,1.32059,1.32176,2416,1.32145,1.320684,1.32038,1.3200019999999997,1.3208150730009396,1.3204735135172212,0.00034155948371838996,0.00021085260478856575,0.0001307068789298242,62.79683377308718,1.32038,1.3221653202573365,1.3185946797426638,0.00270425219608954,0.0011621428571428577,0.8495819442275585,0.0014395466185808115,0.001606498742081186,0.0006407574521509667,1
2026-06-29 10:00:00+00:00,1.32176,1.32263,1.32094,1.32223,2496,1.321694,1.320924,1.3205054999999999,1.3200656000000002,1.321032754077718,1.3206036236270566,0.0004291304506613969,0.000254508173963132,0.00017462227669826487,66.03535353535315,1.3205054999999999,1.3224419587864917,1.318569041213508,0.002932905294967489,0.0011992857142857044,0.9513734634275401,0.0009235357794414867,0.00181841600812227,0.0006436308898607116,1
2026-06-29 11:00:00+00:00,1.32222,1.32347,1.32221,1.32308,2595,1.321812,1.32125,1.3205550000000001,1.3201572000000001,1.3213477149888386,1.3207870589139414,0.0005606560748971923,0.00031573775414994406,0.0002449183207472482,68.68451688009335,1.3205550000000001,1.3227012476435795,1.3184087523564207,0.003250523671606865,0.0012007142857142692,0.999999999996962,0.00044612813707489707,0.002470033792486781,0.0006551203435952665,1
2026-06-29 12:00:00+00:00,1.3231,1.32399,1.32274,1.32335,2932,1.322222,1.321558,1.320694,1.3202866,1.3216557588367097,1.3209769064017978,0.0006788524349119474,0.0003883606903023448,0.0002904917446096026,73.10426540284246,1.320694,1.323177871341738,1.3182101286582621,0.0037614638087821806,0.001188571428571412,0.9999999999973217,0.0015515023083327861,0.002332856158210106,0.0006543668982634099,1
2026-06-29 13:00:00+00:00,1.32338,1.32467,1.32329,1.32363,3343,1.32281,1.32194,1.3208765,1.3204490000000002,1.3219594882464467,1.3211734318535167,0.0007860563929300568,0.0004678998308278873,0.0003181565621021695,73.38804220398525,1.3208765,1.3236580124625188,1.3180949875374812,0.004211616244999115,0.001241428571428552,0.9999999999973419,0.002226109079344951,0.0028943560057888007,0.0006222325100200998,1
2026-06-29 14:00:00+00:00,1.32364,1.3248,1.32275,1.32442,4749,1.323342,1.322396,1.321101,1.3205854000000001,1.322338028516224,1.321413918382886,0.0009241101333381518,0.0005591418913299403,0.00036496824200821156,75.13691128148805,1.321101,1.324260026498979,1.3179419735010212,0.004782414817608832,0.001332857142857104,0.9999999999974599,0.0020124682241857705,0.003454911884593681,0.0006222507147751805,1
2026-06-29 15:00:00+00:00,1.32446,1.32534,1.3242,1.32529,3178,1.323954,1.322824,1.3213745,1.3207140000000002,1.3227921779752665,1.3217010355397092,0.0010911424355573018,0.0006655420001754126,0.0004256004353818892,77.37737737737675,1.3213745,1.3249818928477628,1.317767107152237,0.005460061243444463,0.001349285714285672,0.9999999999975967,0.0023142721009203893,0.0032399451934506107,0.0006055760814793839,1
2026-06-29 16:00:00+00:00,1.32532,1.32585,1.32508,1.32542,2322,1.324422,1.3231169999999999,1.321661,1.3208199999999999,1.323196458286764,1.3219765143886197,0.0012199438981441713,0.0007764223797691645,0.00044352151837500676,76.62874870734144,1.321661,1.3256000081573096,1.3177219918426903,0.005960693638247072,0.0013171428571428104,0.9820085219250684,0.0017686005381383207,0.0022155176976763613,0.0005387449565686956,1
2026-06-29 17:00:00+00:00,1.32542,1.32577,1.32501,1.32571,1815,1.324894,1.323558,1.3219530000000002,1.3209052,1.323583157011877,1.3222530688783518,0.001330088133525198,0.0008871555305203713,0.0004429326030048267,81.05263157894724,1.3219530000000002,1.3261877290971806,1.3177182709028197,0.006406777089927521,0.0013107142857142287,0.9999999999975532,0.0017833528544979327,0.0033376220389012,0.0003696581120214609,1
2026-06-29 18:00:00+00:00,1.32574,1.326,1.32551,1.32576,1474,1.32532,1.3240649999999998,1.3222685,1.3210094000000001,1.323918055933127,1.3225128415540295,0.0014052143790974636,0.0009907673002357898,0.0004144470788616738,81.05263157894724,1.3222685,1.3266555348456595,1.3178814651543407,0.006635618780390499,0.0013121428571428093,0.9999999999975532,0.0016092110332948106,0.003838902391931631,0.0002708547600620771,0
2026-06-29 19:00:00+00:00,1.32573,1.32621,1.32542,1.32602,1391,1.32564,1.324491,1.3225875,1.3211264,1.3242414319434153,1.3227726310685457,0.001468800874869558,0.0010863740151625435,0.0003824268597070145,79.094076655052,1.3225875,1.32709593361761,1.31807906638239,0.006817595989089564,0.001272142857142817,0.9226248387652684,0.0012080759879797842,0.003222975426703689,0.00022981043395503298,0
2026-06-29 20:00:00+00:00,1.32605,1.32622,1.32579,1.32586,809,1.325754,1.324854,1.322889,1.3212480000000002,1.324490442413659,1.3230013250634682,0.0014891173501907495,0.0011669226821681847,0.0003221946680225648,73.11385459533668,1.322889,1.3274273924814821,1.3183506075185178,0.006861335276780039,0.0011664285714285208,0.6863686886716709,0.00043009454534481684,0.0027453620020723157,0.00026818679736196504,0
2026-06-29 21:00:00+00:00,1.32585,1.32585,1.32515,1.32557,599,1.325784,1.325103,1.3231765,1.3213599999999999,1.324656528196173,1.323191597280989,0.0014649309151841816,0.0012265243287713841,0.00023840658641279748,83.41158059467854,1.3231765,1.327623892021135,1.318729107978865,0.006722295961476004,0.001097857142857103,0.9999999999963862,0.00011317167388447125,0.0018819723675060906,0.00027491572233356837,0
2026-06-29 22:00:00+00:00,1.32564,1.32616,1.32562,1.32602,607,1.3258459999999999,1.32537,1.323464,1.3214996,1.3248662930890696,1.3234011085935082,0.0014651844955613225,0.001274256362129372,0.00019092813343195053,92.77688603531223,1.323464,1.3278634324993082,1.3190645675006918,0.006648359909008764,0.0010399999999999615,0.9999999999966646,0.0002338369628349657,0.0020176068311481554,0.0002790941305354958,0
2026-06-29 23:00:00+00:00,1.32602,1.3261,1.32526,1.32532,508,1.325758,1.325539,1.3237395,1.3216234,1.3249360941522896,1.323543248697693,0.001392845454596614,0.0012979741806228204,9.487127397379358e-05,80.3754266211606,1.3237395,1.327856506960884,1.319622493039116,0.006220267599303364,0.0010107142857142457,0.5362472433386444,-0.00033188510741011257,0.0012767918527081257,0.0003618535125042957,0
2026-06-30 00:00:00+00:00,1.32529,1.32544,1.32392,1.32451,2478,1.3254560000000002,1.325548,1.323972,1.3217284,1.3248705412057835,1.3236148599052713,0.0012556813005122347,0.0012895156046007035,-3.383430408846876e-05,68.38709677419408,1.323972,1.3276704582847974,1.3202735417152025,0.0055869131443828475,0.0009985714285713884,0.0,-0.0011387460219302037,6.795427432404466e-05,0.000388481959447502,0
2026-06-30 01:00:00+00:00,1.32454,1.32476,1.32335,1.32361,2919,1.325006,1.32538,1.3241020000000001,1.321827,1.324676611789509,1.323614499912288,0.0010621118772209392,0.0012440348591247507,-0.00018192298190381146,54.2399999999993,1.3241020000000001,1.3275353632429545,1.3206686367570457,0.005185949787787347,0.001009285714285681,0.0,-0.001697011750863675,-0.0012676470810163432,0.000369417535505832,1
2026-06-30 02:00:00+00:00,1.32362,1.32396,1.32333,1.32366,1732,1.324624,1.325204,1.3241605,1.3219146000000002,1.3245202099757383,1.3236178702891555,0.0009023396865828204,0.0011756958246163648,-0.00027335613803354444,52.57048092869006,1.3241605,1.3275172307090095,1.3208037692909906,0.005069975594362521,0.0009649999999999778,0.0,-0.0014408895795769983,-0.001327880973578166,0.00036581290990895734,0
2026-06-30 03:00:00+00:00,1.32366,1.32389,1.32311,1.32332,1587,1.324084,1.324965,1.3242615,1.3219996,1.324335562287163,1.3235958058232922,0.000739756463870922,0.0010885079524672763,-0.00034875148859635436,47.45484400656794,1.3242615,1.3273680721505368,1.3211549278494632,0.004691780513949517,0.0009221428571428396,0.0,-0.0020361683835838917,-0.0018028075521795417,0.0003453676952566152,0
2026-06-30 04:00:00+00:00,1.32333,1.32361,1.32284,1.32287,1407,1.323594,1.3246760000000002,1.3243705000000001,1.3220903999999998,1.3241100911660613,1.3235420424289743,0.0005680487370869347,0.000984416109391208,-0.0004163673723042733,36.52173913043615,1.3243705000000001,1.3270766059613137,1.3216643940386865,0.004086629778167965,0.000830714285714272,0.0,-0.0018486101469834537,-0.0021798817282162597,0.0003394723949700821,1
2026-06-30 05:00:00+00:00,1.32285,1.32328,1.32252,1.3226499999999999,1886,1.323222,1.324339,1.324415,1.3221488000000001,1.323885461755898,1.3234759652120132,0.00040949654388477974,0.0008694321962899223,-0.00045993565240514257,24.117647058823238,1.324415,1.326965133123494,1.3218648668765058,0.003850957779085949,0.0008035714285714273,0.0,-0.0014042929083210032,-0.0025414397972881586,0.00030824084876490394,1
2026-06-30 06:00:00+00:00,1.3226200000000001,1.3244500000000001,1.32224,1.3241100000000001,3152,1.3233219999999999,1.3241640000000001,1.3245090000000002,1.3222287999999998,1.3239200061011447,1.3235229307518641,0.0003970753492805734,0.0007749608268880526,-0.0003778854776074792,39.81337480560031,1.3245090000000002,1.3268500380064283,1.322167961993572,0.003534952207086782,0.0009064285714285779,0.22860328749243647,0.0003777547767092049,-0.001319898028449451,0.000530418472351167,0
2026-06-30 07:00:00+00:00,1.32416,1.3247,1.32331,1.32342,2537,1.323274,1.323949,1.324526,1.3222881999999998,1.3238430820855842,1.323515306251726,0.00032777583385823483,0.0006855238282820891,-0.0003577479944238543,33.23572474378007,1.324526,1.3268279570621457,1.3222240429378544,0.00347589562174792,0.0009514285714285872,0.1328019043156866,-0.00018131544354293982,-0.001621943767586731,0.0005443514873932666,0
2026-06-30 08:00:00+00:00,1.32339,1.32358,1.32212,1.32303,2996,1.323216,1.32365,1.3245099999999999,1.3223551999999998,1.323717992533956,1.3234793576404869,0.00023863489346909184,0.0005961460413194897,-0.00035751114785039786,30.962343096235543,1.3245099999999999,1.3268504992720096,1.32216950072799,0.0035341360533476442,0.0010207142857142954,0.09969082296042005,-0.00021914578484427683,-0.002254867950709727,0.000515595705235928,0
2026-06-30 09:00:00+00:00,1.32304,1.3237999999999999,1.32286,1.3235999999999999,2392,1.323362,1.3234780000000002,1.3245084999999999,1.3224171999999998,1.3236998398364244,1.3234882941115618,0.00021154572486259404,0.0005192259780281105,-0.0003076802531655165,33.82352941176589,1.3245084999999999,1.3268514111446554,1.3221655888553443,0.0035377819691690443,0.001031428571428572,0.1413630925366374,0.0005518304897684789,-0.001297799776657893,0.0005416174145381738,1
2026-06-30 10:00:00+00:00,1.32362,1.32396,1.3231,1.32355,2237,1.323542,1.323382,1.324465,1.3224562,1.3236767875538975,1.3234928649181128,0.0001839226357847057,0.00045216530957942956,-0.00026824267379472387,34.328358208956615,1.324465,1.3268468126666721,1.3220831873333279,0.0035966411595204782,0.0010621428571428687,0.14871576356409896,0.0006804521226326798,-0.0007247963397785107,0.0005146657379341422,1
2026-06-30 11:00:00+00:00,1.32359,1.32362,1.32146,1.32264,2788,1.323248,1.3232849999999998,1.3243325,1.3224717999999998,1.323517281776375,1.3234296897389934,8.7592037381512e-05,0.00037925065513984605,-0.00029165861775833405,31.664580725909545,1.3243325,1.32681383134896,1.32185116865104,0.0037472935972801442,0.0011657142857142938,0.10991869090858426,-0.001110179667852429,-0.0007328442668156354,0.0005157258240141969,1
2026-06-30 12:00:00+00:00,1.32264,1.32269,1.32116,1.32151,2985,1.3228659999999999,1.32307,1.324137,1.3224588,1.323208469195394,1.323287490499068,-7.902130367387628e-05,0.0002875962633771016,-0.00036661756705097786,23.9907727797019,1.324137,1.3268617489503218,1.321412251049678,0.004115509120766101,0.0012328571428571466,0.0,-0.0014432304181590805,-0.0016242841817385445,0.0005688264183083154,1
2026-06-30 13:00:00+00:00,1.3215,1.32315,1.32134,1.32213,3121,1.3226859999999998,1.3229510000000002,1.323958,1.3224692000000002,1.323042550857641,1.3232017504621,-0.00015919960445898163,0.00019823708980988493,-0.00035743669426886656,31.43189755529835,1.323958,1.3267177909913552,1.3211982090086447,0.00416900081627251,0.0013021428571428708,0.16760677700484475,-0.0006802566835218959,-0.0008992533929813584,0.000600861221899927,1
2026-06-30 14:00:00+00:00,1.32218,1.3275299999999999,1.3214299999999999,1.32721,5803,1.323408,1.3233849999999998,1.3240305,1.322592,1.3236836968795427,1.3234986578352779,0.000185039044264812,0.00019559748070087038,-1.0558436436058384e-05,60.49766718506907,1.3240305,1.327053266073817,1.3210077339261832,0.00456600671029392,0.00162928571428573,0.9999999999972607,0.002727410093684046,0.00328074565150005,0.00137027046741564,0
2026-06-30 15:00:00+00:00,1.32718,1.32765,1.3255,1.32572,3870,1.323842,1.3236919999999999,1.3240155000000002,1.3226563999999998,1.3239969742826898,1.3236632016993313,0.0003337725833585381,0.00022323250123240396,0.00011054008212613414,57.84386617100356,1.3240155000000002,1.3269994251789985,1.321031574821002,0.004507387079680349,0.001682142857142886,0.9273068537495733,0.0016395300517546563,0.0023210977960912427,0.0014402239643398812,1
2026-06-30 16:00:00+00:00,1.32571,1.32589,1.3248,1.32503,2321,1.32432,1.323784,1.323974,1.3227626000000001,1.3241559013161224,1.3237644460178994,0.00039145529822293135,0.00025687706063050943,0.00013457823759242192,54.8616039744493,1.323974,1.3268717552110787,1.3210762447889213,0.004377359692982962,0.001715000000000022,0.845616470463844,0.0018069920764529623,0.0006948063227374401,0.0014225588621760445,1
2026-06-30 17:00:00+00:00,1.32505,1.32579,1.32495,1.32555,1757,1.3251279999999999,1.3239969999999999,1.323973,1.3228318000000001,1.3243703780367189,1.323896709275833,0.000473668760885948,0.00030023540068159716,0.00017343336020435085,57.81359495444937,1.323973,1.326868449060739,1.3210775509392612,0.004373879317386243,0.0017192857142857326,0.9264776619750559,0.0030571089132886975,0.0016094663825543254,0.0014096295629575195,1
2026-06-30 18:00:00+00:00,1.32557,1.3263099999999999,1.32535,1.32544,1950,1.32579,1.324238,1.323944,1.3229292,1.324534935261839,1.3240110271072527,0.0005239081545862501,0.0003449699514625278,0.00017893820312372228,59.22469490308628,1.323944,1.3267637528820742,1.3211242471179259,0.004259625606633128,0.0017328571428571551,0.96513063346489,0.0025035359609115737,0.0018215762303197547,0.0014035900659136538,0
2026-06-30 19:00:00+00:00,1.32542,1.32648,1.3251,1.32639,2137,1.3256260000000002,1.324517,1.3239975,1.3230574,1.3248203298369405,1.3241872473215301,0.0006330825154103881,0.0004025924642520999,0.0002304900511582882,62.7557980900407,1.3239975,1.3269639643140432,1.3210310356859567,0.0044810723797337046,0.001777142857142874,0.9999999999974203,-0.0006178374183437585,0.002107887579329226,0.001412088065818296,0
2026-06-30 20:00:00+00:00,1.32637,1.32656,1.32585,1.3260399999999999,1109,1.32569,1.3247659999999999,1.324074,1.3231796,1.3250079714004883,1.324324488260676,0.0006834831398123686,0.0004587705993641537,0.00022471254044821495,57.1217712177111,1.324074,1.3271721040042626,1.3209758959957374,0.004679653862642995,0.0016700000000000128,0.8546621128888455,0.00024137826992109979,0.0018813040686032068,0.0014183189407818277,0
2026-06-30 21:00:00+00:00,1.32605,1.32605,1.32518,1.32566,829,1.325816,1.3250680000000001,1.3241764999999999,1.3232964,1.3251082834927208,1.3244234150561813,0.0006848684365394764,0.0005039901667992183,0.0001808782697402581,58.45921450151056,1.3241764999999999,1.3273448186642238,1.321008181335776,0.00478534193020939,0.00163285714285715,0.8891634004048196,0.00047546093296002567,0.0022833121635517095,0.0013962852768356834,0
2026-06-30 22:00:00+00:00,1.32577,1.3260100000000001,1.3256299999999999,1.32575,384,1.325856,1.325492,1.324281,1.3234176,1.3252070091092254,1.3245216806075755,0.0006853285016499289,0.0005402578337693605,0.00014507066788056841,60.51004636785187,1.324281,1.3275147815569497,1.3210472184430504,0.004883829877419738,0.001555714285714311,0.9420675801368796,0.00015088076647429283,0.0032084509386989257,0.0013463454788102706,0
2026-06-30 23:00:00+00:00,1.32575,1.32578,1.32488,1.32498,544,1.325764,1.325777,1.324364,1.3235198,1.325172084630883,1.3245556301921995,0.0006164544386835225,0.0005554971547521929,6.095728393132956e-05,55.251141552512046,1.324364,1.327579085494511,1.321148914505489,0.00485528977609025,0.0015528571428571653,0.8064065100556566,-0.0003470545630129829,0.0021556125343196175,0.0013741779050070837,0
2026-07-01 00:00:00+00:00,1.3249900000000001,1.32518,1.3243800000000001,1.32454,1743,1.325394,1.32551,1.3244475,1.3236215999999998,1.3250748408415165,1.3245544724001845,0.0005203684413319642,0.0005484714120681472,-2.810297073618296e-05,53.65853658536601,1.3244475,1.3275850208114492,1.3213099791885508,0.004737856066698372,0.0015485714285714389,0.7653229571779759,-0.0013947632295175927,-0.002011738910948524,0.000516922172628511,0
2026-07-01 01:00:00+00:00,1.32455,1.32457,1.32347,1.3237700000000001,2074,1.32494,1.325315,1.3245035,1.3237042000000003,1.3248740960966678,1.3244963633335043,0.00037773276316355187,0.0005143236822872281,-0.00013659091912367628,54.21956684092634,1.3245035,1.327544429740126,1.3214625702598741,0.0045918032532581915,0.0014728571428571646,0.7797955455760869,-0.0017118638955082588,-0.0014708988323325345,0.0004308949085381966,1
2026-07-01 02:00:00+00:00,1.32379,1.32408,1.32338,1.32363,1833,1.324534,1.325175,1.3244795,1.3237801999999999,1.3246826966971805,1.3244321882717633,0.0002505084254171841,0.0004615606309132193,-0.0002110522054960352,58.548387096774704,1.3244795,1.327541013041853,1.321417986958147,0.004622967802601673,0.0014135714285714426,0.8656804892900875,-0.0015313127046150399,-0.0010565798510221436,0.0004104388938964645,1
2026-07-01 03:00:00+00:00,1.32363,1.32396,1.32312,1.32351,1478,1.3240859999999999,1.3249710000000001,1.324484,1.323854,1.324502281820691,1.3243638780294105,0.00013840379128060576,0.0003969292629866967,-0.0002585254717060909,55.798319327730816,1.324484,1.3275392140075208,1.3214287859924791,0.004613440415317732,0.0013442857142857184,0.23521174380243381,-0.001689609654912383,-0.0015389838180378534,0.0003719238170757508,1
2026-07-01 04:00:00+00:00,1.32354,1.32433,1.32321,1.32409,1592,1.323908,1.324836,1.324537,1.3239303999999998,1.324438853848277,1.3243435907679726,9.526308030438635e-05,0.0003365960264502346,-0.00024133294614584827,28.918918918919047,1.324537,1.3275219806488245,1.3215520193511756,0.0045072061389367975,0.000988571428571434,0.0,-0.0006717082522000872,-0.0010185296957990753,0.0004167881939028579,1
2026-07-01 05:00:00+00:00,1.32407,1.3245,1.32391,1.3241399999999999,1644,1.323828,1.324611,1.324564,1.324017,1.3243928763331572,1.3243285099703448,6.436636281237362e-05,0.00028215009372266244,-0.00021778373091028882,36.7449664429518,1.324564,1.3275229500271768,1.3216050499728234,0.004467809825990622,0.000877142857142862,0.23128750983302337,-0.0003019916348317997,-0.0016963336575216426,0.0003103305499153292,1
2026-07-01 06:00:00+00:00,1.32412,1.3244799999999999,1.3235000000000001,1.3243,2319,1.323934,1.324437,1.3246015,1.3241058,1.3243785876665177,1.3243263981206896,5.2189545828085215e-05,0.000236157984143747,-0.00018396843831566177,43.278084714549806,1.3246015,1.327525140664824,1.321677859335176,0.004414370155588816,0.0008692857142856994,0.4243643665531443,0.0004003716657727807,-0.0013121776115350148,0.000321022904619699,0
2026-07-01 07:00:00+00:00,1.32431,1.32457,1.32283,1.32442,2611,1.3240919999999998,1.324313,1.3246905,1.324174,1.3243849587947456,1.3243333315932313,5.162720151430378e-05,0.00019925182761785837,-0.0001476246261035546,38.7673956262415,1.3246905,1.3274674159341677,1.3219135840658323,0.004192550537907133,0.0009335714285714225,0.2910574777740912,0.000596843528780644,-0.0009353831299127036,0.00032289902365752323,0
2026-07-01 08:00:00+00:00,1.3244099999999999,1.32529,1.32388,1.32463,2580,1.324316,1.324201,1.3248465,1.3242167999999999,1.324422657441708,1.3243553070307696,6.735041093830496e-05,0.0001728715442819477,-0.00010552113334364274,42.10526315789473,1.3248465,1.3271874334620732,1.3225055665379268,0.0035338938693247894,0.0009657142857142999,0.3897033225862834,0.0008462346336635118,-0.0008448048274561915,0.0003291478517098922,1
2026-07-01 09:00:00+00:00,1.3246,1.32566,1.32424,1.32464,2813,1.324426,1.324167,1.324972,1.3242836,1.3244560947583681,1.3243763953988608,7.969935950735696e-05,0.00015423710732702955,-7.45377478196726e-05,29.11694510739912,1.324972,1.3269389971771475,1.3230050028228526,0.002969115086428141,0.0009685714285714297,0.0062684115595289976,0.0004153796192101211,-0.0002566076469079359,0.0002793926850795432,1
2026-07-01 10:00:00+00:00,1.32465,1.32566,1.32442,1.32522,2110,1.324642,1.324235,1.3248725,1.3243742,1.324573618641696,1.3244388846285748,0.00013473401312125155,0.00015033648848587398,-1.5602475364622425e-05,40.723981900454234,1.3248725,1.3265415984014892,1.3232034015985106,0.002519636269134308,0.0010064285714285828,0.373682863980741,0.0008156237255880772,0.0005133857792138929,0.00029138873023524685,1
2026-07-01 11:00:00+00:00,1.3252,1.32535,1.32408,1.32419,2578,1.32462,1.324277,1.3247959999999999,1.3244228,1.3245146003891277,1.3244204487301618,9.415165896586863e-05,0.0001390995225818729,-4.494786361600427e-05,35.50295857988122,1.3247959999999999,1.3264416308981062,1.3231503691018935,0.002484353663667947,0.001035000000000024,0.20841420337354088,-8.30627501321457e-05,0.0003172756596687698,0.0003410099134555722,1
2026-07-01 12:00:00+00:00,1.3242099999999999,1.3248199999999999,1.32336,1.32363,3505,1.324462,1.324277,1.324726,1.3244508,1.3243785080215695,1.3243618969723723,1.661104919725709e-05,0.00011460182790494974,-9.799077870769265e-05,30.866425992781032,1.324726,1.3264470938994424,1.3230049061005578,0.002598414916657943,0.0011121428571428474,0.06572872189825302,-0.0005964875190648256,0.0,0.0003688339175200336,1
2026-07-01 13:00:00+00:00,1.32362,1.32805,1.32187,1.32634,7058,1.3248039999999999,1.32456,1.3247655,1.3245159999999998,1.3246802760182512,1.3245084231225672,0.0001718528956839993,0.00012605204146075966,4.5800854223239644e-05,59.09090909090909,1.3247655,1.326598822838932,1.322932177161068,0.002767769599875609,0.001489285714285701,0.9999999999966858,0.0012909265228782107,0.002138253583274796,0.0007416634258563649,1
2026-07-01 14:00:00+00:00,1.32634,1.32918,1.3262399999999999,1.32774,5674,1.325424,1.324925,1.3248805000000001,1.3246038000000002,1.3251510027846742,1.3247477991875622,0.0004032035971119896,0.00018148235259100566,0.00022172124452098395,68.9573459715632,1.3248805000000001,1.3271326706488962,1.322628329351104,0.0033998094905858234,0.0016421428571428618,0.9999999999975023,0.0023402584853242647,0.0027566102002130055,0.00078673330602749,1
2026-07-01 15:00:00+00:00,1.32775,1.32816,1.3266,1.32774,4169,1.325928,1.325285,1.324948,1.3246859999999998,1.3255493100485707,1.324969443692187,0.0005798663563836293,0.00026115915334953046,0.0003187072030340988,75.88005215123711,1.324948,1.3274569448401061,1.322439055159894,0.0037872351822201456,0.0016749999999999979,0.9999999999978706,0.0019015710598992985,0.002718745751959739,0.0007880911712141658,0
2026-07-01 16:00:00+00:00,1.32775,1.32918,1.32772,1.32813,3702,1.326716,1.325668,1.3250525,1.3247601999999998,1.3259463392718673,1.3252035589742475,0.0007427802976198716,0.00035748338220359876,0.0003852969154162729,78.40909090909005,1.3250525,1.3279037075004627,1.3222012924995372,0.00430353891708102,0.001729285714285719,0.9999999999979794,0.002975403831776413,0.0028920939364192044,0.000786305166563939,0
2026-07-01 17:00:00+00:00,1.32816,1.32854,1.32769,1.32776,2355,1.327542,1.326002,1.3251575,1.3248096,1.3262253639992723,1.3253929249761551,0.0008324390231171375,0.0004524745103863066,0.0003799645127308309,76.00979192166513,1.3251575,1.3282475715372675,1.3220674284627325,0.004663704559295752,0.0017300000000000093,0.9515196878281895,0.0031202073086888937,0.0025218586249076136,0.0008051039986918947,1
2026-07-01 18:00:00+00:00,1.3277700000000001,1.32797,1.32711,1.32782,2024,1.327838,1.326321,1.3252609999999998,1.3248576,1.3264706926147691,1.3255727083112547,0.0008979843035143986,0.000541576469011925,0.0003564078345024736,74.37908496732054,1.3252609999999998,1.3285658347359202,1.3219561652640794,0.00498744735704191,0.001711428571428586,0.9182424324135815,0.0011158526471342078,0.0024082196537902334,0.0008073640219395744,1
2026-07-01 19:00:00+00:00,1.3277999999999999,1.32822,1.32768,1.32778,1926,1.3278459999999999,1.326635,1.3254009999999998,1.324899,1.3266721245201891,1.3257362113993099,0.0009359131208792615,0.0006204437993853923,0.00031546932149386915,73.82198952879611,1.3254009999999998,1.3288879253535482,1.3219140746464515,0.00526169114637507,0.0017078571428571498,0.9069405215419272,3.012638016475222e-05,0.0023704553690058194,0.0008086605089579997,1
2026-07-01 20:00:00+00:00,1.32775,1.32802,1.32687,1.32744,1181,1.327786,1.326857,1.325546,1.3249326,1.326790259209391,1.325862417962324,0.0009278412470670183,0.0006819232889217176,0.00024591795814530074,70.07672634271066,1.325546,1.329122216171518,1.3219697838284818,0.0053958386529294996,0.0017200000000000232,0.8309595893839814,-0.0002259478512358637,0.0016751935527685724,0.0008192222932437307,1
2026-07-01 21:00:00+00:00,1.32745,1.32756,1.3268900000000001,1.3268900000000001,575,1.327538,1.327127,1.3257020000000002,1.32495,1.3268056039464078,1.3259385351503,0.0008670687961078727,0.0007189523903589486,0.00014811640574892405,64.96969696969839,1.3257020000000002,1.3292238033658244,1.322180196634176,0.005313114660495637,0.0016435714285714426,0.7273522237491359,-0.0009336435439301072,0.0020389823212683122,0.0007798026448948787,1
2026-07-01 22:00:00+00:00,1.3271,1.32796,1.3271,1.32793,357,1.327572,1.327557,1.325917,1.3249913999999998,1.3269785879546527,1.3260860510650925,0.0008925368895602581,0.0007536692901992106,0.00013886759936104754,68.17180616740181,1.325917,1.3294312123472,1.3224027876528,0.005300802911796233,0.001619285714285712,0.7923140781301452,0.00012803518708204287,0.003248641992097401,0.0007652455519153372,1
2026-07-01 23:00:00+00:00,1.32793,1.328,1.32766,1.3278400000000001,517,1.327576,1.327707,1.3261335,1.3250368000000001,1.327111112884706,1.3262159732084189,0.0008951396762870711,0.0007819633674167828,0.00011317630887028838,67.46724890829819,1.3261335,1.3295556524467185,1.3227113475532817,0.005161097953891363,0.001542142857142857,0.7698521523745009,1.5062282538336191e-05,0.0011309317369603278,0.0004724822284355032,1
2026-07-02 00:00:00+00:00,1.32783,1.32833,1.32741,1.3277999999999999,2012,1.32758,1.327713,1.326319,1.3250724,1.327217095517828,1.3263333085263138,0.0008837869915141461,0.0008023280922362555,8.145889927789062e-05,64.96519721577639,1.326319,1.3296763479508855,1.3229616520491145,0.005062655290145873,0.0015192857142857072,0.7172246503840048,1.5062736296700407e-05,4.518957024712833e-05,0.00033725930992578487,1
2026-07-02 01:00:00+00:00,1.32779,1.32905,1.32767,1.32844,2030,1.3277800000000002,1.327783,1.326534,1.3251348,1.3274052346689313,1.326489359746587,0.0009158749223443508,0.0008250374582578746,9.083746408647614e-05,75.82017010935667,1.326534,1.3298543386003854,1.3232136613996148,0.005006036182088473,0.0015271428571428539,0.94554531588868,0.0007533297173507592,0.000527211652884052,0.0003694411578846559,1
2026-07-02 02:00:00+00:00,1.32844,1.32945,1.32835,1.32853,1702,1.3281079999999998,1.327823,1.3267455,1.3252152000000001,1.3275782754890957,1.326640518283877,0.0009377572052187144,0.0008475814076500425,9.017579756867187e-05,81.57216494845304,1.3267455,1.3300050025452144,1.3234859974547855,0.004913530960104186,0.00150142857142859,0.9999999999955519,0.0012359728387432156,0.00030117533675166897,0.00035985115283192925,1
2026-07-02 03:00:00+00:00,1.32851,1.3287,1.32796,1.32865,1483,1.328252,1.327912,1.326957,1.325316,1.327743156183081,1.3267893687813674,0.0009537874017135906,0.0008688226064627522,8.496479525083836e-05,72.3404255319147,1.326957,1.330128923540617,1.3237850764593828,0.004780748043255551,0.0011128571428571693,0.44410445271005516,0.0005421972543733222,0.0006703018617821854,0.0003432058711889848,1
2026-07-02 04:00:00+00:00,1.32865,1.3292,1.32849,1.32888,1613,1.3284600000000002,1.328018,1.3271695,1.3254203999999998,1.3279180552318377,1.326944230353118,0.0009738248787196646,0.0008898230609141348,8.400181780552978e-05,64.25000000000097,1.3271695,1.3302532466958816,1.3240857533041182,0.004647103020197103,0.0009535714285714425,0.0,0.0007832268948064769,0.0007983009745298197,0.00034468071884720977,1
2026-07-02 05:00:00+00:00,1.32892,1.32927,1.32858,1.3290899999999999,1772,1.328718,1.3281490000000002,1.3273920000000001,1.3255358000000002,1.3280983544269396,1.3271031762528873,0.000995178174052258,0.0009108940835417595,8.428409051049852e-05,66.03325415676898,1.3273920000000001,1.330346743554665,1.3244372564453353,0.004451953235615178,0.0008914285714285748,0.10294637893498809,0.0009715318572074416,0.0009866092274322114,0.0003431421113889517,1
2026-07-02 06:00:00+00:00,1.32912,1.33257,1.32907,1.3305,3853,1.32913,1.328455,1.3276560000000002,1.3256884000000002,1.3284678383612567,1.3273547928267475,0.0011130455345091939,0.0009513243737352464,0.0001617211607739474,72.6577437858504,1.3276560000000002,1.3307345533171386,1.3245774466828617,0.004637576777626834,0.0010371428571428634,0.4853748830369049,0.0015506910361025028,0.0023051889350931276,0.00043285708244692936,1
2026-07-02 07:00:00+00:00,1.33048,1.33381,1.32976,1.33362,4372,1.330148,1.329128,1.3281275000000001,1.3259078,1.329260478613371,1.3278188822469885,0.0014415963663825249,0.0010493787722647024,0.0003922175941178225,86.71679197994928,1.3281275000000001,1.3318018198439896,1.3244531801560107,0.005533082996910267,0.0012657142857142828,0.9999999999955491,0.0038313022664147045,0.005072010490696277,0.0007439299013692403,1
2026-07-02 08:00:00+00:00,1.33358,1.33626,1.3335,1.33567,5042,1.3315519999999998,1.3299020000000001,1.3287295000000001,1.326139,1.3302465588266985,1.3284004465249895,0.0018461123017090575,0.0012087254781535735,0.000637386823555484,89.36810431293824,1.3287295000000001,1.33316717826923,1.3242918217307702,0.0066795811626518655,0.0014014285714285693,0.9999999999960189,0.005283558499228347,0.0058286204845134915,0.0008103377673393578,1
2026-07-02 09:00:00+00:00,1.33563,1.33585,1.33379,1.33404,3636,1.332584,1.330522,1.3291145,1.3263514,1.3308301651610526,1.3288181912268422,0.002011973934210376,0.0013693751693649341,0.0006425987648454418,77.07612456747373,1.3291145,1.3339934320445028,1.3242355679554971,0.007341627895117913,0.0015099999999999955,0.5106326658901366,0.0038829691168500435,0.004669237257500791,0.000977663635160204,1
2026-07-02 10:00:00+00:00,1.33403,1.33444,1.33254,1.33327,2543,1.3334199999999998,1.331069,1.329391,1.3265562,1.3312055243670444,1.3291479548396685,0.002057569527375902,0.0015070140409671278,0.0005505554864087743,74.31192660550471,1.329391,1.3345601143494832,1.3242218856505168,0.007776665178992779,0.001563571428571426,0.4005846333029683,0.003145008991114251,0.004119596324747787,0.0010227975014978703,1
2026-07-02 11:00:00+00:00,1.33324,1.3333300000000001,1.33081,1.33101,2484,1.3335219999999999,1.331326,1.3295545,1.3267044000000001,1.3311754436951917,1.3292858841108042,0.0018895595843875235,0.001583523149651207,0.00030603643473631637,65.03649635036456,1.3295545,1.3347105796000684,1.3243984203999315,0.007756101160303658,0.0016957142857142924,0.03131193105028112,0.0003833145434046781,0.0019345999819335713,0.0012190391812611,1
2026-07-02 12:00:00+00:00,1.33099,1.3382800000000001,1.3296700000000001,1.33643,9849,1.334084,1.3321159999999999,1.3299695000000002,1.3269619999999998,1.3319838369728545,1.3298150778803743,0.0021687590924801547,0.001700570338216997,0.0004681887542631578,73.50663716814134,1.3299695000000002,1.3359180211784665,1.324020978821534,0.00894534976699274,0.002234285714285728,0.3685245133461691,0.0021070469848982754,0.0059464219852016775,0.0017254639837083804,0
2026-07-02 13:00:00+00:00,1.33647,1.33804,1.33526,1.33757,8003,1.334464,1.333008,1.33046,1.3272605999999998,1.3328432466693383,1.3303895165559023,0.00245373011343597,0.0018512022932607917,0.0006025278201751785,75.43125980135846,1.33046,1.3372057932310384,1.3237142067689616,0.010140542716110834,0.0024085714285714426,0.4451474387561162,0.0014225070563838038,0.006713581454860007,0.001717545524839,0
2026-07-02 14:00:00+00:00,1.33756,1.33844,1.33565,1.33752,6279,1.33516,1.333872,1.330945,1.3275808,1.333562747181748,1.3309177005147246,0.002645046667023365,0.0020099711680133065,0.0006350754990100587,75.3918495297814,1.330945,1.3382621996369135,1.3236278003630866,0.010995495136032611,0.002542142857142874,0.44357844011330805,0.0026086174327606404,0.006501715730540036,0.0017255916646255582,0
2026-07-02 15:00:00+00:00,1.33754,1.33783,1.336,1.33618,4883,1.3357420000000002,1.334581,1.3313650000000001,1.3278618,1.333965401461479,1.3313075004765966,0.0026579009848823887,0.0021395571313871232,0.0005183438534952655,69.50604838709677,1.3313650000000001,1.3388789407279595,1.3238510592720407,0.011287574373608155,0.0025742857142857195,0.20925338638583918,0.0021826036736745102,0.0053344769729664065,0.0017996962745108018,0
2026-07-02 16:00:00+00:00,1.3362,1.33622,1.33488,1.33526,3668,1.336592,1.335057,1.331756,1.3280228,1.3341645704674052,1.3316002782190708,0.002564292248334432,0.002224504154776585,0.00033978809355784696,66.27963231736813,1.331756,1.3392236774378594,1.3242883225621405,0.011214783245368487,0.002591428571428562,0.08080356272402696,0.0031930639138697536,0.003577602405110847,0.0018275604430435018,0
2026-07-02 17:00:00+00:00,1.33522,1.33535,1.33376,1.33401,2874,1.3361079999999999,1.335096,1.332112,1.3281886,1.3341407903954967,1.3317787761287692,0.0023620142667275523,0.0022520061771667786,0.00011000808956077371,62.29357798165117,1.332112,1.3392756115560827,1.3249483884439173,0.01075526916067522,0.002652142857142849,0.0,-0.0018107944299365908,0.00029243712601778604,0.0017228669185797923,1
2026-07-02 18:00:00+00:00,1.33401,1.3351199999999999,1.33395,1.33478,2422,1.33555,1.3350069999999998,1.3324545,1.3283836,1.3342391303346512,1.3320010890081195,0.0022380413265317145,0.002249213207039766,-1.1171880508051377e-05,63.20501342882737,1.3324545,1.3394287427621492,1.325480257237851,0.010468264037757514,0.002684999999999985,0.03366394802333402,-0.0020858721412709835,-0.0006663322527269422,0.0016550011006643659,0
2026-07-02 19:00:00+00:00,1.33477,1.33496,1.33418,1.33454,2089,1.3349540000000002,1.335057,1.3327895,1.3285634,1.334285417975474,1.3321891564889996,0.002096261486474349,0.0022186228629266828,-0.0001223613764523338,62.18149307107773,1.3327895,1.3394678467068555,1.3261111532931447,0.010021607623492546,0.002691428571428567,0.0,-0.0022280040672288948,0.00037480135528178415,0.0016063133121445592,1
2026-07-02 20:00:00+00:00,1.33452,1.33508,1.33432,1.33462,997,1.3346419999999999,1.335192,1.3331304999999998,1.3287470000000001,1.3343368921330934,1.332369218971296,0.0019676731617974674,0.00216843292270084,-0.00020075976090337243,59.790874524714724,1.3331304999999998,1.3394213704945395,1.32683962950546,0.009437741458228871,0.002495714285714284,0.0,-0.0011675073717613005,0.0010125480960345712,0.0015917425358494555,1
2026-07-02 21:00:00+00:00,1.33461,1.33463,1.33402,1.33446,972,1.334482,1.335537,1.3334315,1.3289084,1.3343558318049251,1.3325240916400887,0.0018317401648364484,0.0021010943711279617,-0.00026935420629151325,52.32300884955743,1.3334315,1.3393419947695753,1.327521005230425,0.008865089462151103,0.002250000000000006,0.0,-0.0005991342510072162,0.0025920165889061764,0.0014671709632802861,1
2026-07-02 22:00:00+00:00,1.33471,1.33494,1.33425,1.33443,507,1.3345660000000001,1.335337,1.3337265,1.3290762,1.3343672422964752,1.3326652700371193,0.0017019722593558662,0.0020212699487735424,-0.00031929768941767623,46.139476961395,1.3337265,1.339178067712726,1.328274932287274,0.008174940983366583,0.002102142857142862,0.0,0.0003148402185890742,-0.0014965243222615499,0.0006003137597567301,1
2026-07-02 23:00:00+00:00,1.33443,1.33471,1.33371,1.3338,987,1.33437,1.3349600000000001,1.333984,1.329239,1.3342799742508638,1.3327493241084438,0.0015306501424199315,0.0019231459875028202,-0.00039249584508288873,49.20318725099667,1.333984,1.3388846225168598,1.3290833774831403,0.007347348269334179,0.002026428571428588,0.10459282408072894,-0.0007342033893226185,-0.0028185440761977487,0.0004906441492287524,1
2026-07-03 00:00:00+00:00,1.3338,1.33478,1.33343,1.33477,2292,1.334416,1.334685,1.3342785,1.3294194,1.334355362827654,1.3328990038041144,0.0014563590235396884,0.0018297885947101938,-0.0003734295711705054,54.91480996068183,1.3342785,1.338555952635945,1.330001047364055,0.006411633906931774,0.0019871428571428856,0.2995834376897155,0.00017234402865407006,-0.002056044021771619,0.0005837633752031076,1
2026-07-03 01:00:00+00:00,1.3348,1.33635,1.33463,1.33556,2824,1.3346040000000001,1.3346230000000001,1.3346019999999998,1.329631,1.3345406916233995,1.3330961146334392,0.0014445769899602556,0.0017527462737602062,-0.0003081692837999506,66.49746192893451,1.3346019999999998,1.3381423692938677,1.331061630706132,0.005305505752078608,0.001930000000000019,0.6950066876672026,0.0007043203308807477,-0.0004640093400588574,0.0005592734917136833,1
2026-07-03 02:00:00+00:00,1.33556,1.33661,1.3354,1.33609,2035,1.3349300000000002,1.3347060000000002,1.3348814999999998,1.3298619999999999,1.334779046758261,1.333317883919851,0.001461162838410024,0.00169442958669017,-0.00023326674828014616,48.08988764044933,1.3348814999999998,1.3379029271636733,1.3318600728363263,0.004526884466783733,0.001401428571428601,0.06658559124597495,0.0012214678596587092,0.000621601785420145,0.0005250529292697858,1
2026-07-03 03:00:00+00:00,1.33605,1.3362,1.33566,1.33612,1555,1.335268,1.334917,1.3350065,1.330109,1.3349853472569901,1.3335254480739362,0.001459899183053892,0.0016475235059629145,-0.0001876243229090224,40.693196405648266,1.3350065,1.338015009160455,1.331997990839545,0.004507107883677017,0.0012414285714285997,0.0,0.0012664583380168626,0.001581697288626005,0.0003935575586460049,0
2026-07-03 04:00:00+00:00,1.3361399999999999,1.33653,1.3357999999999999,1.3364500000000001,1283,1.335798,1.335084,1.3350455,1.3303654,1.3352106784482225,1.333742081549941,0.0014685968982814934,0.0016117381844266301,-0.00014314128614513672,43.37050805452353,1.3350455,1.338109927309786,1.3319810726902142,0.0045907458731345935,0.001094285714285746,0.09292074420782069,0.0019868046183835197,0.0012511425103762797,0.00036747647279604254,0
2026-07-03 05:00:00+00:00,1.3364500000000001,1.33772,1.3363800000000001,1.33653,2111,1.3361500000000002,1.335283,1.33517,1.3306258,1.3354136509946497,1.3339485940277231,0.001465056966926559,0.0015824019409266163,-0.00011734497400005739,52.56975036710782,1.33517,1.338264599710551,1.332075400289449,0.004635514145091527,0.0010592857142857387,0.46025545469201246,0.001318579230878747,0.0014911505087895627,0.00035290756081342214,0
2026-07-03 06:00:00+00:00,1.33654,1.33808,1.33643,1.33677,3346,1.336392,1.3354979999999999,1.335345,1.3308794,1.335622320072396,1.3341575870627067,0.0014647330096893008,0.0015588681546791535,-9.413514498985277e-05,62.316476345841636,1.335345,1.3383825232293007,1.3323074767706993,0.004549420905160436,0.0010814285714285982,0.8379730831941845,0.0009059870017071869,0.0016109454376527221,0.0003515757469331088,0
2026-07-03 07:00:00+00:00,1.33679,1.3376000000000001,1.3362,1.33712,2902,1.336598,1.335764,1.3356504999999999,1.331139,1.3358527323689506,1.3343770250580618,0.001475707310888863,0.0015422359859210957,-6.652867503223274e-05,79.7323135755283,1.3356504999999999,1.3380043499259309,1.3332966500740688,0.0035246494886664106,0.001067857142857176,0.9999999999974384,0.0007709061515317472,0.001993315648277205,0.00033815241208185186,0
2026-07-03 08:00:00+00:00,1.33716,1.33735,1.33569,1.33599,2594,1.336572,1.3359200000000002,1.3356284999999999,1.3313727999999998,1.3358738504660352,1.3344965046833905,0.001377345782644701,0.001509257945265817,-0.00013191216262111588,60.822898032200214,1.3356284999999999,1.3379597908103078,1.333297209189692,0.00349092702096117,0.0011028571428571832,0.5156290174008115,-9.729665000146603e-05,0.0011690384658618047,0.0004717438630114778,0
2026-07-03 09:00:00+00:00,1.33596,1.33619,1.33496,1.33509,2214,1.3363,1.336049,1.3355045,1.3315862,1.3357532580866454,1.3345404672994359,0.0012127907872094834,0.0014499645136545505,-0.0002371737264450671,54.40000000000065,1.3355045,1.3376580231843156,1.3333509768156846,0.003225033213015003,0.0011350000000000446,0.35110434323275447,-0.0010176213101874554,0.0009671614934771977,0.0005029780520645343,1
2026-07-03 10:00:00+00:00,1.33506,1.3360400000000001,1.33488,1.3355299999999999,1801,1.3361,1.336125,1.3354050000000002,1.3318041999999999,1.3357189106887,1.3346137660179962,0.0011051446707037726,0.0013810005450643952,-0.0002758558743606225,56.883509833585684,1.3354050000000002,1.3373391419966691,1.3334708580033312,0.0028967122283786112,0.0011635714285714702,0.4147202754981178,-0.0007482061756938219,0.0005693864860611964,0.00046161265878708855,0
2026-07-03 11:00:00+00:00,1.33551,1.33637,1.3353,1.3358400000000001,2235,1.335914,1.336153,1.335388,1.3320282,1.3357375398135152,1.3347045981648114,0.0010329416487038223,0.0013113887657922806,-0.0002784471170884583,60.207100591717335,1.335388,1.3372993026696098,1.3334766973303902,0.002862542825919981,0.0011964285714286221,0.4998551606867459,-0.0006957068156825397,0.0002096498846926309,0.000428101428007556,0
2026-07-03 12:00:00+00:00,1.33582,1.33615,1.33537,1.33556,2109,1.3356020000000002,1.3361,1.335403,1.332235,1.3357102259960514,1.3347679612637142,0.0009422647323371613,0.0012375639591012569,-0.0002952992267640955,58.05991440798917,1.335403,1.3373147817537063,1.3334912182462935,0.002863228184610087,0.001202857142857188,0.4448542708259657,-0.0011666866100275008,-0.00039667986438030045,0.0004115878185684877,1
2026-07-03 13:00:00+00:00,1.33554,1.33558,1.3345500000000001,1.33494,2323,1.3353920000000001,1.335982,1.3354495,1.3324500000000001,1.3355917296889666,1.3347807048738094,0.0008110248151571575,0.001152256130312437,-0.0003412313151552795,58.14285714285643,1.3354495,1.337261245015205,1.3336377549847949,0.0027133111588346706,0.0012050000000000274,0.44697887662855385,-0.0007859340264523285,-0.0008831542077059051,0.0004317164573447244,1
2026-07-03 14:00:00+00:00,1.33493,1.3358400000000001,1.33464,1.33563,2242,1.3355000000000001,1.3359,1.335492,1.3326900000000002,1.3355976174291255,1.3348436156238976,0.0007540018052278885,0.0010726052652955274,-0.0003186034600676389,56.39880952380987,1.335492,1.337277303748331,1.3337066962516688,0.0026736270203506717,0.001194285714285735,0.4023045154883464,0.00040446711457642337,-0.0006135657899659641,0.0004623531380152962,0
2026-07-03 15:00:00+00:00,1.3356,1.3357,1.335,1.3355000000000001,1722,1.335494,1.335797,1.33554,1.3328732000000003,1.335582599363106,1.3348922366887939,0.0006903626743122171,0.0009961567470988654,-0.0003057940727866483,49.50495049504994,1.33554,1.3372682421857922,1.3338117578142077,0.002588080006278002,0.0011214285714286065,0.2257160183985324,-2.2462992220084743e-05,-0.0007706523609645188,0.0004604452641782099,0
2026-07-03 16:00:00+00:00,1.33551,1.33562,1.33511,1.33548,1045,1.335422,1.335668,1.3355830000000002,1.3330279999999999,1.3355668148457052,1.3349357747118462,0.0006310401338589511,0.0009231334244508826,-0.0002920932905919315,44.504504504504894,1.3355830000000002,1.3372567993340443,1.333909200665956,0.0025064699596267716,0.0010714285714285962,0.0976279274518896,-0.00026949335249737416,-0.000965012679817745,0.0004524408188833511,0
2026-07-03 17:00:00+00:00,1.33551,1.33583,1.33539,1.33561,838,1.335432,1.335517,1.3356405,1.3331854,1.3355734587155967,1.3349857173257833,0.0005877413898134343,0.000856055017523393,-0.0002683136277099587,45.486725663717024,1.3356405,1.3372286863208056,1.3340523136791944,0.0023781643650452283,0.0010642857142857398,0.05819891446163796,3.743747940920805e-05,-0.0011292928084242204,0.0004408090070908227,0
2026-07-03 18:00:00+00:00,1.3356,1.3357299999999999,1.33552,1.33556,810,1.335556,1.335474,1.3356970000000001,1.333334,1.3355713881439664,1.3350282567831329,0.0005431313608335042,0.0007934702861854152,-0.000250338925351911,41.71322160148938,1.3356970000000001,1.337180837131123,1.3342131628688774,0.0022218169706494316,0.0010271428571428614,0.0,0.0004644403493789806,-0.00032185869654710597,0.00035795065111365946,0
2026-07-03 19:00:00+00:00,1.3355299999999999,1.3357,1.3352,1.33529,1635,1.3354880000000002,1.3354940000000002,1.3357715000000001,1.3334845999999998,1.3355280976602795,1.3350476451695674,0.00048045249071204665,0.0007308667270907416,-0.00025041423637869496,38.848920863310646,1.3357715000000001,1.3369780134632328,1.3345649865367675,0.001806466844415589,0.0009671428571428807,0.0,-0.00025456151778557867,0.00014980263502839541,0.000288344530111406,0
2026-07-03 20:00:00+00:00,1.33529,1.33539,1.33459,1.33497,2871,1.335382,1.3354380000000001,1.3357815,1.3336276,1.3354422364817748,1.3350418936755253,0.0004003428062495651,0.0006647619429225064,-0.0002644191366729413,34.04255319149004,1.3357815,1.336955952167973,1.3346070478320269,0.0017584495188368344,0.0009064285714286095,0.0,-0.0003968551104456264,-0.0004193091881125044,0.00027523641135361875,0
2026-07-05 21:00:00+00:00,1.33441,1.33507,1.33412,1.33452,472,1.33519,1.335306,1.3357295,1.3337624,1.3353003539461172,1.3350032348847458,0.0002971190613714203,0.0005912333666122892,-0.0002941143052408689,27.35191637630642,1.3357295,1.3370305194383894,1.3344284805616107,0.0019480283072124097,0.0008742857142857481,0.0,-0.0007188426633121248,-0.000988142292490224,0.000271096602314332,1
2026-07-05 22:00:00+00:00,1.33475,1.3354300000000001,1.33475,1.33484,720,1.3350360000000001,1.335234,1.3356670000000002,1.3339104,1.3352295302620993,1.3349911434118016,0.00023838685029775597,0.0005206640633493826,-0.00028227721305162663,38.33671399594413,1.3356670000000002,1.3370143732730622,1.3343196267269382,0.0020175287299334377,0.0008207142857143333,0.3343398578313797,-0.0005765155996135807,-0.0005390997034951939,0.0002874467005702379,0
2026-07-05 23:00:00+00:00,1.33484,1.33535,1.3345799999999999,1.3351899999999999,994,1.334962,1.335259,1.3356205,1.3340763999999998,1.335223448683315,1.3350058735294459,0.00021757515386910953,0.00046004628145332796,-0.00024247112758421843,51.14155251141279,1.3356205,1.3369662375203972,1.334274762479603,0.0020151495434476002,0.0007878571428571972,0.7240755668591046,-0.0002770373476296273,0.00018727433442689012,0.0002629734368336366,0
2026-07-06 00:00:00+00:00,1.33518,1.33564,1.33459,1.33526,2585,1.334956,1.335222,1.335561,1.3342230000000002,1.335229071962805,1.3350246977124498,0.0002043742503552437,0.00040891187523371116,-0.00020453762487846746,46.63341645885339,1.335561,1.3368566104028254,1.3342653895971746,0.0019401740584300414,0.0007800000000000505,0.5868632467884378,-2.246702963415448e-05,-0.0002770228281786524,0.0001982797704632017,0
2026-07-06 01:00:00+00:00,1.33529,1.33541,1.33389,1.33393,2349,1.334748,1.335065,1.3354310000000003,1.3343447999999998,1.3350292147377583,1.3349436089930091,8.560574474913984e-05,0.0003442506491367969,-0.00025864490438765703,31.013916500993602,1.3354310000000003,1.3368344978859659,1.3340275021140346,0.002101939951919058,0.0008121428571428961,0.11893108925900482,-0.000779043723828976,-0.0011755896667915433,0.0003660536995039196,0
2026-07-06 02:00:00+00:00,1.33393,1.33471,1.3338700000000001,1.33456,1789,1.334756,1.334973,1.3353205000000001,1.33448,1.3349570278550262,1.3349151935120456,4.183434298066224e-05,0.00028376738790556995,-0.0002419330449249077,40.70631970260109,1.3353205000000001,1.336624590326269,1.3340164096737313,0.0019532244525099114,0.0008164285714286068,0.4337120917318307,2.9973323741883107e-05,-0.0006888908856741427,0.0004109087339825674,1
2026-07-06 03:00:00+00:00,1.33457,1.33483,1.3338999999999999,1.33418,1541,1.334624,1.3348299999999997,1.3351735000000002,1.3345947999999999,1.3348374851080989,1.3348607347333754,-2.324962527655572e-05,0.0002223639852691448,-0.0002456136105457005,42.60700389104956,1.3351735000000002,1.3362697572691304,1.33407724273087,0.001642119573419046,0.0008092857142857664,0.5251882684052832,-0.0004944412813521204,-0.0010706718278539196,0.00041150328752333833,0
2026-07-06 04:00:00+00:00,1.33415,1.33449,1.33408,1.33426,1259,1.334438,1.3347,1.3350870000000001,1.3347094,1.3347486412453144,1.3348162358642366,-6.759461892213992e-05,0.00016437226443088786,-0.00023196688335302778,34.87858719646671,1.3350870000000001,1.3361850000959232,1.333988999904077,0.0016448367723198422,0.00075285714285719,0.3163844447802017,-0.00069653008186088,-0.0009733744646440723,0.00041447576030449116,0
2026-07-06 05:00:00+00:00,1.3342800000000001,1.33442,1.33341,1.33362,1858,1.3341100000000001,1.334533,1.3350135,1.3348088000000002,1.3345750041306508,1.3347276258002192,-0.00015262166956842016,0.00010097347763102625,-0.00025359514719944644,31.349206349205076,1.3350135,1.3362925337636442,1.333734466236356,0.0019161360744953258,0.0007750000000000336,0.1680265284504731,-0.001228225214564893,-0.0012506646496267537,0.00043122784906100375,1
2026-07-06 06:00:00+00:00,1.33357,1.33407,1.3329900000000001,1.3334,2653,1.3340039999999997,1.334376,1.3349069999999998,1.3348992000000002,1.3343942342643966,1.334629283148351,-0.00023504888395442514,3.3769005313935965e-05,-0.0002688178892683611,30.15267175572407,1.3349069999999998,1.3363492511643862,1.3334647488356135,0.0021608264311841104,0.0008157142857143164,0.11773006377650323,-0.0003973221983163411,-0.0011760563907803334,0.00042966656683486555,1
2026-07-06 07:00:00+00:00,1.33341,1.33497,1.33283,1.33483,2751,1.334058,1.334407,1.3348565,1.335014,1.334461275146797,1.334644151063288,-0.00018287591649102097,-9.559979047055437e-06,-0.00017331593744396553,44.036697247706385,1.3348565,1.3362303041690349,1.333482695830965,0.002058354840441631,0.0009371428571428904,0.7013466190308013,0.00020231387123836875,0.00023229325899953857,0.0005608362219655982,0
2026-07-06 08:00:00+00:00,1.33484,1.33501,1.3330199999999999,1.33373,2579,1.333968,1.334296,1.3347650000000002,1.3350786,1.334348771278059,1.334576436169711,-0.00022766489165193526,-5.318096156803142e-05,-0.00017448393008390384,37.94466403162054,1.3347650000000002,1.3361845254952627,1.3333454745047377,0.002127004371949331,0.0010642857142857715,0.44526732544840714,-0.0003372858235020093,-0.0008315603368193036,0.0006136393063375287,1
2026-07-06 09:00:00+00:00,1.33374,1.3341,1.33307,1.33348,2389,1.333812,1.334125,1.334692,1.3350757999999998,1.3342151141583578,1.3344952186756585,-0.00028010451730065,-9.856567271455515e-05,-0.00018153884458609485,38.044914134741944,1.334692,1.3362196759094558,1.3331643240905442,0.0022891811885525568,0.0011021428571429087,0.4494813496794479,-0.0005845937073734042,-0.0012807166021314709,0.0006018940029599916,1
2026-07-06 10:00:00+00:00,1.33349,1.33469,1.33316,1.33407,2311,1.3339020000000001,1.334006,1.334614,1.3350438,1.334192788903226,1.33446372099598,-0.0002709320927540837,-0.0001330389567224609,-0.0001378931360316228,44.26020408163334,1.334614,1.3360987207783266,1.3331292792216733,0.0022249441086735497,0.0011542857142857585,0.7107417536455837,0.00033742745309761624,-0.0008912121983731813,0.0006269966152949371,1
2026-07-06 11:00:00+00:00,1.33407,1.3345500000000001,1.33356,1.33439,2430,1.3341,1.334052,1.3345585,1.3350508000000003,1.3342231290719604,1.3344582601814627,-0.00023513110950235117,-0.00015345738727843896,-8.16737222239122e-05,49.156939040207746,1.3345585,1.3359856395757046,1.3331313604242954,0.0021387441250490208,0.001157142857142904,0.905444530635218,0.000742462876856198,0.0003448456815573486,0.0005447442253740503,1
2026-07-06 12:00:00+00:00,1.33439,1.3351600000000001,1.33369,1.3342,2867,1.333974,1.334016,1.3344945,1.3350694,1.3342195707531974,1.3344391297976506,-0.00021955904445314367,-0.0001666777187133799,-5.288132573976376e-05,45.77836411609499,1.3344945,1.3358611628584045,1.3331278371415953,0.0020482105522421985,0.0011971428571428966,0.7444747789165159,-0.0004719702134353687,-0.000269751828317899,0.0005241609759434215,1
2026-07-06 13:00:00+00:00,1.33422,1.33563,1.33408,1.33457,3178,1.334142,1.334055,1.3344425000000002,1.3351406,1.3342734829450131,1.3344488238867134,-0.00017534094170024161,-0.00016841036331075227,-6.9305783894893416e-06,45.92105263157989,1.3344425000000002,1.335705676863941,1.3331793231360594,0.0018931903981488,0.0012528571428571825,0.8297284309744045,0.0006298126307422436,0.0002923143803685857,0.000523570021000757,1
2026-07-06 14:00:00+00:00,1.3345500000000001,1.33593,1.3343099999999999,1.33557,3322,1.3345600000000002,1.334186,1.3344429999999998,1.3351234000000003,1.334472947107319,1.3345318739691792,-5.892686186026452e-05,-0.00014651366302065473,8.758680116039021e-05,51.81711606096157,1.3344429999999998,1.3357080458698216,1.333177954130178,0.001895990866334179,0.0012935714285714811,0.9999999999953842,0.001567327593964718,0.0009818176367424325,0.0005712566622937822,1
2026-07-06 15:00:00+00:00,1.33559,1.3368,1.33513,1.33674,2863,1.335094,1.334498,1.3345155,1.3351068000000001,1.3348217244754237,1.334695438860351,0.00012628561507277425,-9.195380740196892e-05,0.00021823942247474319,66.78614097968926,1.3345155,1.336108596620493,1.3329224033795068,0.0023875280886480788,0.0013042857142857736,0.9999999999972702,0.002001394229688147,0.0023394970081431765,0.0005796622929483714,1
2026-07-06 16:00:00+00:00,1.33676,1.33764,1.33648,1.3375,2068,1.3357160000000001,1.334908,1.334642,1.3351064,1.3352337668638201,1.3349031841299546,0.0003305827338655476,-7.446499148465601e-06,0.0003380292330140132,67.29411764705858,1.334642,1.3367161983867242,1.332567801613276,0.0031082468358167486,0.0013271428571429236,0.9999999999973075,0.0023306529575310986,0.0030748462576870583,0.0005699155322902618,1
2026-07-06 17:00:00+00:00,1.33751,1.33838,1.33744,1.33814,1705,1.3365040000000001,1.335239,1.3348229999999999,1.3351456,1.3356808796540016,1.3351429482684765,0.0005379313855251588,0.00010162907778625933,0.00043630230773889953,72.60273972602819,1.3348229999999999,1.3374186165478124,1.3322273834521874,0.0038890797473709773,0.001327857142857198,0.9999999999976442,0.002953080497676508,0.0024797165182084413,0.0005089976332561871,1
2026-07-06 18:00:00+00:00,1.33816,1.33968,1.33804,1.33938,1520,1.337466,1.335804,1.33505,1.335228,1.3362499750918475,1.335456803952293,0.0007931711395545715,0.00023993749013992183,0.0005532336494146496,75.80645161290347,1.33505,1.3383503093954026,1.3317496906045976,0.004944098566199752,0.0014157142857143454,0.9999999999978095,0.0036041571442486653,0.004236239718683699,0.00038544237724922584,1
2026-07-06 19:00:00+00:00,1.33939,1.33967,1.3389,1.33915,1569,1.338182,1.3363710000000002,1.335248,1.3353308,1.3366961327700249,1.3357303740299007,0.0009657587401241674,0.00038510174013677104,0.0005806569999873964,79.07465825446945,1.335248,1.3390244790062078,1.3314715209937922,0.005656595637975584,0.001398571428571487,0.9999999999979559,0.0026805034554535645,0.004252032276449658,0.000382698388884124,0
2026-07-06 20:00:00+00:00,1.3391199999999999,1.33926,1.3388,1.3388200000000001,764,1.338598,1.336846,1.335426,1.3354116000000003,1.3370228815746363,1.3359592352128713,0.001063646361765036,0.0005208106644624242,0.0005428356973026118,78.17047817047998,1.335426,1.3395265488721328,1.3313254511278672,0.0061411847187831416,0.0013542857142857681,0.9780165278120808,0.0015560243577659172,0.0035605328056249608,0.00043721686078619475,1
2026-07-06 21:00:00+00:00,1.3388499999999999,1.33893,1.33829,1.3385799999999999,985,1.338814,1.337265,1.3356584999999999,1.3354924,1.3372624382554614,1.3361533659378437,0.0011090723176176986,0.0006384629950934792,0.00047060932252421944,72.24199288256197,1.3356584999999999,1.3399258165486558,1.3313911834513439,0.0063898317551319824,0.001247142857142907,0.8338763352367522,0.0008074766355139484,0.003140011540853749,0.0004685105104490533,1
2026-07-06 22:00:00+00:00,1.33874,1.33964,1.33874,1.33963,410,1.339112,1.337808,1.335912,1.3355926,1.337626678523852,1.3364108943868924,0.0012157841369595523,0.0007539272234666939,0.00046185691349285847,85.20286396181278,1.335912,1.340495226167819,1.331328773832181,0.006861568977326233,0.0011807142857143285,0.9999999999978795,0.0011134858833903305,0.0040698545945137,0.00045986206238125696,0
2026-07-06 23:00:00+00:00,1.33964,1.3401100000000001,1.33935,1.33941,721,1.339118,1.338292,1.3361735,1.3356916,1.3379010356740284,1.3366330503582338,0.0012679853157946397,0.0008567388419322831,0.00041124647386235657,85.5089820359268,1.3361735,1.340934014235835,1.3314129857641648,0.007125592950069917,0.0011614285714286149,0.9999999999975756,2.2398423150882252e-05,0.003626636294836505,0.000493587430304076,0
2026-07-07 00:00:00+00:00,1.33941,1.3395299999999999,1.33874,1.33877,1981,1.339042,1.338612,1.336399,1.3357784000000001,1.3380347224934086,1.3367913429242906,0.0012433795691180194,0.0009340669873694304,0.00030931258174858904,77.97619047618943,1.336399,1.3412049213476827,1.3315930786523171,0.007192345022231777,0.0011085714285714587,0.8104033625900802,-0.0002837620878916036,0.0023959807423048485,0.0005372582267709748,0
2026-07-07 01:00:00+00:00,1.33877,1.34016,1.33877,1.33967,2417,1.339212,1.338905,1.3367014999999998,1.3358957999999999,1.3382863036482686,1.3370045767817504,0.0012817268665181736,0.0010035989631991791,0.00027812790331899445,79.39866369710371,1.3367014999999998,1.3415324671038007,1.3318705328961988,0.007228191340850493,0.001137142857142884,0.8462063099235689,0.0006348874381916225,0.0021918996962759785,0.0005137836026202965,0
2026-07-07 02:00:00+00:00,1.33965,1.33994,1.33906,1.33908,1635,1.339312,1.3390630000000001,1.3369855000000002,1.3359820000000002,1.3384084107793042,1.337158311834954,0.001250098944350242,0.0010528989594293916,0.0001971999849208503,76.0127931769718,1.3369855000000002,1.3416647013488703,1.33230629865113,0.006999629164071145,0.0010950000000000207,0.7601241337469824,0.00037353015882524154,0.0011813084112151095,0.0005361161711359154,0
2026-07-07 03:00:00+00:00,1.3390900000000001,1.33968,1.33887,1.33896,1535,1.339178,1.3391449999999998,1.3371920000000002,1.3360500000000002,1.3384932706594113,1.33729177021755,0.0012015004418612918,0.0010826192559157718,0.00011888118594551998,74.04162102957144,1.3371920000000002,1.34183505978969,1.3325489402103103,0.006944492323749795,0.0010421428571428645,0.6596400741074372,-0.0005001380978331138,0.0006127908888455824,0.000523648867806459,1
2026-07-07 04:00:00+00:00,1.33896,1.33933,1.3388200000000001,1.33887,1288,1.33907,1.3390939999999998,1.337449,1.3361056000000002,1.3385512290195019,1.3374086761273611,0.0011425528921407135,0.0010946059831607603,4.7946908979953256e-05,70.0729927007296,1.337449,1.3418477984005328,1.3330502015994674,0.006577893288690184,0.0009628571428571224,0.17555304299973004,-0.0004031625865119626,-0.0003807731935672187,0.0004264757338167127,0
2026-07-07 05:00:00+00:00,1.33887,1.33898,1.33791,1.3384,2027,1.338996,1.339019,1.337695,1.3361512,1.3385279630165015,1.3374821075253343,0.0010458554911672024,0.0010848558847620488,-3.900039359484636e-05,61.037234042552875,1.337695,1.3416910743895005,1.3336989256104996,0.005974567281032594,0.0009199999999999843,0.0,-0.0002763730887307414,-0.0005600567524175482,0.00043637798901397586,1
2026-07-07 06:00:00+00:00,1.33845,1.33866,1.33748,1.33803,2297,1.338668,1.3389399999999998,1.337893,1.3361828,1.338451353321655,1.3375226921530872,0.0009286611685679347,0.001053616941523226,-0.0001249557729552913,53.716690042076564,1.337893,1.341506961814976,1.334279038185024,0.005402467633773366,0.0009214285714285493,0.0,-0.0012241820746898835,-0.0005900718543194738,0.0004379347821878669,1
2026-07-07 07:00:00+00:00,1.33805,1.33854,1.33748,1.33771,2675,1.3383939999999999,1.338853,1.3380589999999999,1.3362064,1.3383372989644775,1.3375365668084143,0.0008007321560632441,0.0010030399844312295,-0.0002023078283679854,46.84287812041014,1.3380589999999999,1.341278996077163,1.3348390039228368,0.0048129358677951525,0.0009299999999999864,0.0,-0.0010230904800311302,-0.000649942476355525,0.00044016719478876253,1
2026-07-07 08:00:00+00:00,1.33769,1.33938,1.33768,1.33911,2792,1.338424,1.338801,1.3383045,1.3362531999999998,1.3384561760468654,1.3376531174151987,0.0008030586316667421,0.000963043713878332,-0.00015998508221158993,48.06312769010059,1.3383045,1.3409900204337524,1.3356189795662476,0.004013317498001933,0.0009342857142856971,0.031558637827940335,0.00011202724502612504,-0.0003881668819002426,0.0005000984704040597,0
2026-07-07 09:00:00+00:00,1.33908,1.33922,1.33799,1.33799,2077,1.3382479999999999,1.338659,1.3384755,1.3362706,1.33838445665504,1.3376780716807397,0.0007063849743003114,0.0009117119659627279,-0.0002053269916624165,42.620865139949196,1.3384755,1.340518443954224,1.336432556045776,0.0030526430319030825,0.0009671428571428489,0.0,-0.0006572706834868658,-0.0010601682830500003,0.0005603792367637215,0
2026-07-07 10:00:00+00:00,1.33799,1.3386,1.33692,1.33843,2105,1.3382539999999998,1.338625,1.3386185000000002,1.3363194,1.3383914633234955,1.337733770074759,0.0006576932487365461,0.0008609082225174917,-0.0002032149737809456,47.55332496863181,1.3386185000000002,1.340138600758466,1.3370983992415344,0.0022711485885870525,0.001054285714285706,0.11500761016471026,2.2414823670047213e-05,-0.0002539644599146573,0.0005589550357835402,0
2026-07-07 11:00:00+00:00,1.33844,1.33942,1.33819,1.33877,2543,1.3384019999999999,1.338535,1.33872,1.336393,1.3384496997352653,1.337810527846999,0.0006391718882663433,0.0008165609556672622,-0.00017738906740091885,51.17719950433785,1.33872,1.3399566338010878,1.337483366198912,0.0018474868547386305,0.0010964285714285696,0.1995036150717819,0.000553051874771171,-0.0006718072361102667,0.0005148738515260553,0
2026-07-07 12:00:00+00:00,1.33881,1.33925,1.33805,1.33852,2843,1.338564,1.338479,1.338771,1.3364528000000002,1.338460515160609,1.3378630813398136,0.0005974338207954677,0.0007727355286929032,-0.00017530170789743554,42.36588720770186,1.338771,1.339872537681269,1.3376694623187309,0.0016455953725754181,0.0011064285714285718,0.0,0.000605512405528863,-0.00041819756847993883,0.0005004849904880248,0
2026-07-07 13:00:00+00:00,1.3385500000000001,1.33868,1.33691,1.3370600000000001,3837,1.3381539999999998,1.338289,1.3387170000000002,1.3364772,1.3382450512897461,1.3378035938331607,0.0004414574565854146,0.0007064799142714056,-0.00026502245768599106,36.19271445358456,1.3387170000000002,1.3400336640462263,1.337400335953774,0.0019670535986711177,0.0011785714285714257,0.0,-0.0015308675164847907,-0.0014190117703291039,0.0006011408717806436,0
2026-07-07 14:00:00+00:00,1.33707,1.3385500000000001,1.33605,1.33788,4151,1.338132,1.3381900000000002,1.3386419999999999,1.3365236000000003,1.338188889552862,1.3378092535492228,0.00037963600363921657,0.0006411111321449679,-0.00026147512850575134,44.8791714614494,1.3386419999999999,1.3399704831081047,1.337313516891895,0.0019848220929940194,0.0013007142857143059,0.20104770662220087,-8.22128715461945e-05,-0.0007394295189226963,0.0006472726163690737,0
2026-07-07 15:00:00+00:00,1.33789,1.33806,1.33694,1.33707,3005,1.33786,1.338057,1.338538,1.3365662,1.3380167526985756,1.3377544940270583,0.0002622586715173014,0.0005653406400194346,-0.00030308196850213317,34.88372093023244,1.338538,1.3400162578651538,1.3370597421348462,0.00220876488400593,0.001281428571428592,0.0,-0.0010161158969838047,-0.0009937238493724632,0.0006641593363187377,0
2026-07-07 16:00:00+00:00,1.33708,1.3375,1.33648,1.33709,2159,1.337524,1.3379629999999998,1.3384515000000001,1.3365954000000002,1.3378741753603332,1.337705272247276,0.00016890311305717276,0.0004860531346269822,-0.00031715002156980945,37.60896637608831,1.3384515000000001,1.340057243310448,1.3368457566895522,0.0023994045513758815,0.0012914285714285942,0.06959631233889664,-0.0012548832136962673,-0.0007025253544391541,0.0006619081974692991,0
2026-07-07 17:00:00+00:00,1.33712,1.33756,1.33679,1.33738,1777,1.337296,1.3379299999999998,1.3383915,1.336633,1.3377981483818204,1.337681178006737,0.0001169703750834028,0.00041223658271826634,-0.00029526620763486354,40.36585365853683,1.3383915,1.3400652638015143,1.3367177361984857,0.0025011572496004258,0.0012885714285714642,0.15578988857862786,-0.0008516869378119019,-0.000246690239289471,0.0006646691787122335,0
2026-07-07 18:00:00+00:00,1.33741,1.3376299999999999,1.33599,1.33631,2323,1.3371460000000002,1.33765,1.3382255,1.3366496,1.3375692024769252,1.3375796092654975,-1.0406788572225878e-05,0.0003277079084601679,-0.00033811469703239375,36.05664488017448,1.3382255,1.3400351056564022,1.336415894343598,0.002704485389647845,0.0013692857142857554,0.04484766329097912,-0.0005609321945163614,-0.0020909409981255678,0.0005858983109056844,0
2026-07-07 19:00:00+00:00,1.3363,1.33646,1.33484,1.3361,2955,1.3367900000000001,1.337461,1.33806,1.3366594,1.3373431713266288,1.3374700085791644,-0.0001268372525355943,0.00023679887626101544,-0.00036363612879660974,37.107623318385556,1.33806,1.3400132213608078,1.3361067786391922,0.0029194824758348318,0.0014085714285714574,0.1180855963249409,-0.0013304631207581297,-0.001412566611110666,0.0005428964931669767,0
2026-07-07 20:00:00+00:00,1.33606,1.33624,1.3355299999999999,1.3359,985,1.336556,1.337208,1.3379165,1.3366662,1.337121144968686,1.3373537116473744,-0.0002325666786884284,0.00014292576527112665,-0.00037549244395955505,37.828571428571365,1.3379165,1.340062303983813,1.3357706960161868,0.0032076799767596018,0.0013750000000000468,0.18073798574854272,-0.0008750476788799144,-0.001890274426006533,0.0005173479042620188,0
2026-07-07 21:00:00+00:00,1.3359,1.3359,1.3348900000000001,1.33545,1106,1.3362280000000002,1.336876,1.3377055,1.3366694000000001,1.336864045742734,1.3372126959697912,-0.00034865022705710125,4.4610566805481044e-05,-0.0003932607938625823,37.27477477477486,1.3377055,1.3399528233201683,1.3354581766798317,0.003359967227716869,0.0013714285714286106,0.14674913239998694,-0.0012265442116834446,-0.002479888255637608,0.0004943492711675869,0
2026-07-07 22:00:00+00:00,1.33552,1.33552,1.33491,1.33525,424,1.335802,1.3365490000000002,1.337514,1.3366749999999998,1.3366157310130828,1.33706731108314,-0.00045158007005707823,-5.462756056703084e-05,-0.0003969525094900474,24.869791666665805,1.337514,1.339915599467045,1.335112400532955,0.0035911391836571283,0.0012935714285714653,0.0,-0.001592666257907216,-0.0024429967426709,0.0004949975669791948,1
2026-07-07 23:00:00+00:00,1.33524,1.33545,1.33448,1.33463,774,1.3354659999999998,1.336306,1.3372975,1.3366772,1.336310233934147,1.336886769521426,-0.0005765355872788813,-0.00015900916590940099,-0.0004175264213694803,26.601671309191147,1.3372975,1.3399206991316568,1.3346743008683433,0.0039231347275483,0.0012750000000000261,0.06583239417601298,-0.0012571933159223336,-0.00181742031023302,0.0004079877331248662,1
2026-07-08 00:00:00+00:00,1.33465,1.33552,1.33426,1.33522,2491,1.33529,1.33604,1.337115,1.3366848000000002,1.336142505636586,1.3367633051124315,-0.0006207994758453683,-0.00025136722789659445,-0.00036943224794877387,28.103683492496543,1.337115,1.339785016755341,1.3344449832446592,0.0039936980070388005,0.0012450000000000358,0.12292704191051211,-0.0006586333358281626,-0.001988220169222843,0.0003730060061785958,1
2026-07-08 01:00:00+00:00,1.33526,1.3354599999999999,1.33417,1.3349,2478,1.33509,1.335823,1.3369399999999998,1.336679,1.335951350923265,1.3366252825115108,-0.0006739315882458019,-0.000335880099966436,-0.0003380514882793659,23.529411764705344,1.3369399999999998,1.3397122383128577,1.334167761687142,0.004147139457055499,0.0012492857142857305,0.0,-0.0007485590238791584,-0.0016229516779225905,0.00034564593693483674,1
2026-07-08 02:00:00+00:00,1.3349,1.33548,1.33475,1.33521,2342,1.335042,1.3356350000000001,1.3367989999999998,1.336678,1.3358372969350705,1.3365204467699174,-0.0006831498348469633,-0.0004053340469425416,-0.00027781578790442177,27.54409769335156,1.3367989999999998,1.3396241643641265,1.3339738356358732,0.0042267601398962885,0.0012157142857142883,0.18804361199623576,-0.00017971470290911729,-0.0014060384865640652,0.0003643528149802904,1
2026-07-08 03:00:00+00:00,1.33522,1.33591,1.33522,1.3354300000000001,1783,1.335078,1.3354400000000002,1.3366850000000001,1.3367080000000002,1.3357746358681366,1.3364396729351087,-0.000665037066972074,-0.0004572746509484481,-0.00020776241602362588,36.704730831974146,1.3366850000000001,1.3395392378464896,1.3338307621535106,0.0042706214949513556,0.0011392857142857077,0.6171179092576106,0.00013480621606443144,-0.0014580747431544028,0.00035900371342120427,0
2026-07-08 04:00:00+00:00,1.33542,1.33548,1.33502,1.33534,1618,1.33522,1.335343,1.3364965,1.3367236,1.3357077688115002,1.336358215680656,-0.0006504468691557186,-0.0004959090945899022,-0.00015453777456581638,26.481481481483854,1.3364965,1.3391685563735227,1.3338244436264772,0.003998598385439463,0.0009935714285714031,0.1753380990696468,0.0005319826468759281,-0.0007258794740742092,0.00027576429730399307,0
2026-07-08 05:00:00+00:00,1.33531,1.33588,1.33511,1.33562,2092,1.3353,1.335295,1.336378,1.3367524,1.3356942659174231,1.3363035330376443,-0.0006092671202211353,-0.0005185806997161488,-9.06864205049865e-05,35.11293634497153,1.336378,1.338980481407006,1.333775518592994,0.0038948282701541477,0.000968571428571398,0.688003121635893,0.00029957609981878797,-0.0003592545468154018,0.0002874168925389396,0
2026-07-08 06:00:00+00:00,1.33562,1.33656,1.3354599999999999,1.33652,3131,1.335624,1.335357,1.3362825,1.3367976000000001,1.3358213019301273,1.3363195676274484,-0.000498265697321143,-0.0005145176992371476,1.6252001916004593e-05,45.04347826087042,1.3362825,1.3387016505686529,1.3338633494313472,0.003620717278947869,0.0009742857142856895,0.9999999999953519,0.0012135740504906067,0.00046410659480478067,0.00036000536085010673,0
2026-07-08 07:00:00+00:00,1.33653,1.33698,1.33549,1.33647,3170,1.335876,1.335459,1.3361675,1.3368545999999997,1.3359211016331847,1.3363307107661557,-0.00040960913297105606,-0.0004935359859839293,8.392685301287324e-05,41.74228675136199,1.3361675,1.3382891366572514,1.3340458633427486,0.0031757046287256684,0.001025714285714249,0.846556600065286,0.0009436717819668594,0.0007637874873638317,0.00033624977489809995,0
2026-07-08 08:00:00+00:00,1.33648,1.33698,1.33372,1.3339400000000001,6619,1.3355780000000002,1.335328,1.3359385,1.3368654,1.335616316766541,1.3361536210797738,-0.0005373043132328448,-0.0005022896514337124,-3.501466179913241e-05,32.998565279771455,1.3359385,1.3379781106439907,1.333898889356009,0.0030534499065500847,0.0011414285714285472,0.44013778226027106,-0.0011157454902166464,-0.0009810896835797944,0.0007103405705658098,1
2026-07-08 09:00:00+00:00,1.3339699999999999,1.3348200000000001,1.33219,1.33412,4815,1.335334,1.335277,1.3357915,1.3368512000000001,1.3353861141870729,1.3360029824812718,-0.0006168682941989356,-0.0005252053799867571,-9.166291421217857e-05,35.73487031700256,1.3357915,1.3379129223133819,1.3336700776866182,0.003176277605272769,0.001213571428571417,0.567324571317846,-0.0009136249943834107,-0.0003821283801502817,0.0007012141847928009,1
2026-07-08 10:00:00+00:00,1.33413,1.33571,1.334,1.33454,3207,1.335118,1.3352089999999999,1.3356245000000002,1.3368673999999998,1.335255942773677,1.3358946134085852,-0.0006386706349081894,-0.0005478984309710436,-9.077220393714585e-05,40.50279329608955,1.3356245000000002,1.3375724379110747,1.3336765620889257,0.0029168945479429347,0.0012849999999999648,0.7889434354184435,-0.0008086132283133818,-0.0005092793696919173,0.000692636166289853,1
2026-07-08 11:00:00+00:00,1.3345,1.33477,1.33293,1.33357,3934,1.3345280000000002,1.335076,1.3354495,1.3368692000000002,1.334996566962342,1.3357224198227642,-0.0007258528604221492,-0.0005834893168612647,-0.00014236354356088451,37.76041666666655,1.3354495,1.3374778617968912,1.3334211382031087,0.0030377214516778862,0.0013442857142856868,0.6614744313647893,-0.0022072247328883687,-0.0009963293130571538,0.0007238330313827766,1
2026-07-08 12:00:00+00:00,1.3336000000000001,1.33567,1.33341,1.33412,4034,1.334058,1.334967,1.335301,1.3368702000000001,1.3348617105065972,1.3356037220581147,-0.0007420115515175407,-0.00061519376379252,-0.00012681778772502073,42.96388542963876,1.335301,1.337257257436545,1.333344742563455,0.0029300621156503875,0.0014621428571428246,0.9033379936939078,-0.001758363449983924,-0.000816350985987202,0.0007351618301669388,1
2026-07-08 13:00:00+00:00,1.33408,1.33775,1.33401,1.33707,5358,1.334684,1.335131,1.3352855,1.3369237999999999,1.335201447351736,1.335712335238995,-0.0005108878872590594,-0.0005943325884858279,8.34447012267685e-05,61.77606177606135,1.3352855,1.3371762138724597,1.3333947861275401,0.0028319245172058853,0.001659999999999979,0.9999999999973853,0.0023464323732700354,0.0012280688617147817,0.0010349913293672,1
2026-07-08 14:00:00+00:00,1.33704,1.33752,1.33636,1.33717,4391,1.335294,1.335314,1.3353285,1.3369832,1.335504301605315,1.335820310406477,-0.00031600880116200436,-0.0005386678310210632,0.00022265902985905885,59.878419452886746,1.3353285,1.3373517883604706,1.3333052116395292,0.0030303979290050662,0.0016528571428571226,0.9503840905620178,0.002286151170809214,0.0013704374915752826,0.0010330565893019316,1
2026-07-08 15:00:00+00:00,1.3372,1.33753,1.33565,1.33601,4374,1.335588,1.335353,1.3353240000000002,1.337012,1.3355821013583435,1.3358343614874786,-0.00025226012913504015,-0.0004813862906438586,0.00022912616150881843,55.18207282913129,1.3353240000000002,1.3373404523302432,1.3333075476697571,0.0030201693824765475,0.001695000000000002,0.8131727621641546,0.0011015031396583996,0.0002919992213352707,0.0010797896604740876,1
2026-07-08 16:00:00+00:00,1.3360400000000001,1.33857,1.33598,1.33845,3584,1.3365639999999999,1.3355460000000001,1.3354515,1.3370695999999997,1.336023316533983,1.3360281124884064,-4.795954423375548e-06,-0.000386068223399762,0.00038127226897638646,62.61682242990601,1.3354515,1.3378979304824385,1.3330050695175615,0.003663825279223593,0.0018278571428571588,0.9999999999972325,0.0036593504652924214,0.0014440487235507504,0.001209848984118023,1
2026-07-08 17:00:00+00:00,1.33847,1.3410199999999999,1.33843,1.33955,3120,1.33765,1.3358539999999999,1.3356565,1.3371258,1.3365658832210625,1.3362889930448205,0.0002768901762419951,-0.0002534765434714106,0.0005303667197134056,65.01457725947466,1.3356565,1.3387133664726674,1.3325996335273327,0.0045773242935849764,0.001962857142857155,0.9999999999974047,0.004070098641801412,0.0023045784791277946,0.0012258637873802107,0
2026-07-08 18:00:00+00:00,1.3395299999999999,1.34058,1.33925,1.33993,2725,1.3382219999999998,1.3364530000000001,1.3358905,1.3371743999999999,1.3370834396485913,1.3365586972637227,0.0005247423848686594,-9.783275780339654e-05,0.000622575142672056,66.38115631691673,1.3358905,1.3394854817363022,1.332295518263698,0.005382150312921796,0.002025000000000023,0.9999999999970044,0.002139005437262087,0.004490456842136892,0.0009742531249614667,0
2026-07-08 19:00:00+00:00,1.33997,1.34069,1.33968,1.34016,2345,1.33882,1.337057,1.336167,1.3372148000000001,1.3375567566257311,1.3368254604293728,0.0007312961963583664,6.79930330289561e-05,0.0006633031633294103,66.26074498567334,1.336167,1.3401801158651976,1.3321538841348026,0.006006907617382378,0.0020421428571428812,0.9963929902502461,0.0022360657208881918,0.004527328875963299,0.0009730083572892209,0
2026-07-08 20:00:00+00:00,1.34016,1.3403800000000001,1.3385,1.3388499999999999,1521,1.339388,1.337488,1.3363485,1.3372042,1.3377557171448493,1.3369754263234934,0.000780290821355889,0.00021045259069434272,0.0005698382306615463,58.10716771050768,1.3363485,1.340506993021595,1.332190006978405,0.006223665490843128,0.0020978571428571673,0.7521466024827826,0.002125732591821805,0.003229577232604308,0.0010738795231365547,1
2026-07-08 21:00:00+00:00,1.33886,1.3389,1.33854,1.3389,806,1.3394780000000002,1.338021,1.3365485000000001,1.3371992,1.3379317606610264,1.337117987336568,0.0008137733244584222,0.0003311167374471587,0.0004826565870112635,58.45511482254648,1.3365485000000001,1.340797439310379,1.3322995606896213,0.006358077257022607,0.002017142857142876,0.7625696134363239,0.0003362097949120013,0.003996790569673836,0.0010165286523379773,1
2026-07-08 22:00:00+00:00,1.33904,1.33914,1.33877,1.33911,484,1.33939,1.33852,1.3367435,1.337205,1.3381130282516376,1.3372655438301555,0.0008474844214820809,0.0004343902742541432,0.0004130941472279377,71.45228215767492,1.3367435,1.3410906286349202,1.33239637136508,0.0065040580110098155,0.0018107142857143005,0.9999999999972002,-0.000328468515546243,0.0037402932269960942,0.0010193744873044643,1
2026-07-08 23:00:00+00:00,1.3391199999999999,1.3394599999999999,1.33887,1.33934,732,1.339272,1.338747,1.3369389999999999,1.3372202000000002,1.338301793136001,1.337419207250144,0.0008825858858569902,0.0005240293965747127,0.00035855648928227745,71.57024793388312,1.3369389999999999,1.3413879000414783,1.3324900999585214,0.006655352325690949,0.001664999999999996,0.9999999999970423,-0.0004403215093325974,0.0016977420778268026,0.0007888998882228125,1
2026-07-09 00:00:00+00:00,1.33936,1.3404,1.33935,1.33976,2050,1.3391920000000002,1.339006,1.3371600000000001,1.3372228000000002,1.3385261326535391,1.3375925993056892,0.0009335333478499575,0.0006059301868297617,0.00032760316102019575,71.57024793388312,1.3371600000000001,1.3417123805224485,1.3326076194775518,0.006809028870813259,0.0016185714285714375,0.9999999999970423,-0.0002984718242597939,0.0019369264940134467,0.0007893142851452319,1
2026-07-09 01:00:00+00:00,1.33978,1.33994,1.33864,1.33962,2131,1.3393460000000001,1.339367,1.3373599999999999,1.337227,1.33869441993761,1.3377427771348975,0.0009516428027125379,0.000675072710006317,0.0002765700927062209,76.8411712511083,1.3373599999999999,1.3419784937166392,1.3327415062833605,0.00690688179194736,0.0015799999999999942,0.9999999999970481,0.0005751204391830633,0.0027020755832667387,0.0007080131702158622,1
2026-07-09 02:00:00+00:00,1.33965,1.33999,1.33934,1.33936,1800,1.339438,1.339458,1.337502,1.3372388000000002,1.3387968168702855,1.3378625714212016,0.0009342454490839369,0.0007269072578218411,0.00020733819126209584,73.86156648451697,1.337502,1.3421859236813531,1.3328180763186468,0.0070039875549392444,0.001465000000000002,0.8624317269063131,0.00034356561356352344,0.0006798909186001012,0.0004591005093726209,1
2026-07-09 03:00:00+00:00,1.33933,1.3400400000000001,1.33898,1.33958,1769,1.339532,1.339461,1.3376575,1.337237,1.3389173065825493,1.3379897883529646,0.0009275182295847006,0.0007670294521744131,0.0001604887774102876,65.2121212121207,1.3376575,1.3424032543352593,1.3329117456647406,0.0070956195218273245,0.0012735714285714295,0.4630870679624335,0.0003509793818281537,2.2395580605349963e-05,0.00037929492633160394,1
2026-07-09 04:00:00+00:00,1.33957,1.33996,1.33931,1.33985,1377,1.339634,1.339453,1.3379530000000002,1.3372524,1.3390607978775415,1.3381275818083003,0.0009332160692412383,0.0008002667755877781,0.0001329492936534602,65.9144893111634,1.3379530000000002,1.3424537887028245,1.3334522112971758,0.0067278726574466095,0.0012371428571428572,0.49551538447660415,0.00038078456553236606,-5.970461143500749e-05,0.0003733687042378984,1
2026-07-09 05:00:00+00:00,1.33985,1.3407499999999999,1.33982,1.34043,2121,1.3397679999999998,1.33948,1.3382685,1.3372817999999997,1.3392714443579197,1.338298131303982,0.0009733130539377743,0.0008348760312577776,0.0001384370226799967,78.18877551020361,1.3382685,1.3425154569291426,1.3340215430708575,0.0063469429776499475,0.001169285714285698,0.9999999999950204,0.0005000895682807371,0.00020146848137536644,0.00039564643116923523,0
2026-07-09 06:00:00+00:00,1.34045,1.34306,1.34045,1.3425,3344,1.340344,1.339845,1.3386665,1.3373543999999997,1.339768145225932,1.3386093808370203,0.001158764388911715,0.0008996537027885651,0.00025911068612314984,77.10843373493937,1.3386665,1.3429341224121543,1.3343988775878457,0.0063759306924529476,0.001172142857142828,0.9462024263129359,0.0021498633940968404,0.002726220263659318,0.0004830731774659239,0
2026-07-09 07:00:00+00:00,1.34252,1.34275,1.34112,1.34147,2843,1.340766,1.3401020000000001,1.3390615000000001,1.3374158,1.340029969037327,1.3388212785527966,0.001208690484530317,0.0009614610591369156,0.00024722942539340145,62.972972972971924,1.3390615000000001,1.342768524768148,1.3353544752318522,0.005536750579637876,0.0011035714285714102,0.2423015781890576,0.0015753792856287863,0.0019194861453430967,0.0005831964483528011,0
2026-07-09 08:00:00+00:00,1.34146,1.34213,1.34101,1.34125,2703,1.3411,1.340316,1.3394179999999998,1.3374802,1.3402176661085075,1.339001183845182,0.0012164822633253802,0.0010124652999746087,0.00020401696335077156,59.116022099447264,1.3394179999999998,1.3424303926493337,1.3364056073506658,0.004498062067754728,0.001088571428571407,0.05023772991671684,0.0012466594007076726,0.0015980763342817728,0.0005940657703701321,0
2026-07-09 09:00:00+00:00,1.34123,1.3415599999999999,1.34061,1.3412600000000001,2243,1.3413819999999999,1.3405080000000003,1.3396275000000002,1.3375512,1.3403780251687372,1.339168503560354,0.0012095216083831684,0.0010518765616563206,0.00015764504672684775,57.834757834758285,1.3396275000000002,1.342533246574973,1.3367217534250273,0.004338141125011078,0.0010842857142856805,0.0,0.001052356607083027,0.0014335418937687638,0.0005959689193944408,0
2026-07-09 10:00:00+00:00,1.34125,1.34128,1.33934,1.33958,2159,1.341212,1.3404900000000002,1.339748,1.3375606000000002,1.3402552520658544,1.3391989847781058,0.0010562672877485468,0.001052754706874766,3.512580873780936e-06,54.939106901218516,1.339748,1.3424146959647645,1.3370813040352354,0.003980891876329792,0.0010885714285713912,0.0,-0.000634124870377395,-0.000134352421329198,0.000735687205446535,1
2026-07-09 11:00:00+00:00,1.33958,1.33961,1.33842,1.33884,2528,1.34048,1.3404120000000002,1.3398895,1.3375776000000001,1.3400375209787998,1.339172393313061,0.000865127665738763,0.0010152292986475653,-0.00015010163290880233,49.62871287128745,1.3398895,1.3419532163717975,1.3378257836282024,0.0030804277095948375,0.0011478571428571132,0.0,-0.0027262569832402495,-0.0005822546692345609,0.0007552394265427323,1
2026-07-09 12:00:00+00:00,1.3388499999999999,1.3397999999999999,1.33803,1.33842,2988,1.33987,1.340318,1.339888,1.3375774,1.339788671597446,1.3391166604750564,0.0006720111223896819,0.0009465856633959886,-0.0002745745410063068,45.838359469239634,1.339888,1.3419561606371653,1.3378198393628347,0.003087064944480891,0.0012478571428571022,0.0,-0.002273625202203533,-0.0007018277386215965,0.0007585745319807515,1
2026-07-09 13:00:00+00:00,1.3384,1.34025,1.3384,1.3401,3269,1.33964,1.34037,1.3399155,1.337604,1.3398365682747622,1.339189500439867,0.0006470678348950987,0.0008866820976958107,-0.00023961426280071205,53.901437371663604,1.3399155,1.3419793591853393,1.3378516408146608,0.0030805811043147797,0.0013378571428571049,0.24924186113059899,-0.0008574091332711475,0.00038818137028018285,0.0008667365830309293,1
2026-07-09 14:00:00+00:00,1.34008,1.34106,1.33873,1.3391,3700,1.339208,1.340295,1.339874,1.3376156000000001,1.339723250078645,1.3391828707776545,0.000540379300990379,0.0008174215383547244,-0.00027704223736434543,46.802325581394946,1.339874,1.3419697641490609,1.3377782358509391,0.003128300346242818,0.0014285714285713822,0.029797641889109,-0.0016104260173270823,-0.0005597641527036457,0.0008982502920394484,1
2026-07-09 15:00:00+00:00,1.33913,1.34086,1.33865,1.3406500000000001,3130,1.3394220000000001,1.3403170000000002,1.3398984999999999,1.3376874,1.3398658269896226,1.339291547016347,0.0005742799732757486,0.0007687932253389293,-0.00019451325206318066,54.390451832907274,1.3398984999999999,1.3420196444279628,1.337777355572037,0.0031661270282233502,0.0014935714285713958,0.2643580333808396,0.0007987578196151368,0.00016412643703889174,0.0009685152483322332,1
2026-07-09 16:00:00+00:00,1.34069,1.34117,1.34021,1.3409,2250,1.3398340000000002,1.340157,1.340001,1.3377477999999998,1.3400249305296807,1.339410691681803,0.0006142388478778127,0.0007378823498467061,-0.00012364350196889342,56.56996587030641,1.340001,1.3421068804884524,1.3378951195115476,0.0031431028610462144,0.0015157142857142552,0.33173008926514636,0.0015386453945205325,-0.0011918063314712013,0.0008133276622830215,0
2026-07-09 17:00:00+00:00,1.3409,1.34164,1.34074,1.34159,1849,1.340468,1.340169,1.3401355,1.3378382,1.3402657104481916,1.3395721219275953,0.000693588520596311,0.0007290235839966272,-3.543506340031614e-05,58.244462674323096,1.3401355,1.3422883876568972,1.3379826123431027,0.0032129402689463136,0.0015042857142856722,0.3834913031515818,0.0023684643086625545,8.945410631633344e-05,0.0008007153645207842,0
2026-07-09 18:00:00+00:00,1.34159,1.34193,1.34101,1.34152,1743,1.340752,1.340196,1.3402560000000001,1.3379268,1.3404586780715468,1.3397164091922178,0.0007422688793290444,0.0007316726430631107,1.0596236265933662e-05,56.96413678065045,1.3402560000000001,1.3424368100861008,1.3380751899138994,0.003254318706427302,0.001523571428571386,0.34391450475593005,0.0010596224162375822,0.00020130475302893025,0.000798805851453981,0
2026-07-09 19:00:00+00:00,1.3415300000000001,1.34171,1.34044,1.34073,1760,1.341078,1.3401429999999999,1.3403255,1.3379937999999998,1.3405004199066934,1.3397914899927943,0.0007089299138991478,0.0007271240972303182,-1.8194183331170363e-05,51.229508196721106,1.3403255,1.3424717179709913,1.3381792820290088,0.0032025324758668513,0.0015478571428571009,0.17240600970934705,0.0012172354566499788,-0.0003951508283257521,0.0008218092169144708,1
2026-07-09 20:00:00+00:00,1.34073,1.34109,1.3406500000000001,1.34084,768,1.341116,1.340269,1.3403794999999998,1.3380843999999998,1.3405526629979714,1.3398691574007355,0.000683505597235845,0.0007184003972314237,-3.489479999557862e-05,41.894531250000576,1.3403794999999998,1.3425201489424454,1.3382388510575542,0.0031940938255853495,0.0013914285714285196,0.0,0.0001417222988848721,0.0009405933202943917,0.0007025936325029152,1
2026-07-09 21:00:00+00:00,1.34083,1.34083,1.33985,1.34045,1103,1.3410259999999998,1.34043,1.3404209999999999,1.3381714,1.3405368686905912,1.3399121827784588,0.0006246859121323833,0.0006996575002116156,-7.49715880792323e-05,44.68750000000029,1.3404209999999999,1.3425316237541625,1.3383103762458373,0.0031491952963473412,0.001345714285714236,0.16217926626678977,-0.00033559549556272383,0.0012025335364942435,0.0006803629591196698,1
2026-07-09 22:00:00+00:00,1.34058,1.3412600000000001,1.34054,1.34117,546,1.3409419999999999,1.340705,1.3405115,1.3382768,1.3406342735074235,1.3400053544244992,0.0006289190829242841,0.0006855098167541494,-5.659073382986528e-05,49.60396039603924,1.3405115,1.3425854717807681,1.338437528219232,0.00309429912502514,0.0013235714285713923,0.4715266961011712,-0.0003130613674818816,0.0020546614665053475,0.0006732076642244098,1
2026-07-09 23:00:00+00:00,1.34117,1.34132,1.34105,1.34132,475,1.340902,1.340827,1.3405985,1.3383942,1.3407397698908967,1.34010273557824,0.0006370343126567146,0.0006758147159346625,-3.8780403277947906e-05,50.29296874999972,1.3405985,1.342653842460913,1.3385431575390871,0.0030663057744923315,0.0012749999999999786,0.5136680565799854,-0.0001490846204305063,0.0009103798224012749,0.000563222921005346,1
2026-07-10 00:00:00+00:00,1.34132,1.3424800000000001,1.3408,1.34222,1861,1.3412,1.3411389999999999,1.3407170000000002,1.3385336,1.3409674975999895,1.340259569979852,0.000707927620137383,0.0006822372967752067,2.5690323362176316e-05,63.953488372091876,1.3407170000000002,1.342861968163191,1.3385720318368093,0.0031997329237876066,0.0012564285714285553,0.9999999999954667,0.0011113348698097436,0.00232992308266744,0.000504334805928563,1
2026-07-10 01:00:00+00:00,1.34218,1.34387,1.3419400000000001,1.3434300000000001,2937,1.341718,1.3414169999999999,1.3408669999999998,1.3387096,1.341346344123068,1.3404944166480115,0.0008519274750564687,0.0007161753324314592,0.0001357521426250095,73.1117824773398,1.3408669999999998,1.3433243078979462,1.3384096921020534,0.003665252255363737,0.0013092857142856795,0.9999999999967967,0.0019316249515231032,0.0020736210047365145,0.00045640509722016264,0
2026-07-10 02:00:00+00:00,1.3434300000000001,1.34515,1.34333,1.34478,2824,1.342584,1.3418050000000001,1.340981,1.3389007999999998,1.3418745988733654,1.3408118672666773,0.0010627316066880166,0.0007854865872827708,0.0002772450194052458,79.28176795579972,1.340981,1.3439213608801144,1.3380406391198856,0.004385387831914697,0.0013128571428571315,0.9999999999973253,0.0032302584952814684,0.0028935789395183598,0.0005210618003390625,0
2026-07-10 03:00:00+00:00,1.3448,1.34497,1.3437299999999999,1.34392,1881,1.343134,1.342038,1.3411035,1.3390812000000003,1.3421892759697707,1.3410420993209977,0.0011471766487729518,0.0008578245995808071,0.0002893520491921447,69.02390438246843,1.3411035,1.3443207448166976,1.3378862551833024,0.004797906823295304,0.0012692857142857189,0.7256319408111604,0.0020504484890058183,0.0017367452053160815,0.0005889576963845611,0
2026-07-10 04:00:00+00:00,1.34389,1.34389,1.34274,1.34305,1491,1.34348,1.3421910000000001,1.3411935000000001,1.339238,1.3423216950513444,1.3411908327046276,0.0011308623467167767,0.0009124321490080011,0.0002184301977087756,69.9293642785061,1.3411935000000001,1.3445266210283326,1.3378603789716677,0.0049703805279886866,0.0011871428571428627,0.7498503633482505,0.0012897742522290923,0.001140497346293845,0.000642004617776539,0
2026-07-10 05:00:00+00:00,1.34307,1.34332,1.34214,1.3427,1878,1.343576,1.3423880000000001,1.3412655,1.3393834,1.3423798958126762,1.3413026228746554,0.0010772729380208457,0.00094540030681057,0.00013187263121027567,61.7680826636038,1.3412655,1.3446661963683209,1.3378648036316791,0.005070877269743917,0.001113571428571428,0.5315597825518749,0.00035761648612009367,0.0014693487876007438,0.0006096370411026993,1
2026-07-10 06:00:00+00:00,1.34271,1.34359,1.34238,1.34264,2890,1.3434180000000002,1.342568,1.3414185,1.3395293999999998,1.3424199118414952,1.341401687846903,0.0010182239945921712,0.0009599650443668903,5.825895022528089e-05,60.21126760563361,1.3414185,1.3447749597577354,1.3380620402422647,0.005004343920611431,0.0011314285714285768,0.48991950113132926,-0.0005880470139866256,0.0013424420512515578,0.0006124482274692021,0
2026-07-10 07:00:00+00:00,1.34268,1.34306,1.34201,1.34214,2892,1.3428900000000001,1.342737,1.3415835,1.3396598,1.3423768484812653,1.3414563776360213,0.000920470845243937,0.0009520662045422998,-3.15953592983628e-05,53.30132052821143,1.3415835,1.3447237331458917,1.3384432668541084,0.0046813830758825285,0.0011421428571428693,0.30509848502419623,-0.0019631463882567868,0.0012607706367266935,0.0006192431115225686,0
2026-07-10 08:00:00+00:00,1.34212,1.34265,1.34082,1.34096,3097,1.342298,1.342716,1.3417105,1.3397486,1.3421588717918398,1.3414196089222419,0.000739262869597912,0.0009095055375534223,-0.00017024266795551027,47.03389830508431,1.3417105,1.3444976318968707,1.3389233681031294,0.00415459504396907,0.001207142857142867,0.13746314271663773,-0.0022025120542890075,-0.00015657970279681077,0.0006743266056451728,0
2026-07-10 09:00:00+00:00,1.34098,1.34162,1.34089,1.3409900000000001,2383,1.341886,1.342683,1.341755,1.339839,1.341979045362326,1.3413877860391128,0.0005912593232131336,0.0008458562946853646,-0.00025459697147223106,51.49769585253531,1.341755,1.3444611061557785,1.3390488938442215,0.004033681492937961,0.0011685714285714552,0.2568567631268533,-0.0015338222702058202,-0.00024602630244829893,0.0006730422743595798,0
2026-07-10 10:00:00+00:00,1.3410199999999999,1.34363,1.34094,1.34326,2732,1.3419979999999998,1.342787,1.341963,1.3400253999999998,1.3421761153065834,1.3415264685547341,0.0006496467518493088,0.0008066143861181535,-0.00015696763426884474,61.162361623615205,1.341963,1.344439628438235,1.339486371561765,0.0036910532380325374,0.001329285714285763,0.47623096533266635,0.00041707008266911316,0.0007748357199266476,0.0008457487838542626,0
2026-07-10 11:00:00+00:00,1.34323,1.3437000000000001,1.34173,1.3425799999999999,2871,1.341986,1.342702,1.3420595,1.3401945999999998,1.3422382514132631,1.3416045079210503,0.0006337434922127905,0.000772040207337081,-0.0001382967151242905,59.5687331536384,1.3420595,1.344470243279139,1.3396487567208608,0.003592602681385064,0.0013992857142857615,0.38870272623534796,-4.4688077221133327e-05,-0.0006327088125174241,0.0008098020463636987,0
2026-07-10 12:00:00+00:00,1.3426,1.34369,1.34137,1.34206,3820,1.3419699999999999,1.3424299999999998,1.3421175,1.3403450000000001,1.342210828118915,1.3416382480750466,0.0005725800438682871,0.0007321481746433223,-0.00015956813077503524,54.071363220494284,1.3421175,1.3444657927729282,1.339769207227072,0.0034993847750709457,0.0015071428571428974,0.21823038208764367,-5.96063003860392e-05,-0.0020226356727495176,0.0007205705429490155,0
2026-07-10 13:00:00+00:00,1.3421,1.3421,1.3403800000000001,1.34059,3275,1.341896,1.342097,1.3420675000000002,1.3404854,1.3419614699467741,1.3415606000694875,0.0004008698772866026,0.0006658925151719785,-0.0002650226378853759,47.02040816326485,1.3420675000000002,1.344504010662925,1.3396309893370755,0.0036309808007789737,0.0016107142857143225,0.0,-0.00027592172771739865,-0.00247782606107505,0.0007643915477057109,0
2026-07-10 14:00:00+00:00,1.34061,1.34138,1.33915,1.34093,4696,1.3418839999999999,1.341885,1.342038,1.3406216,1.341802782262655,1.3415138889532292,0.0002888933094258306,0.0005904926740227489,-0.00030159936459691835,44.482463644140324,1.342038,1.344516349195909,1.3395596508040912,0.0036934113578137658,0.0016500000000000245,0.0,-4.474306296109454e-05,-0.001578496705260557,0.0007651608983349873,0
2026-07-10 15:00:00+00:00,1.34096,1.3421699999999999,1.34074,1.34202,3510,1.341636,1.341817,1.3421025,1.3407206,1.3418362003760929,1.3415513786603976,0.00028482171569521597,0.0005293584823572423,-0.00024453676666202635,43.90665514260966,1.3421025,1.3445034548539165,1.3397015451460834,0.003577900874063731,0.0016142857142857428,0.0,-0.0009231273171239618,-0.0005064422432412563,0.0008222880699712942,0
2026-07-10 16:00:00+00:00,1.34203,1.34233,1.34104,1.34108,2674,1.341336,1.341661,1.3421145,1.3407988,1.3417198618566941,1.3415164617225903,0.00020340013410380386,0.00046416681270655463,-0.00026076667860275076,33.42293906810028,1.3421145,1.3444911626313334,1.3397378373686668,0.0035416689579514903,0.0015764285714285897,0.0,-0.0011172518583620894,-0.0011618900077459138,0.000847545253041223,0
2026-07-10 17:00:00+00:00,1.34105,1.34128,1.33987,1.34,2237,1.340924,1.341447,1.342092,1.3408786000000001,1.341455267724895,1.3414041312246208,5.113650027421812e-05,0.00038156075022008736,-0.00033042424994586924,32.77680140597565,1.342092,1.3445423885835812,1.339641611416419,0.0036515955442416067,0.0015885714285714472,0.0,-0.0015349537278511738,-0.0015944685353241894,0.0008727822909271918,0
2026-07-10 18:00:00+00:00,1.34001,1.34006,1.33924,1.33982,2059,1.34077,1.3413329999999999,1.3420245,1.3409060000000002,1.3412036880749112,1.341286788170945,-8.310009603373913e-05,0.00028862858096932205,-0.0003717286770030612,34.89242282506997,1.3420245,1.3446499501368476,1.3393990498631523,0.003912670948775784,0.0015628571428571675,0.07297440221033237,-0.0005743739696699723,-0.0008501372151293873,0.0008354981674956992,0
2026-07-10 19:00:00+00:00,1.33985,1.33996,1.33947,1.3397999999999999,1516,1.340544,1.341214,1.3419485,1.3409110000000002,1.3409877360633864,1.3411766557138378,-0.00018891965045142456,0.0001931189346851727,-0.0003820385851365973,36.00386100386061,1.3419485,1.344742412743998,1.339154587256002,0.004163964181930952,0.0015135714285714633,0.11368666227232707,-0.0008426987240199857,-0.0008874040820590068,0.0008350500289900441,0
2026-07-10 20:00:00+00:00,1.33984,1.34021,1.33939,1.33999,1864,1.340138,1.340887,1.341837,1.3409122000000002,1.340834238207481,1.3410887552905906,-0.00025451708310963994,0.00010359173112621017,-0.0003581088142358501,37.36892278360364,1.341837,1.344760286542669,1.3389137134573308,0.004357141057623477,0.0014857142857142966,0.16177666892613038,-0.0015126451170622834,-0.002434376070157618,0.0005691545779252555,0
2026-07-12 21:00:00+00:00,1.33859,1.33875,1.33818,1.33866,168,1.339654,1.340495,1.3415985000000001,1.3408821999999998,1.3404997400217147,1.3409088474912876,-0.00040910746957290023,1.0518909863880581e-06,-0.00041015936055928826,34.6289752650176,1.3415985000000001,1.3447444131382977,1.3384525868617025,0.004689798234416028,0.0015400000000000175,0.06525056559864682,-0.0018045157634146713,-0.0029197515231866866,0.0006131671308936923,0
2026-07-12 22:00:00+00:00,1.33873,1.33873,1.33689,1.33751,1755,1.339156,1.3400400000000001,1.341235,1.3408554000000001,1.3400397800183739,1.3406570810104514,-0.000617300992077574,-0.0001226186856264044,-0.0004946823064511696,34.72099202834421,1.341235,1.3445104557738357,1.3379595442261643,0.004884238442682603,0.001540714285714308,0.06849224068347062,-0.0018582089552239278,-0.00339031041831217,0.0006389063621445493,1
2026-07-12 23:00:00+00:00,1.33751,1.33863,1.33722,1.33862,1382,1.3389159999999998,1.339843,1.34097,1.3408498,1.3398213523232394,1.3405061861207883,-0.0006848337975489116,-0.00023506170801090588,-0.00044977208953800573,40.42037186742034,1.34097,1.3441878907769957,1.3377521092230042,0.004799347900394112,0.0015892857142857217,0.26927671685224824,-0.0008956426982730248,-0.0014695022340910358,0.0006748547000508476,0
2026-07-13 00:00:00+00:00,1.33864,1.33872,1.33752,1.33762,3098,1.3384800000000001,1.3395119999999998,1.3406984999999998,1.34082,1.3394826827350488,1.3402923945562857,-0.0008097118212369026,-0.0003499917306561053,-0.00045972009058079725,24.59459459459545,1.3406984999999998,1.3440891141347213,1.3373078858652783,0.005057981544279383,0.001482857142857135,0.0,-0.0016271085236601035,-0.0024684360854033693,0.0006830156036209407,1
2026-07-13 01:00:00+00:00,1.33758,1.33834,1.3366500000000001,1.3382800000000001,3308,1.338138,1.339138,1.3404775,1.3407988,1.3392976546219644,1.340143328292857,-0.0008456736708926105,-0.0004491281187034064,-0.0003965455521892041,30.595667870037587,1.3404775,1.3438949036004653,1.3370600963995347,0.005098785470797196,0.0014628571428571308,0.20358653798127405,-0.0012761289263352182,-0.0027868437132083645,0.0006336259904423742,0
2026-07-13 02:00:00+00:00,1.3383099999999999,1.33842,1.33758,1.3376700000000001,2444,1.3379400000000001,1.338797,1.340229,1.3407569999999998,1.3390472462185852,1.3399601187896824,-0.0009128725710971786,-0.000541877009182161,-0.0003709955619150176,30.349149507610747,1.340229,1.3437065726561788,1.336751427343821,0.005189520083775047,0.0013571428571428346,0.2566040645691088,-0.0007395455156647968,-0.002542726757538638,0.0006201195055858328,1
2026-07-13 03:00:00+00:00,1.33764,1.33792,1.33707,1.33782,2170,1.338002,1.338579,1.3400130000000001,1.340721,1.3388584391080336,1.3398015914719281,-0.0009431523638945283,-0.0006221320801246344,-0.00032102028376989385,35.93908629441674,1.3400130000000001,1.3435272542819146,1.3364987457180857,0.005245104759303724,0.0012949999999999826,0.5704226868903214,0.00023177396804507922,-0.0016268656716418306,0.0005969904895014155,1
2026-07-13 04:00:00+00:00,1.3378,1.3384800000000001,1.33746,1.33836,1641,1.33795,1.338433,1.339883,1.340701,1.3387817561683362,1.339694806918452,-0.0009130507501158291,-0.0006803158141228734,-0.00023273493599295573,37.21393034825904,1.339883,1.343441829494157,1.3363241705058428,0.005312149634195061,0.001208571428571416,0.6534432575034491,-0.00019422987853157103,-0.0010896986162320932,0.0006234774241223007,1
2026-07-13 05:00:00+00:00,1.33834,1.33877,1.3377,1.33793,2571,1.3380120000000002,1.338246,1.33973,1.340668,1.3386507167578228,1.3395640804800482,-0.000913363722225391,-0.000726925395743377,-0.00018643832648201398,28.221512247071757,1.33973,1.3433510088736735,1.3361089911263266,0.005405580040266991,0.0011828571428571522,0.22917785268476656,0.0002317549079708936,-0.0013957307060753488,0.0006258719170192401,1
2026-07-13 06:00:00+00:00,1.33792,1.33921,1.33739,1.33782,3210,1.33792,1.3380290000000001,1.339458,1.3406274000000002,1.3385229141796962,1.339434889333378,-0.0009119751536819098,-0.0007639353473310837,-0.00014803980635082615,30.95794392523368,1.339458,1.342766302792746,1.3361496972072542,0.004939763386005166,0.0012207142857142892,0.40208763341594567,-0.00034372478106237114,-0.0016194150702617538,0.0006186521001572349,1
2026-07-13 07:00:00+00:00,1.33784,1.3395000000000001,1.3377,1.3393,4010,1.338246,1.3380930000000002,1.339294,1.3406048000000002,1.3386424658443583,1.3394248975309058,-0.0007824316865474579,-0.0007676346151743586,-1.4797071373099258e-05,46.09374999999922,1.339294,1.3422579333752134,1.3363300666247866,0.004426113124098801,0.0012485714285714402,0.9999999999953487,0.00121853670935268,0.0004780900303287261,0.0006601614840258733,1
2026-07-13 08:00:00+00:00,1.33932,1.34114,1.33924,1.33944,3686,1.33857,1.338286,1.3391629999999999,1.3405436,1.3387651634067648,1.3394260162323202,-0.0006608528255553914,-0.0007462782572505652,8.542543169517383e-05,47.86995515695042,1.3391629999999999,1.341828791874071,1.3364972081259288,0.003981280656755185,0.001325714285714295,0.9999999999957037,0.0012109252365788414,0.0014429798655710702,0.0005783020748682952,0
2026-07-13 09:00:00+00:00,1.33941,1.33958,1.3384800000000001,1.3390900000000001,2657,1.3387160000000002,1.338333,1.3390879999999998,1.340496,1.3388151382672624,1.339401126141037,-0.0005859878737746183,-0.0007142201805553759,0.00012823230678075763,46.16216216216332,1.3390879999999998,1.3416677641671226,1.336508235832877,0.0038530166309052134,0.0013692857142857079,0.9266265718932877,0.0005454436773364435,0.0003511078573457116,0.0005359739758570519,0
2026-07-13 10:00:00+00:00,1.3390900000000001,1.33987,1.33811,1.33986,2831,1.339102,1.338557,1.3390345,1.3404681999999999,1.338975886226145,1.3394351167972567,-0.00045923057111174614,-0.00066322225866665,0.0002039916875549039,49.33875890132264,1.3390345,1.3414950474358944,1.3365739525641054,0.0036751068563125482,0.0014364285714285766,0.9999999999959587,0.0014425268885516207,0.0016746161092089373,0.00048189962290628167,0
2026-07-13 11:00:00+00:00,1.33985,1.34023,1.3385099999999999,1.33933,3263,1.339404,1.338662,1.3389000000000002,1.3404296,1.3390303652682765,1.3394273303678303,-0.00039696509955389203,-0.0006099708268440984,0.0002130057272902064,53.709856035437284,1.3389000000000002,1.3409297886848988,1.3368702113151016,0.0030320243257876745,0.0014300000000000107,0.9999999999965654,0.0011287019180457047,0.0007845891741635747,0.0004968491295225324,0
2026-07-13 12:00:00+00:00,1.3393,1.33988,1.3383,1.33988,3623,1.3395199999999998,1.338883,1.33884,1.3404356,1.3391610783039263,1.339460861451695,-0.0002997831477686841,-0.0005479332910290156,0.0002481501432603315,64.05693950177974,1.33884,1.340658397212144,1.337021602787856,0.0027163771804606086,0.0014114285714285715,0.9999999999974659,0.000433062047338284,0.0016521264586930595,0.00046802448019362146,0
2026-07-13 13:00:00+00:00,1.3399,1.34024,1.3383099999999999,1.33847,3903,1.3393260000000002,1.338948,1.3387635,1.3404281999999998,1.3390547585648607,1.339387464307125,-0.0003327057422644053,-0.0005048877812760935,0.0001721820390116882,49.14089347079108,1.3387635,1.340503460979622,1.337023539020378,0.0025993552701758524,0.0014485714285714499,0.6220182539549155,-0.0007241832407572923,0.0004858650640595652,0.0006069383645641023,0
2026-07-13 14:00:00+00:00,1.3384800000000001,1.33872,1.33631,1.33784,5397,1.339076,1.338896,1.3386645,1.3404165999999997,1.3388678726318053,1.3392728373214122,-0.00040496468960693477,-0.00048490316294226175,7.993847333532698e-05,51.315789473683544,1.3386645,1.3403764453385514,1.3369525546614485,0.0025576913984817814,0.0015350000000000166,0.6444537988175728,-0.0009334697443788009,-0.00038853522221227177,0.0006130773285973071,0
2026-07-13 15:00:00+00:00,1.33785,1.33819,1.3370199999999999,1.3379699999999999,3437,1.338698,1.3389,1.338573,1.340374,1.3387297383807584,1.3391763308531595,-0.0004465924724010861,-0.00047724102483402665,3.064855243294052e-05,48.020434227329105,1.338573,1.3402239404018956,1.3369220595981044,0.0024667170216276847,0.00149785714285717,0.5524957701627782,-0.0014105951368054148,2.9896930332506955e-05,0.0006058841755930596,0
2026-07-13 16:00:00+00:00,1.338,1.3384,1.3357299999999999,1.33629,4056,1.33809,1.3387470000000001,1.338388,1.3403178,1.3383543940144877,1.3389625285677402,-0.0006081345532524818,-0.0005034197305177178,-0.000104714822734764,42.24719101123479,1.338388,1.3401924576383248,1.336583542361675,0.0026964641618498226,0.0016285714285714712,0.3913914201282818,-0.002269791612223959,-0.0011436516123245477,0.0007259805521038408,0
2026-07-13 17:00:00+00:00,1.33632,1.33663,1.33566,1.33582,2590,1.337278,1.3383990000000001,1.338246,1.3402212,1.337964487243028,1.3387297486738334,-0.0007652614308053529,-0.0005557880705752449,-0.00020947336023010806,39.15401301518412,1.338246,1.340377650213255,1.3361143497867451,0.0031857374701734936,0.0016371428571428925,0.30507521761570644,-0.0030301221004865875,-0.002598372284028927,0.0005866802341314108,0
2026-07-13 18:00:00+00:00,1.33582,1.33609,1.3354300000000001,1.33602,2513,1.3367879999999999,1.338057,1.3381715,1.3401236,1.3376653353594854,1.3385290265498457,-0.0008636911903603384,-0.0006173686945322636,-0.00024632249582807477,36.82432432432394,1.3381715,1.34050595835036,1.3358370416496401,0.0034890271543818515,0.001611428571428597,0.2400644484041405,-0.0018304481983160148,-0.0025533058591650226,0.0005899647103045115,0
2026-07-13 19:00:00+00:00,1.33605,1.3361,1.33513,1.33531,2223,1.3362820000000002,1.337679,1.3380059999999998,1.339998,1.3373029760734108,1.3382905801387461,-0.000987604065335379,-0.0006914157686928867,-0.0002961882966424923,35.69868995633125,1.3380059999999998,1.3406547446877997,1.3353572553122,0.0039592418685713724,0.0016042857142857406,0.14322930193212693,-0.0018911080547747705,-0.0028228125070011156,0.0005964104743997125,0
2026-07-13 20:00:00+00:00,1.3353,1.33549,1.3342100000000001,1.33459,1198,1.3356059999999998,1.3371520000000001,1.3378545000000002,1.3398594,1.3368855951390397,1.3380164630914313,-0.0011308679523915899,-0.0007793062054326274,-0.0003515617469589625,33.46980552712323,1.3378545000000002,1.3409113747370467,1.3347976252629536,0.00456981642928513,0.001565714285714313,0.0,-0.0025262150870347666,-0.0039332467571239205,0.0005172366647017784,1
2026-07-13 21:00:00+00:00,1.3346,1.33476,1.33427,1.33474,575,1.335296,1.336693,1.3376775,1.3397396000000001,1.3365555035791876,1.3377737621216956,-0.0012182585425080106,-0.0008670966728477041,-0.00035116186966030645,22.985781990521943,1.3376775,1.3410266169299725,1.3343283830700277,0.005007360787592552,0.0014721428571428583,0.0,-0.0011599278599704332,-0.0034270866776671127,0.0005414317323295484,1
2026-07-13 22:00:00+00:00,1.33481,1.33527,1.33453,1.33483,802,1.335098,1.336188,1.3375355,1.3396194,1.3362900414900818,1.3375557056682368,-0.0012656641781549904,-0.0009468101739091613,-0.0003188540042458291,22.526817640047327,1.3375355,1.3411186093524594,1.3339523906475406,0.005357778320589508,0.001389285714285712,0.0,-0.0007411178152745279,-0.0037689942382900243,0.0004974312304684912,1
2026-07-13 23:00:00+00:00,1.33483,1.33511,1.33459,1.33493,995,1.33488,1.3358339999999997,1.337391,1.3395089999999998,1.3360808043377617,1.337361208952071,-0.0012804046143093384,-0.001013529061989197,-0.0002668755523201414,24.447174447173552,1.337391,1.3411543629977372,1.3336276370022628,0.005627917337169404,0.0013478571428571545,0.04624009564708497,-0.0008158560500591827,-0.002644810866138325,0.0004532587444561253,1
2026-07-14 00:00:00+00:00,1.33495,1.3357,1.33422,1.33514,3489,1.334846,1.335564,1.33723,1.3393884,1.3359360652088752,1.3371966749556212,-0.001260609746746022,-0.001062945198940562,-0.00019766454780546002,18.86543535620072,1.33723,1.3410930067373408,1.333366993262659,0.005777624996957677,0.0013278571428571664,0.0,-0.00012731126105547386,-0.002018178556479011,0.0004649039805766222,1
2026-07-14 01:00:00+00:00,1.33511,1.33575,1.33504,1.33544,2826,1.335016,1.335311,1.3371054999999998,1.3392708,1.335859747484433,1.3370665508848345,-0.0012068034004015793,-0.0010917168392327655,-0.00011508656116881381,23.537414965986628,1.3371054999999998,1.341033469744779,1.3331775302552207,0.00587533256692035,0.0012557142857142964,0.10338181253550106,0.0006368997220120853,-0.0018909243107094742,0.00047564414269322367,1
2026-07-14 02:00:00+00:00,1.33548,1.33598,1.3354,1.33566,2021,1.3352,1.335248,1.3369975,1.3391396,1.3358290171022125,1.3369623619304023,-0.0011333448281898306,-0.0011000424370241786,-3.330239116565198e-05,19.94301994302083,1.3369975,1.3409613677284358,1.3330336322715644,0.00592950656741798,0.001184285714285733,0.03320717496380826,0.0006892728171778995,-0.00047145454953634314,0.0003022592086169549,1
2026-07-14 03:00:00+00:00,1.33566,1.33639,1.3354,1.33602,2136,1.335438,1.3352680000000001,1.3368335,1.3389914000000003,1.3358583990864874,1.336892557342965,-0.0010341582564776797,-0.0010868656009148788,5.2707344437199176e-05,29.48073701842503,1.3368335,1.340665477777118,1.333001522222882,0.0057329170418276894,0.001117142857142864,0.3271243704694286,0.0008914992920447951,0.00014972077076258472,0.00029648483620728914,1
2026-07-14 04:00:00+00:00,1.33602,1.33623,1.3356,1.33587,1757,1.335626,1.335253,1.336655,1.3388132000000001,1.3358601838424125,1.3368168123545972,-0.0009566285121846985,-0.0010608181831688428,0.0001041896709841443,32.05828779599244,1.336655,1.3403039796699485,1.3330060203300513,0.005459867609740125,0.0009900000000000306,0.452507389832592,0.0007041567722652076,-0.00011227376835687419,0.0002948294624423478,1
2026-07-14 05:00:00+00:00,1.33588,1.33695,1.33583,1.33625,1783,1.335848,1.335347,1.336513,1.3386597999999998,1.3359201555589644,1.3367748262542565,-0.0008546706952921035,-0.0010195886855934948,0.00016491799030139134,35.01742160278816,1.336513,1.3399794715869715,1.3330465284130286,0.005187336878835361,0.0009864285714285945,0.6907944161601421,0.0008313734889224822,0.0007039563846595875,0.00024324425066235935,1
2026-07-14 06:00:00+00:00,1.33621,1.33647,1.33523,1.33557,2769,1.335874,1.335445,1.3362985,1.3385102,1.33586628547297,1.3366855798650523,-0.0008192943920823925,-0.0009795298268912745,0.00016023543480888193,42.40506329113898,1.3362985,1.3394051873540662,1.333191812645934,0.004649690700193351,0.0008842857142857342,0.999999999995752,9.734619301493552e-05,0.0007343079147903442,0.00023484705942599402,1
2026-07-14 07:00:00+00:00,1.3356,1.33644,1.3351,1.3357,3192,1.335882,1.3355409999999999,1.336117,1.3383702,1.3358407030925128,1.3366125739491224,-0.0007718708566095689,-0.0009379980328349333,0.00016612717622536445,48.636363636364926,1.336117,1.3388834919835173,1.3333505080164827,0.00414109240959782,0.0009107142857143202,0.9999999999966411,2.9947741191582722e-05,0.0007192412005334603,0.0002346176494777986,1
2026-07-14 08:00:00+00:00,1.33575,1.33762,1.33535,1.33742,3316,1.3361619999999998,1.3357999999999999,1.335994,1.3382658,1.3360836718475109,1.3366723832862246,-0.0005887114387137515,-0.0008681407140106969,0.0002794292752969454,61.82432432432417,1.335994,1.3382224797745086,1.3337655202254912,0.0033360625489466046,0.0010257142857143281,0.9999999999976722,0.001047888504663197,0.0019403219885678613,0.0004502618018067613,1
2026-07-14 09:00:00+00:00,1.33744,1.33834,1.3373300000000001,1.3378999999999999,2848,1.336568,1.336097,1.3359655,1.338181,1.3363631069478938,1.3367633178576155,-0.0004002109097216433,-0.0007745547531528862,0.0003743438434312429,72.7592267135306,1.3359655,1.3380718860295289,1.333859113970471,0.003153353929467416,0.001028571428571458,0.9999999999981445,0.0015196089439839522,0.002224835759178312,0.0004508748933960679,1
2026-07-14 10:00:00+00:00,1.33793,1.33823,1.33697,1.33724,2396,1.336766,1.3363070000000001,1.3359355000000002,1.3381066,1.336498013571295,1.3367986276459405,-0.00030061407464554435,-0.0006797666174514178,0.0003791525428058735,73.53463587921874,1.3359355000000002,1.3379443066633352,1.3339266933366651,0.003007340793526375,0.001027142857142893,0.9999999999981708,0.000740879326473376,0.0015728687628264737,0.0005049978889538906,1
2026-07-14 11:00:00+00:00,1.33728,1.3387,1.3366,1.33838,2822,1.3373279999999999,1.336601,1.335956,1.3380544,1.3367875499449418,1.3369157663388338,-0.00012821639389204442,-0.0005694565727395432,0.00044124017884749874,77.49244712990898,1.335956,1.3380584136505518,1.333853586349448,0.003147429482036624,0.001142142857142901,0.9999999999982943,0.0021039705893364236,0.0022015215958783863,0.0005512176094824187,1
2026-07-14 12:00:00+00:00,1.33837,1.34432,1.33799,1.34089,8127,1.338366,1.3371239999999998,1.336186,1.3380070000000002,1.3374186961072583,1.3372101540174386,0.00020854208981968547,-0.0004138568402276974,0.0006223989300473829,83.51769911504422,1.336186,1.3392354341149106,1.3331365658850896,0.004564385669226504,0.0015414285714286141,0.9999999999984532,0.0038856030545779685,0.00391566716080427,0.0007585797400254848,0
2026-07-14 13:00:00+00:00,1.34093,1.34189,1.33979,1.3415300000000001,7106,1.339188,1.337675,1.3364714999999998,1.3379860000000001,1.3380512043984494,1.3375301426087394,0.0005210617897100089,-0.0002268731142401561,0.0007479349039501651,84.44676409185836,1.3364714999999998,1.3403367202225154,1.3326062797774842,0.005784216457314001,0.001654285714285751,0.9999999999984751,0.003073081006714551,0.004124189757638508,0.000757723719055603,0
2026-07-14 14:00:00+00:00,1.34152,1.34228,1.33963,1.34047,6238,1.339702,1.3381349999999999,1.336694,1.3379542,1.3384233267986878,1.3377479098229068,0.0006754169757809958,-4.6415096235925664e-05,0.0007218320720169214,75.55129434324053,1.336694,1.3409430538885128,1.3324449461114873,0.006357556611330208,0.001737857142857156,0.8620937456253949,0.001920920846102181,0.0034434488385846063,0.0008360969779431038,0
2026-07-14 15:00:00+00:00,1.3405,1.34139,1.33796,1.3382800000000001,4936,1.3399100000000002,1.3383379999999998,1.3368425,1.3379079999999999,1.3384012765219664,1.337787323910099,0.0006139526118673633,8.565844538473216e-05,0.0005282941664826311,61.525974025974634,1.3368425,1.3410954884230302,1.3325895115769697,0.0063627367068749465,0.0019321428571428742,0.6446595408002953,0.0007777212766595376,0.001519176800748534,0.0010452020834782704,1
2026-07-14 16:00:00+00:00,1.33825,1.3391600000000001,1.33754,1.3388499999999999,3210,1.340004,1.338666,1.3370555,1.3378663999999998,1.3384703109032023,1.3378660406574991,0.0006042702457031979,0.00018938080544842536,0.0004148894402547725,62.58879242304606,1.3370555,1.3412599211066702,1.3328510788933297,0.006289074921228472,0.0020064285714285995,0.6023367008193844,0.0003511708184520401,0.0024558802608622976,0.0010210196335394021,0
2026-07-14 17:00:00+00:00,1.33887,1.33907,1.33677,1.33769,2878,1.3393640000000002,1.338865,1.337203,1.3377798,1.3383502630719404,1.3378530006087954,0.0004972624631449651,0.00025095713698773333,0.0002463053261572318,56.19896065330403,1.337203,1.3412701319262312,1.3331358680737686,0.006083043376706926,0.0021000000000000224,0.46080120217526727,-0.002386474654893278,0.0014898555064759567,0.0010803498722884734,1
2026-07-14 18:00:00+00:00,1.33771,1.33841,1.33709,1.33817,2553,1.338692,1.33894,1.33737,1.3377215999999998,1.3383225302916417,1.337876482045181,0.0004460482464607729,0.00028997535888234126,0.00015607288757843164,58.333333333334274,1.33737,1.3412988032194226,1.3334411967805773,0.005875417004153949,0.0021492857142857424,0.471701838551758,-0.002504602953344315,0.0005607812056047656,0.0010091933129000913,1
2026-07-14 19:00:00+00:00,1.33816,1.3391,1.33808,1.33876,2377,1.33835,1.339026,1.3375615,1.3376968,1.3383898333236968,1.337941927819612,0.0004479055040846891,0.00032156138792281084,0.00012634411616187826,58.95788722341227,1.3375615,1.3413607701515304,1.3337622298484697,0.005680890413682458,0.0021421428571428863,0.39372393640056264,-0.001275671965803138,0.0006427984154271371,0.0010122517434523184,1
2026-07-14 20:00:00+00:00,1.33878,1.3392,1.33856,1.33902,1047,1.338498,1.339204,1.3377554999999999,1.3376808,1.338486782043128,1.3380217850181595,0.0004649970249686053,0.00035024851533196975,0.00011474850963663554,62.693156732892895,1.3377554999999999,1.341428287411288,1.3340827125887118,0.0054909696297837235,0.002099285714285732,0.3925338146932774,0.000552948560839317,0.0013310998773594651,0.000993309864334356,1
2026-07-14 21:00:00+00:00,1.33901,1.33904,1.3376299999999999,1.33867,608,1.338462,1.3392330000000001,1.337917,1.3376582,1.3385149694211085,1.3380698009427403,0.0004451684783681742,0.0003692325079392107,7.593597042896349e-05,60.75307748008703,1.337917,1.3414421762180795,1.3343918237819206,0.005269648592669742,0.002104285714285733,0.16122021086252472,-0.00013444373902959939,0.0002166798667047054,0.0009657937926043303,1
2026-07-14 22:00:00+00:00,1.33874,1.33941,1.33863,1.33906,906,1.338736,1.33905,1.338087,1.3376396,1.3385988202793995,1.3381431490210558,0.0004556712583436706,0.00038652025802010274,6.915100032356788e-05,56.5705128205126,1.338087,1.341479313912995,1.334694686087005,0.005070393648537043,0.0019978571428571623,0.013153311832386145,0.0010241535781831956,-0.0013647651932671145,0.000728896136005846,1
2026-07-14 23:00:00+00:00,1.33906,1.33965,1.33899,1.33962,894,1.339026,1.338859,1.3382669999999999,1.3376588,1.3387559248517995,1.3382525453898666,0.0005033794619329068,0.00040989209880266367,9.348736313024317e-05,56.847133757962624,1.3382669999999999,1.3415785943051934,1.3349554056948063,0.004949078629591205,0.001972857142857173,0.022945964845239454,0.0010835693521749068,-0.0014237475121690046,0.0007235890680589469,1
2026-07-15 00:00:00+00:00,1.33964,1.34039,1.3394,1.34026,2033,1.3393260000000002,1.338838,1.3384865,1.3377138,1.3389873210284458,1.3384012457313579,0.0005860752970878735,0.0004451287384597057,0.00014094655862816784,62.04146730462551,1.3384865,1.3417099161349455,1.3352630838650543,0.0048165089972078004,0.0019535714285714594,0.206830476713336,0.0011204398099735613,-0.00015666146948456472,0.0007083672755387556,1
2026-07-15 01:00:00+00:00,1.34029,1.34054,1.33984,1.3402,2102,1.339562,1.3390300000000002,1.338684,1.3377454,1.3391738870240695,1.3385344867882945,0.0006394002357750228,0.00048398303792276915,0.00015541719785225366,57.94066317626608,1.338684,1.3418130987436392,1.3355549012563608,0.004674887790754506,0.0018535714285714702,0.0616579808318371,0.0008812415049812561,0.0014346773470423901,0.00042758875053585304,1
2026-07-15 02:00:00+00:00,1.34023,1.3409,1.33994,1.34056,1728,1.33994,1.339201,1.3389335,1.3378042,1.3393871351742126,1.3386845248039763,0.000702610370236334,0.0005277085043854822,0.00017490186585085183,48.22771213748683,1.3389335,1.3418020538260074,1.3360649461739926,0.004284833901022522,0.0014700000000000507,0.0,0.0014118490740808731,0.0012772155207827485,0.0004188469168291719,0
2026-07-15 03:00:00+00:00,1.34058,1.34089,1.33981,1.34033,1695,1.3401939999999999,1.3394650000000001,1.339165,1.3378451999999998,1.3395321913012568,1.3388064118555336,0.0007257794457231626,0.0005673226926530183,0.0001584567530701443,43.258426966291225,1.339165,1.3416574602092715,1.3366725397907284,0.003722409425681703,0.0013971428571429062,0.0,0.0009484265081476373,0.0019735514207326332,0.0002649682305379313,0
2026-07-15 04:00:00+00:00,1.34033,1.3405,1.34016,1.34021,1283,1.3403120000000002,1.339669,1.3393045,1.337896,1.3396364695626017,1.3389103813477163,0.0007260882148854009,0.0005990757970994948,0.00012701241778590605,48.36683417085324,1.3393045,1.3416959978790133,1.3369130021209865,0.0035712534065455354,0.0012321428571429197,0.262849407523765,0.00044042340365169075,0.0015244699851288956,0.00027241149878535527,0
2026-07-15 05:00:00+00:00,1.34025,1.34141,1.34,1.3409900000000001,1780,1.340458,1.339892,1.3394590000000002,1.3379594,1.339844705014509,1.3390644271738115,0.000780277840697563,0.0006353162058191085,0.00014496163487845448,70.68702290076381,1.3394590000000002,1.3418676414602988,1.3370503585397016,0.0035964392494262556,0.001087857142857196,0.9999999999963542,0.0005446704370795086,0.0016657205174939183,0.0002919684696769207,0
2026-07-15 06:00:00+00:00,1.341,1.34196,1.341,1.34147,3103,1.3407120000000001,1.340137,1.3396705,1.3380216000000003,1.3400947503968923,1.3392426177535293,0.000852132643363035,0.0006786794933278939,0.00017345315003514106,70.27863777089863,1.3396705,1.3420003021149425,1.3373406978850575,0.003478171856351979,0.0010414285714286059,0.9851109721059245,0.0009476197582449775,0.0018296963450881165,0.0002982201349217093,0
2026-07-15 07:00:00+00:00,1.34143,1.34198,1.34009,1.34015,3108,1.34063,1.340285,1.339759,1.338066,1.3401032503358319,1.339309831253268,0.0007934190825638066,0.0007016274111750765,9.179167138873001e-05,68.58006042295983,1.339759,1.342015722355436,1.3375022776445638,0.00336884821141141,0.00101214285714289,0.9231837282910921,-0.0003058423345467798,0.001105574936317355,0.0004609647761383666,1
2026-07-15 08:00:00+00:00,1.34017,1.3407,1.33906,1.33959,2581,1.340482,1.3403379999999998,1.3396940000000002,1.3381014,1.340024288745704,1.3393305844937669,0.000693704251937044,0.0007000427793274701,-6.338527390426082e-06,60.59701492537307,1.3396940000000002,1.34188756379103,1.3375004362089704,0.0032747236175272127,0.001035000000000024,0.632135454561394,-0.0005521028403452366,0.00039580003883332715,0.00048404626830102004,1
2026-07-15 09:00:00+00:00,1.33959,1.33988,1.33884,1.33899,2197,1.3402379999999998,1.3402749999999999,1.3395670000000002,1.3380952,1.3398651674002109,1.339305356012747,0.0005598113874638599,0.0006719965009547481,-0.00011218511349088813,51.71385991058082,1.3395670000000002,1.3416013275107783,1.337532672489222,0.003037291170621767,0.001036428571428589,0.3082707173367151,-0.0009103051014393015,-0.00047028261745873934,0.00048627191141944933,1
2026-07-15 10:00:00+00:00,1.33901,1.33995,1.33804,1.33993,2333,1.340026,1.3402420000000002,1.33954,1.338105,1.3398751416463324,1.3393516259377287,0.0005235157086036502,0.0006423003424845285,-0.00011878463388087838,56.156968876860205,1.33954,1.3415378725527167,1.3375421274472832,0.002982923321015831,0.001127142857142882,0.4702589203376216,-0.0007904607789768203,-0.00024622088251524676,0.0005173389677487447,1
2026-07-15 11:00:00+00:00,1.33993,1.34148,1.3395299999999999,1.34097,2724,1.339926,1.3403189999999998,1.3396745,1.3381426000000003,1.3400435813930505,1.339471505497897,0.0005720758951535121,0.0006282554530183253,-5.6179557864813215e-05,64.23267326732639,1.3396745,1.3416773976377794,1.3376716023622208,0.002990125792167093,0.0011657142857143096,0.764685379851982,-0.00037272544298416754,0.0005745411132667133,0.0005756172573105838,1
2026-07-15 12:00:00+00:00,1.34093,1.343,1.34023,1.34276,3669,1.3404479999999999,1.340539,1.33987,1.3382006000000002,1.3404614919479658,1.3397150976832377,0.0007463942647281119,0.0006518832153602827,9.451104936782919e-05,69.51476793248932,1.33987,1.3422599438443186,1.3374800561556812,0.0035674264582663635,0.0013078571428571622,0.9572615757959048,0.0019475431854643066,0.0016411052097631273,0.0007035786964027302,1
2026-07-15 13:00:00+00:00,1.34279,1.3449200000000001,1.34216,1.3441100000000001,4099,1.341352,1.340917,1.3401910000000001,1.3382962,1.341022800879048,1.340040646002998,0.0009821548760498011,0.0007179375474981864,0.0002642173285516147,71.85978578383646,1.3401910000000001,1.3430304061647578,1.3373515938352425,0.004237315673299762,0.0014578571428571616,0.9999999999965037,0.003374166722654115,0.0028202009952773555,0.0007387313795998259,1
2026-07-15 14:00:00+00:00,1.34412,1.34822,1.34374,1.34779,5009,1.343112,1.341675,1.340672,1.3384544000000003,1.3420639084361174,1.3406146722249983,0.0014492362111191426,0.0008641972802223778,0.0005850389308967648,78.28700225394421,1.340672,1.3449597725784193,1.336384227421581,0.006396452791464532,0.0017071428571428754,0.9999999999971452,0.0065721177902748895,0.005655830056483735,0.0010544025811245932,1
2026-07-15 15:00:00+00:00,1.3477999999999999,1.34975,1.3470900000000001,1.34954,4251,1.345034,1.34253,1.341211,1.3386758,1.3432140763690226,1.3412758076157392,0.0019382687532834009,0.0010790115748345827,0.0008592571784488182,81.13333333333276,1.341211,1.346951052814723,1.3354709471852768,0.00855950751182792,0.0018471428571428567,0.9999999999973597,0.007172016448620422,0.006375886471934766,0.001079746847065452,1
2026-07-15 16:00:00+00:00,1.34949,1.35282,1.34935,1.35257,4284,1.347354,1.34364,1.3418885,1.3389704,1.344653449235327,1.3421124144590177,0.002541034776309292,0.0013714162151295247,0.0011696185611797675,83.9841539332198,1.3418885,1.3494494837148912,1.334327516285109,0.011269168362186742,0.002026428571428556,0.9999999999975445,0.008650454521726747,0.008274504834249186,0.0011854509135882372,1
2026-07-15 17:00:00+00:00,1.35259,1.35486,1.35255,1.3547,4273,1.349742,1.3450950000000002,1.34269,1.3393050000000002,1.3461990724298922,1.3430448282027942,0.00315424422709798,0.001727981817523216,0.0014262624095747638,86.71435871231417,1.34269,1.3520086626553491,1.3333713373446507,0.013880586964003898,0.0021142857142857035,0.9999999999973922,0.008892132622359883,0.010856993620117272,0.0010155747886006843,0
2026-07-15 18:00:00+00:00,1.3547,1.3558,1.3535599999999999,1.35361,2978,1.351642,1.346497,1.3434175,1.3396514,1.3473392151329857,1.3438274335211058,0.003511781611879927,0.0020847417763945587,0.0014270398354853686,82.61927945472233,1.3434175,1.3537586530966519,1.333076346903348,0.015395293118709494,0.0022499999999999903,0.8829994029262996,0.007067873909129441,0.010465888816727498,0.0010840464031973513,1
2026-07-15 19:00:00+00:00,1.3536000000000001,1.35446,1.35275,1.35348,3062,1.35278,1.3479459999999999,1.3441105,1.3400046,1.3482839512663725,1.3445424384454683,0.0037415128209041804,0.0024160959852964833,0.001325416835607697,81.39768728004,1.3441105,1.3552099575021515,1.3330110424978485,0.016515691979419052,0.002271428571428575,0.848097266771076,0.004221725936533138,0.010821589406941223,0.0010349026167215307,0
2026-07-15 20:00:00+00:00,1.35348,1.35393,1.3533,1.35391,1108,1.3536540000000001,1.3493439999999999,1.344793,1.3403623999999998,1.349149497225392,1.345236331893952,0.003913165331439927,0.0027155098545251725,0.0011976554769147548,81.3508064516128,1.344793,1.3565544716229216,1.3330315283770782,0.017491869191647694,0.002247142857142876,0.8467578336192048,0.003238140403396761,0.010433380848253071,0.0010572859036709435,0
2026-07-15 21:00:00+00:00,1.35389,1.35389,1.3532899999999999,1.35345,1214,1.3538299999999999,1.3505920000000002,1.3454555000000001,1.3407252,1.3498111130368702,1.345844751753659,0.003966361283211262,0.0029656801402623907,0.0010006811429488708,85.03688092729213,1.3454555000000001,1.3576136499198532,1.333297350080147,0.018072912734539474,0.0021564285714285986,0.9520727463165705,0.0006506132769468209,0.00930669589923716,0.0011434830841981648,0
2026-07-15 22:00:00+00:00,1.35359,1.35416,1.35358,1.35379,596,1.353648,1.351695,1.346117,1.3411092,1.3504232494927362,1.3464332886607953,0.00398996083194092,0.003170536278598097,0.0008194245533428225,87.84648187633238,1.346117,1.358589236282827,1.333644763717173,0.018530686831570952,0.0020900000000000202,0.9999999999972323,-0.0006717354395806563,0.008214424022163325,0.0011518935909140262,0
2026-07-15 23:00:00+00:00,1.35379,1.35435,1.35365,1.3538299999999999,876,1.3536920000000001,1.3526669999999998,1.346792,1.341491,1.350947364955392,1.3469811932044398,0.003966171750952263,0.0033296633730689304,0.0006365083778833327,90.76923076923119,1.346792,1.3594059665283709,1.334178033471629,0.018731870293810595,0.0020657142857143057,0.9999999999971108,0.00016252835011543176,0.007231550989130087,0.0011754447013563334,0
2026-07-16 00:00:00+00:00,1.3538299999999999,1.3544,1.35272,1.35337,2739,1.35367,1.353225,1.34745,1.3418618,1.3513200780391776,1.347454438152259,0.0038656398869185704,0.0034368586758388585,0.0004287812110797119,87.92325056433484,1.34745,1.3599910551054446,1.3349089448945555,0.018614501622241368,0.0020492857142857374,0.8927524715750588,-8.127198037655159e-05,0.004140110848129153,0.000974564726042967,0
2026-07-16 01:00:00+00:00,1.3534,1.35347,1.35256,1.3526799999999999,2485,1.353424,1.353539,1.3480345,1.3422168,1.3515292968023809,1.3478415168076472,0.0036877799947336865,0.003487042939617824,0.00020073705511586227,83.70754173863016,1.3480345,1.3603962346338525,1.3356727653661475,0.018340383178401566,0.0019750000000000123,0.6677549988014515,-0.0009084798841872965,0.0023267187337907558,0.0009598081268578641,1
2026-07-16 02:00:00+00:00,1.3527,1.3527,1.35194,1.35264,2086,1.353262,1.353546,1.3485930000000002,1.3425668,1.3517001742173993,1.348196960007081,0.003503214210318406,0.0034902771937579406,1.293701656046543e-05,81.62612035851605,1.3485930000000002,1.3607129167966527,1.3364730832033476,0.01797416536590741,0.001831428571428595,0.5164791765264005,-0.0005984705751966857,5.175332884799211e-05,0.0006491758400543724,1
2026-07-16 03:00:00+00:00,1.35267,1.35378,1.35256,1.3532600000000001,1764,1.353156,1.353402,1.3492485,1.3429232000000002,1.3519401474147226,1.3485720000065564,0.0033681474081661555,0.0034658512366395836,-9.770382847342808e-05,80.72531900604552,1.3492485,1.3608528717261115,1.3376441282738887,0.017201237171820306,0.001721428571428588,0.19534306306727006,-0.000391493510810359,-0.0010629659703254024,0.00039586309191322805,0
2026-07-16 04:00:00+00:00,1.3532899999999999,1.3535,1.35303,1.35321,1579,1.353032,1.353362,1.3499295,1.3432742,1.352135509350919,1.3489155555616263,0.00321995378929274,0.0034166717471702146,-0.00019671795787747472,74.06749555950343,1.3499295,1.3607171488341199,1.3391418511658801,0.015982536620052924,0.0014350000000000116,0.0,-0.0004579600097499581,-0.0002955060911192797,0.00031065900425331116,0
2026-07-16 05:00:00+00:00,1.35323,1.3541,1.35267,1.3529499999999999,2110,1.352948,1.353309,1.3506275,1.3436127999999998,1.3522608156046236,1.3492144032978022,0.0030464123068214555,0.003342619859100463,-0.0002962075522790074,67.45138178096198,1.3506275,1.3601694315599409,1.3410855684400593,0.014129627243545335,0.00134714285714288,0.0,-0.00031033641945665824,-0.00039158317817789,0.00031440922529472713,0
2026-07-16 06:00:00+00:00,1.3529,1.3542,1.35288,1.354,3122,1.353212,1.353318,1.351331,1.3439754,1.3525283824346817,1.3495688919424094,0.0029594904922722876,0.003265993985734828,-0.00030650349346254043,59.17843388960237,1.351331,1.359532658112194,1.343129341887806,0.012138636813917502,0.0011935714285714605,0.0,0.0009758405535678083,6.647413786753376e-05,0.00039523574084319177,0
2026-07-16 07:00:00+00:00,1.35401,1.35423,1.35304,1.3533,3041,1.353344,1.353303,1.3519475,1.3443164,1.352647092829346,1.3498452703170458,0.0028018225123001006,0.003173159691047883,-0.00037133717874778243,38.993710691823615,1.3519475,1.358571926489563,1.3453230735104371,0.009799828010426384,0.0011135714285714598,0.0,0.00048793470546470985,-0.00011082788429572776,0.000415930321438007,0
2026-07-16 08:00:00+00:00,1.3532899999999999,1.35341,1.35183,1.35206,2921,1.3531039999999999,1.35313,1.3524125,1.3446462,1.3525567708556006,1.350009324367635,0.0025474464879655656,0.00304801705043142,-0.0005005705624658544,38.09523809523858,1.3524125,1.3574329293169154,1.3473920706830846,0.007424405374714262,0.001066428571428595,0.0,-0.0008867475577495343,-0.0012778939126452116,0.0004911937881083954,0
2026-07-16 09:00:00+00:00,1.35209,1.3521,1.35055,1.35072,2618,1.352606,1.352819,1.352743,1.3449465999999999,1.3522741907239697,1.3500619670070693,0.002212223716900441,0.0028808583837252244,-0.0006686346668247833,32.124352331606005,1.352743,1.3560348022578956,1.3494511977421044,0.004866855356702055,0.0010550000000000281,0.0,-0.0018400691688652548,-0.002297186500520687,0.0005565630760321996,0
2026-07-16 10:00:00+00:00,1.3507,1.35094,1.35023,1.35036,2247,1.352088,1.352518,1.3528715,1.3452054000000002,1.3519796998433589,1.350084043525064,0.0018956563182948027,0.0026838179706391405,-0.0007881616523443377,26.797385620915875,1.3528715,1.3554786583643237,1.3502643416356763,0.0038542586850616348,0.0010607142857143037,0.0,-0.0019143353412911512,-0.002224077672772329,0.0005554359474952397,0
2026-07-16 11:00:00+00:00,1.35035,1.35071,1.34932,1.35064,3148,1.351416,1.352314,1.3529265,1.3454602,1.3517735921751497,1.3501252254861702,0.0016483666889794968,0.002476727714307212,-0.0008283610253277153,31.19143239625258,1.3529265,1.3552709112715875,1.3505820887284123,0.003465689040147527,0.0011157142857142993,0.06868719770615452,-0.002481536189069433,-0.001508117219150007,0.0005604901987632371,0
2026-07-16 12:00:00+00:00,1.35064,1.35148,1.34968,1.34971,3952,1.350698,1.3520210000000001,1.3527835,1.3457096000000002,1.351456116455896,1.3500944680427505,0.0013616484131455664,0.002253711854074883,-0.0008920634409293167,24.689826302730268,1.3527835,1.3555333154961706,1.3500336845038292,0.004065418444519325,0.0011935714285714447,0.0,-0.0026527746988841416,-0.0021661343742608308,0.0005829469418049312,0
2026-07-16 13:00:00+00:00,1.34974,1.35171,1.34961,1.35076,3942,1.350438,1.3517709999999998,1.3525865000000001,1.3459572,1.3513490216165276,1.3501437667062506,0.0012052549102770094,0.0020440204653153085,-0.0008387655550382992,33.07607497243819,1.3525865000000001,1.355322707709843,1.3498502922901572,0.00404588942717224,0.0012935714285714495,0.13262366806200002,-0.0009614957916069811,-0.0018473907453114835,0.0006308566982393936,0
2026-07-16 14:00:00+00:00,1.3508,1.35132,1.34867,1.34877,4174,1.350048,1.351327,1.3523445,1.3461148,1.3509522490601389,1.3500420062094913,0.0009102428506475579,0.0018172649423817584,-0.0009070220917342005,28.30188679245437,1.3523445,1.3555203726939615,1.3491686273060386,0.0046968397386338585,0.0013628571428571576,0.061202987324053555,-0.0014436744847191596,-0.0032810871926751695,0.0007463990557691861,0
2026-07-16 15:00:00+00:00,1.3488,1.34913,1.34798,1.34828,3521,1.3496320000000002,1.35086,1.3520845,1.3462497999999998,1.3505411338201176,1.3499114872310103,0.0006296465891073577,0.0015797412717268782,-0.0009500946826195204,28.846153846155318,1.3520845,1.3556911632778557,1.3484778367221442,0.005334967271432738,0.0013800000000000162,0.072999614961687,-0.001540329986077893,-0.0034517166192393756,0.0007448895106060781,0
2026-07-16 16:00:00+00:00,1.3483100000000001,1.34833,1.3465,1.34659,2702,1.3488219999999997,1.3501189999999998,1.3517185,1.3463721999999998,1.3499332670785609,1.3496654511398243,0.00026781593873659304,0.0013173562051288213,-0.0010495402663922282,24.896265560167137,1.3517185,1.3559726881530962,1.3474643118469039,0.006294488317051508,0.0014564285714285807,0.0036840803476023967,-0.0029985784516970426,-0.005472673559822838,0.0006789235370416173,1
2026-07-16 17:00:00+00:00,1.34662,1.34717,1.34593,1.34692,2052,1.348264,1.3494810000000002,1.351392,1.346545,1.349469687528013,1.3494620843887262,7.603139286826988e-06,0.0010554055919604224,-0.0010478024526735955,23.04421768707533,1.351392,1.3560680649223185,1.3467159350776814,0.006920367920364387,0.0014578571428571457,0.0,-0.002067110712671627,-0.004714401832557447,0.0007241070142528984,1
2026-07-16 18:00:00+00:00,1.34695,1.3471199999999999,1.34644,1.34701,2054,1.3475139999999999,1.348976,1.3510529999999998,1.3467082000000001,1.3490912740621648,1.3492804485080798,-0.0001891744459150413,0.0008064895843853296,-0.000995664030300371,23.728813559323655,1.3510529999999998,1.3559737320807348,1.3461322679192649,0.007284291705410458,0.001472857142857133,0.015416338471859928,-0.0027762148716277135,-0.0037350413443190122,0.0007238539311243719,1
2026-07-16 19:00:00+00:00,1.34701,1.34752,1.34663,1.3474599999999999,1865,1.347252,1.34865,1.3507345000000002,1.3469036,1.3488403088218315,1.3491456004704445,-0.0003052916486130375,0.0005841333377856562,-0.0008894249863986937,27.10592160133521,1.3507345000000002,1.355722563541555,1.3457464364584453,0.007385705394442651,0.0014342857142857054,0.11240603342503344,-0.000971255291858597,-0.0024135276000948336,0.0007195975323283748,1
2026-07-16 20:00:00+00:00,1.34742,1.34801,1.34731,1.34783,1053,1.3471619999999997,1.3483969999999998,1.3504574999999999,1.3470968,1.3486848766953956,1.349048148583745,-0.0003632718883495034,0.0003946522925586243,-0.0007579241809081278,22.723253757737382,1.3504574999999999,1.3554446281684227,1.345470371831577,0.007385835049859532,0.0013899999999999865,0.0,-0.0003337585664697773,-0.0018735744542195398,0.000737616339534026,0
2026-07-16 21:00:00+00:00,1.34782,1.34792,1.34753,1.34758,629,1.3473600000000001,1.348091,1.3502025,1.3472731999999998,1.348514895665335,1.348939396836801,-0.0004245011714660851,0.0002308215997536824,-0.0006553227712197676,23.664825046041514,1.3502025,1.3552325020926925,1.3451724979073074,0.007450737341535886,0.0013328571428571356,0.06125242308509045,0.0007351903697487838,-0.0022655926079488964,0.0007246106146215944,0
2026-07-16 22:00:00+00:00,1.34766,1.34772,1.34727,1.34738,462,1.3474519999999999,1.347858,1.3499395,1.3474403999999998,1.3483402963322066,1.3488238859600012,-0.0004835896277946006,8.793935424402578e-05,-0.0005715289820386264,26.171079429736082,1.3499395,1.3549829135265574,1.3448960864734427,0.007472058601970458,0.0012521428571428603,0.3330324749614675,0.0003415199120957446,-0.0017262967600446544,0.0007062438267444234,0
2026-07-16 23:00:00+00:00,1.34738,1.34782,1.34731,1.34779,802,1.3476080000000001,1.347561,1.349666,1.3476228000000001,1.348255635358021,1.348747301814816,-0.0004916664567948814,-2.798180796375569e-05,-0.0004636846488311257,33.52080989876387,1.349666,1.3545417116619416,1.3447902883380585,0.007225064070579775,0.0011778571428571352,0.9999999999907386,0.0005790602890847207,-0.00219876217832915,0.0006489768512292741,0
2026-07-17 00:00:00+00:00,1.34779,1.34786,1.34692,1.34769,2041,1.347654,1.347453,1.34939,1.3477953999999999,1.34816861453371,1.3486689831618666,-0.0005003686281566111,-0.00012245917200232682,-0.00037790945615428427,34.530706836617384,1.34939,1.3540407679048878,1.3447392320951124,0.0068931412043778595,0.0011942857142857191,0.9999999999915308,0.00017069152331061765,-0.0008007295535932268,0.00047669859785808905,0
2026-07-17 01:00:00+00:00,1.34772,1.34796,1.34637,1.3465799999999999,2160,1.3474039999999998,1.347283,1.3490715,1.3479346,1.3479242122977544,1.3485142436683948,-0.0005900313706403981,-0.00021597361172994112,-0.000374057758910457,28.54122621564497,1.3490715,1.353565576920603,1.344577423079397,0.006662474035813515,0.001208571428571432,0.4927372921993587,-0.0009274166623388647,-0.0012608656955528375,0.0005266999747716619,1
2026-07-17 02:00:00+00:00,1.3466,1.34691,1.34626,1.3463,1864,1.347148,1.347254,1.3486865,1.3480554,1.347674333482715,1.348350225618884,-0.0006758921361689207,-0.0003079573166177371,-0.00036793481955118364,30.646992054484485,1.3486865,1.3526959901893916,1.3446770098106082,0.005945770480228984,0.0011264285714285757,0.6710793804341422,-0.0009498508437346675,-0.00021535879517886602,0.00035324646189365666,0
2026-07-17 03:00:00+00:00,1.34631,1.34691,1.34618,1.3465099999999999,1734,1.3469740000000001,1.347213,1.348347,1.3481816,1.347495205254605,1.3482139126100776,-0.0007187073554726364,-0.000390107324388717,-0.0003286000310839194,23.337515683813862,1.348347,1.3518265226532706,1.3448674773467293,0.005161167938625105,0.0010285714285714423,0.05202323667667235,-0.0006456975760366079,-0.00030439818252014916,0.0003468431343113047,0
2026-07-17 04:00:00+00:00,1.34654,1.34654,1.3457,1.34589,1431,1.346594,1.3471009999999999,1.3480385,1.3482881999999998,1.3472482506000505,1.348041770935257,-0.0007935203352065212,-0.0004707899265522779,-0.00032273040865424333,28.18181818181803,1.3480385,1.3512125943175548,1.344864405682445,0.004709204251295326,0.0008992857142857373,0.4622982100854719,-0.0014097151633414295,-0.0008314711843268041,0.00036974496187897727,0
2026-07-17 05:00:00+00:00,1.34589,1.34662,1.34574,1.34629,1769,1.346314,1.3469840000000002,1.3478169999999998,1.3484074000000001,1.347100827430812,1.347912010125238,-0.000811182694425927,-0.0005388684801270078,-0.0002723142142989193,34.715821812596005,1.3478169999999998,1.3508166919139877,1.344817308086012,0.004451185752943993,0.0008800000000000237,0.9999999999916614,-0.0010388145641802016,-0.0008683003577100168,0.000365279232863068,0
2026-07-17 06:00:00+00:00,1.34628,1.34756,1.34588,1.3474,2959,1.346478,1.346941,1.347669,1.3485512,1.3471468539799178,1.3478740834492944,-0.0007272294693765335,-0.000576540677976913,-0.0001506887913996206,56.82967959527832,1.347669,1.3504223780209434,1.3449156219790566,0.004086133940816985,0.000869285714285747,0.9999999999970679,0.0006089500809458581,-0.0003190313318446325,0.0004558835757651552,0
2026-07-17 07:00:00+00:00,1.3473899999999999,1.34805,1.34565,1.34566,2991,1.34635,1.346749,1.34742,1.3486445999999999,1.3469181072137766,1.3477100772678652,-0.0007919700540885977,-0.0006196265531992499,-0.00017234350088934773,41.4168937329709,1.34742,1.3499322604625084,1.3449077395374918,0.003728993873489035,0.0009521428571428935,0.5480973017877064,-0.0004753769590729595,-0.0014247762656020013,0.0006065430604947937,0
2026-07-17 08:00:00+00:00,1.3457,1.34622,1.34417,1.34427,3418,1.345902,1.346438,1.347148,1.3487006,1.3465107061039647,1.3474552567295048,-0.0009445506255401082,-0.0006846113676674217,-0.00025993925787268647,34.143518518517865,1.347148,1.349790889965233,1.344505110034767,0.003923681681943034,0.0010500000000000429,0.3348420269876744,-0.00166355986958866,-0.0023081832890498033,0.0006688171660882037,1
2026-07-17 09:00:00+00:00,1.34427,1.34446,1.34355,1.34426,2715,1.3455759999999999,1.346085,1.3468229999999999,1.3487828,1.3461644436264317,1.3472185710458378,-0.0010541274194060257,-0.0007585145780151425,-0.0002956128413908832,30.48780487804902,1.3468229999999999,1.3491787151109853,1.3444672848890145,0.0034981806978131853,0.0010514285714286079,0.22765654651923187,-0.0012110945173825494,-0.002619102382418692,0.0006480447983995319,1
2026-07-17 10:00:00+00:00,1.34422,1.34424,1.3426,1.34315,2652,1.344948,1.345631,1.346542,1.348854,1.3457006830685192,1.3469171954128127,-0.001216512344293541,-0.0008501141312708224,-0.0003663982130227187,23.825503355703148,1.346542,1.349236263691999,1.3438477363080008,0.004001752180027209,0.0011200000000000415,0.014570204337283486,-0.00233233552949208,-0.0033687272295557236,0.0006671378743816945,1
2026-07-17 11:00:00+00:00,1.34318,1.34464,1.34272,1.34381,2772,1.34423,1.345354,1.3463185000000002,1.3489503999999999,1.3454098087502855,1.3466870327896414,-0.0012772240393559287,-0.0009355361128878437,-0.000341687926468085,29.839572192511596,1.3463185000000002,1.3491441216828624,1.343492878317138,0.004197553079545674,0.001229285714285758,0.19413665016886678,-0.0026643906783434534,-0.0020570630783168786,0.000689816522999636,1
2026-07-17 12:00:00+00:00,1.34381,1.34403,1.3428,1.34314,2905,1.343726,1.345038,1.3461459999999998,1.3490145999999998,1.3450606074040876,1.346424289620038,-0.0013636822159504014,-0.0010211653335003555,-0.00034251688245004594,28.411405295313983,1.3461459999999998,1.349303570018381,1.3429884299816186,0.0046912742278790555,0.0012850000000000441,0.15149482801104305,-0.0018726870086055447,-0.002347173735423036,0.0006960171606008874,1
2026-07-17 13:00:00+00:00,1.34315,1.34509,1.34277,1.34501,3944,1.343874,1.3448879999999999,1.3460505,1.3490954,1.3450528216496127,1.346319527425961,-0.0012667057763482426,-0.0010702734220699329,-0.00019643235427830967,37.677304964538216,1.3460505,1.3492249935775038,1.3428760064224963,0.004716752569838602,0.0014142857142857488,0.4281535620865927,0.0005504846496611204,-0.0011139909840994777,0.0008629152138971474,1
2026-07-17 14:00:00+00:00,1.34505,1.34545,1.34421,1.34449,3819,1.34392,1.344748,1.3459245000000002,1.3491299999999997,1.3449662337035184,1.34618400687589,-0.0012177731723714835,-0.0010997733721302431,-0.00011799980024124039,36.32478632478521,1.3459245000000002,1.3491384398677662,1.3427105601322342,0.004775810036545094,0.001435714285714318,0.3877704252034605,0.00017109785309377123,-0.0010402038799605107,0.0008599046919576553,1
2026-07-17 15:00:00+00:00,1.34449,1.34547,1.34416,1.34443,3514,1.344176,1.344562,1.3457729999999999,1.3491364,1.3448837362106691,1.346054080440639,-0.0011703442299697553,-0.0011138875436981456,-5.645668627160972e-05,39.90610328638477,1.3457729999999999,1.3489677792939068,1.342578220706093,0.004747872477612316,0.0014157142857143137,0.49470042145738946,0.0009529836578192619,-0.0013815745493169773,0.0008489197837997682,1
2026-07-17 16:00:00+00:00,1.34447,1.34558,1.3437299999999999,1.34558,2816,1.34453,1.3443800000000001,1.3456605,1.3490921999999999,1.34499085371672,1.3460189633709618,-0.0010281096542419377,-0.001096731965806904,6.862231156496627e-05,46.87499999999958,1.3456605,1.3487052295273427,1.3426157704726571,0.004525256596805516,0.001501428571428606,0.7027758605964094,0.0013171504900246767,-0.0013507495918063661,0.0008528583007091625,0
2026-07-17 17:00:00+00:00,1.34559,1.3459699999999999,1.34506,1.3452899999999999,2147,1.34496,1.3443429999999998,1.3455460000000001,1.3490072,1.3450368762218399,1.3459649660842237,-0.0009280898623837963,-0.0010630035451222825,0.00013491368273848615,44.741379310344655,1.3455460000000001,1.3484560508224792,1.342635949177521,0.004325457208418117,0.0015142857142857377,0.6337342220799921,0.0016007266554489696,-0.00027495801316845814,0.0007527336120487707,0
2026-07-17 18:00:00+00:00,1.3452899999999999,1.34566,1.34508,1.34534,1839,1.345026,1.34445,1.345444,1.3488626,1.345083510649249,1.3459186723002072,-0.000835161650958316,-0.0010174351662894893,0.0001822735153311733,47.506799637352415,1.345444,1.3482234615154252,1.342664538484575,0.004131664365703923,0.0014957142857142986,0.7175242341961975,0.0002453513356777126,0.0007959710474829684,0.0006648023941615504,0
2026-07-17 19:00:00+00:00,1.34535,1.34598,1.34507,1.34581,2001,1.3452899999999999,1.344605,1.345345,1.3486847999999998,1.345195278241672,1.3459106225001918,-0.0007153442585197123,-0.0009570169847355339,0.0002416727262158216,47.837837837837654,1.345345,1.3479050123354852,1.3427849876645148,0.0038057336006529115,0.0014978571428571538,0.7275544254690004,0.0009817849147260027,0.0011530507491110953,0.0006691621532919019,0
2026-07-17 20:00:00+00:00,1.34584,1.34596,1.34501,1.34524,1855,1.345452,1.344814,1.3452224999999998,1.3485174,1.3452021585121838,1.345860946759437,-0.0006587882472530726,-0.0008973712372390417,0.00023858298998596906,39.772727272727465,1.3452224999999998,1.347532285818265,1.3429127141817345,0.0034340576644610724,0.0014457142857142882,0.664126344267895,0.0006024858118309773,0.0015560436287829216,0.0006163070476894033,1
2026-07-19 21:00:00+00:00,1.34478,1.34508,1.3434300000000001,1.34421,1374,1.345178,1.3448540000000002,1.3451039999999999,1.348332,1.3450495187410785,1.345738654406886,-0.0006891356658074166,-0.0008557241229527168,0.0001665884571453002,42.63959390862866,1.3451039999999999,1.3473631698521797,1.34284483014782,0.003359100637838989,0.0014035714285714246,0.7835177611258537,-0.0010181483077930098,0.0002976611276892527,0.0006663862083926065,1
2026-07-19 22:00:00+00:00,1.34443,1.34474,1.34387,1.34439,1412,1.344998,1.344979,1.3450085,1.3481416000000002,1.3449480543193741,1.34563875408045,-0.0006906997610758303,-0.0008227192505773396,0.00013201948950150924,50.69444444444384,1.3450085,1.3472156775260562,1.342801322473944,0.0032820276244442284,0.0013192857142857292,0.9999999999962783,-0.0006690007359007044,0.0009306550322378815,0.0006401455153716926,1
2026-07-19 23:00:00+00:00,1.34439,1.34453,1.34408,1.3445,1018,1.34483,1.344928,1.344908,1.3479626000000002,1.3448791228856245,1.3455544019263426,-0.0006752790407180687,-0.0007932312086054854,0.0001179521678874167,51.37299771167055,1.344908,1.3470077403348115,1.3428082596651885,0.0031225040446060674,0.001286428571428593,0.99999999999637,-0.0006243774807854763,-0.0003791793369566365,0.0004507959536504965,1
2026-07-20 00:00:00+00:00,1.34451,1.34517,1.34428,1.34508,2051,1.344684,1.3449870000000002,1.3448674999999999,1.3477884,1.3449100270570669,1.3455192610429096,-0.0006092339858427831,-0.0007564317640529449,0.00014719777821016185,61.75395858708845,1.3448674999999999,1.346918162280685,1.3428168377193148,0.0030496123680363563,0.0012314285714285975,0.9999999999970007,-0.0005424242649407773,0.00043882810582451803,0.00045467441759525174,1
2026-07-20 01:00:00+00:00,1.34507,1.34543,1.34481,1.34538,2277,1.344712,1.3450819999999999,1.3448220000000002,1.3476194000000001,1.344982330586749,1.3455089454101015,-0.0005266148233524781,-0.0007104683759128516,0.00018385355256037353,60.0,1.3448220000000002,1.3467779636203578,1.3428660363796425,0.0029088810569096266,0.0011385714285714332,0.9473957926426743,0.00010407064910356034,0.0007066191620239692,0.00045675322938792983,1
2026-07-20 02:00:00+00:00,1.34536,1.3463,1.34527,1.34589,1753,1.345048,1.345113,1.3447465,1.3474698,1.3451219720349417,1.3455371716760198,-0.00041519964107816776,-0.0006514146289459149,0.00023621498786774713,67.88036410923199,1.3447465,1.346372153229015,1.3431208467709852,0.002417783915429216,0.0011242857142857205,0.9999999999968311,0.001249804718012948,0.00023038392366125926,0.00038504363212860825,1
2026-07-20 03:00:00+00:00,1.34589,1.34615,1.34572,1.34604,1358,1.3453780000000002,1.345188,1.3447654999999998,1.347337,1.345263207106489,1.3455744182185367,-0.0003112111120477934,-0.0005833739255662906,0.0002721628135184972,58.62646566164003,1.3447654999999998,1.3464441269451566,1.343086873054843,0.0024965348161545596,0.0009892857142857242,0.7067428614086818,0.0012273224287595585,0.000557500613250772,0.0003763126190215085,1
2026-07-20 04:00:00+00:00,1.34604,1.34677,1.34601,1.3465799999999999,1108,1.3457940000000002,1.345312,1.344881,1.3472158,1.3454657906285674,1.3456489057579044,-0.00018311512933699703,-0.0005033221663204319,0.00032020703698343485,67.44574290484032,1.344881,1.346725741031591,1.343036258968409,0.00274335206102389,0.0009550000000000074,0.9845372555857963,0.0015470435105986446,0.000921700090683375,0.0003916047336739288,0
2026-07-20 05:00:00+00:00,1.3465799999999999,1.34676,1.34629,1.34662,1349,1.346102,1.345393,1.344999,1.3470829999999998,1.3456433613010954,1.3457208386647264,-7.747736363095115e-05,-0.0004181532057825357,0.00034067584215158455,68.34170854271207,1.344999,1.3469738193788032,1.3430241806211969,0.0029365365755709438,0.0008950000000000109,0.9999999999964998,0.0011449133137062528,0.0006018680200028381,0.0003811894835862368,1
2026-07-20 06:00:00+00:00,1.34659,1.34686,1.34573,1.3458,2504,1.3461859999999999,1.345449,1.3451315,1.3469348000000003,1.3456674595624654,1.3457267024673394,-5.924290487402395e-05,-0.00034637114560083336,0.0002871282407268094,51.95035460993001,1.3451315,1.346931865752299,1.3433311342477008,0.00267686207972847,0.0008435714285714198,0.42625346777604867,0.00031217945859163265,0.0004162825964140193,0.00041069877479178507,1
2026-07-20 07:00:00+00:00,1.34585,1.34808,1.3457,1.3476,3211,1.346528,1.345788,1.3453209999999998,1.3468278,1.3459647734759321,1.3458654652475364,9.930822839576692e-05,-0.0002572352708015133,0.0003565434991972802,66.15384615384693,1.3453209999999998,1.3473223248243535,1.343319675175646,0.002975237618908467,0.0009485714285714256,0.9234182567351076,0.0012705347390944421,0.0025219273774186313,0.0004833906141231659,0
2026-07-20 08:00:00+00:00,1.34762,1.34767,1.34656,1.34693,2101,1.3467059999999997,1.3460420000000002,1.3455105,1.3466864,1.3461132698642504,1.3459443196736447,0.00016895019060569894,-0.00017199817852007083,0.00034094836912576976,60.23166023166061,1.3455105,1.347353786252991,1.3436672137470091,0.0027399061590242593,0.0009864285714285628,0.7161239935550758,0.0006611987756679483,0.0018893327085145462,0.0005385692544655141,0
2026-07-20 09:00:00+00:00,1.34694,1.34694,1.3457,1.34629,2182,1.346648,1.3462210000000001,1.3455745,1.3465462,1.3461404591159043,1.3459699256237452,0.0001705334921591195,-0.00010349184438423276,0.0002740253365433523,53.02267002518929,1.3455745,1.347433435462185,1.3437155645378147,0.0027630361041847706,0.0010100000000000029,0.4637877223272298,-0.00021536039448077915,0.0013313499442171306,0.0005782152371874923,0
2026-07-20 10:00:00+00:00,1.34626,1.34733,1.3458700000000001,1.34676,2434,1.346676,1.3463889999999998,1.3456879999999998,1.3464402000000002,1.346235773098073,1.3460284496516157,0.00020732344645724154,-4.132878621593788e-05,0.0002486522326731794,59.69387755102065,1.3456879999999998,1.3475453280185137,1.3438306719814859,0.002760414031356309,0.0010464285714285593,0.6635362064610069,0.0001039639987523433,0.0012489963422248618,0.0005740712491832685,0
2026-07-20 11:00:00+00:00,1.34676,1.34784,1.34609,1.34625,3494,1.346766,1.346476,1.3457789999999998,1.3463508000000002,1.3462379618522156,1.3460448607885334,0.00019310106368219948,5.557183763689604e-06,0.00018754387991850988,63.934426229509334,1.3457789999999998,1.3475532948191313,1.3440047051808683,0.0026368294038345,0.0010421428571428487,0.7502569073179872,0.00033437360677646133,0.000646657449939747,0.0005938458318838784,0
2026-07-20 12:00:00+00:00,1.3462399999999999,1.34645,1.34478,1.34545,3154,1.346336,1.3464319999999999,1.3457725,1.3462526,1.3461167369518745,1.3460007970264198,0.00011593992545466669,2.763373210188503e-05,8.830619335278167e-05,56.675062972293084,1.3457725,1.3475508123282416,1.3439941876717585,0.0026428127016142017,0.0010992857142856835,0.31246128909757925,-0.0015954289106558939,-0.00032692121941613195,0.0006159654622042256,0
2026-07-20 13:00:00+00:00,1.34547,1.34586,1.34446,1.34522,2886,1.345994,1.34635,1.345769,1.3461442,1.345978777420817,1.345942960209648,3.5817211168964747e-05,2.9270427915300974e-05,6.546783253663772e-06,54.46650124069552,1.345769,1.3475515812153749,1.343986418784625,0.002649163735195104,0.001167142857142827,0.153504502499819,-0.0012695537258802236,-0.0006091943775815567,0.000615104068704168,0
2026-07-20 14:00:00+00:00,1.34524,1.34569,1.34334,1.34389,3318,1.345514,1.346081,1.3456964999999999,1.3460277999999999,1.3456574270483836,1.3457908890830077,-0.00013346203462405448,-3.276064592570126e-06,-0.00013018597003148437,43.24631101021501,1.3456964999999999,1.3476611912171845,1.3437318087828152,0.002919961844568486,0.0012714285714285425,0.0,-0.0017826768378284008,-0.001997653314322112,0.0006548663632880126,0
2026-07-20 15:00:00+00:00,1.34388,1.34388,1.34134,1.34181,3878,1.344524,1.3456,1.3454964999999999,1.3458488,1.3450655151947861,1.3454960084101923,-0.00043049321540622465,-8.871949475530106e-05,-0.00034177372065092356,33.14447592067863,1.3454964999999999,1.3481173498019057,1.342875650198094,0.0038957363351087133,0.0014092857142857002,0.0,-0.003675487837476621,-0.003571905957137078,0.0007728195466471535,1
2026-07-20 16:00:00+00:00,1.34181,1.34234,1.34116,1.342,2545,1.343674,1.3452199999999999,1.3453345,1.3457134,1.3445938974725113,1.345237044824252,-0.0006431473517407582,-0.00019960506615239253,-0.0004435422855883657,31.061343719571,1.3453345,1.3483870880305329,1.3422819119694673,0.0045380357532387155,0.0014199999999999927,0.0,-0.003156917363045353,-0.0028235993461138698,0.000782076945070578,1
2026-07-20 17:00:00+00:00,1.34199,1.34323,1.34185,1.34307,2163,1.343198,1.344767,1.3452775000000001,1.3456091999999997,1.3443594517075097,1.3450765229854187,-0.0007170712779089872,-0.0003030983085037115,-0.00041397296940527564,36.72922252010712,1.3452775000000001,1.3484583762447089,1.3420966237552914,0.004728951825491398,0.001487857142857136,0.15203388774250118,-0.001768924895016566,-0.0033615316117541205,0.0006681071233659454,0
2026-07-20 18:00:00+00:00,1.34308,1.34392,1.34308,1.34358,2031,1.34287,1.3444319999999998,1.345237,1.345549,1.3442395360602004,1.3449656694309433,-0.0007261333707428985,-0.000387705320951549,-0.00033842804979134953,36.559139784946254,1.345237,1.3484853654188962,1.3419886345811038,0.004829432165330229,0.001494285714285702,0.14747162726121865,-0.001219131443184085,-0.002487137416198326,0.0007013877986435955,0
2026-07-20 19:00:00+00:00,1.3436,1.34389,1.3431199999999999,1.34348,2051,1.3427879999999999,1.3441509999999999,1.345186,1.3454802,1.3441226843586311,1.344855619843466,-0.0007329354848348846,-0.0004567513537282162,-0.0002761841311066684,36.00713012477699,1.345186,1.348514134612654,1.341857865387346,0.0049482147638377294,0.001515714285714287,0.14093570028112892,-0.00030508449352251166,-0.002087217464290747,0.0006984579377212395,0
2026-07-20 20:00:00+00:00,1.3435000000000001,1.34367,1.3428499999999999,1.34302,884,1.34303,1.343777,1.345083,1.3454004,1.3439530406111495,1.344719648003209,-0.0007666073920595817,-0.0005187225613944894,-0.00024788483066509235,37.20073664825002,1.345083,1.3485495748300849,1.3416164251699152,0.005154440030964385,0.0014935714285714433,0.1749488495487,0.000901767016194599,-0.0027770352549821853,0.000670779069012764,1
2026-07-20 21:00:00+00:00,1.34301,1.34306,1.34207,1.34246,807,1.343122,1.343398,1.344937,1.3453004,1.3437233420555883,1.344552266669638,-0.0008289246140495976,-0.0005807629719255111,-0.00024816164212408654,23.284823284823588,1.344937,1.3485917595500074,1.3412822404499927,0.005434841260233573,0.001394285714285713,0.0,0.0003427719821160746,-0.0028152274837511815,0.0006715273734863871,1
2026-07-20 22:00:00+00:00,1.34253,1.34269,1.34216,1.34262,649,1.343032,1.343115,1.3447735,1.3451962,1.3435535971239594,1.3444091358052204,-0.0008555386812609811,-0.0006357181137926051,-0.00021982056746837602,26.344676180021636,1.3447735,1.3485396275658237,1.3410073724341764,0.005601132928070962,0.0013528571428571398,0.0752738692024677,-0.00033505327347049807,-0.0021033854844104694,0.0006725271821523024,1
2026-07-20 23:00:00+00:00,1.34262,1.3431600000000001,1.34259,1.3430900000000001,588,1.342934,1.342902,1.344626,1.3451064,1.343482274489504,1.3443114220418706,-0.0008291475523665159,-0.0006744040015073873,-0.00015474355085912865,32.10290827740599,1.344626,1.3484142833218058,1.3408377166781944,0.0056347018751767355,0.0013050000000000006,0.21692917897771305,-0.0003646973012398913,-0.0015833841304767615,0.0006956997051443766,1
2026-07-21 00:00:00+00:00,1.3430900000000001,1.34348,1.34264,1.34314,1911,1.3428660000000001,1.342827,1.344454,1.3450216,1.343429616875734,1.3442246500387693,-0.000795033163035308,-0.0006985298338129715,-9.650332922233652e-05,28.755868544601398,1.344454,1.348180606470964,1.340727393529036,0.0055436727042561685,0.0012607142857142975,0.13459037391359313,-0.0002530741060529085,-0.0005580813905899928,0.0006323928688604599,1
2026-07-21 01:00:00+00:00,1.34315,1.34367,1.34297,1.34345,2079,1.342952,1.342991,1.3442954999999999,1.3449348,1.3434327527410057,1.3441672685544162,-0.0007345158134104413,-0.0007057270297324656,-2.8788783677975672e-05,33.17307692307766,1.3442954999999999,1.3479019297843482,1.3406890702156515,0.005365531290327657,0.001185714285714298,0.2961420382356604,0.0003201739363523082,0.0012222296748423123,0.00035569033897118573,1
2026-07-21 02:00:00+00:00,1.34345,1.34381,1.343,1.34308,1701,1.3430760000000002,1.343099,1.3441595000000002,1.3448426,1.3433784830885431,1.344086730142978,-0.0007082470544348407,-0.0007062310346729407,-2.016019761899991e-06,34.98098859315634,1.3441595000000002,1.3477320295475874,1.340586970452413,0.005315633371764651,0.0011242857142857363,0.375097367269573,0.000461838714002738,0.0008047690014902908,0.00037697318485669046,1
2026-07-21 03:00:00+00:00,1.34307,1.34393,1.34288,1.34361,1523,1.343274,1.3431529999999998,1.34396,1.3447832,1.3434141010749212,1.3440514167990534,-0.0006373157241321703,-0.0006924479725647867,5.513224843261644e-05,40.17094017093966,1.34396,1.347148565095523,1.340771434904477,0.004745029756128174,0.0010992857142857312,0.8459347879442869,0.0007373642579433515,0.0004020639281645533,0.0003068862974405976,0
2026-07-21 04:00:00+00:00,1.34361,1.34405,1.34354,1.34402,1280,1.3434599999999999,1.343197,1.3438145000000001,1.3447376,1.343507316294164,1.3440490896287531,-0.0005417733345891573,-0.0006623130449696609,0.00012053971038050357,50.89408528198048,1.3438145000000001,1.346681822058898,1.3409471779411022,0.004267437297183424,0.0009678571428571552,0.9999999999963781,0.0006924331206397127,0.00032748329090925843,0.00029851142752896953,0
2026-07-21 05:00:00+00:00,1.3440400000000001,1.34461,1.34382,1.34423,1724,1.3436780000000002,1.343272,1.3437115,1.344692,1.343618498402754,1.3440624903969935,-0.000443991994239612,-0.0006186488348236511,0.00017465684058403915,72.40740740740793,1.3437115,1.3463426756427743,1.3410803243572256,0.003916280604541042,0.0008421428571428706,0.9999999999979643,0.0008115311881113918,0.0005582517045286117,0.00029821870571742547,0
2026-07-21 06:00:00+00:00,1.34418,1.3452899999999999,1.34418,1.34477,2404,1.3439420000000002,1.3434469999999998,1.343612,1.3446696,1.343795652494638,1.344114898515735,-0.0003192460210970083,-0.0005587682720783226,0.00023952225098131433,74.08695652173893,1.343612,1.3458837357147935,1.3413402642852066,0.003381535316435762,0.0008371428571428538,0.9999999999980316,0.0009825449402656172,0.0013030334618993056,0.0002800918551958417,0
2026-07-21 07:00:00+00:00,1.34479,1.3455300000000001,1.34363,1.34403,2958,1.344132,1.343604,1.343501,1.3446243999999998,1.3438317059570013,1.3441086097367916,-0.0002769037797902829,-0.0005023953736207147,0.00022549159383043174,58.856088560886306,1.343501,1.3454194961215484,1.3415825038784517,0.0028559653048987298,0.0008742857142857163,0.7001923543270593,0.0007073294219257509,0.0011694948080389622,0.00031054785165717696,0
2026-07-21 08:00:00+00:00,1.34403,1.34482,1.34269,1.34287,2766,1.343984,1.343629,1.343372,1.3445338,1.3436837511943858,1.3440168608673997,-0.00033310967301392047,-0.0004685382334993558,0.00013542856048543534,44.151565074135206,1.343372,1.3450733752950816,1.3416706247049184,0.002532992045511788,0.000965714285714284,0.41074538527661153,-0.0005507550554103569,0.0001862030954402627,0.00043867040930909427,0
2026-07-21 09:00:00+00:00,1.34286,1.34335,1.34243,1.34269,2110,1.343718,1.3435890000000001,1.3432454999999999,1.3444744,1.3435308663952494,1.343918574877222,-0.0003877084819725596,-0.00045237228319399656,6.466380122143698e-05,43.57723577235727,1.3432454999999999,1.3447308456092528,1.341760154390747,0.0022115772719922796,0.0009764285714285606,0.3994401650981906,-0.000989568607610014,-0.0002978206970494224,0.00042452383880604573,0
2026-07-21 10:00:00+00:00,1.3427,1.34336,1.34135,1.34167,2544,1.343206,1.343442,1.3431345000000001,1.3444224,1.3432445792575187,1.3437520137752057,-0.0005074345176869777,-0.00046338473009259283,-4.4049787594384836e-05,39.94038748137004,1.3431345000000001,1.3447436903815873,1.341525309618413,0.0023961716143649546,0.0010614285714285623,0.32785166951239186,-0.0019044359968161118,-0.001094450317911777,0.0004815308436890255,0
2026-07-21 11:00:00+00:00,1.34165,1.34207,1.34012,1.34053,2571,1.342358,1.34315,1.3430705,1.3443478000000002,1.3428269516794389,1.3435133460881534,-0.0006863944087145413,-0.0005079866658169826,-0.00017840774289755868,36.762688614540586,1.3430705,1.344976020788044,1.3411649792119562,0.002837558844519102,0.0011300000000000119,0.2182135490791346,-0.003152955523992973,-0.002173508504224264,0.0005166560268674709,0
2026-07-21 12:00:00+00:00,1.34053,1.34069,1.33816,1.33887,3991,1.341326,1.3427289999999998,1.342914,1.3442622,1.3422181898826022,1.3431693945260679,-0.0009512046434656529,-0.0005966302613467167,-0.0003545743821189362,28.668941979522828,1.342914,1.345559977284381,1.340268022715619,0.003940650383242687,0.001272857142857155,0.0,-0.0038392000178567587,-0.00313458617506035,0.0006099638437679224,0
2026-07-21 13:00:00+00:00,1.3389,1.33948,1.33594,1.33812,4753,1.340376,1.3421800000000002,1.3426665,1.3441484,1.3415876991314328,1.3427953653019147,-0.001207666170481847,-0.0007188374431737429,-0.0004888287273081041,22.6019845644973,1.3426665,1.346068934267897,1.3392640657321029,0.0050681748116857064,0.001485000000000006,0.0,-0.003537200175742994,-0.0040860071002746245,0.0005593959282876074,0
2026-07-21 14:00:00+00:00,1.33816,1.3399,1.33657,1.33712,4432,1.339262,1.34149,1.3423435,1.3440280000000002,1.3409003608035202,1.3423749678721433,-0.0014746070686231239,-0.0008699913682636192,-0.0006046157003595046,19.96007984031955,1.3423435,1.3465194021716709,1.338167597828329,0.00622180860811106,0.0016628571428571564,0.0,-0.004148388682420956,-0.005133852174818765,0.0005065732820423994,1
2026-07-21 15:00:00+00:00,1.33711,1.33812,1.33678,1.33728,2973,1.338384,1.340795,1.3420334999999999,1.3438733999999999,1.3403433822183632,1.341997562844577,-0.0016541806262138081,-0.0010268292198536571,-0.000627351406360151,18.743667679837287,1.3420334999999999,1.3467408661201863,1.3373261338798135,0.0070152736428508045,0.0017085714285714401,0.0,-0.003272041560145156,-0.005170246163231029,0.0005012954521553598,1
2026-07-21 16:00:00+00:00,1.3372899999999999,1.33839,1.33689,1.3382,2004,1.337918,1.340138,1.3417925,1.3437476000000002,1.3400136311078457,1.3417162618931269,-0.0017026307852812117,-0.001161989532939168,-0.0005406412523420437,26.583493282149448,1.3417925,1.346772831314281,1.3368121686857188,0.007423400137176361,0.0017578571428571602,0.1416581082612186,-0.0017381185053672032,-0.00488559381901732,0.0005639165807356872,0
2026-07-21 17:00:00+00:00,1.33819,1.33871,1.33795,1.33842,1581,1.337828,1.339577,1.3415905,1.3436274,1.339768457091254,1.3414720943454879,-0.0017036372542338363,-0.0012703190771981019,-0.0004333181770357344,24.33234421364932,1.3415905,1.3467801596582467,1.336400840341753,0.007736577827953916,0.0017371428571428815,0.10098200975672092,-0.0003361043267831043,-0.004174013972902513,0.0005995203981609129,0
2026-07-21 18:00:00+00:00,1.33842,1.33843,1.33745,1.33807,1908,1.337818,1.3390970000000002,1.3413629999999999,1.3434772000000001,1.339507156000292,1.341220087356933,-0.0017129313566410787,-0.0013588415330866974,-0.0003540898235543813,20.39800995024828,1.3413629999999999,1.3467575122212558,1.3359684877787439,0.008043329391456267,0.001770714285714308,0.029892373673959617,-3.736585657476699e-05,-0.003574433861803339,0.0005797569514884636,0
2026-07-21 19:00:00+00:00,1.33807,1.33843,1.3378700000000001,1.33802,1658,1.337998,1.33863,1.3411095,1.3433318,1.3392783627694778,1.340983043849012,-0.0017046810795342537,-0.0014280094423762088,-0.0002766716371580449,18.604651162789594,1.3411095,1.3466371623973403,1.3355818376026596,0.008243416957885052,0.001754285714285724,0.0,0.0006730884288619343,-0.0034780924859796336,0.000584688987529264,1
2026-07-21 20:00:00+00:00,1.33803,1.33806,1.33735,1.33745,927,1.338032,1.3382080000000003,1.3408250000000002,1.3431740000000003,1.338997076189558,1.3407213368972335,-0.0017242607076755068,-0.0014872596954360686,-0.00023700101223943812,13.104838709676358,1.3408250000000002,1.3464964743279557,1.3351535256720446,0.008459678672392834,0.0017257142857142987,0.0,0.0001271237138071868,-0.0031453338004128195,0.0005678775982287697,1
2026-07-21 21:00:00+00:00,1.33743,1.33758,1.33715,1.33758,696,1.337908,1.337913,1.3405315,1.3430094000000004,1.3387790644680875,1.3404886452752163,-0.0017095808071287966,-0.0015317239177746144,-0.0001778568893541822,15.359828141781591,1.3405315,1.346238434931802,1.334824565068198,0.0085144361498435,0.0016207142857142928,0.07263211604426673,-0.000463308922433181,-0.002200622141988573,0.0005473582591815332,1
2026-07-21 22:00:00+00:00,1.33766,1.33776,1.33737,1.33738,493,1.3377,1.337764,1.3402465,1.3428522,1.3385638237806892,1.3402583752548298,-0.0016945514741406598,-0.0015642894290478235,-0.00013026204509283628,17.125748502992607,1.3402465,1.3459867705786248,1.334506229421375,0.008565992268772823,0.001496428571428589,0.13195252690597822,-0.0007770356091509889,-0.0011128787709038246,0.0004144847849037444,1
2026-07-21 23:00:00+00:00,1.33739,1.33786,1.3373300000000001,1.33785,674,1.337656,1.337737,1.3399585,1.3427250000000002,1.3384540047375064,1.3400799770878054,-0.001625972350298932,-0.0015766260132980456,-4.9346337000886423e-05,21.990740740739483,1.3399585,1.34556464427965,1.33435235572035,0.008367638668884155,0.0014685714285714382,0.3311242898972472,-0.000164415912471072,-0.00020177562550438566,0.0004049209820511923,1
2026-07-22 00:00:00+00:00,1.33784,1.33869,1.33772,1.33847,2155,1.337746,1.337872,1.3396810000000001,1.3426065999999997,1.3384564655471207,1.3399607195257457,-0.0015042539786249698,-0.0015621516063634307,5.7897627738460935e-05,30.582524271844463,1.3396810000000001,1.344981780081623,1.3343802199183772,0.007913495946606595,0.001394285714285713,0.7387689765713108,0.00033631784278265187,0.0010096326432931235,0.00033895727944173497,0
2026-07-22 01:00:00+00:00,1.3384800000000001,1.33878,1.33791,1.33832,2032,1.33792,1.3379759999999998,1.3393855000000001,1.342483,1.3384354708475636,1.3398391847460607,-0.0014037138984970277,-0.0015304640647901503,0.00012675016629312263,34.75862068965435,1.3393855000000001,1.3442603397004738,1.3345106602995265,0.007279218269084804,0.001317142857142858,0.9999999999953819,0.0006504916071627953,0.0007776980138789469,0.00034539737128999034,0
2026-07-22 02:00:00+00:00,1.33832,1.33895,1.33801,1.3385,1788,1.338104,1.338006,1.339072,1.3423514,1.338445398409477,1.3397399858759822,-0.001294587466505126,-0.0014832887451331456,0.00018870127862801963,46.793760831889145,1.339072,1.3432447163940675,1.3348992836059326,0.006232250982870923,0.0012035714285714466,0.9999999999970316,0.0006878093272926211,0.00022418173666105545,0.00027365272711523,0
2026-07-22 03:00:00+00:00,1.33849,1.33869,1.33809,1.33822,1613,1.338272,1.3379860000000001,1.3387815,1.3422082,1.338410721731096,1.3396273943296133,-0.00121667259851721,-0.0014299655158099586,0.0002132929172927486,50.94339622641502,1.3387815,1.3422504981869574,1.3353125018130427,0.005182321666317228,0.000993571428571435,0.9999999999973571,0.000628093735512758,-0.00014942992483668593,0.00027759326106999643,0
2026-07-22 04:00:00+00:00,1.33826,1.33852,1.338,1.33837,1179,1.338376,1.338016,1.3385565,1.3420578,1.338404456849389,1.3395342540089015,-0.0011297971595125578,-0.0013699318445504786,0.00024013468503792084,64.0449438202242,1.3385565,1.3414439412274832,1.3356690587725166,0.00431426126201367,0.0007928571428571349,0.9999999999980369,0.0003886833352020336,0.00022420351700591645,0.00026559902838045607,0
2026-07-22 05:00:00+00:00,1.33839,1.33865,1.33788,1.33805,1766,1.338292,1.3380189999999998,1.3383245000000001,1.3418979999999998,1.3383499250264062,1.3394243092675013,-0.0010743842410951832,-0.0013108223238594196,0.0002364380827642365,58.35140997830694,1.3383245000000001,1.3404617138774497,1.3361872861225506,0.003193864981847951,0.000752142857142852,0.8882308187301489,-0.00031379111971141516,2.2421189518784246e-05,0.00027801772067523973,0
2026-07-22 06:00:00+00:00,1.33801,1.33907,1.33687,1.33793,3153,1.338214,1.338067,1.3381375,1.341725,1.3382853211761896,1.3393136196921307,-0.0010282985159411062,-0.001254317562275757,0.0002260190463346508,46.45669291338601,1.3381375,1.339585574947198,1.3366894250528019,0.0021643141264602764,0.0008021428571428465,0.6547268430496076,-0.00029141012612821093,0.00035889192119342717,0.00023789980007722972,0
2026-07-22 07:00:00+00:00,1.33793,1.3395299999999999,1.33749,1.33823,3553,1.3381599999999998,1.338132,1.3380225,1.3415572,1.3382768102260063,1.3392333515667876,-0.0009565413407812695,-0.0011947623179768595,0.00023822097719559,47.55784061696781,1.3380225,1.3389379090256732,1.3371070909743266,0.0013683013935465668,0.0008935714285713983,0.6763433611386453,-0.00020171834142701517,0.0004859522421090112,0.00024482655258185215,0
2026-07-22 08:00:00+00:00,1.33822,1.33838,1.33711,1.33734,2832,1.337984,1.338128,1.337946,1.341388,1.3381326855758515,1.339093103302581,-0.0009604177267295011,-0.0011478933997273878,0.00018747567299788668,41.760722347629155,1.337946,1.338817886037985,1.3370741139620153,0.0013033202206738177,0.0009142857142856771,0.5625407245569847,-0.0006575899328958856,-2.9909225500612813e-05,0.00033047926409121635,1
2026-07-22 09:00:00+00:00,1.3373,1.33747,1.33659,1.3369,2604,1.3376899999999998,1.338033,1.337885,1.341174,1.3379430416411051,1.3389306512060937,-0.0009876095649885563,-0.0011158366327796215,0.00012822706779106515,38.38174273858976,1.337885,1.33886911595384,1.33690088404616,0.0014711517863492888,0.0009371428571428268,0.4962083210077603,-0.0010983509791762103,-0.0007100945546959503,0.0003192679005295982,1
2026-07-22 10:00:00+00:00,1.3369,1.33745,1.33655,1.3368,2353,1.33744,1.337866,1.337869,1.3409714,1.337767189080935,1.3387728251908275,-0.0010056361098924604,-0.0010937965282021894,8.816041830972897e-05,42.52873563218397,1.337869,1.3389140061697489,1.336823993830251,0.0015621950575862012,0.000950714285714265,0.5580536702386176,-0.0009341952841821488,-0.0012476932617092595,0.00025880761082391267,1
2026-07-22 11:00:00+00:00,1.33679,1.33725,1.3363,1.3366799999999999,2781,1.33719,1.337702,1.3378390000000002,1.3407792,1.3375999292223297,1.338617801102618,-0.0010178718802882347,-0.0010786115986193986,6.073971833116384e-05,39.63133640552963,1.3378390000000002,1.338984791383636,1.3366932086163645,0.001712898762310989,0.0009878571428571276,0.47966696253683677,-0.0009342790728963379,-0.0012254169406420434,0.0002590255958994943,1
2026-07-22 12:00:00+00:00,1.3366799999999999,1.3372600000000001,1.3354300000000001,1.33592,2793,1.3367280000000001,1.337444,1.337725,1.3405624,1.3373414785727404,1.3384179639839058,-0.00107648541116534,-0.001078186361128587,1.70094996324705e-06,35.10204081632742,1.337725,1.3391413184298793,1.3363086815701208,0.0021175031189208772,0.0010907142857142624,0.31177145482404434,-0.0017261606749213732,-0.0019275308180799477,0.00027633311678908586,1
2026-07-22 13:00:00+00:00,1.33591,1.3389,1.33591,1.33865,3405,1.33699,1.337487,1.3377365,1.3404104,1.3375427895615495,1.33843515183695,-0.0008923622754004601,-0.0010410215439829616,0.0001486592685825015,55.58659217877012,1.3377365,1.3391800522706065,1.3362929477293937,0.0021582012161684167,0.0012664285714285572,0.7472283308952067,0.0009795564329189155,0.0003213223535740717,0.000758732785218891,0
2026-07-22 14:00:00+00:00,1.33866,1.33906,1.33717,1.33739,3384,1.337088,1.337389,1.3377025,1.3402492000000001,1.3375192834751575,1.338357733182361,-0.0008384497072035924,-0.0010005071766270878,0.00016205746942349547,43.0769230769233,1.3377025,1.3391450106038376,1.3362599893961624,0.002156698673789724,0.0013321428571428453,0.2840336887001591,0.00036651956017652587,-0.0007322339861174365,0.0008172947440682179,0
2026-07-22 15:00:00+00:00,1.3374,1.33803,1.33711,1.33761,2701,1.3372499999999998,1.337345,1.337682,1.340097,1.3375332398635948,1.3383023455392233,-0.0007691056756284897,-0.0009542268764273683,0.0001851212007988785,45.48919949174076,1.337682,1.3391171467924463,1.3362468532075538,0.0021457219166382945,0.0013357142857142654,0.3588844793481484,0.0006059245960503556,-0.0003288367400321457,0.000818143056291252,0
2026-07-22 16:00:00+00:00,1.33758,1.33762,1.33649,1.33723,2239,1.3373599999999999,1.337275,1.3376709999999998,1.3399637999999998,1.337486587576888,1.338222912536318,-0.0007363249594301013,-0.000910646493027915,0.00017432153359781368,42.131350681535714,1.3376709999999998,1.3391169657126585,1.3362250342873412,0.0021619153179797544,0.0013492857142856879,0.24286816924472315,0.0004114672172845779,-0.0005231962808219803,0.0008219513484269363,1
2026-07-22 17:00:00+00:00,1.33724,1.3374,1.33682,1.33709,1742,1.337594,1.3371609999999998,1.3376465,1.3398694,1.3374255741035204,1.3381389930891834,-0.0007134189856630169,-0.0008712009915549354,0.00015778200589191855,42.875157629255305,1.3376465,1.3391153810636083,1.3361776189363916,0.002196217107596541,0.0013478571428571229,0.26856728268945523,0.0008758009461644622,-0.0008518715019093515,0.0008162294099800467,0
2026-07-22 18:00:00+00:00,1.33711,1.33754,1.33684,1.3373599999999999,1602,1.337336,1.3371629999999999,1.3376455,1.3397766000000002,1.3374154857799019,1.338081289897392,-0.0006658041174900653,-0.0008301216167419614,0.0001643174992518961,43.726708074532795,1.3376455,1.33911517200067,1.33617582799933,0.0021974013304271447,0.0013607142857142707,0.37096349574389703,-0.0009636574160535316,1.4955060044563595e-05,0.0007934895878059753,1
2026-07-22 19:00:00+00:00,1.33735,1.33744,1.3369900000000001,1.33731,1307,1.33732,1.337204,1.3376185,1.3396614000000002,1.3373992571983786,1.3380241573123999,-0.0006249001140212762,-0.0007890773161978243,0.00016417720217654812,45.24421593830325,1.3376185,1.3390921888909972,1.3361448111090029,0.0022034517181052644,0.001337857142857121,0.49511336335739536,-5.981800372367729e-05,0.00030667963198438564,0.000785298178043005,1
2026-07-22 20:00:00+00:00,1.33735,1.33766,1.33728,1.33749,1062,1.337296,1.337273,1.3375695,1.3395396,1.3374132176293971,1.337984590104074,-0.0005713724746767568,-0.0007455363478936109,0.00017416387321685415,47.19387755102029,1.3375695,1.338988120159865,1.3361508798401351,0.002121190950997217,0.0012078571428571255,0.5902905326402982,-8.971224796461286e-05,0.0005161579892281054,0.0007849570428847697,1
2026-07-22 21:00:00+00:00,1.3375,1.33756,1.33721,1.33746,910,1.337342,1.337351,1.3375265,1.3394192,1.337420414917182,1.3379457315778462,-0.0005253166606642434,-0.0007014924104477375,0.00017617574978349407,44.9141347424044,1.3375265,1.338900779141214,1.3361522208587862,0.002054956131656319,0.001087142857142858,0.4789996984761413,0.00017199733778050508,0.0005835353263310417,0.0007838950272135895,1
2026-07-22 22:00:00+00:00,1.33753,1.33753,1.33669,1.337,512,1.337324,1.3374590000000002,1.3374515,1.3392988,1.3373557356991541,1.3378756773868945,-0.0005199416877403884,-0.0006651822659062678,0.00014524057816587936,47.61904761904747,1.3374515,1.3387644360428876,1.3361385639571124,0.0019633400431905376,0.0010564285714285931,0.6110461772479038,-6.731035308016331e-05,0.0008084316426133498,0.0007669607431310585,1
2026-07-22 23:00:00+00:00,1.33701,1.33753,1.3369900000000001,1.33743,709,1.3373380000000001,1.337337,1.337412,1.3391982000000002,1.3373671609762072,1.3378426642471248,-0.0004755032709176099,-0.0006272464669085363,0.00015174319599092637,53.71669004207536,1.337412,1.3386741385360938,1.3361498614639062,0.0018874341430969725,0.0010321428571428784,0.9087164710761502,5.234192737924026e-05,-0.0009113659283606079,0.0003657834407284968,1
2026-07-23 00:00:00+00:00,1.33747,1.33815,1.3372600000000001,1.33805,1891,1.3374859999999997,1.337403,1.337396,1.3391068,1.3374722131337138,1.3378580224510415,-0.00038580931732767887,-0.0005789590369923648,0.0001931497196646859,58.169934640523,1.337396,1.338614357824925,1.336177642175075,0.0018219851486395427,0.001031428571428572,0.999999999995665,0.0005533496347145395,0.0004934985307201156,0.00025642398183807106,1
2026-07-23 01:00:00+00:00,1.33809,1.3386,1.33795,1.33811,2585,1.33761,1.337453,1.337399,1.3390072000000002,1.3375703341900655,1.3378766874546681,-0.00030635326460259904,-0.0005244378825144117,0.00021808461791181265,59.420289855073314,1.337399,1.3386244133567164,1.3361735866432836,0.0018325321863055717,0.0010100000000000029,0.999999999995888,0.00046355486769988907,0.0003738010331859609,0.0002532264820537079,0
2026-07-23 02:00:00+00:00,1.3381,1.33899,1.33808,1.33891,1881,1.3378999999999999,1.337621,1.337448,1.3389225999999999,1.337776436622363,1.3379532291246927,-0.00017679250232971455,-0.0004549088064774723,0.0002781163041477577,69.59370904325115,1.337448,1.3388310492627669,1.336064950737233,0.002068191455319218,0.000944285714285715,0.9999999999963587,0.001084144572548018,0.0012563283803086467,0.00028088816086974984,0
2026-07-23 03:00:00+00:00,1.33895,1.3391199999999999,1.3383099999999999,1.33879,1709,1.338258,1.337791,1.337476,1.3388293999999998,1.3379323694496916,1.338015212152493,-8.284270280145556e-05,-0.00038049558574226893,0.0002976528829408134,51.39442231075725,1.337476,1.3389456709263168,1.3360063290736834,0.002197678203297358,0.0007885714285714242,0.3373006610423238,0.0013388182498130785,0.0012714177804038496,0.0002795526830768799,0
2026-07-23 04:00:00+00:00,1.3388,1.33933,1.3384,1.33864,1586,1.3384999999999998,1.3379189999999999,1.337541,1.3387406,1.3380412356882005,1.33806149273379,-2.0257045589389122e-05,-0.000308447877711693,0.00028819083212230386,65.98465473145714,1.337541,1.33909775641203,1.33598424358797,0.002327788698858597,0.0007199999999999905,0.8685817778522562,0.0009047202470411353,0.000957109529221789,0.00028772693004751207,0
2026-07-23 05:00:00+00:00,1.33864,1.3388,1.33817,1.3385500000000001,1735,1.3386,1.338043,1.3376234999999999,1.3386394,1.338119507120785,1.338097678457213,2.182866357203217e-05,-0.00024239256945494795,0.0002642212330269801,62.433862433864206,1.3376234999999999,1.3392117897124285,1.3360352102875712,0.002374793374112576,0.0006992857142856959,0.7392850783186112,0.00037367811367294834,0.0009272345230351142,0.0002894107458292313,0
2026-07-23 06:00:00+00:00,1.33852,1.33907,1.33751,1.33768,2499,1.338514,1.338062,1.3376675,1.3385126,1.3380518906406644,1.338066739312234,-1.4848671569644978e-05,-0.00019688378987788735,0.00018203511830824237,55.26932084309178,1.3376675,1.3392077648439646,1.3361272351560354,0.0023029113646920985,0.0007299999999999767,0.46387856219247414,-0.00032134876803846524,0.00014205713687576171,0.00037149752831973755,0
2026-07-23 07:00:00+00:00,1.33769,1.33799,1.3366799999999999,1.3373300000000001,3089,1.338198,1.338049,1.3377,1.3383745999999999,1.3379408305421008,1.3380121660298465,-7.133548774573839e-05,-0.00017177412945145758,0.00010043864170571919,52.67857142857408,1.3377,1.339178733455244,1.3362212665447557,0.0022108596176185777,0.0007821428571428424,0.34607271886031177,-0.0011800643807275968,-9.719916857320321e-05,0.00038168530971122936,0
2026-07-23 08:00:00+00:00,1.33735,1.33765,1.33605,1.33682,2732,1.337804,1.338031,1.337745,1.3382156,1.337768395074085,1.337923857435043,-0.0001554623609578698,-0.00016851177575274005,1.3049414794870248e-05,44.279661016949646,1.337745,1.3390388803329012,1.3364511196670987,0.0019344199872191362,0.0008464285714285655,0.0,-0.0014714779763816965,-0.00013462976813771732,0.00038549130051273705,0
2026-07-23 09:00:00+00:00,1.33684,1.33773,1.33657,1.33723,2382,1.3375219999999999,1.338011,1.337674,1.3380796000000001,1.3376855650626873,1.3378724605880028,-0.00018689552531547804,-0.00017218852566528768,-1.4706999650190362e-05,49.21259842519613,1.337674,1.3389134803665357,1.3364345196334644,0.0018531874979040486,0.0008971428571428662,0.19486956029717695,-0.0010533078348174962,-0.00014954053670102052,0.0003840771073712532,0
2026-07-23 10:00:00+00:00,1.33722,1.3373300000000001,1.3360699999999999,1.3367499999999999,2495,1.337162,1.3378809999999999,1.337642,1.3379572,1.3375416319761202,1.337789315359262,-0.0002476833831417391,-0.000187287497160578,-6.039588598116111e-05,43.12267657992443,1.337642,1.3389438302905308,1.3363401697094692,0.001946455464961133,0.0009600000000000243,0.0,-0.0013447387097981212,-0.0009715630955495769,0.00035737200413096543,0
2026-07-23 11:00:00+00:00,1.3367499999999999,1.33692,1.33396,1.3355000000000001,3363,1.336726,1.33762,1.3375365,1.3378134,1.3372275347490248,1.3376197364437612,-0.000392201694736416,-0.00022827033667574564,-0.00016393135806067033,35.151515151515795,1.3375365,1.3391531668113834,1.3359198331886164,0.0024173797296500018,0.0011464285714285957,0.0,-0.0016296872196638335,-0.001950512289721873,0.00043911849504796086,0
2026-07-23 12:00:00+00:00,1.3355000000000001,1.33557,1.33346,1.33425,3770,1.33611,1.337154,1.3373875,1.337665,1.336769452479944,1.337370126336816,-0.0006006738568720138,-0.0003027510407149993,-0.0002979228161570145,31.393775372124864,1.3373875,1.3395725099361642,1.3352024900638357,0.0032675794205706534,0.0012371428571428572,0.0,-0.002303096468336263,-0.003480443046956161,0.00039723613070356226,0
2026-07-23 13:00:00+00:00,1.33422,1.33446,1.3326500000000001,1.3328,4797,1.3353059999999999,1.3365550000000002,1.337173,1.3375104,1.3361587674830298,1.337031598460015,-0.0008728309769852061,-0.0004167670279690408,-0.0004560639490161653,22.473246135554263,1.337173,1.34017174429862,1.3341742557013798,0.004485200192675333,0.0013278571428571345,0.0,-0.003007136338474825,-0.004474189379962468,0.00044705264007058554,0
2026-07-23 14:00:00+00:00,1.3328,1.33313,1.3311899999999999,1.33197,4581,1.334254,1.3358880000000002,1.3369035,1.3373723999999998,1.33551434171641,1.3366566652407543,-0.0011423235243444019,-0.0005618783272441131,-0.0005804451971002887,14.73317865429344,1.3369035,1.340695398705077,1.3331116012949231,0.005672658804583728,0.0014028571428571501,0.0,-0.0039335043335849695,-0.004982668977469684,0.00043334027249254437,0
2026-07-23 15:00:00+00:00,1.33198,1.3324,1.32984,1.33099,4613,1.3331019999999998,1.3351320000000002,1.3365875,1.3372298,1.3348182891446545,1.3362369122599576,-0.0014186231153030526,-0.0007332272848559012,-0.0006853958304471515,12.683438155137466,1.3365875,1.3412010948992983,1.3319739051007018,0.006903543388365139,0.0015392857142857272,0.0,-0.004308958294370613,-0.005647902581151443,0.0004102283067713675,1
2026-07-23 16:00:00+00:00,1.33102,1.33252,1.33098,1.33236,3041,1.332474,1.3346,1.336331,1.3371346,1.3344400908147078,1.3359497335740347,-0.0015096427593268569,-0.0008885103797500925,-0.0006211323795767644,17.606330365974912,1.336331,1.3412907618788439,1.331371238121156,0.0074229541615721695,0.0015842857142857206,0.09235984705488545,-0.0023511793335830866,-0.003977034866335716,0.0006473085215304111,0
2026-07-23 17:00:00+00:00,1.3323800000000001,1.33243,1.3313,1.33134,2544,1.331892,1.334001,1.3360249999999998,1.3370158,1.333963153766291,1.33560827182781,-0.001645118061518902,-0.0010398319161038546,-0.0006052861454150474,16.16712079927416,1.3360249999999998,1.3414269314284795,1.3306230685715201,0.008086572374738,0.0016071428571428706,0.0653584077042974,-0.0021810005621135664,-0.0044790739757577525,0.0006550622770868249,1
2026-07-23 18:00:00+00:00,1.33134,1.3318699999999999,1.33127,1.33162,2061,1.3316560000000002,1.333481,1.335756,1.3368842,1.3336026685714772,1.3353128442850093,-0.0017101757135320472,-0.0011739006755894933,-0.000536275037942554,18.491921005386928,1.335756,1.3414797323119667,1.3300322676880332,0.008570026729382863,0.001583571428571446,0.11675242843549961,-0.0008853541416565802,-0.0038898280995196544,0.0006877193915546636,0
2026-07-23 19:00:00+00:00,1.33164,1.33194,1.33111,1.33168,1755,1.331598,1.332926,1.3354685,1.3367494,1.3333068734066345,1.3350437447083419,-0.00173687130170741,-0.0012864948008130767,-0.00045037650089433333,19.08190819081949,1.3354685,1.3414116279200259,1.329525372079974,0.008900438939631952,0.0015978571428571589,0.15024861836377637,-0.00021772262138042286,-0.0041503705420906645,0.0006628180463990909,1
2026-07-23 20:00:00+00:00,1.33172,1.33192,1.33129,1.33138,837,1.3316759999999999,1.332389,1.335135,1.3366156,1.3330104313440752,1.3347723562114278,-0.0017619248673526045,-0.0013815808141209823,-0.00038034405323162214,20.113851992410616,1.335135,1.3412151817839952,1.3290548182160047,0.009107965537560285,0.0015314285714285805,0.1857829498017849,0.00029301497381650776,-0.004017205909855881,0.0006654305472155445,1
2026-07-23 21:00:00+00:00,1.33137,1.33147,1.33112,1.33147,699,1.331498,1.331986,1.334803,1.3364846,1.3327734419065251,1.3345277372328033,-0.0017542953262781324,-0.0014561237165524126,-0.00029817160972571985,21.498054474708,1.334803,1.3409241973373043,1.3286818026626956,0.009171686514495875,0.0014628571428571308,0.24130355733283454,-0.0006679876309706456,-0.00301759640584065,0.0006516187328993051,0
2026-07-23 22:00:00+00:00,1.33155,1.33175,1.3313,1.33158,419,1.331546,1.331719,1.3344365,1.3363672,1.3325898354593675,1.3343093863266697,-0.0017195508673022442,-0.001508809146702379,-0.00021074172059986512,23.481781376518967,1.3344365,1.3403979878927041,1.328475012107296,0.008934839376327192,0.0013807142857142748,0.29560885444724727,0.00018026950290694899,-0.0020011242270938645,0.0006203642628952123,0
2026-07-23 23:00:00+00:00,1.33158,1.33158,1.33106,1.3311899999999999,730,1.3314599999999999,1.3315579999999998,1.3340565,1.3362394,1.3323744761579261,1.3340783206728422,-0.0017038445149160086,-0.0015478162203451053,-0.00015602829457090337,19.371196754564295,1.3340565,1.3398149839927591,1.3282980160072408,0.00863304364209332,0.001334999999999991,0.2197084731909374,-0.00032291494570535484,-0.0012079831932774177,0.0005398694070196495,0
2026-07-24 00:00:00+00:00,1.33115,1.3324099999999999,1.33108,1.3324099999999999,2144,1.3316059999999998,1.3316019999999997,1.333745,1.33614,1.332379941364399,1.3339547413637425,-0.0015747999993434014,-0.0015532129761447646,-2.15870231986368e-05,29.52830188679272,1.333745,1.3391208230704088,1.3283691769295911,0.008061245696004629,0.0013399999999999604,0.7497243192773256,0.0005481797428810165,0.0003303377703700594,0.0005972145087347108,0
2026-07-24 01:00:00+00:00,1.33242,1.33264,1.33191,1.3320699999999999,2173,1.331744,1.33171,1.333421,1.3360243999999997,1.3323322580775685,1.333815130892354,-0.0014828728147855408,-0.00153914494387292,5.627212908737925e-05,32.301341589266684,1.333421,1.338339077930091,1.328502922069909,0.007376631881590323,0.0011807142857142492,0.9999999999949027,0.0005182592498007565,0.0008114260813378849,0.0005455654516016017,1
2026-07-24 02:00:00+00:00,1.33205,1.33223,1.33136,1.33139,1745,1.3317279999999998,1.331613,1.3331065,1.3358828000000003,1.332187295296404,1.3336354915669943,-0.0014481962705903406,-0.0015209552092164042,7.275893862606362e-05,34.320175438597275,1.3331065,1.3376694689088677,1.3285435310911322,0.006845617974059476,0.0010921428571428274,0.9999999999953784,-6.008396734424881e-05,-0.0007280314629678486,0.0004586213783951356,1
2026-07-24 03:00:00+00:00,1.33138,1.33151,1.33109,1.33141,1465,1.331694,1.33162,1.3328105000000001,1.3357446,1.3320677114046497,1.3334706403398096,-0.0014029289351598084,-0.0014973499544050852,9.442101924527673e-05,40.962288686605945,1.3328105000000001,1.3369701076485185,1.3286508923514817,0.006241859061762216,0.0009928571428571128,0.9999999999964638,-0.00012766788326645795,5.2578605014508284e-05,0.00038869636199473275,1
2026-07-24 04:00:00+00:00,1.3314300000000001,1.3315000000000001,1.3306200000000001,1.33102,1224,1.33166,1.33156,1.3325205,1.3355949999999999,1.3319065250347037,1.3332891114257495,-0.0013825863910457148,-0.0014743972417332113,9.181085068749647e-05,43.448275862068904,1.3325205,1.336293922151971,1.328747077848029,0.005663585891505552,0.0009171428571428228,0.9999999999967496,-0.00012770528624750366,-0.00045057899400724466,0.0003917724190923089,1
2026-07-24 05:00:00+00:00,1.33104,1.33165,1.3308200000000001,1.33087,1572,1.331352,1.3314789999999999,1.3322025,1.3354479999999997,1.3317470596447494,1.3331099179868051,-0.0013628583420557394,-0.001452089461797717,8.923111974197756e-05,49.06542056074844,1.3322025,1.3353197246428243,1.3290852753571756,0.004679806024721285,0.0007935714285713777,0.9999999999969603,-0.0011558003917712112,-0.0006082542352516818,0.0003909184248224617,1
2026-07-24 06:00:00+00:00,1.33084,1.33259,1.33079,1.33259,2694,1.331456,1.3316,1.3319945,1.3353323999999998,1.3318767427763265,1.333071405543338,-0.0011946627670114118,-0.001400604122840456,0.00020594135582904425,51.69867060561272,1.3319945,1.3342776785323702,1.3297113214676297,0.0034282101500723253,0.0008121428571428169,0.9999999999971856,0.0003903698754570417,0.0009088314380567564,0.0005724223508393141,0
2026-07-24 07:00:00+00:00,1.3326,1.33441,1.33222,1.33353,2821,1.331884,1.331806,1.331896,1.335242,1.332131090041507,1.3331053755030906,-0.0009742854615835128,-0.0013153403905890675,0.0003410549290055547,66.36771300448565,1.331896,1.3336513815000386,1.3301406184999613,0.002635913765096707,0.0008878571428571069,0.9999999999979112,0.001607342701988257,0.0015471621591174323,0.0006041769340682371,0
2026-07-24 08:00:00+00:00,1.33355,1.3336700000000001,1.33197,1.3321,2727,1.332022,1.331858,1.3317885,1.3351254,1.3321263069581983,1.3330309032436023,-0.000904596285403958,-0.0012331915695520457,0.00032859528414808776,53.0612244897962,1.3317885,1.3331577606534166,1.3304192393465835,0.0020562734299276225,0.0009664285714285427,0.7185944372270561,0.0005182475721228208,0.00039051352528574057,0.0007189868557675698,1
2026-07-24 09:00:00+00:00,1.33212,1.3322,1.3312599999999999,1.33191,2289,1.3321999999999998,1.33193,1.331744,1.334999,1.3320930289646293,1.332947873373706,-0.0008548444090765717,-0.001157522137456951,0.00030267772838037934,51.442910915934455,1.331744,1.3330301758904621,1.330457824109538,0.0019315662626782526,0.0009742857142857053,0.6824274801721198,0.0006686601253174107,0.0005408694476372045,0.0007128176046692328,1
2026-07-24 10:00:00+00:00,1.33192,1.33282,1.33129,1.3322,2472,1.332466,1.331909,1.3317554999999999,1.3348961999999998,1.3321094860469942,1.332892475346024,-0.0007829892990298681,-0.0010826155697715345,0.0002996262707416664,55.15075376884437,1.3317554999999999,1.333054235822635,1.3304567641773648,0.0019504118025194064,0.0010385714285714126,0.7613236016034234,0.0009993462922750496,-0.00015760914433227136,0.0006504295485168575,1
2026-07-24 11:00:00+00:00,1.33218,1.33278,1.33136,1.3322,2411,1.3323880000000001,1.331922,1.3318159999999999,1.3348021999999997,1.3321234112705336,1.3328411808759482,-0.0007177696054145866,-0.0010096463769001449,0.0002918767714855583,54.637865311309376,1.3318159999999999,1.333076766684098,1.3305552333159019,0.0018933046067895639,0.001114999999999993,0.7504102723088343,-0.0002926631597114371,9.759246886442696e-05,0.0006449675080421637,1
2026-07-24 12:00:00+00:00,1.33227,1.33253,1.33053,1.33101,2738,1.331884,1.331884,1.3317485,1.3346863999999998,1.331952117228913,1.3327055378481,-0.0007534206191870396,-0.0009584012253575239,0.00020498060617048426,46.815642458100875,1.3317485,1.3330310020776204,1.3304659979223796,0.0019260424586479703,0.0012257142857142744,0.5839676617205453,-0.001889721266113309,-0.00028541599381104454,0.0006891322038186958,1
2026-07-24 13:00:00+00:00,1.33098,1.33267,1.33054,1.33252,3363,1.331968,1.331995,1.3318075,1.3346031999999999,1.3320394838090803,1.3326917943037964,-0.0006523104947160352,-0.0008971830792292263,0.00024487258451319114,56.60377358490591,1.3318075,1.3331191141121153,1.3304958858878848,0.0019696752152472824,0.0013407142857142665,0.734959405608851,0.00031529164477128724,0.0008337026160236682,0.0007816687766572791,0
2026-07-24 14:00:00+00:00,1.33251,1.33342,1.33192,1.33262,3696,1.3321100000000001,1.332155,1.3318575,1.3345371999999998,1.3321287939922988,1.3326864762072188,-0.00055768221492003,-0.0008292829063673872,0.00027160069144735715,51.17318435754214,1.3318575,1.3332144761275269,1.330500523872473,0.0020377196922748016,0.0013528571428571398,0.5539727885368256,0.0005330690512121983,0.0012020856185479545,0.000770555956123923,0
2026-07-24 15:00:00+00:00,1.33263,1.3348499999999999,1.3324099999999999,1.33413,3718,1.3324960000000001,1.332481,1.3319800000000002,1.3344468,1.3324366718396374,1.332793403895573,-0.00035673205593567126,-0.000734772736281044,0.00037804068034537276,60.177865612648944,1.3319800000000002,1.3336707924022537,1.3302892075977466,0.0025387654503124073,0.0014749999999999883,0.8068541965450128,0.0014487314217084268,0.002449525498358307,0.0008272994701520326,0
2026-07-24 16:00:00+00:00,1.33415,1.33452,1.3331,1.33323,2042,1.3327019999999998,1.332545,1.3320725,1.3343635999999999,1.332558722325847,1.332825744347753,-0.00026702202190587165,-0.0006412225934060097,0.000374200571500138,58.89748549322901,1.3320725,1.333826327393578,1.330318672606422,0.0026332311395633333,0.001514285714285706,0.7059593487651425,0.0007731571836060436,0.0004802677492701246,0.0007832637330054915,1
2026-07-24 17:00:00+00:00,1.33323,1.33327,1.3321,1.3324799999999999,1956,1.332996,1.3324399999999998,1.332123,1.334261,1.3325466111987936,1.3328001336553268,-0.00025352245653320615,-0.000563682566031449,0.0003101601094982428,54.832881662149276,1.332123,1.333861881673327,1.330384118326673,0.00261069236598577,0.0015678571428571367,0.4967227480015789,0.0011044244596207786,-0.0007873838608807304,0.0007675423628229277,1
2026-07-24 18:00:00+00:00,1.3324799999999999,1.33292,1.33233,1.3325,1609,1.332992,1.3324799999999999,1.332169,1.3341664,1.332539440245133,1.33277790153271,-0.00023846128757698537,-0.0004986383103405562,0.00026017702276357087,56.91588785046641,1.332169,1.3338960345744078,1.3304419654255921,0.002592816038217096,0.001547142857142858,0.5165818816146528,-1.5009155584833067e-05,0.00030027775692520464,0.0006835270730583003,1
2026-07-24 19:00:00+00:00,1.33252,1.33271,1.3321,1.3321100000000001,1852,1.3328900000000001,1.3325,1.3322150000000001,1.3340668,1.3324733725151126,1.3327284273451017,-0.0002550548299891098,-0.0004499216142702669,0.00019486678428115714,55.66727605118858,1.3322150000000001,1.333880141056184,1.3305498589438163,0.002499808298486163,0.0015314285714285805,0.4527210339203242,-0.0003827047470394973,0.00015016029611625292,0.0006893656093609374,1
2026-07-24 20:00:00+00:00,1.3321100000000001,1.3327200000000001,1.33164,1.33239,1351,1.3325420000000001,1.332519,1.332214,1.3339674,1.332460545974326,1.3327033586528718,-0.0002428126785458673,-0.000408499827125387,0.0001656871485795197,48.9473684210528,1.332214,1.3338786719291578,1.3305493280708423,0.0024991058931339216,0.001480000000000021,0.10902814399548001,-0.0013042207281149798,0.00014262122804375998,0.0006891236034622543,1
2026-07-26 21:00:00+00:00,1.33312,1.33338,1.3325,1.33328,403,1.3325520000000002,1.332627,1.3322745,1.3338868,1.3325866158244297,1.332746072826733,-0.0001594570023033537,-0.00035869126216098033,0.00019923425985762664,48.67724867724829,1.3322745,1.3340038317845917,1.3305451682154084,0.002596059272457245,0.0013942857142857288,0.13931859972716112,3.750290647541732e-05,0.0008106890857229043,0.0007192784268771725,1
2026-07-26 22:00:00+00:00,1.3334,1.33563,1.3334,1.3342800000000001,1555,1.3329119999999999,1.3329540000000002,1.332419,1.3338226,1.332847136466825,1.3328596970617899,-1.2560594964794447e-05,-0.00028946512872174315,0.0002769045337569487,62.084257206208186,1.332419,1.3343123334569198,1.3305256665430802,0.0028419490519420343,0.0014407142857143032,0.9999999999934506,0.001350864553314235,0.0024567809407893826,0.0006569067942799867,1
2026-07-26 23:00:00+00:00,1.33427,1.3351600000000001,1.33418,1.33502,1061,1.3334160000000002,1.3332039999999998,1.3325995,1.3337738,1.3331814231642367,1.333019719501657,0.00016170366257961533,-0.00019923137046147144,0.00036093503304108674,66.2486938349011,1.3325995,1.334757612967175,1.3304413870328249,0.003238952089018572,0.0014435714285714488,0.9999999999948542,0.0018911819887430514,0.0018761444481134593,0.0005921240375415969,1
2026-07-27 00:00:00+00:00,1.33506,1.33629,1.33493,1.33507,3072,1.334008,1.3334489999999999,1.332802,1.3337351999999998,1.333471973446662,1.333171592131164,0.0003003813154980328,-9.930883326957058e-05,0.0003996901487676034,65.38049303322566,1.332802,1.3350920848065502,1.33051191519345,0.003436496653741711,0.0014314285714286073,0.9553234957837111,0.002222038720526065,0.0018384835887199635,0.0005930367602708015,1
2026-07-27 01:00:00+00:00,1.33509,1.33631,1.33509,1.33631,2548,1.334792,1.333667,1.3330739999999999,1.3337127999999998,1.3339085929164063,1.333404066788115,0.0005045261282912161,2.1458159042586792e-05,0.00048306796924862933,69.44181646168393,1.3330739999999999,1.3356697487511473,1.3304782512488524,0.003894380583744685,0.0014185714285714754,0.9999999999955804,0.0029420815226774977,0.0016340236708567435,0.0005592563930252029,0
2026-07-27 02:00:00+00:00,1.33632,1.33633,1.3354,1.33548,1876,1.3352320000000002,1.333892,1.3332184999999999,1.3336614,1.3341503478523438,1.3335578396186252,0.0005925082337185916,0.0001356681739777878,0.0004568400597408038,71.89030362389742,1.3332184999999999,1.3360148154328746,1.3304221845671251,0.004194834429427329,0.0013421428571429108,0.9999999999956921,0.0016500660026401714,0.0016876307913864519,0.0005505394595207735,0
2026-07-27 03:00:00+00:00,1.33548,1.33564,1.33497,1.33524,1647,1.3354240000000002,1.334168,1.333304,1.333604,1.3343179866442907,1.3336824440913195,0.0006355425529711578,0.00023564304977646182,0.000399899503194696,65.21252796420546,1.333304,1.336241427445935,1.330366572554065,0.004406238106140924,0.0012378571428571952,0.7123267198087107,0.0007194891626942646,0.0020713256484150566,0.0005055036287398902,0
2026-07-27 04:00:00+00:00,1.33526,1.3354599999999999,1.33494,1.33507,1385,1.335434,1.334425,1.3334525,1.3335272,1.3344336810067077,1.333785226010481,0.0006484549962266772,0.00031820543906650495,0.0003302495571601723,63.59600443951139,1.3334525,1.336433611590652,1.3304713884093478,0.004471267766421638,0.0011678571428571807,0.6426881682090876,3.7452622432487814e-05,0.0019287054409005133,0.0005134527244148973,0
2026-07-27 05:00:00+00:00,1.33511,1.33561,1.33494,1.33527,1603,1.335474,1.334741,1.3336204999999999,1.3334567999999998,1.3345623454672142,1.333895209268964,0.0006671361982502066,0.00038799159090324535,0.0002791446073469613,57.40259740259662,1.3336204999999999,1.33661427934006,1.3306267206599398,0.004489702040513123,0.0010414285714286059,0.3758811042046952,0.00014980487914484364,0.0023721764719129013,0.00048525585752565197,0
2026-07-27 06:00:00+00:00,1.33527,1.33609,1.33475,1.33494,2680,1.3352,1.334996,1.3337575,1.3333827999999999,1.3346204461645657,1.3339726011749666,0.0006478449895990224,0.0004399622706424008,0.00020788271895662156,61.99158485273549,1.3337575,1.3367282619083185,1.3307867380916814,0.00445472570286364,0.0010357142857143145,0.5735710446569983,-0.001025211215960442,0.0019138540517416036,0.0005090385728872481,0
2026-07-27 07:00:00+00:00,1.33493,1.3352,1.3334,1.33346,3384,1.3347959999999999,1.3350140000000001,1.3338205,1.3332810000000002,1.3344419159854017,1.3339346307175617,0.0005072852678400519,0.0004534268700819311,5.385839775812082e-05,56.23409669211327,1.3338205,1.3367043605339153,1.3309366394660849,0.0043242108423362895,0.0010807142857143237,0.32554302017551867,-0.0015125647707190382,0.00013500540021604834,0.0006217592586013525,0
2026-07-27 08:00:00+00:00,1.33345,1.33401,1.33303,1.33373,2366,1.3344939999999998,1.334959,1.3339565,1.333202,1.3343323904491862,1.3339194728866313,0.0004129175625549042,0.0004453250085765257,-3.240744602162152e-05,57.58323057953199,1.3339565,1.3365211772650392,1.3313918227349608,0.003845218738450875,0.0011085714285714587,0.38366263823154984,-0.0011308828375422575,-0.0004122073327937903,0.0005718107361497135,0
2026-07-27 09:00:00+00:00,1.33372,1.33409,1.33294,1.33307,2176,1.334094,1.3347639999999998,1.333984,1.3331168,1.3341381765339266,1.333856548969103,0.0002816275648236388,0.0004125855198259484,-0.00013095795500230956,55.72792362768403,1.333984,1.336495056812562,1.3314729431874381,0.0037647480218082345,0.0011471428571428863,0.3037374859366861,-0.0014980487914491025,-0.0014606522748723538,0.0005460602642830624,0
2026-07-27 10:00:00+00:00,1.3330600000000001,1.33361,1.33164,1.33186,2347,1.333412,1.334443,1.333946,1.3330176,1.3337876878363994,1.333708656452873,7.90313835263845e-05,0.0003458746925660356,-0.0002668433090396511,47.15359828141831,1.333946,1.3365646649873388,1.3313273350126613,0.00392619339514307,0.001210714285714303,0.0,-0.00255379061912564,-0.002404368310275795,0.0005907394646303298,0
2026-07-27 11:00:00+00:00,1.3318699999999999,1.33213,1.33093,1.33138,2832,1.3327,1.3339500000000002,1.3338085,1.3329005999999999,1.3334172743231072,1.3335361633822898,-0.00011888905918255865,0.0002529219422163167,-0.00037181100139887537,39.325842696629294,1.3338085,1.3366645206029257,1.3309524793970742,0.004282504726766668,0.001225714285714306,0.0,-0.002666786522240727,-0.0036892637187480037,0.0004244721264035805,0
2026-07-27 12:00:00+00:00,1.33136,1.33178,1.3304,1.33137,2612,1.332282,1.333539,1.3337154999999998,1.3327930000000001,1.333102309042629,1.3333757068354535,-0.0002733977928244258,0.0001476579952081682,-0.00042105578803259397,31.605562579012897,1.3337154999999998,1.3367653902482617,1.330665609751738,0.004573524485937001,0.0011564285714285821,0.0,-0.001567351101645409,-0.0030775451523048503,0.0004283839309167728,0
2026-07-27 13:00:00+00:00,1.33134,1.3320699999999999,1.33078,1.33105,3123,1.331746,1.33312,1.333644,1.3327039999999999,1.332786569189917,1.3332034322550497,-0.0004168630651326666,3.475378314000121e-05,-0.0004516168482726678,23.497997329772815,1.333644,1.3368773746425484,1.3304106253574517,0.004848932162628646,0.0011785714285714097,0.0,-0.0020094022028446235,-0.003138012641922039,0.00042679076442269184,0
2026-07-27 14:00:00+00:00,1.33107,1.33171,1.32988,1.33025,3340,1.331182,1.332638,1.3335314999999999,1.3326239999999998,1.3323963277760835,1.3329846594954162,-0.000588331719332702,-8.986331735453947e-05,-0.0004984684019781625,20.75242718446661,1.3335314999999999,1.3370742392019115,1.3299887607980883,0.005313319110814579,0.0012121428571428363,0.0,-0.0021154177950145625,-0.003610297587392508,0.00043002505044209457,0
2026-07-27 15:00:00+00:00,1.33023,1.33069,1.3299,1.33017,2980,1.3308440000000001,1.332128,1.3334344999999999,1.3325714,1.3320538158105322,1.3327761661994595,-0.0007223503889273175,-0.00021636073166909512,-0.0005059896572582223,6.6384180790956435,1.3334344999999999,1.3372377699227629,1.3296312300772368,0.005704472057327197,0.0011799999999999589,0.0,-0.0012689021368612607,-0.0038194522456131974,0.00040678379990579554,0
2026-07-27 16:00:00+00:00,1.3302100000000001,1.33139,1.32995,1.33032,2728,1.330632,1.331666,1.3333309999999998,1.3325384,1.3317870749166043,1.3325942279624625,-0.000807153045858211,-0.00033451919450691836,-0.00047263385135129266,9.68749999999794,1.3333309999999998,1.3373599212347624,1.3293020787652372,0.006043392428080675,0.001216428571428531,0.05205511320407107,-0.0007961663837522392,-0.003460829700211332,0.0004350341912698563,0
2026-07-27 17:00:00+00:00,1.3303,1.33033,1.32839,1.32907,2382,1.330172,1.331227,1.3331205000000002,1.3325,1.331369063390973,1.3323331740393172,-0.0009641106483442297,-0.00046043748527438075,-0.0005036731630698489,8.367071524964487,1.3331205000000002,1.3375777895941874,1.328663210405813,0.006687001803943799,0.0013071428571428242,0.03034983671757524,-0.001727543808257681,-0.00329218724221203,0.0004043306640175006,0
2026-07-27 18:00:00+00:00,1.3290899999999999,1.3294000000000001,1.32866,1.32881,2183,1.3297240000000001,1.330735,1.3328470000000001,1.3324289999999999,1.3309753613308233,1.3320721981845531,-0.0010968368537298545,-0.0005877173589654756,-0.0005091194947643789,8.266666666665003,1.3328470000000001,1.337661675373014,1.3280323246269863,0.007224648249969924,0.0013228571428571337,0.02941563568033868,-0.0016828819353142954,-0.0036889025514909024,0.0003636715490917848,1
2026-07-27 19:00:00+00:00,1.32884,1.32962,1.32881,1.32916,1472,1.3295059999999999,1.330344,1.332554,1.3323854,1.3306960749722352,1.3318564798005124,-0.0011604048282771728,-0.0007022548528278151,-0.0004581499754493577,10.065359477121135,1.332554,1.337522644419614,1.327585355580386,0.007457325436138388,0.0013328571428571356,0.06191048494178059,-0.0008193948505920146,-0.0029330792831584462,0.0004106331149136507,1
2026-07-27 20:00:00+00:00,1.32912,1.32926,1.32859,1.32881,791,1.329234,1.330039,1.332241,1.3323291999999998,1.3304059095918914,1.3316308146301041,-0.0012249050382127091,-0.000806784889904794,-0.0004181201483079151,10.039113428941022,1.332241,1.3373295460647199,1.3271524539352801,0.007639077411248967,0.0012850000000000123,0.06675253441770103,-0.0010224257049851193,-0.00229003048368448,0.0003495879381942972,1
2026-07-27 21:00:00+00:00,1.32882,1.32915,1.32852,1.32915,607,1.3290000000000002,1.329816,1.331883,1.3322786000000002,1.3302126927316005,1.3314470505834295,-0.0012343578518290155,-0.0008922994822896385,-0.000342058369539377,16.998468606428943,1.331883,1.3367696611139153,1.3269963388860846,0.007337973551603761,0.0012014285714285913,0.20335830124459145,-0.0008794876420710196,-0.0016749538073277392,0.0003771215358954965,1
2026-07-27 22:00:00+00:00,1.32923,1.32923,1.3287,1.32886,559,1.3289579999999999,1.3295649999999999,1.331552,1.3322281999999999,1.3300045861575083,1.331255417206879,-0.0012508310493706265,-0.0009640057957058362,-0.00028682525366479034,12.82442748091266,1.331552,1.3363078566664408,1.3267961433335593,0.007143328486519098,0.00116928571428573,0.1260149054807968,-0.00015800522169640008,-0.0018852760690116765,0.00037304984146499433,1
2026-07-27 23:00:00+00:00,1.32886,1.3290199999999999,1.32866,1.32896,618,1.328988,1.329356,1.331238,1.332178,1.3298438805948147,1.3310853863026655,-0.001241505707850754,-0.0010195057781348198,-0.0002219999297159343,15.692821368944877,1.331238,1.3357936562875923,1.3266823437124076,0.006844240154791793,0.0011128571428571535,0.22348174794265904,0.00011288295542621896,-0.0015701889485745246,0.00038144322669372556,1
2026-07-28 00:00:00+00:00,1.32896,1.32938,1.32855,1.32928,1815,1.329012,1.329259,1.3309485,1.332132,1.329757129734074,1.3309516539839494,-0.0011945242498754283,-0.0010545094724829416,-0.0001400147773924867,24.70588235293924,1.3309485,1.335204884801578,1.3266921151984221,0.006396017278772203,0.0010314285714285879,0.5527344073505526,9.028258448950943e-05,-0.0007291862431872964,0.00036511911825423774,0
2026-07-28 01:00:00+00:00,1.32931,1.32978,1.32892,1.32917,1656,1.329084,1.329159,1.3306435,1.3320916,1.329666802082678,1.3308196796147682,-0.0011528775320901463,-0.0010741830844043826,-7.869444768576371e-05,26.638477801266433,1.3306435,1.3344460491450028,1.3268409508549974,0.00571535372923351,0.0010071428571428573,0.8010551515875982,0.0002709190930230143,-0.0007517836066067707,0.00036510144760467316,1
2026-07-28 02:00:00+00:00,1.32921,1.33003,1.32904,1.32979,1520,1.3292119999999998,1.329106,1.330386,1.3320391999999999,1.32968575560842,1.3307434070507114,-0.0010576514422913075,-0.0010708767559817675,1.3225313690460065e-05,35.2059925093632,1.330386,1.3336182219830222,1.327153778016978,0.004859073957516221,0.0009792857142857222,0.9999999999964996,0.0004815107399465113,-0.00039840038486971263,0.00040072188165797524,0
2026-07-28 03:00:00+00:00,1.32982,1.33039,1.32946,1.32977,1545,1.329394,1.329176,1.3302015,1.3319932,1.329698716284048,1.3306713028247328,-0.0009725865406848833,-0.0010512187129223906,7.863217223750738e-05,37.30158730158546,1.3302015,1.3330988183608943,1.3273041816391058,0.004356209733479087,0.0009535714285714425,0.9999999999967388,0.0006847974955976888,0.0005266840723212596,0.00024734164109058957,1
2026-07-28 04:00:00+00:00,1.32974,1.32974,1.32918,1.32937,1405,1.3294759999999999,1.329232,1.3299835,1.3319528,1.3296481445480404,1.3305749100229007,-0.0009267654748603693,-0.0010263280653099863,9.956259044961702e-05,40.51724137930994,1.3299835,1.3323748992821112,1.3275921007178888,0.003596133759721356,0.0008650000000000047,0.9999999999970483,0.00030851191909464504,0.00042142970025804694,0.00026093649789334105,0
2026-07-28 05:00:00+00:00,1.3293599999999999,1.3295,1.32852,1.32876,1682,1.3293719999999998,1.3291920000000002,1.329768,1.3318998,1.329511506925265,1.3304404722434267,-0.0009289653181616675,-0.0010068555158803225,7.789019771865498e-05,36.363636363634804,1.329768,1.3317257602670725,1.3278102397329277,0.002944514031127828,0.0008785714285714428,0.8712083411607021,-0.00039118921521430483,-0.0003009419482981057,0.000291111654012429,0
2026-07-28 06:00:00+00:00,1.3287499999999999,1.33016,1.32854,1.32984,2284,1.3295059999999999,1.329295,1.3296670000000002,1.3318762000000002,1.329562044321378,1.3303959928179878,-0.0008339484966097821,-0.0009722741120262144,0.00013832561541643235,46.065573770491504,1.3296670000000002,1.331360990617063,1.3279730093829374,0.0025479922673312463,0.0008914285714285748,0.9999999999973543,0.0005040739709742947,0.0007751296272604513,0.0003804811077334398,0
2026-07-28 07:00:00+00:00,1.32981,1.33047,1.32911,1.32913,2042,1.329374,1.3292929999999998,1.3295545,1.3318414,1.3294955759642428,1.3303022155722108,-0.0008066396079680072,-0.0009391472112145732,0.000132507603246566,50.539568345323275,1.3295545,1.3310575841977197,1.3280514158022803,0.002261034350558352,0.0008500000000000016,0.9999999999976343,-0.0004963189676566726,-1.5047210623397866e-05,0.00041933727036261813,1
2026-07-28 08:00:00+00:00,1.32913,1.33051,1.3290899999999999,1.3302399999999999,2211,1.3294679999999999,1.329431,1.329498,1.3317944,1.3296101027389748,1.3302976070113064,-0.0006875042723315516,-0.0008888186234379689,0.00020131435110641723,61.154446177845664,1.329498,1.3307828526436762,1.328213147356324,0.0019328387762541513,0.0008985714285714311,0.9999999999980436,0.00035344458064168194,0.001038484114203042,0.00048585451061109304,0
2026-07-28 09:00:00+00:00,1.33026,1.3302800000000001,1.32793,1.32797,1839,1.3291879999999998,1.329332,1.329344,1.3316831999999998,1.329357779240671,1.3301251916771355,-0.0007674124364644985,-0.0008645373860432749,9.712494957877637e-05,42.857142857144005,1.329344,1.330583123629262,1.3281048763707382,0.0018642633197455722,0.001008571428571438,0.6420388494652232,-0.0010531304302037192,-0.000744943414399124,0.0007515644903867011,1
2026-07-28 10:00:00+00:00,1.32797,1.32826,1.3273,1.32793,2186,1.329022,1.329197,1.329228,1.3315998,1.3291381208959525,1.3299625848862364,-0.0008244639902839079,-0.0008565227068914015,3.205871660749357e-05,44.51371571072333,1.329228,1.3305421112666849,1.3279138887333153,0.0019772548677650364,0.0010292857142857167,0.6556854121754372,-0.0006246425238567443,-0.0010155873856523279,0.0007437885389724921,1
2026-07-28 11:00:00+00:00,1.32795,1.32835,1.32738,1.32789,2446,1.328632,1.329069,1.3291140000000001,1.3315194000000004,1.3289461022965752,1.3298090600798487,-0.0008629577832734991,-0.0008578097221678209,-5.148061105678201e-06,41.839378238341894,1.3291140000000001,1.330478642231953,1.3277493577680473,0.0020534615269312832,0.0010535714285714157,0.600350497261663,-0.0014663418155567154,-0.0009630069893241666,0.0007441209348275775,1
2026-07-28 12:00:00+00:00,1.32792,1.32989,1.3278699999999999,1.32975,2336,1.3287559999999998,1.329065,1.3290855000000001,1.3314704,1.3290697788663328,1.329804685259119,-0.0007349063927861721,-0.0008332290562914911,9.832266350531902e-05,54.790096878364125,1.3290855000000001,1.330365261079745,1.3278057389202553,0.0019257769041116047,0.0011600000000000024,0.8600061188679405,0.0004664705484038745,-3.007993743375792e-05,0.0008705133859991996,0
2026-07-28 13:00:00+00:00,1.32975,1.33032,1.32937,1.33002,2502,1.328712,1.3290899999999999,1.3291330000000001,1.3314268,1.329215966733051,1.3298206344991843,-0.0006046677661333266,-0.0007875167982598582,0.0001828490321265316,55.60253699788614,1.3291330000000001,1.330479138336587,1.3277868616634132,0.002025588615416097,0.0012021428571428658,0.8476782457955037,-0.00016538369016105836,0.0001880024365117361,0.0008728975039930871,0
2026-07-28 14:00:00+00:00,1.33003,1.33018,1.32851,1.32913,3082,1.3289440000000001,1.3290659999999999,1.329149,1.3313891999999998,1.3292027410818124,1.3297694763881336,-0.000566735306321231,-0.0007433604998721328,0.00017662519355090178,49.252243270188956,1.329149,1.3304865531470669,1.327811446852933,0.0020126459066168822,0.0012621428571428467,0.6551682172765446,0.0008735137088939915,-0.00018053664517780899,0.0008953819512695239,0
2026-07-28 15:00:00+00:00,1.32913,1.33107,1.32882,1.33087,3763,1.329532,1.3292769999999998,1.3292345,1.3313561999999999,1.3294592424538414,1.3298509966556793,-0.00039175420183790166,-0.0006730392402652867,0.000281285038427385,57.28987993138951,1.3292345,1.3307778043838556,1.3276911956161446,0.0023220949860322253,0.001361428571428577,0.8510675705028525,0.0022139721220244546,0.0015879466570336565,0.0009700300409439378,0
2026-07-28 16:00:00+00:00,1.33087,1.3311,1.33002,1.33007,2400,1.329968,1.3293,1.3292975,1.3313052,1.3295532051532506,1.3298672191256289,-0.0003140139723782909,-0.0006012341866878876,0.0002872202143095967,51.18243243243269,1.3292975,1.3308704272075258,1.3277245727924742,0.0023665540746533806,0.0013678571428571429,0.5977536103013271,0.0016417022494332745,0.00017295313721965577,0.0009672032674633653,0
2026-07-28 17:00:00+00:00,1.33009,1.33057,1.32907,1.32917,2051,1.329852,1.329304,1.3292985,1.331206,1.329494250514289,1.3298155732644714,-0.00032132275018237344,-0.0005452518993867847,0.0002239291492044113,47.6415094339625,1.3292985,1.330871057755668,1.327725942244332,0.002365996434462241,0.0014085714285714415,0.4549215275661296,-0.0004361722128219947,3.009487409055822e-05,0.0009772509577885666,0
2026-07-28 18:00:00+00:00,1.32917,1.32932,1.32863,1.32888,1597,1.3296240000000001,1.3291680000000001,1.3292994999999999,1.331119,1.3293997504351676,1.3297462715411772,-0.00034652110600963404,-0.0005055057407113546,0.00015898463470172058,48.05709754163407,1.3292994999999999,1.3308709086875579,1.3277280913124418,0.0023642658220483902,0.0014157142857143137,0.47168532474679575,-0.0008571299679703825,-0.0010223719028144007,0.0009334303139329664,0
2026-07-28 19:00:00+00:00,1.32889,1.32951,1.32874,1.32876,1470,1.32955,1.329247,1.3292895,1.3310445999999998,1.3293013272912957,1.3296732143899788,-0.0003718870986830769,-0.0004787820123056991,0.00010689491362262217,50.0,1.3292895,1.3308725081291695,1.3277064918708306,0.0023817357004165757,0.0014007142857143107,0.42250028771193204,-0.00027837758533777457,0.0005948929569190575,0.0007457980534797423,1
2026-07-28 20:00:00+00:00,1.32876,1.32913,1.32856,1.32885,850,1.3291460000000002,1.329339,1.329268,1.3309716,1.329231892323404,1.3296122355462767,-0.00038034322287261446,-0.00045909425441908216,7.87510315464677e-05,45.55256064690109,1.329268,1.3308631848598256,1.3276728151401742,0.0024000951799421676,0.001325714285714311,0.19224278269017425,-0.0015178041431543887,0.0006928076028103192,0.0007451299041809807,0
2026-07-28 21:00:00+00:00,1.32886,1.329,1.32858,1.32878,635,1.328888,1.329428,1.3292484999999998,1.330905,1.3291623704274957,1.329550588468775,-0.00038821804127930903,-0.0004449190117911276,5.6700970511818557e-05,48.331744518589865,1.3292484999999998,1.330858197912217,1.3276388020877827,0.0024219668665672383,0.0012585714285714422,0.33612961137641,-0.0009698737660424062,0.0006702362394475081,0.0007454990415684808,1
2026-07-28 22:00:00+00:00,1.32886,1.3291,1.3283,1.32844,788,1.3287419999999999,1.329297,1.329181,1.3308259999999998,1.3290512365155733,1.3294683226562733,-0.00041708614070001815,-0.0004393524375729057,2.2266296872887554e-05,40.74074074074193,1.329181,1.330808214604346,1.3275537853956538,0.0024484469825345333,0.0012142857142857075,0.0,-0.0005492149235988286,-0.0009851475841322621,0.0005825014807645826,1
2026-07-28 23:00:00+00:00,1.32844,1.32869,1.32803,1.32866,969,1.328698,1.329161,1.3291255,1.3307335999999998,1.328991046282408,1.3294084469039567,-0.0004174006215487136,-0.00043496207436806726,1.756145281935366e-05,54.49804432855171,1.3291255,1.330743822393282,1.327507177606718,0.0024351686778742382,0.001093571428571408,0.8313002524929708,-0.00016555294684250654,-0.0010225410144208968,0.0005804655015586949,1
2026-07-29 00:00:00+00:00,1.32866,1.32941,1.32826,1.32921,2263,1.3287879999999999,1.3291689999999998,1.3291175,1.3306322,1.3290247314697299,1.3293937471332933,-0.000369015663563399,-0.00042177279220713366,5.275712864373467e-05,57.82396088019499,1.3291175,1.33073231137897,1.32750268862103,0.002429900108861731,0.0011071428571428304,0.9999999999941465,0.0003386616093199457,6.018974818111644e-05,0.0005637182085663725,1
2026-07-29 01:00:00+00:00,1.32921,1.32937,1.32816,1.32884,2425,1.328786,1.3289659999999999,1.3291214999999998,1.3305086,1.3289963112436176,1.3293527288271234,-0.000356417583505797,-0.00040870175046686636,5.228416696106936e-05,55.58166862514677,1.3291214999999998,1.330732975623268,1.3275100243767317,0.0024248733065684856,0.0011242857142856888,0.8687429982853992,-7.525303834188257e-06,-0.001525318025051292,0.00033186791366789954,1
2026-07-29 02:00:00+00:00,1.32882,1.32979,1.3287200000000001,1.32938,1703,1.328906,1.328897,1.3290985,1.3303947999999999,1.3290553402830612,1.3293547489140034,-0.0002994086309422439,-0.00038684312656194186,8.743449561969795e-05,47.42698191933262,1.3290985,1.3306796424917207,1.3275173575082793,0.0023792705984104255,0.0010564285714285296,0.3913923208839256,0.0004515420159845185,-0.0005187696888134807,0.0003334973308279654,1
2026-07-29 03:00:00+00:00,1.32938,1.3299,1.32932,1.32947,1654,1.3291119999999998,1.328927,1.3291155,1.330258,1.3291191340856672,1.3293632860314846,-0.00024415194581739463,-0.00035830489041303247,0.00011415294459563783,46.07703281027078,1.3291155,1.3307053556704331,1.3275256443295667,0.002392351410292391,0.0010299999999999596,0.31237038602421613,0.0007753455180512514,0.00022570476312289145,0.0002515443143356541,1
2026-07-29 04:00:00+00:00,1.32948,1.33013,1.32937,1.32976,1732,1.329332,1.329015,1.3290915,1.3301436000000002,1.3292177288417184,1.3293926722513747,-0.00017494340965629185,-0.0003216325942616844,0.00014668918460539253,54.91419656786355,1.3290915,1.330623313854353,1.3275596861456471,0.0023050540227711486,0.0009649999999999778,0.8296712043360951,0.0008279017957943946,0.0006622117873698041,0.00024282916360455776,0
2026-07-29 05:00:00+00:00,1.32978,1.33018,1.32959,1.32985,1542,1.32946,1.329124,1.3291855,1.3300358,1.3293150013276078,1.3294265483809025,-0.0001115470532946361,-0.00027961548606827475,0.00016806843277363865,39.285714285714285,1.3291855,1.3306570902605388,1.327713909739461,0.0022142737195656906,0.0008464285714285337,0.0,0.0004814890047470932,0.0008203136759084018,0.00023657246021096455,0
2026-07-29 06:00:00+00:00,1.32985,1.33039,1.32943,1.32969,2203,1.3296299999999999,1.329208,1.3292735,1.3299282,1.3293726934310528,1.3294460633156504,-7.336988459760718e-05,-0.00023836636577414123,0.00016499648117653405,45.38834951456268,1.3292735,1.3306353760281189,1.3279116239718811,0.002049053152897248,0.0008378571428571124,0.329191609234089,0.0006396556395051878,0.0006321255220678168,0.0002451530157283199,0
2026-07-29 07:00:00+00:00,1.32971,1.33069,1.32945,1.33018,2129,1.32979,1.329348,1.329388,1.3298264,1.32949689444166,1.3295004289959724,-3.534554312345506e-06,-0.0001914000034817821,0.0001878654491694366,63.611859838274775,1.329388,1.3306408132553598,1.3281351867446403,0.0018847969973548018,0.0008192857142856733,0.9999999999958893,0.0006017842904211257,0.0010535980372972098,0.00025882791732924294,0
2026-07-29 08:00:00+00:00,1.33019,1.33088,1.32964,1.33053,1988,1.330002,1.3295569999999999,1.329427,1.3297382000000002,1.329655833758328,1.3295766935147892,7.914024353872229e-05,-0.00013729195407768122,0.0002164321976164035,71.8832891246672,1.329427,1.3307724030897308,1.328081596910269,0.002024034549818616,0.0008585714285713911,0.9999999999969322,0.0007973102063227877,0.0015732739152689579,0.000228621746435428,0
2026-07-29 09:00:00+00:00,1.33053,1.33059,1.3295,1.32968,1938,1.3299860000000001,1.329659,1.3294099999999998,1.3296626,1.329659551641662,1.3295843458470271,7.520579463493604e-05,-9.479240433515776e-05,0.0001699981989700938,60.2222222222227,1.3294099999999998,1.3307322468915743,1.3280877531084252,0.0019892236278869027,0.000881428571428541,0.6422719493667921,-6.016123210206281e-05,0.000767690756100059,0.00033983244254401324,0
2026-07-29 10:00:00+00:00,1.32965,1.32971,1.32882,1.32908,1983,1.3298320000000001,1.3296459999999999,1.3294074999999999,1.3295696000000001,1.3295703898506372,1.3295469868953955,2.3402955241724754e-05,-7.115333241978126e-05,9.455628766150602e-05,52.29540918163638,1.3294074999999999,1.3307321628171427,1.328082837182857,0.0019928619586437268,0.0009042857142856908,0.39910008521051304,-0.0005790126706018972,-9.780245408919086e-05,0.0003542852198582088,0
2026-07-29 11:00:00+00:00,1.3291,1.32979,1.32894,1.32926,1799,1.329746,1.3296880000000002,1.3293270000000001,1.3294934,1.329522637565924,1.3295257286068478,-3.0910409238860126e-06,-5.754087412060221e-05,5.44498331967162e-05,54.68750000000055,1.3293270000000001,1.3304591353834636,1.3281948646165367,0.0017033211293586328,0.0009349999999999874,0.47248256320695486,-0.0003233836458120809,0.0003160651395202052,0.00034342140930720277,0
2026-07-29 12:00:00+00:00,1.32926,1.32938,1.32782,1.3284,2508,1.32939,1.32959,1.3292435,1.3294242,1.3293499240942432,1.3294423413026366,-9.241720839336942e-05,-6.451614097515565e-05,-2.790106741821377e-05,49.64539007092162,1.3292435,1.3303911341798245,1.3280958658201756,0.00172674785293205,0.0009892857142857084,0.31780510778354343,-0.001338164759656535,-0.0007371857557658679,0.0003757393623729685,1
2026-07-29 13:00:00+00:00,1.3284099999999999,1.32938,1.32804,1.32938,2625,1.3291600000000001,1.329581,1.3292540000000002,1.3293842,1.3293545511566676,1.3294377234283672,-8.317227169962749e-05,-6.824736712005002e-05,-1.492490457957747e-05,55.62500000000045,1.3292540000000002,1.3304026449683577,1.3281053550316426,0.0017282550488582876,0.001037857142857138,0.5012423714021568,-0.0008643172269696686,-6.769614959334369e-05,0.00045510964503674996,1
2026-07-29 14:00:00+00:00,1.32939,1.33041,1.3281399999999999,1.32862,3214,1.328948,1.329467,1.3292410000000001,1.3293291999999999,1.3292415432864109,1.3293771513225623,-0.00013560803615142447,-8.171950092632491e-05,-5.388853522509956e-05,45.537065052949394,1.3292410000000001,1.3304131128022627,1.3280688871977375,0.001763582077685826,0.0011178571428571546,0.19177349229507085,-0.0007971842849407995,-0.0008572975574541175,0.00047963497132725707,1
2026-07-29 15:00:00+00:00,1.32865,1.32928,1.32816,1.32862,2922,1.3288559999999998,1.329344,1.329234,1.3292806000000001,1.3291459212423478,1.3293210660394095,-0.00017514479706171038,-0.00010040456015340203,-7.474023690830835e-05,48.23717948717862,1.329234,1.330419800196255,1.328048199803745,0.001784185773543299,0.0011114285714285885,0.2746052504108435,-0.00034610407198976123,-0.0009249163439486452,0.0004777043973379616,1
2026-07-29 16:00:00+00:00,1.32865,1.32892,1.32793,1.32886,2190,1.328776,1.329261,1.3292345,1.3292528,1.3291019333589098,1.3292869129994531,-0.00018497964054331462,-0.00011731957623138457,-6.766006431193005e-05,45.62289562289503,1.3292345,1.3304196266866177,1.3280493733133825,0.001783171722698489,0.001105714285714313,0.19440652773925388,-0.0003009193084875239,-0.0006242056419165642,0.00048517391279579146,1
2026-07-29 17:00:00+00:00,1.32887,1.3306499999999999,1.32873,1.33014,2403,1.3291239999999998,1.3292570000000001,1.3293025,1.3292522,1.3292616359190776,1.3293501046291232,-8.846871004553059e-05,-0.00011154940299421378,2.308069294868319e-05,54.6984572230024,1.3293025,1.330533021926136,1.3280719780738641,0.001851379841888404,0.0012014285714285913,0.4728186993476326,0.0013098464317977676,-3.00711181944191e-05,0.0005724540328558502,1
2026-07-29 18:00:00+00:00,1.33019,1.33655,1.32904,1.33646,10542,1.33054,1.32985,1.3297035,1.329375,1.3303690765469118,1.3298767635454842,0.0004923130014276023,9.223077890149466e-06,0.0004830899235374528,75.45592705167134,1.3297035,1.3330896095515217,1.3263173904484782,0.005093029463367951,0.001683571428571435,0.9999999999972352,0.005325790970226674,0.0044568705703742495,0.0016147559755128878,1
2026-07-29 19:00:00+00:00,1.3365,1.33869,1.33459,1.33461,7621,1.331738,1.330343,1.330001,1.3294857999999998,1.3310215263089256,1.3302273736532262,0.0007941526556993761,0.00016620899345199484,0.0006279436622473812,65.95174262734612,1.330001,1.3339924904220906,1.3260095095779094,0.006002236723266481,0.0019342857142857297,0.6839058812548574,0.004508437325947412,0.0037076589856206432,0.001686029593172402,1
2026-07-29 20:00:00+00:00,1.33459,1.33687,1.33426,1.33667,2741,1.3333480000000002,1.331102,1.330374,1.3296430000000001,1.3318905222613986,1.3307046052344689,0.001185917026929717,0.00037015060014753933,0.0008157664267821776,70.74910820451832,1.330374,1.3353315944931041,1.3254164055068958,0.0074529335256163735,0.0020521428571428674,0.8426805522403109,0.006058918276106162,0.0057107171878292284,0.0016958575666099175,0
2026-07-29 21:00:00+00:00,1.33666,1.33666,1.33566,1.336,1139,1.334776,1.331776,1.330732,1.3297798,1.332522749605799,1.3310968566985821,0.0014258929072168414,0.0005812990615613998,0.0008445938456554415,67.11764705882388,1.330732,1.3362280219106426,1.3252359780893574,0.008260148415522552,0.0020357142857142995,0.7213035711961311,0.005373026503920686,0.005070490348013212,0.0017257116099613356,0
2026-07-29 22:00:00+00:00,1.33612,1.33693,1.33602,1.33692,867,1.336132,1.3326280000000001,1.331109,1.3299419999999997,1.3331992496664453,1.3315282006468352,0.0016710490196101269,0.0007992490531711454,0.0008717999664389815,68.18440523619832,1.331109,1.3372150897988593,1.325002910201141,0.009174439957748286,0.002013571428571424,0.7569586097272236,0.005097207812711391,0.006413730803974671,0.0016774665114414257,0
2026-07-29 23:00:00+00:00,1.33692,1.33757,1.3363800000000001,1.33662,1437,1.336164,1.333352,1.3314664999999999,1.3300914,1.3337255189485306,1.3319053709692918,0.0018201479792387953,0.0010034288383846755,0.0008167191408541199,70.38777908343079,1.3314664999999999,1.3379914199228915,1.3249415800771083,0.00980110265318972,0.0020207142857142646,0.830603584837548,0.00011971925833909047,0.005446147828310766,0.0016987456907351477,0
2026-07-30 00:00:00+00:00,1.3366500000000001,1.33679,1.33525,1.3355000000000001,2922,1.3363420000000001,1.33404,1.3317535,1.3302242000000002,1.333998516033372,1.3321716397863812,0.0018268762469908495,0.0011681183201059104,0.0006587579268849391,68.30102622576982,1.3317535,1.3384646667351894,1.3250423332648107,0.010078692093077803,0.002067142857142823,0.760856518330034,0.000666861480132841,0.005178305309268438,0.0017201363130127031,0
2026-07-30 01:00:00+00:00,1.3355000000000001,1.33592,1.3351,1.3352,2255,1.3360480000000001,1.334698,1.332021,1.330349,1.3341833597205455,1.3323959627651678,0.0017873969553776625,0.001291974047160261,0.0004954229082174016,66.81766704416692,1.332021,1.3388383583400745,1.3252036416599253,0.01023611240374525,0.0020649999999999675,0.7112771198334835,-0.001099747880928037,0.0049525071126432785,0.001729095378332102,0
2026-07-30 02:00:00+00:00,1.33521,1.33561,1.33484,1.33484,1598,1.3358160000000001,1.335296,1.3322785,1.3304602,1.3342843813020002,1.3325770025603405,0.0017073787416597153,0.0013750549860601518,0.0003323237555995634,68.7645687645687,1.3322785,1.3391141627523082,1.3254428372476916,0.010261612346530086,0.0020085714285713913,0.7763498395271144,-0.0008682634730539096,0.0045000978282137005,0.0017440034505918208,0
2026-07-30 03:00:00+00:00,1.3348499999999999,1.33502,1.33416,1.3345,1617,1.335332,1.335732,1.3324945000000001,1.3305668,1.3343175534093847,1.33271944681513,0.0015981065942547446,0.0014196653076990705,0.00017844128655567404,65.49636803874088,1.3324945000000001,1.339323973201548,1.3256650267984522,0.010250658748006718,0.00197428571428569,0.6671143770968758,-0.0018101307482871754,0.003277850451832043,0.0017467411955215397,1
2026-07-30 04:00:00+00:00,1.33449,1.33491,1.33433,1.33442,1294,1.334892,1.335528,1.332689,1.3306594,1.3343333144233256,1.332845413717713,0.0014879007056125548,0.0014333123872817676,5.458831833078724e-05,68.3080808080808,1.332689,1.3395044588987193,1.3258735411012808,0.01022813109242931,0.0018535714285713909,0.7604049638491678,-0.001645942751118512,-0.0015264205438247913,0.0007983137480984916,1
2026-07-30 05:00:00+00:00,1.33442,1.33564,1.33427,1.33486,1916,1.3347639999999998,1.335553,1.332948,1.3307612,1.334414342973583,1.3329946423312156,0.0014197006423675163,0.0014305900382989175,-1.08893959314012e-05,69.16461916461915,1.332948,1.3396751221656595,1.3262208778343405,0.010093600298975677,0.001871428571428524,0.7891160372974155,-0.0004792212654437522,0.0001873206404865435,0.000679637333785821,1
2026-07-30 06:00:00+00:00,1.3348900000000001,1.3352,1.3332600000000001,1.33417,2829,1.334558,1.3353030000000001,1.3332025,1.3308571999999999,1.334376751746878,1.3330817058622368,0.0012950458846412438,0.0014034812075673828,-0.000108435322926139,65.86969515839861,1.3332025,1.3396944995297955,1.3267105004702047,0.009738954929645572,0.0019392857142856515,0.5381791724882274,-0.0007714200119831593,-0.0018703195253876315,0.00043402513243070203,1
2026-07-30 07:00:00+00:00,1.3342,1.33507,1.3336000000000001,1.33379,3235,1.3343479999999999,1.3350819999999999,1.333429,1.3309578000000002,1.3342864822473584,1.333134172094664,0.001152310152694458,0.0013532469965927979,-0.00020093684389833996,61.52874289324062,1.333429,1.339652378334543,1.3272056216654569,0.009334397758775483,0.0019071428571427898,0.0,-0.0007866111294237976,-0.0016541916167664983,0.0004218452098006402,1
2026-07-30 08:00:00+00:00,1.3338,1.33621,1.33377,1.3355299999999999,2912,1.334554,1.334943,1.3337855,1.3310716,1.3344777926708415,1.3333116408283925,0.0011661518424490591,0.0013158279657640502,-0.0001496761233149911,45.86666666666614,1.3337855,1.3395992965673418,1.3279717034326584,0.008717738447961402,0.0015449999999999392,0.0,0.0007718246534280659,-0.0010397031983965244,0.0005768812432778631,1
2026-07-30 09:00:00+00:00,1.3355299999999999,1.33839,1.3355299999999999,1.33802,2726,1.335274,1.335083,1.3342175,1.3312494,1.3350227476445582,1.3336604081744374,0.0013623394701207658,0.0013251302666353936,3.7209203485372285e-05,64.33978132884747,1.3342175,1.3399361891210546,1.3284988108789455,0.008572349142556673,0.0014564285714285172,0.7424156762914536,0.0026978012919471883,0.0010474181143482753,0.0008444904934352517,1
2026-07-30 10:00:00+00:00,1.33803,1.3406500000000001,1.33755,1.33898,4046,1.336098,1.335431,1.3347355,1.3314242,1.3356315556992415,1.334054452013368,0.0015771036858736043,0.0013755249504830357,0.00020157873539056854,60.70435588507886,1.3347355,1.3401900798236652,1.329280920176335,0.00817327451568517,0.0014914285714285244,0.6050985357502765,0.003086465996434251,0.002605765630849799,0.0007932009607759488,1
2026-07-30 11:00:00+00:00,1.33896,1.34017,1.33725,1.33877,3538,1.337018,1.335788,1.335243,1.3316401999999998,1.3361143932839734,1.3344037518642295,0.0017106414197438635,0.0014425482443352015,0.00026809317540866205,63.407550822845565,1.335243,1.34016450640183,1.33032149359817,0.007371701483295518,0.0016278571428571015,0.7153380261865895,0.0034478364826071584,0.002673756740563249,0.0007888709271920906,1
2026-07-30 12:00:00+00:00,1.33877,1.33956,1.3367,1.33711,5494,1.3376819999999998,1.3360150000000002,1.3356555,1.3318238,1.3362675635479775,1.3346042146891013,0.0016633488588762013,0.0014867083672434017,0.00017664049163279962,50.858175248418746,1.3356555,1.3396129232712028,1.3316980767287974,0.005925814360368736,0.0017657142857142594,0.20355963044807235,0.0024891474669925806,0.0017005783464685287,0.0009122785491351629,1
2026-07-30 13:00:00+00:00,1.33713,1.34279,1.3366799999999999,1.34279,10160,1.339134,1.336844,1.3362880000000001,1.3321218,1.3372710153098273,1.3352105691565754,0.002060446153251849,0.0016014559244450913,0.0004589902288067579,68.75379939209745,1.3362880000000001,1.3405644943833246,1.3320115056166757,0.006400557938594745,0.002117142857142849,0.9823667005649516,0.005436044117316685,0.0062120644436116645,0.00156025550391179,1
2026-07-30 14:00:00+00:00,1.34277,1.34475,1.34234,1.34246,10616,1.340022,1.3376480000000002,1.336588,1.3323760000000002,1.338069320646777,1.335747564033866,0.002321756612911008,0.0017455160621382747,0.0005762405507727332,72.22222222222175,1.336588,1.3416794566212815,1.3314965433787187,0.00761858795871489,0.002179285714285701,0.9999999999962058,0.003318336048788506,0.006025089552015084,0.0015703340398318382,1
2026-07-30 15:00:00+00:00,1.34242,1.34628,1.3421,1.34586,4834,1.3413979999999999,1.338748,1.3371505,1.3326928,1.339267886701119,1.3364966333646906,0.0027712533364283587,0.0019506635169962917,0.000820589819432067,78.41151385927553,1.3371505,1.343620890779711,1.330680109220289,0.0096778796099781,0.002419285714285687,0.9999999999969272,0.005138239555482427,0.008240564553586127,0.0016786777248137296,1
2026-07-30 16:00:00+00:00,1.34589,1.34701,1.34566,1.34647,3447,1.3429379999999997,1.339978,1.3376405,1.3330396000000002,1.340375904131716,1.3372354012636023,0.003140502868113737,0.0021886313872197813,0.0009518714808939557,80.58916359810638,1.3376405,1.3453275841094214,1.3299534158905786,0.011493497855995578,0.0024607142857142605,0.99999999999712,0.0057515480627741145,0.009219214942623566,0.0016196800283196833,0
2026-07-30 17:00:00+00:00,1.3464800000000001,1.34733,1.3454,1.34717,3838,1.34495,1.3413160000000002,1.338199,1.3333655999999998,1.3414211496499133,1.3379712974662983,0.003449852183615043,0.002440875546498834,0.0010089766371162092,82.7052142488385,1.338199,1.3469356762317826,1.3294623237682173,0.013057364759326002,0.002537142857142825,0.9999999999972854,0.007523689150481294,0.010031564189265207,0.0015725121620194537,0
2026-07-30 18:00:00+00:00,1.34718,1.34758,1.34656,1.34756,2272,1.345904,1.342519,1.338731,1.3337153999999998,1.3423655881653112,1.338681571728054,0.0036840164372571316,0.002689503724650494,0.0009945127126066377,83.38414634146393,1.338731,1.3483871644341316,1.3290748355658681,0.014425847215208662,0.002568571428571396,0.9999999999973346,0.0035523052748382966,0.00900765988034724,0.0015833757101986038,0
2026-07-30 19:00:00+00:00,1.34757,1.34768,1.34663,1.34693,2133,1.346798,1.34341,1.3392465,1.3340706,1.343067805370648,1.339292566414865,0.0037752389557830224,0.002906650770877,0.0008685881849060224,80.37242073477603,1.3392465,1.349509870278506,1.328983129721494,0.015327081726188555,0.0025457142857142623,0.9197247354330416,0.003329708147728816,0.006659093287095796,0.001596933587897145,0
2026-07-30 20:00:00+00:00,1.34695,1.34727,1.34634,1.34637,1358,1.3469000000000002,1.3441490000000003,1.33979,1.3344204000000002,1.3435758353136253,1.3398168207545045,0.0037590145591208657,0.0030771235285257737,0.000681891030595092,80.90172239108392,1.33979,1.3503645454051862,1.3292154545948138,0.015785377417634416,0.0024735714285714083,0.9338328701183797,0.00037893986001513724,0.005519126499275551,0.0016326117868269306,0
2026-07-30 21:00:00+00:00,1.34633,1.34635,1.3461,1.34618,631,1.346842,1.34489,1.340339,1.3347688000000002,1.343976476034606,1.3402881673652818,0.003688308669324236,0.0031993605566854664,0.0004889481126387697,81.6879795396414,1.340339,1.351049405958202,1.3296285940417978,0.015981637418895016,0.002387857142857132,0.9547899587973282,-0.00021537798836968047,0.0055349313175525605,0.0016318613090734622,0
2026-07-30 22:00:00+00:00,1.3462399999999999,1.3471,1.3462399999999999,1.34671,867,1.3467500000000001,1.34585,1.3409325,1.3351259999999998,1.3443970181831282,1.3407638586715573,0.003633159511570838,0.0032861203476625407,0.00034703916390829747,80.47982551799319,1.3409325,1.3516753465795428,1.3301896534204574,0.016022949073935814,0.002279285714285706,0.9107076368218618,-0.00034145653480999183,0.007179663602844943,0.0015095825693849567,0
2026-07-30 23:00:00+00:00,1.3467,1.34691,1.3458700000000001,1.34601,1274,1.3464399999999999,1.346172,1.341508,1.3354706,1.3446451692318777,1.3411524617329234,0.0034927074989543616,0.003327437777920905,0.00016526972103345647,74.13897280966675,1.341508,1.352030872531576,1.330985127468424,0.015688124903580184,0.0021492857142856947,0.715760261071941,-0.0011502270770875622,0.00239799224003745,0.0009003250869360903,0
2026-07-31 00:00:00+00:00,1.34603,1.34646,1.3452899999999999,1.34577,2945,1.346208,1.3465029999999998,1.3420755,1.3358172000000001,1.3448182201192809,1.341494501604559,0.0033237185147219073,0.0033266939252811056,-2.9754105591982966e-06,71.44662034112336,1.3420755,1.3522057599852333,1.3319452400147667,0.015096408488543774,0.002011428571428553,0.632984793405403,-0.0008612177321761783,0.002465622811852919,0.0008965268923904554,0
2026-07-31 01:00:00+00:00,1.34578,1.34627,1.3448,1.34505,2683,1.345944,1.346422,1.3425850000000001,1.336145,1.3448538785624686,1.3417578718560732,0.0030960067063954266,0.0032805564815039695,-0.00018454977510854289,69.21664626682977,1.3425850000000001,1.3521991091494134,1.3329708908505868,0.014321788414757048,0.0019078571428571278,0.5644249933641505,-0.0009804140020944763,-0.0006018456600240807,0.0004317814137152521,1
2026-07-31 02:00:00+00:00,1.34508,1.3459699999999999,1.34494,1.34506,2269,1.3457199999999998,1.3462809999999998,1.3431295,1.3364620000000003,1.344885589552858,1.3420024739408087,0.0028831156120492363,0.003201068307613023,-0.0003179526955637865,77.05922396187833,1.3431295,1.351936572457017,1.3343224275429832,0.013114256602981081,0.0017771428571428263,0.5676847308179354,-0.0008319838357426779,-0.0010471826331074352,0.00039427405897257553,1
2026-07-31 03:00:00+00:00,1.34506,1.3452,1.34448,1.3451,2096,1.3453979999999999,1.346074,1.3436949999999999,1.3367872,1.3449185757754951,1.3422319203155635,0.0026866554599316306,0.003098185738076745,-0.0004115302781451144,62.76243093922639,1.3436949999999999,1.3513547691321521,1.3360352308678476,0.01140105326305787,0.001392142857142826,0.0,-0.0011955060852003596,-0.0015365544066450187,0.00033383679308589476,1
2026-07-31 04:00:00+00:00,1.3451,1.34523,1.34417,1.34456,1837,1.345108,1.345774,1.3441465,1.3370908,1.3448634102715729,1.342404370662559,0.0024590396090138356,0.0029703565122641633,-0.0005113169032503278,61.339092872569815,1.3441465,1.3507749276932153,1.3375180723067845,0.009862656627406858,0.0012957142857142573,0.0,-0.001077257969851586,-0.002226245955653239,0.00030188785502562726,1
2026-07-31 05:00:00+00:00,1.34459,1.34491,1.34402,1.34426,2059,1.344806,1.345507,1.3444585,1.3373866,1.3447705779221002,1.3425418246875547,0.002228753234545522,0.0028220358567204356,-0.0005932826221749137,37.01298701298698,1.3444585,1.3504273358205434,1.3384896641794566,0.008879167070673311,0.001060714285714272,0.0,-0.001122034225759183,-0.001982285642163961,0.0002895155964159348,1
2026-07-31 06:00:00+00:00,1.3443,1.34612,1.34426,1.34511,3549,1.344818,1.345381,1.344765,1.3376936000000001,1.3448227967033155,1.3427320598958838,0.002090736807431659,0.0026757760468626803,-0.0005850392394310213,39.375000000000085,1.344765,1.3501503583177437,1.3393796416822563,0.00800936716488557,0.001097142857142844,0.0509371130938595,4.460800713723678e-05,-0.0009358497292720758,0.0003781984390281988,0
2026-07-31 07:00:00+00:00,1.3451,1.34622,1.34443,1.3452,3458,1.344846,1.345283,1.3450864999999999,1.3380006,1.3448808279797286,1.3429148702739664,0.0019659577057622446,0.0025338123786425933,-0.0005678546728803487,32.987910189983026,1.3450864999999999,1.3496734805456614,1.3404995194543383,0.006820350283288896,0.001087142857142842,0.0,0.00010408457615285194,-0.0007279858562747599,0.00038100266449841985,0
2026-07-31 08:00:00+00:00,1.34521,1.34641,1.3435000000000001,1.3459400000000001,3628,1.345014,1.3452060000000001,1.345528,1.3383256000000001,1.3450437775213087,1.3431389539573761,0.0019048235639325117,0.0024080146157005773,-0.0005031910517680656,36.80781758957747,1.345528,1.3481696629531135,1.3428863370468866,0.003926581911507469,0.0012221428571428383,0.0784374119092172,0.0006244888855848618,-0.0005717637798783315,0.0004047480545894034,0
2026-07-31 09:00:00+00:00,1.3458999999999999,1.3467500000000001,1.34457,1.3449499999999999,4239,1.345092,1.3451,1.345636,1.338621,1.345029350210338,1.343273105516089,0.001756244694249176,0.0022776606314102972,-0.0005214159371611212,34.76923076923099,1.345636,1.347964382316219,1.343307617683781,0.003460642129400541,0.0013028571428571295,0.03657737253831649,0.00029005771404766456,-0.0007875127227880974,0.00043664588817116285,1
2026-07-31 10:00:00+00:00,1.34496,1.34519,1.34426,1.3444,2520,1.34512,1.344963,1.3457329999999998,1.3388984,1.3449325271010553,1.3433565791815638,0.0015759479194914494,0.002137318089026528,-0.0005613701695350785,34.822804314330284,1.3457329999999998,1.3476250342714031,1.3438409657285966,0.002811901426810929,0.0013028571428571453,0.03767744376644017,0.00010414651927459495,-0.0010180045624437195,0.0004484239137075148,1
2026-07-31 11:00:00+00:00,1.3444099999999999,1.34445,1.34171,1.34181,3162,1.34446,1.3446390000000001,1.3455305000000002,1.339141,1.3444521383162775,1.3432420177607072,0.0012101205555703487,0.0019518785823352922,-0.0007417580267649435,25.421822272216843,1.3455305000000002,1.3481080424852203,1.34295295751478,0.003831265787316051,0.0014792857142857147,0.0,-0.002453330954345856,-0.0024088323854132287,0.0007271057746847156,1
2026-07-31 12:00:00+00:00,1.34177,1.3428,1.34145,1.34203,2738,1.343826,1.344336,1.3453085000000002,1.3394,1.3440795016522349,1.3431522386673214,0.0009272629849135239,0.0017469554628509387,-0.0008196924779374148,22.72727272727343,1.3453085000000002,1.3482800441670626,1.3423369558329379,0.004417639771193531,0.0015099999999999955,0.0,-0.0023565269104964814,-0.0022526876124484563,0.0007346909410824166,1
2026-07-31 13:00:00+00:00,1.34205,1.34328,1.33996,1.34084,6959,1.342806,1.34391,1.344992,1.3396316000000001,1.3435811167826601,1.3429809617290014,0.0006001550536587352,0.001517595381012498,-0.0009174403273537629,21.499448732084772,1.344992,1.3484390954974275,1.3415449045025725,0.0051258230493973185,0.0016728571428571426,0.0,-0.0037891733658261817,-0.0031670507768938316,0.0007561935923727761,1
2026-07-31 14:00:00+00:00,1.34084,1.34603,1.34018,1.34559,6921,1.342934,1.344013,1.3448935,1.3399754000000001,1.343890175739174,1.3431742238231494,0.000715951916024471,0.0013572666880148929,-0.0006413147719904219,49.337260677467434,1.3448935,1.3481382740980434,1.3416487259019565,0.0048253249763545855,0.002007142857142858,0.5010425587611937,0.0004758541209712863,0.0007660498601773646,0.0014329139005002742,1
2026-07-31 15:00:00+00:00,1.34561,1.34724,1.34532,1.34676,4677,1.343406,1.344263,1.344885,1.340323,1.3443316871639164,1.3434398368732863,0.0008918502906301029,0.001264183408537935,-0.000372333117907832,56.09408410548771,1.344885,1.3481081302209217,1.3416618697790785,0.004793168517637682,0.002039285714285704,0.6226561434105573,0.0017554299315678534,0.001859759272759609,0.001449010983183455,1
2026-07-31 16:00:00+00:00,1.34674,1.34707,1.34611,1.34643,2962,1.34433,1.344395,1.344888,1.3406791999999998,1.3446545045233138,1.343661330438228,0.0009931740850857018,0.0012099815438474885,-0.00021680745876178666,54.77351916376329,1.344888,1.348117056241457,1.341658943758543,0.0048019704859541806,0.0020342857142857185,0.8063903443663106,0.003443110425470186,0.0009813323817382535,0.0014455929658860468,1
2026-07-31 17:00:00+00:00,1.34645,1.34878,1.34641,1.34829,4167,1.3455819999999998,1.344704,1.3449935,1.3410726,1.3452138115197272,1.344004194850211,0.0012096166695161337,0.0012099085689812176,-2.918994650839314e-07,59.86394557823123,1.3449935,1.3485240897822446,1.3414629102177553,0.005249973003207274,0.0021521428571428564,0.9629728797467888,0.004664575307556484,0.0022970561998216787,0.0015010506281440137,1
2026-07-31 18:00:00+00:00,1.34832,1.34879,1.34744,1.34823,2696,1.3470600000000001,1.344933,1.3450695,1.34146,1.3456778405166925,1.344317217453899,0.0013606230627933869,0.0012400514677436516,0.00012057159504973527,61.69534735500323,1.3450695,1.3488145906812103,1.3413244093187895,0.005568620329596988,0.002172857142857151,0.9999999999975121,0.005511470421526887,0.0017014131387729226,0.0014987579271625703,1
2026-07-31 19:00:00+00:00,1.34826,1.3486799999999999,1.34764,1.34765,2254,1.3474720000000002,1.3452030000000001,1.3451514999999998,1.3418102000000003,1.3459812496679706,1.344564090235092,0.0014171594328786785,0.001275473060770657,0.0001416863721080215,60.61365059486521,1.3451514999999998,1.3490518928277146,1.341251107172285,0.005799187418985618,0.0021835714285714275,0.9730893748543147,0.0015309269539756087,0.0020075095728466774,0.001481243862551731,1
2026-07-31 20:00:00+00:00,1.34765,1.3495,1.34724,1.3480400000000001,5685,1.347728,1.345567,1.345265,1.3420418,1.3462979804882829,1.3448215650324926,0.0014764154557902476,0.0013156615397745752,0.0001607539160156724,59.4455190199872,1.345265,1.3493680232755811,1.3411619767244187,0.006099948003673935,0.002212142857142853,0.944028410554612,0.0009504291781758933,0.002707527521571107,0.001465643480652228,0
2026-08-02 21:00:00+00:00,1.34927,1.34927,1.3480400000000001,1.34871,603,1.348184,1.346257,1.345448,1.3423238,1.3466690604131626,1.345109597252308,0.001559463160854646,0.0013644218639905896,0.00019504129686405652,60.90739589807346,1.345448,1.3498277937947087,1.3410682062052912,0.006510535962309601,0.0021721428571428447,0.9803972175266025,0.001693366903589455,0.005142307778299493,0.0012456946730715806,0
2026-08-02 22:00:00+00:00,1.34882,1.3506,1.34882,1.34955,2036,1.3484360000000002,1.3470090000000001,1.3456725,1.3425814,1.3471122818880608,1.3454385159743594,0.001673765913701386,0.001426290673932749,0.00024747523976863706,61.148857319332485,1.3456725,1.3504139227267393,1.3409310772732608,0.007046919256712573,0.0020992857142857002,0.9864043334148078,0.0009345170549361903,0.005603451487671718,0.0012398158575963405,0
2026-08-02 23:00:00+00:00,1.3495300000000001,1.34976,1.34881,1.34908,1990,1.348606,1.347833,1.3458715,1.342843,1.3474150077514362,1.3457082555318143,0.0017067522196219098,0.0014823829830705813,0.00022436923655132853,63.17804722399563,1.3458715,1.3508403811617862,1.340902618838214,0.007383886443521636,0.002011428571428553,0.9999999999976007,0.0006304562277950065,0.006145401390173388,0.0011802849756921304,0
2026-08-03 00:00:00+00:00,1.3491,1.35027,1.34827,1.34872,4974,1.34882,1.348146,1.3460795,1.3430790000000001,1.3476157757896767,1.3459313477146428,0.0016844280750338836,0.0015227920014632419,0.0001616360735706417,63.95348837209249,1.3460795,1.3511641537945545,1.3409948462054457,0.007554760019084105,0.0020878571428571174,0.9999999999976444,0.0007939746966940664,0.002326117167933628,0.0006038708471528569,0
2026-08-03 01:00:00+00:00,1.34873,1.34915,1.34698,1.3473600000000001,3616,1.348684,1.348206,1.3462345,1.3432937999999999,1.3475764256681881,1.3460371738098547,0.001539251858333479,0.0015260839728372896,1.316788549618952e-05,69.47368421052707,1.3462345,1.3512744184412733,1.3411945815587267,0.007487430223000929,0.0020471428571428346,0.9999999999979156,-0.0005044360701462747,0.00044551367727008184,0.000671928145686773,0
2026-08-03 02:00:00+00:00,1.3473600000000001,1.34766,1.34681,1.34697,2211,1.3483360000000002,1.34826,1.3463275,1.3435232,1.3474831294115437,1.3461062720461616,0.001376857365382067,0.0014962386513462452,-0.00011938128596417812,67.12898751733698,1.3463275,1.35134865891424,1.3413063410857597,0.007459045312882867,0.002011428571428553,0.9511259185289401,-0.001290121671819744,0.0004010605824291691,0.0006741997885887276,0
2026-08-03 03:00:00+00:00,1.34697,1.3470900000000001,1.34636,1.34673,2055,1.347772,1.348104,1.3464040000000002,1.3437538,1.3473672633482292,1.3461524741168163,0.0012147892314129383,0.001439948767359584,-0.00022515953594664574,71.86340014847812,1.3464040000000002,1.3513993848173722,1.341408615182628,0.0074203356754318165,0.0018264285714285622,0.9999999999955608,-0.0020895854173613726,-0.001157021115635315,0.00048267553655011175,0
2026-08-03 04:00:00+00:00,1.34673,1.34733,1.34663,1.3471899999999999,1594,1.347394,1.348,1.3464665,1.3440008,1.3473399920638864,1.346229327885941,0.0011106641779454751,0.0013740918494767624,-0.0002634276715312873,58.71459694989035,1.3464665,1.35146871540393,1.34146428459607,0.007430137183405568,0.0014585714285714044,0.2306088491563455,-0.0014009547247013643,-0.0007713817375374354,0.0005039695919067315,0
2026-08-03 05:00:00+00:00,1.3471899999999999,1.34778,1.34692,1.34758,1547,1.347166,1.347993,1.346598,1.3442624,1.34737691636175,1.3463293776721674,0.0010475386895825167,0.0013087812174979133,-0.0002612425279153966,54.88095238095266,1.346598,1.351570546102027,1.3416254538979728,0.007385346037981835,0.0013828571428571301,0.006286364269290511,-0.0008452458627439263,-5.1942269877258695e-05,0.0004993013580294599,0
2026-08-03 06:00:00+00:00,1.34758,1.3477700000000001,1.34573,1.34601,2829,1.3468959999999999,1.34779,1.3466785000000001,1.3444942,1.3471666215368654,1.3463057200668216,0.0008609014700438067,0.0012192052680070921,-0.00035830379796328543,47.82157676348505,1.3466785000000001,1.3515523713673225,1.3418046286326777,0.007238359218361953,0.0014599999999999852,0.0,-0.0010019593872463428,-0.0015058900329368852,0.0006047027920047016,1
2026-08-03 07:00:00+00:00,1.34602,1.34701,1.34528,1.34606,3159,1.346714,1.347525,1.3468909999999998,1.3447182,1.3469963720696554,1.3462875185803904,0.0007088534892649712,0.001117134912258668,-0.00040828142299369685,35.75989782886404,1.3468909999999998,1.3512101514761146,1.3425718485238851,0.0064135130105030394,0.0014142857142857013,0.0,-0.000675590399192183,-0.0019648404771968053,0.0005662497047252516,1
2026-08-03 08:00:00+00:00,1.34608,1.34622,1.34535,1.34545,2487,1.346458,1.347115,1.347062,1.3449438,1.3467584686743237,1.3462254801670281,0.0005329885072955509,0.0010003056312660446,-0.00046731712397049367,33.41288782816281,1.347062,1.3508029236123744,1.3433210763876255,0.0055541966329306835,0.0013799999999999843,0.0,-0.0009504503501072126,-0.003038049720277103,0.000490412997103047,0
2026-08-03 09:00:00+00:00,1.34543,1.3458999999999999,1.34491,1.3449499999999999,2524,1.3460100000000002,1.346702,1.3472675,1.3451669999999998,1.3464802427244278,1.3461310001546556,0.00034924256977220125,0.0008700930189672758,-0.0005208504491950746,33.73493975903608,1.3472675,1.349837635159243,1.3446973648407572,0.003815330154171863,0.0013764285714285482,0.008375751360334367,-0.0016627201805239356,-0.0030613455095325204,0.0004907022027962111,0
2026-08-03 10:00:00+00:00,1.34496,1.3462399999999999,1.34475,1.34591,2402,1.3456759999999999,1.3464209999999999,1.3472835,1.3453746000000002,1.3463925130745158,1.3461146297728293,0.0002778833016865434,0.0007516510755111293,-0.00047376777382458594,37.99323562570408,1.3472835,1.3498133327383732,1.344753667261627,0.0037554571675124794,0.0013214285714285528,0.11912319293361755,-0.0012392585226851383,-0.002083456907289838,0.0005878619680881683,0
2026-08-03 11:00:00+00:00,1.34589,1.34677,1.34551,1.34676,2295,1.345826,1.346361,1.3472835,1.3455494000000001,1.3464490495245904,1.3461624349748418,0.00028661454974865386,0.0006586437703586343,-0.00037202922060998044,39.226519337016455,1.3472835,1.3498133327383732,1.344753667261627,0.0037554571675124794,0.001323571428571424,0.15119776455532158,0.0005572023981992302,-0.0004453152832206708,0.000568313463559237,0
2026-08-03 12:00:00+00:00,1.34673,1.3471199999999999,1.34579,1.34637,2767,1.345888,1.346301,1.3472804999999999,1.3456971999999998,1.346436888059269,1.3461778101618904,0.0002590778973785568,0.0005787305957626188,-0.000319652698384062,31.511627906977807,1.3472804999999999,1.3498147327812196,1.3447462672187802,0.0037619972696400932,0.0012835714285714156,0.0,0.00023030176960903148,-0.0004454442192476371,0.0005683196434980457,0
2026-08-03 13:00:00+00:00,1.34638,1.3467,1.34471,1.34517,3691,1.345832,1.3461450000000001,1.3471245,1.3458252000000002,1.3462419822039968,1.346103157557306,0.00013882464669090488,0.000490749405948276,-0.00035192475925737115,29.046087888532313,1.3471245,1.3497783748235146,1.3444706251764855,0.003940058730302262,0.0013578571428571249,0.0,-0.0002081088111784979,-0.0011583613641932278,0.0006285202915088572,0
2026-08-03 14:00:00+00:00,1.34524,1.34561,1.34372,1.34372,4321,1.345586,1.3457979999999998,1.346899,1.3459574,1.3458539849418434,1.345926627367876,-7.264242603266524e-05,0.00037807103955208774,-0.000450713465584753,26.007677543187427,1.346899,1.3499009635679164,1.3438970364320837,0.004457592689453889,0.0013499999999999782,0.0,-0.0009145321387411531,-0.0025757317082222286,0.0006725228323417565,0
2026-08-03 15:00:00+00:00,1.34376,1.34379,1.34223,1.34336,3579,1.345076,1.3453760000000001,1.3466845,1.3459688,1.3454702949507906,1.3457365068221077,-0.0002662118713170347,0.00024921445737826324,-0.000515426328695298,28.76857749469309,1.3466845,1.350051406904743,1.3433175930952572,0.005000290572502823,0.0013064285714285498,0.060208405726466484,-0.0018946289127800275,-0.0031315395004377633,0.0006446561056015241,0
2026-08-03 16:00:00+00:00,1.3433899999999999,1.34361,1.34244,1.34253,2294,1.34423,1.3450280000000001,1.346409,1.3459701999999998,1.3450179418814383,1.345498987798248,-0.0004810459168096415,0.00010316238254068225,-0.0005842082993503237,27.484787018256554,1.346409,1.3501856813613553,1.3426323186386446,0.005610006114568958,0.0013292857142856837,0.0322121076965753,-0.0031408714247527225,-0.002585419127643873,0.0005847775246790277,1
2026-08-03 17:00:00+00:00,1.3425500000000001,1.34271,1.34184,1.34192,1995,1.34334,1.344614,1.3460695,1.3458914,1.34454133543814,1.3452338775909705,-0.0006925421528305442,-5.5978524533563094e-05,-0.0006365636282969811,26.490713587488813,1.3460695,1.350181154680354,1.3419578453196461,0.006109126876961263,0.0013392857142856857,0.014768619394980871,-0.0033051835676671804,-0.003075642987682592,0.0005777633741390314,1
2026-08-03 18:00:00+00:00,1.34191,1.34322,1.34172,1.34308,2086,1.3429220000000002,1.3443770000000002,1.3457459999999999,1.3458236,1.344316514601503,1.3450743311027504,-0.0007578165012473992,-0.00019634611987633035,-0.0005614703813710688,31.198536139068494,1.3457459999999999,1.349720452097288,1.3417715479027117,0.0059066898170801845,0.0013964285714285524,0.17978073581988105,-0.0015537069664056657,-0.0017614924374744767,0.0006818104375471909,0
2026-08-03 19:00:00+00:00,1.3431,1.34342,1.34299,1.3430900000000001,1609,1.342796,1.344191,1.3454465,1.3457420000000002,1.3441278200474258,1.3449273436136577,-0.0007995235662319189,-0.0003169816091474481,-0.00048254195708447077,28.720379146921005,1.3454465,1.3492627272634468,1.3416302727365532,0.005672804178310724,0.0013657142857142718,0.12435656625739794,-0.00046884767659927107,-0.0013829510390719335,0.0006802666522520768,0
2026-08-03 20:00:00+00:00,1.34307,1.3433899999999999,1.34279,1.34334,982,1.342792,1.3439340000000002,1.3451775,1.3456576,1.3440066169632063,1.3448097626052387,-0.0008031456420323213,-0.0004142144157244228,-0.0003889312263078985,35.536294691224995,1.3451775,1.348774322428048,1.3415806775719519,0.00534772909604575,0.0012628571428571211,0.7208360079181629,-1.4888041924843165e-05,-0.0019094887473901645,0.0006250666973358748,0
2026-08-03 21:00:00+00:00,1.34335,1.34335,1.34247,1.34276,914,1.342838,1.3435340000000002,1.3449475,1.3455742000000002,1.3438148297380974,1.3446579283381839,-0.0008430986000864671,-0.0004999912525968317,-0.0003431073474896354,33.09426229508192,1.3449475,1.348544995473823,1.341350004526177,0.005349644463925813,0.0012021428571428342,0.5360972513604878,0.00017131833180639156,-0.0029700911817992504,0.0005562609003968314,0
2026-08-03 22:00:00+00:00,1.34284,1.34317,1.34275,1.34299,646,1.3430520000000001,1.343196,1.3447485000000001,1.3455066,1.343687932855313,1.3445343780909111,-0.0008464452355980701,-0.0005692820491970794,-0.00027716318640099065,36.886993603411064,1.3447485000000001,1.3483151187732436,1.3411818812267566,0.0053045142243973355,0.0011699999999999727,0.8230158307227902,0.0007973649695958152,-0.0025104540356664096,0.000575719987982915,0
2026-08-03 23:00:00+00:00,1.34299,1.3431199999999999,1.34242,1.34268,915,1.342972,1.3429470000000001,1.344546,1.3454366,1.343532866262188,1.3443970167508437,-0.000864150488655735,-0.0006282557370888105,-0.00023589475156692442,37.649619151252345,1.344546,1.348098786304619,1.340993213695381,0.005284737457281448,0.001149285714285694,0.8807081429336474,-0.0002978229144949829,-0.0018510671513636279,0.0005302138722040987,0
2026-08-04 00:00:00+00:00,1.34267,1.34324,1.34233,1.34242,2449,1.342838,1.342817,1.3443075,1.3453508000000003,1.343361656068005,1.344250571065596,-0.0008889149975910282,-0.0006803875891892541,-0.00020852740840177411,29.4464075382801,1.3443075,1.3477517133010506,1.3408632866989494,0.0051241450353443725,0.0011078571428571207,0.2601385241384737,-0.0004988496675577547,-0.0009674634596493759,0.0004288138312339133,1
2026-08-04 01:00:00+00:00,1.34239,1.34311,1.34198,1.34276,2299,1.342722,1.342757,1.3440664999999998,1.3452858,1.3432690935960043,1.3441401583940704,-0.0008710647980660902,-0.0007185230309646214,-0.0001525417671014688,24.93734335839558,1.3440664999999998,1.3472077788210468,1.3409252211789529,0.004674290775117121,0.001098571428571409,0.0,-0.00043175964387276444,-0.00044664125774185326,0.00043728226618118727,1
2026-08-04 02:00:00+00:00,1.34274,1.34325,1.34252,1.34267,1967,1.342704,1.342771,1.3438995,1.3452238,1.3431769253504653,1.3440312577722875,-0.0008543324218222015,-0.0007456849091361375,-0.00010864751268606398,25.911458333332817,1.3438995,1.3469598231683466,1.3408391768316534,0.004554392896710789,0.0010557142857142868,0.07662789816729315,-6.702612529407848e-05,0.0001042807237081611,0.00038908293222693005,1
2026-08-04 03:00:00+00:00,1.34266,1.34328,1.34245,1.34259,1929,1.342624,1.342838,1.343726,1.3451746,1.3430866291427013,1.3439244979373033,-0.0008378687946020147,-0.000764121686229313,-7.374710837270164e-05,30.335365853658033,1.343726,1.3466614988816545,1.3407905011183454,0.004369192650368548,0.0009728571428571563,0.424630694234405,-0.0002978428729922822,0.0004992846071301127,0.0003552305920918946,1
2026-08-04 04:00:00+00:00,1.34256,1.34272,1.34233,1.34259,1392,1.342606,1.3427890000000002,1.3435830000000002,1.3451252,1.3430102246592088,1.3438256462382439,-0.000815421579035025,-0.0007743816647904555,-4.1039914244569466e-05,38.943248532288784,1.3435830000000002,1.346442547995196,1.3407234520048044,0.004256600441053262,0.0008657142857142951,0.9999999999928602,-6.703011886688426e-05,-0.00036483307025647616,0.00021085234246916198,1
2026-08-04 05:00:00+00:00,1.34261,1.34267,1.34192,1.3424800000000001,1794,1.3426179999999999,1.3427280000000001,1.3434595,1.3450728,1.3429286516347152,1.3437259687391145,-0.0007973171043993421,-0.0007789687527122329,-1.8348351687109184e-05,40.946502057613,1.3434595,1.3462835953838055,1.3406354046161946,0.004204213649619446,0.0008078571428571538,0.9999999999937537,4.469540084328649e-05,-0.00045417656300028586,0.00021067822798597087,1
2026-08-04 06:00:00+00:00,1.34245,1.34321,1.34228,1.3428,2660,1.342626,1.342674,1.343304,1.3450376,1.3429088590755283,1.343657378462143,-0.0007485193866147988,-0.0007728788794927462,2.4359492877947387e-05,53.10344827586224,1.343304,1.3458926423997293,1.3407153576002708,0.003854142323300197,0.0007907142857143112,0.9999999999964497,2.9789389019763135e-05,-0.000401983116709137,0.00021758994579660788,1
2026-08-04 07:00:00+00:00,1.34283,1.34386,1.3427,1.3436,2904,1.342812,1.342758,1.3431460000000002,1.3450244,1.343015188448524,1.3436531282056878,-0.0006379397571638634,-0.0007458910550269697,0.00010795129786310626,68.50220264317261,1.3431460000000002,1.3451708186403506,1.3411211813596497,0.0030150387826050526,0.0008114285714285899,0.9999999999977045,0.0006926497203332271,0.0006255771694121393,0.0002520214620234209,1
2026-08-04 08:00:00+00:00,1.34358,1.34422,1.34323,1.3442,2394,1.3431339999999998,1.3428790000000002,1.3430374999999999,1.3450062000000003,1.3431974671487512,1.3436936372274888,-0.00049617007873759,-0.0006959468597690938,0.00019977678103150383,64.07035175879534,1.3430374999999999,1.344485240526329,1.3415897594736708,0.0021559197361639155,0.0007750000000000178,0.8982700516602902,0.0011991747294408661,0.00090097469080197,0.0002788241618586166,1
2026-08-04 09:00:00+00:00,1.34418,1.34428,1.34356,1.3441,2162,1.343436,1.3430209999999998,1.342984,1.3449842,1.3433363183566356,1.343723738173601,-0.0003874198169653287,-0.0006342414512083409,0.0002468216342430122,62.407862407863156,1.342984,1.344151983417329,1.341816016582671,0.0017393854540769568,0.0007957142857142806,0.8601088047695123,0.0011246918269911532,0.0010575863198976077,0.0002627427050328876,1
2026-08-04 10:00:00+00:00,1.34414,1.34483,1.3437000000000001,1.34423,2446,1.3437860000000001,1.3432020000000002,1.3430095,1.34495,1.34347380784023,1.3437612390496303,-0.00028743120940033506,-0.0005648794028467397,0.00027744819344640464,61.265822784811775,1.3430095,1.344264191826284,1.3417548081737158,0.0018684779613012815,0.0008335714285714177,0.8338941069190403,0.0013035575948989742,0.0013483112587715507,0.00024113721060183306,1
2026-08-04 11:00:00+00:00,1.34424,1.34546,1.34401,1.34463,2930,1.344152,1.343389,1.343073,1.3449436,1.3436516835571175,1.3438255917126207,-0.0001739081555032218,-0.0004866851533780361,0.0003127769978748143,74.80106100796066,1.343073,1.3445166955503502,1.3416293044496497,0.0021498392869937644,0.0008742857142857163,0.9999999999979945,0.0013628239499552386,0.0013926539366677648,0.00024394620218860577,0
2026-08-04 12:00:00+00:00,1.34463,1.3454,1.34412,1.34424,2663,1.3442800000000001,1.3435460000000001,1.3431585,1.3449403999999998,1.3437421937790996,1.343856288622797,-0.00011409484369728773,-0.0004121670914418864,0.0002980722477445987,65.90330788804505,1.3431585,1.3446678431823476,1.3416491568176523,0.0022474535691024305,0.0009357142857142937,0.8215585692480879,0.00047633224173870836,0.0011693118934661406,0.00027332039252114896,1
2026-08-04 13:00:00+00:00,1.34424,1.34522,1.3437299999999999,1.34469,3608,1.344378,1.3437560000000002,1.3432970000000002,1.344998,1.3438880101207764,1.3439180450211083,-3.0034900331932235e-05,-0.00033574065321989555,0.0003057057528879633,74.69287469287538,1.3432970000000002,1.3448359004960795,1.3417580995039209,0.002291228962886537,0.0009921428571428859,0.997830360023587,0.0003645290879332741,0.001564140951444637,0.00027347567302826704,1
2026-08-04 14:00:00+00:00,1.34471,1.3455300000000001,1.34423,1.34471,3206,1.3445,1.3439679999999998,1.3433785,1.3450516,1.3440144701021954,1.343976708352878,3.776174931746645e-05,-0.0002610401727124232,0.00029880192202988963,79.89556135770745,1.3433785,1.3450370126500921,1.341719987349908,0.0024691665827495262,0.0010200000000000367,0.9999999999981805,0.0004538352801131129,0.0015790375319346683,0.0002725698821024747,1
2026-08-04 15:00:00+00:00,1.34471,1.34551,1.34415,1.3454,2878,1.344734,1.3442599999999998,1.3434940000000002,1.3451427999999999,1.3442276285480117,1.344082137363776,0.00014549118423579088,-0.00017973390132278034,0.00032522508555857125,81.57894736842525,1.3434940000000002,1.3453747658014723,1.341613234198528,0.0027998127293045105,0.0010364285714286048,0.9999999999982035,0.0008703867641697283,0.0021750789583456775,0.00027928339406193734,0
2026-08-04 16:00:00+00:00,1.34542,1.34557,1.34452,1.34461,2204,1.3447299999999998,1.3444410000000002,1.3435575,1.3451232,1.3442864549252407,1.3441212382997922,0.00016521662544843885,-0.00011074379596853649,0.0002759604214169753,69.87704918033114,1.3435575,1.3455010818805242,1.3416139181194757,0.002893187497407795,0.0010592857142857387,0.7716416799477793,-1.4873980202612103e-05,0.0013479296991361078,0.0003772184216492189,1
2026-08-04 17:00:00+00:00,1.3446,1.34484,1.3440400000000001,1.34432,1924,1.3447460000000002,1.344513,1.3436355,1.3450744000000001,1.344291615705973,1.3441359613886967,0.00015565431727626589,-5.7464173319576e-05,0.00021311849059584188,66.99410609037547,1.3436355,1.3455695111032133,1.3417014888967866,0.0028787734518972447,0.0010571428571428676,0.6579194975982429,5.951318216967927e-05,0.0005358737719560747,0.00035356896507706905,1
2026-08-04 18:00:00+00:00,1.3443,1.34527,1.34392,1.34509,1786,1.3448259999999999,1.3446019999999999,1.3437405,1.3450476,1.3444144440589,1.3442066309154599,0.0002078131434402053,-4.408709967619727e-06,0.00021222185340782503,71.33105802047987,1.3437405,1.345753368861256,1.341727631138744,0.0029959190204596146,0.0011257142857143013,0.7477904844360129,0.0002974663305297387,0.0006621038535929991,0.0003709788398787931,0
2026-08-04 19:00:00+00:00,1.34508,1.34538,1.34483,1.345,1743,1.344884,1.344692,1.3438565,1.3449818,1.3445045295883002,1.344265398995796,0.00023913059250424418,4.4299150526753074e-05,0.0001948314419774911,71.5753424657544,1.3438565,1.3458794137401235,1.3418335862598765,0.003010609749067007,0.0011114285714285885,0.6486943083870874,0.00021565988205618503,0.0006695930362323743,0.00037067101324879625,1
2026-08-04 20:00:00+00:00,1.34496,1.34542,1.34496,1.34513,977,1.34483,1.344782,1.3439919999999999,1.3449198000000002,1.3446007558054849,1.344329443514626,0.00027131229085886055,8.97017785931746e-05,0.00018161051226568594,70.61946902655004,1.3439919999999999,1.3459723731705702,1.3420116268294295,0.0029470014264524128,0.001077857142857162,0.46047304062900146,-0.0002006838115058418,0.0006695282801305602,0.0003706704372847152,0
2026-08-04 21:00:00+00:00,1.34517,1.34519,1.34435,1.34479,1189,1.3448660000000001,1.3447980000000002,1.3440935,1.3448626,1.3446298702969488,1.3443635588098388,0.00026631148710998254,0.0001250237202965362,0.00014128776681344635,61.4643545279395,1.3440935,1.3460152237328085,1.3421717762671916,0.0028595090041108173,0.0010550000000000281,0.009773569905976028,0.00013386781297164418,0.000118991841621785,0.0003734767185142362,1
2026-08-04 22:00:00+00:00,1.34486,1.34527,1.34478,1.3451,801,1.3450219999999997,1.344884,1.344215,1.3448038,1.344702197943572,1.34441811000911,0.00028408793446210723,0.0001568365631296504,0.00012725137133245683,59.183673469387756,1.344215,1.3460636581193068,1.342366341880693,0.002750539339773624,0.0010192857142857306,0.0,0.0005802189954773329,0.000639766708325773,0.00036283244878126573,1
2026-08-04 23:00:00+00:00,1.34507,1.34519,1.3447200000000001,1.34503,858,1.3450099999999998,1.3449179999999998,1.344337,1.3447302,1.3447526290291765,1.3444634351936204,0.0002891938355560342,0.00018330801761492718,0.000105885817941107,59.54825462012293,1.344337,1.3460512879448523,1.3426227120551475,0.002550384233793163,0.0010014285714285975,0.016279378960809127,-4.4606680593806125e-05,0.0002528463809503556,0.00035119351815706844,1
2026-08-05 00:00:00+00:00,1.3450199999999999,1.34559,1.34486,1.34505,2032,1.3450199999999999,1.344952,1.34446,1.3446402,1.3447983784093032,1.3445068844385375,0.0002914939707656661,0.000204945208245075,8.654876252059109e-05,58.613445378152335,1.34446,1.3459895682225183,1.3429304317774817,0.0022753644177115908,0.0009728571428571879,0.0,3.7174721189581206e-05,0.00025284262034186433,0.0003511935306059806,1
2026-08-05 01:00:00+00:00,1.34506,1.34512,1.34436,1.34455,1927,1.344904,1.344867,1.3445635,1.3445496,1.3447601663463333,1.344510078183831,0.00025008816250227106,0.00021397379909651423,3.6114363405756835e-05,49.176954732509444,1.3445635,1.345776278888152,1.343350721111848,0.0018039741345826602,0.000923571428571468,0.0,-0.00043118508991701887,-0.0006317823695555225,0.0003251437097834393,1
2026-08-05 02:00:00+00:00,1.34456,1.34581,1.34448,1.34528,2387,1.345002,1.3449339999999999,1.3446875,1.3444807999999997,1.3448401407545896,1.3445671094294733,0.0002730313251162464,0.00022578530430046066,4.724602081578573e-05,59.99999999999915,1.3446875,1.3456145638426706,1.3437604361573294,0.0013788539607464273,0.0009271428571429041,0.3340240641700399,0.0003643691580099695,0.000498285748283811,0.00031910785429693273,1
2026-08-05 03:00:00+00:00,1.3453,1.34595,1.34527,1.34552,1504,1.345086,1.345054,1.3447835,1.344444,1.3449447344846528,1.344637693916179,0.0003070405684737487,0.0002420363571351183,6.500421133863042e-05,58.3166332665337,1.3447835,1.3456305947253104,1.3439364052746894,0.0012598231987684659,0.000869285714285747,0.28207149593217373,0.0003122444427923199,0.0008926446084265294,0.00030676624460132025,1
2026-08-05 04:00:00+00:00,1.34552,1.3459699999999999,1.34535,1.34544,1459,1.345168,1.3450890000000002,1.3448455000000001,1.3444133999999999,1.3450209291793216,1.3446971239964622,0.0003238051828593491,0.00025839012227996447,6.541506057938464e-05,57.22772277227589,1.3448455000000001,1.3456942879903695,1.3439967120096308,0.0012622832739810773,0.0008207142857143016,0.24846521416765496,0.0003048259146636312,0.00026020563679751696,0.00025718908464311837,1
2026-08-05 05:00:00+00:00,1.34544,1.34581,1.34507,1.34557,1690,1.345272,1.345146,1.344919,1.3443902,1.3451054016132722,1.3447617814782058,0.00034362013506639144,0.00027543612483724986,6.818401022914159e-05,51.89309576837406,1.344919,1.3457503818553684,1.3440876181446315,0.0012363300025777949,0.0007764285714285826,0.12126502443839024,0.00038660272852308886,0.00042379182156127015,0.00025581711319328356,1
2026-08-05 06:00:00+00:00,1.34559,1.34677,1.34504,1.34668,2586,1.345698,1.345301,1.3450415,1.34438,1.3453476475189228,1.3449038717390793,0.0004437757798434472,0.00030910405583848936,0.00013467172400495782,71.51767151766879,1.3450415,1.3461282096643985,1.3439547903356015,0.001615875293659712,0.0008250000000000122,0.9974252187759141,0.0015841731434309558,0.0011523049816748454,0.0003567368719277777,1
2026-08-05 07:00:00+00:00,1.34667,1.3469,1.34569,1.3467500000000001,2710,1.345992,1.345497,1.3451475,1.3443634,1.3455633940544731,1.3450406219806288,0.0005227720738443242,0.0003518376594396564,0.00017093441440466784,76.4705882352927,1.3451475,1.3464561252328144,1.3438388747671854,0.0019456977510860299,0.0008542857142857281,0.9999999999963362,0.001092709324453045,0.001457476632039434,0.0003341068296618091,1
2026-08-05 08:00:00+00:00,1.34674,1.34702,1.34535,1.3456299999999999,2496,1.346014,1.34555,1.3452169999999999,1.3443557999999998,1.3455736411230155,1.3450842796116933,0.0004893615113221728,0.00037934242981615973,0.00011001908150601303,55.46558704453334,1.3452169999999999,1.3464691156832211,1.3439648843167786,0.001861581712424472,0.0008771428571428779,0.23040656391020933,8.175277959443505e-05,0.0003940227492378323,0.0004521329576947723,1
2026-08-05 09:00:00+00:00,1.34566,1.34672,1.34543,1.34667,2045,1.34626,1.3457139999999999,1.345316,1.344368,1.3457423117194744,1.3452017403811976,0.0005405713382768962,0.0004115882115083071,0.0001289831267685891,64.17657045840204,1.345316,1.3466989396607298,1.34393306033927,0.002055932822816182,0.0009300000000000182,0.5495646347089721,0.0009141990724224058,0.0012193036586545247,0.00050566192143147,1
2026-08-05 10:00:00+00:00,1.34667,1.34694,1.34625,1.34667,2191,1.3464800000000001,1.345876,1.345414,1.3443924,1.3458850329934013,1.3453105003529608,0.0005745326404404949,0.00044417709729474466,0.00013035554314575024,63.368055555553845,1.345414,1.3468907303855255,1.3439372696144747,0.0021952059150944264,0.0009464285714285861,0.5199417960069435,0.0008174974174515182,0.0012044161927065034,0.0005060336099570434,0
2026-08-05 11:00:00+00:00,1.3467,1.34822,1.34669,1.34788,2229,1.34672,1.346209,1.345538,1.344451,1.3461919509944167,1.345500833660149,0.0006911173342676324,0.0004935651446893223,0.00019755218957831012,73.30316742081116,1.345538,1.3473808764701312,1.3436951235298686,0.0027392410621346415,0.000997142857142855,0.8839501961420076,0.0008910802863337786,0.0024766650552230374,0.0005277108702524399,0
2026-08-05 12:00:00+00:00,1.3479,1.34836,1.34669,1.34696,2654,1.346762,1.346377,1.3456555,1.3444720000000001,1.3463101123798908,1.3456089200556935,0.0007011923241972973,0.0005350905805909174,0.0001661017436063799,62.84530386740131,1.3456555,1.3475482393125346,1.3437627606874651,0.002813111249550502,0.0010814285714285824,0.5007889159736819,0.0001559309448670998,0.0012488106565176071,0.000590092822847432,0
2026-08-05 13:00:00+00:00,1.34696,1.34758,1.34593,1.34639,3622,1.346914,1.3464639999999999,1.345759,1.3444646,1.3463224027829845,1.3456667778293459,0.0006556249536386893,0.0005591974552004718,9.642749843821752e-05,58.785529715761356,1.345759,1.347568819996851,1.343949180003149,0.0026896643408679216,0.0011657142857142938,0.3520445521567101,0.000564791213037763,0.0006465901658838646,0.0006142114846700753,1
2026-08-05 14:00:00+00:00,1.34644,1.34859,1.3464,1.34782,4140,1.3471440000000001,1.346702,1.3458955,1.3444936,1.3465528023548332,1.3458262757679127,0.0007265265869205173,0.000592663281544481,0.00013386330537603632,65.13661202185614,1.3458955,1.3478947574937368,1.343896242506263,0.002970895576568703,0.0012707142857142837,0.584739195228834,0.0008539582822815195,0.001768938042573387,0.0006870756866764677,0
2026-08-05 15:00:00+00:00,1.34781,1.34833,1.34566,1.3461699999999999,3376,1.347044,1.346762,1.345954,1.3445136,1.3464939096848587,1.3458517368221417,0.0006421728627170609,0.000602565197778997,3.960766493806391e-05,57.86407766990203,1.345954,1.3479109514422476,1.3439970485577526,0.00290790241308024,0.0014071428571428449,0.24294512182398725,-0.00037128620968773784,0.0004459076822460606,0.0008186036441762136,1
2026-08-05 16:00:00+00:00,1.3461699999999999,1.3467500000000001,1.3458700000000001,1.3459699999999999,2410,1.3466619999999998,1.3466909999999999,1.345996,1.3445586,1.3464133081948804,1.3458604970575387,0.0005528111373416245,0.0005926143856915225,-3.9803248349898086e-05,53.53121801432859,1.345996,1.3479141614003625,1.3440778385996375,0.002850173998083939,0.0013749999999999834,0.06665131718188007,-0.0014170400925899163,-0.0005272225027476152,0.0007720959865095596,1
2026-08-05 17:00:00+00:00,1.3459699999999999,1.3471,1.34547,1.34695,1982,1.34666,1.346711,1.346104,1.3446304,1.3464958761648989,1.3459412009792027,0.0005546751856961851,0.0005850265456924551,-3.0351359996269958e-05,56.803044719314556,1.346104,1.3479790034385783,1.3442289965614216,0.0027858225494885717,0.0014428571428571266,0.19977420225148365,-7.424125437860418e-06,0.0001485056617782643,0.0008108877372223408,0
2026-08-05 18:00:00+00:00,1.34696,1.34727,1.34663,1.3468499999999999,2068,1.346752,1.346833,1.3461915,1.3447167999999998,1.3465503567549144,1.3460085194251876,0.0005418373297267909,0.0005763887024993222,-3.455137277253134e-05,56.69515669515561,1.3461915,1.3480322467020194,1.3443507532979806,0.002734747176786351,0.0014442857142857074,0.19538449389113222,0.0003416543497796187,0.0009066385261922161,0.0007565598200157111,1
2026-08-05 19:00:00+00:00,1.34684,1.34706,1.3462399999999999,1.34637,1577,1.3464619999999998,1.346803,1.3462585,1.3448058,1.3465226095618505,1.3460352957640627,0.00048731379778788053,0.0005585737215570339,-7.125992376915335e-05,53.6764705882356,1.3462585,1.348016947580873,1.344500052419127,0.002612347600216388,0.0014499999999999988,0.006332020997404586,-0.001075811310115582,-0.00022277172581253168,0.0007271609029772365,1
2026-08-05 20:00:00+00:00,1.34639,1.34688,1.34615,1.34673,863,1.346574,1.346809,1.3463425,1.3448787999999998,1.3465545157831045,1.346086755337095,0.00046776044600949085,0.0005404110664475253,-7.265062043803445e-05,50.246791707798025,1.3463425,1.3480163468143276,1.3446686531856724,0.0024865096575761134,0.0013785714285714354,0.0,0.00041599500805999945,4.455434516237311e-05,0.0007329544115566954,1
2026-08-05 21:00:00+00:00,1.34672,1.34672,1.3463,1.34632,833,1.346644,1.346653,1.346431,1.3449434,1.3465184364318576,1.3461040327195322,0.000414403712325484,0.000515209595623117,-0.00010080588329763299,47.94651384909205,1.346431,1.3478775334241928,1.344984466575807,0.0021486929878959636,0.0013228571428571495,0.0,0.00026003551342168585,-0.0011573730599163667,0.0006655782769760874,1
2026-08-05 22:00:00+00:00,1.34638,1.34676,1.34638,1.34665,805,1.3465839999999998,1.346622,1.3464995,1.3450096,1.3465386769808025,1.3461444747403075,0.00039420224049502295,0.0004910081245974981,-9.68058841024752e-05,55.26859504132223,1.3464995,1.3478425910930194,1.3451564089069805,0.0019949373809933744,0.001235000000000002,0.28876370343947105,-0.00022272541668222345,-0.00023014788857878,0.0006420079502456973,0
2026-08-05 23:00:00+00:00,1.34665,1.34708,1.34664,1.34689,773,1.346592,1.3466719999999999,1.346568,1.3450922,1.3465927266760636,1.346199698833618,0.000393027842445548,0.0004714120681671081,-7.838422572156012e-05,51.23873873873807,1.346568,1.3478385340774814,1.3452974659225185,0.0018870700588183523,0.001174285714285715,0.12983672629833679,2.9698927126231567e-05,0.00037136342367372066,0.0006283618172382713,0
2026-08-06 00:00:00+00:00,1.34692,1.3471,1.34653,1.34665,2089,1.346648,1.346555,1.3466285,1.3451654,1.3466015379566691,1.346233054475572,0.0003684834810970816,0.00045082635075310287,-8.234286965602125e-05,49.89035087719226,1.3466285,1.3477827922187433,1.3454742077812567,0.0017143439615949054,0.001165714285714278,0.07665984088139116,0.00020796660650468368,-0.000868068436438163,0.0005159625998505225,0
2026-08-06 01:00:00+00:00,1.34666,1.34708,1.34631,1.34683,2296,1.346668,1.346621,1.3466915,1.3452483999999998,1.3466366859633356,1.346277272662567,0.00035941330076871836,0.00043254374075622597,-7.313043998750761e-05,43.51050679851702,1.3466915,1.3477347393881498,1.34564826061185,0.0015493368572533127,0.001110000000000008,0.0,7.425393360205312e-05,0.0004902798309278644,0.00032766693697741016,0
2026-08-06 02:00:00+00:00,1.34683,1.34722,1.34659,1.34669,1806,1.3467419999999999,1.3466929999999997,1.346692,1.3453338,1.3466448881228223,1.3463078450579322,0.00033704306489013014,0.0004134436055830068,-7.640054069287666e-05,48.153214774281956,1.346692,1.3477352257665216,1.3456487742334784,0.0015493160522548658,0.0010357142857142984,0.21468072627025828,0.0002748232218194868,0.000534930199038719,0.0003249692124112617,0
2026-08-06 03:00:00+00:00,1.34669,1.34671,1.34576,1.34601,1535,1.346614,1.3465989999999999,1.346655,1.3453988,1.3465472130270035,1.3462857824610484,0.00026143056595517855,0.00038304099765744116,-0.00012161043170226261,47.4393530997303,1.346655,1.3477411714510095,1.3455688285489904,0.001613139892562731,0.000985714285714304,0.18167146883919985,-0.00047525340660159454,-0.0006978729722707522,0.0002698243958543596,1
2026-08-06 04:00:00+00:00,1.346,1.3461699999999999,1.34578,1.346,1203,1.346436,1.346514,1.3466735,1.3454654,1.3464630264074644,1.3462646133898597,0.00019841301760470387,0.0003461154016468937,-0.00014770238404218986,34.83333333333448,1.3466735,1.3476969569900399,1.3456500430099603,0.0015199779160127618,0.0008564285714285834,0.0,-0.0006607815040573506,-0.0006311022014328094,0.0002705278116221855,0
2026-08-06 05:00:00+00:00,1.34601,1.3463,1.34547,1.34626,1322,1.346358,1.3465029999999998,1.3466529999999999,1.3455388,1.3464317915755468,1.3462642716572775,0.0001675199182693543,0.0003103963049713859,-0.00014287638670203157,50.97613882863499,1.3466529999999999,1.3476930425092215,1.3456129574907782,0.0015446332636865298,0.0007250000000000233,0.7347754921135891,-0.00028960754464779637,-8.170116684125261e-05,0.00025993931821903233,0
2026-08-06 06:00:00+00:00,1.34626,1.3465,1.34542,1.34595,2201,1.346182,1.346425,1.3466169999999997,1.3456059999999999,1.3463576697946933,1.3462409922752567,0.0001166775194365588,0.0002716525478644205,-0.0001549750284278617,49.788135593221305,1.3466169999999997,1.3477033768852371,1.3455306231147623,0.0016134905251268677,0.0007392857142857359,0.6807008975712868,-0.0006533860992107288,-0.0005791806820966139,0.0002487248455709209,1
2026-08-06 07:00:00+00:00,1.3459699999999999,1.34623,1.34549,1.3459400000000001,2324,1.346032,1.346387,1.34652,1.3456752,1.346293412903202,1.3462186965511636,7.471635203848415e-05,0.00023226530869923322,-0.00015754895666074908,36.53333333333284,1.34652,1.3474693488072524,1.3455706511927474,0.001410077543968903,0.0006757142857143032,0.07776112595253228,-0.0005569210434471783,-0.0002822508764631637,0.00023326731171224727,1
2026-08-06 08:00:00+00:00,1.34593,1.34656,1.34561,1.3464,2311,1.3461100000000001,1.3463619999999998,1.346492,1.3457472000000001,1.3463098109180938,1.3462321264362624,7.768448183131937e-05,0.00020134914332565045,-0.00012366466149433107,44.52554744525662,1.346492,1.3474194889699675,1.3455645110300325,0.0013776375499706304,0.0006978571428571627,0.47428871968330183,0.0002897452470635997,-0.00018564586195368715,0.0002474236782773764,1
2026-08-06 09:00:00+00:00,1.34638,1.34659,1.34517,1.34565,1957,1.34604,1.346238,1.346455,1.3457881999999999,1.3462083015460793,1.346189005959502,1.929558657720598e-05,0.00016493843197596156,-0.00014564284539875558,41.78082191780687,1.346455,1.3474557681260129,1.345454231873987,0.0014865229450860334,0.0007407142857143009,0.3399755130966956,-0.0002600297176820199,-0.0009206393989115158,0.00028832395109576714,1
2026-08-06 10:00:00+00:00,1.34564,1.34625,1.34534,1.34606,1714,1.346,1.346179,1.346367,1.3458253999999998,1.3461854859236055,1.346179449962502,6.03596110360094e-06,0.00013315793780148944,-0.0001271219766978885,42.437923250564424,1.346367,1.3471477176185662,1.345586282381434,0.0011597396825176627,0.0007535714285714328,0.3721307818739725,-0.00014855971357685682,-0.0004381242342107461,0.0003117785927217656,0
2026-08-06 11:00:00+00:00,1.34609,1.3468499999999999,1.34572,1.3468499999999999,2360,1.34618,1.346181,1.346401,1.3458803999999998,1.3462877188584355,1.34622912033565,5.859852278544686e-05,0.00011824605479828092,-5.964753201283406e-05,55.509355509355196,1.346401,1.347204489756881,1.345597510243119,0.0011935370768158037,0.0008035714285714273,0.9999999999951635,0.0006686726847207058,1.4849684072837377e-05,0.00036826570164252544,0
2026-08-06 12:00:00+00:00,1.3468499999999999,1.34718,1.34619,1.34687,2563,1.346366,1.346199,1.3464459999999998,1.3459332000000002,1.3463773005725224,1.3462765929033795,0.00010070766914282991,0.00011473837766719075,-1.4030708524360831e-05,52.44444444444581,1.3464459999999998,1.3472486639855021,1.3456433360144975,0.0011922705931055946,0.0008428571428571452,0.8517649556136996,0.0006909669078858371,0.00013366105042744714,0.00036639587118134515,0
2026-08-06 13:00:00+00:00,1.34691,1.3479,1.3464,1.34766,3008,1.3466179999999999,1.346364,1.3464814999999999,1.3459938,1.3465746389459805,1.3463790675031293,0.00019557144285120565,0.00013090499070399374,6.46664521472119e-05,57.62376237623953,1.3464814999999999,1.347427945427537,1.3455350545724627,0.0014058053193262445,0.0009185714285714353,0.9999999999956123,0.0009358288770053846,0.0012258452760380845,0.0003572798567423934,0
2026-08-06 14:00:00+00:00,1.34767,1.34793,1.34631,1.34653,3227,1.3467939999999998,1.346417,1.3464655,1.3460396000000001,1.3465677714158297,1.346390247688083,0.00017752372774682001,0.000140228738112559,3.729498963426101e-05,48.98989898989982,1.3464655,1.3473964073106333,1.345534592689367,0.0013827421655187846,0.0009935714285714508,0.6211627534458525,0.0006539590532457229,0.0003937592867755413,0.00046981301531776504,0
2026-08-06 15:00:00+00:00,1.3465500000000001,1.34662,1.34491,1.3453300000000001,3253,1.346648,1.346324,1.3464135,1.3460524,1.3463773450441638,1.346311710822299,6.56342218647854e-05,0.0001253098348630043,-5.967561299821889e-05,39.224137931035095,1.3464135,1.3474740316442049,1.345352968355795,0.001575343153058021,0.0010607142857142879,0.19266002361847867,-0.0005423235219825795,-0.0006908026681323731,0.0005488797560792693,1
2026-08-06 16:00:00+00:00,1.34535,1.34588,1.34493,1.34554,2519,1.346386,1.3462830000000001,1.3463539999999998,1.346069,1.3462485227296772,1.3462545470576843,-6.024328007114832e-06,9.904300228898045e-05,-0.00010506733029609529,41.82076813655706,1.3463539999999998,1.347471749618862,1.3452362503811377,0.0016604096973933,0.0010835714285714218,0.30659514088293105,-0.0009726398633849165,-0.0003046175563727882,0.0005498613822048102,0
2026-08-06 17:00:00+00:00,1.34557,1.34589,1.34513,1.34559,1943,1.34613,1.346248,1.3463175,1.3460728,1.3461472115404962,1.3462053213497076,-5.810980921139297e-05,6.761243998890577e-05,-0.00012572224920029873,46.7187500000008,1.3463175,1.3474864288843993,1.3451485711156008,0.0017364832357883396,0.0010699999999999996,0.5215091231603757,-0.000950351555829454,-0.00026004130941947867,0.0005502483752536777,0
2026-08-06 18:00:00+00:00,1.3456000000000001,1.34588,1.34518,1.34565,1618,1.345728,1.346173,1.3462675,1.3460936000000001,1.346070717457343,1.3461641864349145,-9.346897757156469e-05,3.539615647681167e-05,-0.00012886513404837636,47.28682170542564,1.3462675,1.3474618176867081,1.3450731823132918,0.001774265050160077,0.001092142857142859,0.5098752780308428,-0.001491474110680735,-0.0005570409982175173,0.0005360279776177514,0
2026-08-06 19:00:00+00:00,1.34567,1.34589,1.34484,1.34546,2171,1.345514,1.3461539999999999,1.3461960000000002,1.3461163999999999,1.345976760925444,1.3461120244767726,-0.00013526355132853496,1.2642149157423334e-06,-0.00013652776624427729,43.730407523511275,1.3461960000000002,1.3474045380467616,1.3449874619532387,0.0017954860165406295,0.0011078571428571366,0.34124835372018614,-0.0007946350991064888,-0.0001411957046779655,0.0005082120503181158,0
2026-08-06 20:00:00+00:00,1.34544,1.3455599999999999,1.34482,1.34535,935,1.345518,1.346083,1.3461310000000002,1.3461216000000003,1.3458803361676834,1.3460555782192338,-0.00017524205155039496,-3.4037038377485136e-05,-0.00014120501317290983,45.14563106796141,1.3461310000000002,1.3473760136333848,1.3448859863666156,0.0018497659341989508,0.0010835714285714218,0.4083509973678935,1.4866240996669333e-05,-0.0005274653432981724,0.000495828028799342,0
2026-08-06 21:00:00+00:00,1.34532,1.34535,1.34427,1.34463,1012,1.345336,1.345861,1.346021,1.3461142000000001,1.3456879767572707,1.3459499798326238,-0.00026200307535306777,-7.963024577260167e-05,-0.0001823728295804661,40.49346879535432,1.346021,1.3473886857133397,1.3446533142866601,0.0020321907508720647,0.0011078571428571366,0.06898678112113067,-0.0006763083966287997,-0.0016482904555071842,0.0004607382511845755,1
2026-08-06 22:00:00+00:00,1.34497,1.34523,1.34496,1.34511,533,1.34524,1.345685,1.3459420000000002,1.3461138,1.345599057256152,1.345887759104281,-0.0002887018481290138,-0.00012144456624388412,-0.00016725728188512966,40.665701881331266,1.3459420000000002,1.3473293655458618,1.3445546344541386,0.002061553240572933,0.0010828571428571315,0.07834746598124488,-0.0003567208436447977,-0.0013067333892654576,0.00048749092374555757,1
2026-08-06 23:00:00+00:00,1.34511,1.34551,1.34511,1.34544,611,1.345198,1.345463,1.3459135000000002,1.3461268000000002,1.3455745869090516,1.3458545917632232,-0.0002800048541715672,-0.00015315662382942076,-0.00012684823034214641,48.38212634822768,1.3459135000000002,1.3473182929234748,1.3445087070765256,0.002087493621952106,0.001009999999999987,0.4977269206997153,-0.000156058410433646,-0.001647299764035548,0.00044148525928825285,0
2026-08-07 00:00:00+00:00,1.34544,1.34549,1.34473,1.34498,1799,1.3451020000000002,1.345308,1.3458625000000002,1.3461243999999999,1.3454831119999668,1.3457898071881698,-0.0003066951882029212,-0.00018386433670412086,-0.00012283085149880033,41.74311926605498,1.3458625000000002,1.3473268680152755,1.344398131984725,0.002176103450798688,0.0009992857142857106,0.1369039538012271,-0.0003567553104514287,-0.0011511069192665646,0.00038107905969792693,1
2026-08-07 01:00:00+00:00,1.345,1.3456299999999999,1.34481,1.34525,1920,1.345082,1.3453,1.345812,1.3461287999999998,1.3454472486153566,1.3457498214705277,-0.00030257285517110155,-0.00020760604039751703,-9.496681477358452e-05,36.710963455150775,1.345812,1.3472882627066003,1.3443357372933997,0.002193861708173629,0.0009771428571428511,0.0,-7.433009997392936e-05,-5.946496398656631e-05,0.00027592902393131847,1
2026-08-07 02:00:00+00:00,1.34525,1.3454,1.34507,1.34516,1188,1.345188,1.345262,1.3457725,1.3461309999999997,1.3454030565206863,1.3457061309912293,-0.00030307447054300773,-0.0002266997264266152,-7.637474411639254e-05,35.96059113300393,1.3457725,1.3472752536128738,1.3442697463871263,0.0022332951711730993,0.0009299999999999864,0.0,0.00039416047537232934,-0.00028241449529564644,0.0002703355563943513,0
2026-08-07 03:00:00+00:00,1.34517,1.3452899999999999,1.34501,1.34528,977,1.3452220000000001,1.345231,1.3457395,1.3461455999999998,1.345384124748273,1.3456745657326197,-0.00029044098434671817,-0.0002394479780106358,-5.0993006336082366e-05,28.044280442803895,1.3457395,1.3472556929470172,1.344223307052983,0.002253323094130927,0.0008428571428571134,0.0,0.00012638371582984753,-0.00023038221152060778,0.00027222847363249467,0
2026-08-07 04:00:00+00:00,1.3452899999999999,1.34549,1.34515,1.34531,1250,1.345196,1.345197,1.345685,1.3461462,1.3453727209408464,1.345647560863537,-0.0002748399226906173,-0.00024652636694663216,-2.8313555743985145e-05,35.87962962962925,1.345685,1.3471794317701868,1.3441905682298132,0.002221072197708708,0.0007514285714285299,0.3852595414098041,-9.662266619092641e-05,-0.00025266599784490307,0.00027170424157611203,0
2026-08-07 05:00:00+00:00,1.34532,1.34558,1.34508,1.34525,1292,1.34525,1.345176,1.3456650000000001,1.3461408,1.3453538407961008,1.3456181119106825,-0.0002642711145817156,-0.0002500753164736488,-1.4195798108066772e-05,48.7421383647786,1.3456650000000001,1.347172057083387,1.3441579429166133,0.0022398696308320886,0.0006649999999999633,0.9999999999951686,0.00020074647950152347,-0.00015608044832249313,0.00026882542970135175,0
2026-08-07 06:00:00+00:00,1.34525,1.34577,1.34512,1.34535,2089,1.34527,1.345176,1.3456295,1.346139,1.345353249904393,1.3455982517691505,-0.0002450018647575103,-0.0002490606261304211,4.058761372910825e-06,46.90553745928494,1.3456295,1.3471308183679889,1.3441281816320112,0.0022313993086341155,0.0006435714285713783,0.9112661362104105,7.433562534853166e-05,0.0,0.0002690873415530038,0
2026-08-07 07:00:00+00:00,1.34535,1.34536,1.34451,1.34476,2114,1.34519,1.345189,1.3455249999999999,1.3461228,1.3452619806883326,1.3455361590455097,-0.000274178357177135,-0.0002540841723397639,-2.0094184837371118e-05,38.5041551246526,1.3455249999999999,1.3469580166928765,1.3440919833071232,0.0021300484091736002,0.0006499999999999284,0.5053602513472192,-0.00029736239555144817,9.66808713176448e-05,0.0002486947765303734,1
2026-08-07 08:00:00+00:00,1.34478,1.3449900000000001,1.34426,1.34426,1971,1.344986,1.345104,1.3453945,1.3460744,1.3451078298132044,1.3454416287458424,-0.0003337989326379631,-0.00027002712439940375,-6.377180823855937e-05,32.83950617283993,1.3453945,1.3467865749374728,1.3440024250625273,0.002069392936380714,0.0006521428571427996,0.231677391355645,-0.0007582064700285551,-0.0006319185791496817,0.00024232077472132076,1
2026-08-07 09:00:00+00:00,1.34427,1.34467,1.34392,1.34416,1918,1.344756,1.3449760000000002,1.3452195,1.3460226,1.3449620098419421,1.3453466932831872,-0.0003846834412450928,-0.00029295838776854157,-9.172505347655122e-05,33.58585858585836,1.3452195,1.3462438246812392,1.3441951753187609,0.0015229108427868337,0.0006307142857142305,0.2677367949822603,-0.0008548215652898206,-0.0009513616363420185,0.00021684481770442533,1
2026-08-07 10:00:00+00:00,1.34416,1.34427,1.3433899999999999,1.34374,1600,1.344454,1.344852,1.3450799999999998,1.3459847999999999,1.3447740083277973,1.345227678965914,-0.00045367063811685426,-0.00032510083783820413,-0.00012856980027865013,31.14754098360622,1.3450799999999998,1.346112747994924,1.3440472520050757,0.0015355934144053048,0.0006407142857142485,0.14993148336826836,-0.0011224679427616069,-0.0009219467947479965,0.00021329433321294993,1
2026-08-07 11:00:00+00:00,1.3437299999999999,1.34496,1.34372,1.3449,1884,1.344364,1.3448170000000002,1.3450585,1.3459494,1.3447933916619823,1.3452034064499203,-0.0004100147879380067,-0.0003420836278581647,-6.793116007984204e-05,52.86624203821635,1.3450585,1.346087229927204,1.344029770072796,0.0015296433979697416,0.0006521428571428155,0.9999999999959713,-0.0003344854498830152,-0.0002601746887196388,0.00036403060303548244,1
2026-08-07 12:00:00+00:00,1.34494,1.35079,1.3444099999999999,1.34997,6570,1.3454059999999999,1.345298,1.3452800000000003,1.3460154,1.345589792944754,1.3455564874536297,3.3305491124346887e-05,-0.00026700580406166237,0.00030031129518600925,76.12903225806355,1.3452800000000003,1.3477051576183101,1.3428548423816904,0.003605431758904999,0.0010649999999999668,0.9999999999979203,0.0038742972723757596,0.003575782806506167,0.0012528518790907008,0
2026-08-07 13:00:00+00:00,1.34997,1.35089,1.34871,1.34893,4957,1.3463399999999999,1.345663,1.345447,1.3460364,1.3461036709532535,1.3458063772718791,0.0002972936813743221,-0.00015414590697446543,0.00045143958834878753,67.43256743256727,1.345447,1.3483707762172197,1.3425232237827804,0.004346178210244803,0.0011921428571428163,0.8191429819791982,0.0034740303215150536,0.0027131898192196413,0.0013018516393263795,1
2026-08-07 14:00:00+00:00,1.34891,1.3501400000000001,1.34827,1.34883,4418,1.347274,1.346015,1.345606,1.3460737999999999,1.3465231061912144,1.346030349325814,0.0004927568654005121,-2.4765352499469888e-05,0.000517522217899982,69.9481865284966,1.345606,1.3488988336860774,1.3423131663139227,0.0048942018482042386,0.0012714285714285265,0.8714593400959886,0.003474288775145773,0.002616497312887045,0.0013042596406342081,1
2026-08-07 15:00:00+00:00,1.3488,1.35001,1.34825,1.3495300000000001,3582,1.348432,1.346443,1.3458095,1.3461366,1.34698570523872,1.346289582709087,0.0006961225296329143,0.00011941222392700701,0.0005767103057059073,71.23015873015838,1.3458095,1.349538512709743,1.3420804872902572,0.005541665012385344,0.0013385714285713954,0.8981200205250861,0.004308869275306382,0.0031815647649136025,0.0013017077665875396,0
2026-08-07 16:00:00+00:00,1.3495599999999999,1.35037,1.34941,1.3496000000000001,3039,1.349372,1.3468680000000002,1.346022,1.3461722,1.347387904432763,1.34653479880471,0.0008531056280529636,0.0002661509047521984,0.0005869547233007652,72.06759443340032,1.346022,1.3501080460877877,1.3419359539122124,0.00607129168436715,0.0013835714285714046,0.9155358471983235,0.0034946836196001474,0.0031590292488943295,0.0013021952067916443,0
2026-08-07 17:00:00+00:00,1.34957,1.34985,1.34935,1.3495,1983,1.3492780000000002,1.3473419999999998,1.3462655,1.3462387999999998,1.3477128422123381,1.3467544433376943,0.0009583988746437733,0.0004046004987305134,0.0005537983759132598,71.01593625497897,1.3462655,1.3505765114822323,1.3419544885177674,0.006404400145784694,0.0013992857142856982,0.8863288908770199,-0.0003481558849455224,0.003524792528034615,0.0012836927597772501,0
2026-08-07 18:00:00+00:00,1.34952,1.35002,1.34914,1.3498999999999999,1591,1.349472,1.3479059999999998,1.346505,1.3463174,1.3480493280258246,1.3469874475349024,0.0010618804909221513,0.0005360564971688411,0.0005258239937533102,72.0461095100853,1.346505,1.3510704330514534,1.3419395669485468,0.0067811601909436555,0.0014378571428571257,0.9092310496520232,0.0007190884627075178,0.004195616919345779,0.0012589436847834177,0
2026-08-07 19:00:00+00:00,1.34991,1.35034,1.34961,1.34975,2408,1.349656,1.3484649999999998,1.3467205,1.3463734,1.3483109698680056,1.3471920810508355,0.0011188888171700384,0.0006526229611690806,0.00046626585600095783,71.42857142857082,1.3467205,1.3514771484219936,1.3419638515780064,0.007064046952569055,0.0014542857142857096,0.8955023344845966,0.0006820726110776665,0.004158731103440116,0.0012605971195257751,0
2026-08-07 20:00:00+00:00,1.34975,1.34985,1.3489200000000001,1.34927,1826,1.349604,1.349018,1.3469349999999998,1.3464218000000003,1.3484585129652353,1.347346000972996,0.0011125119922392734,0.0007446007673831193,0.00036791122485615416,68.01470588235222,1.3469349999999998,1.351747757170154,1.3421222428298456,0.007146235223160984,0.0014742857142857138,0.8196074397293048,-0.00019265966669890222,0.004115379463289104,0.0012634382016697393,0
2026-08-09 21:00:00+00:00,1.34951,1.3495599999999999,1.34806,1.34904,1092,1.349492,1.349432,1.3471245,1.3464751999999998,1.3485479725090455,1.3474714823824034,0.0010764901266420157,0.0008109786392348987,0.000265511487407117,70.34220532319404,1.3471245,1.351956326395444,1.3422926736045562,0.007173540968847175,0.001520714285714288,0.8713509318833391,-0.00041493775933620913,0.0030782957840731484,0.0012646565770451233,0
2026-08-09 22:00:00+00:00,1.34879,1.34937,1.34876,1.3489,750,1.349372,1.3493249999999999,1.3473115,1.3465186,1.348602130584577,1.3475772985022256,0.001024832082351379,0.0008537493278581949,0.0001710827544931841,72.83464566929085,1.3473115,1.3521125931869094,1.3425104068130906,0.007126923784008902,0.0015121428571428508,0.9267612856860509,-0.00044460911448684914,-0.0007926102061526219,0.0003464449544364201,0
2026-08-09 23:00:00+00:00,1.3489,1.34928,1.34877,1.34885,968,1.349162,1.3493169999999999,1.34749,1.3465692000000002,1.3486402643407958,1.347671572687246,0.0009686916535498469,0.0008767377929965254,9.19538605533215e-05,73.19485657764616,1.34749,1.3522382428882933,1.3427417571117068,0.007047537107204105,0.0014949999999999924,0.9347692662609204,-0.0007778353952142547,-5.9306264965419686e-05,0.000247325219088672,0
2026-08-10 00:00:00+00:00,1.34884,1.34938,1.34874,1.34901,2005,1.349014,1.349335,1.347675,1.3466164,1.348697146749904,1.3477707154511536,0.0009264312987504741,0.0008866764941473152,3.9754804603158974e-05,76.75126903553377,1.347675,1.352353418536205,1.342996581463795,0.006942947722863431,0.001477857142857118,0.9999999999958133,-0.0005482496758658639,0.0001334489891240409,0.00024892283225432134,1
2026-08-10 01:00:00+00:00,1.34905,1.34917,1.3483800000000001,1.34885,2257,1.34893,1.349267,1.3478549999999998,1.3466556,1.3487206626345343,1.3478506624547717,0.0008700001797625756,0.0008833412312703674,-1.3341051507791786e-05,72.31638418079214,1.3478549999999998,1.3524161194378372,1.3432938805621624,0.006767967530390786,0.0014457142857142566,0.5240876847712088,-0.0003112794325819124,-0.0005038791282890864,0.00017600617897791765,1
2026-08-10 02:00:00+00:00,1.34887,1.34897,1.34848,1.34856,1364,1.348834,1.3491630000000001,1.3480155,1.3466938000000002,1.3486959453061442,1.3479032059766405,0.0007927393295037444,0.0008652208509170429,-7.24815214132985e-05,32.67813267813385,1.3480155,1.3524289935440144,1.3436020064559857,0.0065481347121221145,0.0010249999999999743,0.0,-0.0003558085749867379,-0.0007705986959100075,0.00017898568389565264,1
2026-08-10 03:00:00+00:00,1.34856,1.34869,1.3483,1.34846,1204,1.348746,1.349059,1.3482005000000001,1.3467264,1.348659646028276,1.3479444499783708,0.0007151960499052201,0.0008352158907146783,-0.00012001984080945815,42.49201277955337,1.3482005000000001,1.3523411761461461,1.3440598238538541,0.006142522786701227,0.0008971428571428344,0.22267260541237824,-0.00032619171176517803,-0.00077065579844382,0.0001789855792346254,1
2026-08-10 04:00:00+00:00,1.34846,1.3489900000000001,1.3483399999999999,1.34879,1088,1.3487339999999999,1.348948,1.348427,1.3467684,1.3486797004854643,1.3480070833133064,0.00067261717215783,0.0008026961470033087,-0.0001300789748454787,49.404761904761315,1.348427,1.3521328593718729,1.3447211406281272,0.005496566550318028,0.0008099999999999932,0.37951983019654323,-4.448233680554026e-05,-0.0008222831320837676,0.00016737229354884387,1
2026-08-10 05:00:00+00:00,1.34879,1.34941,1.3486799999999999,1.34937,1619,1.3488060000000002,1.34891,1.3486875,1.3468356,1.3487859004107774,1.3481080401049135,0.0006778603058639199,0.000777728978775431,-9.986867291151115e-05,47.53086419752833,1.3486875,1.3518182767658804,1.3455567232341197,0.0046427015389115135,0.0007364285714285744,0.3370019187859998,0.0002668623657346991,-0.00028153361733662674,0.00023200014232761652,1
2026-08-10 06:00:00+00:00,1.34941,1.34977,1.34913,1.34948,2207,1.348932,1.3489309999999999,1.3489745000000002,1.3469052,1.3488926849629654,1.3482096667638088,0.0006830181991566153,0.000758786822851668,-7.576862369505267e-05,48.17073170731522,1.3489745000000002,1.351080196284363,1.3468688037156373,0.0031219215550225103,0.0007135714285714245,0.35152022999935645,0.00046706453645684043,0.0001556397162909562,0.00020278125531660352,1
2026-08-10 07:00:00+00:00,1.3495,1.35013,1.34912,1.34959,2446,1.349138,1.348986,1.349209,1.3469718,1.3489999641994324,1.3483119136701933,0.0006880505292390371,0.0007446395641291419,-5.658903489010481e-05,51.3677811550175,1.349209,1.350096193089928,1.3483218069100722,0.0013151307024010465,0.0007499999999999967,0.4240598700596726,0.0007637776591327139,0.0004076973255056071,0.00019248884364027433,0
2026-08-10 08:00:00+00:00,1.3496299999999999,1.35053,1.34941,1.35032,2039,1.34951,1.349128,1.3492264999999999,1.3470592,1.349203046630289,1.3484606608057346,0.0007423858245543258,0.0007441888162141787,-1.8029916598529417e-06,55.80110497237732,1.3492264999999999,1.3501876237939185,1.3482653762060812,0.0014247034043856407,0.0007671428571428551,0.524650029593563,0.0013793512599558078,0.0010527096152419535,0.0002406324039558814,1
2026-08-10 09:00:00+00:00,1.35034,1.35064,1.34947,1.34951,1965,1.349654,1.349194,1.3492555,1.3471306,1.349250270225629,1.3485383896349392,0.0007118805906898285,0.0007377271711093088,-2.5846580419480324e-05,47.19626168224268,1.3492555,1.3502139521512224,1.3482970478487775,0.0014207126096169,0.0007985714285714263,0.3294099354841644,0.0005338117868609604,0.0004893057048596106,0.0003276824197668087,1
2026-08-10 10:00:00+00:00,1.34952,1.3501,1.34923,1.35004,1905,1.349788,1.349297,1.349316,1.3472034,1.3493717671139938,1.3486496200323512,0.0007221470816425324,0.0007346111532159536,-1.2464071573421243e-05,58.89145496535781,1.349316,1.3503133311754627,1.3483186688245372,0.001478276660860385,0.0007942857142857315,0.5947687061477585,0.0004965280093673918,0.0007635228797413518,0.0003451557490186614,1
2026-08-10 11:00:00+00:00,1.35003,1.35028,1.3495599999999999,1.35009,1941,1.34991,1.349421,1.3493439999999999,1.3472922,1.3494822644810718,1.3487563148447697,0.0007259496363021256,0.0007328788498331882,-6.929213531062543e-06,62.65060240963887,1.3493439999999999,1.3503965437857484,1.3482914562142514,0.0015600822114278988,0.0007385714285714615,0.6800621015119703,0.0004520259655571568,0.0009193016273121302,0.0003388376710252137,1
2026-08-10 12:00:00+00:00,1.35006,1.3504,1.34896,1.34947,2567,1.3498860000000001,1.349512,1.3493375,1.3473604000000001,1.34948037763783,1.3488091804118238,0.0006711972260060595,0.0007205425250677625,-4.934529906170304e-05,56.15550755939493,1.3493375,1.3503849806868573,1.3482900193131429,0.001552585156578287,0.0007978571428571835,0.5326912677787211,-8.891589297499447e-05,0.0006747938541851184,0.00037072176927939026,1
2026-08-10 13:00:00+00:00,1.34949,1.35079,1.34942,1.35043,3253,1.3499079999999999,1.349709,1.3493840000000001,1.347432,1.349626473385856,1.348929241122059,0.0006972322637970318,0.0007158804728136165,-1.8648209016584654e-05,64.2599277978329,1.3493840000000001,1.3505389144419764,1.348229085558024,0.0017117654307094794,0.0008592857142857449,0.7165769838461878,8.14621719296138e-05,0.0014609257968349887,0.00041762561918889636,1
2026-08-10 14:00:00+00:00,1.35041,1.35301,1.35035,1.35203,3489,1.350412,1.350033,1.3494905,1.3475352,1.349996246711109,1.3491589269648694,0.0008373197462396842,0.0007401683274988302,9.715141874085402e-05,71.63323782234909,1.3494905,1.3511348776617913,1.3478461223382086,0.0024370348094949527,0.0010035714285714687,0.98276547696622,0.0018673444435388653,0.002402153040873767,0.0005323489529897071,0
2026-08-10 15:00:00+00:00,1.3520400000000001,1.35271,1.35155,1.35249,2964,1.350902,1.3503450000000001,1.3496275,1.3476318,1.350379901063246,1.3494056731156197,0.0009742279476263604,0.0007869802515243364,0.0001872476961020241,74.99999999999848,1.3496275,1.3517499700109135,1.3475050299890865,0.0031452678771193973,0.0010300000000000547,0.9999999999976371,0.0018147610441172635,0.0023121901331732975,0.000529539388808975,0
2026-08-10 16:00:00+00:00,1.35253,1.3526500000000001,1.35132,1.35133,2184,1.35115,1.35053,1.3497305000000002,1.3477278000000001,1.350526070130439,1.3495482158477963,0.0009778542826426317,0.0008251550577479956,0.00015269922489463618,66.99386503067427,1.3497305000000002,1.3519762770897172,1.347484722910283,0.00332774148575152,0.0010900000000000512,0.7537179119978146,0.0009184572880325259,0.0013708984201321606,0.0006323298733855124,0
2026-08-10 17:00:00+00:00,1.35134,1.35147,1.35049,1.35064,1737,1.351384,1.350635,1.3498104999999998,1.347834,1.350543597802679,1.3496290887479596,0.000914509054719348,0.0008430258571422662,7.148319757708176e-05,62.47139588100731,1.3498104999999998,1.3520666772513097,1.34755432274869,0.00334295406845611,0.0011321428571429148,0.5493913812645406,0.0008670070472112101,0.0007780140635305077,0.0006650017269029789,1
2026-08-10 18:00:00+00:00,1.35067,1.35117,1.35056,1.35088,1559,1.351474,1.3506909999999999,1.3499094999999999,1.3479408000000002,1.3505953519868823,1.3497217488407034,0.0008736031461789029,0.0008491413149495936,2.446183122930927e-05,62.080924855492114,1.3499094999999999,1.3521712131373453,1.3476477868626544,0.0033509107645297216,0.0011292857142857532,0.5353475494225314,0.00033322719430106673,0.00041471651164171064,0.0006465714417266797,1
2026-08-10 19:00:00+00:00,1.35089,1.35097,1.35052,1.35076,1378,1.35122,1.350816,1.350005,1.3480442,1.350620682450439,1.3497986563339848,0.0008220261164542109,0.0008437182752505171,-2.1692158796306205e-05,58.485958485958356,1.350005,1.3522394809829146,1.3477705190170852,0.003310329936429387,0.001109285714285749,0.4060495993254741,-0.0009393282693431759,0.0009262621247712044,0.0006093592063355917,1
2026-08-10 20:00:00+00:00,1.35077,1.351,1.35057,1.35074,691,1.35087,1.350886,1.3500915,1.3481459999999998,1.3506390389965253,1.3498683854944302,0.0007706535020950422,0.0008291053206194221,-5.845181852437984e-05,57.77777777777801,1.3500915,1.352297561267426,1.347885438732574,0.0032680174157469354,0.001094285714285746,0.3805788982246245,-0.0012939097516432296,0.0005185031554622022,0.0006006329902896035,1
2026-08-10 21:00:00+00:00,1.35074,1.3507799999999999,1.35045,1.35053,686,1.35071,1.3509300000000002,1.3501755,1.3482474000000002,1.3506222637662906,1.349917393976324,0.0007048697899665335,0.0008042582144888444,-9.938842452231092e-05,55.731707317072825,1.3501755,1.3523092732824502,1.3480417267175497,0.003160734708117923,0.0010457142857143165,0.30698913711716996,-0.0005920093537477022,0.0003259041989793765,0.0006042400420826772,0
2026-08-10 22:00:00+00:00,1.3506,1.3509,1.35057,1.35088,420,1.3507580000000001,1.3510710000000001,1.3502915,1.3483579999999997,1.3506619154945538,1.3499886981262261,0.0006732173683277054,0.0007780500452566167,-0.00010483267692891127,53.58056265984721,1.3502915,1.3523043040142657,1.3482786959857342,0.002981288135585145,0.0009921428571428859,0.22962023684075888,0.00017769353787833175,0.0010448546466390596,0.0005815270991265544,1
2026-08-10 23:00:00+00:00,1.35088,1.35114,1.35062,1.35107,828,1.350796,1.351135,1.350422,1.3484868,1.3507246977261609,1.3500687945613206,0.0006559031648403213,0.0007536206691733577,-9.771750433303637e-05,60.83333333333323,1.350422,1.352266201153502,1.348577798846498,0.002731296074119104,0.0009457142857143116,0.33860696517254724,0.00014064905839150654,0.0004739231207837591,0.0005420210307057465,1
2026-08-11 00:00:00+00:00,1.3510900000000001,1.35151,1.351,1.3511,1427,1.350864,1.351042,1.3505375,1.3486065999999999,1.350782436537521,1.350145180149371,0.0006372563881500426,0.0007303478129686948,-9.309142481865216e-05,57.910447761194305,1.3505375,1.3522348400241948,1.348840159975805,0.002513577037579275,0.0009200000000000161,0.20214747159629648,0.00025171014836100625,-0.0006878545594403151,0.000367592896110076,1
2026-08-11 01:00:00+00:00,1.35111,1.35151,1.3506,1.35103,1858,1.350922,1.350896,1.3506205000000002,1.3487183999999999,1.3508205232240562,1.3502107223605289,0.0006098008635273544,0.0007062384230804268,-9.643755955307239e-05,56.99404761904711,1.3506205000000002,1.3522379245284095,1.349003075471591,0.002395083635128142,0.0009335714285714383,0.15936389481087349,0.000214697128981145,-0.00107949042137101,0.0003389161854662246,0
2026-08-11 02:00:00+00:00,1.35103,1.35115,1.3502100000000001,1.35043,1678,1.350902,1.350806,1.350668,1.3488274000000002,1.3507604427280475,1.3502269651486376,0.0005334775794099134,0.0006716862543463242,-0.0001382086749364108,57.16417910447823,1.350668,1.3521978242072537,1.3491381757927463,0.002265285336224256,0.0008978571428571407,0.1673067498321588,-7.404500455376883e-05,-0.0006660105229662205,0.0002511269819734598,0
2026-08-11 03:00:00+00:00,1.35045,1.35128,1.35045,1.35098,1384,1.350922,1.35084,1.3507375,1.348942,1.3507942207698862,1.3502827455079978,0.0005114752618884388,0.0006396440558547471,-0.0001281687939663083,54.3720190779019,1.3507375,1.352185211442549,1.3492897885574509,0.002143586659212573,0.000860714285714294,0.036950383218862314,7.402582020610282e-05,0.00025173251199439584,0.00023821904073823062,0
2026-08-11 04:00:00+00:00,1.351,1.3513600000000001,1.35066,1.35113,1550,1.3509339999999999,1.350865,1.350778,1.3490614000000003,1.3508458791129807,1.350345505099998,0.0005003740129827516,0.0006117900472803481,-0.00011141603429759648,40.702479338841194,1.350778,1.352221848657998,1.349334151342002,0.0021378030409111774,0.0007207142857142967,0.0,4.440924600501717e-05,0.000185064550515035,0.000234379194735315,0
2026-08-11 05:00:00+00:00,1.35113,1.35142,1.35068,1.35125,1634,1.3509639999999998,1.350914,1.3508650000000002,1.3491808,1.3509080515571374,1.3504125047222204,0.0004955468349170378,0.0005885414048076861,-9.299456989064834e-05,36.22222222222309,1.3508650000000002,1.3521921179695475,1.3495378820304529,0.0019648417414727896,0.0006907142857142905,0.0,0.00011102064984092053,0.00036275874322622137,0.00023205850204004836,0
2026-08-11 06:00:00+00:00,1.35127,1.35155,1.35011,1.35054,2653,1.3508660000000001,1.350894,1.3508900000000001,1.3492854,1.3508514282406547,1.3504219488168705,0.0004294794237842403,0.000556729008602997,-0.00012724958481875664,40.24691358024853,1.3508900000000001,1.3521696710102868,1.3496103289897134,0.0018945598979734813,0.0006985714285714373,0.15332640220707508,-0.00036268624678936767,-0.00014806698550418051,0.0002927871982421239,0
2026-08-11 07:00:00+00:00,1.35055,1.35081,1.34942,1.34961,2410,1.350702,1.350802,1.350866,1.3493726000000001,1.350660439280554,1.3503618044600652,0.00029863482048875234,0.000505110170980148,-0.0002064753504913957,37.995337995337344,1.350866,1.3522244263340701,1.3495075736659297,0.0020111933146148317,0.0007278571428571531,0.06856940188585339,-0.0006072139985041636,-0.0006812140418946955,0.00036168806237794,1
2026-08-11 08:00:00+00:00,1.3496299999999999,1.35087,1.34952,1.35037,2015,1.3505800000000001,1.350751,1.350911,1.3494730000000001,1.350615756314315,1.3503624115370976,0.00025334477721750126,0.0004547570922276187,-0.00020141231501011743,44.698544698544815,1.350911,1.352126858371184,1.3496951416288159,0.0018000569559121179,0.0007807142857142933,0.3444103940703774,-0.0004515240788168784,-0.0003775316830511022,0.0004026941046574884,0
2026-08-11 09:00:00+00:00,1.35039,1.35052,1.34984,1.3504,1712,1.3504340000000001,1.350684,1.3509095,1.3495857999999998,1.3505825630351895,1.350365195867683,0.0002173671675065325,0.0004072791072834015,-0.00018991193977686897,46.186440677967035,1.3509095,1.3521279282368084,1.3496910717631916,0.0018038635997576445,0.0007971428571428614,0.40486666411437777,-0.0005402884992561363,-0.000495903247055951,0.00039858708392558073,1
2026-08-11 10:00:00+00:00,1.35039,1.3504800000000001,1.34962,1.3498,1858,1.350144,1.3505540000000003,1.350798,1.3496966000000001,1.3504621687220835,1.350323329507114,0.00013883921496948837,0.0003535911288206189,-0.00021475191385113052,41.13207547169881,1.350798,1.3519925948442624,1.3496034051557375,0.0017687246268686082,0.000827857142857158,0.1994974232284592,-0.0010730804810360484,-0.0009621789652873858,0.00041617154829864353,1
2026-08-11 11:00:00+00:00,1.34979,1.35063,1.34928,1.34931,2881,1.349898,1.3503820000000002,1.3506390000000001,1.3497996,1.3502849119956093,1.3502482680621426,3.66439334666957e-05,0.00029020168974983426,-0.00025355775628313856,39.06810035842322,1.3506390000000001,1.3517271350534623,1.349550864946538,0.0016112892541414383,0.0009007142857143023,0.11563387460811807,-0.0009107468123862317,-0.0012731027438324105,0.00042404611009813517,1
2026-08-11 12:00:00+00:00,1.34935,1.35025,1.34916,1.34992,2496,1.3499599999999998,1.3503310000000002,1.3505685,1.3499232,1.3502287716885926,1.3502239519093915,4.819779201081786e-06,0.00023312530764008375,-0.00022830552843900197,41.7808219178077,1.3505685,1.3516508225513224,1.3494861774486777,0.0016027658742556864,0.0009521428571428776,0.22585732397318378,0.00022969598624800192,-0.0003776574868745719,0.0004438898165774995,1
2026-08-11 13:00:00+00:00,1.34993,1.35069,1.3496299999999999,1.35007,2775,1.3499,1.3502399999999999,1.35054,1.3500265999999999,1.3502043452749628,1.3502125480642513,-8.202789288480616e-06,0.00018485968825437087,-0.00019306247754285148,41.3793103448289,1.35054,1.351644192965519,1.3494358070344812,0.0016351873554561742,0.000990714285714305,0.23778285195878973,-0.00022216133356045553,-0.0006735851011857585,0.00042014862379184724,1
2026-08-11 14:00:00+00:00,1.35005,1.35095,1.34975,1.3508200000000001,2552,1.349984,1.350209,1.350537,1.3500436,1.350299061386507,1.3502575445039364,4.151688257048036e-05,0.0001561911271175928,-0.00011467424454711243,47.85276073619768,1.350537,1.3516376237465264,1.3494363762534738,0.0016299053584260305,0.001040000000000025,0.5553701871945893,0.00031101895734608753,-0.0002294375818757688,0.00046249048569945166,0
2026-08-11 15:00:00+00:00,1.3508499999999999,1.35147,1.35016,1.35147,2586,1.3503180000000001,1.3502310000000002,1.3505725,1.3500944000000001,1.3504792057885828,1.3503473560221633,0.00013184976641955615,0.00015132285497798548,-1.947308855842933e-05,53.0985915492957,1.3505725,1.351746747799476,1.349398252200524,0.0017388889518719774,0.0010685714285714504,0.8058640088831416,0.0012372203289374717,0.00016281221091563047,0.0004889066830944199,0
2026-08-11 16:00:00+00:00,1.3515,1.35155,1.35036,1.35054,1833,1.350564,1.350231,1.3505625,1.3501286000000001,1.3504885587441855,1.3503616259464475,0.0001269327977380108,0.00014644484352999056,-1.9512045791979758e-05,50.740242261104,1.3505625,1.3517341452668863,1.349390854733114,0.0017350478291618175,0.0010864285714285993,0.7998998641275944,0.0009115770282588365,0.0,0.0005111427947350884,0
2026-08-11 17:00:00+00:00,1.35054,1.35065,1.34965,1.3502,1456,1.3506200000000002,1.35029,1.350546,1.3501420000000002,1.3504441650912338,1.350349653654118,9.451143711580734e-05,0.00013605816224715393,-4.1546725131346595e-05,44.598337950138486,1.350546,1.3517288137727008,1.3493631862272992,0.0017516082720629982,0.001097142857142876,0.4963221392902934,0.0002074196989452215,0.00043716332866527985,0.00046204920134664825,1
2026-08-11 18:00:00+00:00,1.3502,1.35035,1.3496299999999999,1.3503,1517,1.350666,1.350283,1.350517,1.3501560000000001,1.3504219858464286,1.350345975605665,7.601024076353546e-05,0.00012404857795043025,-4.803833718689478e-05,44.21199442120033,1.350517,1.3516937591533962,1.3493402408466038,0.0017426795122108228,0.0010985714285714407,0.4734295655708913,0.00017036153680916044,-5.183764449745443e-05,0.0004254027396555775,1
2026-08-11 19:00:00+00:00,1.35031,1.3508,1.35022,1.35077,1277,1.350656,1.35032,1.350502,1.3501814,1.3504755264854396,1.3503773848200604,9.814166537913671e-05,0.00011886719543617154,-2.0725530057034833e-05,46.80851063829762,1.350502,1.351656516987109,1.349347483012891,0.001709759759125125,0.0010871428571428737,0.583528086277285,-3.7014554122749566e-05,0.0002739928909951672,0.00043995887797732935,0
2026-08-11 20:00:00+00:00,1.3507799999999999,1.3509,1.35032,1.35083,896,1.3505280000000002,1.350423,1.3504885000000002,1.3502,1.350530060872295,1.3504109118704262,0.00011914900186882349,0.00011892355672270196,2.2544514612153448e-07,52.110625909751846,1.3504885000000002,1.351619652649128,1.3493573473508724,0.001675175537041264,0.0010257142857142965,0.9345859065328094,-0.0004735584215705968,0.0007630760112609103,0.000407687786408291,0
2026-08-11 21:00:00+00:00,1.35077,1.3508,1.35027,1.3505099999999999,723,1.350522,1.350543,1.3504625000000001,1.3502152,1.3505269745842494,1.3504182517318761,0.0001087228523732886,0.00011688341585281929,-8.160563479530684e-06,57.18849840255519,1.3504625000000001,1.3515647823211998,1.3493602176788004,0.0016324515804025477,0.0009664285714285745,0.9999999999944814,-2.2213336887566548e-05,0.000889343442203705,0.0003943163829604794,1
2026-08-11 22:00:00+00:00,1.35066,1.35101,1.35049,1.35096,585,1.350674,1.350647,1.350489,1.350249,1.3505935938789801,1.3504583812332187,0.00013521264576144,0.00012054926183454344,1.4663383926896546e-05,54.95798319327629,1.350489,1.3516132569475214,1.3493647430524787,0.0016649627616683806,0.0009071428571428683,0.8769058381645811,0.0005628795733965131,0.0007704160246533309,0.00038380495585636526,0
2026-08-11 23:00:00+00:00,1.35098,1.35106,1.35074,1.3509,689,1.350794,1.35073,1.3504850000000002,1.3502862000000002,1.3506407332822141,1.3504910937344616,0.00014963954775248922,0.0001263673190181326,2.3272228734356614e-05,54.180602006688595,1.3504850000000002,1.351602450104784,1.3493675498952162,0.0016548871032020696,0.0008814285714285727,0.8340049490842141,0.00044434570095530646,0.0006147829371809799,0.00038542033987863466,0
2026-08-12 00:00:00+00:00,1.3509,1.3511199999999999,1.35059,1.35074,1527,1.350788,1.350722,1.3504654999999999,1.3503230000000002,1.3506560050849503,1.3505095312356123,0.00014647384933796914,0.00013038862508209993,1.608522425586921e-05,58.48375451263503,1.3504654999999999,1.3515486430871348,1.349382356912865,0.0016041033068004693,0.0008578571428571324,0.9999999999948496,-2.2209554550345345e-05,-5.9223286596354896e-05,0.00034638935008245874,0
2026-08-12 01:00:00+00:00,1.3507500000000001,1.3509,1.35025,1.35062,1654,1.350746,1.3506369999999999,1.350434,1.3503583999999997,1.3506504658411118,1.3505177141070486,0.00013275173406324114,0.00013086124687832818,1.89048718491296e-06,62.66924564796855,1.350434,1.3514559980429728,1.349412001957027,0.0015135845853597755,0.0008078571428571379,0.999999999995303,-0.00015545997645893816,-0.0006289447786484992,0.0003013001446358925,1
2026-08-12 02:00:00+00:00,1.35064,1.35076,1.3501400000000001,1.35067,1439,1.350778,1.3506500000000001,1.3504405,1.3503916,1.3506534710963256,1.3505289945435635,0.00012447655276215386,0.00012958430805509331,-5.107755292939456e-06,58.13449023861202,1.3504405,1.3514669804455532,1.3494140195544466,0.001520215730427683,0.0007742857142856956,0.7870000380524177,0.00011847376176410407,9.625779317889993e-05,0.00020641608120907596,1
2026-08-12 03:00:00+00:00,1.35067,1.3507799999999999,1.35041,1.35053,934,1.350692,1.3506829999999999,1.3504865000000001,1.3504251999999999,1.3506344755430448,1.350529069021818,0.00010540652122692507,0.00012474875068945967,-1.9342229462534604e-05,54.999999999999034,1.3504865000000001,1.3514358327295626,1.3495371672704377,0.0014059122095073668,0.0007249999999999598,0.5844860345778142,-0.0003182921774145253,0.0002444082358168398,0.00019025816335839773,1
2026-08-12 04:00:00+00:00,1.3505099999999999,1.35072,1.35026,1.35069,848,1.35065,1.350722,1.3505025,1.3504677999999999,1.3506430177671918,1.3505409898350167,0.0001020279321750639,0.00012020458698658052,-1.8176654811516625e-05,48.379052369074934,1.3505025,1.3514543486168045,1.3495506513831954,0.0014096214065572323,0.0006721428571428037,0.2257680678804771,-0.0001554519209415739,0.0002888247056209714,0.00019205456069200147,1
2026-08-12 05:00:00+00:00,1.35069,1.3507,1.3502,1.35058,1133,1.350618,1.350703,1.3505115,1.3505102000000002,1.3506333227260852,1.3505438794768674,8.944324921777991e-05,0.00011405231943282042,-2.460907021504051e-05,37.1757925072041,1.3505115,1.3514626715766676,1.3495603284233326,0.001408609370105274,0.0006142857142856625,0.0,-0.00011845358840356646,-0.00014066051215244624,0.0001576978502504406,1
2026-08-12 06:00:00+00:00,1.35057,1.35089,1.35023,1.35089,1721,1.3506719999999999,1.350709,1.3505660000000002,1.3505521999999999,1.3506728115374567,1.3505695180341364,0.00010329350332027865,0.00011190055621031207,-8.607052890033425e-06,56.140350877189846,1.3505660000000002,1.3514692199707865,1.3496627800292138,0.0013375428831857914,0.0005764285714285096,0.7438991597253146,0.0001999081903125699,4.441713613112519e-05,0.00017521607933559385,1
2026-08-12 07:00:00+00:00,1.35091,1.35114,1.35056,1.35083,1818,1.350704,1.350741,1.350642,1.3505814,1.3506969943778477,1.3505888129945705,0.00010818138327728377,0.00011115672162370642,-2.9753383464226475e-06,62.25680933851875,1.350642,1.3513305102146127,1.349953489785387,0.0010195302894664953,0.0005464285714285191,0.9838218735111764,0.00011845972739443766,0.00023694752352820814,0.00015518498022978658,1
2026-08-12 08:00:00+00:00,1.35084,1.35124,1.35065,1.35102,1605,1.3508019999999998,1.350747,1.350697,1.3506122000000003,1.3507466875504865,1.3506207527727507,0.0001259347777358144,0.00011411233284612803,1.182244488968638e-05,63.5338345864655,1.350697,1.3513147752954149,1.3500792247045852,0.0009147503776418342,0.0005371428571428075,0.9999999999962061,0.0003628205223136227,4.4412861964993056e-05,0.00012060880020155027,1
2026-08-12 09:00:00+00:00,1.35104,1.35294,1.35101,1.35126,2783,1.3509159999999998,1.350783,1.3507565,1.3506456,1.3508256586965655,1.3506681044192137,0.00015755427735175687,0.0001228007217472538,3.4753555604503076e-05,60.08230452674585,1.3507565,1.3513487046231023,1.3501642953768975,0.0008768488222746115,0.0006335714285713763,0.8690521075341089,0.0004220065299957998,0.0002664890073282855,0.00013063812209466273,0
2026-08-12 10:00:00+00:00,1.35124,1.35226,1.3512,1.3515,2017,1.3511000000000002,1.350859,1.3507905,1.3506692,1.3509294035124786,1.350729726314087,0.00019967719839164566,0.00013817601707613217,6.150118131551349e-05,62.83524904214351,1.3507905,1.3514697402875673,1.3501112597124327,0.0010056930183729796,0.0006678571428570931,0.9734963036207841,0.0006811888225799478,0.000562654544915997,0.00012761433246482836,0
2026-08-12 11:00:00+00:00,1.3515,1.35286,1.35135,1.3526099999999999,1975,1.3514439999999999,1.351058,1.3508475,1.3507311999999998,1.351187956818251,1.3508690058463768,0.00031895097187417676,0.0001743310080357411,0.00014461996383843565,80.8823529411757,1.3508475,1.351870948761909,1.349824051238091,0.001515269135722519,0.0007357142857142364,0.9999999999977119,0.0012732346823205454,0.0014733974026743812,0.0002641508515997189,0
2026-08-12 12:00:00+00:00,1.3526,1.35455,1.35073,1.35372,6282,1.352022,1.3513629999999999,1.3510065,1.3508048,1.3515775019231353,1.351080190598497,0.000497311324638261,0.0002389270713562451,0.00025838425328201587,83.99014778325095,1.3510065,1.3526368990470006,1.3493761009529994,0.00241360651780813,0.000971428571428512,0.9999999999978638,0.0021394253903155303,0.0022581385534585774,0.0003346368575202318,0
2026-08-12 13:00:00+00:00,1.3537,1.35409,1.35167,1.35244,5474,1.352306,1.351554,1.3511185000000001,1.3508518,1.3517101939349607,1.3511809172208307,0.0005292767141300558,0.0002969969999110073,0.00023227971421904854,64.58333333333377,1.3511185000000001,1.3528217510708502,1.34941524892915,0.002521246020760015,0.0011214285714285272,0.5854516347487655,0.001051057719352766,0.0014142595869770513,0.0004944340915425214,0
2026-08-12 14:00:00+00:00,1.35247,1.3529499999999999,1.35035,1.35087,3844,1.352228,1.351572,1.351147,1.3508798,1.3515809333295823,1.3511578863155842,0.0004230470139980902,0.0003222070027284239,0.00010084001126966629,50.971599402092366,1.351147,1.3528112127899858,1.3494827872100144,0.0024634074456528292,0.0012692857142856712,0.294691805825586,-0.0002886195106788225,0.00013326521999879049,0.000643946265077023,0
2026-08-12 15:00:00+00:00,1.35087,1.3511600000000001,1.35013,1.35095,2969,1.352118,1.351609,1.351156,1.3508902,1.3514838666634927,1.3511424873292446,0.0003413793342481597,0.0003260414690323711,1.5337865215788588e-05,52.48120300751992,1.351156,1.3528135619381407,1.3494984380618593,0.0024535463531090503,0.0012964285714285317,0.3269384019075519,-0.0004069552349240668,0.00027395637429861175,0.000643177523715894,0
2026-08-12 16:00:00+00:00,1.35093,1.35111,1.34941,1.3497,2462,1.351536,1.3514899999999999,1.3510995,1.3508435999999997,1.35120942563834,1.3510356364159672,0.00017378922237276662,0.00029559101970045025,-0.00012180179732768364,43.82165605095482,1.3510995,1.352876575954256,1.3493224240457438,0.0026305626702639376,0.0013735714285714026,0.14196208629913493,-0.0021513961895890388,-0.0008809007395125246,0.0007037110213759601,0
2026-08-12 17:00:00+00:00,1.3497,1.35012,1.34914,1.3492199999999999,1837,1.3506360000000002,1.351329,1.351035,1.3507782,1.3509033601555187,1.3509011448295993,2.2153259193746777e-06,0.00023691588094423513,-0.00023470055502486045,42.00244200244148,1.351035,1.352987180966546,1.349082819033454,0.002889904357097965,0.001417142857142847,0.10310191108616382,-0.003324173388884133,-0.001191859819518415,0.0007084401189969017,1
2026-08-12 18:00:00+00:00,1.34923,1.3497,1.34874,1.34881,1542,1.34991,1.351108,1.3509275,1.3507278,1.3505813047469775,1.350746245212592,-0.00016494046561454923,0.00015654461163247825,-0.0003214850772470275,38.86255924170716,1.3509275,1.353119167233635,1.3487358327663652,0.0032446852012929517,0.0014528571428571288,0.036030972221089454,-0.0026840377391973425,-0.0016358010984294236,0.0007042698528931737,1
2026-08-12 19:00:00+00:00,1.3488,1.34935,1.34875,1.34924,1423,1.3495840000000001,1.350906,1.3508445,1.3506998000000001,1.3503749501705191,1.3506346714931408,-0.00025972132262164216,7.329142478165415e-05,-0.0003330127474032963,42.35159817351666,1.3508445,1.35316263423158,1.34852636576842,0.003432125950218391,0.001460000000000001,0.0773149872298143,-0.0012066298015352972,-0.0014949010553112485,0.0007132242337136822,1
2026-08-12 20:00:00+00:00,1.3492199999999999,1.3496000000000001,1.34896,1.34943,796,1.3492799999999998,1.350699,1.350779,1.3506708,1.3502295732212084,1.3505454365677227,-0.00031586334651434456,-4.5395294775456175e-06,-0.00031132381703679896,41.55092592592581,1.350779,1.3531820410557507,1.3483759589442492,0.0035580077211012787,0.0014585714285714519,0.059572575692535004,-0.0011251341648470525,-0.0015316315205327058,0.0007114427843386481,0
2026-08-12 21:00:00+00:00,1.34945,1.3495,1.34906,1.3493,593,1.3492,1.350368,1.350713,1.3506416,1.350086561956407,1.3504531820071506,-0.0003666200507435047,-7.695563373073745e-05,-0.0002896644170127672,41.21699196326043,1.350713,1.3532052794470006,1.3482207205529995,0.003690316813417194,0.0014485714285714499,0.05217280155310316,-0.00029636215455286496,-0.0024471207517318128,0.0006258333200410729,0
2026-08-12 22:00:00+00:00,1.34937,1.34959,1.34915,1.34957,424,1.34927,1.349953,1.350658,1.3506182000000002,1.3500070908861905,1.350387761117732,-0.00038067023154142454,-0.0001376985532928749,-0.00024297167824854964,41.75199089874746,1.350658,1.3532022823411358,1.348113717658864,0.003767470878839656,0.0014378571428571574,0.06402805357910776,0.00025940914009581206,-0.003065626569748625,0.000532215419546054,0
2026-08-12 23:00:00+00:00,1.34958,1.34976,1.34946,1.3497,571,1.349448,1.349679,1.3506164999999999,1.3506016,1.3499598461344688,1.3503368158497517,-0.00037696971528289325,-0.00018555278569087858,-0.00019141692959201466,41.01382488479261,1.3506164999999999,1.353196400242838,1.3480365997571617,0.003820329816551423,0.0013214285714285845,0.047670742279974955,0.0006598408967903868,-0.0020259678802757586,0.000493892914160703,0
2026-08-13 00:00:00+00:00,1.34971,1.35005,1.34943,1.34974,1588,1.349548,1.3495659999999998,1.350569,1.3505788,1.349926023652243,1.3502926072682886,-0.0003665836160455793,-0.00022175895176181876,-0.00014482466428376056,39.62264150943411,1.350569,1.3531780199813335,1.3479599800186663,0.003863586357059225,0.0012900000000000134,0.016842962194302622,0.0003705789926180536,-0.0008364979605736123,0.0003635436786281827,0
2026-08-13 01:00:00+00:00,1.34974,1.34991,1.34908,1.34923,1731,1.349508,1.3493939999999998,1.3505015,1.3505420000000001,1.3498189430903595,1.3502138956187857,-0.00039495252842614015,-0.00025639766709468305,-0.0001385548613314571,28.553299492386472,1.3505015,1.353178295216564,1.347824704783436,0.003964149934767276,0.0012414285714285839,0.0,-0.00014821072601023388,-0.0012731781339059278,0.00037066597040514296,0
2026-08-13 02:00:00+00:00,1.34923,1.3492899999999999,1.34866,1.3488,1280,1.349408,1.349304,1.3503969999999998,1.350496,1.3496621826149195,1.3501091626099868,-0.0004469799950672648,-0.0002945141326891994,-0.0001524658623780654,15.833333333332476,1.3503969999999998,1.3531713418375215,1.3476226581624782,0.00410892772647107,0.001013571428571439,0.0,-0.00037056251389600003,-0.0006668148477438907,0.0002581238969460809,0
2026-08-13 03:00:00+00:00,1.34881,1.34912,1.34863,1.3489900000000001,1491,1.349292,1.349281,1.350305,1.3504552,1.349558769904932,1.3500262616759138,-0.00046749177098170946,-0.00032910966034770144,-0.00013838211063400802,21.767594108020305,1.350305,1.3531402480630086,1.3474697519369916,0.004199418743185428,0.0008757142857142971,0.16192648651693312,-0.00042976651822412837,-0.00017046886349125767,0.00024371485729405865,0
2026-08-13 04:00:00+00:00,1.34898,1.3496299999999999,1.34864,1.34951,1390,1.3492540000000002,1.349351,1.3502295,1.3504368,1.3495512668426348,1.3499880200702905,-0.00043675322765568403,-0.000350638373809298,-8.611485384638605e-05,36.56126482213369,1.3502295,1.3530650003271223,1.3473939996728777,0.0042000272207388745,0.0007607142857142892,0.5655971731242037,-0.0001407720234125609,0.0005189759862396226,0.0002509463202298189,0
2026-08-13 05:00:00+00:00,1.34952,1.34973,1.34913,1.34937,1448,1.34918,1.349364,1.3501349999999999,1.3504046000000003,1.3495233796360755,1.3499422408058246,-0.00041886116974909626,-0.0003642829329972577,-5.457823675183857e-05,34.57031249999804,1.3501349999999999,1.3529518104395717,1.347318189560428,0.004172635239545418,0.0007300000000000084,0.6694570216171337,-0.0002741268688783993,9.635053808065841e-05,0.00023615272165927758,0
2026-08-13 06:00:00+00:00,1.34939,1.34982,1.34742,1.34823,2431,1.34898,1.3492439999999999,1.3499715,1.3503466,1.3493243981536023,1.3498154081535414,-0.0004910099999391182,-0.00038962834638562986,-0.00010138165355348834,35.329341317365234,1.3499715,1.3528339485285856,1.3471090514714146,0.004240754013822553,0.0007800000000000029,0.7351916915173182,-0.0007411634784283416,-0.0008892643560614033,0.0003524084145076281,1
2026-08-13 07:00:00+00:00,1.34821,1.34877,1.34751,1.34824,2307,1.3488680000000002,1.349138,1.349753,1.3502863999999999,1.3491575676684326,1.3496987112532792,-0.0005411435848465818,-0.0004199313940778203,-0.00012121219076876146,39.207048458151355,1.349753,1.352428472216041,1.347077527783959,0.003964387878435417,0.0008000000000000071,0.8814194769377073,-0.0004151838671411223,-0.0007855925294596444,0.00035369033529052916,1
2026-08-13 08:00:00+00:00,1.34823,1.34836,1.34774,1.34785,2029,1.34864,1.348966,1.3494595,1.3502326000000002,1.3489564034117505,1.3495617696789624,-0.0006053662672118598,-0.0004570183687046283,-0.00014834789850723152,39.3805309734502,1.3494595,1.3515197858769123,1.3473992141230877,0.0030534979032898956,0.0007757142857143082,0.8879614779450772,-0.0008450766870029547,-0.0012744800195617634,0.00034459244572096525,1
2026-08-13 09:00:00+00:00,1.34787,1.34912,1.3475,1.34908,1925,1.348554,1.3489039999999999,1.3492915,1.350222,1.3489754182714813,1.3495260830360762,-0.0005506647645949769,-0.00047574764788269806,-7.491711671227887e-05,48.49624060150434,1.3492915,1.3508034770953008,1.3477795229046994,0.0022411422517679973,0.0008485714285714525,0.9999999999969383,-0.00031863417092126145,-0.00045936133955681857,0.00047535414333600056,1
2026-08-13 10:00:00+00:00,1.3491,1.35009,1.34882,1.34893,1776,1.348466,1.348823,1.3491944999999999,1.3501931999999999,1.3489684308450995,1.3494819287371076,-0.0005134978920080524,-0.000483297696707769,-3.0200195300283408e-05,45.26515151515219,1.3491944999999999,1.3505171524386845,1.3478718475613152,0.0019606549518022486,0.0008935714285714459,0.9010777252644999,-0.0003260780957039522,-0.0006001155778149192,0.00047495536411231684,1
2026-08-13 11:00:00+00:00,1.34894,1.3496000000000001,1.3487,1.34917,1760,1.348654,1.348817,1.3491055,1.3501686000000002,1.3489994414843152,1.3494588229047293,-0.0004593814204141289,-0.00047851444144904104,1.9133021034912156e-05,48.79406307977776,1.3491055,1.3501386449176807,1.3480723550823195,0.0015315998899724061,0.0009264285714285979,0.999999999996966,0.0006972104166202975,-4.446980870564943e-05,0.00046605315025908606,0
2026-08-13 12:00:00+00:00,1.34918,1.35095,1.34833,1.35084,3089,1.349174,1.349021,1.3491624999999998,1.3501894,1.349282604332882,1.3495611323191938,-0.0002785279863117829,-0.0004385171504215895,0.0001599891641098066,59.35198821796796,1.3491624999999998,1.350432408823864,1.3478925911761357,0.001882514261794454,0.0010821428571428887,0.9999999999977021,0.0019284400403487556,0.0015124555160141995,0.0005922363212301427,0
2026-08-13 13:00:00+00:00,1.35083,1.35096,1.34943,1.34986,3725,1.349576,1.349108,1.3491944999999999,1.3502003999999999,1.3493714344355157,1.34958327066592,-0.00021183623040443855,-0.0003931809664181593,0.00018134473601372073,51.047120418849175,1.3491944999999999,1.3505022014788433,1.3478867985211564,0.001938492157866644,0.001170000000000036,0.8091653379173771,0.0014912638646733534,0.0006449269453443485,0.000654069799031079,0
2026-08-13 14:00:00+00:00,1.3498700000000001,1.3513,1.34978,1.35069,3683,1.349898,1.349226,1.3492885,1.3502158,1.3495742906762054,1.3496652506165927,-9.095994038732513e-05,-0.0003327367612119925,0.00024177682082466737,55.6346381969157,1.3492885,1.350741978948077,1.3478350210519228,0.0021544376137158584,0.0012342857142857433,0.9145803097315826,0.00119340587659722,0.0008743914457840507,0.0006703911980737183,0
2026-08-13 15:00:00+00:00,1.35068,1.3509,1.34935,1.34955,3062,1.350022,1.349244,1.349304,1.3502054,1.349570553649097,1.3496567135338822,-8.615988478521963e-05,-0.00028342138592663793,0.0001972615011414183,51.76600441501157,1.349304,1.350761906213097,1.347846093786903,0.0021609751591888096,0.0012857142857143186,0.8256843226623434,0.0004596235534832793,0.00013339558460612189,0.0007319168654741662,0
2026-08-13 16:00:00+00:00,1.3495300000000001,1.34961,1.34824,1.34857,2221,1.3499020000000002,1.3492780000000002,1.3492609999999998,1.3501604,1.3494166223184665,1.349576216235076,-0.00015959391660946842,-0.000258655892063204,9.906197545373559e-05,48.8033298647245,1.3492609999999998,1.3507535767193113,1.3477684232806884,0.00221243587313569,0.0013385714285714587,0.7193340852467428,-0.00044471786357536125,0.0002521824911179138,0.0007172677221240648,0
2026-08-13 17:00:00+00:00,1.34856,1.34891,1.34793,1.34819,1977,1.3493720000000002,1.349273,1.3492055,1.3500948,1.3492279111925487,1.3494735335509962,-0.0002456223584474948,-0.00025604918534006215,1.0426826892567342e-05,45.9183673469381,1.3492055,1.3507726559892401,1.34763834401076,0.0023230797521060585,0.0013735714285714501,0.4579212066222568,-0.001961742323295157,-3.7085385391377734e-05,0.0007238751132716501,1
2026-08-13 18:00:00+00:00,1.34819,1.34872,1.34793,1.34839,1656,1.349078,1.349327,1.3491465,1.3500518,1.3490990017783102,1.3493932718064778,-0.00029427002816762027,-0.0002636933539055738,-3.0576674262046465e-05,44.09282700421945,1.3491465,1.3507444233233308,1.3475485766766693,0.0023687914149141728,0.0013592857142857376,0.3842562792183554,-0.0010890018224112286,0.0004006380531957898,0.0007178809598543888,1
2026-08-13 19:00:00+00:00,1.3484,1.34879,1.34833,1.34866,1489,1.348672,1.349285,1.3490945,1.350021,1.3490314630431857,1.3493389553763682,-0.0003074923331825019,-0.0002724531497609594,-3.5039183421542496e-05,46.30593132154017,1.3490945,1.350684249732003,1.347504750267997,0.0023567655668346246,0.0013492857142857195,0.4569267512254799,-0.001502935536651595,-0.0003113232721558834,0.0006542302992420343,1
2026-08-13 20:00:00+00:00,1.3486799999999999,1.34878,1.3484099999999999,1.3486,866,1.348482,1.349252,1.3490375000000001,1.3499869999999998,1.3489650841134648,1.3492842179410818,-0.0003191338276169464,-0.00028178928533215684,-3.734454228478958e-05,52.16881594372787,1.3490375000000001,1.3506114708416632,1.347463529158337,0.0023334723336647174,0.0012042857142857371,0.6434254775666888,-0.0007039383498202989,-0.00024463834298293907,0.0006536610780872371,1
2026-08-13 21:00:00+00:00,1.3485800000000001,1.3486500000000001,1.3483,1.34848,767,1.3484639999999999,1.349183,1.3489999999999998,1.3499411999999997,1.3488904557883166,1.3492246462417423,-0.0003341904534257534,-0.00029226951895087614,-4.192093447487723e-05,51.388888888887664,1.3489999999999998,1.3505903127795253,1.3474096872204742,0.0023577654255383155,0.0011392857142857396,0.6012759994603638,-6.673735883200305e-05,-0.0005114255431117876,0.0006499262030782492,1
2026-08-13 22:00:00+00:00,1.34851,1.34883,1.34847,1.34883,440,1.348592,1.348982,1.3490015000000002,1.3499012,1.3488811548978061,1.3491954131867985,-0.00031425828899234176,-0.0002966672729591693,-1.7591016033172472e-05,55.697674418604436,1.3490015000000002,1.350591074918314,1.3474119250816863,0.0023566688670307737,0.0011207142857143002,0.7605167316702155,0.0004747105378322125,-0.0014879630452163672,0.00048778999170709007,1
2026-08-13 23:00:00+00:00,1.34882,1.34907,1.34874,1.34898,696,1.3487099999999999,1.348894,1.349001,1.3498705999999998,1.3488963618366052,1.349179456654443,-0.00028309481783783674,-0.0002939527819349028,1.0857964097066037e-05,49.33510638297882,1.349001,1.3505905964399763,1.3474114035600235,0.0023567016480734405,0.0010285714285714262,0.34354964242737807,0.0004375588665002095,-0.0006519194583142207,0.0004480178427269595,1
2026-08-14 00:00:00+00:00,1.34896,1.34978,1.34893,1.34971,1828,1.3489200000000001,1.348796,1.349011,1.3498455999999999,1.3490215369386658,1.3492187561615212,-0.00019721922285542703,-0.00027460607011900765,7.738684726358062e-05,54.81481481481483,1.349011,1.3506165154935035,1.3474054845064964,0.00238028525120035,0.00099857142857142,0.7026590557850979,0.0007785505612978305,-0.0007255550866593907,0.0004360301916661901,1
2026-08-14 01:00:00+00:00,1.34969,1.34976,1.34888,1.34891,1814,1.3489820000000001,1.348732,1.348988,1.3498058,1.3490043774096405,1.3491958853347417,-0.000191507925101142,-0.0002579864411154345,6.647851601429252e-05,48.49884526558932,1.348988,1.3505850182742543,1.347390981725746,0.002367727917897239,0.0009971428571428393,0.28874577046680444,0.00022986801127089507,-0.00047423215145792064,0.00039160344014211397,1
2026-08-14 02:00:00+00:00,1.3489,1.34939,1.34884,1.34896,1382,1.349078,1.348771,1.3490245,1.3497701999999998,1.3489975501158495,1.3491784123469828,-0.00018086223113322752,-0.00024256159911899313,6.16993679857656e-05,36.647727272725994,1.3490245,1.3505814399812268,1.3474675600187733,0.0023082456711894348,0.0008492857142856953,0.0,0.00035595633602270027,0.0002891952216050875,0.00031060527987165665,1
2026-08-14 03:00:00+00:00,1.34896,1.34973,1.34885,1.34946,1430,1.349204,1.3488980000000002,1.3490855,1.349747,1.3490686962518728,1.3491992706916507,-0.0001305744397779307,-0.00022016416725078065,8.958972747284994e-05,46.95121951219541,1.3490855,1.3506082464798788,1.3475627535201211,0.0022574499242321152,0.000802857142857121,0.5408672349857172,0.0004670714619336991,0.0009420037235108314,0.000306578130640223,1
2026-08-14 04:00:00+00:00,1.34948,1.34999,1.34942,1.34967,1304,1.349342,1.349026,1.3491765,1.3497270000000001,1.3491612045208154,1.3492341395293062,-7.293500849070433e-05,-0.0001907183354987654,0.00011778332700806106,41.414141414141,1.3491765,1.3506028427652867,1.3477501572347133,0.0021143901710217274,0.0007349999999999778,0.25020616093526665,0.0005114975759461515,0.0009492802527457656,0.00030672939020087324,1
2026-08-14 05:00:00+00:00,1.34969,1.35022,1.34966,1.35005,1491,1.3494100000000002,1.349165,1.349225,1.3497174,1.3492979422868439,1.3492945736382465,3.3686485974016023e-06,-0.000151900938679532,0.0001552695872769336,54.82625482625433,1.349225,1.350702572689415,1.3477474273105847,0.0021902539449167847,0.0006642857142856887,0.9542560624566316,0.00025190596498503304,0.0010306526478134348,0.00031088088708150084,1
2026-08-14 06:00:00+00:00,1.35005,1.35046,1.34976,1.35043,1972,1.3497139999999999,1.349348,1.3493,1.3497122000000001,1.3494721050119447,1.3493786792946725,9.342571727222193e-05,-0.0001028356074891812,0.00019626132476140314,70.30567685589477,1.3493,1.3508642586944075,1.3477357413055924,0.0023186225367339687,0.0006164285714285496,0.9999999999970289,0.0011268357414504493,0.0013569627762124448,0.00031077977792328857,1
2026-08-14 07:00:00+00:00,1.35046,1.35132,1.35026,1.35119,2240,1.35016,1.3496190000000001,1.3494009999999999,1.3497243999999997,1.3497363965485685,1.3495128511987706,0.000223545349797849,-3.755941603177514e-05,0.0002611047658296242,80.24193548387078,1.3494009999999999,1.351176504672473,1.3476254953275266,0.0026315449187798547,0.000622142857142841,0.9999999999977061,0.0016531253706559834,0.002009670147128606,0.00032638625108688014,1
2026-08-14 08:00:00+00:00,1.3512,1.3527,1.35118,1.35223,2439,1.350714,1.3499590000000001,1.3494705,1.3497512,1.3501200278487886,1.3497141214803432,0.00040590636844539674,5.113374086365926e-05,0.0003547726275817375,83.10344827586248,1.3494705,1.3515635911413941,1.347377408858606,0.00310209247463225,0.0006742857142857066,0.9999999999978474,0.002052672921020182,0.0025207031278959846,0.0003731070261960728,1
2026-08-14 09:00:00+00:00,1.3522,1.35255,1.35191,1.35248,1888,1.351276,1.350309,1.3496015,1.3497842,1.3504831004874365,1.349919001370688,0.0005640991167483733,0.00015372681604060211,0.0004103723007077712,83.04498269896196,1.3496015,1.3520881826347924,1.3471148173652074,0.0036850620494901032,0.0006871428571428544,0.9987414773522416,0.0020819904124711464,0.0025945529214663754,0.00037074129652555336,1
2026-08-14 10:00:00+00:00,1.35249,1.35296,1.35227,1.3527,1694,1.3518059999999998,1.3506079999999998,1.3497020000000002,1.3498177999999998,1.3508241619509076,1.3501250012691555,0.0006991606817521312,0.00026281358918290795,0.00043634709256922324,84.51178451178413,1.3497020000000002,1.3525149744511848,1.3468890255488155,0.004168289668659702,0.0007099999999999726,0.9999999999979107,0.0019628902633235246,0.0022152906920747117,0.0003578565172878541,1
2026-08-14 11:00:00+00:00,1.35273,1.35425,1.35262,1.35348,2455,1.352416,1.351065,1.3498985,1.3498622,1.3512327524199987,1.3503735196936626,0.0008592327263361454,0.00038209741661355553,0.0004771353097225899,87.8787878787891,1.3498985,1.353177262764064,1.3466197372359359,0.004857791551089249,0.0008014285714285403,0.999999999998048,0.0022585398724850325,0.003387920617387241,0.0002307685927736809,1
2026-08-14 12:00:00+00:00,1.35345,1.35504,1.35324,1.35377,3371,1.352932,1.351546,1.3501585,1.3499075999999999,1.3516230982015374,1.3506251108274654,0.0009979873740719736,0.0005052754081052392,0.0004927119659667344,87.76758409786024,1.3501585,1.3537984958068012,1.3465185041931989,0.005391953325185433,0.0009042857142856908,0.997829367971049,0.001909427985701484,0.0035657098802039933,0.00021102690988382246,0
2026-08-14 13:00:00+00:00,1.35376,1.35615,1.35338,1.3551199999999999,3798,1.35351,1.352112,1.3505049999999998,1.3499577999999999,1.3521610830936086,1.3509580655809865,0.0012030175126220843,0.0006448238290086083,0.0005581936836134761,89.66408268733916,1.3505049999999998,1.354641505008343,1.3463684949916568,0.006125864040996607,0.0010785714285714049,0.9999999999981137,0.0021372103858070535,0.0041942703007127324,0.00029296385954202163,0
2026-08-14 14:00:00+00:00,1.35516,1.35612,1.35453,1.3548,3743,1.353974,1.352625,1.3508255,1.3499794,1.3525670703099766,1.3512426533157282,0.0013244169942483452,0.0007807424620565557,0.0005436745321917895,84.72032742155734,1.3508255,1.355254949175668,1.346396050824332,0.006558136747741303,0.0011314285714285452,0.9067503749133645,0.0017153673252101598,0.0038009291160061576,0.0003522450572665285,0
2026-08-14 15:00:00+00:00,1.35483,1.35568,1.35395,1.35534,3331,1.354502,1.353154,1.3511595,1.3500374,1.3529936748776723,1.3515461604775258,0.0014475144001464546,0.0009140968496745356,0.000533417550471919,95.47383309759702,1.3511595,1.3558980384155461,1.346420961584454,0.007014032637221669,0.0011921428571428322,0.9999999999983,0.0019516522510534262,0.003918373393577923,0.00035056930439963593,0
2026-08-14 16:00:00+00:00,1.3553600000000001,1.35562,1.35382,1.35392,2379,1.35459,1.3535030000000001,1.3514255,1.3500984,1.3531361864349534,1.3517220004421535,0.0014141859927998546,0.0010141146782995994,0.00040007131450025516,79.38388625592538,1.3514255,1.356156350485441,1.3466946495145589,0.00700127455851778,0.0012814285714285445,0.7023670253993343,0.0003250879215059843,0.0025843620180239224,0.00057617914202419,0
2026-08-14 17:00:00+00:00,1.35392,1.35394,1.35269,1.35323,2054,1.354482,1.353707,1.351663,1.350144,1.3531506192911142,1.351833704113105,0.001316915178009248,0.0010746747782415292,0.00024224039976771883,71.84241019698703,1.351663,1.3562458426020967,1.3470801573979034,0.006781043206918627,0.0013078571428571145,0.5628642679089078,-0.0003988860737053068,0.0015097802677639383,0.0006119015350404161,1
2026-08-14 18:00:00+00:00,1.35324,1.35355,1.35293,1.35327,1544,1.354112,1.3538109999999999,1.3518849999999998,1.3502154000000002,1.3531689855540197,1.351940096401023,0.0012288891529965706,0.0011055176531925375,0.00012337149980403317,71.27659574468134,1.3518849999999998,1.3563177133189745,1.347452286681025,0.00655782602658476,0.0013114285714285506,0.40470654385785004,-0.0013651927504574335,0.0007690999312246483,0.000572233945267448,1
2026-08-14 19:00:00+00:00,1.35327,1.35372,1.35317,1.35344,1596,1.35384,1.353907,1.352108,1.3502998,1.3532106800841706,1.3520512003713177,0.0011594797128529066,0.0011163100651246113,4.316964772829528e-05,70.5454545454549,1.352108,1.3563708609123082,1.347845139087692,0.006305503572655582,0.0013107142857142762,0.00952702642404441,-0.0010038382049011307,0.0007098071690525565,0.0005712990751891557,1
2026-08-14 20:00:00+00:00,1.35345,1.35365,1.35313,1.35335,1538,1.3534419999999998,1.3539720000000002,1.35229,1.3503906,1.353232113917375,1.3521474077512199,0.0010847061661551916,0.0011099892853307274,-2.5283119175535836e-05,68.34170854271437,1.35229,1.3564308516794692,1.3481491483205308,0.006124206611701934,0.0012978571428571442,0.0,-0.0014682662652912848,0.00048052044060020727,0.0005718142155035207,1
2026-08-16 21:00:00+00:00,1.3536000000000001,1.35372,1.35267,1.35328,487,1.353314,1.353952,1.3525085,1.3504713999999998,1.3532394810070099,1.3522313034733517,0.0010081775336581167,0.0010896269349962052,-8.144940133808856e-05,64.3741403026147,1.3525085,1.3563486604955204,1.3486683395044794,0.0056785750263610105,0.001297142857142854,0.0,-0.0004727014890096859,-0.00014776723704823524,0.0005409867014422889,1
2026-08-16 22:00:00+00:00,1.35345,1.35431,1.35301,1.35429,779,1.353526,1.354004,1.352775,1.3505686,1.3534010993136236,1.3523837995123626,0.0010172998012609735,0.001075161508249159,-5.786170698818542e-05,64.22651933701684,1.352775,1.3563055851609493,1.3492444148390508,0.005219767013656054,0.0012814285714285603,0.0,0.0007833110409909416,0.000384112515420032,0.0005899512343562508,1
2026-08-16 23:00:00+00:00,1.35429,1.3547,1.3542399999999999,1.35458,771,1.353788,1.35395,1.353031,1.3506742,1.3535824686499893,1.3525464810299652,0.0010359876200241036,0.0010673267306041479,-3.133911058004427e-05,64.42307692307739,1.353031,1.3562808414535859,1.3497811585464143,0.004803794522942571,0.0012685714285714284,0.006290383473151105,0.0009680255972570606,-0.0003984886947281385,0.0004924845275520217,1
2026-08-17 00:00:00+00:00,1.35458,1.3556,1.35458,1.35548,1924,1.354196,1.354018,1.3533215,1.3507924,1.3538743965499909,1.3527637787314493,0.0011106178185416038,0.001075984948191639,3.463287034996478e-05,67.46231155778953,1.3533215,1.3563365658541755,1.3503064341458246,0.0044558013068963075,0.0012921428571428686,0.10355425255288436,0.0015072703629270823,0.0005019191024504543,0.0005332332203945909,0
2026-08-17 01:00:00+00:00,1.35549,1.35565,1.35497,1.35552,1941,1.35463,1.354036,1.3535949999999999,1.3509088,1.3541275663115306,1.3529679432698603,0.0011596230416703879,0.0010927125668873888,6.691047478299904e-05,64.1274238227154,1.3535949999999999,1.3563409098769579,1.3508490901230419,0.004057210431418551,0.0012242857142857253,0.0,0.001603428529205253,0.00013280800389581238,0.0005190327695860936,1
2026-08-17 02:00:00+00:00,1.35549,1.35559,1.3549,1.35494,1442,1.354962,1.354138,1.3538204999999999,1.3510128000000001,1.354252556109757,1.353114021546167,0.0011385345635899213,0.0011018769662278953,3.6657597362026e-05,57.78961384820327,1.3538204999999999,1.356186482381869,1.3514545176181307,0.003495267477289842,0.0011450000000000151,0.0,0.0012266493260817413,0.0007533679981091002,0.0004020660211926423,1
2026-08-17 03:00:00+00:00,1.35494,1.3552,1.35462,1.35516,1316,1.355136,1.354331,1.3540189999999999,1.3511313999999999,1.354392162862102,1.3532655755057104,0.0011265873563917062,0.0011068190442606576,1.9768312131048524e-05,50.313479623824776,1.3540189999999999,1.3561053758554624,1.3519326241445373,0.0030817527013469732,0.0009885714285714498,0.0,0.0006424030303699979,0.0014262172727474987,0.00034562002436465584,1
2026-08-17 04:00:00+00:00,1.3552,1.35562,1.3550499999999999,1.35507,1273,1.355234,1.354511,1.354161,1.3512567999999998,1.3544964454987016,1.3533992365793617,0.0010972089193399537,0.0011048970192765169,-7.6880999365632e-06,52.19512195121949,1.354161,1.3561172251511089,1.352204774848891,0.0028892061595466667,0.0009157142857143212,0.041665801585971836,0.0003617357409677613,0.001330111507681364,0.00035040655072634744,1
2026-08-17 05:00:00+00:00,1.3550900000000001,1.35585,1.35491,1.35533,1735,1.355204,1.3547,1.3543034999999999,1.3513836000000001,1.3546246846527477,1.3535422560920014,0.0010824285607462514,0.0011004033275704638,-1.7974766824212446e-05,49.9148211243606,1.3543034999999999,1.3561566370272664,1.3524503629727334,0.0027366643108675823,0.0008592857142857449,0.0,-0.00011066190574560153,0.0013964416597707086,0.0003508777980178804,1
2026-08-17 06:00:00+00:00,1.35535,1.35601,1.355,1.35581,2601,1.355262,1.354946,1.3544589999999999,1.3515096,1.3548070408600175,1.3537102371222236,0.001096803737793861,0.0010996834096151434,-2.8796718212823185e-06,69.16835699797154,1.3544589999999999,1.3562669811362924,1.3526510188637073,0.002669672742094884,0.0008028571428571686,0.8780507428223616,0.00021394003777142068,0.0018177116045368091,0.00034863078392008125,0
2026-08-17 07:00:00+00:00,1.35583,1.35711,1.35542,1.35632,2874,1.355538,1.3552499999999998,1.3546010000000002,1.3516485999999999,1.3550398038046303,1.3539035528909478,0.0011362509136825238,0.0011069969104286195,2.925400325390435e-05,82.52631578947538,1.3546010000000002,1.356527457343013,1.3526745426569873,0.0028443170247370083,0.0008342857142857398,0.9999999999969336,0.001018495283924059,0.002246393946559344,0.0003430143516678029,0
2026-08-17 08:00:00+00:00,1.35632,1.35707,1.35489,1.35534,2598,1.355574,1.355355,1.3546795,1.3517908,1.3550859878346873,1.354009956380507,0.0010760314541802263,0.0011008038191789409,-2.4772364998714574e-05,68.18980667838406,1.3546795,1.3565912748710567,1.3527677251289434,0.0028224755317499796,0.0009457142857143116,0.5603847889105361,0.0001328256442043596,0.0007753140021709015,0.0004038216982334518,1
2026-08-17 09:00:00+00:00,1.35535,1.35618,1.3550900000000001,1.35581,2122,1.3557219999999999,1.3554780000000002,1.354714,1.3519422,1.3551973743216583,1.3541432929449138,0.0010540813767445645,0.0010914593306920657,-3.7377953947501184e-05,69.7829716193664,1.354714,1.3566832841338181,1.3527447158661818,0.0029073060938591302,0.0009842857142857233,0.6092376537466182,0.0005460972495885397,0.0009080305334494554,0.0004109215282243545,0
2026-08-17 10:00:00+00:00,1.35585,1.35648,1.35531,1.35562,2324,1.35578,1.355492,1.354755,1.3520975999999998,1.355262393656788,1.354252678652698,0.0010097150040899727,0.001075110465371647,-6.539546128167431e-05,68.63711001642122,1.354755,1.3567655354091102,1.3527444645908897,0.002968116610177081,0.0010307142857142817,0.5741009139342161,0.00021397002943945864,0.00010328444536256143,0.00036199243880621657,1
2026-08-17 11:00:00+00:00,1.35565,1.3561,1.35516,1.35562,2081,1.355742,1.355502,1.3547690000000001,1.3522284,1.355317410017282,1.3543539617154612,0.000963448301820824,0.0010527780326614826,-8.932973084065858e-05,69.43521594684492,1.3547690000000001,1.3568004775539835,1.3527375224460167,0.002999002123584704,0.0010228571428571507,0.5985740617803038,-0.00014013762990383594,7.37724268178308e-05,0.00036193950569159687,1
2026-08-17 12:00:00+00:00,1.3556300000000001,1.3562,1.35528,1.35603,2704,1.3556840000000001,1.3556110000000001,1.3548745,1.3523704,1.3554270392453924,1.354478112699501,0.0009489265458915153,0.001032007735307489,-8.308118941597383e-05,66.05166051660657,1.3548745,1.356939215859059,1.352809784140941,0.0030478333735840264,0.0009957142857143061,0.49482060107654063,-0.00021381384923901958,0.0008044636662878357,0.000337176924313118,0
2026-08-17 13:00:00+00:00,1.35605,1.3566099999999999,1.3550900000000001,1.35594,2802,1.355804,1.355689,1.35501,1.3525057999999999,1.3555059562845626,1.354586400647686,0.0009195556368766233,0.001009517315621316,-8.996167874469256e-05,63.0268199233719,1.35501,1.3569735199326756,1.3530464800673245,0.002898163013816159,0.0010714285714285645,0.4020667845377012,0.0004426933463188565,0.000575577791552373,0.0003387585611292249,0
2026-08-17 14:00:00+00:00,1.35592,1.35686,1.35497,1.35529,3103,1.3557000000000001,1.3557109999999999,1.3551110000000002,1.3525947999999999,1.3554727322407838,1.3546385191182277,0.000834213122556049,0.0009744564770082625,-0.00014024335445221353,48.0885311871235,1.3551110000000002,1.3568974978971544,1.353324502102846,0.002636681271355981,0.0011335714285714163,0.0,-0.0003835345660526679,0.00016235323636415444,0.0003784057502806403,0
2026-08-17 15:00:00+00:00,1.35526,1.35616,1.35503,1.35616,2570,1.3558080000000001,1.355794,1.355247,1.3527208,1.3555784657422016,1.3547512214057664,0.0008272443364352178,0.0009450140488936537,-0.00011776971245843588,55.51724137931051,1.355247,1.356907578212458,1.3535864217875422,0.002450591239025666,0.001165714285714278,0.2157139397305513,0.0003983417181805393,0.0006123969808091712,0.00042544754287106307,0
2026-08-17 16:00:00+00:00,1.35615,1.35645,1.3556599999999999,1.35585,1782,1.3558540000000001,1.3557979999999998,1.355372,1.352824,1.3556202402434014,1.3548326124127468,0.0007876278306546691,0.0009135368052458568,-0.0001259089745911877,58.227848101266126,1.355372,1.3567899837426511,1.353954016257349,0.0020923904915419807,0.0011728571428571341,0.2944241922408892,0.000169664065150954,2.950265892720516e-05,0.0004207619155512191,0
2026-08-17 17:00:00+00:00,1.35585,1.3559700000000001,1.35437,1.35442,2009,1.3555319999999997,1.3556080000000001,1.355429,1.3529214000000003,1.355435587898263,1.3548020485303212,0.0006335393679417489,0.0008575373177850353,-0.00022399794984328636,44.51038575667663,1.355429,1.3565543612284157,1.3543036387715843,0.0016605240531457814,0.0012457142857142786,0.0,-0.001187289366754496,-0.0014008493570838443,0.000512962706343399,0
2026-08-17 18:00:00+00:00,1.35442,1.35454,1.3535599999999999,1.35376,1833,1.355096,1.3554499999999998,1.3554024999999998,1.3530251999999998,1.3551778051446841,1.3547248597502974,0.00045294539438667236,0.0007766189331053627,-0.00032367353871869033,41.039671682626704,1.3554024999999998,1.3566582048763651,1.3541467951236346,0.0018528885351255916,0.0012749999999999945,0.0,-0.0016077407554905276,-0.0011657591453066996,0.0004880715111983697,1
2026-08-17 19:00:00+00:00,1.35377,1.3544800000000001,1.35357,1.35428,1623,1.354894,1.3552969999999998,1.3553875,1.3531469999999999,1.3550396812762713,1.3546919071762014,0.0003477741000699197,0.0006908499664982742,-0.0003430758664283545,43.06472919418727,1.3553875,1.3566908378201257,1.3540841621798743,0.0019231958685257244,0.001272857142857155,0.048812275737226664,-0.0007452279585919985,-0.0011284767039629884,0.0004921356714048859,1
2026-08-17 20:00:00+00:00,1.35427,1.35449,1.354,1.35419,718,1.3545,1.3551540000000002,1.3553229999999998,1.353263,1.354908961079922,1.3546547288668531,0.00025423221306897226,0.0006035264158124139,-0.0003492942027434416,38.71866295264581,1.3553229999999998,1.3567305749955538,1.3539154250044458,0.0020771063363552384,0.0012357142857142925,0.0,-0.0014526309579990793,-0.0010548678833302016,0.0004922323984619645,1
2026-08-17 21:00:00+00:00,1.3542,1.35431,1.35402,1.3542,614,1.3541699999999999,1.355012,1.3552570000000002,1.3533738,1.3547998901445495,1.3546210452470862,0.0001788448974633372,0.0005185901121425986,-0.00033974521467926137,34.13173652694586,1.3552570000000002,1.3567470526305454,1.353766947369455,0.002198922611054946,0.0011357142857142874,0.0,-0.0012169487775195442,-0.0010474911848452617,0.0004924136411290499,1
2026-08-17 22:00:00+00:00,1.35425,1.35453,1.35423,1.35438,488,1.354162,1.354847,1.355229,1.3534894,1.3547352916607724,1.3546031900435982,0.00013210161717425173,0.00044129241314892916,-0.00030919079597467743,41.83673469387617,1.355229,1.3567644875788991,1.353693512421101,0.002266019364844019,0.0010035714285714212,0.21612149332090824,-2.953293660756806e-05,-0.0012167872392204737,0.00047959090104863415,0
2026-08-17 23:00:00+00:00,1.35438,1.35516,1.35434,1.35499,607,1.354408,1.354752,1.3552205000000002,1.3536196,1.354774477559115,1.3546318426329613,0.00014263492615373963,0.00038156091574989125,-0.00023892598959615163,43.18936877076316,1.3552205000000002,1.3567594740258766,1.3536815259741237,0.002271178787328613,0.0009842857142857073,0.2565648596859335,0.0009085805460347096,-0.000700620971429422,0.0005128925485162376,0
2026-08-18 00:00:00+00:00,1.355,1.3553899999999999,1.3544399999999999,1.355,1820,1.354552,1.354723,1.3552170000000001,1.3537430000000001,1.354809173319251,1.3546591135490385,0.0001500597702126516,0.00033526068664244336,-0.00018520091642979176,44.691780821916915,1.3552170000000001,1.3567577325666047,1.3536762674333955,0.002273779869356104,0.0009685714285714297,0.2991219128670048,0.000531647812860081,-0.0002139763445462295,0.0004924095925190429,0
2026-08-18 01:00:00+00:00,1.35496,1.35533,1.35449,1.35458,1912,1.3546299999999998,1.354565,1.3551795,1.353855,1.35477391588552,1.3546532532861466,0.00012066259937348889,0.00029234106918865247,-0.00017167846981516358,41.69329073482268,1.3551795,1.3567449624336825,1.3536140375663175,0.002310339602513905,0.0009614285714285575,0.2368913600891538,0.0002879950376237783,-0.0011650542708825373,0.00043907309037321743,0
2026-08-18 02:00:00+00:00,1.35459,1.35466,1.3538999999999999,1.35457,1697,1.354704,1.3544370000000001,1.3551175,1.3539522,1.3547425442108247,1.3546470863760616,9.545783476316849e-05,0.0002529644223035557,-0.00015750658754038718,37.54266211603982,1.3551175,1.3566760266320637,1.3535589733679363,0.0023002088484041917,0.0009499999999999906,0.1180451892900246,0.0002732240437157696,-0.0009440572334696862,0.00043836917228710573,0
2026-08-18 03:00:00+00:00,1.35457,1.35458,1.35337,1.35349,1385,1.3545260000000001,1.354344,1.354976,1.3540438000000001,1.3545498451014673,1.354561376274131,-1.1531172663836742e-05,0.00020006530331007717,-0.0002115964759739139,32.11678832116736,1.354976,1.3565878038275936,1.3533641961724063,0.0023790883788253484,0.0009278571428571469,0.0,-0.0006571272464152011,-0.0006866407761254578,0.00037929422008409035,0
2026-08-18 04:00:00+00:00,1.35347,1.35379,1.35307,1.35349,1424,1.3542260000000002,1.354317,1.3548835000000001,1.3541344000000002,1.3543867920089339,1.35448201506864,-9.522305970621758e-05,0.00014100763070681822,-0.0002362306904130358,35.48387096774066,1.3548835000000001,1.356615225941523,1.3531517740584773,0.0025562728330853855,0.000844285714285726,0.12895235486101222,-0.0011070192399942336,-0.0001994445101052289,0.0003496749663658265,0
2026-08-18 05:00:00+00:00,1.3535,1.35391,1.35323,1.35357,1332,1.3539400000000001,1.354246,1.3547715,1.3542166,1.354261131699867,1.354414458396889,-0.00015332669702194934,8.21407651610647e-05,-0.00023546746218301403,26.06284658040346,1.3547715,1.3565402732887717,1.3530027267112283,0.002611175816396602,0.0008121428571428645,0.0,-0.0010553505535055852,-0.0005242638154591139,0.0003219574664172517,0
2026-08-18 06:00:00+00:00,1.35355,1.35427,1.3521,1.35266,2943,1.353556,1.354093,1.3546235000000002,1.3542764,1.354014803746041,1.354284498515638,-0.0002696947695968177,1.1773658209488201e-05,-0.0002814684278063059,23.460898502492995,1.3546235000000002,1.356578846516531,1.3526681534834695,0.002886922479243467,0.0009107142857142885,0.0,-0.0014174135156284073,-0.0011298266860633177,0.000377166126973406,0
2026-08-18 07:00:00+00:00,1.3526799999999999,1.3531,1.35191,1.35281,2577,1.353204,1.3539539999999999,1.3544829999999999,1.3543315999999999,1.3538294493235732,1.3541752764033685,-0.00034582707979535776,-5.9746489391481015e-05,-0.00028608059040387675,32.980972515855456,1.3544829999999999,1.3565381358002835,1.3524278641997163,0.0030345686144213004,0.0008814285714285727,0.4484068947340828,-0.0012993053146016509,-0.001026436272337894,0.00038222269920154295,1
2026-08-18 08:00:00+00:00,1.35282,1.35335,1.3523100000000001,1.3532,2182,1.353146,1.353836,1.3543414999999999,1.3543869999999998,1.3537326109661003,1.354103033706823,-0.00037042274072263126,-0.00012188173965771109,-0.0002485410010649202,43.72197309416835,1.3543414999999999,1.3563369925522366,1.3523460074477631,0.002946808544575713,0.0008857142857142675,0.9543208938162344,-0.0002142609106828841,-0.0008712473604157722,0.0003957785757441052,1
2026-08-18 09:00:00+00:00,1.35317,1.35335,1.35259,1.35318,1985,1.3530840000000002,1.353655,1.3542035000000001,1.3544268000000002,1.3536475938943926,1.3540346608396512,-0.0003870669452585851,-0.00017491878077788593,-0.00021214816448069916,36.11111111111096,1.3542035000000001,1.3561134437852667,1.3522935562147336,0.0028207633273234687,0.000874999999999975,0.5958401736787372,-0.00022903752521263865,-0.0013358032162598121,0.00035031297960191475,1
2026-08-18 10:00:00+00:00,1.3532,1.35321,1.35239,1.35253,1906,1.352876,1.3534080000000002,1.3540655000000001,1.3544327999999999,1.3534756563721784,1.3539232044811587,-0.00044754810898028907,-0.00022944464641836657,-0.0002181034625619225,31.637168141591502,1.3540655000000001,1.3560425629465098,1.3520884370534905,0.002920188050740053,0.0008985714285714153,0.3851120983125421,-0.0007683385417820432,-0.0018228782287822431,0.00036225212758241314,1
2026-08-18 11:00:00+00:00,1.35255,1.35276,1.35194,1.35266,1635,1.3528760000000002,1.3532160000000002,1.3538904999999999,1.3544364,1.3533501707764586,1.3538296337788507,-0.0004794630023920998,-0.0002794483176131133,-0.00020001468477898654,33.405172413790396,1.3538904999999999,1.3556994074922502,1.3520815925077496,0.002672162175966619,0.0009364285714285682,0.4683872182812039,0.0,-0.0014174135156284073,0.00036905748000762366,1
2026-08-18 12:00:00+00:00,1.35266,1.3534,1.35232,1.35314,2283,1.352942,1.353073,1.353755,1.3544452,1.3533178368108496,1.3537785497952322,-0.0004607129843825497,-0.0003157012509670006,-0.00014501173341554912,37.449392712550825,1.353755,1.3553377424566062,1.3521722575433939,0.002338299702097008,0.000989999999999999,0.6588748408818607,0.00024393669473177226,-0.0010556855681138622,0.0004001787388746477,1
2026-08-18 13:00:00+00:00,1.35312,1.35435,1.35279,1.35406,3179,1.353114,1.3531300000000002,1.3537370000000002,1.3544568,1.3534320157630264,1.3537993979585483,-0.00036738219552190365,-0.00032603743987798126,-4.1344755643922396e-05,41.14285714285791,1.3537370000000002,1.3552959078497284,1.352178092150272,0.002303117739602641,0.0010428571428571548,0.8328414417381321,0.0006355305941472267,0.00042113351410044686,0.00038894121725808697,0
2026-08-18 14:00:00+00:00,1.35406,1.35506,1.35386,1.3542399999999999,3411,1.353326,1.353205,1.353761,1.3544662,1.353556321030253,1.353832035146804,-0.00027571411655102906,-0.0003159727752125908,4.0258658661561754e-05,42.98892988929743,1.353761,1.3553360943162225,1.3521859056837775,0.0023269902386351678,0.0010607142857142879,0.9638201220941913,0.000783339984333109,0.0005541230448691259,0.0003896107882549458,0
2026-08-18 15:00:00+00:00,1.35428,1.3548,1.3535599999999999,1.3542399999999999,3112,1.3536679999999999,1.353272,1.353759,1.3544486,1.353661502410214,1.3538622547655594,-0.00020075235534533498,-0.0002929286912391397,9.21763358938047e-05,46.59999999999956,1.353759,1.3553314188539842,1.3521865811460156,0.0023230410346070343,0.001089285714285729,0.9999999999956783,0.0012642972799123964,0.0004949873298019103,0.0003899975867428018,0
2026-08-18 16:00:00+00:00,1.35425,1.35468,1.35401,1.35401,1947,1.353938,1.353407,1.3537500000000002,1.3544328,1.3537151174240274,1.3538731988569994,-0.0001580814329720237,-0.0002659592395857165,0.00010787780661369281,44.636015325668936,1.3537500000000002,1.3553140702635138,1.3521859297364867,0.0023107224576377804,0.0010828571428571632,0.9151226907132167,0.0009980335043544564,0.0009980335043544564,0.00031103751171876985,0
2026-08-18 17:00:00+00:00,1.35402,1.35411,1.35317,1.35344,1602,1.353998,1.3534700000000002,1.353712,1.3543948000000001,1.3536727916664846,1.3538411100527772,-0.00016831838629260965,-0.0002464310689270951,7.811268263448548e-05,49.46921443736613,1.353712,1.355266939159327,1.352157060840673,0.002297296853875904,0.0010635714285714495,0.9999999999961552,0.00022170654921138677,0.0004656973263059694,0.0003517406636463769,0
2026-08-18 18:00:00+00:00,1.35344,1.35378,1.35321,1.35338,1367,1.353862,1.353488,1.353662,1.354384,1.3536277467947178,1.3538069537525717,-0.00017920695785389462,-0.000232986246712455,5.377928885856039e-05,48.846960167714194,1.353662,1.3551905851730652,1.3521334148269346,0.0022584443872477934,0.001052857142857157,0.9760747957957863,-0.0005021934035419617,0.00013301803133325407,0.00034193814916155823,1
2026-08-18 19:00:00+00:00,1.35337,1.35394,1.35309,1.3532600000000001,1610,1.353666,1.353496,1.3535755,1.3543846000000002,1.3535711703647613,1.3537664386597885,-0.00019526829502725107,-0.00022544265637541427,3.0174361348163196e-05,46.77754677754844,1.3535755,1.3549782863249344,1.3521727136750656,0.0020727123458342766,0.0010650000000000143,0.8965074222165137,-0.0007236531190925044,5.9119998817580566e-05,0.00034340873711011,0
2026-08-18 20:00:00+00:00,1.35327,1.35327,1.35284,1.35315,906,1.353448,1.353558,1.353483,1.3543822,1.3535063749240286,1.353720776536841,-0.00021440161281249814,-0.00022323444766283104,8.832834850332894e-06,56.109725685787375,1.353483,1.3547250543253455,1.3522409456746545,0.001835345291142217,0.0009407142857142947,0.9999999999959138,-0.0008048794896028388,0.0004584001833600748,0.00030121073776546986,0
2026-08-18 21:00:00+00:00,1.35315,1.3532,1.35294,1.35297,658,1.35324,1.353589,1.3534025,1.3543728000000002,1.3534238557049474,1.3536651634600378,-0.00024130775509045854,-0.00022684910914835655,-1.4458645942101988e-05,51.98019801980141,1.3534025,1.3545503102721252,1.3522546897278749,0.0016961846488759739,0.0008742857142857163,0.8312588433549938,-0.0007680888619728821,0.0002291780639629426,0.0003056467364179518,1
2026-08-18 22:00:00+00:00,1.35331,1.3535,1.35307,1.35337,574,1.353226,1.353612,1.3533425000000001,1.3543732,1.3534155702118784,1.353643299500035,-0.0002277292881565085,-0.00022702514494998697,-7.041432065215368e-07,52.09876543209898,1.3533425000000001,1.354350256758328,1.3523347432416721,0.0014892856144368216,0.0008378571428571442,0.8361037563594051,-5.172006147302621e-05,0.00016997502106219642,0.00029900406070366704,1
2026-08-18 23:00:00+00:00,1.35337,1.3536000000000001,1.35311,1.3536000000000001,881,1.35327,1.353566,1.353348,1.3543796000000001,1.3534439440254356,1.3536400921296619,-0.00019614810422630136,-0.00022084973680524983,2.470163257894847e-05,54.92957746478983,1.353348,1.3543603365363865,1.3523356634636134,0.0014960476335525658,0.0008185714285714304,0.9517766698898777,0.00016255597097636354,-0.0003397190671018402,0.0002007260988942852,1
2026-08-19 00:00:00+00:00,1.35362,1.35416,1.35286,1.35289,2259,1.353196,1.353431,1.353318,1.3543516,1.3533587218676761,1.3535845297496867,-0.00022580788201054247,-0.00022184136584630837,-3.9665161642340986e-06,54.16666666666559,1.353318,1.3543480250378965,1.3522879749621035,0.0015222217363494894,0.0008528571428571473,0.9144198524438829,-0.0002734138303062128,-0.000996869092627528,0.00024317284728939101,1
2026-08-19 01:00:00+00:00,1.3529200000000001,1.35313,1.35232,1.35306,2202,1.3531780000000002,1.353313,1.3532924999999998,1.3543212,1.3533127646572645,1.3535456756941542,-0.00023291103688971582,-0.00022405530005498988,-8.855736834725934e-06,54.5871559633021,1.3532924999999998,1.3543215082091429,1.3522634917908567,0.0015207476715389907,0.0008521428571428569,0.9184060796363684,-6.65114732292249e-05,-0.0008713374291114961,0.0002519844039408386,1
2026-08-19 02:00:00+00:00,1.35305,1.35435,1.3529900000000001,1.35395,2384,1.353374,1.353307,1.353357,1.3542906,1.353410800863839,1.3535756256427356,-0.00016482477889656622,-0.00021220919582330515,4.7384416926738934e-05,58.49056603773531,1.353357,1.354380782460321,1.352333217539679,0.0015129525473632998,0.0008721428571428451,0.9999999999942356,0.0007243323946577451,-4.43128189598907e-05,0.0003417310100147531,1
2026-08-19 03:00:00+00:00,1.35394,1.35415,1.3536299999999999,1.35369,1413,1.3534380000000001,1.353332,1.353401,1.354254,1.3534537545770946,1.353584097817348,-0.00013034324025329447,-0.000195836004709303,6.549276445600853e-05,45.49878345498812,1.353401,1.3544011663018332,1.352400833698167,0.001478004378352141,0.0007978571428571359,0.1619089457165088,0.00023644679577650152,0.00018471450526069688,0.00031753265665228494,1
2026-08-19 04:00:00+00:00,1.35368,1.3542399999999999,1.35358,1.35416,1561,1.35355,1.35341,1.353449,1.3542383999999998,1.3535624077190802,1.3536267572382852,-6.434951920497589e-05,-0.00016953870760843759,0.0001051891884034617,49.09090909091074,1.353449,1.3544994314901655,1.3523985685098343,0.0015522291422367495,0.0007592857142857083,0.3215473282240571,0.0004137115839242256,0.0005763348061889051,0.0003326988344720477,1
2026-08-19 05:00:00+00:00,1.35416,1.35447,1.35391,1.35438,1786,1.353848,1.353522,1.353509,1.3542228,1.353688191146914,1.3536825529984122,5.638148501851958e-06,-0.00013450333638637967,0.00014014148488823163,51.51515151515181,1.353509,1.354629486736225,1.3523885132637752,0.0016556768166667386,0.0007107142857142788,0.49652538955607967,0.0011013460074358328,0.0008276310538992693,0.00032989187121271527,1
2026-08-19 06:00:00+00:00,1.3544,1.35576,1.35402,1.35507,2886,1.35425,1.353714,1.353636,1.3542228,1.353900777124312,1.3537853268503819,0.00011545027393000673,-8.451261432310238e-05,0.00019996288825310912,60.43307086614193,1.353636,1.3548602531556873,1.3524117468443129,0.0018088365789432222,0.0007871428571428434,0.999999999993304,0.00148552170635452,0.0014189114288880589,0.0003495545494131904,1
2026-08-19 07:00:00+00:00,1.3550900000000001,1.35557,1.35445,1.35555,2510,1.35457,1.353972,1.3537805,1.3542272,1.3541545037205718,1.3539160433799833,0.00023846034058849774,-1.991802334078234e-05,0.0002583783639292801,71.14228456913769,1.3537805,1.355188185296673,1.3523728147033272,0.002079635947885053,0.0007999999999999911,0.9999999999961005,0.0011817275379446546,0.0019069158961395605,0.0003408318272262908,1
2026-08-19 08:00:00+00:00,1.35552,1.3565800000000001,1.35524,1.3553,2618,1.354892,1.3541649999999998,1.3538885,1.3542170000000002,1.3543307339174069,1.3540185586851696,0.0003121752322372551,4.6500627774825164e-05,0.0002656746044624299,68.53281853281632,1.3538885,1.3554156476679513,1.3523613523320488,0.002255943038073307,0.0008550000000000026,0.8982406487789869,0.0011893417252102356,0.0014260697370267472,0.0003577773710566415,1
2026-08-19 09:00:00+00:00,1.3553,1.35591,1.35494,1.35576,2339,1.3552119999999999,1.3543809999999998,1.3539735,1.3542058,1.3545506210070366,1.35414755433812,0.00040306666891654075,0.00011781383600316831,0.00028525283291337244,72.64492753622879,1.3539735,1.355715033202228,1.3522319667977718,0.002572477529623941,0.0008635714285714238,0.9999999999963163,0.0011815442783718044,0.0015957446808509967,0.000363190317966442,1
2026-08-19 10:00:00+00:00,1.35579,1.35642,1.35541,1.35562,2011,1.35546,1.354654,1.3540424999999998,1.3542113999999998,1.354715140852108,1.3542566243871481,0.00045851646495997933,0.00018595436179453053,0.0002725621031654488,72.25225225224956,1.3540424999999998,1.3559315919566755,1.3521534080433242,0.00279029935423096,0.0009049999999999971,0.9855347675565775,0.0009155480736573463,0.0020179024163089476,0.00029260391874576784,1
2026-08-19 11:00:00+00:00,1.35561,1.35602,1.35472,1.35524,2214,1.355494,1.3548719999999999,1.3540925000000001,1.3542,1.3547958884133222,1.354329467025137,0.00046642138818531187,0.00024204776707268684,0.00022437362111262502,69.73913043478055,1.3540925000000001,1.3560551070201425,1.3521298929798578,0.002898778362840637,0.0009792857142857222,0.8929572799421783,0.00012545477355407897,0.0016111628456978444,0.0003300814083997666,1
2026-08-19 12:00:00+00:00,1.35524,1.36028,1.35519,1.35946,4990,1.356276,1.355423,1.354365,1.3542768,1.355513444042042,1.354709506504756,0.0008039375372859148,0.0003544257211153325,0.0004495118161705823,81.81818181817971,1.354365,1.3574638724604329,1.3512661275395672,0.004576126022797153,0.0013050000000000164,0.9999999999972466,0.002884438050975602,0.004069574208796389,0.0009916091997693038,0
2026-08-19 13:00:00+00:00,1.35948,1.36239,1.35945,1.36173,6579,1.3575620000000002,1.356227,1.3547795,1.354399,1.3564698372663433,1.3552295430599595,0.0012402942063838296,0.0005315994181690321,0.0007086947882147975,85.012919896639,1.3547795,1.3592649312706708,1.3502940687293292,0.006621640304818316,0.0014800000000000052,0.9999999999974692,0.004744337047148273,0.005939321410367349,0.0010403003909397418,0
2026-08-19 14:00:00+00:00,1.3617,1.363,1.36063,1.36086,5565,1.3585820000000002,1.356897,1.3551535,1.3544956,1.357145246917675,1.3556466139444068,0.0014986329732682435,0.0007250061291888745,0.000773626844079369,83.8572642310947,1.3551535,1.360340164174867,1.3499668358251329,0.007654725719067276,0.0015564285714285697,0.9707533614622227,0.0037617277394228488,0.004947716665681945,0.001110535773913666,0
2026-08-19 15:00:00+00:00,1.3608799999999999,1.3615300000000001,1.3600400000000001,1.36066,4003,1.35959,1.357525,1.3555234999999999,1.35459,1.3576859781611097,1.3560179758744506,0.0016680022866590871,0.0009136053606829172,0.0007543969259761699,82.20338983050739,1.3555234999999999,1.361176263739483,1.3498707362605167,0.008340340450730958,0.0016049999999999992,0.9288981028252196,0.0037178560363522184,0.004636807985942015,0.00112502314519312,0
2026-08-19 16:00:00+00:00,1.36068,1.3615300000000001,1.36037,1.36098,2859,1.360738,1.3581159999999999,1.355915,1.3547037999999998,1.3581927507517082,1.356385533217084,0.0018072175346242059,0.001092327795471175,0.0007148897391530309,81.30008904719398,1.355915,1.3619474508417029,1.349882549158297,0.008897977884606183,0.0015907142857143025,0.9060379098751599,0.004235412177916897,0.004361398304146613,0.0011271138500080502,0
2026-08-19 17:00:00+00:00,1.36101,1.3615599999999999,1.35901,1.3591,2879,1.360666,1.3584710000000002,1.3562215,1.3547626000000002,1.3583323275591377,1.3565866048306334,0.001745722728504262,0.0012230067820777925,0.0005227159464264695,71.05058365758609,1.3562215,1.362246833447831,1.350196166552169,0.008885471064764968,0.0017357142857142849,0.6113152931603828,-0.0002648110279080962,0.002618863192062282,0.0012661336996566692,1
2026-08-19 18:00:00+00:00,1.3591199999999999,1.36096,1.35895,1.36064,3373,1.360448,1.3590050000000002,1.356585,1.3548584,1.3586873540885012,1.3568868563246606,0.0018004977638406139,0.0013385049784303568,0.00046199278541025706,73.2758620689643,1.356585,1.362761295943249,1.350408704056751,0.00910565271361393,0.0018321428571428536,0.6496167238941731,-0.000800452365740667,0.003940087065594344,0.0012829219382498377,0
2026-08-19 19:00:00+00:00,1.3606500000000001,1.36118,1.36022,1.36072,2794,1.36042,1.359501,1.356941,1.3549844,1.3590000688441164,1.3571707928932042,0.0018292759509122014,0.001436659172926726,0.00039261677798547545,73.00435413642833,1.356941,1.36321290527584,1.35066909472416,0.009244182725468512,0.0018607142857142791,0.5114467242918225,-0.00010287612245196698,0.003658464625007296,0.0012873113470208961,0
2026-08-19 20:00:00+00:00,1.36074,1.36096,1.36021,1.36057,962,1.3604020000000001,1.3599960000000002,1.357325,1.3551206000000002,1.3592415967142524,1.3574225860122262,0.0018190107020261692,0.0015131294787466148,0.0003058812232795544,70.77039274924402,1.357325,1.3634921404274798,1.35115785957252,0.009087197874466175,0.00178999999999999,0.1357742993818033,-6.61443711139631e-05,0.003651465749988869,0.0012875956132331248,1
2026-08-19 21:00:00+00:00,1.36055,1.36057,1.3602699999999999,1.36051,610,1.360308,1.3605230000000001,1.3576975,1.3552452,1.3594367356812904,1.3576512833446541,0.001785452336636295,0.0015675940503245512,0.00021785828631174387,69.34477379095118,1.3576975,1.3636770894067485,1.3517179105932515,0.008808426629272685,0.0017314285714285743,0.04926882670226445,-0.0003453393877940192,0.0038886101354742575,0.0012765550495169044,0
2026-08-19 22:00:00+00:00,1.36063,1.36099,1.36029,1.3603100000000001,765,1.3605500000000001,1.360608,1.3580155,1.3553676,1.359571084038015,1.3578482253191242,0.001722858718890885,0.0015986469840378183,0.0001242117348530668,69.61628817541123,1.3580155,1.363830136613493,1.352200863386507,0.008563431880553673,0.0016857142857142746,0.01732906896749897,0.0008902950481937122,0.0006252482603388287,0.0008475466694472024,1
2026-08-19 23:00:00+00:00,1.3603100000000001,1.36066,1.35982,1.35998,968,1.360418,1.360433,1.35833,1.3554832,1.359633994186013,1.3580061345547447,0.0016278596312682136,0.0016044895134838975,2.3370117784316143e-05,66.69303797468254,1.35833,1.3638315519341189,1.3528284480658812,0.008100464444014093,0.0016764285714285629,0.0,-0.0004850658513640971,-0.0012851299449965214,0.0006333592104505398,1
2026-08-20 00:00:00+00:00,1.3599700000000001,1.36067,1.35971,1.35992,2564,1.3602580000000002,1.360339,1.358618,1.3555940000000002,1.3596779950804725,1.3581479023655043,0.0015300927149681787,0.001589610153780754,-5.9517438812575285e-05,67.11783439490387,1.358618,1.3637938329103032,1.353442167089697,0.007619261499999414,0.0016728571428571426,0.023187726974915026,-0.0005879240402139052,-0.000690739679320429,0.0006074928026719285,1
2026-08-20 01:00:00+00:00,1.3599,1.3608,1.3594300000000001,1.36073,3172,1.3602900000000002,1.360346,1.3589355,1.3557088,1.359839841991169,1.3583391688569486,0.0015006731342204205,0.0015718227498686876,-7.114961564826713e-05,71.13163972286327,1.3589355,1.3637855177969938,1.3540854822030064,0.007137966146286821,0.0016778571428571279,0.2422833164026465,0.0001175977715222043,5.144562197756386e-05,0.0006413375055873959,1
2026-08-20 02:00:00+00:00,1.36075,1.3614600000000001,1.36018,1.36047,2363,1.360282,1.3602950000000003,1.3592055,1.3558181999999999,1.359936789377143,1.3584970082008783,0.0014397811762647539,0.0015454144351479012,-0.00010563325888314728,55.59246954595871,1.3592055,1.363740447222996,1.3546705527770042,0.006672938305496638,0.0014057142857142799,0.0,-2.9400739428586675e-05,-0.0003747299739893517,0.0006385224295440863,1
2026-08-20 03:00:00+00:00,1.36046,1.36144,1.36043,1.36136,1782,1.360492,1.360521,1.3594959999999998,1.3559538,1.3601557448575825,1.35870908166748,0.0014466631901024485,0.0015256641861388109,-7.90009960363624e-05,47.58169934640387,1.3594959999999998,1.363782543939694,1.3552094560603056,0.0063060780461203095,0.001267857142857138,0.0,0.0007718828796374755,0.0016628651313368437,0.000462685296502924,1
2026-08-20 04:00:00+00:00,1.36138,1.36161,1.36056,1.36072,1557,1.3606399999999998,1.360529,1.359767,1.3560768,1.3602425533410314,1.358858038581,0.001384514760031319,0.0014974343009173127,-0.00011291954088599372,49.05660377358468,1.359767,1.363597669035914,1.355936330964086,0.005634302106043172,0.0011735714285714246,0.04260058958859186,0.0005441256489064905,5.879586077139898e-05,0.00035587993487482715,1
2026-08-20 05:00:00+00:00,1.36074,1.36098,1.35996,1.36044,2115,1.360744,1.360501,1.360001,1.3562158,1.3602729297501035,1.3589752209083337,0.001297708841769829,0.0014574892090878163,-0.00015978036731798722,48.533333333334014,1.360001,1.363341450016889,1.356660549983111,0.004912422883349328,0.0011399999999999982,0.028222996275086617,0.00038237543384900263,-0.00020577341407479466,0.00036130657822115253,1
2026-08-20 06:00:00+00:00,1.36041,1.36167,1.36025,1.3616,2908,1.3609179999999999,1.360604,1.3603,1.356378,1.3604770944039337,1.3591696489891978,0.0013074454147359305,0.0014274804502174394,-0.0001200350354815089,53.71702637889623,1.3603,1.3629981084991565,1.3576018915008436,0.003966931557974587,0.0011585714285714216,0.23878291340785482,0.0006393626950238485,0.0007570356541741763,0.000451733551396177,1
2026-08-20 07:00:00+00:00,1.36159,1.3631199999999999,1.3608500000000001,1.36245,3194,1.361314,1.360798,1.3606605,1.3565555999999999,1.3607806183417899,1.359412637952961,0.0013679803888289044,0.0014155804379397325,-4.760004911082811e-05,72.91381668946855,1.3606605,1.3621821815489343,1.3591388184510658,0.0022366807134245226,0.0011385714285714174,0.9859094307332127,0.0014553793909457546,0.0014259358622867868,0.0004805525744608747,1
2026-08-20 08:00:00+00:00,1.36242,1.36372,1.36225,1.36349,2839,1.36174,1.361116,1.360862,1.3567721999999998,1.361197446289207,1.3597146647712601,0.0014827815179467851,0.0014290206539411432,5.376086400564191e-05,70.92511013216082,1.360862,1.3627399339149695,1.3589840660850305,0.0027599182209062894,0.0011000000000000057,0.9182129474072394,0.001564611858729581,0.002337702435474265,0.0005051876930600194,0
2026-08-20 09:00:00+00:00,1.36349,1.36475,1.3631,1.36473,2583,1.362542,1.361591,1.3610119999999999,1.3570106000000002,1.3617409160908676,1.3600861710845003,0.0016547450063673086,0.0014741655244263764,0.0001805794819409322,75.15683814303881,1.3610119999999999,1.3635463750396535,1.3584776249603463,0.0037242508363682196,0.00114928571428571,0.9999999999963736,0.002946969251572673,0.0034926984220355894,0.0005157641206117615,0
2026-08-20 10:00:00+00:00,1.36471,1.36592,1.36405,1.36443,2820,1.3633400000000002,1.3620420000000002,1.3611905,1.3572352,1.3621546213076572,1.360407936189352,0.0017466851183052245,0.0015286694432021463,0.00021801567510307826,73.76847290640536,1.3611905,1.36414745059844,1.35823354940156,0.0043446535932184695,0.0012292857142857105,0.9496515594366532,0.002932874658198692,0.0033163715512676273,0.0005333322107392732,0
2026-08-20 11:00:00+00:00,1.36441,1.3645800000000001,1.36288,1.36315,3048,1.3636500000000003,1.362284,1.361315,1.3574346,1.3623077564910946,1.360611052027178,0.0016967044639166762,0.0015622764473450525,0.00013442801657162365,64.13276231263453,1.361315,1.3643854054248892,1.358244594575111,0.004510940414068929,0.0013292857142856995,0.6002168507014151,0.0011383666274971116,0.0017784571516759051,0.0006554240379751182,0
2026-08-20 12:00:00+00:00,1.36314,1.36455,1.36199,1.36416,4091,1.363992,1.362653,1.3614739999999999,1.3576672000000003,1.362592717030926,1.3608739370622016,0.001718779968724382,0.0015935771516209186,0.0001252028171034635,68.96551724137991,1.3614739999999999,1.364790824099159,1.3581571759008406,0.004872401675183269,0.0014621428571428405,0.7754745335137901,0.0012550919299791907,0.002712297955853371,0.0006633442786469994,0
2026-08-20 13:00:00+00:00,1.36419,1.36526,1.36325,1.36333,4575,1.36396,1.36285,1.3616855,1.3578806,1.3627061451800142,1.3610558676501867,0.001650277529827493,0.0016049172272622337,4.536030256525924e-05,65.72769953051719,1.3616855,1.3649029031698543,1.358468096830146,0.004725618609956842,0.0015457142857142614,0.65805653120636,-0.00011734592846313063,0.0014470823294352453,0.0007013975769879896,0
2026-08-20 14:00:00+00:00,1.3633199999999999,1.36395,1.36263,1.3631199999999999,3867,1.363638,1.36309,1.3618095000000001,1.3580802,1.3627698151523198,1.3612087663427654,0.0015610488095543218,0.0015961435437206516,-3.509473416632978e-05,64.81481481481492,1.3618095000000001,1.3650483332856327,1.3585706667143675,0.004756661318095621,0.0015714285714285411,0.6249511777779903,-0.001179720530801065,0.0017637721206420487,0.0006773142702342535,0
2026-08-20 15:00:00+00:00,1.36313,1.36476,1.36269,1.3636300000000001,5512,1.363478,1.363409,1.361955,1.3582716000000001,1.3629021512827322,1.3613881169840423,0.0015140342986899036,0.0015797216947145024,-6.568739602459879e-05,63.809523809524755,1.361955,1.3652487420727177,1.3586612579272823,0.0048367854631286775,0.0016214285714285515,0.5884947518393763,-0.0005863254252690409,0.0023448296139485514,0.0006656789245145896,0
2026-08-20 16:00:00+00:00,1.36367,1.36377,1.36231,1.3630200000000001,2961,1.363452,1.363551,1.3620775,1.3584471999999999,1.3629202818546196,1.3615089972074466,0.0014112846471729945,0.001546034285206201,-0.00013474963803320654,61.75115207373317,1.3620775,1.3653364108609292,1.358818589139071,0.004785206217603784,0.0016342857142856834,0.513848827082134,-9.536734768733623e-05,0.001042890716803857,0.0006584289970320838,0
2026-08-20 17:00:00+00:00,1.363,1.36315,1.36226,1.3627,2051,1.3631600000000001,1.3635760000000001,1.362187,1.3586163999999998,1.3628863923385242,1.3615972196365247,0.0012891727019994637,0.0014946619685648537,-0.0002054892665653901,56.517509727627,1.362187,1.3653704446751087,1.3590035553248914,0.0046740200502701475,0.001625714285714262,0.29989201088778544,-0.0010702556884822911,0.00018349297221931238,0.0006388185734409312,1
2026-08-20 18:00:00+00:00,1.3627099999999999,1.36283,1.36205,1.3627099999999999,1872,1.363036,1.363498,1.362307,1.3587904,1.3628592550556742,1.361679647811597,0.0011796072440772853,0.0014316510236673402,-0.0002520437795900548,60.31088082901528,1.362307,1.3653712392375166,1.3592427607624833,0.004498603086553386,0.0016064285714285484,0.44237404428224947,-0.0004547688380656112,-0.0005720614012572067,0.0005831951534741708,1
2026-08-20 19:00:00+00:00,1.3627099999999999,1.36307,1.36245,1.36283,1902,1.362978,1.363308,1.3624495,1.3589782,1.3628547542778782,1.361764859084812,0.001089895193066237,0.0013632998575471196,-0.0002734046644808825,62.59220231822885,1.3624495,1.3653168440855141,1.359582155914486,0.004209101453689159,0.0015778571428571228,0.4139577360531999,-0.00021274722694986092,-0.0013922167754794046,0.0004808009964596762,1
2026-08-20 20:00:00+00:00,1.36285,1.36327,1.36272,1.36297,683,1.362846,1.363162,1.3626019999999999,1.35917,1.362872484388974,1.3618541287822334,0.001018355606740462,0.0012943110073857882,-0.0002759554006453262,58.087367178276416,1.3626019999999999,1.3652161445213322,1.3599878554786675,0.00383698911543114,0.001515714285714271,0.08422285479679442,-0.0004840022586772852,-0.0010700439011162022,0.00048558719798150564,1
2026-08-20 21:00:00+00:00,1.36294,1.3630499999999999,1.36285,1.36295,537,1.3628319999999998,1.363142,1.3627129999999998,1.3593638,1.3628844098675934,1.361935304427994,0.0009491054395993626,0.0012252698938285032,-0.0002761644542291406,53.27225130890148,1.3627129999999998,1.3651766566745362,1.3602493433254634,0.003615811509153296,0.0013678571428571429,0.0,-5.135654649235377e-05,-0.00014671899644203013,0.0003879502848604336,1
2026-08-20 22:00:00+00:00,1.36303,1.3636599999999999,1.36303,1.36359,558,1.36301,1.363085,1.3628689999999999,1.3595726,1.362992962195656,1.3620578744703649,0.0009350877252911616,0.001167233460121035,-0.0002321457348298734,50.69060773480654,1.3628689999999999,1.3651206417401025,1.3606173582598973,0.0033042673068396406,0.001313571428571406,0.0,0.0006531151390622991,-0.0004178395496129417,0.0003351244576528341,1
2026-08-20 23:00:00+00:00,1.36358,1.36435,1.36357,1.3642699999999999,1053,1.3633220000000001,1.3631790000000001,1.3630145,1.3597986,1.3631894295501705,1.3622217356207083,0.0009676939294622766,0.0011273255539892833,-0.00015963162452700664,46.55688622754397,1.3630145,1.3652313871014339,1.3607976128985662,0.0032529178544085362,0.0012514285714285542,0.0,0.0011447776856410297,0.0006894882383574608,0.0003089632140327554,1
2026-08-21 00:00:00+00:00,1.3642400000000001,1.36462,1.36371,1.36375,2125,1.3635059999999999,1.363242,1.363166,1.3600062,1.3632756711578367,1.3623349403895446,0.0009407307682920418,0.001090006596849835,-0.00014927582855779327,45.072463768115774,1.363166,1.36512136939557,1.3612106306044303,0.0028688646805595784,0.0011828571428571205,0.0,0.0006750658556093914,0.0004621750102706823,0.00033447284005245375,1
2026-08-21 01:00:00+00:00,1.36379,1.3648799999999999,1.36365,1.3644,2530,1.363792,1.3633190000000002,1.363364,1.3602222,1.3634486448258618,1.362487907768097,0.0009607370577648933,0.0010641526890328467,-0.00010341563126795342,59.968102073365024,1.363364,1.364917880033122,1.361810119966878,0.002279479336585194,0.001149285714285678,0.6234296642685221,0.001049179365649966,0.0005646693017899995,0.0003469723144171511,1
2026-08-21 02:00:00+00:00,1.36443,1.3655,1.36404,1.36483,1950,1.364168,1.3635,1.3635255000000002,1.360461,1.3636611610064986,1.3626613960815714,0.000999764924927149,0.0010512751362117072,-5.151021128455826e-05,55.887521968365135,1.3635255000000002,1.3649753562540232,1.3620756437459771,0.0021266287341498956,0.0010707142857142582,0.5235988746196536,0.0013793609450090116,0.0013279335593019415,0.0003052160548614984,0
2026-08-21 03:00:00+00:00,1.36484,1.36508,1.3642699999999999,1.36455,1611,1.36436,1.3636849999999998,1.3636305,1.3606907999999998,1.3637979054670373,1.3628012926681219,0.0009966127989153861,0.001040342668752443,-4.372986983705693e-05,61.867704280155806,1.3636305,1.3650563733240628,1.3622046266759371,0.002091289867838618,0.0009849999999999978,0.8507213995043952,0.0007040239368136803,0.0013575988845673237,0.0003013726798060281,1
2026-08-21 04:00:00+00:00,1.36455,1.3645800000000001,1.36392,1.36432,1252,1.36437,1.363846,1.363672,1.3608982,1.3638782277028776,1.3629137895075203,0.0009644381953572978,0.001025161774073414,-6.07235787161162e-05,61.62790697674544,1.363672,1.3651286378011163,1.3622153621988837,0.002136346278454448,0.000937857142857149,0.8835667480359093,3.6649636802277286e-05,0.0011814692781297875,0.00031454297482827405,1
2026-08-21 05:00:00+00:00,1.3643,1.36531,1.36402,1.36514,1779,1.364648,1.364077,1.3636925,1.3611271999999999,1.3640723465178193,1.3630786939884447,0.0009936525293745557,0.0010188599251336424,-2.5207395759086707e-05,63.80255941499085,1.3636925,1.3652215709251592,1.3621634290748408,0.002242545038796052,0.0008821428571428631,0.999999999994661,0.0010192483959670096,0.0016950023113668777,0.0003490324718121367,0
2026-08-21 06:00:00+00:00,1.36518,1.36521,1.36403,1.36491,2552,1.3647500000000001,1.364271,1.3637165,1.3613422000000002,1.3642012162843085,1.3632143462855968,0.0009868699987116702,0.001012461939849248,-2.5591941137577748e-05,68.56581532416598,1.3637165,1.3653080999892389,1.3621249000107611,0.002334209477173381,0.000862142857142859,0.9999999999957435,0.0003737906772207644,0.0014233622163364323,0.00036496421610245804,1
2026-08-21 07:00:00+00:00,1.3648799999999999,1.36531,1.3637299999999999,1.36405,3264,1.3645939999999999,1.364381,1.3637615,1.3615356,1.3641779522405686,1.3632762465607375,0.0009017056798310552,0.0009903106878456094,-8.860500801455415e-05,61.98934280639488,1.3637615,1.3653364656636047,1.3621865343363955,0.002309737683025367,0.0009114285714285789,0.7200709101826948,-0.0005714997472212602,0.0008070728933562421,0.0004387926815281095,1
2026-08-21 08:00:00+00:00,1.36406,1.36652,1.36351,1.36642,3224,1.364968,1.3646639999999999,1.3638745,1.3617626,1.3645228826650966,1.363509117185868,0.001013765479228601,0.0009950016461222077,1.8763833106393317e-05,73.21652065081497,1.3638745,1.3658445865595341,1.361904413440466,0.0028889557793389527,0.0010707142857142899,0.999999999996447,0.0013704151551794386,0.0020754038970658417,0.0006803272428040747,0
2026-08-21 09:00:00+00:00,1.36642,1.36755,1.36545,1.3654600000000001,3051,1.365196,1.364783,1.3639809999999999,1.3619607999999999,1.364667054562774,1.3636536270239517,0.0010134275388222758,0.0009986868246622213,1.474071416005451e-05,64.89241223103225,1.3639809999999999,1.3660547141861252,1.3619072858138745,0.003040678992046578,0.0011764285714285702,0.7042321064604526,0.0008355810953442067,0.000872261355890247,0.0007276194326801386,0
2026-08-21 10:00:00+00:00,1.36548,1.36661,1.36432,1.36483,2678,1.3651339999999998,1.3648909999999999,1.3640665,1.3621514,1.364692123091578,1.3637407657629184,0.0009513573286596966,0.0009892209254617162,-3.7863596802019655e-05,59.97854077253252,1.3640665,1.366131733770239,1.3620012662297611,0.0030280543803970373,0.00130071428571429,0.5296349800062724,-0.000227082936548606,0.0007919340054995949,0.000733776332453125,0
2026-08-21 11:00:00+00:00,1.36481,1.36648,1.36462,1.36569,3234,1.36529,1.36502,1.3641695,1.3623500000000002,1.3648456426159508,1.3638851534841836,0.0009604891317671616,0.0009834745667228052,-2.2985434955643657e-05,63.48425196850413,1.3641695,1.3663455754145806,1.3619934245854195,0.0031903299620472912,0.0014192857142857182,0.6541980879679465,0.000571466250522068,0.0009454705364995153,0.0007445348375768119,0
2026-08-21 12:00:00+00:00,1.36569,1.36596,1.36349,1.36432,3756,1.365344,1.3649689999999999,1.3642345,1.3625240000000003,1.364764774521189,1.3639173643372071,0.0008474101839819337,0.0009562616901746309,-0.00010885150619269722,53.35169880624384,1.3642345,1.3663426044115368,1.3621263955884633,0.0030905308604008306,0.0015450000000000186,0.2941734758640317,0.00019793995821260069,-0.00037367291164469574,0.0008145911530204872,1
2026-08-21 13:00:00+00:00,1.3643399999999999,1.3647,1.36337,1.36438,3620,1.3649360000000001,1.3649520000000002,1.3643185,1.3627068,1.3647055784410063,1.3639516336455624,0.0007539447954438838,0.0009157983112284815,-0.00016185351578459765,50.535540408958404,1.3643185,1.3662991886095075,1.3623378113904925,0.00290355750436208,0.0015842857142857364,0.19411119951869835,-0.0014929523865283567,-0.00012458319592545397,0.0008126869856996294,1
2026-08-21 14:00:00+00:00,1.36436,1.3644,1.36181,1.3624100000000001,4057,1.364326,1.3647610000000001,1.3643035000000001,1.3627658,1.3643524125270055,1.363837438560706,0.0005149739662995145,0.0008356334422426881,-0.0003206594759431736,44.28327645051236,1.3643035000000001,1.3663392569391266,1.3622677430608736,0.0029843168167881973,0.0017042857142857454,0.0,-0.002233679492625207,-0.0013999648176379331,0.000931358136831563,1
2026-08-21 15:00:00+00:00,1.3624,1.36417,1.36218,1.36415,3353,1.36419,1.364662,1.3643695,1.3628141999999999,1.3643212721382354,1.3638605912599129,0.0004606808783225169,0.0007606429294586539,-0.00029996205113613696,49.02419984387163,1.3643695,1.3662862239044071,1.362452776095593,0.0028096844797646293,0.0017585714285714823,0.163857304093583,-0.0004982305488595573,-0.000725200345752075,0.0010121433253986278,1
2026-08-21 16:00:00+00:00,1.36414,1.36464,1.3636300000000001,1.36417,2761,1.363886,1.3645880000000001,1.3644295000000002,1.3628803999999999,1.3642979995015838,1.3638835104258455,0.0004144890757382669,0.0006914121587145765,-0.0002769230829763096,47.338709677419814,1.3644295000000002,1.3662335827963956,1.3626254172036047,0.0026444500011109902,0.0017264285714286207,0.1056028562073567,-0.0011129905029692022,-0.0005421602889567056,0.0010118621357944493,0
2026-08-21 17:00:00+00:00,1.36421,1.3649499999999999,1.36391,1.36482,1995,1.3639860000000001,1.364665,1.364523,1.3629636000000003,1.3643783072705709,1.363952880023931,0.00042542724663996445,0.0006382151762996542,-0.0002127879296596897,51.057165231010174,1.364523,1.3661930847754828,1.362852915224517,0.0024478660681907394,0.001742857142857173,0.2341213012125185,0.0003664829365543909,0.0005644954363841492,0.0010022956346633974,0
2026-08-21 18:00:00+00:00,1.36484,1.36536,1.36482,1.3651200000000001,1472,1.3641340000000002,1.364535,1.3645995000000002,1.3630464,1.3644924138443293,1.3640393333554914,0.0004530804888378537,0.0006011882388072941,-0.00014810774996944047,53.11526479750832,1.3645995000000002,1.3662293204613531,1.3629696795386472,0.0023887161930705083,0.0017342857142857357,0.30525399384259366,0.000542370893739319,-0.0009513912267090641,0.00081739515635429,1
2026-08-21 19:00:00+00:00,1.36514,1.36526,1.36452,1.36468,1737,1.364588,1.364457,1.36462,1.3631579999999999,1.364521273252894,1.3640867901439735,0.00043448310892046926,0.0005678472128299291,-0.00013336410390945989,48.154093097912835,1.36462,1.3662426683675295,1.3629973316324704,0.0023781981321240437,0.0016950000000000179,0.13378439764962863,0.0016661651044838077,-0.0005712360669666294,0.0007945088642247462,1
2026-08-21 20:00:00+00:00,1.36469,1.36482,1.36415,1.36441,1498,1.36464,1.364415,1.3646530000000001,1.3632334,1.3645041542909102,1.3641107316147902,0.00039342267611996995,0.0005329623054879374,-0.0001395396293679674,47.99999999999936,1.3646530000000001,1.3662272948294165,1.3630787051705837,0.0023072456212918603,0.0016585714285714457,0.12845858292777557,0.0001905948759299836,-0.00030773063311917426,0.0007838997853564134,1
2026-08-23 21:00:00+00:00,1.36286,1.3637000000000001,1.36245,1.36345,389,1.364496,1.364191,1.3646055000000001,1.363288,1.3643419767076932,1.364061788532213,0.00028018817548014496,0.0004824074794863789,-0.00020221930400623393,47.61904761904786,1.3646055000000001,1.3662668561357907,1.3629441438642096,0.0024349251645117186,0.0016857142857142904,0.11529198542101558,-0.0005277934568272968,-0.0016401965306914734,0.0007723888217894467,1
2026-08-23 22:00:00+00:00,1.36355,1.3646099999999999,1.36355,1.3642400000000001,922,1.3643800000000001,1.3641830000000001,1.364576,1.3633614,1.3643262879834326,1.3640749893816786,0.0002512986017539909,0.00043618570393990134,-0.00018488710218591046,40.10889292196078,1.364576,1.3662415190433057,1.3629104809566943,0.002441079197209531,0.001553571428571424,0.0,-0.00042496446417827904,-5.8637269848560436e-05,0.0007428835437648187,1
2026-08-23 23:00:00+00:00,1.3642400000000001,1.3654,1.36423,1.36534,1041,1.364424,1.364279,1.3646155,1.363458,1.364482243678289,1.3641686938719246,0.00031354980636444374,0.0004116585244248098,-9.810871806036607e-05,49.462365591397315,1.3646155,1.3663155368415303,1.3629154631584697,0.0024915983169329467,0.0014871428571428455,0.40014241709710435,0.00016115799343641157,0.0007036162945808222,0.0007863793086897193,0
2026-08-24 00:00:00+00:00,1.36535,1.36558,1.3649,1.3654600000000001,2493,1.3645800000000001,1.3645840000000002,1.3646725,1.363561,1.364632667727783,1.364264346177708,0.00036832155007493483,0.0004029911295548348,-3.466957947989997e-05,52.95774647887384,1.3646725,1.3664069178454334,1.3629380821545665,0.002541881433726391,0.0013721428571428376,0.5496751314610555,0.0005715625641178335,0.0022386799862008644,0.0005809472465032678,0
2026-08-24 01:00:00+00:00,1.3654899999999999,1.36559,1.36412,1.36477,2606,1.3646520000000002,1.364646,1.364654,1.3636568,1.3646537957696623,1.3643018020163964,0.000351993753265889,0.00039279165429704566,-4.0797901031156664e-05,45.61068702290063,1.364654,1.3663752651404162,1.3629327348595839,0.0025226396440653095,0.0013442857142857026,0.4154553158124887,0.00026385030892472905,0.00045449547337184093,0.00048783377243727405,0
2026-08-24 02:00:00+00:00,1.36477,1.3652,1.36452,1.3649200000000001,1928,1.3649460000000002,1.3647209999999999,1.3646544999999999,1.3637568,1.3646947502666373,1.3643475944596264,0.00034715580701094595,0.00038366448483982576,-3.6508677828879814e-05,53.239740820735165,1.3646544999999999,1.3663760840317418,1.362932915968258,0.0025231060781200527,0.0012164285714285628,0.9999999999923843,0.0010781473468042257,0.0005497848508617675,0.00048809349238664837,0
2026-08-24 03:00:00+00:00,1.36494,1.36502,1.36432,1.36452,1541,1.365002,1.364691,1.364678,1.3638326,1.3646678656102316,1.3643603652403948,0.0003075003698367329,0.00036843166183920726,-6.0931292002474355e-05,50.72916666666679,1.364678,1.3663775305851695,1.3629784694148306,0.0024907422632583992,0.0011714285714285535,0.8088033481536568,0.0002052424793290708,-0.00021980920560948913,0.00047475231933195866,0
2026-08-24 04:00:00+00:00,1.3645100000000001,1.36475,1.36406,1.36474,2047,1.3648820000000002,1.3646530000000001,1.3645939999999999,1.363918,1.3646789632086573,1.364388486333699,0.000290476874958312,0.00035284070446302827,-6.236382950471628e-05,64.84076433120873,1.3645939999999999,1.366084184022346,1.3631038159776536,0.0021840694336135755,0.001035714285714251,0.9999999999959567,-0.00043945097924324994,-0.0002783638068448724,0.0004717908789893962,0
2026-08-24 05:00:00+00:00,1.36477,1.36477,1.36384,1.36435,1886,1.36466,1.36462,1.3645385,1.3639777999999998,1.3646283534842485,1.364385635494166,0.00024271799008257489,0.0003308161615869376,-8.809817150436274e-05,51.53846153846118,1.3645385,1.3659745805575685,1.3631024194424317,0.0021048589798945013,0.0009599999999999609,0.4621392545402101,-0.000812912864529336,-0.0002418149309727502,0.000469390848441684,0
2026-08-24 06:00:00+00:00,1.36435,1.3646,1.36372,1.36432,2575,1.36457,1.364611,1.364513,1.3640497999999999,1.3645809144866718,1.3643807736057092,0.00020014088096265148,0.0003046811054620804,-0.00010454022449942895,51.152073732717795,1.364513,1.3659453936534185,1.3630806063465817,0.0020994943300919914,0.0009507142857142492,0.44651618262025267,-0.0003297258878786069,-6.596257723112675e-05,0.0004654350234090668,0
2026-08-24 07:00:00+00:00,1.36432,1.3648799999999999,1.36317,1.36324,2995,1.3642340000000002,1.3645900000000002,1.3643905,1.3641058,1.3643746199502607,1.3642962718571383,7.834809312234903e-05,0.00025941450299413416,-0.00018106640987178513,38.61671469740832,1.3643905,1.3658181144988422,1.362962885501158,0.0020926772780110975,0.0009985714285713884,0.0,-0.0012308413679923413,-0.0001540210495434291,0.0004806628495975749,1
2026-08-24 08:00:00+00:00,1.36328,1.36392,1.3620700000000001,1.36212,2946,1.3637540000000001,1.3643779999999999,1.3642805,1.3641162,1.364027755342528,1.3641350665343874,-0.00010731119185947158,0.000186069364023413,-0.0002933805558828846,30.6701030927844,1.3642805,1.3660330377087144,1.3625279622912856,0.002569175046794877,0.0010921428571428113,0.0,-0.0017588602585524304,-0.0015539787720636467,0.0004920985862472048,1
2026-08-24 09:00:00+00:00,1.36213,1.3633899999999999,1.36213,1.3633899999999999,2069,1.3634840000000001,1.3641830000000001,1.364231,1.364135,1.3639296391359854,1.364079876420729,-0.00015023728474350406,0.00011880803427002958,-0.00026904531901353367,42.491268917345955,1.364231,1.3660270881467773,1.3624349118532226,0.002633114401853266,0.0011299999999999485,0.34594489530200423,-0.000989199407945951,-0.001428215682540701,0.0005202795923408288,0
2026-08-24 10:00:00+00:00,1.36335,1.36353,1.36252,1.36257,1951,1.3631280000000001,1.363894,1.364239,1.3641166,1.3637204638842955,1.3639680337228974,-0.0002475698386019687,4.5532459695629914e-05,-0.0002931022982975986,39.93435448577784,1.364239,1.3660020583473773,1.3624759416526226,0.0025846766547171474,0.0011542857142856633,0.27111712379006675,-0.0013046505662036578,-0.002116502863503955,0.0005318568984806673,1
2026-08-24 11:00:00+00:00,1.36254,1.36406,1.36224,1.36381,3154,1.363026,1.3637979999999998,1.364222,1.3640982,1.363734238671327,1.3639563275212014,-0.00022208884987451327,-7.991802218398737e-06,-0.00021409704765611452,51.91082802547722,1.364222,1.3659951993088453,1.3624488006911548,0.002599575888448112,0.0011442857142856771,0.6216070793721084,-0.000373812595285572,-0.0007034152274743022,0.0006251831594221833,0
2026-08-24 12:00:00+00:00,1.36383,1.3647,1.3631199999999999,1.36425,3283,1.363228,1.363731,1.364226,1.3640946,1.3638135865680459,1.3639780810381494,-0.0001644944701035822,-3.9292335795435446e-05,-0.00012520213430814676,50.05512679161987,1.364226,1.36599906632982,1.3624529336701798,0.002599373314714872,0.0011742857142856991,0.5673002217756502,0.0007408820163727903,-0.000490871259854142,0.0006355250396842516,0
2026-08-24 13:00:00+00:00,1.36425,1.36496,1.36377,1.36405,3456,1.3636139999999999,1.363684,1.3641875,1.3641126,1.3638499578652696,1.3639834083686568,-0.00013345050338720021,-5.812396931378841e-05,-7.532653407341181e-05,42.10526315789488,1.3641875,1.365939573958859,1.3624354260411413,0.002568670302079136,0.00117571428571428,0.3346484864688065,0.0014169089360702714,-0.00034444346729978204,0.000630944709612441,0
2026-08-24 14:00:00+00:00,1.36407,1.3643,1.36322,1.36338,3276,1.3636119999999998,1.363548,1.3641005,1.364097,1.3637776566552282,1.36393871145246,-0.0001610547972317189,-7.871013489737452e-05,-8.234466233434438e-05,38.07339449541246,1.3641005,1.3658302699875837,1.3623707300124162,0.002536132766733514,0.0012042857142857053,0.21665636936172353,-7.334658461477517e-06,-0.000996526810967624,0.000642115160969892,0
2026-08-24 15:00:00+00:00,1.36338,1.36447,1.36285,1.36295,3102,1.363688,1.3634080000000002,1.364014,1.3640894000000001,1.3636503248621161,1.3638654735670925,-0.00021514870497640892,-0.0001059978489131814,-0.00010915085606322752,39.243498817967186,1.364014,1.3657940461257925,1.3622339538742076,0.0026100115186389753,0.0012149999999999978,0.25089932165307516,0.00027888475454473927,-0.0010261296588117697,0.000643137452835734,1
2026-08-24 16:00:00+00:00,1.36294,1.36374,1.36284,1.3634,2779,1.363606,1.363316,1.3639635,1.364095,1.3636118133448676,1.3638309940436042,-0.00021918069873660961,-0.00012863441887786707,-9.054627985874254e-05,41.3242009132406,1.3639635,1.3657535223460684,1.3621734776539318,0.0026247364332964733,0.0012307142857142755,0.3117908004789989,-0.0003006283866521242,-0.0006743286032602214,0.0006575147282913135,0
2026-08-24 17:00:00+00:00,1.36344,1.3637000000000001,1.36245,1.36288,2790,1.363332,1.36328,1.3639350000000001,1.36408,1.3634992266764265,1.3637605500403744,-0.00026132336394790734,-0.00015517220789187513,-0.00010615115605603221,40.765765765765835,1.3639350000000001,1.3657768468990188,1.3620931531009814,0.0027007839802023893,0.0012700000000000092,0.2954482678140125,-0.0010042147700201065,-0.00026407675831097155,0.0006189698856473972,1
2026-08-24 18:00:00+00:00,1.36287,1.36344,1.36243,1.3631,1894,1.363142,1.363378,1.3638780000000001,1.3640816,1.3634378071877455,1.3637116204077542,-0.00027381322000863406,-0.00017890041031522693,-9.491280969340713e-05,40.76576576576436,1.3638780000000001,1.3657504102113125,1.3620055897886878,0.002745715102541939,0.0012928571428571592,0.47529746300671744,-0.000696455408526031,0.0007194667136523059,0.0005531873927639053,1
2026-08-24 19:00:00+00:00,1.3630900000000001,1.3631199999999999,1.36245,1.3627500000000001,1379,1.363016,1.363314,1.3637485,1.3640826000000001,1.3633319906973231,1.3636403892664388,-0.00030839856911568653,-0.00020480004207531886,-0.00010359852704036767,40.95022624434371,1.3637485,1.3655521603132925,1.3619448396867075,0.0026451509399166894,0.0012742857142857198,0.48398174657815857,-0.0004620868723319571,-0.000469418141544109,0.0004691290277996793,1
2026-08-24 20:00:00+00:00,1.36274,1.36313,1.3627,1.36301,627,1.3630280000000001,1.363358,1.363626,1.3640885999999997,1.3632824536669659,1.363593693765221,-0.0003112400982552277,-0.00022608805331130065,-8.515204494392704e-05,42.77839029768414,1.363626,1.3652655557804874,1.3619864442195126,0.0024047000871021177,0.0012421428571428583,0.5700505629262292,4.4022157819290086e-05,0.0003229191894729144,0.00043035905609159025,1
2026-08-24 21:00:00+00:00,1.36297,1.3632,1.36273,1.3632,754,1.362988,1.363297,1.3635475,1.3640960000000002,1.3632697684874329,1.3635645312640934,-0.00029476277666051764,-0.00023982299798114406,-5.493977867937358e-05,49.7555012224936,1.3635475,1.3651047022819163,1.3619902977180836,0.0022840455237772925,0.0011535714285714363,0.898528566708376,-0.00014669209329620791,-0.0004472763801409707,0.0003070708935360661,0
2026-08-24 22:00:00+00:00,1.36328,1.3634,1.36313,1.36338,430,1.363088,1.36321,1.3634705,1.3641042,1.3632867271816738,1.363550862281568,-0.0002641350998942027,-0.0002446854183637558,-1.9449681530446874e-05,58.70165745856524,1.3634705,1.3648879770023077,1.3620530229976924,0.0020792191724098973,0.0010407142857142995,0.9999999999951523,0.00036687015731384776,-0.0006377130291368438,0.000286998363917905,0
2026-08-24 23:00:00+00:00,1.36338,1.36378,1.3633199999999999,1.36374,731,1.363216,1.3631790000000001,1.3634315,1.36412,1.363356461461416,1.3635648724829335,-0.00020841102151747393,-0.00023743053899449943,2.9019517477025505e-05,52.7646129541875,1.3634315,1.3647680040805532,1.3620949959194466,0.001960500517339232,0.0009828571428571742,0.7121888297112557,0.0004695180104175023,-0.00022726439646647556,0.00030277230767275764,0
2026-08-25 00:00:00+00:00,1.3637299999999999,1.36403,1.36357,1.3639000000000001,1816,1.3634460000000002,1.363231,1.3633894999999998,1.3641262,1.3634400827750441,1.363589696743457,-0.00014961396841295382,-0.00021986722487819034,7.025325646523652e-05,61.72839506173057,1.3633894999999998,1.364599693111806,1.3621793068881936,0.0017752712805933406,0.0009435714285714722,0.9999999999957726,0.0008438818565401629,0.000381405037480409,0.00025563111415551347,0
2026-08-25 01:00:00+00:00,1.3639000000000001,1.36396,1.36307,1.36319,2081,1.3634819999999999,1.3632549999999999,1.3633315,1.3641046000000001,1.3634016085019605,1.363560089577275,-0.000158481075314576,-0.0002075899949654675,4.910891965089151e-05,43.968871595329496,1.3633315,1.364456026098769,1.3622069739012308,0.001649673756924297,0.0008771428571428938,0.24922751886493583,0.00013206065986293147,0.00017608863127760443,0.0002927062383980623,0
2026-08-25 02:00:00+00:00,1.36319,1.36356,1.36292,1.36317,1953,1.363476,1.363232,1.363274,1.364093,1.3633659764247357,1.3635311940530326,-0.00016521762829690978,-0.00019911552163175597,3.389789333484619e-05,38.55932203389715,1.363274,1.3642988984542634,1.3622491015457368,0.0015035839519617412,0.0008100000000000408,0.02054227549563214,-2.2007042253524567e-05,-0.00016869590729051698,0.00027132939190778856,1
2026-08-25 03:00:00+00:00,1.36316,1.36333,1.3628,1.36287,1417,1.363374,1.363231,1.3632555,1.3640624,1.3632896723593917,1.363482216715771,-0.00019254435637927614,-0.00019780128858126004,5.256932201983905e-06,37.75933609958392,1.3632555,1.364296217869385,1.362214782130615,0.001526812647203664,0.0007628571428571762,0.0,-0.00037407032522118744,-7.337403146290278e-06,0.0002513020443016882,1
2026-08-25 04:00:00+00:00,1.36285,1.36288,1.36233,1.36259,1400,1.363144,1.36318,1.363279,1.3640176,1.363182030457947,1.363416126588677,-0.00023409613073011037,-0.00020506025701103013,-2.903587371908025e-05,41.08352144469346,1.363279,1.3642290337941212,1.3623289662058786,0.0013937481529771758,0.0007250000000000391,0.1386865187467485,-0.0008432692448706591,-0.0003741471645514194,0.0002517823832676174,1
2026-08-25 05:00:00+00:00,1.36258,1.36287,1.3621699999999999,1.36227,1402,1.3628179999999999,1.363132,1.363223,1.3639720000000002,1.3630417180798013,1.3633312283228491,-0.00028951024304779693,-0.00022195025421838351,-6.755998882941342e-05,42.12962962962844,1.363223,1.364272332619724,1.3621736673802762,0.0015394878456772541,0.0006592857142857511,0.18233062620139204,-0.0011951022802257905,-0.00035222894881670186,0.000249747434987343,1
2026-08-25 06:00:00+00:00,1.36225,1.36284,1.3621699999999999,1.36273,2115,1.3627259999999999,1.363104,1.363231,1.3639402,1.3629937614521397,1.363286692891527,-0.0002929314393873561,-0.00023614649125217805,-5.678494813517805e-05,42.26327944572719,1.363231,1.3642616441519113,1.3622003558480889,0.001512060908109089,0.000642857142857199,0.18790655708417153,-0.0003374437899338334,-0.00020542769312037468,0.00026815589384439483,1
2026-08-25 07:00:00+00:00,1.36274,1.36445,1.36274,1.3638,2399,1.362852,1.363164,1.3632305,1.3639134000000002,1.3631177981518106,1.363324715640303,-0.00020691748849244185,-0.0002303006907002308,2.3383202207788955e-05,59.42622950819564,1.3632305,1.3642599704819138,1.3622010295180862,0.00151033956754022,0.0006764285714286096,0.9039526100185642,0.0004621580580557172,0.0004401408450702693,0.00036954121727812846,0
2026-08-25 08:00:00+00:00,1.36382,1.36419,1.36283,1.36408,3031,1.3630939999999998,1.3632339999999998,1.363222,1.3638968,1.363265829205378,1.3633806626299103,-0.00011483342453222356,-0.0002072072374666294,9.237381293440583e-05,59.91902834008134,1.363222,1.3642183005250876,1.3622256994749122,0.001461684927455251,0.0007014285714286147,0.9245124005661156,0.0008878322950831574,0.000513429858146619,0.0003721960163342607,1
2026-08-25 09:00:00+00:00,1.36411,1.3649499999999999,1.3639299999999999,1.36423,2884,1.363422,1.363283,1.363231,1.3639004,1.3634141631737815,1.3634435765091761,-2.9413335394634643e-05,-0.00017164845705223045,0.0001422351216575958,65.6118143459909,1.363231,1.3642614602954508,1.3622005397045494,0.001511791171783403,0.0007264285714286199,0.9999999999964098,0.0012035902215634664,0.00035930602607536777,0.0003655441182580472,0
2026-08-25 10:00:00+00:00,1.36422,1.36428,1.36307,1.36325,2116,1.363618,1.363218,1.3632245,1.363837,1.363388907300892,1.3634292375084964,-4.033020760441097e-05,-0.00014538480716266657,0.0001050545995582556,52.19780219780236,1.3632245,1.3642526403751565,1.3621963596248436,0.001508394802406231,0.0007821428571429058,0.5183907144790318,0.0007193874929345423,-0.00047657452892446717,0.000433996631759789,1
2026-08-25 11:00:00+00:00,1.36324,1.36372,1.3627099999999999,1.3632,2349,1.363712,1.363219,1.363237,1.3637918,1.3633598446392163,1.3634122569523115,-5.241231309516259e-05,-0.00012679030834916578,7.437799525400319e-05,50.0,1.363237,1.3642571362135443,1.3622168637864558,0.0014966380952750587,0.0008207142857143492,0.43948203790272067,0.00034489590747988075,7.3357345637958815e-06,0.0004011329451046239,1
2026-08-25 12:00:00+00:00,1.36319,1.36365,1.36258,1.36355,2473,1.3636620000000002,1.3632570000000002,1.3632445,1.3637662,1.363389099310106,1.3634224601410292,-3.336083092309039e-05,-0.00010810441286395069,7.47435819408603e-05,51.54826958105643,1.3632445,1.3642718619766305,1.3622171380233694,0.0015072306935851325,0.0008778571428572159,0.4950702540518744,-0.00018331133597293547,0.0002787620032718152,0.0004090733499678655,1
2026-08-25 13:00:00+00:00,1.36357,1.36528,1.36338,1.3642699999999999,3422,1.3637000000000001,1.363397,1.3633140000000001,1.3637378,1.3635246224931665,1.3634852408713236,3.938162184291549e-05,-7.860720592257745e-05,0.00011798882776549295,54.52991452991373,1.3633140000000001,1.3644224061574945,1.3622055938425057,0.001626046761779623,0.0009807142857143506,0.602121587957188,0.00013928801829798942,0.0010272439777820885,0.000426702119483068,1
2026-08-25 14:00:00+00:00,1.36426,1.36437,1.3627,1.36324,3698,1.363502,1.363462,1.363321,1.3637161999999998,1.3634808344172948,1.3634670748808553,1.3759536439561515e-05,-6.013385745014966e-05,7.389339388971118e-05,45.08928571428481,1.363321,1.3644254770134001,1.3622165229866,0.0016202743350980538,0.0010671428571429173,0.2631704636775062,-0.0007256840855280888,0.0004770327097660676,0.0004999113129807173,1
2026-08-25 15:00:00+00:00,1.36324,1.36396,1.36298,1.3639299999999999,3273,1.363638,1.3636279999999998,1.3633799999999998,1.3637072000000001,1.363549936814634,1.3635013656304213,4.857118421264239e-05,-3.839284911759125e-05,8.696403333023365e-05,55.52238805970164,1.3633799999999998,1.36448211280322,1.3622778871967796,0.0016167360577685702,0.0010735714285714832,0.637754809568711,0.0004988079955985381,0.0012185543247664743,0.0005082081102651307,1
2026-08-25 16:00:00+00:00,1.36394,1.36409,1.3632,1.36348,1922,1.3636940000000002,1.3637029999999999,1.3634035,1.3637286,1.3635391773046903,1.3634997829911308,3.9394313559482086e-05,-2.283541658217658e-05,6.222973014165866e-05,52.17391304347866,1.3634035,1.3644923579238768,1.3623146420761232,0.0015972643812001467,0.0010914285714286162,0.5175330114727762,0.00020539906103289596,0.0005503658098082731,0.0005204174416203142,1
2026-08-25 17:00:00+00:00,1.36347,1.36444,1.36333,1.36437,1745,1.363858,1.3637599999999999,1.363462,1.363733,1.3636669961808918,1.3635642435103064,0.00010275267058545978,2.2822008513506998e-06,0.00010047046973410908,59.71502590673675,1.363462,1.3646278220499166,1.3622961779500833,0.0017100910035140913,0.0011328571428572051,0.7595923832506831,0.0006013714201900111,0.00041794984601861707,0.0005011001850007387,1
2026-08-25 18:00:00+00:00,1.36437,1.36465,1.36417,1.3645800000000001,1453,1.36392,1.36381,1.3635220000000001,1.3637412,1.3638074583069084,1.363639484731765,0.00016797357514342082,3.5420475709764735e-05,0.00013255309943365607,63.00653594771432,1.3635220000000001,1.364789165921702,1.3622548340782983,0.001858665898609396,0.0011278571428571884,0.8890529808093148,0.00022722774817318658,0.00036654741657393686,0.0004994990727689107,0
2026-08-25 19:00:00+00:00,1.3645800000000001,1.36539,1.36432,1.3652199999999999,1975,1.364316,1.363909,1.363596,1.3637491999999998,1.364024772413538,1.3637565599368195,0.0002682124767183769,8.197887591148719e-05,0.0001862336008068897,68.50690087829373,1.363596,1.3650723596764247,1.3621196403235754,0.002165391621014841,0.0011542857142857585,0.9999999999961896,0.0014524221707108431,0.0007256840855278668,0.0005179105516633983,0
2026-08-25 20:00:00+00:00,1.36521,1.3654600000000001,1.36474,1.36474,1313,1.364478,1.364058,1.3636380000000001,1.3637416000000002,1.3641348074268398,1.3638294073489072,0.0003054000779325605,0.00012666311631570187,0.00017873696161685866,62.578222778474654,1.3636380000000001,1.3651962932632118,1.3620797067367885,0.0022854940434509203,0.0011578571428571788,0.746828271864093,0.0005938721195370977,0.0010929763432971917,0.0004660606831794342,0
2026-08-25 21:00:00+00:00,1.36472,1.36489,1.36443,1.3645800000000001,1267,1.364698,1.364196,1.3637075,1.3637395999999997,1.3642032985919412,1.3638850068045438,0.0003182917873973956,0.00016498885053204063,0.00015330293686535498,55.508474576273315,1.3637075,1.3653051545306893,1.3621098454693108,0.002343104413064054,0.001067857142857176,0.44492954508696103,0.0008067591750522407,0.00101232394366213,0.00046954837760195385,0
2026-08-25 22:00:00+00:00,1.36465,1.36497,1.36459,1.3649499999999999,746,1.364814,1.364336,1.3637965,1.3637504,1.3643181757316425,1.3639638951893924,0.0003542805422500628,0.00020284718887564505,0.00015143335337441773,56.06694560669489,1.3637965,1.3654648338677153,1.3621281661322848,0.002446602359978567,0.0009985714285714517,0.46877787577767605,0.00042510462704381524,0.0010267316930070436,0.0004700997558795783,0
2026-08-25 23:00:00+00:00,1.3649499999999999,1.36496,1.36442,1.3645399999999999,759,1.364806,1.364363,1.36388,1.3637722000000003,1.364352302542159,1.3640065696198078,0.0003457329223510719,0.00023142433557073045,0.00011430858678034144,52.08613728129109,1.36388,1.3655200128367453,1.3622399871632547,0.0024049224810764997,0.000964285714285735,0.2987858292987076,-2.931304870379403e-05,0.00019790803873132035,0.00045970064400030594,0
2026-08-26 00:00:00+00:00,1.36455,1.36487,1.36438,1.36449,1829,1.36466,1.3644880000000001,1.363975,1.3637772,1.3643734867664419,1.3640423792776,0.00033110748884190855,0.0002513609662249661,7.974652261694246e-05,59.538461538462535,1.363975,1.3655176088631555,1.3624323911368443,0.0022619312863587726,0.0009128571428571755,0.6170216618096661,-0.0005347123540527798,0.0009169331885801046,0.00037313950247326404,0
2026-08-26 01:00:00+00:00,1.36447,1.36474,1.3643399999999999,1.36443,2095,1.3645980000000002,1.364538,1.364083,1.363759,1.3643821811100663,1.3640710919237036,0.0003110891863626897,0.00026330661025251084,4.7782576110178834e-05,59.44700460829734,1.364083,1.3654104447156485,1.3627555552843513,0.0019462814442355882,0.000869285714285747,0.6131161859734517,-0.00022714949367652615,0.0003665877281093799,0.0003447213392077205,0
2026-08-26 02:00:00+00:00,1.36444,1.36473,1.36392,1.3639700000000001,1762,1.3644760000000002,1.364587,1.3641450000000002,1.3637292000000003,1.3643187686315945,1.364063603633059,0.00025516499853561747,0.0002616782879091322,-6.513289373514717e-06,53.172205438067834,1.3641450000000002,1.3653125705769027,1.3629774294230976,0.0017117983453409018,0.0008507142857143078,0.34516408554579603,-0.0004470239927303332,0.0003593745416141658,0.00034557962741339125,0
2026-08-26 03:00:00+00:00,1.3639700000000001,1.36413,1.3636,1.36368,1456,1.364222,1.364518,1.364139,1.3637074,1.3642204965344262,1.3640351885491284,0.00018530798529781123,0.000246404227386868,-6.109624208905677e-05,45.234248788368475,1.364139,1.3653152366390298,1.3629627633609702,0.0017245114156691813,0.0007528571428571741,0.006190343169779329,-0.0009304370123447425,-0.0005057279183799945,0.00027514788361720046,0
2026-08-26 04:00:00+00:00,1.36368,1.3637000000000001,1.36314,1.36325,1094,1.363964,1.364385,1.3640975,1.363674,1.364071189375284,1.3639770264343782,9.416294090569544e-05,0.00021595597009063346,-0.00012179302918493803,50.089445438283256,1.3640975,1.3653392453758182,1.3628557546241817,0.0018206108812870432,0.0006735714285714638,0.20862240500710857,-0.0009453735324723711,-0.0009746588693957392,0.0002764128103013468,0
2026-08-26 05:00:00+00:00,1.36325,1.36367,1.3630200000000001,1.36346,1487,1.363758,1.364209,1.364059,1.3636528,1.363977160240625,1.3639387281799797,3.843206064524374e-05,0.0001804511882015555,-0.00014201912755631177,45.4011741682967,1.364059,1.3653308308392353,1.3627871691607645,0.0018647739419415624,0.0006500000000000236,0.007172598089917217,-0.0007548607904785953,-0.0012891695111409973,0.0002160437920480977,0
2026-08-26 06:00:00+00:00,1.36346,1.36351,1.36247,1.3632,2159,1.3635119999999998,1.364055,1.3640564999999998,1.3636220000000001,1.3638575971266829,1.363884007574055,-2.6410447372171575e-05,0.0001390788610868101,-0.00016548930845898167,47.154471544714234,1.3640564999999998,1.365335204525126,1.3627777954748737,0.0018748556604893255,0.0006607142857143002,0.08250983811031888,-0.000901475341351432,-0.0011284200653605136,0.00020323351438554136,0
2026-08-26 07:00:00+00:00,1.36324,1.36405,1.36301,1.36316,2273,1.36335,1.363913,1.3640545,1.3635982000000002,1.3637502744918086,1.3638303773833842,-8.010289157556194e-05,9.524251055433567e-05,-0.00017534540212989761,35.13513513512925,1.3640545,1.3653389572884047,1.3627700427115952,0.0018832932091859397,0.0006557142857142832,0.0,-0.0005938547035493347,-0.0010406132289789705,0.00020491781569207976,0
2026-08-26 08:00:00+00:00,1.36313,1.36368,1.36261,1.36285,2117,1.363184,1.3637029999999999,1.3640195,1.3635688,1.363611770723838,1.3637577568364672,-0.0001459861126291706,4.699678591763441e-05,-0.000192982898546805,29.256594724212363,1.3640195,1.3653966438786775,1.3626423561213223,0.002019243681893991,0.0006978571428571469,0.0,-0.0006086471899566792,-0.0015385178944283817,0.00015897981602530905,0
2026-08-26 09:00:00+00:00,1.36286,1.36297,1.36226,1.36266,1739,1.3630659999999999,1.363515,1.3639389999999998,1.3635572000000002,1.363465344458632,1.3636764415152474,-0.00021109705661537248,-4.621982588966978e-06,-0.0002064750740264055,15.59139784945505,1.3639389999999998,1.3654373766652623,1.3624406233347373,0.002197131492335853,0.0006721428571428513,0.0,-0.00043278929029899604,-0.0013777536752310748,0.00015042521344827472,0
2026-08-26 10:00:00+00:00,1.36266,1.36266,1.36167,1.36202,1621,1.362778,1.3632680000000001,1.3638780000000001,1.3635552000000002,1.3632429837726885,1.3635537421437476,-0.00031075837105909443,-6.584926028299249e-05,-0.0002449091107761019,14.948453608239632,1.3638780000000001,1.3655814899160732,1.362174510083927,0.0024980092296716465,0.0006914285714285651,0.0,-0.0010561365936659906,-0.0018102001480406749,0.0001778760913445619,0
2026-08-26 11:00:00+00:00,1.36203,1.3630200000000001,1.36198,1.36285,1941,1.362708,1.36311,1.363824,1.3635444,1.3631825247307363,1.3635016130960627,-0.00031908836532634766,-0.00011649708129166354,-0.00020259128403468413,30.989010989004967,1.363824,1.3655879477255222,1.3620600522744777,0.0025867673915728738,0.0007328571428571541,0.35973434689293127,-0.00025674882629111995,-0.001157992714906686,0.0003069943336765468,0
2026-08-26 12:00:00+00:00,1.36287,1.36352,1.36066,1.36067,3524,1.36221,1.3627799999999999,1.3636835,1.3635064,1.362795982464469,1.3632918639778355,-0.0004958815133664363,-0.00019237396770661812,-0.00030350754565981817,16.35220125785895,1.3636835,1.365941317063929,1.3614256829360711,0.003311350564744551,0.0009092857142857394,0.0314812155183475,-0.0018266381055781489,-0.002419408051496763,0.0005618844865130706,0
2026-08-26 13:00:00+00:00,1.36064,1.3608799999999999,1.36015,1.36018,3544,1.3616759999999999,1.3624299999999998,1.363474,1.3634338,1.3623935236237814,1.363061355535033,-0.0006678319112516373,-0.00028746555641562206,-0.00038036635483601526,16.149068322978493,1.363474,1.366193894734702,1.360754105265298,0.003989653979030068,0.0009228571428571618,0.0269256447905316,-0.0019591297648310357,-0.0025665845359615913,0.0005629605802129887,0
2026-08-26 14:00:00+00:00,1.36019,1.36026,1.35826,1.35873,3808,1.36089,1.3619780000000001,1.3631815,1.3633234,1.3618299046047382,1.3627405143842901,-0.0009106097795519297,-0.0004120944010428836,-0.0004985153785090461,13.265306122446262,1.3631815,1.3665753289197144,1.3597876710802856,0.004979276669635559,0.0010307142857142976,0.0,-0.002884064990533175,-0.003315606088391765,0.0006189042812870118,1
2026-08-26 15:00:00+00:00,1.3587,1.35984,1.35862,1.35934,3298,1.360354,1.361566,1.3628874999999998,1.3632292,1.3614468423578552,1.3624886244298982,-0.0010417820720429738,-0.0005380319352429017,-0.0005037501368000721,19.666269368293385,1.3628874999999998,1.3665461962014072,1.3592288037985925,0.005369036257809031,0.0010892857142857132,0.16039740885921006,-0.0019676656730444053,-0.0030217241429890684,0.0006508336162064683,1
2026-08-26 16:00:00+00:00,1.35934,1.3597000000000001,1.35881,1.35903,2285,1.35959,1.361149,1.3626019999999999,1.3631422,1.3610750204566469,1.3622324300276833,-0.001157409571036494,-0.0006619074624016202,-0.0004955021086348738,20.02427184465766,1.3626019999999999,1.3665330403068654,1.3586709596931343,0.005769902446738711,0.0010950000000000046,0.1835471472726644,-0.0028029497009941506,-0.0030589788732394707,0.0006502281051781266,1
2026-08-26 17:00:00+00:00,1.35903,1.35955,1.35885,1.35938,1790,1.3593319999999998,1.3607710000000002,1.362342,1.3630708,1.3608142480787013,1.3620211389145216,-0.0012068908358202624,-0.0007709041370853488,-0.00043598669873491354,24.096385542167383,1.362342,1.3664077470342904,1.3582762529657095,0.005968761198422147,0.001107142857142862,0.294129872983442,-0.0009480623516355813,-0.002772968690395783,0.0006698298174846939,1
2026-08-26 18:00:00+00:00,1.3593899999999999,1.35958,1.35897,1.3591199999999999,1442,1.3591199999999999,1.360398,1.3620505,1.3629852,1.360553594528132,1.361806239735668,-0.001252645207536096,-0.0008672523511754983,-0.0003853928563605978,24.60024600245808,1.3620505,1.3661646372440208,1.3579363627559793,0.006041093548324039,0.0011107142857142824,0.33447090651959166,-0.0007793086209179068,-0.002736911619033666,0.0006702272358423278,1
2026-08-26 19:00:00+00:00,1.35916,1.3593899999999999,1.35897,1.35934,1364,1.359242,1.360066,1.3617905000000001,1.3629144,1.3603668876776502,1.3616235553108038,-0.0012566676331535742,-0.0009451354075711135,-0.0003115322255824607,24.692874692875407,1.3617905000000001,1.3658994451840838,1.3576815548159165,0.006034621601610038,0.0010942857142857143,0.33720418983486006,0.00044894865057809596,-0.0024364111370407393,0.000683579466525995,0
2026-08-26 20:00:00+00:00,1.35935,1.35982,1.35921,1.3596,937,1.3592939999999998,1.359824,1.3615460000000001,1.3628444,1.3602489049580118,1.3614736623248185,-0.0012247573668067169,-0.0010010597994182344,-0.00022369756738848247,27.886977886977704,1.3615460000000001,1.3655594426749065,1.3575325573250938,0.005895419875503774,0.0010635714285714335,0.6685773243121851,0.0001912692924506132,-0.001776772734614851,0.0006912129175256812,0
2026-08-26 21:00:00+00:00,1.3596,1.35962,1.35897,1.35924,843,1.359336,1.3594629999999999,1.3612865,1.3627741999999998,1.3600936888106254,1.3613082058563135,-0.0012145170456880905,-0.0010437512486722058,-0.00017076579701588474,26.832151300236617,1.3612865,1.3651842741285762,1.357388725871424,0.005726603662897076,0.0010357142857142984,0.7654632753060503,0.0001545219752323579,-0.0026488608430861316,0.0006334913457612431,0
2026-08-26 22:00:00+00:00,1.3593899999999999,1.35972,1.35926,1.35949,850,1.3593579999999998,1.359345,1.3610624999999998,1.3627038000000002,1.3600008136089907,1.361173523941031,-0.0011727103320402499,-0.0010695430653458145,-0.00010316726669443534,30.00000000000105,1.3610624999999998,1.364823456625162,1.3573015433748377,0.005526500987518475,0.0009935714285714508,0.9441984056637949,8.091924259590044e-05,-0.0008672198255270658,0.00043642395641781893,0
2026-08-26 23:00:00+00:00,1.35949,1.35982,1.35946,1.35962,941,1.359458,1.359289,1.3608595,1.3626322,1.3599422268999153,1.3610584480935473,-0.0011162211936319721,-0.0010788786910030461,-3.7342502628926e-05,31.774580335731855,1.3608595,1.3644604675599674,1.3572585324400328,0.005292195939356421,0.0009685714285714615,0.9999999999945974,0.00036788510212493186,-0.0004117102148244456,0.00042841840777342176,0
2026-08-27 00:00:00+00:00,1.35964,1.3597000000000001,1.35897,1.35921,2179,1.359432,1.359337,1.3606574999999999,1.3625488,1.3598295766076207,1.3609215260125438,-0.001091949404923076,-0.001081492833787052,-1.0456571136023942e-05,32.675709001233315,1.3606574999999999,1.364145324687703,1.3571696753122966,0.005126675431110704,0.0009500000000000382,0.9999999999948482,-9.56346462253066e-05,0.0003532710693074925,0.0002605072101338521,0
2026-08-27 01:00:00+00:00,1.35921,1.35942,1.35889,1.3593,2027,1.359372,1.359333,1.3604495,1.36246,1.3597481032833714,1.3608014129745778,-0.0010533096912064277,-0.0010758562052709272,2.2546514064499543e-05,25.91587516960722,1.3604495,1.3637232197577311,1.357175780242269,0.00481270309222217,0.0009135714285714659,0.6517417039767447,-0.00022065313327446212,-2.942604499245327e-05,0.00021756682326546327,0
2026-08-27 02:00:00+00:00,1.35933,1.3595,1.35881,1.35913,1450,1.35935,1.3593430000000002,1.360246,1.3623646,1.359653010470545,1.3606776046060904,-0.0010245941355453425,-0.0010656037913258103,4.100965578046774e-05,35.634328358208734,1.360246,1.3632983323264534,1.3571936676735468,0.004487912225367029,0.0007585714285714497,0.9999999999955296,-8.092757717548249e-05,7.358189296780004e-05,0.00020795096530297757,0
2026-08-27 03:00:00+00:00,1.35914,1.35928,1.35868,1.35876,1451,1.359204,1.359281,1.360026,1.362276,1.3595156242443074,1.360535559820454,-0.0010199355761466578,-0.0010564701482899798,3.6534572143322045e-05,36.45038167938988,1.360026,1.3628170865644165,1.3572349134355834,0.004104460597689326,0.000749285714285738,0.999999999995687,-0.0005369660681580068,-0.00045609027644966105,0.00020459422764602443,0
2026-08-27 04:00:00+00:00,1.3587799999999999,1.35907,1.35862,1.35876,1123,1.359032,1.359245,1.3598215,1.3621878,1.359399374360568,1.3604040368707908,-0.001004662510222909,-0.0010461086206765657,4.144611045365674e-05,50.39577836411574,1.3598215,1.362326007725465,1.357316992274535,0.0036835830665496406,0.0006385714285714565,0.9999999999967458,-0.0006325296774098987,-0.0002648772735298621,0.00019830736220163758,0
2026-08-27 05:00:00+00:00,1.35876,1.3591199999999999,1.35853,1.35886,1484,1.358962,1.359197,1.3596315,1.3621075999999999,1.3593163936897112,1.3602896637692508,-0.0009732700795395122,-0.001031540912449155,5.8270832909642755e-05,42.68292682926812,1.3596315,1.3617806763415132,1.357482323658487,0.0031614100460501627,0.0005935714285714473,0.7460497545625259,-0.00025750251984613115,-0.0003531125399091062,0.00019081523238797515,0
2026-08-27 06:00:00+00:00,1.35886,1.35916,1.35855,1.35895,1924,1.358892,1.359132,1.359478,1.3620348000000002,1.3592600254297558,1.3601904294159728,-0.000930403986217021,-0.001011313527202728,8.090954098570707e-05,48.69281045751878,1.359478,1.3613263745347222,1.3576296254652778,0.0027192415540703077,0.0005735714285714431,0.9352468736362134,-0.00025748547046267056,-0.0004780817887612976,0.00017798427638678608,0
2026-08-27 07:00:00+00:00,1.35897,1.35968,1.35862,1.3587500000000001,2318,1.358816,1.359083,1.3592730000000002,1.3619644,1.3591815599790242,1.3600837309407154,-0.0009021709616912066,-0.0009894850141004238,8.731405240921717e-05,39.17525773196105,1.3592730000000002,1.3602514434467616,1.3582945565532387,0.001439657003061867,0.0005992857142857229,0.5650207766640507,-0.000279590620470338,-0.00036049557105433117,0.00016550136078597773,0
2026-08-27 08:00:00+00:00,1.35876,1.3595,1.35791,1.35795,2382,1.358654,1.358929,1.359137,1.3618687999999997,1.3589920892130205,1.3599256767969587,-0.0009335875839382446,-0.0009783055280679878,4.471794412974324e-05,33.04347826087198,1.359137,1.3600519311159511,1.358222068884049,0.0013463412679532523,0.0006692857142857214,0.3248895017767116,-0.0005961317671995259,-0.0011327777328263844,0.0002220953230051794,1
2026-08-27 09:00:00+00:00,1.35798,1.35816,1.35714,1.3575,2452,1.3584019999999999,1.358717,1.359003,1.3617427999999998,1.3587625370264018,1.3597459970342212,-0.0009834600078193478,-0.0009793364240182599,-4.123583801087958e-06,25.0,1.359003,1.3600502037953737,1.3579557962046263,0.0015411353696404024,0.0007121428571428755,0.0,-0.0009273160823103366,-0.0015592592047778409,0.00021848025574328905,1
2026-08-27 10:00:00+00:00,1.35748,1.35822,1.35706,1.35754,2289,1.3581379999999998,1.35855,1.3589435,1.3616119999999998,1.3585744544069553,1.359582589846501,-0.0010081354395456987,-0.0009850962271237477,-2.3039212421950995e-05,20.231213872835156,1.3589435,1.3601750206687133,1.3577119793312868,0.001812467801219458,0.0007514285714285933,0.0,-0.0009714024991537284,-0.001228654880408464,0.00021905497997586748,1
2026-08-27 11:00:00+00:00,1.3575300000000001,1.35833,1.35706,1.35779,2450,1.357906,1.358399,1.3588660000000001,1.3614832000000001,1.3584537691135778,1.3594498054134272,-0.0009960362998493455,-0.0009872842416688674,-8.752058180478122e-06,28.35820895522724,1.3588660000000001,1.360184474397331,1.3575475256026692,0.0019405510143471162,0.0007957142857143122,0.26942192666876874,-0.0008536002060414161,-0.001110865886853496,0.0002330943667546533,1
2026-08-27 12:00:00+00:00,1.35778,1.35836,1.35732,1.35746,2901,1.357648,1.3582319999999999,1.3587875,1.3613674,1.3583008815576427,1.3593024124198398,-0.0010015308621971197,-0.0009901335657745178,-1.1397296422601972e-05,20.408163265308772,1.3587875,1.3602445319505214,1.3573304680494787,0.0021446060557981012,0.0008357142857143047,0.005866134501102424,-0.0009494020239190215,-0.0012287272004883887,0.000236834328683139,1
2026-08-27 13:00:00+00:00,1.35745,1.36023,1.35732,1.35928,3758,1.3579139999999998,1.3582839999999998,1.3587825,1.3612890000000002,1.3584515151641592,1.3593007522405924,-0.0008492370764332513,-0.0009619542679062644,0.00011271719147301314,46.679687500000085,1.3587825,1.36023163585851,1.35733336414149,0.0021329916429009515,0.0010178571428571498,0.8768060826710257,0.0009794175043265074,0.00038270187523914423,0.0005125791162112952,0
2026-08-27 14:00:00+00:00,1.3593,1.35972,1.35796,1.35818,3447,1.35805,1.3582260000000002,1.3587354999999999,1.3611815999999999,1.3584097436004423,1.3592177335561042,-0.0008079899556618919,-0.00093116140545739,0.0001231714497954981,41.1359724612734,1.3587354999999999,1.3601994452821236,1.3572715547178762,0.002154864257427115,0.0010914285714285685,0.6930237164342851,0.0005009208103130547,-0.00042685978392065227,0.0005789028937559611,1
2026-08-27 15:00:00+00:00,1.35815,1.35991,1.35813,1.35979,2801,1.3585,1.3583190000000003,1.358758,1.361092,1.3586220907388358,1.3592601236630595,-0.0006380329242237082,-0.0008725357092106537,0.0002345027849869455,53.342428376535246,1.358758,1.3602739725034303,1.3572420274965695,0.0022314091301473627,0.0011807142857142652,0.9999999999969799,0.0016574097264170362,0.0006843972153129929,0.0006981662500077319,0
2026-08-27 16:00:00+00:00,1.35979,1.36013,1.35913,1.35935,2141,1.358812,1.358359,1.3587455,1.3610142000000003,1.3587340767790148,1.3592667811694994,-0.0005327043904845841,-0.0008045694454654398,0.00027186505498085574,51.44736842105325,1.3587455,1.3602361512174919,1.357254848782508,0.0021941580928759993,0.0012028571428571405,0.9427668243529844,0.0011489258279999692,0.0002943448986350017,0.0007091119901072788,0
2026-08-27 17:00:00+00:00,1.3593600000000001,1.35968,1.3587500000000001,1.35887,1865,1.359094,1.358371,1.358727,1.3609129999999998,1.358754988043782,1.3592373899717587,-0.00048240192797677217,-0.0007401359419677064,0.0002577340139909342,50.713359273670854,1.358727,1.3602009006606532,1.3572530993393468,0.002169531717045774,0.0012264285714285647,0.9205988320765865,0.00103870463954725,8.831646734130949e-05,0.0007177556910158789,1
2026-08-27 18:00:00+00:00,1.35886,1.35899,1.3583,1.35887,1598,1.359012,1.358463,1.3586960000000001,1.3608208,1.3587726821908923,1.3592101758997766,-0.0004374937088842401,-0.0006796074953510132,0.00024211378646677307,50.713359273670854,1.3586960000000001,1.3601278100431202,1.35726418995688,0.002107623843921078,0.0012435714285714075,0.9205988320765865,-0.0003016302748514166,0.0006774918075038716,0.0006867446093721818,1
2026-08-27 19:00:00+00:00,1.35889,1.35904,1.35847,1.35886,1469,1.359148,1.358599,1.3586580000000001,1.3607106000000002,1.3587861156999859,1.3591842369442375,-0.00039812124425164797,-0.0006233102451311402,0.00022518900087949221,50.0,1.3586580000000001,1.3600254501817548,1.3572905498182455,0.0020129424502040383,0.0012421428571428425,0.8990544917568142,0.0005006700142837772,0.0010018416206261094,0.0006733230953532599,1
2026-08-27 20:00:00+00:00,1.35884,1.3593899999999999,1.35879,1.35922,661,1.359034,1.3587669999999998,1.3586585000000002,1.3606034,1.3588528671307571,1.3591868860594791,-0.0003340189287219797,-0.0005654519818493081,0.00023143305312732846,51.711026615969395,1.3586585000000002,1.3600268070598764,1.357290192940124,0.0020142030685065125,0.001241428571428552,0.9507296308784258,-0.0004191823737488276,0.0012375325957247885,0.0006746848115608622,0
2026-08-27 21:00:00+00:00,1.35922,1.35922,1.3587799999999999,1.35919,685,1.3590019999999998,1.3589069999999999,1.3586529999999999,1.3604828,1.3589047337260254,1.35918711672174,-0.0002823829957145918,-0.0005088381846223649,0.00022645518890777308,52.849740932640714,1.3586529999999999,1.3600112976960739,1.357294702303926,0.001999476976202142,0.001197142857142849,0.9851202243294945,-0.00011770331408400558,0.0010310872815382233,0.0006757888958446157,1
2026-08-27 22:00:00+00:00,1.35924,1.3596300000000001,1.35921,1.35962,693,1.3591520000000001,1.3591229999999999,1.3586775,1.3603804,1.3590147746912522,1.3592191821497592,-0.00020440745850702768,-0.0004479520393992974,0.00024354458089226972,61.36054421768616,1.3586775,1.3600886715922376,1.3572663284077624,0.00207727233613213,0.0011150000000000088,0.9999999999975686,0.000551929176448196,0.001591207107391801,0.0006670335332146648,0
2026-08-27 23:00:00+00:00,1.3596300000000001,1.3598,1.35951,1.3596599999999999,744,1.35931,1.3591609999999998,1.3587225,1.360282,1.3591140401233672,1.3592518353238514,-0.00013779520048418092,-0.00038592067161627414,0.0002481254711320932,65.56195965417686,1.3587225,1.3602005623872597,1.3572444376127404,0.0021756648429089396,0.0010628571428571432,0.999999999997794,0.0005813653991919576,0.00027955976693538886,0.0005220976786891535,0
2026-08-28 00:00:00+00:00,1.35967,1.35977,1.35931,1.35958,1492,1.359454,1.3593009999999999,1.3587634999999998,1.3601746,1.3591857262582336,1.3592761438183811,-9.041756014749325e-05,-0.000326820049322518,0.00023640248917502474,64.6131805157587,1.3587634999999998,1.3602906200964726,1.357236379903527,0.0022478085354409694,0.0010128571428571328,0.9789878323774794,0.0005298559086293064,0.0010307912058784563,0.0004350477805540125,0
2026-08-28 01:00:00+00:00,1.35958,1.3598,1.35898,1.35899,1716,1.359408,1.359221,1.35877,1.3600636,1.3591556145261978,1.3592549479799825,-9.933345378465575e-05,-0.00028132273021494556,0.0001819892764302898,58.19672131147402,1.35877,1.3602999535595286,1.3572400464404715,0.0022519684119145446,0.0009807142857142554,0.8368855128070183,-0.00016921469666442146,-0.0005883261385950522,0.00024905454291217585,1
2026-08-28 02:00:00+00:00,1.359,1.35937,1.35874,1.35934,1511,1.359438,1.35922,1.3587894999999999,1.3599606,1.3591839815221674,1.3592612481296134,-7.726660744600267e-05,-0.000240511505661157,0.00016324489821515432,62.806539509534986,1.3587894999999999,1.3603389307951794,1.3572400692048203,0.0022806046045830523,0.0009514285714285396,0.8871930897625653,0.00011035984667340237,-7.3564571303474935e-06,0.0002482096192999233,0
2026-08-28 03:00:00+00:00,1.35934,1.35946,1.35885,1.35896,1061,1.359306,1.359229,1.3588,1.3598512,1.3591495228264492,1.3592389334533455,-8.941062689626911e-05,-0.00021029132990817945,0.00012088070301191034,47.28813559321983,1.3588,1.3603511489797797,1.3572488510202203,0.0022831159549303857,0.0007871428571428275,0.2518695798591365,-0.00048542975243093256,6.623150117368581e-05,0.00023746234266544568,0
2026-08-28 04:00:00+00:00,1.35895,1.35899,1.35872,1.35884,837,1.3591419999999999,1.359226,1.3588445,1.3597485999999999,1.3591019039300725,1.3592093828271716,-0.00010747889709916691,-0.00018972884334637696,8.224994624721004e-05,56.70731707317114,1.3588445,1.3603431516745665,1.3573458483254335,0.0022057736180505294,0.0006807142857142567,0.5154466546509188,-0.0006030919494578457,-2.207716705793228e-05,0.0002393711806698719,0
2026-08-28 05:00:00+00:00,1.35882,1.35913,1.35867,1.35882,1002,1.35899,1.359222,1.3589105,1.3596514,1.3590585340946766,1.3591805396547887,-0.00012200556011210395,-0.00017618418669952237,5.417862658741842e-05,35.435435435435565,1.3589105,1.3602696092282485,1.3575513907717514,0.0020002924817323236,0.0005864285714285433,0.0,-0.0005589961605790839,-2.9436439368368816e-05,0.00023940017733897233,1
2026-08-28 06:00:00+00:00,1.35881,1.35948,1.35876,1.35926,2434,1.3590440000000001,1.359226,1.3589965000000002,1.3595715999999998,1.3590895288493419,1.3591864256062858,-9.689675694390942e-05,-0.0001603267007483998,6.342994380449036e-05,48.64864864864666,1.3589965000000002,1.360199133513583,1.3577938664864173,0.0017698846370580812,0.0005664285714285391,0.4385906956019667,0.00019867695862374468,2.9428642897899593e-05,0.00024731339693163674,0
2026-08-28 07:00:00+00:00,1.35926,1.35934,1.35803,1.35872,2397,1.35892,1.359179,1.359043,1.3594768,1.3590326782571356,1.3591518755613758,-0.00011919730424025943,-0.00015210082144677173,3.29035172065123e-05,47.78761061946792,1.359043,1.3601139189362372,1.3579720810637628,0.0015759897755070747,0.0005935714285713997,0.41000996644369736,-0.0004561036973825816,-0.0003457941862432534,0.0002780820655622471,0
2026-08-28 08:00:00+00:00,1.3587099999999999,1.35908,1.35826,1.35872,1989,1.3588719999999999,1.359089,1.3591060000000001,1.3593872000000002,1.358984573909884,1.3591198847790518,-0.00013531086916773738,-0.00014874283099096486,1.3431961823227482e-05,47.78761061946792,1.3591060000000001,1.359896293749245,1.3583157062507554,0.0011629611660087952,0.0006028571428571272,0.41000996644369736,-0.0001766056396067528,-0.0006619496624057364,0.00025033543751107573,0
2026-08-28 09:00:00+00:00,1.3587500000000001,1.3587500000000001,1.35807,1.35808,2069,1.35872,1.3589310000000001,1.3590459999999998,1.3592856,1.3588454086929787,1.3590428562769,-0.00019744758392126194,-0.0001584837815770243,-3.896380234423764e-05,40.29850746268738,1.3590459999999998,1.3599541015475278,1.3581378984524717,0.0013363808841320647,0.000610714285714274,0.16142160947363537,-0.0005593005799064965,-0.0011620552196872636,0.00027763369922938067,0
2026-08-28 10:00:00+00:00,1.35812,1.35918,1.35797,1.35916,1927,1.358788,1.358889,1.359095,1.3592118,1.3588938073555972,1.3590515335897222,-0.00015772623412502185,-0.0001583322720866238,6.060379616019615e-07,49.36708860759315,1.359095,1.359907028000289,1.358282971999711,0.0011949539955470533,0.0006542857142857184,0.46243811834903464,0.00025021710013106713,-0.0003089189308463913,0.0004011464668715786,0
2026-08-28 11:00:00+00:00,1.35916,1.35916,1.35842,1.35849,1751,1.358634,1.358839,1.3590300000000002,1.3591284,1.3588316831470437,1.3590099385090022,-0.00017825536195847924,-0.0001623168900609949,-1.593847189748434e-05,43.4944237918222,1.3590300000000002,1.359815473373593,1.3582445266264074,0.0011559323540949122,0.0006757142857142716,0.26750475089145864,-0.0005664847049129396,-0.00036792029374754787,0.0004081072277934426,0
2026-08-28 12:00:00+00:00,1.3585,1.35861,1.35735,1.35838,2561,1.3585660000000002,1.358743,1.3589814999999998,1.3590555999999998,1.3587621934321141,1.3589632763972244,-0.00020108296511023305,-0.00017007010507084255,-3.10128600393905e-05,37.74703557312086,1.3589814999999998,1.359802751291495,1.3581602487085047,0.0012086276251665365,0.0007342857142856873,0.0767297322749104,-0.00025023551577951775,-0.0007062250798182124,0.00039480922651076726,0
2026-08-28 13:00:00+00:00,1.35837,1.35876,1.35718,1.35718,2788,1.358258,1.358565,1.358897,1.3589422,1.3585187790579427,1.358831181849282,-0.0003124027913392613,-0.0001985366423245263,-0.000113866149014735,30.064308681673154,1.358897,1.3600480928443943,1.3577459071556057,0.0016941576063444056,0.0008264285714285455,0.0,-0.001133419689119064,-0.0013098251604166666,0.00046944745521555677,0
2026-08-28 14:00:00+00:00,1.35715,1.35984,1.35289,1.35712,10570,1.358066,1.358393,1.3588095,1.3588712,1.3583035822797975,1.3587044276382243,-0.00040084535842677127,-0.00023899838554497537,-0.0001618469728817959,30.16129032258135,1.3588095,1.3602085745059718,1.3574104254940282,0.002059265122847264,0.0012899999999999817,0.0029619741372470853,-0.000706880301602153,-0.0012657855229459836,0.00047009926790896126,0
2026-08-28 15:00:00+00:00,1.35715,1.35762,1.3551199999999999,1.35529,5270,1.357292,1.35804,1.358631,1.3587734,1.3578399542367519,1.3584515070724301,-0.000611552835678264,-0.0003135092755716332,-0.00029804356010663084,25.134408602151424,1.358631,1.3607358705422377,1.3565261294577622,0.00309851687800107,0.0014100000000000065,0.0,-0.002847346890726521,-0.002597842245477544,0.0006047563582893004,0
2026-08-28 16:00:00+00:00,1.35527,1.35532,1.35341,1.35369,3970,1.356332,1.357483,1.3583545,1.3586725999999998,1.35720149973879,1.3580988028448429,-0.0008973031060528491,-0.0004302680416678764,-0.00046703506438497275,17.491369390103458,1.3583545,1.3613835625611872,1.3553254374388126,0.004459899917418156,0.00150142857142859,0.0,-0.0035333348055560654,-0.004097817930344361,0.0006299985353556245,0
2026-08-28 17:00:00+00:00,1.35369,1.35373,1.35264,1.3529900000000001,2556,1.355254,1.35691,1.3580445,1.3585456000000002,1.3565535767020533,1.357720373004484,-0.0011667963024306616,-0.0005775736938204335,-0.0005892226086102281,16.870144284128855,1.3580445,1.361876226146628,1.3542127738533722,0.005643005286833909,0.001535714285714307,0.0,-0.003967961836893741,-0.004217204427696464,0.0006308610152739027,1
2026-08-28 18:00:00+00:00,1.35297,1.3532,1.35269,1.35303,1898,1.3544240000000003,1.356341,1.357715,1.3584256,1.3560114879786604,1.357372937967115,-0.001361449988454444,-0.0007343489527472356,-0.0006271010357072084,17.469204927209887,1.357715,1.3620734569939397,1.3533565430060603,0.006420282598247296,0.0015528571428571653,0.018434368386034336,-0.0030578110493818533,-0.004187764955251971,0.0006331253771876399,1
2026-08-28 19:00:00+00:00,1.35301,1.354,1.35297,1.35377,2090,1.353754,1.35591,1.3574205,1.3583134000000001,1.3556666436742513,1.3571060536732547,-0.0014394099990033826,-0.0008753611619984652,-0.0005640488370049175,23.834196891190345,1.3574205,1.362015167275008,1.3528258327249918,0.00676970367694922,0.001593571428571464,0.21429869029291135,-0.002468462626739165,-0.0031735980207351355,0.0007019885221076176,1
2026-08-28 20:00:00+00:00,1.35376,1.35389,1.35302,1.35334,1583,1.353364,1.355328,1.3571085,1.3581978,1.3553086984935971,1.356827086734495,-0.0015183882408977833,-0.0010039665777783289,-0.0005144216631194545,19.29460580912719,1.3571085,1.3619276996496072,1.3522893003503929,0.0071021582277425825,0.0016042857142857564,0.07460583065467793,-0.0014388064547071755,-0.004282056564348546,0.0005843178838639626,1
2026-08-30 21:00:00+00:00,1.35302,1.3536000000000001,1.35289,1.35358,345,1.353342,1.354837,1.356838,1.3580826000000001,1.3550427448791977,1.3565865617911992,-0.00154381691200145,-0.001111936644622953,-0.0004318802673784969,22.483940042825367,1.356838,1.361817201373254,1.351858798626746,0.007339419110098503,0.0015614285714286341,0.17274841913754382,-8.125937252989601e-05,-0.003614307061516775,0.000613850595482157,1
2026-08-30 22:00:00+00:00,1.35371,1.35371,1.35293,1.3536000000000001,936,1.353464,1.354359,1.356551,1.3579626000000002,1.354820784128552,1.3563653349918512,-0.0015445508632991878,-0.0011984594883582,-0.00034609137494098774,22.649572649572576,1.356551,1.3615843912393188,1.3515176087606813,0.00742086547327566,0.0015585714285714885,0.1778452862490496,0.0004508532952940403,-0.0035188975102694586,0.0006194397849116412,1
2026-08-30 23:00:00+00:00,1.3536000000000001,1.35405,1.35348,1.35397,1256,1.3536519999999999,1.354038,1.3563015,1.3578572,1.3546898942626209,1.3561879027702326,-0.0014980085076117255,-0.0012583692922089051,-0.0002396392154028204,27.392739273925528,1.3563015,1.3613267971632117,1.3512762028367884,0.007410295075559011,0.0015507142857143416,0.3238025977158256,0.0006947369977015061,-0.0023651984261484627,0.0006172381138134007,1
2026-08-31 00:00:00+00:00,1.354,1.35468,1.35335,1.35449,2227,1.3537960000000002,1.3537750000000002,1.3560839999999998,1.3577572,1.3546591412991407,1.3560621321946598,-0.0014029908955190962,-0.0012872936128709436,-0.0001156972826481526,22.626025791323357,1.3560839999999998,1.3610224864503908,1.3511455135496089,0.007283452131860515,0.001559285714285763,0.21618919323280336,0.0005318480982736684,-0.0019379273756190418,0.0006462459700980676,1
2026-08-31 01:00:00+00:00,1.3545,1.35469,1.35367,1.35433,2699,1.3539940000000001,1.353679,1.3558595,1.3576514,1.354608504176196,1.3559338261061666,-0.001325321929970702,-0.0012948992762908953,-3.0422653679806682e-05,24.064837905235564,1.3558595,1.3606811375248147,1.3510378624751853,0.007112296701560422,0.0015792857142857672,0.3446247586136483,0.0007315234900320267,-0.0007083354853942847,0.0005032998465323623,1
2026-08-31 02:00:00+00:00,1.3543,1.35456,1.35381,1.3544399999999999,2165,1.354166,1.353754,1.3556184999999998,1.3575560000000002,1.354582580456781,1.3558231723205247,-0.0012405918637437008,-0.0012840377937814566,4.344593003775582e-05,25.436408977553484,1.3556184999999998,1.3602003602289405,1.3510366397710591,0.006759807761461936,0.001542857142857195,0.6445091091902229,0.0006353521771893522,0.0005540411763400588,0.00031832663677009023,1
2026-08-31 03:00:00+00:00,1.3544399999999999,1.35468,1.3541,1.35435,1430,1.354316,1.35389,1.3554,1.357457,1.3545467988480455,1.3557140484449304,-0.0011672495968848562,-0.0012606801544021366,9.343055751728042e-05,29.52243125904201,1.3554,1.3597710482904624,1.3510289517095375,0.006449827785838012,0.0014714285714286315,0.9519334855108612,0.0005540780141841672,0.0010051811173770187,0.0002535810131858212,0
2026-08-31 04:00:00+00:00,1.35434,1.35463,1.35411,1.35446,1316,1.3544139999999998,1.3540329999999998,1.355187,1.3573636000000002,1.3545334451791156,1.355621155967528,-0.0010877107884124104,-0.0012260862812041914,0.00013837549279178095,30.89080459769876,1.355187,1.3592834071548872,1.3510905928451127,0.00604552309738396,0.0010121428571429217,0.9999999999928677,0.00036189871267455764,0.001056887134801121,0.00025249924277079814,0
2026-08-31 05:00:00+00:00,1.35445,1.35467,1.3541,1.35465,1740,1.3544459999999998,1.354121,1.3550155,1.3572814,1.3545513766900208,1.3555492184884517,-0.0009978417984308763,-0.0011804373846495285,0.0001825955862186522,43.98496240601243,1.3550155,1.358882725171358,1.3511482748286419,0.005708016139089285,0.0008742857142857639,0.9999999999963121,0.0001181256413853582,0.0006500365645567552,0.00020104178320991758,0
2026-08-31 06:00:00+00:00,1.35462,1.35488,1.35386,1.35435,2013,1.35445,1.3542219999999998,1.3547749999999998,1.3571931999999998,1.354520395660787,1.3554603874893072,-0.0009399918285202258,-0.001132348273423668,0.0001923564449034423,58.20895522388068,1.3547749999999998,1.3581199883958088,1.3514300116041909,0.004938072219828371,0.0008107142857143312,0.9999999999975809,1.4767449587616e-05,0.0007463017423559037,0.0001821131715797354,0
2026-08-31 07:00:00+00:00,1.35434,1.3548,1.35361,1.35459,2380,1.35448,1.354323,1.35458,1.3571078,1.3545311040206658,1.355395914341951,-0.0008648103212851588,-0.0010788406829959662,0.0002140303617108074,72.47191011236123,1.35458,1.35743140777783,1.3517285922221698,0.004210024919650528,0.0008178571428571876,0.9999999999981819,0.00011074687693812812,0.0007461694173966915,0.00018210488796653322,0
2026-08-31 08:00:00+00:00,1.35456,1.35554,1.35377,1.35401,2385,1.354412,1.354364,1.3543615,1.357009,1.3544509341713324,1.3552932540203249,-0.0008423198489924122,-0.0010315365161952554,0.00018921666720284318,61.95121951219621,1.3543615,1.3565881356494667,1.3521348643505333,0.003288096493390693,0.0009078571428571904,0.8021582564574374,-0.00025104293572564274,0.0003028959810873477,0.00024222301682086525,1
2026-08-31 09:00:00+00:00,1.35403,1.35454,1.35393,1.3542,1805,1.35436,1.354387,1.3542124999999998,1.356918,1.3544123289142043,1.3552122722410413,-0.0007999433268370826,-0.000985217878323621,0.00018527455148653832,56.05633802817164,1.3542124999999998,1.3560006584174804,1.3524243415825192,0.0026408830482373925,0.0008778571428571842,0.691304922290685,-0.00019195841885322196,0.00016987082431674239,0.00023077548513520015,1
2026-08-31 10:00:00+00:00,1.3542100000000001,1.35463,1.35354,1.35395,1857,1.35422,1.354333,1.354054,1.3568380000000002,1.354341201388942,1.355118770593557,-0.0007775692046150251,-0.0009436881435819017,0.00016611893896687662,59.050445103857896,1.354054,1.3552057565530917,1.3529022434469085,0.0017011973718797503,0.0008935714285714618,0.7315061005696665,-0.0005167386409773433,-0.00039867403967541737,0.00019801959122602825,1
2026-08-31 11:00:00+00:00,1.35394,1.35461,1.35364,1.35382,2222,1.354114,1.354282,1.3539805,1.3567644,1.354261016559874,1.3550225653644046,-0.0007615488045304986,-0.0009072602757716212,0.0001457114712411226,53.6809815950925,1.3539805,1.3549773471348323,1.3529836528651678,0.0014724689681015041,0.0009121428571428851,0.6230194574078373,-0.0003913316351016327,-0.000376569964484319,0.00019717017963660874,1
2026-08-31 12:00:00+00:00,1.35381,1.35467,1.3535300000000001,1.35382,2770,1.35396,1.35422,1.353987,1.3566900000000002,1.354193167858355,1.3549334864485227,-0.0007403185901677656,-0.0008738719386508501,0.00013355334848308453,53.39506172839364,1.353987,1.3549775468982292,1.3529964531017709,0.0014631556997654989,0.0009378571428571648,0.6172833796836107,-0.0005684376822506776,-0.0004577537580106039,0.00019336577777946367,1
2026-08-31 13:00:00+00:00,1.35384,1.3548499999999999,1.35377,1.35425,2797,1.3540079999999999,1.35421,1.3540500000000002,1.3566192,1.3542019112647619,1.3548828578227061,-0.000680946557944262,-0.0008352868625095325,0.00015434030456527056,54.2424242424253,1.3540500000000002,1.3549273644742912,1.3531726355257092,0.0012959114867116973,0.0009742857142857371,0.6342830282117103,0.00017725127584000688,-7.383615756639816e-05,0.0002244462546800079,1
2026-08-31 14:00:00+00:00,1.35425,1.35652,1.35357,1.3554300000000001,4651,1.354254,1.354307,1.35417,1.3565785999999997,1.3543908479932598,1.354923386872876,-0.00053253887961624,-0.0007747372659308741,0.00024219838631463404,61.86868686868904,1.35417,1.3551139446904557,1.3532260553095445,0.0013941302649675535,0.0010900000000000196,0.7809571461297867,0.0009082853345148134,0.0007161525626449006,0.00035826912389523845,0
2026-08-31 15:00:00+00:00,1.3554599999999999,1.35594,1.35453,1.35484,3094,1.354432,1.354326,1.3542235,1.3564897999999999,1.354459948301989,1.3549172100674778,-0.00045726176548877007,-0.0007112421658424533,0.00025398040035368326,55.808656036446436,1.3542235,1.355192933366623,1.353254066633377,0.0014317184225839078,0.0011178571428571546,0.6457302744958311,0.0006573359429817849,0.0001402576311224646,0.00039077673276525886,0
2026-08-31 16:00:00+00:00,1.3548499999999999,1.35521,1.35458,1.35483,1902,1.3546340000000001,1.354374,1.354298,1.3564228,1.3545168793324522,1.3549107500624795,-0.00039387073002727924,-0.0006477678786794186,0.0002538971486521393,54.545454545455485,1.354298,1.3552087914428232,1.3533872085571768,0.0013450384521327572,0.0011092857142857332,0.582615294863383,0.000746037139353728,0.00035441355631848914,0.00038220865090585025,1
2026-08-31 17:00:00+00:00,1.3548200000000001,1.35531,1.35459,1.35493,1513,1.3548559999999998,1.354408,1.3543654999999999,1.3563256000000001,1.3545804363582288,1.3549121759837772,-0.00033173962554844394,-0.0005845622280532237,0.0002528226025047798,56.74418604651127,1.3543654999999999,1.355252018322726,1.3534789816772739,0.0013091271488029125,0.0011192857142857354,0.6217579145324509,0.0008199022026560421,0.0002509984570977508,0.0003793370131700033,0
2026-08-31 18:00:00+00:00,1.35495,1.35514,1.35466,1.35489,1529,1.354984,1.354496,1.35443,1.3562364,1.354628061533886,1.3549105333183122,-0.00028247178442630805,-0.0005241441393278406,0.0002416723549015326,55.082742316783566,1.35443,1.3552684195656748,1.3535915804343253,0.001238040453437629,0.0011164285714285896,0.3895742016705725,0.00047258630238133925,0.0006499213447463958,0.00034587311754435713,0
2026-08-31 19:00:00+00:00,1.35487,1.35514,1.35459,1.35495,1661,1.354888,1.354571,1.354479,1.356158,1.3546775905286728,1.3549134567762149,-0.00023586624754212693,-0.0004664885609706979,0.00023062231342857095,53.65853658536757,1.354479,1.3553187718986661,1.3536392281013339,0.001239992496991287,0.0011150000000000246,0.013811236094635792,-0.00035413116132887446,0.0005538325210456829,0.00034488197477562643,1
2026-08-31 20:00:00+00:00,1.35492,1.3551199999999999,1.3546,1.35472,878,1.3548639999999998,1.354648,1.3544905,1.3560750000000001,1.3546841150627231,1.3548991266446435,-0.00021501158192038794,-0.00041619316516063596,0.00020118158324024802,54.59057071960176,1.3544905,1.355337177096033,1.3536438229039671,0.0012501779761953616,0.001079285714285727,0.06266805539045792,-8.857134421780266e-05,0.0005687063776358414,0.00034376280850428577,0
2026-08-31 21:00:00+00:00,1.35473,1.35496,1.35459,1.35496,633,1.35489,1.3547619999999998,1.354522,1.355997,1.3547265588992274,1.3549036357820772,-0.000177076882849736,-0.00036836990869845596,0.00019129302584871996,54.59057071960176,1.354522,1.3553901401776811,1.353653859822319,0.0012818399076295686,0.0010207142857142954,0.13972498186713297,9.595299779308064e-05,0.000842061721646914,0.0003411039827796078,0
2026-08-31 22:00:00+00:00,1.3551,1.35522,1.3545099999999999,1.35461,554,1.354826,1.354841,1.3545304999999999,1.3559048000000002,1.3547086267608845,1.3548818849834048,-0.00017325822252023393,-0.0003293475714628116,0.00015608934894257768,57.89473684210588,1.3545304999999999,1.3553985886443327,1.353662411355667,0.0012817557734327194,0.0009450000000000212,0.5310212617574291,-0.00023617456252345015,0.0005835340000885925,0.0003575739681755758,0
2026-08-31 23:00:00+00:00,1.35461,1.35491,1.35435,1.35486,956,1.3548200000000001,1.354902,1.354556,1.3558181999999999,1.3547319149515178,1.3548802638735227,-0.0001483489220048817,-0.00029314784157122563,0.00014479891956634393,58.54922279792501,1.354556,1.355431692808249,1.3536803071917511,0.0012929591810880482,0.000941428571428601,0.6082592732312991,-2.2142018909265815e-05,0.00045043381945730765,0.0003492341899084377,0
2026-09-01 00:00:00+00:00,1.35488,1.35593,1.35462,1.35528,2461,1.354886,1.3548870000000002,1.354597,1.3557314,1.3548162357282072,1.3549098739569656,-9.36382287584081e-05,-0.0002532459190086621,0.000159607690250254,66.50124069478801,1.354597,1.3555287578179227,1.3536652421820774,0.0013756974479090852,0.0009571428571428944,0.99999999999237,0.00024355142256160534,-0.0001106659879153149,0.0002245168736074379,0
2026-09-01 01:00:00+00:00,1.35526,1.35534,1.35416,1.35456,2369,1.354854,1.354859,1.3545925,1.3556294,1.3547768148469443,1.3548839573675606,-0.00010714252061627683,-0.00022402523933018505,0.00011688271871390822,58.00865800865672,1.3545925,1.355524049360049,1.353660950639951,0.001375394238561076,0.0009721428571428817,0.3520168839489849,-0.00011810558639424595,-0.00020666646984146553,0.0002457161682871548,0
2026-09-01 02:00:00+00:00,1.35454,1.3546,1.35411,1.35457,1835,1.354776,1.354833,1.3546035,1.3555292,1.3547449971781838,1.3548607012662597,-0.00011570408807592969,-0.00020236100907933401,8.665692100340432e-05,58.09935205183515,1.3546035,1.3555281626694708,1.3536788373305293,0.001365215237478387,0.0009257142857143233,0.3457850798863731,-0.00028783137509591494,-0.00019190599558616128,0.00024584900965806344,0
2026-09-01 03:00:00+00:00,1.35457,1.35458,1.35404,1.35404,1579,1.354662,1.354744,1.354576,1.3554302,1.3546365360738477,1.3547999085798703,-0.00016337250602260767,-0.00019456330846798878,3.1190802445381116e-05,47.78012684989421,1.354576,1.3555344505037312,1.3536175494962688,0.0014151299059354705,0.0008871428571428959,0.0,-0.0004207853182836008,-0.0006568605020186302,0.00026918852496741016,1
2026-09-01 04:00:00+00:00,1.35403,1.35425,1.35378,1.35422,1288,1.354534,1.3546770000000001,1.3545865,1.3553278,1.354572453600948,1.3547569523887688,-0.000184498787820786,-0.00019255040433854826,8.051616517762265e-06,33.780160857909706,1.3545865,1.3555231968839025,1.3536498031160973,0.001383000471217796,0.000710000000000036,0.0,-0.00047237352936835286,-0.0004945050889739733,0.0002764178213262313,0
2026-09-01 05:00:00+00:00,1.35422,1.35494,1.35419,1.35464,1664,1.354406,1.354646,1.3546085,1.3552414000000002,1.3545828453546482,1.35474828924886,-0.00016544389421180306,-0.00018712910231319924,2.168520810139619e-05,47.1910112359559,1.3546085,1.3555274759745426,1.3536895240254576,0.0013568141268011987,0.0006628571428571872,0.40985353921267914,-0.0004722271412549439,-0.00022879073028525543,0.00029834752146199465,0
2026-09-01 06:00:00+00:00,1.3546,1.3547500000000001,1.35351,1.35405,2395,1.354304,1.354579,1.3546135,1.3551456000000002,1.3545008691462406,1.354696564119315,-0.00019569497307436734,-0.0001888422764654329,-6.852696608934444e-06,40.579710144929095,1.3546135,1.3555183704470788,1.353708629552921,0.0013359832115638535,0.0007064285714286157,0.2078033280348888,-0.00037650602409644573,-0.0004945671430258702,0.00032365539253118014,0
2026-09-01 07:00:00+00:00,1.35402,1.35434,1.35309,1.3536299999999999,2468,1.3541159999999999,1.354446,1.3546040000000001,1.3550418,1.3543668892775882,1.3546175593697358,-0.00025067009214763125,-0.0002012078396018726,-4.946225254575865e-05,35.42600896861158,1.3546040000000001,1.3555471280538702,1.35366087194613,0.0013924778811668802,0.0007442857142857687,0.05029932138247752,-0.0006939471566623778,-0.0009815787919938979,0.0003224357196442495,0
2026-09-01 08:00:00+00:00,1.35361,1.3542,1.35285,1.35411,2927,1.35413,1.354396,1.3546185,1.3549388000000002,1.354327367850267,1.354579962379385,-0.00025259452911807756,-0.0002114851775051136,-4.110935161296395e-05,42.04081632653187,1.3546185,1.355518822164384,1.353718177835616,0.0013292630572872878,0.0008064285714286206,0.2524566887699941,5.169714336350495e-05,-0.00036910992831895584,0.0003460018664043082,1
2026-09-01 09:00:00+00:00,1.3541,1.3548200000000001,1.35385,1.35395,2513,1.3540759999999998,1.3543049999999999,1.3546035,1.3548434,1.3542693112579183,1.3545332984994307,-0.00026398724151244224,-0.00022198559030657937,-4.200165120586287e-05,39.99999999999999,1.3546035,1.3555389824253306,1.3536680175746696,0.0013811900313715128,0.0008364285714286268,0.19008661001038255,-0.00019937676300751939,-0.00067165611207054,0.00033761829255419526,0
2026-09-01 10:00:00+00:00,1.35395,1.35438,1.35332,1.35354,2227,1.353856,1.3541310000000002,1.354509,1.3547398,1.3541571095259308,1.354459720832806,-0.0003026113068751446,-0.00023811073362029243,-6.450057325485217e-05,38.610038610039894,1.354509,1.3554743120573702,1.3535436879426297,0.0014253313302019716,0.0008750000000000543,0.14760752934173985,-0.0008120238587374651,-0.001283867540286976,0.0003165158770539833,0
2026-09-01 11:00:00+00:00,1.35352,1.35396,1.3529900000000001,1.35355,2487,1.353756,1.35403,1.3544445,1.3546491999999999,1.354063708060403,1.35439233410445,-0.0003286260440469313,-0.00025621379570562024,-7.241224834131105e-05,35.75757575757797,1.3544445,1.3554860671389537,1.3534029328610464,0.001537998993614943,0.0009178571428571924,0.06043244628600465,-0.0003692625826224871,-0.0007456295771319787,0.0002845639855054086,0
2026-09-01 12:00:00+00:00,1.35352,1.35358,1.35287,1.3529499999999999,2545,1.3536199999999998,1.3538679999999998,1.3543505,1.3545250000000002,1.3538923683588027,1.3542854945411573,-0.0003931261823546528,-0.0002835962730354268,-0.00010952990931922601,34.03846153846179,1.3543505,1.355569757323431,1.353131242676569,0.0018005048522241308,0.0009178571428571766,0.007894014556945494,-0.0005023529324852394,-0.0011959514827585283,0.00030509142396181656,0
2026-09-01 13:00:00+00:00,1.35294,1.35461,1.35249,1.35447,3055,1.3536920000000001,1.3539109999999999,1.3543275000000001,1.3544445999999999,1.3539812347651408,1.3542991616121827,-0.000317926847041905,-0.00029046238783672244,-2.7464459205182553e-05,46.98608964451449,1.3543275000000001,1.3555177388082822,1.353137261191718,0.001757682404414091,0.0010292857142857484,0.40359086107178777,0.0002658572789508984,0.00031756816637629193,0.00048071230791453176,0
2026-09-01 14:00:00+00:00,1.3544399999999999,1.35518,1.35352,1.35375,3592,1.3536519999999999,1.353864,1.3542705,1.354352,1.3539456601858884,1.3542584829742434,-0.0003128227883550938,-0.0002949344679403967,-1.7888320414697083e-05,38.70014771048897,1.3542705,1.355456496804693,1.353084503195307,0.0017514917510098632,0.0010542857142857378,0.20230881912668092,-0.00014771594224305407,-0.00034706325412414696,0.0005102110084713639,0
2026-09-01 15:00:00+00:00,1.35378,1.35406,1.3523399999999999,1.3526500000000001,3161,1.3534739999999998,1.353665,1.3541555,1.3542614,1.3537463278495978,1.3541393360872627,-0.00039300823766486026,-0.00031454922188528945,-7.845901577957081e-05,36.64335664335929,1.3541555,1.3554995782400894,1.3528114217599108,0.0019851165395544427,0.0010928571428571812,0.117734005321402,-0.0006575350562227911,-0.001469024980806699,0.000548044554650935,0
2026-09-01 16:00:00+00:00,1.35269,1.3528,1.3513899999999999,1.35144,2934,1.3530520000000001,1.353404,1.3539915,1.3541477999999998,1.353391508180429,1.353939385265984,-0.0005478770855549264,-0.0003612147946192169,-0.00018666229093570953,31.257485029941833,1.3539915,1.3557743690655681,1.3522086309344319,0.002633501119568515,0.001158571428571469,0.0,-0.0015588637287133889,-0.0019275506812894694,0.000592339325889653,0
2026-09-01 17:00:00+00:00,1.35148,1.35208,1.35114,1.35133,2240,1.3527280000000002,1.3531739999999999,1.35381,1.3540686,1.3530743530757476,1.3537460974685036,-0.0006717443927559685,-0.0004233207142465673,-0.00024842367850940123,32.912988650695524,1.35381,1.3558917603885872,1.3517282396114128,0.003075409974202002,0.0011871428571428946,0.10390064316826719,-0.001197383495324944,-0.001699134918700107,0.0005917183405605858,1
2026-09-01 18:00:00+00:00,1.35135,1.35158,1.35058,1.35138,1913,1.3521100000000001,1.352901,1.3536484999999998,1.3540224,1.3528136833717865,1.353570830989355,-0.0007571476175685099,-0.0004900860949109559,-0.00026706152265755403,31.79487179487424,1.3536484999999998,1.355957678710168,1.3513393212898317,0.0034117848321305187,0.0012250000000000474,0.03372679455764155,-0.002281335134776019,-0.0020160843653764804,0.0005685070695399997,0
2026-09-01 19:00:00+00:00,1.3513600000000001,1.35157,1.35095,1.35119,1644,1.351598,1.3526250000000002,1.353465,1.3539864,1.3525638859299731,1.3533944731382916,-0.0008305872083185228,-0.0005581863175924693,-0.0002724008907260536,27.21268163804666,1.353465,1.3559457257002152,1.3509842742997846,0.003665740451678162,0.00121571428571432,0.0,-0.0018910433979686392,-0.002038480002954368,0.0005681851323993796,0
2026-09-01 20:00:00+00:00,1.35117,1.35165,1.35095,1.35154,865,1.351376,1.3524249999999998,1.353278,1.3539566000000003,1.3524063650176694,1.3532571047576776,-0.0008507397400081551,-0.0006166970020756064,-0.00023404273793254868,32.8785811732627,1.353278,1.3557464757708537,1.3508095242291462,0.003648142910553101,0.0011771428571428766,0.2865413758384031,-0.0008206113924519309,-0.0014776068679167587,0.0005848504844964164,0
2026-09-01 21:00:00+00:00,1.35153,1.35155,1.35115,1.35132,721,1.3513519999999999,1.352202,1.353116,1.3539075999999997,1.3522392319380279,1.353113615516368,-0.0008743835783402432,-0.0006682343173285339,-0.0002061492610117093,33.80084151472953,1.353116,1.3556544985201018,1.3505775014798982,0.003752078195959245,0.0011164285714285738,0.3331828218228531,-8.879417510199161e-05,-0.0016475194857965558,0.0005823065687824981,0
2026-09-01 22:00:00+00:00,1.3514300000000001,1.35184,1.3514300000000001,1.35152,593,1.3513899999999999,1.352059,1.3529635,1.3538712000000002,1.352128580870639,1.3529955699225633,-0.0008669890519243939,-0.0007079852642477059,-0.000159003787676688,31.094890510951757,1.3529635,1.3555006702014842,1.3504263297985157,0.0037505375444115844,0.0010571428571428518,0.19633483877010993,0.00014060222151512924,-0.0010569496285892654,0.000580896807120525,0
2026-09-01 23:00:00+00:00,1.35152,1.3516599999999999,1.3513,1.35131,702,1.351376,1.3517430000000001,1.352827,1.3538257999999999,1.352002645352079,1.3528707128912625,-0.000868067539183448,-0.0007400017192348544,-0.00012806581994859363,30.869565217393685,1.352827,1.355413581568451,1.350240418431549,0.0038239650279761265,0.0010135714285714073,0.18493946911591433,-5.179890186324254e-05,-0.0023330158659845557,0.0003894873144701823,0
2026-09-02 00:00:00+00:00,1.35129,1.35147,1.35066,1.35067,2423,1.351272,1.351435,1.3526495,1.3537672,1.3517976229902204,1.3527076971215395,-0.0009100741313190497,-0.0007740162016516936,-0.0001360579296673561,29.873772791026454,1.3526495,1.3553194692487371,1.349979530751263,0.003947762149377323,0.0009957142857142745,0.1345792870958764,-0.00038484595060639393,-0.002275161588180974,0.00038496352293301356,0
2026-09-02 01:00:00+00:00,1.35065,1.3508200000000001,1.35018,1.35049,2132,1.351062,1.351219,1.352442,1.3536976,1.3515964502224944,1.3525434232606846,-0.0009469730381901353,-0.000808607568959382,-0.00013836546923075331,29.041095890412677,1.352442,1.3551056626939426,1.3497783373060572,0.003939041665287964,0.0009721428571428659,0.09246834191448941,-0.0007768915459401837,-0.0015968654123388326,0.0003256556119825315,0
2026-09-02 02:00:00+00:00,1.3505,1.3508499999999999,1.35003,1.35067,2092,1.3509319999999998,1.3511419999999998,1.352273,1.3536211999999999,1.3514539194190338,1.3524046511673007,-0.0009507317482668753,-0.0008370324048208808,-0.0001136993434459945,33.43023255814231,1.352273,1.354935994752599,1.3496100052474012,0.003938546066657993,0.0009799999999999967,0.31444002561573897,-0.0004810111594589772,-0.00056976262357189,0.00020943890095139655,1
2026-09-02 03:00:00+00:00,1.35067,1.35077,1.35008,1.35025,1456,1.3506779999999998,1.351034,1.3521040000000002,1.3535396,1.3512687010468747,1.3522450473771301,-0.0009763463302554509,-0.0008648951899077949,-0.00011145114034765606,13.494809688583885,1.3521040000000002,1.3548325886075439,1.3493754113924565,0.00403606321339728,0.0008778571428571366,0.0,-0.0009396827275957031,-0.0007992126275594424,0.00022445593574129815,0
2026-09-02 04:00:00+00:00,1.35025,1.35027,1.34958,1.34965,1587,1.350346,1.350861,1.351881,1.3534438,1.3510196701165864,1.3520528216454908,-0.0010331515289043747,-0.0008985464577071108,-0.0001346050711972639,13.780918727918078,1.351881,1.3546480307094642,1.349113969290536,0.00409360100402927,0.0008085714285714284,0.012359697560798045,-0.0012284375901902012,-0.0012801728603353268,0.00024707034155606544,0
2026-09-02 05:00:00+00:00,1.34965,1.35045,1.34938,1.35025,1982,1.350262,1.350767,1.351696,1.3533617999999998,1.3509012593294192,1.3519192793013803,-0.0010180199719611593,-0.0009224411605579207,-9.557881140323868e-05,26.744186046512127,1.351696,1.3543739049155257,1.3490180950844743,0.003962288732859554,0.0007621428571428382,0.6524847627197826,-0.00031095678441073193,-0.0006956830645579171,0.00030603074047559956,0
2026-09-02 06:00:00+00:00,1.35026,1.35083,1.34923,1.34924,3404,1.350012,1.350537,1.3514810000000002,1.3532574,1.350645680971047,1.3517208141679449,-0.0010751331968978928,-0.000952979567825915,-0.00012215362907197773,27.822580645162816,1.3514810000000002,1.354225187349706,1.3487368126502943,0.004061007664489295,0.0007757142857142606,0.7055918694099662,-0.0009255899710475246,-0.001701762433964249,0.0003486205242839701,0
2026-09-02 07:00:00+00:00,1.34927,1.35124,1.34891,1.35101,2870,1.3500800000000002,1.350506,1.3513540000000002,1.3531845999999998,1.3507017300524244,1.3516681612666157,-0.0009664312141912657,-0.0009556698970989853,-1.0761317092280358e-05,47.58308157099802,1.3513540000000002,1.3539246308870894,1.348783369112911,0.003804526256020551,0.000874999999999975,0.9999999999970663,0.0002517269207134021,-0.00022940532220350196,0.0005843270937976635,0
2026-09-02 08:00:00+00:00,1.35102,1.35145,1.35008,1.35008,2448,1.3500459999999999,1.350362,1.3512105,1.3530992,1.3506060792751282,1.3515505196913107,-0.0009444404161824682,-0.000953424000915682,8.98358473321384e-06,41.33333333333314,1.3512105,1.353725829632009,1.3486951703679912,0.0037230759115753536,0.0009014285714285451,0.8166598688456617,-0.0001259026106276151,-0.0010654670297147728,0.0006161550425205222,1
2026-09-02 09:00:00+00:00,1.35006,1.35066,1.34856,1.34864,2326,1.349844,1.350095,1.3509189999999998,1.3529802000000002,1.3503036055404931,1.3513349256401026,-0.0010313200996094896,-0.0009690032206544436,-6.231687895504599e-05,35.42857142857247,1.3509189999999998,1.3531825035720815,1.348655496427918,0.003351057423993172,0.0010071428571428414,0.6434401196864336,-0.0007483421627828557,-0.0019758604613300257,0.000687453668411808,1
2026-09-02 10:00:00+00:00,1.34864,1.3488,1.34764,1.34839,2230,1.349472,1.3498670000000002,1.350651,1.3528677999999998,1.3500092046881096,1.3511167830000947,-0.0011075783119851579,-0.0009967182389205866,-0.00011086007306457127,31.79190751445104,1.350651,1.3527676597319442,1.3485343402680559,0.003134280775632184,0.0010399999999999934,0.5367563920203536,-0.0013775226809850105,-0.001688051115372402,0.0006806011112645508,1
2026-09-02 11:00:00+00:00,1.3484,1.34914,1.3480400000000001,1.34846,2624,1.349316,1.349664,1.3504415,1.3527529999999999,1.3497708655053235,1.3509199842593471,-0.0011491187540235703,-0.0010271983419411833,-0.00012192041208238706,33.176470588235134,1.3504415,1.3525545100753982,1.348328489924602,0.003129361879649141,0.001089999999999988,0.5773733842385574,-0.0005781032284841725,-0.0015031581129811844,0.0006841828776656581,1
2026-09-02 12:00:00+00:00,1.34843,1.34886,1.3474,1.34749,3520,1.348612,1.3493460000000002,1.350244,1.3526237999999997,1.349419963119889,1.3506659113512474,-0.0012459482313582626,-0.0010709483198245993,-0.00017499991153366334,28.263214670982038,1.350244,1.352678060069276,1.347809939930724,0.00360536328141587,0.0011571428571428566,0.4332400607838888,-0.0026054581387258136,-0.002354387081966669,0.0006979177606175685,1
2026-09-02 13:00:00+00:00,1.34749,1.35134,1.3474599999999999,1.35124,4966,1.3488440000000002,1.349445,1.3502395,1.3525722,1.3496999687937523,1.3507084364363402,-0.0010084676425878847,-0.0010584521843772564,4.998454178937171e-05,49.7267759562841,1.3502395,1.3526654255422692,1.3478135744577309,0.0035933262836247487,0.0014085714285714415,0.99999999999724,0.0008592083432092945,0.0007331975560080917,0.0011800068263134724,0
2026-09-02 14:00:00+00:00,1.35128,1.35128,1.34961,1.3504800000000001,4960,1.349212,1.3495279999999998,1.3501945,1.3525054,1.3498199735947136,1.3506915152188337,-0.0008715416241200646,-0.001021070072325818,0.00014952844820575345,49.26527455529809,1.3501945,1.3525640833521846,1.3478249166478153,0.0035099881567946297,0.0014700000000000188,0.9872625902310979,0.0013643374065726022,0.0006149742525840551,0.001186343433984776,0
2026-09-02 15:00:00+00:00,1.35049,1.35102,1.34943,1.35013,3653,1.3495599999999999,1.349516,1.3501415,1.352423,1.3498676699647578,1.35064992149892,-0.000782251534162226,-0.0009733063646930997,0.00019105483053087364,48.62595419847359,1.3501415,1.3524642866657381,1.347818713334262,0.0034408047834068372,0.0015378571428571622,0.9696173884195509,0.0012904278435763583,-8.887243103117282e-05,0.0011820006150359563,0
2026-09-02 16:00:00+00:00,1.35015,1.35036,1.34941,1.34941,2551,1.34975,1.349533,1.350035,1.3523025999999998,1.3497972592009488,1.3505580754619628,-0.0007608162610139857,-0.0009308083439572768,0.00016999208294329112,45.38123167155406,1.350035,1.3522818832213366,1.3477881167786636,0.003328629585657382,0.0015471428571428897,0.8800632498741318,0.0007045073639559973,0.00012599685749004053,0.0011689471372672412,0
2026-09-02 17:00:00+00:00,1.34941,1.34955,1.34849,1.34871,2277,1.3499940000000001,1.349303,1.3499045,1.35218,1.349629988554649,1.350421180983299,-0.0007911924286501115,-0.0009028851608958438,0.0001116927322457323,44.46839080459804,1.3499045,1.3521402899816184,1.3476687100183817,0.0033125157840696584,0.00157357142857146,0.8537137362348984,0.0009053870529651675,-0.0017024300338265297,0.0010831718837396483,0
2026-09-02 18:00:00+00:00,1.34873,1.3492,1.3484099999999999,1.34866,1812,1.349478,1.349161,1.3497615,1.3520566000000003,1.3494807595462415,1.3502907231326844,-0.0008099635864429189,-0.0008843008460052589,7.433725956234e-05,46.2976813762152,1.3497615,1.3519269733285464,1.3475960266714537,0.003208675500888609,0.0015807142857143161,0.8507959897637142,-0.001909357331044137,-0.001051789523583757,0.0010680038850165194,0
2026-09-02 19:00:00+00:00,1.34866,1.34881,1.34832,1.34878,1530,1.349138,1.349175,1.3496350000000001,1.3519335999999997,1.3493729503852814,1.3501788177154486,-0.000805867330167187,-0.0008686141428376447,6.274681267045765e-05,44.297905352987385,1.3496350000000001,1.3517134356465017,1.3475565643534986,0.0030799966605809183,0.0015392857142857588,0.7521538442174335,-0.0012588116817724426,0.00010380828093481398,0.0010134892432736096,0
2026-09-02 20:00:00+00:00,1.34881,1.3491,1.34833,1.34845,1082,1.348802,1.349181,1.3495240000000002,1.3518047999999998,1.349230958018315,1.350050757143934,-0.0008197991256189141,-0.0008588511393938985,3.905201377498444e-05,46.76494676494656,1.3495240000000002,1.351606815907629,1.3474411840923712,0.0030867415586961506,0.0014800000000000368,0.8620066282545591,-0.0012443246205922076,4.4497511847430005e-05,0.0010149371425673492,0
2026-09-02 21:00:00+00:00,1.34842,1.34854,1.34817,1.34829,624,1.348578,1.349164,1.349414,1.3516716,1.3490861952462665,1.3499203306888277,-0.000834135442561168,-0.0008539080000273525,1.9772557466184474e-05,37.169811320754654,1.349414,1.351514309751547,1.3473136902484528,0.003112921240697176,0.0013400000000000395,0.41496359953230266,-0.0008299923670345155,-0.00012606973881312822,0.0010154926019874694,1
2026-09-02 22:00:00+00:00,1.34836,1.34854,1.3481,1.3483399999999999,641,1.348504,1.349249,1.3492975,1.3515439999999999,1.3489713959776102,1.349803269156322,-0.0008318731787118061,-0.0008495010357642434,1.7627857052437252e-05,41.04938271604896,1.3492975,1.3513626583346523,1.3472323416653478,0.0030610867279488203,0.0012735714285714611,0.595715122716524,-0.0002743362175710029,0.0006308024549346314,0.000984666239114259,1
2026-09-02 23:00:00+00:00,1.3483399999999999,1.3484099999999999,1.34801,1.34825,902,1.348422,1.3489499999999999,1.3491975,1.3514098,1.3488604119810548,1.3496882121817795,-0.0008278002007247043,-0.0008451608687563356,1.7360668031631324e-05,47.67025089605667,1.3491975,1.3512621485618692,1.3471328514381309,0.0030605579418419683,0.0011521428571428874,0.9041852825362152,-0.00030400545726871897,-0.0022127823332642738,0.00024394056338394705,1
2026-09-03 00:00:00+00:00,1.34823,1.34896,1.34803,1.34875,1995,1.3484159999999998,1.348777,1.3491525,1.3512925999999998,1.3488434255224309,1.349618714983129,-0.0007752894606980476,-0.0008311865871446781,5.5897126446630466e-05,52.08816705336382,1.3491525,1.3512148530250225,1.3470901469749774,0.0030572570929121154,0.0011357142857143035,0.9999999999958028,-2.2242322691767846e-05,-0.001281026005568564,0.0002754878311486306,1
2026-09-03 01:00:00+00:00,1.34876,1.34915,1.34801,1.34817,2288,1.34836,1.348581,1.3490484999999999,1.3511588,1.348739821595903,1.3495114027621564,-0.0007715811662534211,-0.0008192655029664267,4.7684336713005554e-05,48.41182913472118,1.3490484999999999,1.351087470586461,1.3470095294135387,0.0030228276988724817,0.0011385714285714649,0.8456937978417197,-0.00020764581556587114,-0.0014517120573573905,0.0002894611674631965,1
2026-09-03 02:00:00+00:00,1.34816,1.3491900000000001,1.34803,1.34886,2446,1.348474,1.348526,1.3490294999999999,1.3510304,1.3487583105811487,1.3494631507057004,-0.0007048401245517422,-0.0007963804272834898,9.154030273174764e-05,57.740112994349914,1.3490294999999999,1.3510680389504381,1.3469909610495616,0.003022230352172821,0.001117142857142896,0.9999999999951387,0.0004227577153281814,-0.0004075855373830706,0.0003207589015578912,1
2026-09-03 03:00:00+00:00,1.34886,1.3496299999999999,1.34882,1.34946,2024,1.348698,1.348601,1.3489520000000002,1.3509284000000001,1.3488662627994334,1.3494629173200932,-0.0005966545206597118,-0.0007564352459587342,0.00015978072529902244,34.38596491228114,1.3489520000000002,1.3507805524904557,1.3471234475095446,0.002711071247094853,0.0008978571428571724,0.0,0.0008306510227391595,0.0005560869275085256,0.0003055725359556586,1
2026-09-03 04:00:00+00:00,1.34942,1.3498299999999999,1.34918,1.34937,1615,1.348922,1.348672,1.3489165,1.3508243999999998,1.3489437608302899,1.349456034555642,-0.0005122737253520082,-0.0007076029418373891,0.0001953292164853809,38.96620278329874,1.3489165,1.3506792284472582,1.347153771552742,0.0026135471650885886,0.0008250000000000122,0.1961209569667274,0.0008307064713517498,0.0005264484747824483,0.0003067125128130056,1
2026-09-03 05:00:00+00:00,1.34936,1.34966,1.3489200000000001,1.34914,2008,1.3490000000000002,1.348708,1.3489415,1.3507264,1.3489739514717838,1.3494326245885573,-0.0004586731167735003,-0.0006578169768246114,0.0001991438600511111,39.91853360488744,1.3489415,1.3507018979812693,1.3471811020187308,0.002610043476710083,0.0007642857142857094,0.2368987587618535,0.0002891566265061929,0.0002669078722994378,0.0003141814006141303,1
2026-09-03 06:00:00+00:00,1.34911,1.34986,1.34829,1.34914,3345,1.349194,1.3487770000000001,1.348979,1.3506247999999998,1.3489994973992017,1.3494109486931083,-0.0004114512939066284,-0.0006085438402410148,0.00019709254633438643,46.77804295942723,1.348979,1.3507217975090982,1.3472362024909017,0.002583876411861454,0.0008085714285714284,0.5306157177536963,0.0007194938323802358,0.0005116986169306781,0.0002999002465085412,1
2026-09-03 07:00:00+00:00,1.34915,1.3504399999999999,1.34896,1.35022,3869,1.349466,1.34897,1.349067,1.3505364,1.3491872670300937,1.3494708784195448,-0.00028361138945109943,-0.0005435573500830318,0.0002599459606319323,66.52078774616973,1.349067,1.3508759380425892,1.3472580619574108,0.0026817616064868416,0.0008385714285714187,0.999999999996888,0.001008258825971664,0.0014314427904975613,0.00037380810262421934,1
2026-09-03 08:00:00+00:00,1.3502399999999999,1.35072,1.34961,1.34999,3236,1.349572,1.349135,1.349192,1.3504551999999999,1.349310764410079,1.349509331869949,-0.00019856745986990276,-0.00047455937204040596,0.0002759919121705032,64.00000000000112,1.349192,1.3508838205702505,1.3475001794297494,0.002507901870527729,0.0008614285714285527,0.9215558847393923,0.0003927496924696072,0.0012237269531425454,0.00038590485446463903,1
2026-09-03 09:00:00+00:00,1.34998,1.35036,1.34893,1.34977,2983,1.349652,1.349287,1.3491184999999999,1.350378,1.3493814160392976,1.349528640620323,-0.00014722458102545133,-0.000409092413837415,0.0002618678328119637,60.206185567008916,1.3491184999999999,1.3505421687224908,1.347694831277509,0.0021105169375275627,0.0009285714285714056,0.8034965927186646,0.000296434632458098,0.0011273873539774382,0.00039229062545556803,1
2026-09-03 10:00:00+00:00,1.34974,1.34993,1.3484099999999999,1.34943,2575,1.34971,1.349355,1.3490659999999999,1.3502843999999998,1.3493888904947904,1.3495213339077068,-0.00013244341291640538,-0.0003537626136532131,0.0002213192007368077,60.08230452674952,1.3490659999999999,1.3503487339223745,1.3477832660776252,0.0019016622201947972,0.000982142857142852,0.7996415523190527,0.00021495174703867193,0.0005041705282669007,0.0003961757209267341,1
2026-09-03 11:00:00+00:00,1.34939,1.35004,1.3486099999999999,1.34941,3017,1.349764,1.3494789999999999,1.34903,1.3501936,1.3493921381109764,1.3495130869515803,-0.00012094884060398492,-0.00030719985904336744,0.00018625101843938252,61.8644067796621,1.34903,1.350224372770793,1.347835627229207,0.001770713432307717,0.001057857142857142,0.855098595356728,0.00020012748862230367,0.00091976531149629,0.00036036043140260635,1
2026-09-03 12:00:00+00:00,1.34941,1.35216,1.3489,1.35178,4677,1.350076,1.349771,1.3491484999999999,1.3501584,1.3497595014785184,1.3496810064366485,7.84950418699637e-05,-0.0002300608788607012,0.0003085559207306649,74.43181818181995,1.3491484999999999,1.3508599632089555,1.3474370367910442,0.0025371013034601528,0.0012592857142857167,0.9999999999975028,0.0011553672734814224,0.0021647910087037037,0.0006331225309634529,1
2026-09-03 13:00:00+00:00,1.35181,1.35192,1.35022,1.35165,4398,1.350408,1.34999,1.3492954999999998,1.3501204000000002,1.3500503474049002,1.3498268578117116,0.00022348959318851946,-0.00013935078445085705,0.0003628403776393765,74.01129943502957,1.3492954999999998,1.3513240486125548,1.3472669513874447,0.003006826321669466,0.0013521428571428653,0.9894990688783949,0.0012296387380648088,0.00162287137077044,0.0006345520699548276,1
2026-09-03 14:00:00+00:00,1.3516599999999999,1.35202,1.34999,1.35175,4575,1.350804,1.350228,1.34945,1.3500964,1.350311832419531,1.3499693127886219,0.0003425196309090328,-4.297670137887905e-05,0.00038549633228791185,72.45508982036081,1.34945,1.3517298707257488,1.3471701292742513,0.0033789628748731055,0.001430714285714301,0.9506383757576763,0.0014669165857887911,0.0017637860631258828,0.0006304562533457751,1
2026-09-03 15:00:00+00:00,1.3517700000000001,1.35406,1.35175,1.3532199999999999,4506,1.351562,1.350636,1.349672,1.3500714000000003,1.350759242816526,1.350210104433909,0.0005491383826170537,7.544631542030754e-05,0.00047369206719674616,83.35535006604937,1.349672,1.3524805553506563,1.3468634446493437,0.00416183391321191,0.001514285714285722,0.9999999999979579,0.0028085932578940653,0.0030241487169604397,0.0006773111629290934,0
2026-09-03 16:00:00+00:00,1.35321,1.35479,1.35304,1.35435,2745,1.35255,1.351157,1.349967,1.3500834,1.351311666998599,1.3505167633647306,0.0007949036338683602,0.0002193377791099181,0.0005755658547584421,84.26966292134797,1.349967,1.3534041904070815,1.3465298095929183,0.005092258413845034,0.0015564285714285697,0.9999999999979953,0.003660859190312671,0.003861719317491019,0.0006873140615258927,0
2026-09-03 17:00:00+00:00,1.35439,1.35467,1.35385,1.35386,2064,1.352966,1.351521,1.3502455,1.3501076,1.351703718229584,1.3507644105228989,0.0009393077066850442,0.0003633317646249434,0.0005759759420601008,77.84810126582325,1.3502455,1.3539986655410783,1.3464923344589217,0.005559234288991589,0.00155714285714286,0.8582544989711007,0.0015387119205787503,0.0026958569714565783,0.0007073604435832003,0
2026-09-03 18:00:00+00:00,1.3538999999999999,1.35439,1.3537,1.35389,1927,1.353414,1.351911,1.350523,1.3501566000000003,1.3520400692711865,1.3509959356693508,0.0010441336018356395,0.0004994921320670827,0.0005446414697685569,78.82653061224678,1.350523,1.3544971538655606,1.3465488461344393,0.005885355326137592,0.0015600000000000217,0.8772718441879958,0.0016572337513409696,0.0028889102882243556,0.0006965985366307166,0
2026-09-03 19:00:00+00:00,1.3538700000000001,1.35397,1.3522,1.35254,2588,1.353572,1.352188,1.3507375,1.3501808,1.3521169816910041,1.3511103108049547,0.0010066708860494433,0.0006009278828635548,0.0004057430031858885,68.97321428571544,1.3507375,1.3546578269197442,1.3468171730802556,0.0058047206355702876,0.0016335714285714406,0.5920035290225406,0.0005844275938597931,0.0020522014861792393,0.0007991015992965084,1
2026-09-03 20:00:00+00:00,1.35254,1.3529,1.35232,1.35237,933,1.3534020000000002,1.352482,1.3509185000000001,1.3502006,1.3521559075846956,1.351203621115699,0.0009522864689965882,0.0006711996000901616,0.00028108686890642657,67.68893756845671,1.3509185000000001,1.3547863772907909,1.3470506227092094,0.005726292579146327,0.0015628571428571516,0.31448796175172494,-0.0006281314198725019,0.0021786976723505713,0.0007920437633573479,1
2026-09-03 21:00:00+00:00,1.35235,1.35257,1.35213,1.35254,550,1.35304,1.352795,1.351137,1.3502275999999998,1.3522149987255117,1.3513026121441658,0.0009123865813458476,0.0007194369963412989,0.0001929495850045487,64.11192214112039,1.351137,1.3548414047749415,1.3474325952250585,0.0054833888420515375,0.0014885714285714422,0.1666001532128498,-0.001336434451950974,0.00231953224001602,0.0007886947772886394,1
2026-09-03 22:00:00+00:00,1.35259,1.3526500000000001,1.35229,1.3523800000000001,619,1.352744,1.352855,1.351313,1.3502444,1.3522403835369714,1.3513824186520054,0.0008579648849660337,0.0007471425740662459,0.0001108223108997878,64.66257668711788,1.351313,1.3548943323013083,1.3477316676986917,0.005300522234757313,0.0014350000000000276,0.1893663659183342,-0.0010931706380274964,0.00044385920785927624,0.0005817644440220245,1
2026-09-03 23:00:00+00:00,1.35237,1.35297,1.35235,1.3528,1065,1.3525260000000001,1.35297,1.35148,1.350274,1.3523264783774374,1.3514874246777826,0.0008390536996547571,0.0007655247991839483,7.352890047080882e-05,68.1437125748521,1.35148,1.3550086198285585,1.3479513801714416,0.005221860225173076,0.0013771428571428862,0.33329013927662055,-0.0008050875625050802,0.000850811970554588,0.000585043559550956,1
2026-09-04 00:00:00+00:00,1.35282,1.35332,1.35246,1.35296,2379,1.3526099999999999,1.353091,1.3516595,1.3503028000000001,1.352423943242447,1.35159650433128,0.0008274389111668778,0.0007779076215805343,4.953128958634352e-05,71.60342717258456,1.3516595,1.3551003351189128,1.3482186648810872,0.005091275012549831,0.0013300000000000217,0.43467569981309695,0.0003105268605734235,0.000895135934899205,0.0005851168296219652,1
2026-09-04 01:00:00+00:00,1.353,1.35346,1.35275,1.35346,2396,1.352828,1.353115,1.3518755,1.3503458000000002,1.352583336589763,1.3517345410474817,0.0008487955422813442,0.0007920852057206963,5.671033656064791e-05,73.41040462427915,1.3518755,1.3551904643166708,1.3485605356833292,0.004904244979172677,0.0012785714285714622,0.46128594392052974,0.0008059924428964749,0.0001773547538466147,0.0004844670257571623,1
2026-09-04 02:00:00+00:00,1.35346,1.35373,1.3529200000000001,1.3531,1577,1.35294,1.3529900000000001,1.3520735,1.3503943999999999,1.3526628232682611,1.3518356861550758,0.0008271371131853833,0.0007990955872136339,2.804152597174936e-05,59.93975903614485,1.3520735,1.355166107654554,1.3489808923454458,0.00457461470039033,0.0011035714285714576,0.0,0.000414035814097824,-0.0009229519695794774,0.000394951383558517,1
2026-09-04 03:00:00+00:00,1.35309,1.35345,1.3526099999999999,1.35289,1681,1.3530419999999999,1.352893,1.3522070000000002,1.3504424,1.3526977735346826,1.351913783476922,0.0007839900577606418,0.0007960744813230356,-1.2084423562393806e-05,59.22619047619001,1.3522070000000002,1.355191338770059,1.3492226612299414,0.0044140265063836665,0.0010421428571428962,0.0,0.0003771129416285657,-0.0007164699451938095,0.00038455219472640126,1
2026-09-04 04:00:00+00:00,1.3529200000000001,1.35331,1.3529,1.35315,1573,1.3531119999999999,1.352819,1.352365,1.350492,1.352767346837039,1.3520053550712239,0.0007619917658150399,0.0007892579382214365,-2.7266172406396633e-05,60.17441860465166,1.352365,1.3551852164903366,1.3495447835096634,0.004170791894697942,0.0009271428571429041,0.0378632847555132,0.0002587226493200312,-0.0005465732075722318,0.0003928278876915887,0
2026-09-04 05:00:00+00:00,1.35315,1.3535599999999999,1.3529200000000001,1.35352,1441,1.353224,1.3529170000000001,1.3525525,1.3505574000000002,1.3528831396313405,1.352117550991874,0.00076558863946663,0.0007845240784704753,-1.89354390038453e-05,52.59515570934415,1.3525525,1.3551348928111946,1.3499701071888055,0.003818547244849342,0.0008078571428571697,0.0,0.00041390728476820016,0.0007245626746712475,0.00022277166751926878,0
2026-09-04 06:00:00+00:00,1.3535,1.35445,1.35344,1.35412,2409,1.3533560000000002,1.353092,1.352787,1.3506468,1.3530734258419035,1.3522658805480314,0.0008075452938720584,0.000789128321550792,1.841697232126641e-05,47.80952380952425,1.352787,1.355001013740208,1.350572986259792,0.003273262886482529,0.0007550000000000294,0.0,0.00048763908796711775,0.0012940245642834025,0.00023863680059985957,0
2026-09-04 07:00:00+00:00,1.3541400000000001,1.35489,1.3532600000000001,1.35339,2588,1.3534140000000001,1.353177,1.352986,1.3507096,1.3531221295585338,1.3523491486555845,0.0007729809029493051,0.0007858988378304947,-1.2917934881189592e-05,45.71948998178534,1.352986,1.3545386737549123,1.3514333262450877,0.002295180814749456,0.0008128571428571549,0.0,0.00021432266646970177,0.0006284472178272882,0.00031887676373891434,0
2026-09-04 08:00:00+00:00,1.35338,1.35426,1.3529,1.35327,2605,1.35349,1.353266,1.3530605000000002,1.3507901999999998,1.353144878857221,1.352417359866282,0.0007275189909388136,0.0007742228684521586,-4.670387751334502e-05,44.444444444444,1.3530605000000002,1.3545090197525071,1.3516119802474933,0.002141101233103659,0.000860714285714294,0.0,0.0002808801898159796,0.0006580990549991395,0.00031713924252139937,0
2026-09-04 09:00:00+00:00,1.35325,1.35325,1.35214,1.35229,2441,1.3533180000000002,1.353215,1.3530925000000003,1.3508158000000001,1.3530133590330329,1.352407925802113,0.0006054332309197719,0.0007404649409456813,-0.00013503171002590946,47.600767754317886,1.3530925000000003,1.3544341545165666,1.351750845483434,0.001983093567610958,0.000815000000000026,0.10896663843583831,-0.0006355540775229152,-0.00037699586043760114,0.00038906555635770016,0
2026-09-04 10:00:00+00:00,1.35228,1.35348,1.35217,1.35308,2187,1.35323,1.353227,1.353159,1.3508758,1.3530236114894894,1.3524577090760306,0.0005659024134587742,0.0007055524354483,-0.0001396500219895257,56.08919382504255,1.353159,1.3543430679211181,1.3519749320788819,0.0017500795118949614,0.0008671428571428759,0.40201496198509995,-0.00032507831432115886,8.869441816461432e-05,0.00043499766198497883,0
2026-09-04 11:00:00+00:00,1.35313,1.3538299999999999,1.35313,1.35321,2169,1.353048,1.353202,1.3531585,1.3509672000000001,1.3530522866449526,1.352513434329658,0.0005388523152944913,0.0006722124114175383,-0.00013336009612304703,55.785837651122,1.3531585,1.3543424679048504,1.3519745320951495,0.001749932332170141,0.0008892857142857194,0.3915421113688554,-0.0006720231589518733,-0.00018471177574519437,0.00041807511634462026,0
2026-09-04 12:00:00+00:00,1.35321,1.35362,1.34821,1.35032,7806,1.352434,1.3529240000000002,1.3529570000000002,1.3510058,1.3526319348534213,1.3523509577126462,0.00028097714077501834,0.0005939653572890344,-0.00031298821651401607,37.910798122065145,1.3529570000000002,1.3545781639742174,1.351335836025783,0.002396475237893278,0.001250000000000005,0.0,-0.0022683779250622926,-0.002054541423398115,0.0007919761964367012,1
2026-09-04 13:00:00+00:00,1.35034,1.3524,1.34947,1.35053,5502,1.351886,1.3526880000000001,1.3527905,1.3510472000000002,1.3523085602605873,1.3522160719561538,9.248830443353562e-05,0.0004936699467179347,-0.0004011816422843991,36.34175691937508,1.3527905,1.3546825495708814,1.3508984504291186,0.0027972543729149553,0.0014150000000000076,0.0,-0.002024725295026064,-0.0017444138104353302,0.0008002152872468622,1
2026-09-04 14:00:00+00:00,1.35052,1.35232,1.3505,1.3514300000000001,4295,1.3517139999999999,1.352516,1.3526675000000001,1.351126,1.3521733971435739,1.3521578444038462,1.5552739727642262e-05,0.00039804650531987616,-0.0003824937655922339,41.546961325968525,1.3526675000000001,1.354578343021381,1.3507566569786194,0.002825295974629066,0.0014835714285714255,0.14042067161491759,-0.0006359582633901351,-0.0012711081550456083,0.0008375280280925328,1
2026-09-04 15:00:00+00:00,1.35144,1.35251,1.35101,1.35199,3457,1.351496,1.352363,1.35264,1.3511410000000001,1.3521451821984085,1.3521454114850429,-2.292866343456268e-07,0.00031839134692903184,-0.00031862063356337747,41.93194291986818,1.35264,1.3545742562829548,1.3507057437170453,0.002859972029445733,0.0015399999999999858,0.23455986890138944,-0.0008055695154758347,-0.0011303859566168528,0.0008461542990760639,0
2026-09-04 16:00:00+00:00,1.35198,1.35243,1.35172,1.3519700000000001,2252,1.3512480000000002,1.3521480000000001,1.35262,1.3511707999999998,1.352118231090961,1.3521324180417065,-1.4186950745509463e-05,0.0002518756873941236,-0.00026606263813963306,43.55758266818797,1.35262,1.3545741804042515,1.3506658195957484,0.0028894743597633462,0.0015328571428571294,0.3027704519147531,-0.000916339666422683,-0.0015877470238973013,0.0008248370182855439,0
2026-09-04 17:00:00+00:00,1.35195,1.35196,1.3511199999999999,1.35134,2135,1.3514519999999999,1.3519430000000001,1.35256,1.3511950000000001,1.3519985032308133,1.3520737204089877,-7.521717817438045e-05,0.00018645711428042275,-0.0002616742924548032,41.56692056583298,1.35256,1.3545964778675432,1.3505235221324567,0.003011293942661679,0.00153357142857142,0.2192438140329074,0.0007553765033474491,-0.0015147149011003336,0.0008214064870185061,1
2026-09-04 18:00:00+00:00,1.35137,1.35145,1.35103,1.35135,1676,1.351616,1.3517510000000001,1.3525085,1.3512338,1.3518987335029957,1.3520201114898034,-0.0001213779868076692,0.00012489009406280437,-0.0002462680808704736,39.932885906040326,1.3525085,1.3546150339453444,1.3504019660546553,0.00311500289328244,0.00153357142857142,0.1818529160924381,0.0006071690373410377,-0.001418785608193418,0.0008227806388751165,1
2026-09-04 19:00:00+00:00,1.35135,1.35217,1.35129,1.35185,1525,1.3517,1.351707,1.3524610000000001,1.3512966,1.3518912360409963,1.3520075106387068,-0.00011627459771057502,7.665715570812847e-05,-0.00019293175341870348,40.79382579933828,1.3524610000000001,1.3545826468280302,1.35033935317197,0.00313746101075013,0.0015507142857142941,0.2254504673800437,0.0003107819124925637,-0.00032537399522292176,0.0008093533967162464,1
2026-09-04 20:00:00+00:00,1.35184,1.35196,1.3513600000000001,1.35167,1250,1.351636,1.351566,1.3523965,1.3513568,1.3518571997269968,1.3519825098506544,-0.00012531012365757377,3.626369983498802e-05,-0.00016157382349256177,35.83815028901742,1.3523965,1.3545326576424548,1.3502603423575452,0.003159070054462258,0.0015214285714285783,0.0,-0.00023668814118449344,-0.001042066987909207,0.000779900247996781,0
2026-09-06 21:00:00+00:00,1.35158,1.3518,1.3511199999999999,1.3516,674,1.351562,1.351405,1.3523035,1.3514132,1.3518176305382281,1.351954175787643,-0.00013654524941486557,1.7019099850172903e-06,-0.00013824715939988287,38.798498122652724,1.3523035,1.3544064030059344,1.3502005969940658,0.0031101050998304713,0.001453571428571451,0.14618248330533895,-0.0002736747117171312,-0.0011897635991457989,0.0007770824266229336,0
2026-09-06 22:00:00+00:00,1.35178,1.35185,1.35141,1.3516,655,1.351614,1.3515329999999999,1.3522285,1.3514762000000002,1.3517841489169624,1.351927940544114,-0.00014379162715161264,-2.739679744230871e-05,-0.00011639482970930393,39.39008894536211,1.3522285,1.3543187508033223,1.3501382491966778,0.0030915644853251618,0.0013878571428571629,0.1753953395047771,0.00019240161617362084,0.0009479234551810212,0.00032056387061626013,0
2026-09-06 23:00:00+00:00,1.35157,1.35198,1.35153,1.3516599999999999,900,1.3516759999999999,1.3516460000000001,1.3521670000000001,1.3515436,1.3517650490835835,1.3519080930964018,-0.00014304401281828305,-5.052624051750359e-05,-9.251777230077946e-05,45.46762589927979,1.3521670000000001,1.3542476588024879,1.3500863411975124,0.003077517499669428,0.0013392857142857334,0.4755051557261572,0.00022940022940010074,0.0008367085514575656,0.00032015094631212973,0
2026-09-07 00:00:00+00:00,1.3516599999999999,1.35218,1.3515,1.35199,2173,1.351704,1.351702,1.352109,1.3516166,1.3517996569168784,1.3519141602744462,-0.00011450335756779673,-6.332166392756223e-05,-5.1181693640234494e-05,41.60246533127904,1.352109,1.3541383208611835,1.3500796791388165,0.003001711934738189,0.0012942857142857398,0.2889715954333345,0.00010356178570103403,0.0004143758833234923,0.0002562169583519697,0
2026-09-07 01:00:00+00:00,1.35201,1.35203,1.3511600000000001,1.35124,2043,1.3516179999999998,1.351627,1.351995,1.3516764000000001,1.3517135558527433,1.3518642224763393,-0.00015066662359597416,-8.079065586124463e-05,-6.987596773472953e-05,36.146272855134185,1.351995,1.353945195671628,1.3500448043283721,0.0028849155087524846,0.001302857142857177,0.03199785518800125,-0.00031812498612826534,-0.0005547378309010975,0.0002815217522089984,1
2026-09-07 02:00:00+00:00,1.35125,1.35127,1.35049,1.3507,1330,1.3514380000000001,1.3515,1.3518240000000001,1.3517154,1.3515576241830907,1.3517779837743884,-0.0002203595912977363,-0.00010870444294854299,-0.00011165514834919331,53.99159663865569,1.3518240000000001,1.3535797172772515,1.3500682827227488,0.002597553050177128,0.0009721428571428817,0.9999999999944915,-0.0006658774785438526,-0.0009393699564340663,0.0003009776072941862,1
2026-09-07 03:00:00+00:00,1.35073,1.35122,1.35063,1.3511,1315,1.351338,1.351476,1.3517095000000001,1.351774,1.3514872204626154,1.3517277627540634,-0.0002405422914479871,-0.00013507201264843183,-0.00010547027879955528,55.757575757575076,1.3517095000000001,1.3533285767348804,1.3500904232651199,0.002395598662109373,0.0008050000000000239,0.9999999999949799,-0.00036993193252432555,-0.00017760149185253038,0.00029267790709039653,1
2026-09-07 04:00:00+00:00,1.3510900000000001,1.35124,1.35077,1.35118,1144,1.351242,1.3514589999999997,1.351605,1.3518204,1.3514399557760592,1.3516871877352439,-0.00024723195918463503,-0.00015750400195567248,-8.972795722896255e-05,46.97336561743254,1.351605,1.3530616363559351,1.3501483636440648,0.002155417234969065,0.0007085714285714552,0.5590128764474607,-0.000355118890845163,-0.0001258001258001018,0.00029362910357008535,1
2026-09-07 05:00:00+00:00,1.35115,1.35192,1.35095,1.35182,1476,1.3512080000000002,1.351456,1.3515815,1.3518675999999998,1.3514984241182038,1.3516970256807812,-0.00019860156257744954,-0.00016572351408002792,-3.287804849742162e-05,47.98099762470317,1.3515815,1.3530064251133642,1.3501565748866358,0.002108530064023854,0.0006707142857143022,0.6095982715360938,-0.00012574057500425173,-2.219181122165015e-05,0.00031000747003951784,1
2026-09-07 06:00:00+00:00,1.35183,1.3531,1.35131,1.3525800000000001,2218,1.351476,1.351547,1.3515565,1.3519318,1.3516648204077109,1.3517624311859084,-9.761077819758768e-05,-0.00015210096690353988,5.4490188705952206e-05,56.1616161616156,1.3515565,1.3528850096516345,1.3502279903483656,0.0019658958417712413,0.0007478571428571572,0.9999999999950797,0.0009916817145734225,0.0006732412497134632,0.0003524456087976029,1
2026-09-07 07:00:00+00:00,1.35259,1.35336,1.35218,1.35321,2429,1.3519780000000001,1.351708,1.3515565,1.3520131999999998,1.3519025403449862,1.3518696585054708,3.288183951544177e-05,-0.00011510440561974355,0.00014798624513518533,68.88888888888839,1.3515565,1.3528850096516345,1.3502279903483656,0.0019658958417712413,0.0007714285714285658,0.9999999999969743,0.0018582956985266907,0.0011911808227287324,0.00037054221304870977,1
2026-09-07 08:00:00+00:00,1.3532199999999999,1.35449,1.3529900000000001,1.35355,3310,1.352468,1.3519029999999999,1.351718,1.3521014000000002,1.3521559956765268,1.3519941282458061,0.00016186743072066356,-5.971003835166212e-05,0.00022157746907232567,70.83333333333246,1.351718,1.3531910505403695,1.3502449494596305,0.002179523451444018,0.0008485714285714049,0.9999999999971424,0.0018133372807342951,0.0014427345368452915,0.00037008599820562686,1
2026-09-07 09:00:00+00:00,1.35351,1.35436,1.3532199999999999,1.35354,1990,1.3529399999999998,1.3520910000000002,1.3518685,1.3521678,1.3523689194185995,1.3521086372646351,0.00026028215396434184,4.288400111538691e-06,0.00025599375385280314,67.64091858037438,1.3518685,1.353442115013359,1.3502948849866407,0.002328059294760068,0.0008671428571428441,0.9087755949438426,0.0017466214716024275,0.0013908823224775269,0.0003719955560627258,1
2026-09-07 10:00:00+00:00,1.35354,1.35406,1.3533,1.35384,1657,1.3533439999999999,1.352276,1.351989,1.3522448,1.3525952395080458,1.3522368863561436,0.0003583531519022465,7.510135046968028e-05,0.0002832518014325662,72.09775967413361,1.351989,1.3537758749550552,1.350202125044945,0.0026433276528953116,0.000878571428571427,0.9999999999972184,0.0014942817830776445,0.001368353316222759,0.00037135677551735356,1
2026-09-07 11:00:00+00:00,1.35381,1.35397,1.35312,1.35321,1723,1.3534700000000002,1.352473,1.35205,1.3523136,1.3526898180452696,1.3523089688482812,0.000380849196988331,0.00013625091977341043,0.00024459827721492057,64.71663619744137,1.35205,1.3539184527794978,1.350181547220502,0.002763881187083134,0.0008907142857142685,0.7946921218047934,0.00046577651599166714,0.0014579201326190283,0.00035350669303427354,1
2026-09-07 12:00:00+00:00,1.3532199999999999,1.35389,1.35289,1.35372,2142,1.353572,1.352775,1.3521375,1.3523994,1.3528483075767666,1.3524134896743345,0.00043481790243204976,0.00019596431630513835,0.0002388535861269114,67.72575250836194,1.3521375,1.3541486361020056,1.3501263638979943,0.002974750869649944,0.0009307142857142768,0.8783914782754123,0.00037688163699645116,0.002235877693048005,0.00030191618965634667,1
2026-09-07 13:00:00+00:00,1.35371,1.35401,1.35351,1.35386,1749,1.353634,1.353051,1.3522635,1.3524884,1.3530039525649564,1.352520638587347,0.0004833139776094786,0.00025343424856600645,0.00022987972904347213,68.15181518151928,1.3522635,1.3543773966263997,1.3501496033736005,0.0031264566800769267,0.0009342857142856971,0.8902425228594989,0.00022902737246499605,0.0020427799570721383,0.00030290662524174773,1
2026-09-07 14:00:00+00:00,1.35386,1.35459,1.35359,1.3545099999999999,2161,1.353828,1.3533840000000001,1.3524215,1.352543,1.3532356521703477,1.3526679986919878,0.000567653478359853,0.0003162780945247758,0.00025137538383507725,69.74921630093984,1.3524215,1.3547128409082079,1.350130159091792,0.0033885011561971302,0.000957142857142831,0.9346746523972382,0.0007166393309394614,0.002464512500184979,0.0003096983480764005,0
2026-09-07 15:00:00+00:00,1.35453,1.3547,1.35391,1.35394,1499,1.353848,1.353596,1.352526,1.3525888000000001,1.3533440133749095,1.3527622210111,0.0005817923638093969,0.00036938094838170004,0.00021241141542769688,71.77419354838733,1.352526,1.3548968528333967,1.3501551471666031,0.0035058147989713694,0.0009514285714285554,0.9871214356408053,7.386397210895623e-05,0.0015682561287744257,0.0003615429982221965,1
2026-09-07 16:00:00+00:00,1.35393,1.3547500000000001,1.3538000000000001,1.35462,669,1.35413,1.3538,1.3526735,1.3526462000000001,1.353540319009539,1.3528998342695373,0.0006404847400016678,0.0004236017067056936,0.00021688303329597418,80.91482649842314,1.3526735,1.3551831216950687,1.3501638783049315,0.0037106096852915814,0.0009635714285714128,0.9999999999970537,0.0010419668787549075,0.0015082287184491339,0.00035449987186049714,0
2026-09-07 17:00:00+00:00,1.35462,1.35462,1.3541400000000001,1.3542100000000001,410,1.354228,1.3538999999999999,1.352804,1.352666,1.3536433468542255,1.352996883582905,0.0006464632713205631,0.00046817401962866753,0.0001782892516918956,74.48818897638068,1.352804,1.3553497613895171,1.3502582386104827,0.003763681049904098,0.0009557142857142502,0.8106552471427989,0.00036196554678968873,0.000738983601954013,0.00036184228940459645,1
2026-09-07 18:00:00+00:00,1.3542100000000001,1.3542399999999999,1.35401,1.3541400000000001,366,1.354284,1.3539590000000001,1.352931,1.3526618,1.3537197550304982,1.3530815588730603,0.0006381961574379869,0.0005021784471905315,0.00013601771024745535,73.34384858044382,1.352931,1.3554772864600366,1.3503847135399636,0.003764103949183687,0.0009385714285713918,0.770115465557128,0.00020681606665395869,0.00043589080565920035,0.0003580082637838445,1
2026-09-07 19:00:00+00:00,1.35413,1.35416,1.35386,1.35397,514,1.354176,1.354002,1.3530465,1.352664,1.3537582542565756,1.3531473693269076,0.0006108849296679875,0.0005239197436860227,8.696518598196479e-05,68.31345826235042,1.3530465,1.355559382806603,1.350533617193397,0.0037144071642814945,0.0008907142857142526,0.49091984172316355,-0.00039866815305900083,0.0003176854766020476,0.0003618089045461523,1
2026-09-07 20:00:00+00:00,1.35397,1.3541400000000001,1.35393,1.35399,266,1.3541860000000001,1.354017,1.3531465,1.352666,1.3537939074478718,1.3532097864138033,0.0005841210340684633,0.0005359600017625109,4.8161032305952417e-05,63.74269005847905,1.3531465,1.3556414741059162,1.3506515258940839,0.00368766294841859,0.0007778571428571159,0.0,3.6929258312889957e-05,0.00011079595816343435,0.00035561081765097245,1
2026-09-07 21:00:00+00:00,1.35395,1.3541400000000001,1.35388,1.3541400000000001,470,1.35409,1.35411,1.3532915,1.352698,1.3538471524558915,1.3532786911238919,0.0005684613319996146,0.0005424602678099316,2.600106418968297e-05,60.00000000000095,1.3532915,1.355653481995504,1.3509295180044962,0.003490721689309153,0.0007121428571428437,0.0,-0.0003543429153561872,0.0006872547498171233,0.0003140836308986517,0
2026-09-07 22:00:00+00:00,1.35419,1.35434,1.35403,1.35426,687,1.3541,1.354164,1.3534695,1.3527357999999998,1.3539106674626775,1.3533513806702702,0.0005592867924073541,0.0005458255727294161,1.3461219677938043e-05,58.013544018058674,1.3534695,1.3555259913911364,1.3514130086088638,0.0030388440834998994,0.0006271428571428579,0.0,3.6921895422370454e-05,0.0003989008066660471,0.00029532955280851006,0
2026-09-07 23:00:00+00:00,1.35426,1.35487,1.35425,1.35463,1318,1.3541979999999998,1.354241,1.3536460000000001,1.3527776,1.3540213340068807,1.353446093213213,0.000575240793667664,0.0005517086169170656,2.353217675059836e-05,61.377870563675046,1.3536460000000001,1.3554347178588746,1.3518572821411257,0.0026428148258473287,0.0005899999999999953,0.1469055957231326,0.0003618532795721663,0.0005687441832979978,0.00030413542916375957,0
2026-09-08 00:00:00+00:00,1.35463,1.35486,1.35401,1.3542399999999999,2404,1.354252,1.354214,1.353799,1.3528148,1.354054974928899,1.3535049011233455,0.000550073805553497,0.000551381654644352,-1.3078490908548972e-06,54.09836065573726,1.353799,1.3551755846370142,1.3524224153629858,0.002033661772558818,0.0005964285714285612,0.0,0.00019941357637165424,-0.00019933407652950041,0.0002815208685191612,1
2026-09-08 01:00:00+00:00,1.35422,1.35496,1.35403,1.3548,2142,1.3544139999999998,1.3542999999999998,1.353948,1.3528547999999998,1.3541695941706067,1.353600834373468,0.0005687597971386626,0.0005548572831432141,1.3902513995448515e-05,66.52806652806562,1.353948,1.3550379270857882,1.3528580729142117,0.0016099984427588889,0.0006021428571428526,0.4635102158949175,0.0005982318924069308,0.0006351832429798421,0.00027300583891041617,0
2026-09-08 02:00:00+00:00,1.3548200000000001,1.35488,1.35338,1.35342,2216,1.35427,1.35418,1.35399,1.3528639999999998,1.3540542719905133,1.3535874392346925,0.00046683275582082295,0.0005372523776787359,-7.041962185791299e-05,47.35915492957781,1.35399,1.3549093590442989,1.3530706409557012,0.001357999755240217,0.0006378571428571345,0.0,-0.0005317027781470696,-0.0008858572883907456,0.0003969393853247271,0
2026-09-08 03:00:00+00:00,1.35341,1.35402,1.3533,1.35374,1427,1.354166,1.354133,1.3540165,1.3528696,1.3540059224535113,1.3535987400321223,0.0004071824213889297,0.0005112383864207747,-0.00010405596503184505,48.97610921501604,1.3540165,1.3548693410722044,1.3531636589277956,0.0012597203537835797,0.000653571428571428,0.048187212767175365,-0.0003839735353625695,-0.0003470658169709706,0.0004012141656292675,0
2026-09-08 04:00:00+00:00,1.35375,1.35399,1.3535,1.35393,1515,1.354026,1.354112,1.3540355,1.3528862000000001,1.353994242076048,1.353623277807521,0.0003709642685270076,0.0004831835628420213,-0.0001122192943150137,44.629629629631744,1.3540355,1.3548610773097889,1.353209922690211,0.0012194322966996634,0.0006171428571428716,0.0,-0.0005167462701991532,-0.00015507997695962672,0.0004048866085857095,0
2026-09-08 05:00:00+00:00,1.35393,1.35434,1.35362,1.35431,1777,1.3540400000000001,1.3541459999999998,1.3540740000000002,1.3529146,1.3540428202181944,1.3536741461180752,0.000368674100119204,0.0004602816702974579,-9.16075701782539e-05,53.55086372360815,1.3540740000000002,1.3548736946783921,1.3532743053216083,0.0011811683532686036,0.0006121428571428707,0.2458642880238829,5.1689508506536086e-05,0.00025111339246808306,0.000412909728898892,0
2026-09-08 06:00:00+00:00,1.35431,1.35527,1.35345,1.3536299999999999,3081,1.3538059999999998,1.35411,1.3540635,1.3529242,1.3539793094153951,1.353670876035255,0.00030843338014019395,0.0004299120122660051,-0.00012147863212581117,40.49904030710157,1.3540635,1.3548814377145997,1.3532455622854005,0.0012081231265735949,0.0006742857142857225,0.0,-0.0008635961027458894,-0.000265880841069821,0.00044542817816655935,1
2026-09-08 07:00:00+00:00,1.35361,1.35415,1.3525800000000001,1.3531,2796,1.353742,1.354006,1.3540579999999998,1.3529158,1.3538440310437958,1.3536285889215325,0.0002154421222633207,0.00038701803426546827,-0.00017157591200214756,39.5872420262654,1.3540579999999998,1.3549011919302743,1.3532148080697253,0.0012454295610298666,0.0007521428571428679,0.0,-0.00023643806061690587,-0.0007680151239902733,0.00045641461986883306,1
2026-09-08 08:00:00+00:00,1.35311,1.35354,1.35218,1.35255,3163,1.353504,1.3538350000000001,1.3539995,1.3528844,1.3536449493447502,1.3535486934458634,9.625589888684338e-05,0.0003288656071897433,-0.00023260970830289994,36.31669535283893,1.3539995,1.3550724688275833,1.3529265311724168,0.0015848880706133667,0.0008328571428571589,0.0,-0.0008790461979405473,-0.0012626822028266593,0.00046328589866101525,1
2026-09-08 09:00:00+00:00,1.35254,1.35338,1.35226,1.35304,2586,1.3533259999999998,1.353676,1.3539584999999998,1.3528774,1.3535518802147888,1.3535110124498737,4.086776491507571e-05,0.00027126603873480984,-0.00023039827381973412,42.41435562805999,1.3539584999999998,1.3551134486202823,1.3528035513797174,0.0017060325265248906,0.0008914285714285906,0.201833284554822,-0.0006573456530248878,-0.0011737522423096447,0.0004725816053575598,1
2026-09-08 10:00:00+00:00,1.35302,1.35375,1.35211,1.35274,2251,1.3530119999999999,1.353526,1.3538700000000001,1.3528668000000001,1.3534269755663597,1.3534539004165498,-2.692485019006874e-05,0.00021162786094983411,-0.00023855271113990285,40.24960998439963,1.3538700000000001,1.3551147785682263,1.352625221431774,0.001838845041586171,0.0009935714285714508,0.13017994478756648,-0.0011592619119698,-0.0011076323251416609,0.00047038595806487264,1
2026-09-08 11:00:00+00:00,1.35276,1.35456,1.35221,1.35443,2826,1.353172,1.3534890000000002,1.3538945,1.3529096,1.3535812870176889,1.353526204089398,5.508292829081718e-05,0.00018031887441803072,-0.00012523594612721354,51.823899371068585,1.3538945,1.3551641203326892,1.3526248796673108,0.0018755085166372724,0.0011428571428571596,0.5132903080842033,0.0005910034499827521,-0.00027310304103922434,0.00062328729875087,0
2026-09-08 12:00:00+00:00,1.35443,1.35554,1.35415,1.35542,3135,1.353636,1.353689,1.3539344999999998,1.3529563999999998,1.3538641659380444,1.353666485267961,0.00019768067008341106,0.0001837912335511068,1.3889436532304257e-05,56.5759637188211,1.3539344999999998,1.355343157068468,1.3525258429315317,0.002080834883028914,0.0012200000000000147,0.6705842064701685,0.001714581331756726,0.0014777378788550788,0.0005559751762442858,0
2026-09-08 13:00:00+00:00,1.3554300000000001,1.3562,1.35471,1.35518,3368,1.354162,1.353833,1.353983,1.3529958,1.354066601947576,1.3537785974703342,0.0002880044772417545,0.00020463388228923634,8.337059495251814e-05,53.16455696202557,1.353983,1.3554946265201908,1.352471373479809,0.0022328589357338735,0.0012821428571428667,0.557666234723769,0.0019444752504529372,0.0010637197689364886,0.0005639711230515044,0
2026-09-08 14:00:00+00:00,1.35513,1.3556599999999999,1.35423,1.35527,3103,1.354608,1.3539670000000001,1.3540395,1.3530948,1.3542517401094873,1.353889071731791,0.0003626683776962736,0.0002362407813706438,0.00012642759632562977,56.138259833135265,1.3540395,1.3556566251293305,1.3524223748706696,0.0023885937291052914,0.001323571428571424,0.6560961554927504,0.0016481404836516944,0.000989711432644258,0.0005639621682121835,0
2026-09-08 15:00:00+00:00,1.35526,1.3554599999999999,1.35389,1.35404,2710,1.3548680000000002,1.3539400000000001,1.3540429999999999,1.353165,1.354219164708028,1.3539002516035101,0.00031891310451781507,0.00025277524600007806,6.613785851773701e-05,45.80573951434819,1.3540429999999999,1.3556597947497622,1.3524262052502376,0.0023880995651722804,0.0013692857142857079,0.4683803970628924,0.00096101246359237,-0.00019936351352345394,0.0006413210869911334,0
2026-09-08 16:00:00+00:00,1.35402,1.35416,1.35303,1.35362,2261,1.3547059999999997,1.353939,1.3540245,1.3532088,1.3541269855221774,1.3538794922254722,0.00024749329670514797,0.00025171885614109205,-4.225559435944084e-06,51.23456790123447,1.3540245,1.3556522782726663,1.3523967217273336,0.0024043557153749554,0.0013428571428571376,0.7363480397629201,-0.0005980375508516378,-7.387543124681706e-06,0.0006280164209144388,0
2026-09-08 17:00:00+00:00,1.35364,1.3542,1.35352,1.35416,1546,1.354454,1.354045,1.3540255,1.3532522,1.3541320646726116,1.3539002705791408,0.00023179409347084956,0.00024773390360704355,-1.5939810136193994e-05,52.524038461539014,1.3540255,1.3556536015743939,1.3523973984256064,0.002404831481229486,0.001339999999999992,0.7999964665967024,-0.0009296011568370455,0.0007833862981303508,0.000623064711544564,0
2026-09-08 18:00:00+00:00,1.3541699999999999,1.35504,1.35384,1.35461,2148,1.35434,1.354251,1.3540429999999999,1.353305,1.3542055931845176,1.3539528431288341,0.00025275005568348163,0.00024873713402233117,4.012921661150463e-06,53.96270396270413,1.3540429999999999,1.3556891387035361,1.3523968612964636,0.0024314422858598265,0.0013907142857142768,0.8710091742211158,-0.00042060833247237195,0.001523049055487835,0.0006026374584124091,0
2026-09-08 19:00:00+00:00,1.35464,1.35476,1.35374,1.3538999999999999,2029,1.354066,1.354337,1.3540065,1.3533562000000001,1.3541585788484378,1.3539489288229944,0.0002096500254433753,0.00024091971230654,-3.126968686316471e-05,47.699214365880955,1.3540065,1.355630053931387,1.3523829460686128,0.0023981479134511305,0.001412142857142846,0.5618425506470168,-0.0010108686829931601,0.0006356057470584542,0.000632768370337979,0
2026-09-08 20:00:00+00:00,1.35393,1.35416,1.35374,1.35378,237,1.3540139999999998,1.354441,1.3539835,1.3534048,1.354100335948678,1.3539364155768467,0.00016392037183132757,0.00022551984421149756,-6.159947238016999e-05,50.89820359281493,1.3539835,1.3556061589613857,1.3523608410386143,0.0023968666699198215,0.001312142857142857,0.7197450557685584,-0.00019201796106460556,0.0007688099708738072,0.0006274750140002492,0
