timestamp,open,high,low,close,volume,sma_5,sma_10,sma_20,sma_50,ema_12,ema_26,macd,macd_signal,macd_hist,rsi,bb_mid,bb_upper,bb_lower,bb_width,atr,stoch_rsi,momentum_5,momentum_10,volatility_10,label
2026-05-18 14:00:00+00:00,158.742,158.914,158.73,158.838,3206,158.8052,158.8532,158.85604999999998,158.6052,158.832668643466,158.79252755628286,0.040141087183144464,0.06902982260267741,-0.02888873541953295,44.938820912124136,158.85604999999998,159.05783829448004,158.65426170551993,0.0025405175878419907,0.14849999999999852,0.027354643415092843,-0.000578871201157849,-0.0008931941124669107,0.0005324875954894893,1
2026-05-18 15:00:00+00:00,158.837,158.938,158.796,158.829,3025,158.786,158.8417,158.85899999999998,158.62368,158.83210412416432,158.79528362882922,0.03682049533509257,0.06258788359521977,-0.0257673882601272,44.49339207048482,158.85899999999998,159.05718439048337,158.6608156095166,0.0024950980490043486,0.15257142857142827,0.012272806006275012,-0.0006040585181689151,-0.0007235252667604497,0.0005303287374850824,0
2026-05-18 16:00:00+00:00,158.827,158.942,158.771,158.931,2505,158.8056,158.8458,158.8675,158.63922,158.8473214429341,158.8055238802089,0.041797562725179205,0.05842978143950473,-0.016632218714325527,50.95669687814731,158.8675,159.0625443944059,158.6724556055941,0.0024554348045496715,0.16078571428571667,0.23111474689642014,0.0006170002455410106,0.00025804015356545307,0.0005650665561603425,0
2026-05-18 17:00:00+00:00,158.93,158.95,158.884,158.912,1585,158.85060000000001,158.8453,158.88094999999998,158.65576,158.85727341159898,158.81354679181243,0.04372661978655401,0.05548912762006272,-0.011762507833508712,43.2098765432111,158.88094999999998,159.04553109503152,158.71636890496845,0.0020717536624942955,0.1545714285714297,0.0,0.0014178855230737586,-3.1462964943940186e-05,0.0005642851026452484,0
2026-05-18 18:00:00+00:00,158.912,159.077,158.911,159.077,1701,158.9174,158.87050000000002,158.89555000000001,158.67402,158.89108158800326,158.83337254836255,0.057709039640712945,0.05593311261973199,0.0017759270209809566,54.835493519442025,158.89555000000001,159.07539142137387,158.71570857862616,0.002263643272248355,0.14742857142857296,0.49937810365833607,0.002104029783990491,0.0015866519754448305,0.0006107255562756325,0
2026-05-18 19:00:00+00:00,159.074,159.081,158.805,158.887,4322,158.9272,158.8662,158.89755,158.68797999999998,158.8904535871669,158.83740344398956,0.053050143177330256,0.05535651603462171,-0.002306372857291454,47.5367329299919,158.89755,159.0760023819713,158.71909761802868,0.0022461313213616137,0.16028571428571428,0.23079038876637809,0.0003084904116144038,-0.00027055936575859363,0.0007142284878456814,1
2026-05-18 20:00:00+00:00,158.877,158.877,158.734,158.824,1278,158.92620000000002,158.85610000000003,158.8923,158.7008,158.8802290736531,158.83639707471852,0.043831998934592775,0.053051603990916144,-0.009219605056323368,47.16981132075582,158.8923,159.07302031313222,158.7115796868678,0.002274752308730034,0.16300000000000076,0.211219140434426,-3.148039715661355e-05,-0.0006355198993235334,0.0007237568499291441,1
2026-05-18 21:00:00+00:00,158.814,158.829,158.712,158.753,344,158.8906,158.8481,158.8835,158.7088,158.86065393678123,158.83014169208894,0.030512244692289414,0.048543718638389625,-0.01803147394610021,43.22314049586717,158.8835,159.07359305200538,158.69340694799462,0.002392860832060982,0.1584285714285727,0.0007584462887672342,-0.0011199828856549576,-0.0005036736698293964,0.000714462268180979,1
2026-05-18 22:00:00+00:00,158.758,158.828,158.748,158.826,624,158.8734,158.862,158.8792,158.71784,158.85532223157745,158.82983132490176,0.02549090667568521,0.0439331452057187,-0.01844223853003349,50.04198152812782,158.8792,159.07046570110901,158.68793429889098,0.0024076871120828594,0.15400000000000244,0.3906667043106202,-0.0005411800241643672,0.0008759381675875755,0.0006590192728079186,1
2026-05-18 23:00:00+00:00,158.826,158.868,158.799,158.866,639,158.8312,158.8743,158.87085,158.72868,158.85696505130025,158.8325393698175,0.024425681482739492,0.040031644987333255,-0.015605963504593763,47.158081705151304,158.87085,159.0478974512657,158.69380254873428,0.002228822358106694,0.15142857142857175,0.22576238245205463,-0.0013264016796895595,0.0007748373156613031,0.000655266126321834,1
2026-05-19 00:00:00+00:00,158.866,159.018,158.854,159.009,1969,158.8556,158.8914,158.8723,158.7415,158.88035608095856,158.8457409040363,0.034615176922272894,0.038948349714176,-0.004333172791903109,53.32278481012563,158.8723,159.05353680351146,158.69106319648853,0.0022815406274280326,0.15914285714285775,0.5782663692014804,0.0007678412960152592,0.0010765685793072688,0.0006880326894051856,0
2026-05-19 01:00:00+00:00,159.012,159.027,158.89,158.979,1729,158.8866,158.90640000000002,158.87404999999998,158.75352,158.8955326381199,158.85570304508244,0.03982959303746725,0.03912459859491475,0.0007049944425524951,56.073211314476794,158.87404999999998,159.05884288548532,158.68925711451465,0.0023262815479977565,0.1492142857142856,0.999999999992226,0.0009759230343020509,0.000944411914700849,0.0006927889662458252,1
2026-05-19 02:00:00+00:00,158.981,159.003,158.947,158.963,1158,158.92860000000002,158.9096,158.8777,158.76346,158.9059125619051,158.8637188370041,0.042193724901011365,0.03973842445817272,0.0024553004428386413,62.87313432835768,158.8777,159.0666562466752,158.68874375332481,0.0023786377405411803,0.1368571428571406,0.9999999999949145,0.001322809647691825,0.00020134523787040948,0.0006668921707075067,1
2026-05-19 03:00:00+00:00,158.964,158.988,158.925,158.954,1025,158.9542,158.91379999999998,158.87955000000002,158.77208,158.9133108281142,158.8704591732553,0.042851654858878874,0.04036107102686593,0.0024905838320129423,60.29268292683011,158.87955000000002,159.07083647570897,158.68826352429107,0.002407943321956153,0.13171428571428326,0.8687678598424473,0.0008059133894955384,0.0002642972211035488,0.0006657214032442117,1
2026-05-19 04:00:00+00:00,158.953,159.005,158.919,158.992,1051,158.9794,158.90529999999998,158.8879,158.78148,158.92541712983447,158.8795280287128,0.04588910112167355,0.04146667773982804,0.004422423381845508,57.95454545454559,158.8879,159.0836871024183,158.6921128975817,0.0024644683757329257,0.12471428571428232,0.749858902953379,0.0007931212468368365,-0.0005343324302068408,0.0005721702446520434,1
2026-05-19 05:00:00+00:00,158.993,159.032,158.95,159.004,1186,158.97840000000002,158.917,158.89159999999998,158.7919,158.93750703477826,158.8888105658262,0.048696468952073246,0.042912636708391606,0.00578383224368164,59.0113285272908,158.89159999999998,159.09344037465723,158.68975962534273,0.002540604722430282,0.1204285714285699,0.8036029510804458,-3.144476098837501e-05,0.000736372390440998,0.000408200179005796,1
2026-05-19 06:00:00+00:00,159.007,159.11,159.002,159.067,1992,158.996,158.9413,158.8987,158.80296,158.9574293537643,158.90209244244505,0.055336911319244564,0.04539749262881458,0.009939418690429982,57.29613733905565,158.8987,159.11496212165522,158.68243787834476,0.002722012472792211,0.11592857142856872,0.716374720287374,0.000553532227526965,0.0015299954666800897,0.00038293394481582845,1
2026-05-19 07:00:00+00:00,159.07,159.142,159.0,159.042,1845,159.0118,158.9702,158.90915,158.81168,158.97044040164877,158.9125160308013,0.05792437084747348,0.04790286907774331,0.01002150176973017,56.92963752665229,158.90915,159.13213857652988,158.68616142347014,0.0028064913383511495,0.12135714285713968,0.6975318744401947,0.0004969709932500788,0.0018204380389663655,0.0003411624982501672,1
2026-05-19 08:00:00+00:00,159.038,159.143,159.001,159.136,1617,159.0482,159.00119999999998,158.9316,158.82578,158.99591140598096,158.92915920046485,0.06675220551611005,0.051672737334687815,0.015079468181422237,53.40253748558236,158.9316,159.15079412208715,158.71240587791286,0.0027583453773465517,0.1196428571428539,0.5180356328067718,0.0011449853416711786,0.0019518214901841358,0.00035526831337375246,0
2026-05-19 09:00:00+00:00,159.136,159.172,159.066,159.098,1517,159.0694,159.0244,158.94935,158.83885999999998,159.01161749842973,158.9417280211807,0.06988947724903483,0.05531608606695059,0.014573391182084235,64.75524475524617,158.94935,159.1616241772224,158.73707582277763,0.0026709662823079586,0.10749999999999764,0.9999999999953558,0.0006667002113316389,0.0014603502322712014,0.00037960150343898627,0
2026-05-19 10:00:00+00:00,159.098,159.178,159.054,159.09,1603,159.08660000000003,159.0325,158.96195,158.84949999999998,159.0236764454633,158.95276160308603,0.07091484237727741,0.058435837842372544,0.012479004534904865,70.15151515151459,158.96195,159.1763008928435,158.7475991071565,0.0026968830319897092,0.10542857142856933,0.9999999999962865,0.0005408668964304031,0.0005094051280116751,0.0002741391333806202,1
2026-05-19 11:00:00+00:00,159.089,159.141,159.073,159.131,1425,159.0994,159.0477,158.97705000000002,158.86194,159.0401878781429,158.9660206069344,0.07416727120849487,0.06158212492977539,0.012585146278719476,80.0000000000027,158.97705000000002,159.194493011287,158.75960698871305,0.0027355270623901284,0.10192857142856683,0.9999999999969551,0.00040234618116885557,0.0009561011202736669,0.0002670347898216653,0
2026-05-19 12:00:00+00:00,159.135,159.14,158.646,159.064,6891,159.1038,159.0578,158.9837,158.87592,159.0438513033952,158.9733069154728,0.07054438792241058,0.06337457771706972,0.007169810205340854,69.0705128205138,158.9837,159.20333711698513,158.76406288301487,0.0027630142836671447,0.13149999999999448,0.6672092329859723,0.0001383282403388808,0.0006353679787121091,0.0003091037522291889,0
2026-05-19 13:00:00+00:00,159.066,159.192,158.916,159.048,4404,159.08620000000002,159.0672,158.99050000000003,158.88554,159.04448956763835,158.97885990127892,0.06562966635942757,0.06382559548353946,0.0018040708758881169,65.16666666666725,158.99050000000003,159.2092096128123,158.77179038718776,0.0027512286936925393,0.14628571428571036,0.4439699485946158,-0.000552986125075372,0.0005913660555882938,0.00031130820260536184,0
2026-05-19 14:00:00+00:00,159.048,159.249,158.99,159.065,4233,159.0796,159.0745,158.98989999999998,158.89538000000002,159.04764503227028,158.98526217597978,0.06238285629049756,0.06353704762548298,-0.0011541913349854271,55.907172995782304,158.98989999999998,159.20767429165284,158.77212570834712,0.0027394732829300315,0.15307142857142456,0.09416821280724025,-0.00020741932645296224,0.0004591425983697661,0.0003055745060492022,0
2026-05-19 15:00:00+00:00,159.066,159.172,158.958,159.117,2920,159.08499999999998,159.0858,159.0014,158.90404,159.0583150659304,158.99505100870275,0.06326405722765571,0.0634824495429736,-0.0002183923153178946,63.91129032257884,159.0014,159.2205816358031,158.7822183641969,0.0027569774329420527,0.15857142857142442,0.3951035867146893,0.00016971525551556788,0.0007106739453095479,0.0003183514225300147,0
2026-05-19 16:00:00+00:00,159.114,159.172,158.777,158.82,5323,159.02280000000002,159.06109999999998,159.0012,158.90864,159.0216510973311,158.9820467804485,0.039604316882588364,0.05870682280489554,-0.019102505922307174,40.79794079794026,159.0012,159.2210694349397,158.78133056506033,0.0027656323969841947,0.18278571428571208,0.0,-0.0019543646429671657,-0.0015528047929489475,0.0006707262897400351,1
2026-05-19 17:00:00+00:00,158.821,158.885,158.78,158.859,2191,158.9818,159.0428,159.00650000000002,158.91192,158.99662778673286,158.97290781095953,0.02371997577333218,0.05170945315711251,-0.027989477383780333,44.11400247831473,159.00650000000002,159.20527678568172,158.80772321431832,0.0025002347159606875,0.1857857142857122,0.0845889666987584,-0.001288789418095737,-0.0011506394537291742,0.000682580030433283,1
2026-05-19 18:00:00+00:00,158.859,159.087,158.853,159.042,2426,158.9806,159.0334,159.0173,158.91868,159.00360814254373,158.97803843082002,0.025569711723704813,0.04648150472610307,-0.02091179300239826,52.626050420168674,159.0173,159.1973761242529,158.8372238757471,0.0022648620527817576,0.19635714285714048,0.3017216407238108,-3.7724460540178306e-05,-0.0005906897245123721,0.0007650989922645567,0
2026-05-19 19:00:00+00:00,159.045,159.076,158.993,159.051,1570,158.97779999999997,159.0287,159.02655,158.92522,159.01089921106671,158.9834553874174,0.027443823649321075,0.042673968426654996,-0.01523014477733392,52.4762908324551,159.02655,159.1923418479351,158.86075815206488,0.0020850838798315255,0.19642857142856737,0.2979014437555527,-8.801433376304235e-05,-0.00029541540434219193,0.0007630781394923489,0
2026-05-19 20:00:00+00:00,159.039,159.097,159.037,159.048,907,158.964,159.0245,159.0285,158.9321,159.016607033711,158.9882466217225,0.028360411988501255,0.03981125708844452,-0.011450845099943263,48.9313835770525,159.0285,159.19434012592873,158.86265987407128,0.0020856654741599717,0.1929999999999958,0.2074748863871822,-0.0004336431682345765,-0.00026400150858008065,0.0007630467503249324,0
2026-05-19 21:00:00+00:00,159.039,159.066,158.998,159.062,266,159.0124,159.01760000000002,159.03265000000002,158.93794,159.0235905762646,158.99372057424944,0.02987000201517276,0.037823006045686676,-0.007953004030513917,51.13895216400975,159.03265000000002,159.1974251578097,158.86787484219033,0.0020722179729720388,0.18771428571428267,0.2637874534279329,0.0015237375645384965,-0.00043360501724987177,0.0007579022539357445,0
2026-05-19 22:00:00+00:00,159.062,159.099,159.047,159.067,564,159.054,159.0179,159.03785,158.94405999999998,159.03026895665482,158.99915855833734,0.031110398317480303,0.036480484484864406,-0.005370086167384103,45.62737642585603,159.03785,159.19991207387633,158.87578792612365,0.0020380314984934983,0.181285714285711,0.12319341703482178,0.001309337210985806,1.8860332947845393e-05,0.0007462497305507691,0
2026-05-19 23:00:00+00:00,159.067,159.07,158.988,159.042,1036,159.054,159.0173,159.04225,158.95204,159.03207373427088,159.0023373452084,0.029736389062492208,0.03513166538818821,-0.005395276325696002,46.39175257731876,159.04225,159.19943159126055,158.88506840873944,0.001976601705025589,0.17957142857142522,0.14269178439151844,0.0,-3.7724460540178306e-05,0.0007473287906753022,0
2026-05-20 00:00:00+00:00,159.045,159.101,158.953,158.992,2714,159.0422,159.01,159.04225000000002,158.95618000000002,159.02590853942064,159.0015704215147,0.024338117905926993,0.032972955876113375,-0.008634837970186382,44.00977995109932,159.04225000000002,159.19943159126058,158.88506840873947,0.0019766017050255884,0.181285714285711,0.08193036841753179,-0.00037095019836408394,-0.00045893188319245937,0.0007522707300663102,0
2026-05-20 01:00:00+00:00,158.994,159.09,158.971,159.034,1909,159.03940000000003,159.0017,159.04375,158.95992,159.0271533803576,159.00397608159943,0.02317729875815644,0.031013824441179394,-0.007836525683022955,44.07814407814348,159.04375,159.19996425906896,158.887535740931,0.0019644187095560132,0.1849285714285693,0.11602068879947056,-8.802374126060108e-05,-0.0005216287386011764,0.0007490728672819381,0
2026-05-20 02:00:00+00:00,159.034,159.042,158.836,158.924,2082,159.0118,159.0121,159.0366,158.95982,159.01128362038773,158.99804400670527,0.013239613682458184,0.02745898227297025,-0.014219368590512066,41.87935034802831,159.0366,159.20119890643508,158.8720010935649,0.002069950016978338,0.16435714285713995,0.04437694263988651,-0.0008675862242396581,0.0006548293665786797,0.00047473572472658295,1
2026-05-20 03:00:00+00:00,158.923,158.947,158.854,158.871,1557,158.9726,159.0133,159.02804999999998,158.95866,158.98970151441932,158.98862169048013,0.0010798239391931475,0.022183150586666044,-0.021103326647472897,40.15572858731936,159.02804999999998,159.2084722824366,158.84762771756337,0.0022690623753056057,0.15128571428570986,0.0,-0.0012321851798299255,7.553868524912133e-05,0.00048553341843134227,1
2026-05-20 04:00:00+00:00,158.871,158.998,158.818,158.976,1420,158.95940000000002,159.0067,159.02005,158.95994,158.98759358825427,158.98768567894817,-9.20906938972621e-05,0.017728102317347387,-0.01782019301124465,45.491388044579445,159.02005,159.19440532382754,158.84569467617246,0.00219287220482626,0.14564285714285216,0.2246067475355932,-0.0004149847210170865,-0.0004149847210170865,0.00036740489815161715,1
2026-05-20 05:00:00+00:00,158.977,158.992,158.914,158.97,1309,158.955,158.9986,159.01364999999998,158.95868000000002,158.984886881424,158.98637423859327,-0.0014873571692817222,0.013885010410907972,-0.015372367580189695,42.18916046758792,159.01364999999998,159.18533425731604,158.84196574268393,0.0021593650270408746,0.13592857142856676,0.16306170021176097,-0.00013837174197439683,-0.0005092706113132284,0.0003658157406520864,1
2026-05-20 06:00:00+00:00,158.97,159.001,158.869,158.972,2222,158.9426,158.991,159.00775000000002,158.95852,158.98290428369617,158.98530843416006,-0.0024041504638887545,0.010627178229768072,-0.013031328693656826,61.76470588235436,159.00775000000002,159.17647135234313,158.8390286476569,0.0021221777220684222,0.11714285714285211,0.9999999999953724,-0.0003898537419669834,-0.0004778431668426286,0.000366256373962277,1
2026-05-20 07:00:00+00:00,158.975,159.059,158.928,159.057,1710,158.9692,158.9905,159.00404999999998,158.96078,158.99430362751548,158.99062375074385,0.0036798767716277325,0.009237717936031207,-0.005557841164403474,64.3063583815024,159.00404999999998,159.16443043587097,158.843669564129,0.002017312588842748,0.1189999999999957,0.9999999999958594,0.0008368780045806545,-3.143428348706401e-05,0.0004093525060515965,0
2026-05-20 08:00:00+00:00,159.057,159.099,159.017,159.04,1801,159.003,158.9878,159.00285,158.96378,159.00133384015393,158.99428433078583,0.007049509368101781,0.008800076221913951,-0.0017505668538121705,49.809885931558014,159.00285,159.16169355096716,158.84400644903283,0.0019979962744964964,0.1081428571428538,0.3997476432901967,0.0010637561291864106,-0.00016973979518075666,0.00041039258640938864,1
2026-05-20 09:00:00+00:00,159.041,159.077,158.991,159.065,1327,159.0208,158.9901,159.00369999999998,158.96674,159.01112863572942,158.9995266127441,0.011602022985329086,0.009360465575141304,0.0022415574101877812,51.291512915130134,159.00369999999998,159.16373828489213,158.84366171510783,0.002013013343615937,0.1083571428571385,0.4610970572058061,0.0005598329307567873,0.00014461588762704203,0.000410494268348858,0
2026-05-20 10:00:00+00:00,159.065,159.067,158.956,158.995,1326,159.02579999999998,158.9904,159.0002,158.97014,159.0086473067799,158.9991910660381,0.009456240741798183,0.009379620608487564,7.662013331061895e-05,45.64860426929401,159.0002,159.15763416334812,158.8427658366519,0.0019803014505404897,0.1119999999999968,0.22744233706381148,0.00015726237654911657,1.8868873905786288e-05,0.00042340564740774966,0
2026-05-20 11:00:00+00:00,158.998,159.052,158.968,159.032,1547,159.0378,158.99020000000002,158.99595,158.97217999999998,159.01224002927412,159.00162298183812,0.010617047435999893,0.00962710597414388,0.000989941461856013,47.62658227848083,158.99595,159.14444345191896,158.84745654808103,0.00186788974082631,0.11314285714285331,0.30934405250706876,0.0003774249553381015,-1.2575927160085598e-05,0.00042135336511130086,0
2026-05-20 12:00:00+00:00,159.032,159.039,158.983,159.016,1499,159.0296,158.99939999999998,159.00574999999998,158.97400000000002,159.01281848637157,159.00268860520376,0.010129881167813437,0.009727661012927801,0.0004022201548856356,46.034214618972314,159.00574999999998,159.1290909907518,158.88240900924816,0.0015514028989745809,0.11342857142856692,0.24340922293647654,-0.00025776922738385277,0.000578893055800167,0.00034896840091378796,0
2026-05-20 13:00:00+00:00,159.016,159.112,159.003,159.101,1881,159.04180000000002,159.0224,159.01785,158.97935999999999,159.02638487432833,159.00997510341944,0.016409770908893506,0.011064082992652649,0.0053456879162408575,54.196301564722425,159.01785,159.12727005011905,158.90842994988097,0.0013761983339485653,0.11535714285713945,0.5813750240470649,0.00038355130784717417,0.0014477154420882155,0.0003487449599734995,0
2026-05-20 14:00:00+00:00,159.099,159.166,158.789,158.865,6773,159.0018,159.0113,159.009,158.98292,159.0015564301965,158.99923050966336,0.0023259205331385147,0.009316450500193573,-0.006990529967055058,42.85714285714377,159.009,159.13721363750295,158.88078636249702,0.0016126588746922068,0.13171428571428326,0.11185688708059664,-0.0012573476251845905,-0.0006982185990337397,0.0005791741899126214,0
2026-05-20 15:00:00+00:00,158.866,158.918,158.585,158.839,6906,158.97060000000002,158.9982,158.9984,158.98484,158.97654774698506,158.98735575296294,-0.010808005977878565,0.005291559203554289,-0.016099565181432855,38.83161512027518,158.9984,159.145636151166,158.851163848834,0.0018520456956296202,0.14699999999999744,0.0,-0.000981162929651891,-0.0008240548531169845,0.0005797708601628326,0
2026-05-20 16:00:00+00:00,158.841,158.915,158.75,158.832,3352,158.9306,158.98420000000002,158.9876,158.98472,158.95430963082822,158.97584268562974,-0.02153305480152312,-7.336359855404592e-05,-0.021459691202969075,44.02597402597326,158.9876,159.15038419682665,158.82481580317332,0.002047759659579284,0.14407142857142624,0.20390230639079882,-0.0012576085316163832,-0.0008806582291221998,0.0005790171942695127,0
2026-05-20 17:00:00+00:00,158.829,158.933,158.805,158.923,2870,158.91199999999998,158.9708,158.98065,158.9866,158.94949276432038,158.97192676432624,-0.022434000005858934,-0.004545490880743813,-0.01788850912511512,53.217821782177666,158.98065,159.14192162441597,158.81937837558402,0.0020288207956877043,0.146571428571426,0.5647243041597967,-0.0005848468078683,-0.0008424652797424104,0.0005836944285593155,0
2026-05-20 18:00:00+00:00,158.92,158.96,158.794,158.843,2176,158.8604,158.9511,158.96945,158.98484,158.93310926146526,158.96237291009948,-0.02926364863421327,-0.009489122432082206,-0.019774526202131062,41.5070242656448,158.96945,159.13648163898114,158.80241836101885,0.0021014306708759863,0.14557142857142732,0.10502202585221394,-0.0016216114292180173,-0.0012386820925553987,0.0005986869659219545,1
2026-05-20 19:00:00+00:00,158.84,158.893,158.773,158.858,1749,158.85899999999998,158.9304,158.96025,158.98376,158.9215539900815,158.95463879239895,-0.033084802317461026,-0.014208258409650159,-0.018876543907810867,42.92929292929378,158.96025,159.13069075988818,158.78980924011182,0.002144445040671238,0.14857142857142744,0.16085256549922583,-4.4062568847813566e-05,-0.0013013547920660562,0.0005957359886091746,1
2026-05-20 20:00:00+00:00,158.857,158.918,158.837,158.839,1005,158.85899999999998,158.9148,158.9526,158.97899999999998,158.90885337586093,158.9460700927733,-0.03721671691238271,-0.01880995011058062,-0.018406766801802088,41.779975278121086,158.9526,159.1306069779818,158.77459302201817,0.0022397491828610974,0.14492857142857116,0.11573659948603918,0.0,-0.000981162929651891,0.0005857416274984385,1
2026-05-20 21:00:00+00:00,158.835,158.842,158.718,158.778,617,158.8482,158.88939999999997,158.93980000000002,158.97682,158.8887220867816,158.9336166032918,-0.04489451651019749,-0.02402686339085222,-0.02086765311934527,32.22929936305941,158.93980000000002,159.1295883585796,158.75001164142043,0.002388179154366508,0.14442857142857285,0.0,-0.00033998186763373184,-0.0015971628351527656,0.0005794865346762822,1
2026-05-20 22:00:00+00:00,158.856,158.877,158.832,158.848,540,158.83319999999998,158.8726,158.936,158.97729999999999,158.88245715022586,158.92727281536108,-0.04481566513521784,-0.028184623739947363,-0.01663104139527048,38.544152744632804,158.936,159.13011445348644,158.74188554651357,0.0024426744536975254,0.1456428571428603,0.2874699662508606,-0.00047192665630513275,-0.001056497459374972,0.0006101083343905918,1
2026-05-20 23:00:00+00:00,158.848,158.922,158.822,158.885,810,158.84160000000003,158.851,158.9367,158.97994,158.88284835789017,158.9241406648965,-0.04129230700633002,-0.030806160393335887,-0.010486146612994133,39.411764705882945,158.9367,159.12992645563588,158.74347354436412,0.0024314894626084505,0.14664285714286102,0.3269661138490298,0.00026441202948834786,-0.0013576281732987638,0.0005817462396913404,1
2026-05-21 00:00:00+00:00,158.885,158.928,158.848,158.865,1984,158.843,158.851,158.93115,158.98072,158.88010245663617,158.91975879870287,-0.03965634206670643,-0.03257619672807049,-0.007080145338635942,41.87500000000097,158.93115,159.12599328385363,158.73630671614637,0.0024519206442994864,0.14442857142857285,0.439099543412775,4.406451044336457e-05,0.0,0.00034084032879131787,1
2026-05-21 01:00:00+00:00,158.864,158.899,158.808,158.882,1723,158.85160000000002,158.8553,158.92675000000003,158.98104,158.88039438638808,158.91696121445057,-0.03656682806249023,-0.03337432299497626,-0.003192505067513972,40.38461538461574,158.92675000000003,159.12187357757597,158.73162642242409,0.0024555158596767557,0.1449285714285732,0.37125302518073255,0.000270714371155778,0.000270714371155778,0.0003371219157022404,1
2026-05-21 02:00:00+00:00,158.883,158.978,158.847,158.971,1321,158.8902,158.8692,158.9267,158.98028,158.89433371170492,158.9209649304981,-0.02663121879317032,-0.03202570215458558,0.005394483361415257,47.36225087925055,158.9267,159.12177526212838,158.73162473787164,0.0024549086104269425,0.15028571428571727,0.6888947056679683,0.0012155336381616255,0.0008751385111314125,0.00037496959241098074,1
2026-05-21 03:00:00+00:00,158.971,158.985,158.919,158.964,1021,158.9134,158.8733,158.92205,158.97997999999998,158.90505160230668,158.92415333506074,-0.019101732754052136,-0.029440908274433655,0.010339175520381518,41.16129032258101,158.92205,159.10828072842648,158.73581927157355,0.0023436738756700648,0.14721428571428824,0.4255654962801466,0.000730257856567107,0.00025798657211351106,0.0003348406117170951,1
2026-05-21 04:00:00+00:00,158.965,159.0,158.945,158.995,937,158.93540000000002,158.8885,158.91979999999998,158.98062,158.91888981744,158.92940218372019,-0.010512366280181595,-0.025655199875530246,0.01514283359534865,61.40350877192843,158.91979999999998,159.1010513230434,158.73854867695655,0.002281041418922328,0.12421428571428805,0.9999999999965724,0.0006923246373162772,0.0009569197257670581,0.00028063733651121237,0
2026-05-21 05:00:00+00:00,158.996,159.05,158.974,159.004,1261,158.9632,158.90310000000002,158.91675,158.98162,158.93198369176295,158.93492887169464,-0.0029451799316859706,-0.021113195886710526,0.018168015955024555,64.91862567811793,158.91675,159.08957041180534,158.74392958819467,0.002174980444859748,0.10585714285714687,0.9999999999969409,0.0008749567242625211,0.0009190597892456687,0.0002809109130126176,1
2026-05-21 06:00:00+00:00,159.007,159.07,158.987,159.058,1544,158.9984,158.925,158.91989999999998,158.98293999999999,158.95137081621104,158.9440466627462,0.007324153464850269,-0.015425726016347415,0.022749879481197686,68.83333333333255,158.91989999999998,159.10083197325815,158.73896802674182,0.0022770209804834824,0.10000000000000446,0.999999999997268,0.001107740335594798,0.001378754587979092,0.00028002691004687716,1
2026-05-21 07:00:00+00:00,159.06,159.084,158.997,159.023,1909,159.0088,158.9495,158.91945,158.98332,158.96239069069009,158.94989589633582,0.012494794354267924,-0.009841621942184325,0.02233641629645225,59.19117647058752,158.91945,159.09924927404495,158.73965072595507,0.002262772417661133,0.09707142857143326,0.7365821245098485,0.0003271036855778675,0.0015430349292724355,0.0002491715033733354,1
2026-05-21 08:00:00+00:00,159.025,159.028,158.898,158.978,2378,159.0116,158.9625,158.91755,158.98154,158.96479212290083,158.95197795806513,0.012814164835702968,-0.005310464586580887,0.018124629422283857,63.26129666012014,158.91755,159.0938218892708,158.7412781107292,0.002218406831351147,0.0945000000000046,0.8477753387011292,8.807025490065179e-05,0.0008183924254632213,0.0002614839255984082,1
2026-05-21 09:00:00+00:00,158.98,158.989,158.908,158.972,1417,159.007,158.9712,158.91109999999998,158.98014,158.96590102707356,158.95346125452457,0.012439772548987094,-0.0017604171594510075,0.014200189708438102,61.400000000001086,158.91109999999998,159.06741937617628,158.75478062382368,0.001967381462670624,0.09171428571429122,0.7969258432158621,-0.00014465863706403237,0.0005475658495139868,0.00025809359425434987,1
2026-05-21 10:00:00+00:00,158.971,159.135,158.956,159.123,2522,159.0308,158.997,158.924,158.97988,158.9900700998979,158.96602110894827,0.024048990949637528,0.003401464462385641,0.020647526487251888,72.46835443038094,158.924,159.1049437248944,158.7430562751056,0.002277110126782676,0.09871428571429013,0.9999999999975148,0.0007484088450604442,0.0016240203946746856,0.00037302434188024255,1
2026-05-21 11:00:00+00:00,159.126,159.167,159.04,159.154,1844,159.05,159.0242,158.93974999999998,158.981,159.01529008458763,158.97994693812697,0.0353431464606615,0.009789800862059566,0.025553345598601937,81.22923588040182,158.93974999999998,159.14300340678108,158.73649659321887,0.002557615785618153,0.09892857142857484,0.9999999999976572,0.0006035534207646798,0.0017119623368284653,0.00037261025730575987,0
2026-05-21 12:00:00+00:00,159.153,159.183,159.086,159.158,2399,159.077,159.0429,158.95605,158.98236,159.03724545623274,158.99313734031412,0.044108115918618296,0.01665346387338743,0.027454652045230867,78.91791044776328,158.95605,159.17462960130112,158.7374703986989,0.002750189140974699,0.09878571428571499,0.9447282351654636,0.0008489338020285508,0.0011763151769819125,0.0003481513254831397,0
2026-05-21 13:00:00+00:00,159.16,159.347,159.12,159.202,3839,159.12179999999998,159.0667,158.97,158.98378,159.0625923091622,159.00861004574602,0.05398226341617374,0.024119223781958715,0.02986303963421502,79.18968692449694,158.97,159.21384982436285,158.72615017563714,0.0030678722320293694,0.10785714285714423,0.9500656651661067,0.0014089999874196124,0.0014971943333081938,0.00034636319370414396,0
2026-05-21 14:00:00+00:00,159.198,159.278,159.119,159.161,3019,159.1596,159.0833,158.9859,158.98572,159.0777319539278,159.01989913448108,0.057832819446730355,0.030861942914923175,0.02697087653180718,76.24113475177401,158.9859,159.23626554328186,158.7355344567181,0.003149531414821984,0.11350000000000193,0.8778761788414654,0.0011888886093147644,0.0010440579892450064,0.000368629465107759,0
2026-05-21 15:00:00+00:00,159.161,159.253,159.144,159.168,2819,159.16860000000003,159.09969999999998,159.00140000000002,158.98812,159.09161934564779,159.03087041840948,0.060748927238307715,0.036839339779607266,0.02390958745870045,75.81227436823241,159.00140000000002,159.25675972562908,158.74604027437096,0.003212043738345234,0.11478571428571424,0.8648056086519624,0.0002828000980374945,0.0010314205931927223,0.0003688329715483581,0
2026-05-21 16:00:00+00:00,159.166,159.194,159.118,159.139,2452,159.16559999999998,159.1078,159.0164,158.9896,159.09890867709396,159.03888059128948,0.060028085804475495,0.041477088984585374,0.01855099681989012,67.00404858299758,159.0164,159.26678950709407,158.76601049290593,0.003149228722245882,0.11085714285714232,0.644973379607377,-9.424833808757693e-05,0.0005092481987702957,0.0003685745295836116,0
2026-05-21 17:00:00+00:00,159.139,159.17,158.817,158.884,5044,159.11079999999998,159.09390000000002,159.02169999999998,158.98494,159.06584580366666,159.0274071933052,0.03843861036145313,0.04086939325995846,-0.002430782898505332,44.60916442048426,159.02169999999998,159.2547277598093,158.78867224019066,0.002930766804899175,0.13135714285714073,0.0,-0.0017215597079631717,-0.0008740873961629037,0.0006404552607787219,1
2026-05-21 18:00:00+00:00,158.885,159.101,158.836,159.075,3907,159.0854,159.10359999999997,159.03305,158.99004000000002,159.06725414156512,159.0309328030848,0.036321338480320264,0.03995978230403026,-0.003638443823709994,54.434589800442645,159.03305,159.25215197097208,158.81394802902793,0.002755426887330354,0.14635714285713927,0.26830710559060367,-0.0007977286717504306,0.0006101473159807469,0.0007524271521648253,0
2026-05-21 19:00:00+00:00,159.078,159.092,158.876,158.92,2698,159.0372,159.0984,159.0348,158.99126,159.04459965823355,159.0227150907478,0.02188456748575618,0.03634473934037367,-0.014460171854617489,45.99236641221359,159.0348,159.2494366329641,158.8201633670359,0.00269924108388983,0.15635714285713828,0.03777169013008437,-0.001514190033990781,-0.0003271016279597916,0.0008212681121402425,1
2026-05-21 20:00:00+00:00,158.911,159.004,158.879,158.967,929,158.997,159.0828,159.0399,158.98976000000002,159.0326612492684,159.01858782950774,0.01407341976064913,0.031890475424427,-0.01781705566377787,45.6292026897225,159.0399,159.24203169234997,158.83776830765,0.002541899137889041,0.1593571428571384,0.027854622576363095,-0.001262816646562026,-0.0009803736731960333,0.0007579497775901776,1
2026-05-21 21:00:00+00:00,158.96,158.962,158.873,158.955,349,158.96020000000001,159.06289999999998,159.04355,158.98784,159.02071336476033,159.01387739008973,0.006835974670593714,0.02687957527365876,-0.020043600603065048,46.660117878193425,159.04355,159.23608486355423,158.8510151364458,0.0024211590291365478,0.15985714285714078,0.056006265852004966,-0.0011562219192027268,-0.0012503612852958756,0.0007511432051353505,1
2026-05-21 22:00:00+00:00,158.962,159.02,158.958,159.0,573,158.98340000000002,159.0471,159.045,158.98688,159.01752669325757,159.01284938882688,0.004677304430686036,0.0224391211050631,-0.017761816674377064,51.08055009823137,159.045,159.23566200460402,158.85433799539595,0.0023975856468802658,0.1552142857142838,0.17671690468470772,0.0007300923944513205,-0.0009927242111611445,0.0007612284818636367,1
2026-05-21 23:00:00+00:00,159.0,159.038,158.984,159.024,691,158.9732,159.0293,159.048,158.98612,159.0185225866029,159.01367539457672,0.004847192026176117,0.018920735289284993,-0.014073543263108876,52.50965250965208,159.048,159.23515150068903,158.86084849931098,0.0023533964675950193,0.1532857142857113,0.21574201726486822,-0.000320603488920268,-0.001118076406075308,0.000755361224719586,1
2026-05-22 00:00:00+00:00,159.024,159.127,159.022,159.091,1792,159.00740000000002,159.0223,159.0528,158.9866,159.02967295789773,159.01940336497947,0.010269592918263015,0.01719050681508032,-0.006920913896817305,48.31932773109347,159.0528,159.2391506598343,158.86644934016567,0.0023432553194199395,0.14799999999999816,0.10131502104412966,0.0010760130883464836,-0.0004398062339391329,0.0007711295775702521,1
2026-05-22 01:00:00+00:00,159.091,159.122,159.052,159.098,1037,159.03360000000004,159.0153,159.0575,158.98772,159.0401848105312,159.02522554674192,0.014959263789279476,0.016744258209920097,-0.0017849944206406211,46.98275862069074,159.0575,159.24340942899462,158.87159057100538,0.002337638011343318,0.14392857142857046,0.06863962798492079,0.0008240704045494596,-0.0004397868918375458,0.0007711298221372338,1
2026-05-22 02:00:00+00:00,159.098,159.103,159.001,159.03,859,159.04860000000002,159.00439999999998,159.05610000000001,158.98848,159.03861791660304,159.02557922169038,0.01303869491266596,0.01600314555046919,-0.002964450637803231,43.54838709677539,159.05610000000001,159.242414843886,158.86978515611403,0.002342756346798154,0.14428571428571502,0.0,0.0004718316504670472,-0.0006849358108320658,0.0007798717642695033,1
2026-05-22 03:00:00+00:00,159.03,159.051,159.006,159.036,749,159.0558,159.0196,159.05675000000002,158.98852,159.0382151602025,159.0263511549289,0.011864005273594103,0.015175317495094105,-0.0033113122215000027,41.29979035639489,159.05675000000002,159.24266891271438,158.87083108728567,0.0023377682835133565,0.13128571428571384,0.0,0.00022641509433962703,0.0009566727927294849,0.0005639617273391821,1
2026-05-22 04:00:00+00:00,159.036,159.071,159.011,159.067,746,159.0644,159.0188,159.0612,158.99138000000002,159.042643597095,159.0293622662125,0.013281330882506381,0.014796520172576537,-0.0015151892900701555,45.02118644067867,159.0612,159.24340589856894,158.8789941014311,0.0022910162700762204,0.12421428571428603,0.10782753518977621,0.00027039943656315124,-5.029074335993755e-05,0.00041457005151641116,1
2026-05-22 05:00:00+00:00,159.069,159.139,159.054,159.129,982,159.072,159.03969999999998,159.06905,158.99654,159.05592919754346,159.03674303364272,0.01918616390074135,0.015674448918209544,0.003511714982531805,48.04804804804736,159.06905,159.2485832838212,158.8895167161788,0.002257300006773165,0.12250000000000227,0.2625346210007373,0.00023885700636738783,0.0013151271079789861,0.0002531431848846812,0
2026-05-22 06:00:00+00:00,159.133,159.14,159.061,159.103,1510,159.073,159.05329999999998,159.06805000000003,158.99908000000002,159.06317085946057,159.04165107686924,0.021519782591326475,0.01684351565283298,0.0046762669384934966,48.192771084337345,159.06805000000003,159.24653777047786,158.8895622295222,0.0022441687124199936,0.12271428571428698,0.5247876648024224,3.142717067472489e-05,0.0008555234734253236,0.0002615344409309255,1
2026-05-22 07:00:00+00:00,159.102,159.142,159.102,159.129,1158,159.09279999999998,159.07070000000002,159.0668,159.00226,159.0732984195444,159.04812151369987,0.025176905844517705,0.01851019369116998,0.006666712153347725,65.97131681877482,159.0668,159.24308995254424,158.89051004745576,0.0022165524489615412,0.10035714285714496,0.9999999999959468,0.0006225240520656428,0.0010946494290835496,0.00025604359217624843,0
2026-05-22 08:00:00+00:00,159.129,159.131,159.054,159.088,1776,159.10320000000002,159.0795,159.06329999999997,159.00457999999998,159.0755602011531,159.05107553746222,0.024484663690884645,0.019705087691112944,0.004779575999771701,51.053484602917784,159.06329999999997,159.23467720784294,158.891922792157,0.0021548302825726067,0.08692857142857438,0.3953421472058553,0.0003269699942149984,0.0005534591194968908,0.00027190353634123254,1
2026-05-22 09:00:00+00:00,159.088,159.142,159.08,159.101,1242,159.10999999999999,159.0872,159.05825,159.00546,159.0794740163606,159.05477371745204,0.02470029890855585,0.020704129934601547,0.003996168973954304,69.05263157894882,159.05825,159.21797459850646,158.89852540149352,0.002008378672674592,0.07592857142857261,0.9999999999963969,0.00021374640874594064,0.00048420364221746226,0.00027007483341928495,1
2026-05-22 10:00:00+00:00,159.101,159.131,159.078,159.122,920,159.1086,159.0903,159.05630000000002,159.00709999999998,159.08601647538237,159.05975353142398,0.02626294395838613,0.021815892739358484,0.004447051219027647,67.26057906458871,159.05630000000002,159.21163474888178,158.90096525111827,0.001953204605938356,0.07078571428571527,0.9354281422906243,-4.398946766448475e-05,0.0001948570315102316,0.0002394520402127088,1
2026-05-22 11:00:00+00:00,159.122,159.141,159.106,159.135,1044,159.115,159.094,159.05464999999998,159.0085,159.09355240224693,159.06532743650075,0.028224965746176167,0.023097707340722036,0.005127258405454131,69.99999999999936,159.05464999999998,159.20562894589938,158.90367105410058,0.0018984537188871428,0.06657142857142771,0.9999999999965158,0.00020112757144730153,0.0002325610629925201,0.0002401761027513733,1
2026-05-22 12:00:00+00:00,159.135,159.147,159.057,159.073,2218,159.1038,159.09830000000002,159.05135,159.01006,159.09039049420883,159.06589578327936,0.024494710929474195,0.02337710805847247,0.0011176028710017244,57.815845824412676,159.05135,159.19736986166146,158.90533013833857,0.0018361348289271788,0.06835714285714241,0.5754681123606589,-0.00035191574131665515,0.0002703892347355463,0.00023246797204964532,1
2026-05-22 13:00:00+00:00,159.071,159.138,158.989,159.095,2813,159.10520000000002,159.1042,159.0619,159.01131999999998,159.09109964894594,159.0680516818878,0.02304796705814738,0.02331127985840745,-0.00026331280026007167,57.63440860215119,159.0619,159.18582850230612,158.9379714976939,0.0015582424490857244,0.07514285714285661,0.5691463041051124,4.4000804586108444e-05,0.00037098518574407713,0.00023514098584455175,1
2026-05-22 14:00:00+00:00,159.089,159.176,159.063,159.103,2491,159.1056,159.1078,159.0633,159.01306,159.09293047218506,159.07064048032976,0.02228999185530256,0.02310702225778647,-0.0008170304024839106,51.477832512315516,159.0633,159.1884779365108,158.9381220634892,0.001573938633371683,0.07571428571428385,0.3546330247156655,1.257063123438762e-05,0.0002263197269074535,0.0002287161598046845,1
2026-05-22 15:00:00+00:00,159.101,159.231,159.083,159.197,2022,159.12060000000002,159.11460000000002,159.07715000000002,159.01498,159.1089411687723,159.08000055903432,0.028940609737986733,0.02427373975382653,0.004666869984160202,60.04056795131866,159.07715000000002,159.19674101356682,158.9575589864332,0.0015035599212935905,0.0812857142857106,0.6529839965484241,0.0004713364588175839,0.00042732625731334295,0.000269729473131737,0
2026-05-22 16:00:00+00:00,159.197,159.229,159.152,159.171,1733,159.1278,159.1214,159.08735000000001,159.02110000000002,159.11848868126904,159.08674133457197,0.03174734669707391,0.025768461142476017,0.005978885554597892,65.63192904656441,159.08735000000001,159.2020840632192,158.97261593678084,0.001442403349093114,0.07949999999999793,0.8478035175435344,0.00022622301819219537,0.0004273960893257378,0.00026972354740107746,0
2026-05-22 17:00:00+00:00,159.17,159.18,159.061,159.129,2496,159.139,159.1214,159.09605000000002,159.0269,159.12010580722767,159.08987163885294,0.030234168374732917,0.026661602588927403,0.003572565785805514,59.54825462012332,159.09605000000002,159.1936344573455,158.99846554265454,0.001226736394089941,0.0847857142857131,0.5815755878431549,0.00035203962960395074,0.0,0.0002820492195770988,0
2026-05-22 18:00:00+00:00,159.13,159.167,159.097,159.136,1547,159.1472,159.12619999999998,159.10285000000002,159.03297999999998,159.1225510676542,159.0932885876123,0.02926248004189347,0.02718177807952062,0.002080701962372849,57.45140388768874,159.10285000000002,159.1907237731045,159.01497622689553,0.001104615952567672,0.08549999999999816,0.428360806372956,0.00025770765894583825,0.00030171980287629907,0.0002671653016206293,0
2026-05-22 19:00:00+00:00,159.132,159.167,159.1,159.165,1138,159.1596,159.1326,159.10989999999998,159.03782,159.12908167263055,159.09860059175836,0.03048108087219248,0.027841638638054993,0.002639442234137486,54.186046511628554,159.10989999999998,159.19366634168696,159.026133658313,0.0010529368906269391,0.08421428571428383,0.2748297571618253,0.00038968466967936877,0.0004022601994959629,0.0002711796808597575,0
2026-05-22 20:00:00+00:00,159.158,159.197,159.131,159.171,770,159.15439999999998,159.1375,159.1139,159.04438,159.13553064607208,159.10396355545237,0.031567090619716964,0.028586729034387387,0.0029803615853295773,58.29268292682792,159.1139,159.2014223881111,159.0263776118889,0.001100122467126969,0.08328571428571406,0.38208600220951544,-0.00016331966054639047,0.0003079398197607386,0.0002692679291249766,0
2026-05-24 21:00:00+00:00,158.778,158.877,158.722,158.87,684,159.0942,159.111,159.10250000000002,159.04462,159.0946797774453,159.08663278836818,0.00804698907711554,0.02447878104293301,-0.01643179196581747,31.094890510949185,159.10250000000002,159.24244058889641,158.96255941110363,0.0017591249527366827,0.11249999999999918,0.0,-0.0018910479924105772,-0.0016652527728028277,0.0006628533745278014,0
2026-05-24 22:00:00+00:00,158.887,158.944,158.817,158.879,1848,159.0442,159.0916,159.09494999999998,159.04542,159.06149827322272,159.07125247224852,-0.009754199025792332,0.017632185029187935,-0.027386384054980267,33.99693721286256,159.09494999999998,159.26451722001872,158.92538277998125,0.0021316480506607485,0.11607142857142654,0.07459294524598878,-0.001571052416592833,-0.0012195658596997339,0.0006611802448327238,1
2026-05-24 23:00:00+00:00,158.88,158.961,158.837,158.953,1068,159.0076,159.07739999999998,159.0908,159.04892,159.04480623118835,159.0624929720771,-0.017686740888763097,0.010568399845597723,-0.02825514073436082,39.63585434173653,159.0908,159.27021847584155,158.91138152415846,0.0022555481000981078,0.12050000000000084,0.21953321666320574,-0.0011499597828271702,-0.0008925484773248948,0.000683236258613431,0
2026-05-25 00:00:00+00:00,158.953,158.96,158.831,158.899,1604,158.95440000000002,159.057,159.08239999999998,159.04994,159.0223745033131,159.0503823075818,-0.028007804268696646,0.002853159022738845,-0.030860963291435492,35.073627844710444,159.08239999999998,159.2811946838208,158.88360531617917,0.0024992668431053026,0.12592857142857383,0.10226773259360306,-0.0016712216881851205,-0.0012821882679774355,0.0006855245056344211,1
2026-05-25 01:00:00+00:00,158.897,158.899,158.756,158.873,1514,158.89479999999998,159.0246,159.06959999999998,159.0497,158.9993938104956,159.03724280308018,-0.037848992584571306,-0.005287271298723188,-0.03256172128584812,32.763157894736594,159.06959999999998,159.2877823476859,158.85141765231407,0.0027432312357095366,0.13364285714285984,0.04830371839966044,-0.0018722003380012842,-0.002035214231424054,0.0006374456470920757,1
2026-05-25 02:00:00+00:00,158.872,158.875,158.834,158.845,840,158.88979999999998,158.992,159.0567,159.04930000000002,158.97564091657313,159.02300252087443,-0.047361604301300986,-0.013702137899238753,-0.03365946640206223,34.29752066115641,159.0567,159.29604920535672,158.8173507946433,0.0030096085906059565,0.13014285714285936,0.09273030595531065,-0.00015736136463784245,-0.002048111779155759,0.0006373681828641856,1
2026-05-25 03:00:00+00:00,158.845,158.891,158.832,158.881,911,158.8902,158.9672,159.0443,159.04928,158.96108077556184,159.0124837646225,-0.051402989060648,-0.021242308131520605,-0.030160680929127392,35.54054054054082,159.0443,159.29337669501507,158.79522330498492,0.0031321675157811647,0.12371428571428769,0.1287212285151295,1.2588196048657352e-05,-0.0015584839972599962,0.0006510461200341991,1
2026-05-25 04:00:00+00:00,158.881,158.91,158.843,158.858,653,158.8712,158.9394,159.0328,159.04702,158.94522219470613,159.0010404714238,-0.05581827671767314,-0.02815750184875112,-0.027660774868922024,33.77483443708569,159.0328,159.2943094644552,158.7712905355448,0.0032887487921384973,0.12042857142857397,0.07759622827432455,-0.0005976609438009817,-0.0017469334405790793,0.0006473368714503345,1
2026-05-25 05:00:00+00:00,158.859,158.934,158.844,158.922,842,158.87579999999997,158.9151,159.02384999999998,159.04618,158.9416495493667,158.99518559735026,-0.053536047983556045,-0.03323321107571211,-0.020302836907843937,31.034482758620143,159.02384999999998,159.28777285555415,158.7599271444458,0.0033192864536252978,0.11628571428571734,0.0,0.00014474603364389438,-0.0015267175572518665,0.0006643880188273734,1
2026-05-25 06:00:00+00:00,158.924,158.937,158.887,158.904,1203,158.882,158.8884,159.01295,159.04435999999998,158.9358573110026,158.9884310826593,-0.05257377165671073,-0.03710132319191183,-0.0154724484647989,31.380753138075193,159.01295,159.27781022132768,158.7480897786723,0.003331303787870038,0.11435714285714482,0.012143969627579824,0.00019512440754576588,-0.0016774412424374052,0.0006612921089550139,1
2026-05-25 07:00:00+00:00,158.901,159.037,158.897,158.972,1438,158.9074,158.89860000000002,159.0048,159.04372,158.94141772469453,158.98721396108758,-0.045796236393044865,-0.03884030583213844,-0.0069559305609064245,39.434724091521986,159.0048,159.26381400084017,158.7457859991598,0.0032579393935300294,0.11585714285714589,0.30817300045615376,0.0007995215461613636,0.000642034367722033,0.0002949060342946385,0
2026-05-25 08:00:00+00:00,158.97,158.99,158.898,158.915,1207,158.9142,158.9022,158.9969,159.04085999999998,158.9373534593569,158.98186476113284,-0.04451130177594109,-0.03997450502089897,-0.004536796755042122,36.06557377049168,158.9969,159.25679220437405,158.73700779562597,0.0032691480698559547,0.11742857142857588,0.1845716511290802,0.00021399663899401844,0.00022658752887427802,0.0003238947618065875,0
2026-05-25 09:00:00+00:00,158.917,158.941,158.889,158.925,811,158.92759999999998,158.89939999999999,158.9884,159.03889999999998,158.93545292714816,158.9776525437341,-0.04219961658594684,-0.04041952733390855,-0.0017800892520382916,34.496124031009586,158.9884,159.24589187008053,158.7309081299195,0.0032391277612771018,0.11635714285714625,0.1269944916030876,0.0004217603142429027,-0.00017615269922555132,0.00028543508779873026,0
2026-05-25 10:00:00+00:00,158.925,158.948,158.916,158.944,569,158.932,158.9039,158.98045,159.03822,158.93676786143305,158.9751597556643,-0.03839189423123912,-0.040014000713374666,0.001622106482135545,35.57814485387533,158.98045,159.232811040449,158.72808895955097,0.0031747430636787995,0.1139285714285754,0.5282485533029528,0.00013843269025048954,0.00028319876147731016,0.00026398539764605817,0
2026-05-25 11:00:00+00:00,158.944,158.96,158.886,158.932,823,158.93760000000003,158.9098,158.9672,159.03742,158.93603434428948,158.97196272835131,-0.035928384061833185,-0.039196877383066375,0.00326849332123319,56.22489959839167,158.9672,159.19864907362933,158.73575092637066,0.0029119097981135113,0.08714285714286316,0.9999999999960303,0.0001762070180737485,0.0003713658079094184,0.0002582737744043848,0
2026-05-25 12:00:00+00:00,158.932,158.94,158.877,158.901,1123,158.9234,158.9154,158.95369999999997,159.03297999999998,158.93064444516804,158.966706217205,-0.03606177203695893,-0.03856985631384489,0.0025080842768859593,52.115384615386475,158.95369999999997,159.16578449160326,158.74161550839668,0.0026685065097986683,0.08257142857143508,0.8368619698027134,-0.0004466195304833054,0.000352544933740484,0.00026006301716896936,0
2026-05-25 13:00:00+00:00,158.903,158.922,158.884,158.915,1085,158.9234,158.91879999999998,158.943,159.0282,158.92823760744986,158.96287611843977,-0.034638510989907445,-0.0377835872490574,0.003145076259149955,45.86956521738993,158.943,159.1388151652632,158.74718483473683,0.0024639671487663387,0.07642857142857704,0.5889177044219746,0.0,0.00021399663899401844,0.0002523113290439784,0
2026-05-25 14:00:00+00:00,158.917,158.922,158.886,158.915,859,158.9214,158.9245,158.93195,159.02334,158.9262010524576,158.95932973192134,-0.03312867946374354,-0.03685260569199463,0.003723926228251094,51.970443349752706,158.93195,159.10559510085898,158.75830489914102,0.0021851503219960087,0.06978571428571863,0.8311081441889843,-6.292276230934757e-05,0.0003588110136094613,0.0002457853289152226,0
2026-05-25 15:00:00+00:00,158.917,158.947,158.882,158.896,1173,158.9118,158.9219,158.9185,159.01722,158.9215547366949,158.95463863163533,-0.0330838949404324,-0.03609886354168219,0.003014968601249786,52.88220551378418,158.9185,159.05351422926847,158.78348577073152,0.0016991631467510448,0.06421428571428985,0.8673029467532805,-0.00030199315482182243,-0.00016360227029621477,0.0002123674757265807,0
2026-05-25 16:00:00+00:00,158.897,158.92,158.888,158.894,834,158.9042,158.9209,158.90465,159.01188,158.91731554643414,158.9501468731357,-0.03283132670156874,-0.0354453561736595,0.002614029472090759,56.5683646112616,158.90465,158.96887747403375,158.84042252596626,0.0008083775274511191,0.06357142857143165,0.9999999999960837,-0.00023909596557003532,-6.293107788346575e-05,0.00020963093434439781,0
2026-05-25 17:00:00+00:00,158.895,158.904,158.885,158.896,449,158.9032,158.9133,158.90595,159.00644,158.91403623159812,158.94613598702307,-0.03209975542495158,-0.03477623602391792,0.0026764805989663368,52.21238938052934,158.90595,158.96824801044144,158.84365198955854,0.0007840865674501469,0.06071428571428937,0.82940411270194,-3.146613300120116e-05,-0.00047807161009494337,0.0001453260480335814,1
2026-05-25 18:00:00+00:00,158.896,158.903,158.885,158.902,182,158.9006,158.91199999999998,158.90709999999999,159.0017,158.91218450365994,158.9428666496538,-0.03068214599386465,-0.03395741801790727,0.003275272024042618,56.83229813664444,158.90709999999999,158.9681397627066,158.84606023729336,0.0007682446247729359,0.057214285714288896,0.9999999999961238,-8.180473838215185e-05,-8.180473838215185e-05,9.725652239336838e-05,1
2026-05-25 19:00:00+00:00,158.902,158.916,158.89,158.913,215,158.90019999999998,158.9108,158.9051,159.00227999999998,158.91230996463534,158.94065430210392,-0.02834433746858167,-0.03283480190804215,0.0044904644394604815,48.327137546470844,158.9051,158.96230839099033,158.84789160900968,0.0007200321574364271,0.05264285714286083,0.6658293007077452,-1.2585344366322637e-05,-7.550731477112826e-05,9.778709669743538e-05,1
2026-05-25 20:00:00+00:00,158.913,158.935,158.875,158.877,437,158.8964,158.90410000000003,158.904,158.99832,158.90687766238375,158.9359391624358,-0.02906150005205177,-0.032080141536844076,0.003018641484792306,45.296167247388695,158.904,158.9625329416898,158.8454670583102,0.0007367082224463176,0.05335714285714589,0.48352252114681443,-0.00011957506796889117,-0.0004215321119386273,0.00010846715913211023,1
2026-05-25 21:00:00+00:00,158.869,158.904,158.814,158.873,366,158.8922,158.8982,158.904,158.99738,158.9016657143247,158.9312769965984,-0.029611282273691586,-0.03158636968421358,0.0019750874105219918,27.8026905829541,158.904,158.9625329416898,158.8454670583102,0.0007367082224463176,0.04978571428571651,0.0,-0.00013216358075207602,-0.0003712279465432067,0.0001079143049247467,1
2026-05-25 22:00:00+00:00,158.878,158.961,158.878,158.926,538,158.8982,158.9007,158.90804999999997,158.99656000000002,158.90540945058245,158.93088610752233,-0.025476656939872555,-0.030364427135345373,0.004887770195472818,52.511415525113556,158.90804999999997,158.96026201716597,158.85583798283398,0.0006571349552901721,0.04950000000000289,0.8511560101656727,0.00018880273889831933,0.0001573306650051176,0.00014505050287191336,1
2026-05-25 23:00:00+00:00,158.926,158.963,158.908,158.953,784,158.90839999999997,158.9045,158.91164999999998,158.99652,158.91273107356977,158.93252417533583,-0.019793101766055088,-0.028250162061487314,0.008457060295432226,55.932203389829695,158.91164999999998,158.96589806569153,158.85740193430843,0.0006827449805165694,0.04971428571428963,0.9689939057823322,0.00032095253678376956,0.00023912154296334975,0.00015173564195443848,1
2026-05-26 00:00:00+00:00,158.954,158.989,158.932,158.967,1573,158.9192,158.9097,158.9171,158.99586000000002,158.92108013917445,158.9350779425856,-0.01399780341114365,-0.025399690331418583,0.011401886920274933,54.97835497836041,158.9171,158.9705490411485,158.8636509588515,0.0006726656998963194,0.05150000000000432,0.9361361274020404,0.00033980857450299773,0.00032721895352882946,0.0001527457881233585,1
2026-05-26 01:00:00+00:00,158.968,159.002,158.943,158.961,1240,158.936,158.9162,158.91905000000003,158.9946,158.92722165622456,158.9369980966992,-0.009776440474638548,-0.022275040360062576,0.012498599885424028,56.44444444445012,158.91905000000003,158.97598384896168,158.86211615103838,0.0007165138347057628,0.050428571428574695,0.9866393752800259,0.0005287108895561943,0.0004090726009466916,0.00014571148659496726,1
2026-05-26 02:00:00+00:00,158.964,158.982,158.932,158.942,938,158.9498,158.921,158.92095,158.99161999999998,158.92949524757464,158.9373686083608,-0.00787336078616363,-0.01939470444528279,0.011521343659119158,59.624413145538156,158.92095,158.9783038416986,158.86359615830142,0.0007217908236590013,0.04950000000000492,0.9999999999968575,0.0004343091651823894,0.00030208818457588826,0.0001537749560429899,1
2026-05-26 03:00:00+00:00,158.942,158.943,158.909,158.935,650,158.9516,158.92489999999998,158.91910000000001,158.98836,158.93034213256317,158.93719315575547,-0.006851023192297134,-0.016885968194685658,0.010034945002388523,54.854368932040245,158.91910000000001,158.97171138559696,158.86648861440307,0.0006621153227893563,0.0492142857142913,0.850101005556766,5.6630129745993685e-05,0.0002454435605681038,0.00015552893220354083,1
2026-05-26 04:00:00+00:00,158.935,159.021,158.929,159.0,666,158.961,158.93470000000002,158.92335,158.98776,158.94105872755344,158.94184551788223,-0.0007867903287888112,-0.013666132621506288,0.012879342292717477,65.68265682656721,158.92335,158.98711692757476,158.85958307242524,0.0008024865770166714,0.0532142857142901,0.99999999999736,0.00029568488798581427,0.000616732325584346,0.00019763250842193102,1
2026-05-26 05:00:00+00:00,159.003,159.033,158.972,159.024,905,158.9724,158.94580000000002,158.92829999999998,158.98752000000002,158.95381892331446,158.9479310390655,0.005887884248949149,-0.0097553292474152,0.01564321349636435,73.18840579710078,158.92829999999998,159.00637176185847,158.85022823814148,0.0009824777822262725,0.05292857142857445,0.9999999999977967,0.0003585649851856054,0.0006984954031450386,0.0001996585259530229,1
2026-05-26 06:00:00+00:00,159.022,159.117,159.014,159.091,1510,158.9984,158.9672,158.93564999999998,158.988,158.97492370434304,158.9585287463082,0.01639495803485147,-0.0045252717909618646,0.020920229825813333,78.88563049852861,158.93564999999998,159.04236807423348,158.82893192576648,0.0013429092117910404,0.058000000000002876,0.9999999999980423,0.0008178106579601607,0.001346953932916728,0.0001979029280464771,1
2026-05-26 07:00:00+00:00,159.094,159.199,159.094,159.193,1711,159.0486,158.99920000000003,158.9487,158.98928,159.00847390367488,158.97589699708382,0.032576906591060606,0.002895163885442632,0.029681742705617974,83.67346938775128,158.9487,159.10558158457457,158.79181841542544,0.001973990156252467,0.06435714285714564,0.9999999999982101,0.0015791924098098598,0.0020141874327295195,0.00024474630648291354,1
2026-05-26 08:00:00+00:00,159.194,159.238,159.191,159.208,1092,159.10320000000002,159.0274,158.96405000000001,158.99138,159.03917022618646,158.99308982106172,0.046080405124740764,0.011532212133302262,0.034548192991438506,83.99999999999571,158.96405000000001,159.15717115095723,158.7709288490428,0.002429746234538071,0.06642857142857395,0.9999999999982205,0.0017176833296630445,0.001774410732038767,0.0002420562377059332,1
2026-05-26 09:00:00+00:00,159.208,159.221,159.155,159.158,953,159.13479999999998,159.0479,158.9762,158.99196,159.05745172985007,159.005305395758,0.05214633409207181,0.019655036525056176,0.03249129756701563,75.0511247443707,158.9762,159.18616902027048,158.76623097972953,0.002641515148437034,0.06928571428571624,0.8407597205535363,0.000993710691823857,0.0012896894050442587,0.00028776923893494594,1
2026-05-26 10:00:00+00:00,159.158,159.177,159.106,159.146,1113,159.1592,159.06580000000002,158.98774999999998,158.99312,159.07107454064237,159.01572722294418,0.055347317698192455,0.026793492759683433,0.028553824938509022,78.92473118278949,158.98774999999998,159.2086723488246,158.76682765117536,0.0027791115834347653,0.07007142857143021,0.9096884019903249,0.0007671797967601091,0.00112601986575811,0.00029490275975778163,1
2026-05-26 11:00:00+00:00,159.142,159.21,159.133,159.189,1111,159.1788,159.08859999999999,159.00240000000002,158.99488,159.08921691900508,159.02856224876905,0.060654670236033326,0.033565728254953416,0.02708894198107991,81.34920634920364,159.00240000000002,159.2361892888449,158.76861071115513,0.002940701383688411,0.06914285714285841,0.91581731300122,0.0006159996480001872,0.0014343140770376461,0.0002935355643716344,1
2026-05-26 12:00:00+00:00,159.191,159.227,159.182,159.227,1181,159.1856,159.1171,159.01905,158.99698,159.11041431608123,159.04326134707532,0.06715296900591738,0.04028317640514621,0.026869792600771172,80.77709611451724,159.01905,159.2673168131788,158.77078318682118,0.0031224788876403923,0.06607142857142938,0.8894206861380718,0.0002135772301545824,0.001793106919505183,0.00027940505079744057,1
2026-05-26 13:00:00+00:00,159.226,159.301,159.224,159.276,1455,159.19920000000002,159.1512,159.03805,158.9998,159.13588903668412,159.06050125339783,0.07538778328628837,0.04730409778137465,0.02808368550491372,81.6046966731873,159.03805,159.3041860752058,158.7719139247942,0.0033468226654664477,0.06764285714285734,0.9178160417485786,0.00042711421536623106,0.0021455311919966746,0.00027016743973510947,1
2026-05-26 14:00:00+00:00,159.275,159.323,159.224,159.319,1685,159.2314,159.18310000000002,159.0589,159.00472,159.16405995411733,159.07964931498108,0.08441063913625158,0.054725406052350045,0.02968523308390153,82.59259259258909,159.0589,159.34476481899048,158.7730351810095,0.003594452356837496,0.07064285714285745,0.951711204872514,0.0010115734050439862,0.0020062893081760347,0.00026251051542051896,0
2026-05-26 15:00:00+00:00,159.319,159.379,159.298,159.36,1651,159.2742,159.2167,159.08125,159.01002,159.19420457656085,159.1004160386956,0.09378853786523678,0.06253803241492739,0.031250505450309385,84.69565217391037,159.08125,159.38820370814992,158.7742962918501,0.0038590809180831173,0.07221428571428541,0.999999999996649,0.001344677214633272,0.0021128886205856734,0.00026243598061465907,0
2026-05-26 16:00:00+00:00,159.357,159.358,159.28,159.306,1342,159.29760000000002,159.2382,159.1027,159.01408,159.21140387247456,159.11564448455525,0.09575938791931549,0.06918230351580501,0.026577084403510476,79.83606557376879,159.1027,159.40951391583008,158.79588608416992,0.0038568033833502094,0.07435714285714264,0.8371522242915198,0.0007349754065921754,0.0013514277991841794,0.0003019114744533744,0
2026-05-26 17:00:00+00:00,159.307,159.376,159.282,159.359,1051,159.324,159.2548,159.127,159.01732,159.23411096901694,159.1336708237254,0.1004401452915431,0.07543387187095263,0.025006273420590475,82.31707317073052,159.127,159.43419717652148,158.81980282347854,0.0038610314594188268,0.07864285714285504,0.8748971974266161,0.0008290051310393398,0.0010427594178135102,0.0002568626500865323,0
2026-05-26 18:00:00+00:00,159.356,159.372,159.297,159.333,1086,159.33540000000002,159.2673,159.14735000000002,159.02056000000002,159.24932466609127,159.14843595145294,0.10088871463833016,0.08052484042442815,0.02036387421390201,76.98541329011127,159.14735000000002,159.45239893481406,158.84230106518598,0.0038335408640362383,0.07742857142857165,0.32996664611522947,0.00035786935884862814,0.0007851364253053106,0.0002705116705245102,0
2026-05-26 19:00:00+00:00,159.332,159.344,159.3,159.315,748,159.3346,159.283,159.16545000000002,159.02428,159.2594285636157,159.16077403187683,0.09865453173887317,0.08415077868731716,0.014503753051556018,73.81342062192917,159.16545000000002,159.46485043595868,158.86604956404136,0.0037621284764835544,0.07621428571428623,0.0,-2.5106861077373033e-05,0.0009864411465336786,0.00024429037058007567,0
2026-05-26 20:00:00+00:00,159.311,159.329,159.266,159.267,546,159.31599999999997,159.2951,159.18045,159.02689999999998,159.26059339998253,159.16864262373426,0.09195077624826808,0.08571077819950736,0.006239998048760728,64.8648648648628,159.18045,159.46780562049693,158.89309437950308,0.003610438599676339,0.07335714285714598,0.0,-0.0005835843373495075,0.0007603081447224991,0.00027113888219303074,1
2026-05-26 21:00:00+00:00,159.268,159.302,159.223,159.238,501,159.30239999999998,159.3,159.1943,159.02836,159.2571174922929,159.1737802081444,0.08333728414851294,0.08523607938930848,-0.001898795240795545,54.33526011560545,159.1943,159.46323168766654,158.92536831233346,0.0033786597593825573,0.07128571428571563,0.0,-0.0004268514682436164,0.0003078102130171789,0.00027287001022380757,0
2026-05-26 22:00:00+00:00,159.258,159.299,159.254,159.26,521,159.2826,159.30329999999998,159.2102,159.03014000000002,159.25756095501708,159.18016686052448,0.07739409449260393,0.08366768240996758,-0.006273587917363654,54.9429657794666,159.2102,159.452619905383,158.96778009461698,0.003045281086048536,0.07228571428571635,0.020016397110158873,-0.0006212388380952838,0.00020725128275977944,0.00026612707068393154,0
2026-05-26 23:00:00+00:00,159.26,159.273,159.199,159.248,553,159.2656,159.3005,159.22584999999998,159.0377,159.2560900388606,159.18519153834697,0.07089850051363555,0.08111384603070118,-0.010215345517065627,59.22131147540966,159.22584999999998,159.43101517094283,159.02068482905713,0.002577033452078898,0.07285714285714359,0.1609350548044573,-0.0005334739194015059,-0.00017579547452228894,0.0002471199739533779,0
2026-05-27 00:00:00+00:00,159.248,159.306,159.174,159.28,1949,159.2586,159.29659999999998,159.23985,159.04572,159.2597684944205,159.19221438842507,0.0675541059954412,0.07840189802364919,-0.010847792028207986,63.188976377953196,159.23985,159.41633292000137,159.0633670799986,0.0022165672725938446,0.07721428571428694,0.29162061693128555,-0.00021969055016790584,-0.000244791895505192,0.0002390278268530759,1
2026-05-27 01:00:00+00:00,159.28,159.301,159.215,159.295,1328,159.26420000000002,159.2901,159.2534,159.05256,159.2651887260481,159.19982813850146,0.06536058754664964,0.07579363592824928,-0.010433048381599641,61.04166666666568,159.2534,159.3990186801189,159.1077813198811,0.0018287669854320293,0.0778571428571431,0.22089327891942143,0.000175805408527685,-0.00040788152610460315,0.00022266247578880594,1
2026-05-27 02:00:00+00:00,159.296,159.299,159.222,159.224,1137,159.2614,159.2819,159.26005,159.05906,159.2588519989638,159.2016186469938,0.057233351969983914,0.07208157913659621,-0.014848227166612299,49.70760233917989,159.26005,159.3851427655765,159.13495723442352,0.001570924605090638,0.08014285714285611,0.0,-8.791871287006092e-05,-0.000514732652882044,0.0002404138290238991,1
2026-05-27 03:00:00+00:00,159.224,159.23,159.187,159.201,824,159.2496,159.2661,159.26045,159.06562,159.24995169143088,159.20157282128503,0.048378870145853625,0.06734103733844769,-0.018962167192594068,42.29979466118913,159.26045,159.38468826853264,159.13621173146734,0.0015601898466650122,0.07771428571428325,0.0,-0.00037046339319346533,-0.000991472085040801,0.00019958210146764962,1
2026-05-27 04:00:00+00:00,159.201,159.244,159.195,159.24,622,159.248,159.2568,159.26205,159.07352,159.24842066197996,159.20441927928542,0.04400138269454601,0.06267310640966736,-0.018671723715121352,41.821946169774954,159.26205,159.38425168833183,159.13984831166815,0.0015345989622994524,0.07414285714285386,0.0,-5.023610971555126e-05,-0.0005836832294627836,0.00022513798202431292,1
2026-05-27 05:00:00+00:00,159.241,159.345,159.227,159.344,807,159.2608,159.2597,159.27134999999998,159.08278,159.2631251755215,159.21475859299983,0.04836658252168036,0.05981180163206996,-0.0114452191103896,48.53479853479673,159.27134999999998,159.3884127811749,159.15428721882506,0.001469979141570945,0.07678571428571145,0.16576938664365204,0.000401808136614612,0.000182029312996157,0.00031634977885340376,1
2026-05-27 06:00:00+00:00,159.344,159.377,159.295,159.35,1223,159.27179999999998,159.26799999999997,159.28155,159.09262,159.27649053313357,159.22477647595878,0.051714057174791606,0.05819225274061429,-0.006478195565822686,54.41767068272927,159.28155,159.3876630975575,159.17543690244253,0.0013323965965610287,0.07692857142856926,0.31104296851880453,0.00034527135189432734,0.0005211374609932484,0.00029580013855584505,1
2026-05-27 07:00:00+00:00,159.349,159.363,159.304,159.354,1136,159.2978,159.27960000000002,159.28979999999999,159.10126,159.28841506649763,159.2343485896991,0.05406647679853904,0.057367097552199244,-0.003300620753660201,49.4432071269493,159.28979999999999,159.39116666118377,159.1884333388162,0.0012727326066551547,0.07442857142856951,0.21673804039491362,0.0008164598301765302,0.000728469335208981,0.000284616039012149,1
2026-05-27 08:00:00+00:00,159.357,159.442,159.314,159.39,1398,159.3356,159.29260000000002,159.29795,159.11098,159.30404351780572,159.24587832474165,0.05816519306407031,0.05752671665457346,0.0006384764094968451,56.20915032679641,159.29795,159.40415233915337,159.1917476608466,0.001333379860235291,0.0782142857142836,0.4497199458091152,0.0011871784724970524,0.0008162752731382117,0.00028818353317202976,0
2026-05-27 09:00:00+00:00,159.39,159.397,159.316,159.354,982,159.35840000000002,159.3032,159.30185,159.11862000000002,159.311729130451,159.25388733833233,0.05784179211866558,0.05758973174739189,0.00025206037127369074,54.08805031446751,159.30185,159.41036199302897,159.19333800697103,0.0013623444175817079,0.08085714285714118,0.5323155589336929,0.0007159005275056973,0.0006656284537327473,0.0003009415495648258,1
2026-05-27 10:00:00+00:00,159.352,159.391,159.343,159.38,860,159.3656,159.3132,159.3049,159.12792,159.32223234115085,159.26322901763166,0.05900332351919246,0.057872450101752015,0.0011308734174404478,62.41758241758435,159.3049,159.41873996153217,159.19106003846784,0.001429208536989943,0.07978571428571156,0.9638979327988227,0.00022592629782103302,0.0006278252134606088,0.0002992998312275459,1
2026-05-27 11:00:00+00:00,159.381,159.446,159.369,159.431,934,159.38180000000003,159.3268,159.30845,159.13804,159.33896582712762,159.27565649861668,0.06330932851093962,0.058959825783589534,0.004349502727350088,70.23060796646054,159.30845,159.43340974088338,159.1834902591166,0.0015687773107249938,0.07964285714285577,0.99999999999648,0.000508315029808637,0.0008537618883206477,0.0003102479770912632,1
2026-05-27 12:00:00+00:00,159.429,159.446,159.242,159.412,3983,159.3934,159.34560000000002,159.31375,159.1474,159.35020185372338,159.2857560178469,0.06444583587648367,0.06005702780216837,0.004388808074315298,66.03375527426452,159.31375,159.4469895942399,159.1805104057601,0.0016726691103550104,0.08985714285714153,0.852268553784153,0.0003639695269650467,0.0011807265236396525,0.0002614911380768299,1
2026-05-27 13:00:00+00:00,159.415,159.433,159.38,159.38,1816,159.39140000000003,159.3635,159.31480000000002,159.15636,159.35478618391977,159.29273705395184,0.06204912996793155,0.06045544823532101,0.0015936817326105412,63.360323886640955,159.31480000000002,159.4498595969799,159.17974040302013,0.0016955059665503267,0.08835714285714248,0.7581623474887877,-6.273919317389964e-05,0.0011243647967036363,0.0002682866868675447,1
2026-05-27 14:00:00+00:00,159.378,159.506,159.367,159.505,2349,159.42159999999998,159.39000000000001,159.3234,159.16844,159.37789600177825,159.3084602359537,0.0694357658245508,0.06225151175316697,0.00718425407138383,69.16524701874016,159.3234,159.4830118977215,159.1637881022785,0.002003621536089541,0.08885714285714284,0.9624987281892693,0.0009475758374435372,0.0016641547349911523,0.00034198114094157443,1
2026-05-27 15:00:00+00:00,159.507,159.533,159.434,159.47,1843,159.43959999999998,159.4026,159.33115,159.17954,159.3920658476585,159.32042614497453,0.07163970268396724,0.06412914993932703,0.007510552744640214,64.41515650741513,159.33115,159.50358186297183,159.1587181370282,0.00216444634927721,0.08978571428571465,0.7952930165896298,0.0005646881666456771,0.0007907420423738376,0.0003141682606627607,0
2026-05-27 16:00:00+00:00,159.468,159.521,159.465,159.495,1161,159.45239999999998,159.4171,159.34255000000002,159.19114000000002,159.40790187109565,159.33335754221642,0.07454432887922735,0.0662121857273071,0.008332143151920254,74.15329768271171,159.34255000000002,159.526862634857,159.15823736514304,0.0023134138980075276,0.08828571428571357,0.9999999999969069,0.00040142757682004593,0.0009099466582993543,0.000314680344957887,0
2026-05-27 17:00:00+00:00,159.493,159.575,159.492,159.521,1031,159.47419999999997,159.4338,159.3567,159.20364,159.42530158323478,159.34725698410435,0.07804459913043615,0.0685786684079329,0.009465930722503249,78.36879432624232,159.3567,159.55042916526216,159.16297083473782,0.0024313902742987216,0.09114285714285789,0.9999999999972637,0.0006837628283942188,0.0010479812241925845,0.000314493328793873,0
2026-05-27 18:00:00+00:00,159.523,159.554,159.492,159.503,897,159.49880000000002,159.4451,159.36885,159.21582,159.43725518581405,159.35879350423886,0.07846168157519173,0.07055527104138468,0.007906410533807057,74.21731123388594,159.36885,159.5674623174203,159.1702376825797,0.0024924860463045157,0.09207142857142969,0.8608472320817033,0.0007717404944158623,0.0007089528828658764,0.0003182194937732264,1
2026-05-27 19:00:00+00:00,159.504,159.55,159.497,159.534,809,159.5046,159.4631,159.38315,159.22858,159.45213900338115,159.37177176364094,0.08036723974021243,0.07251766478115022,0.007849574959062203,70.21276595744783,159.38315,159.58625876007824,159.18004123992176,0.0025486854799674505,0.08742857142857272,0.7180341296903512,0.00018181248236737169,0.0011295606009260606,0.00030200682705622657,1
2026-05-27 20:00:00+00:00,159.533,159.538,159.436,159.436,598,159.4978,159.46869999999998,159.39095,159.23926,159.44965607978403,159.3765294109337,0.07312666885033536,0.07263946559498725,0.00048720325534810927,57.65124555160317,159.39095,159.58930584716543,159.19259415283457,0.0024889223279669333,0.08885714285714284,0.2837639342659951,-0.00021320624568876845,0.0003513615259129743,0.0003781196780833745,1
2026-05-27 21:00:00+00:00,159.42,159.423,159.304,159.382,335,159.4752,159.4638,159.39530000000002,159.24864,159.43924745212496,159.37693463976564,0.06231281235932329,0.07057413494785446,-0.00826132258853117,52.28758169934595,159.39530000000002,159.5885460662076,159.20205393379243,0.0024247398286849427,0.0940714285714291,0.0,-0.0007084861594407466,-0.0003073429885028789,0.0003803607382165357,1
2026-05-27 22:00:00+00:00,159.477,159.509,159.468,159.501,555,159.4712,159.47269999999997,159.40915,159.26112,159.44874784410575,159.38612466670642,0.0626231773993311,0.06898394343814979,-0.006360766038818688,57.9856115107931,159.40915,159.59001141830424,159.22828858169578,0.0022691472641844248,0.09399999999999815,0.21847257997310993,-0.00012537534243128867,0.0005583017589640971,0.000450121057381196,1
2026-05-27 23:00:00+00:00,159.501,159.576,159.491,159.567,757,159.484,159.4914,159.42745,159.275,159.46694048347413,159.39952283988958,0.06741764358454816,0.06867068346742947,-0.0012530398828813072,64.68965517241348,159.42745,159.5930550787406,159.26184492125938,0.002077497679861424,0.09428571428571177,0.47551751716598806,0.00040124637154170806,0.0011732965240307536,0.0004531286201204449,1
2026-05-28 00:00:00+00:00,159.57,159.599,159.541,159.556,1477,159.4884,159.4965,159.44324999999998,159.2876,159.48064194755503,159.41111374091614,0.0695282066388927,0.06884218810172212,0.0006860185371705824,62.3943661971841,159.44324999999998,159.5931016810556,159.29339831894436,0.0018796867356331804,0.09499999999999684,0.38751206250957554,0.00013790163852234194,0.0003197391931288873,0.0003894501391251676,0
2026-05-28 01:00:00+00:00,159.558,159.589,159.535,159.585,1137,159.5182,159.50799999999998,159.45530000000002,159.30024,159.49669703254654,159.42399420483767,0.07270282770886638,0.06961431602315098,0.0030885116857154032,61.191860465116214,159.45530000000002,159.61022082867484,159.3003791713252,0.001943125486262523,0.09335714285713996,0.34140585766144727,0.0009345442685466665,0.0007211387721828277,0.00038124469505144883,0
2026-05-28 02:00:00+00:00,159.585,159.6,159.523,159.554,920,159.5526,159.5139,159.4655,159.31197999999998,159.50551287369322,159.43362426393637,0.0718886097568543,0.07006917476989165,0.0018194349869626453,60.14285714285702,159.4655,159.61807439945093,159.31292560054905,0.0019135725213408694,0.08428571428571072,0.30118520775296165,0.0010791682875104236,0.0003699175522744458,0.00038867590767751627,0
2026-05-28 03:00:00+00:00,159.554,159.651,159.537,159.613,1407,159.575,159.5231,159.47845,159.32502,159.5220493546635,159.44691135574928,0.07513799891421513,0.07108293959875635,0.004055059315458784,66.0247592847326,159.47845,159.63508900838153,159.3218109916185,0.001964390905247924,0.08864285714285407,0.5267077793448701,0.0007021899549217725,0.000576726575184594,0.00040141231872559287,0
2026-05-28 04:00:00+00:00,159.613,159.618,159.521,159.573,1239,159.5762,159.5301,159.48760000000001,159.33764000000002,159.5298879154845,159.45625125548787,0.07363665999662317,0.07159368367832972,0.002042976318293449,55.295950155764444,159.48760000000001,159.64386347520642,159.3313365247936,0.0019595689596733712,0.08564285714285395,0.1153461880566307,3.760175976230684e-05,0.000438863218873653,0.00041018512032923863,0
2026-05-28 05:00:00+00:00,159.573,159.579,159.529,159.554,1046,159.57580000000002,159.5321,159.49759999999998,159.35002,159.53359746694844,159.46349190334755,0.07010556360089026,0.07129605966284183,-0.001190496061951568,56.70926517571935,159.49759999999998,159.6430913996351,159.35210860036486,0.0018243710204431853,0.08214285714285552,0.16953519529979857,-1.2534784025741708e-05,0.00012536512592942195,0.00040938962946714835,0
2026-05-28 06:00:00+00:00,159.555,159.57,159.469,159.487,1388,159.5562,159.5372,159.50295,159.35976,159.52642862587948,159.4652332438666,0.061195382012869004,0.06927592413284726,-0.00808054211997826,49.401197604789665,159.50295,159.63770666178004,159.36819333821995,0.00168970745406333,0.08535714285714237,0.0,-0.0006140928032084547,0.0003198775684285504,0.000379868483851443,0
2026-05-28 07:00:00+00:00,159.484,159.52,159.439,159.479,1348,159.5412,159.5469,159.50535000000002,159.36885999999998,159.51913191420573,159.46625300359443,0.052878910611298124,0.06599652142853743,-0.013117610817239306,46.76923076923272,159.50535000000002,159.6363691227481,159.37433087725194,0.0016428179085916012,0.08521428571428658,0.0,-0.00047006029306684294,0.0006086007202821264,0.00035896210658842385,0
2026-05-28 08:00:00+00:00,159.475,159.524,159.447,159.456,1269,159.50979999999998,159.5424,159.50754999999998,159.37616,159.5094193120202,159.46549352183686,0.04392579018335141,0.06158237517950023,-0.01765658499614882,46.41221374045825,159.50754999999998,159.6333426029094,159.38175739709055,0.0015772620532310585,0.08628571428571417,0.0,-0.0009836291530138652,-0.0002821298926026783,0.0002691896747044036,0
2026-05-28 09:00:00+00:00,159.455,159.469,159.38,159.411,1164,159.4774,159.5268,159.5091,159.38052,159.49427787940172,159.4614569646154,0.03282091478632765,0.05583008310086572,-0.023009168314538073,40.80717488789285,159.5091,159.62889614262917,159.3893038573708,0.0015020602915969564,0.08885714285714284,0.0,-0.0010152093399259376,-0.0009776457538213101,0.00022922906263328545,0
2026-05-28 10:00:00+00:00,159.412,159.462,159.377,159.462,1259,159.459,159.5174,159.50695000000002,159.3856,159.48931205180145,159.46149718945915,0.027814862342296465,0.05022703894915188,-0.022412176606855412,52.09003215433944,159.50695000000002,159.62858530477533,159.3853146952247,0.0015251411273967718,0.08764285714285538,0.44742022427079936,-0.0005766072928288235,-0.0005891348492066406,0.0002648779628792303,0
2026-05-28 11:00:00+00:00,159.462,159.467,159.413,159.459,1259,159.4534,159.5048,159.50639999999999,159.39162,159.48464865921662,159.46131221246026,0.023336446756360374,0.04484892051059358,-0.021512473754233208,56.74255691768847,159.50639999999999,159.62883563292556,159.3839643670744,0.0015351814463315917,0.0820714285714266,0.6319154832185053,-0.00017556289854336882,-0.0007895478898393149,0.0002519068807203332,0
2026-05-28 12:00:00+00:00,159.456,159.457,159.314,159.365,2191,159.4306,159.4859,159.4999,159.39600000000002,159.4662411731833,159.45417797443238,0.012063198750922766,0.03829177615865942,-0.026228577407736653,37.54578754578711,159.4999,159.63772047819498,159.36207952180501,0.0017281575498791146,0.08335714285714298,0.0,-0.0007148276575599244,-0.0011845519385286218,0.00029867267095826436,0
2026-05-28 13:00:00+00:00,159.363,159.454,159.319,159.448,1815,159.429,159.4694,159.49624999999997,159.40118,159.4634348388474,159.45372034669262,0.009714492154785148,0.03257631935788456,-0.022861827203099414,39.43161634102946,159.49624999999997,159.6355760092067,159.35692399079326,0.0017470756736501624,0.08692857142857438,0.06621828949873314,-5.017057997180885e-05,-0.0010337503837406503,0.00032844221952089747,0
2026-05-28 14:00:00+00:00,159.451,159.488,159.177,159.225,5872,159.3918,159.4346,159.48235,159.40114,159.4267525559478,159.4367780986513,-0.010025542703516521,0.024055946945604343,-0.03408148964912086,28.645161290320843,159.48235,159.66695344411283,159.29774655588716,0.0023150329063101735,0.10500000000000398,0.0,-0.0011667952650695756,-0.0021808200635446973,0.0005265139530695777,1
2026-05-28 15:00:00+00:00,159.222,159.293,159.181,159.289,2391,159.3572,159.4081,159.4701,159.4014,159.40555985503275,159.4258315727426,-0.02027171770984637,0.0151904140145142,-0.03546213172436057,31.72839506172653,159.4701,159.67197948463175,159.26822051536826,0.0025318788240773185,0.10914285714286061,0.0824844015673572,-0.0010848979694222383,-0.0016608797021698818,0.0005619936911489865,0
2026-05-28 16:00:00+00:00,159.287,159.335,159.109,159.164,2711,159.2982,159.3758,159.4565,159.3983,159.36839680041234,159.40643664129271,-0.03803984088037282,0.004544363035536793,-0.04258420391590961,28.42920353982143,159.4565,159.70033903232175,159.21266096767826,0.0030583768278087723,0.11978571428571781,0.0,-0.0018500053305239295,-0.002025243436769242,0.000591376174343668,1
2026-05-28 17:00:00+00:00,159.161,159.235,159.145,159.198,1471,159.26479999999998,159.3477,159.44729999999998,159.39506,159.3421819080412,159.3909968899859,-0.048814981944701685,-0.006127505960510906,-0.04268747598419078,26.393629124004747,159.44729999999998,159.71562902034125,159.17897097965871,0.003365739279890843,0.11807142857143203,0.0,-0.0010479088884008947,-0.0017619874717047512,0.0006046621541716693,1
2026-05-28 18:00:00+00:00,159.197,159.282,159.171,159.254,1712,159.226,159.32750000000001,159.43495000000001,159.39401999999998,159.32861546065024,159.38084897214833,-0.05223351149808764,-0.015348707068026258,-0.03688480443006138,32.178770949719365,159.43495000000001,159.71533805815747,159.15456194184256,0.0035172721935492314,0.11907142857143274,0.19062096246113747,-0.0012166976067433666,-0.001266807144290616,0.0006274856009660765,1
2026-05-28 19:00:00+00:00,159.256,159.286,159.204,159.244,1067,159.2298,159.3108,159.4188,159.39172,159.31559769747327,159.37071201119218,-0.055114313718917174,-0.023301828398204445,-0.03181248532071273,32.50564334085702,159.4188,159.7043248906091,159.13327510939092,0.0035820730128326415,0.12135714285714576,0.2013914382208975,0.00011932799497560431,-0.001047606501433429,0.0006252711085954788,1
2026-05-28 20:00:00+00:00,159.245,159.269,159.228,159.229,671,159.21779999999998,159.2875,159.40245,159.38963999999999,159.30227497478506,159.360214825124,-0.05793985033892568,-0.0302294327863487,-0.027710417552576982,34.53237410071955,159.40245,159.6923120179898,159.11258798201018,0.0036368577520584484,0.11707142857143131,0.2681724056947356,-0.0003766738443958806,-0.0014611631611290976,0.0006074886489296932,1
2026-05-28 21:00:00+00:00,159.228,159.239,159.147,159.226,302,159.23020000000002,159.26420000000002,159.3845,159.38786,159.29054036327966,159.35027298617862,-0.05973262289896297,-0.03613007080887156,-0.023602552090091412,34.74065138721227,159.3845,159.67120946232893,159.09779053767107,0.0035977082128930858,0.1178571428571453,0.2750351617007444,0.00038953532205776575,-0.0014611906508883443,0.0006074880083471818,1
2026-05-28 22:00:00+00:00,159.244,159.277,159.21,159.261,650,159.24280000000002,159.2538,159.36984999999999,159.38774,159.28599569200588,159.34366017235848,-0.05766448035259941,-0.04043695271761713,-0.01722752763498228,38.40665873959546,159.36984999999999,159.64995920802525,159.08974079197472,0.003515209533362375,0.1171428571428582,0.39583044571516307,0.0003957336147437651,-0.0006525899664293622,0.0005956406469281208,1
2026-05-28 23:00:00+00:00,159.261,159.281,159.219,159.27,823,159.246,159.236,159.3527,159.38837999999998,159.28353481631268,159.33820386327264,-0.05466904695995822,-0.04328337156608535,-0.01138567539387287,41.24223602484504,159.3527,159.61130199046642,159.09409800953358,0.0032456555862111778,0.11521428571428771,0.48926298160298404,0.00010046843407396366,-0.0011163514123726515,0.0005620404713286342,1
2026-05-29 00:00:00+00:00,159.267,159.322,159.244,159.29,1802,159.2552,159.2425,159.33855,159.38898,159.28452945995687,159.33463320672047,-0.050103746763596746,-0.044647446605587636,-0.00545630015800911,38.88888888888869,159.33855,159.57654643960086,159.10055356039913,0.0029873052014200347,0.11471428571428939,0.41171997408894645,0.0002888648865890797,0.0004082273512324708,0.0003350776774175894,1
2026-05-29 01:00:00+00:00,159.288,159.327,159.25,159.315,1435,159.2724,159.2451,159.3266,159.39032,159.28921723534813,159.33317889510644,-0.04396165975830968,-0.044510289236132046,0.0005486294778223669,40.9547738693463,159.3266,159.5419727735311,159.1112272264689,0.002703538185476886,0.11635714285714625,0.9806404629392849,0.0005401026194975511,0.00016322533257162597,0.0003140392842590131,0
2026-05-29 02:00:00+00:00,159.318,159.321,159.27,159.311,863,159.28939999999997,159.25979999999998,159.3178,159.39094,159.29256842990995,159.33153601398215,-0.03896758407219636,-0.043401748203344914,0.004434164131148555,46.1756373937675,159.3178,159.51952790428686,159.11607209571315,0.002532396308345397,0.10964285714285893,0.999999999994945,0.0005338324143042694,0.0009235756829435449,0.00014523409750709433,0
2026-05-29 03:00:00+00:00,159.311,159.366,159.309,159.357,1084,159.3086,159.27569999999997,159.3117,159.39218,159.30248097915458,159.3334222351743,-0.03094125601973019,-0.040909649766621974,0.009968393746891784,43.19880418535048,159.3117,159.4998232518704,159.1235767481296,0.0023617003882375736,0.10407142857143015,0.8495181496283102,0.0006027841091038599,0.0009987562657822746,0.00015389035362146602,0
2026-05-29 04:00:00+00:00,159.357,159.374,159.297,159.298,868,159.3142,159.2801,159.3038,159.39366,159.3017915977462,159.33079836589485,-0.029006768148661877,-0.03852907344302996,0.00952230529436808,57.22772277227844,159.3038,159.47925201773097,159.12834798226902,0.0022027348717478896,0.0873571428571438,0.9999999999967569,0.00017580209706791194,0.00027628819370328905,0.0001881257213649357,0
2026-05-29 05:00:00+00:00,159.298,159.329,159.281,159.308,824,159.3178,159.2865,159.29865,159.3958,159.30274673655447,159.32910959804641,-0.026362861491946887,-0.036095831052813346,0.009732969560866458,52.10643015521141,159.29865,159.4667455555303,159.1305544444697,0.002110445449855351,0.08278571428571573,0.8339081188644849,0.00011300144390724576,0.00040189897264575336,0.00018559242345242804,0
2026-05-29 06:00:00+00:00,159.308,159.329,159.196,159.21,1366,159.2968,159.2846,159.28605,159.39520000000002,159.28847800785377,159.32028666483677,-0.03180865698300295,-0.03523839623885127,0.003429739255848323,55.42452830188987,159.28605,159.43975302876717,159.1323469712328,0.0019298994327146988,0.07614285714285936,0.9415194592371722,-0.0006590716505036065,-0.00011932499733091628,0.0002777476708174575,1
2026-05-29 07:00:00+00:00,159.212,159.315,159.201,159.259,1644,159.28640000000001,159.28789999999998,159.27605,159.39350000000002,159.2839429297224,159.3157469118759,-0.031803982153491006,-0.03455151342177922,0.0027475312682882155,56.94760820045461,159.27605,159.40666550645273,159.14543449354727,0.001640114837764089,0.07785714285714514,0.9888173136382322,-0.0003264055840463964,0.00020725258437681582,0.00029547813147834677,0
2026-05-29 08:00:00+00:00,159.262,159.316,159.208,159.291,1324,159.2732,159.2909,159.27235000000002,159.39232,159.28502863284203,159.31391380728874,-0.02888517444671379,-0.03341824562676614,0.004533071180052348,54.457831325302635,159.27235000000002,159.39638272063883,159.1483172793612,0.0015574921904374331,0.07764285714285839,0.8879587999566045,-0.00041416442327602,0.00018837003409499786,0.0002941219653063508,1
2026-05-29 09:00:00+00:00,159.291,159.297,159.234,159.295,1293,159.27259999999998,159.2934,159.2647,159.39114,159.28656268932787,159.31251278452396,-0.02595009519609448,-0.03192461554063181,0.005974520344537326,56.234718826405356,159.2647,159.35824334767548,159.17115665232453,0.0011746902819705573,0.07628571428571515,0.9562463674676605,-1.883262815616238e-05,0.00015696615809623893,0.00029384299673067905,0
2026-05-29 10:00:00+00:00,159.293,159.321,159.26,159.283,1086,159.2676,159.2927,159.2676,159.389,159.28601458327742,159.31032665233317,-0.024312069055753227,-0.03040210624365609,0.006090037187902863,56.6502463054163,159.2676,159.35954368985884,159.17565631014114,0.0011545812187645384,0.0777142857142873,0.9743196231705356,-0.00015692871669981123,-4.394500596394124e-05,0.000292363101293155,0
2026-05-29 11:00:00+00:00,159.283,159.299,159.245,159.247,1187,159.27499999999998,159.2859,159.2655,159.38685999999998,159.2800123396963,159.30563578918978,-0.025623449493480166,-0.029446374893620907,0.0038229254001407413,52.391799544421346,159.2655,159.35730413933805,159.17369586066195,0.0011528440162879214,0.07500000000000082,0.7430579259741232,0.00023239746247094573,-0.0004268273546118584,0.00029396391375641857,0
2026-05-29 12:00:00+00:00,159.249,159.308,159.249,159.257,1539,159.27460000000002,159.28050000000002,159.27015,159.3844,159.276471979743,159.30203313813328,-0.02556115839027484,-0.028669331592951697,0.0031081732026768567,49.5169082125614,159.27015,159.34878379479463,159.19151620520537,0.0009874266432803197,0.07457142857142937,0.5795362666565729,-1.2558159978248717e-05,-0.0003389596449712151,0.00029585501870975063,1
2026-05-29 13:00:00+00:00,159.255,159.305,159.238,159.297,1592,159.27579999999998,159.27450000000002,159.2751,159.38172,159.2796301367056,159.30166031308585,-0.022030176380241073,-0.027341500550409573,0.0053113241701685,53.03370786516788,159.2751,159.34676559770438,159.20343440229564,0.000899897067455832,0.0749285714285719,0.7713041661287752,3.7666911501643696e-05,-0.000376513112069099,0.0002915089978423005,0
2026-05-29 14:00:00+00:00,159.296,159.356,159.16,159.185,3105,159.2538,159.2632,159.27165,159.37718,159.2650716541355,159.2930188084017,-0.02794715426620087,-0.027462631293567834,-0.00048452297263303426,40.22346368714983,159.27165,159.35351066467263,159.18978933532736,0.001027937673435697,0.08335714285714298,0.0,-0.0006905427037884326,-0.0007093623272106386,0.0003473604312876358,1
2026-05-29 15:00:00+00:00,159.183,159.242,159.093,159.228,3279,159.2428,159.2552,159.27085,159.37413999999998,159.25936832273007,159.28820260036622,-0.02883427763615032,-0.027736960562084332,-0.0010973170740659864,42.162162162161636,159.27085,159.35414851202066,159.18755148797933,0.0010459982102269377,0.08850000000000031,0.11401252270355774,-0.0003452973638113921,-0.0005021718934390407,0.00036210272914895047,1
2026-05-29 16:00:00+00:00,159.225,159.249,159.182,159.198,1653,159.233,159.254,159.2693,159.368,159.24992704231005,159.28152092625766,-0.03159388394760754,-0.028508345239188975,-0.003085538708418562,40.2753872633375,159.2693,159.35691903181635,159.18168096818363,0.0011002626597386871,0.08964285714285884,0.0030535629883911854,-0.00030769810420294696,-7.537214999053798e-05,0.0003094348047099133,1
2026-05-29 17:00:00+00:00,159.198,159.284,159.183,159.281,1272,159.2378,159.2562,159.27204999999998,159.36422000000002,159.25470749733927,159.28148233912742,-0.02677484178815348,-0.028161644548981877,0.0013868027608283963,43.85113268608378,159.27204999999998,159.35736915315053,159.18673084684943,0.0010713637848015416,0.09278571428571476,0.21333884532994798,0.00015069981225313,0.00013813975976262327,0.00033952351436382995,1
2026-05-29 18:00:00+00:00,159.282,159.304,159.221,159.259,1639,159.23020000000002,159.25300000000001,159.27195,159.3595,159.25536788236397,159.27981698067194,-0.024449098307968598,-0.02741913530077922,0.002970036992810624,46.64371772805334,159.27195,159.35732835297947,159.18657164702054,0.0010721078379395891,0.09321428571428621,0.38389132764055767,-0.0002385481208058149,-0.000200890194675174,0.00033567452806306696,1
2026-05-29 19:00:00+00:00,159.26,159.272,159.215,159.259,1218,159.245,159.24939999999998,159.2714,159.35425999999998,159.2559266696926,159.2782749821023,-0.022348312409690152,-0.02640497072256141,0.004056658312871258,45.709281961470076,159.2714,159.3569727452898,159.1858272547102,0.0010745525598418197,0.09385714285714235,0.3280178708048856,0.0004648679209724449,-0.00022599579396720415,0.00033539303630600743,1
2026-05-29 20:00:00+00:00,159.255,159.284,159.246,159.265,701,159.25240000000002,159.2476,159.27015,159.3495,159.25732256666294,159.2772916500939,-0.01996908343096493,-0.025117793264242114,0.005148709833277185,55.74112734864128,159.27015,159.3553081191828,159.1849918808172,0.0010693544167919408,0.08707142857142612,0.927859936216988,0.00023237119099639436,-0.00011300640997469191,0.00033532085683021416,1
2026-05-31 21:00:00+00:00,159.335,159.353,159.28,159.341,192,159.281,159.257,159.27145000000002,159.34564,159.27019601794555,159.28201078712752,-0.011814769181967222,-0.022457188447787137,0.010642419265819915,58.10276679842115,159.27145000000002,159.3602086318982,159.18269136810184,0.0011145579687781234,0.08521428571428455,0.999999999994407,0.0008982524906091527,0.0005902779958177895,0.00035823090862785093,1
2026-05-31 22:00:00+00:00,159.33,159.424,159.32,159.386,1376,159.302,159.2699,159.27519999999998,159.34464,159.28801201518468,159.28971369179007,-0.0017016766053927768,-0.018306086079308264,0.016604409473915487,59.15221579961494,159.27519999999998,159.3764523683913,159.17394763160866,0.0012714141108135942,0.08492857142857092,0.9999999999947171,0.0006592123354323132,0.0008100114908606848,0.0003651498348072105,1
2026-05-31 23:00:00+00:00,159.388,159.396,159.293,159.359,913,159.322,159.27609999999999,159.2753,159.34418,159.2989332436178,159.29484601092003,0.00408723269777056,-0.013827422323892499,0.01791465502166306,55.904059040592664,159.2753,159.3768958971385,159.17370410286148,0.0012757269600309517,0.08778571428571322,0.8284009035669014,0.0006279079989202074,0.00038921009184100797,0.0003675885731259677,1
2026-06-01 00:00:00+00:00,159.359,159.466,159.359,159.451,1856,159.36039999999997,159.30270000000002,159.28295,159.34318,159.32232812921504,159.306412973081,0.015915156134042263,-0.007878906632305544,0.02379406276634781,63.504823151126836,159.28295,159.41126946154074,159.15463053845926,0.0016112140256159372,0.09107142857142694,0.9999999999957048,0.0012055833579265318,0.0016710117159279836,0.0002965163771308407,1
2026-06-01 01:00:00+00:00,159.452,159.495,159.447,159.482,1233,159.4038,159.3281,159.29165,159.34148,159.3468930324127,159.3194194195266,0.027473612886097953,-0.0008084027286248424,0.028282015614722794,69.04376012965875,159.29165,159.44771513484875,159.13558486515126,0.0019594892117539794,0.0906428571428555,0.9999999999965303,0.001362509025837566,0.0015951968246790127,0.0002945511673266913,0
2026-06-01 02:00:00+00:00,159.483,159.495,159.447,159.46,704,159.42759999999998,159.35430000000002,159.30415,159.33955999999998,159.3642941043492,159.32983279586327,0.03446130848593043,0.006245539514286215,0.028215768971644215,66.13672496025484,159.30415,159.47226183620805,159.13603816379194,0.0021105769838143623,0.08971428571428573,0.8991323640513964,0.0007468259895444529,0.0016457493184587335,0.0002882954198849972,1
2026-06-01 03:00:00+00:00,159.458,159.484,159.438,159.476,837,159.4456,159.3738,159.315,159.33738000000002,159.38147962675703,159.3406599961748,0.04081963058223437,0.013160357727875847,0.02765927285435852,64.79338842975248,159.315,159.4981777968606,159.1318222031394,0.002299567484048643,0.08821428571428669,0.8525215828896759,0.0005646669092642664,0.001224251480088645,0.0002597133812532202,0
2026-06-01 04:00:00+00:00,159.476,159.478,159.452,159.456,543,159.46499999999997,159.3935,159.32324999999997,159.33542,159.39294429956362,159.3492037001656,0.043740599398034874,0.019276406061907655,0.02446419333612722,76.4132553606222,159.32324999999997,159.51646422525693,159.13003577474302,0.002425436654812804,0.07607142857143044,0.9999999999972328,0.0006086885585374624,0.0012369787578723201,0.00025832422353216087,0
2026-06-01 05:00:00+00:00,159.456,159.477,159.434,159.459,705,159.46660000000003,159.4135,159.33145000000002,159.33234000000002,159.40310671501538,159.35733675941586,0.04576995559952479,0.024575115969431086,0.021194839630093706,74.41860465116153,159.33145000000002,159.5333415550476,159.12955844495244,0.002534233574697036,0.06850000000000225,0.9448044166804342,5.017215320068935e-05,0.0012558159978401928,0.00025739035908282763,0
2026-06-01 06:00:00+00:00,159.457,159.498,159.41,159.425,1347,159.4552,159.42950000000002,159.33855,159.32938000000001,159.4064749127053,159.36234885131287,0.0441260613924328,0.028485305054031435,0.015640756338401368,73.7945492662476,159.33855,159.54323561258556,159.13386438741443,0.002569191354955396,0.0700000000000013,0.9195781515646021,-0.0003574071055040262,0.001004614949926319,0.00027828686287414864,1
2026-06-01 07:00:00+00:00,159.425,159.482,159.406,159.463,1332,159.4558,159.44170000000003,159.34935000000002,159.32756,159.4151710799814,159.36980449195894,0.04536658802246052,0.03186156164771725,0.013505026374743268,71.06481481481401,159.34935000000002,159.55647597234673,159.1422240276533,0.002599646278402974,0.0682142857142866,0.8258062408939404,1.8813495547442827e-05,0.0007656535354991778,0.00025130150868291117,1
2026-06-01 08:00:00+00:00,159.46,159.473,159.435,159.449,1014,159.4504,159.448,159.35895,159.3268,159.42037552921502,159.3756708258898,0.04470470332520904,0.03443018998321561,0.010274513341993426,72.40566037736423,159.35895,159.56585142580346,159.15204857419653,0.0025966715493979547,0.06500000000000179,0.869476340040876,-0.00016930447214624778,0.0003952668364850531,0.0002447922128222013,1
2026-06-01 09:00:00+00:00,159.448,159.48,159.44,159.455,889,159.45020000000002,159.4576,159.36685,159.32632,159.42570237087423,159.38154706101085,0.04415530986338467,0.036375213959249426,0.007780095904135247,72.79069767442432,159.36685,159.57584687733635,159.15785312266365,0.0026228400365113152,0.06378571428571636,0.8247612590159643,-6.271322496309573e-06,0.0006024134187589958,0.00023365879108249774,1
2026-06-01 10:00:00+00:00,159.455,159.476,159.436,159.448,782,159.448,159.45729999999998,159.38,159.32616,159.42913277535513,159.38646950093732,0.04266327441780504,0.03763282605096055,0.005030448366844492,71.22969837587476,159.38,159.57332873557618,159.1866712644238,0.0024260099833879746,0.0639285714285742,0.7472569424985299,-6.898324961268631e-05,-1.881455745011973e-05,0.00014767456553601755,1
2026-06-01 11:00:00+00:00,159.448,159.494,159.44,159.485,764,159.46,159.4576,159.39285,159.32764,159.4377277329928,159.39376805642533,0.04395967656748212,0.03889819615426487,0.005061480413217252,68.36734693877906,159.39285,159.57761417401508,159.20808582598494,0.002318349587388293,0.06150000000000132,0.607692651805855,0.00037635251685741444,1.881090028987842e-05,0.00015359351285643738,1
2026-06-01 12:00:00+00:00,159.482,159.492,159.431,159.482,1487,159.4638,159.4598,159.40705,159.32804,159.44453885099392,159.40030375595092,0.04423509504300682,0.03996557593201326,0.004269519110993561,63.71428571428758,159.40705,159.57127253835793,159.24282746164207,0.0020604175079826518,0.05842857142857026,0.38081583265304586,0.00011914989684136401,0.00013796563401480277,0.00014597305667627872,1
2026-06-01 13:00:00+00:00,159.483,159.737,159.482,159.735,3621,159.52100000000002,159.4857,159.42975,159.33356,159.48922518161027,159.42509607033034,0.06412911127992516,0.04479828300159564,0.019330828278329514,82.63888888888968,159.42975,159.63974235574926,159.21975764425076,0.002634293232589905,0.0692857142857142,0.9999999999947738,0.0017936769750830361,0.0016240688254032243,0.0005203056112914544,1
2026-06-01 14:00:00+00:00,159.735,159.761,159.654,159.718,2632,159.5736,159.5119,159.4527,159.34062,159.52442130751638,159.44679265771768,0.07762864979869732,0.05136435636101599,0.026264293437681337,76.64670658682417,159.4527,159.68342343891024,159.22197656108975,0.002893942076995199,0.0692857142857142,0.6833654979790699,0.0016493681602958166,0.0016430864940799594,0.0005191721500818684,0
2026-06-01 15:00:00+00:00,159.716,159.733,159.579,159.656,2464,159.61520000000002,159.53160000000003,159.47255,159.34478,159.5446641832831,159.46228949788966,0.0823746853934324,0.05756642216749928,0.024808263225933123,66.3533834586469,159.47255,159.7014093914438,159.24369060855622,0.0028702042005823705,0.07685714285714239,0.13945326726254426,0.0013045005268175203,0.0012354272885193307,0.0005470498875192809,1
2026-06-01 16:00:00+00:00,159.655,159.708,159.564,159.6,2128,159.6382,159.5491,159.48930000000001,159.35228,159.55317738585492,159.47249027582552,0.08068711002940177,0.06219055973987978,0.018496550289521983,62.36749116607586,159.48930000000001,159.70271543376197,159.27588456623806,0.002676235130030065,0.0837142857142855,0.0,0.0007210709471108245,0.001097694840834107,0.0005580767107800284,1
2026-06-01 17:00:00+00:00,159.598,159.678,159.57,159.63,2252,159.6678,159.5658,159.50375,159.3591,159.56499624956953,159.48415766280328,0.080838586766248,0.06592016514515343,0.014918421621094566,63.275862068964265,159.50375,159.71399885004854,159.29350114995145,0.0026362872352348275,0.08814285714285575,0.04481047213935466,0.0009280044142911947,0.001047264882762855,0.0005570140602874661,1
2026-06-01 18:00:00+00:00,159.632,159.761,159.617,159.758,1348,159.6724,159.5967,159.52235000000002,159.37098,159.59468913425115,159.50444228037642,0.09024685387473141,0.07078550289106904,0.019461350983662376,71.94767441860473,159.52235000000002,159.75351662935134,159.2911833706487,0.0028982350040771244,0.09657142857142682,0.4725960875258194,0.00014398848092156413,0.0019379237248273729,0.0005927334758104927,0
2026-06-01 19:00:00+00:00,159.755,159.757,159.649,159.689,1161,159.6666,159.6201,159.53885,159.3808,159.60919849821252,159.51811322257265,0.09108527563986968,0.07484545744082917,0.01623981819904051,65.25198938991878,159.53885,159.76802451405874,159.30967548594126,0.002872961840438751,0.10128571428571272,0.1422939978422119,-0.00018157001715524146,0.0014674986673355317,0.000624237197064786,0
2026-06-01 20:00:00+00:00,159.687,159.694,159.652,159.663,698,159.668,159.6416,159.54945,159.38898,159.6174756523337,159.52884557645754,0.08863007587615357,0.07760238112789405,0.011027694748259514,65.951742627345,159.54945,159.78111352641926,159.31778647358075,0.0029039714824370014,0.09799999999999898,0.1768132375607072,4.384426517023421e-05,0.0013484019868545971,0.0006293857107146938,1
2026-06-01 21:00:00+00:00,159.663,159.663,159.538,159.612,594,159.6704,159.6543,159.55595,159.39634,159.61663324428235,159.53500516338732,0.0816280808950296,0.07840752108132117,0.003220559813708432,59.815546772067655,159.55595,159.78693915444885,159.32496084555115,0.0028954000706191076,0.10149999999999945,0.0,7.518796992478372e-05,0.000796313132896298,0.0006439234237675971,1
2026-06-01 22:00:00+00:00,159.624,159.662,159.606,159.651,691,159.6746,159.6712,159.5655,159.40478,159.6219204374697,159.5435973735077,0.07832306396198874,0.07839062965745469,-6.756569546595426e-05,62.88265306122264,159.5655,159.79557779004713,159.33542220995284,0.002883803705025803,0.10278571428571379,0.13438462576788546,0.00013155421913180199,0.0010596807163192334,0.0006448227395069666,1
2026-06-01 23:00:00+00:00,159.658,159.658,159.614,159.644,721,159.6518,159.66209999999998,159.5739,159.41314,159.6253172932436,159.55103460510048,0.07428268814311423,0.0775690413545866,-0.003286353211472373,62.038216560507415,159.5739,159.80248180615385,159.34531819384617,0.0028649021695131937,0.1030714285714274,0.09738581567297255,-0.0007135792886741044,-0.0005696935549504012,0.00038117565720553065,1
2026-06-02 00:00:00+00:00,159.643,159.722,159.632,159.664,1393,159.64679999999998,159.6567,159.5843,159.4212,159.63126847889845,159.55940241213085,0.07186606676759766,0.07642844643718882,-0.004562379669591166,63.53383458646341,159.5843,159.80919305060362,159.3594069493964,0.002818485911253322,0.10664285714285679,0.16291600920440524,-0.00015655430242533797,-0.00033809589401323503,0.0003848564054763632,1
2026-06-02 01:00:00+00:00,159.662,159.719,159.633,159.703,1379,159.6548,159.66140000000001,159.5965,159.42986000000002,159.64230409752946,159.5700392704925,0.07226482703697457,0.07559572255714597,-0.0033308955201714063,63.624999999997684,159.5965,159.81923562331605,159.37376437668394,0.002791234435793453,0.1089285714285698,0.16691040288554262,0.0002505276739130924,0.00029438292328509696,0.00037188653400296184,0
2026-06-02 02:00:00+00:00,159.703,159.718,159.677,159.711,791,159.6746,159.67249999999999,159.6108,159.43828,159.65287269790954,159.58048080601242,0.07239189189712647,0.07495495642514208,-0.0025630645280156072,64.22360248447126,159.6108,159.82368059415472,159.3979194058453,0.0026674961112244456,0.10749999999999968,0.19313804655871653,0.0006202541162318997,0.0006954887218046935,0.0003471250325057847,0
2026-06-02 03:00:00+00:00,159.711,159.719,159.687,159.715,695,159.68739999999997,159.681,159.6234,159.44628,159.662430744385,159.59044519075297,0.0719855536320324,0.07436107586652015,-0.0023755222344877397,48.20143884892017,159.6234,159.82915857083705,159.41764142916296,0.002578050221171184,0.0915714285714273,0.0,0.00040087440730096624,0.0005324813631524261,0.0003447664671238354,1
2026-06-02 04:00:00+00:00,159.715,159.727,159.708,159.727,566,159.704,159.6779,159.6373,159.4546,159.6723644760181,159.60056036180902,0.07180411420907262,0.07384968353503064,-0.0020455693259580215,50.816696914701794,159.6373,159.8306375559107,159.44396244408932,0.00242221029685027,0.08528571428571345,0.11013358551489141,0.0005199067926136003,-0.0001940434907798938,0.00022536143578228066,1
2026-06-02 05:00:00+00:00,159.727,159.74,159.71,159.737,617,159.71859999999998,159.6827,159.65140000000002,159.4622,159.68230840278454,159.61066700167564,0.07164140110890571,0.07340802704980566,-0.001766625940899949,58.1162324649279,159.65140000000002,159.82927210070645,159.4735278992936,0.002228256071746611,0.07642857142857094,0.417531174020004,0.00045721014129673776,0.00030058426065671107,0.00017294364050660915,0
2026-06-02 06:00:00+00:00,159.736,159.746,159.683,159.7,1503,159.718,159.6864,159.66400000000002,159.47024,159.68503018697152,159.61728426081115,0.06774592616037012,0.07227560687191856,-0.004529680711548439,60.416666666665066,159.66400000000002,159.81485580427477,159.51314419572526,0.0018896658517230582,0.07064285714285745,0.5144069164919735,-1.8784869413979166e-05,0.0002317380983696271,0.0001825722906186491,1
2026-06-02 07:00:00+00:00,159.701,159.725,159.69,159.69,1157,159.7138,159.6942,159.67425,159.47788,159.68579477359128,159.62267061186245,0.06312416172883673,0.0704453178433022,-0.007321156114465474,56.52173913043451,159.67425,159.79959730698178,159.54890269301822,0.0015700378361793476,0.0654285714285712,0.35038396957963924,-0.00013148749929570158,0.0004886850612735305,0.00014274301496953852,1
2026-06-02 08:00:00+00:00,159.69,159.743,159.654,159.74,1340,159.71880000000002,159.7031,159.68715,159.48848,159.69413403919262,159.6313616776509,0.06277236154173238,0.06891072658298823,-0.006138365041255853,47.643979057591736,159.68715,159.77737375693212,159.59692624306788,0.001130006477441907,0.061499999999999284,0.0,0.0001565288169551593,0.0005574659726528264,0.00015438738449195295,1
2026-06-02 09:00:00+00:00,159.74,159.747,159.695,159.736,804,159.7206,159.7123,159.6872,159.49802,159.70057495623993,159.63911266449193,0.06146229174800055,0.0674210396159907,-0.005958747867990152,57.41324921135516,159.6872,159.7775364471482,159.59686355285177,0.0011314175105859175,0.05742857142857157,0.5336135195589989,5.634614060223697e-05,0.0005762822279571367,0.00015314913312020344,1
2026-06-02 10:00:00+00:00,159.736,159.749,159.708,159.727,732,159.71859999999998,159.7186,159.68765000000002,159.50673999999998,159.70464034758763,159.64562283749282,0.05901751009480449,0.06574033371175346,-0.006722823616948967,60.66666666666408,159.68765000000002,159.77871914665704,159.596580853343,0.0011405909806678214,0.05735714285714266,0.7854634133535817,-6.260290352255726e-05,0.0003945786150918451,0.0001549926571832223,1
2026-06-02 11:00:00+00:00,159.725,159.748,159.713,159.742,839,159.727,159.72250000000003,159.69195,159.51568,159.7103879864203,159.6527618865677,0.057626099852598145,0.06411748693992239,-0.006491387087324246,74.62121212121033,159.69195,159.78483017180722,159.59906982819277,0.001163241751474932,0.05092857142857099,0.9999999999962932,0.00026299311208521914,0.0002442033023799528,0.0001394293927313207,1
2026-06-02 12:00:00+00:00,159.742,159.784,159.73,159.778,1167,159.7446,159.72920000000002,159.70085,159.52558000000002,159.72078983466332,159.66203878385932,0.058751050804005445,0.063044199712739,-0.004293148908733557,74.3295019157056,159.70085,159.79069495416337,159.61100504583663,0.0011251656351656003,0.050785714285713164,0.9891868004062639,0.0005510676936564263,0.00041950773584775725,0.000153336932492578,1
2026-06-02 13:00:00+00:00,159.775,159.833,159.763,159.805,1387,159.7576,159.73819999999998,159.7096,159.53674,159.73374524471512,159.6726285035738,0.06111674114131915,0.06265870799845503,-0.0015419668571358819,78.64768683273985,159.7096,159.80434486515279,159.6148551348472,0.0011864642470182216,0.05264285714285677,0.9999999999967747,0.00040691123074987345,0.0005635037410387511,0.00015825053238618735,1
2026-06-02 14:00:00+00:00,159.802,159.873,159.802,159.861,1459,159.7826,159.7516,159.71474999999998,159.54882,159.75332289937433,159.68658194775398,0.06674095162034632,0.0634751567228333,0.0032657948975130247,81.07255520504704,159.71474999999998,159.8296300289509,159.59986997104906,0.0014385650536462174,0.051285714285713525,0.9999999999970085,0.0007825411929685,0.0008389314267467363,0.00018376929803240664,1
2026-06-02 15:00:00+00:00,159.86,159.898,159.854,159.874,1145,159.81199999999998,159.7653,159.724,159.56036,159.77188860716288,159.70046476643927,0.07142384072361097,0.06506489352298883,0.006358947200622134,79.38144329896807,159.724,159.85830052709528,159.5896994729047,0.0016816574477885793,0.04828571428571341,0.9494111894352207,0.0009203202965057944,0.0008576597782605777,0.0001836238606195154,1
2026-06-02 16:00:00+00:00,159.872,159.944,159.862,159.905,1150,159.8446,159.7858,159.7361,159.57476,159.79236728298397,159.71561552448122,0.07675175850275195,0.06740226651894146,0.009349491983810493,80.89171974522178,159.7361,159.88950747253864,159.58269252746135,0.001920761462670568,0.05121428571428461,0.9945903929881116,0.0010203953875624894,0.0012836568566061413,0.0001476932798947018,1
2026-06-02 17:00:00+00:00,159.906,159.965,159.889,159.96,969,159.881,159.8128,159.75349999999997,159.5894,159.81815693175565,159.73371807822383,0.08443885353182168,0.07080958392151751,0.013629269610304168,83.56164383561622,159.75349999999997,159.9254614399835,159.58153856001644,0.0021528347107704513,0.05435714285714255,0.9999999999972158,0.0011390804741580052,0.0016907758782642723,0.00014523767320050095,0
2026-06-02 18:00:00+00:00,159.96,159.986,159.9,159.902,930,159.9004,159.829,159.76605,159.60348,159.8310558653317,159.74618340576308,0.08487245956862921,0.07362215905093986,0.011250300517689354,71.28953771289176,159.76605,159.94307628410002,159.5890237159,0.002216068859435518,0.059142857142855325,0.6583267258984291,0.000606989768780597,0.001014147990484382,0.0002123820093378978,1
2026-06-02 19:00:00+00:00,159.902,159.95,159.888,159.925,793,159.91320000000002,159.8479,159.7801,159.61636000000001,159.84550880912684,159.75942907941055,0.08607972971628897,0.07611367318400969,0.009966056532279277,72.16981132075335,159.7801,159.9609039356789,159.5992960643211,0.002263159625997349,0.06142857142856834,0.6828348227721914,0.00040034780215325583,0.0011832022837683365,0.00020787832131151588,1
2026-06-02 20:00:00+00:00,159.923,159.944,159.902,159.902,641,159.91879999999998,159.8654,159.792,159.62922,159.85419976156888,159.7699898883433,0.08420987322557494,0.07773291319232274,0.0064769600332521965,74.63414634145828,159.792,159.9719567199404,159.6120432800596,0.0022523871024883175,0.05992857142856727,0.7514454920884721,0.00017513792111278903,0.0010956194006022102,0.00021765331545999788,0
2026-06-02 21:00:00+00:00,159.901,159.911,159.826,159.911,526,159.92,159.8823,159.8024,159.64226,159.86293825978905,159.78043508179954,0.08250317798950846,0.0786869661517599,0.003816211837748565,77.0171149144189,159.8024,159.98472579284322,159.6200742071568,0.002281890545363719,0.06349999999999666,0.8177908012192584,3.752227885311932e-05,0.001057955953975842,0.00021827764594274144,0
2026-06-02 22:00:00+00:00,159.911,159.958,159.895,159.952,582,159.91839999999996,159.8997,159.81445,159.656,159.87664006597535,159.79314359425905,0.08349647171630181,0.07964886726466829,0.0038476044516335267,76.49999999999261,159.81445,160.00308774807564,159.62581225192434,0.002360709536285979,0.06164285714285305,0.7299396793887815,-5.001250312586247e-05,0.0010890110027663713,0.0002203771242516853,0
2026-06-02 23:00:00+00:00,159.953,159.994,159.946,159.977,838,159.9334,159.9169,159.82755,159.66872,159.89208005582532,159.80676258727712,0.08531746854819744,0.08078258752137413,0.004534881026823312,78.62232779097025,159.82755,160.02336137539962,159.6317386246004,0.002450283138290169,0.0613571428571374,0.7842620235750833,0.0004690372853373148,0.0010763117549512646,0.00022002882282207424,0
2026-06-03 00:00:00+00:00,159.979,159.983,159.891,159.936,1294,159.93559999999997,159.9244,159.838,159.67972,159.8988369703137,159.81633572896044,0.08250124135327042,0.0811263182877534,0.0013749230655170225,73.06843267107753,159.838,160.03352466528773,159.64247533471226,0.002446535433222825,0.0649999999999957,0.14495433305268346,6.878224167583546e-05,0.00046915758064836055,0.00022909329989920777,0
2026-06-03 01:00:00+00:00,159.936,159.943,159.815,159.857,1308,159.9266,159.9227,159.844,159.68968,159.89240051334238,159.81934789718562,0.07305261615675818,0.07951157786155436,-0.006458961704796179,61.12185686653625,159.844,160.03375441191483,159.65424558808516,0.002374245037847321,0.07164285714285411,0.0,-0.0002814223712023223,-0.0001063337378185425,0.0002849221222815583,1
2026-06-03 02:00:00+00:00,159.855,159.879,159.831,159.868,843,159.91799999999998,159.919,159.8524,159.69802,159.88864658821277,159.8229517566534,0.0656948315593695,0.0767482286011174,-0.01105339704174789,59.146341463413044,159.8524,160.02978498126384,159.67501501873613,0.00221935962505231,0.07121428571428266,0.0,-0.0002688995753888923,-0.0002313873862606064,0.00027759808223742216,0
2026-06-03 03:00:00+00:00,159.866,159.898,159.866,159.883,664,159.9042,159.91129999999998,159.86205,159.70604,159.8877778823339,159.82739977467912,0.060378107654770474,0.07347420441184802,-0.013096096757077541,58.124999999998565,159.86205,160.02241862141912,159.7016813785809,0.0020063376069443624,0.06849999999999616,0.0,-0.0004313794138240956,-0.000481370342585663,0.00025082749620532245,0
2026-06-03 04:00:00+00:00,159.883,159.897,159.863,159.886,691,159.886,159.9097,159.86935,159.71456,159.88750436197483,159.83174053211036,0.0557638298644747,0.06993212950237336,-0.01416829963789866,52.927400468384015,159.86935,160.0192780880221,159.7194219119779,0.0018756326715797355,0.06585714285713859,0.0,-0.0005688317695669021,-0.00010006128753858867,0.00022540525853984923,0
2026-06-03 05:00:00+00:00,159.887,159.928,159.867,159.922,864,159.8832,159.9094,159.87865,159.72348,159.89281138320945,159.83842641862077,0.05438496458867803,0.0668226965196343,-0.012437731930956264,55.33333333333232,159.87865,160.01632432967568,159.7409756703243,0.0017222353288033135,0.06707142857142603,0.07853736865960749,-8.753501400571295e-05,-1.8758793184359135e-05,0.0002329134457951495,0
2026-06-03 06:00:00+00:00,159.923,159.984,159.901,159.973,1317,159.9064,159.91649999999998,159.89095,159.73382,159.90514809348494,159.84839483205636,0.05675326142858239,0.06480880950142391,-0.00805554807284152,57.23404255319104,159.89095,160.0148438000193,159.76705619998071,0.0015497287372335813,0.06714285714285495,0.14058261642588984,0.0007256485483901898,0.00044402196345272316,0.0002471071527667115,0
2026-06-03 07:00:00+00:00,159.971,159.994,159.548,159.698,5217,159.87240000000003,159.8952,159.88875000000002,159.73860000000002,159.87327915602572,159.83725447412615,0.03602468189956198,0.05905198398105153,-0.023027302081489544,31.014492753626214,159.88875000000002,160.0247513544788,159.75274864552122,0.0017011997964683973,0.09357142857142671,0.0,-0.0010633772862610469,-0.0013319909199491775,0.000609556611248161,1
2026-06-03 08:00:00+00:00,159.694,159.813,159.368,159.752,5758,159.8462,159.8752,159.88745,159.74514,159.85462082432946,159.83093932789455,0.023681496434903693,0.051977886471821964,-0.02829639003691827,39.067055393589136,159.88745,160.02831869585788,159.74658130414213,0.001762098224193025,0.11921428571428448,0.1691436427140512,-0.0008193491490652294,-0.0012503751125336748,0.0006158758898948208,1
2026-06-03 09:00:00+00:00,159.752,159.88,159.752,159.787,1497,159.8264,159.8562,159.88655,159.75162,159.84421762058645,159.8276845628653,0.01653305772114777,0.04488892072168713,-0.028355863000539362,40.1146131805163,159.88655,160.0298457559847,159.7432542440153,0.0017924679215943489,0.12392857142857037,0.19114753736927445,-0.000619191173711231,-0.0011876707276671228,0.0006193720402121811,1
2026-06-03 10:00:00+00:00,159.786,159.853,159.666,159.792,1975,159.80040000000002,159.8418,159.8831,159.75848,159.83618414049624,159.8250412619123,0.011142878583939364,0.03813971229413758,-0.026996833710198218,41.91176470588386,159.8831,160.0321911413199,159.7340088586801,0.001865001883499883,0.13428571428571395,0.22889660795721617,-0.0008128962869398126,-0.0009003601440576992,0.0006189478953529887,1
2026-06-03 11:00:00+00:00,159.79,159.835,159.778,159.833,1158,159.7724,159.8394,159.88105000000002,159.76604,159.8356942727276,159.82563079806695,0.010063474660654492,0.03252446476744096,-0.02246099010678647,44.52247191011229,159.88105000000002,160.03178640289232,159.7303135971077,0.0018856068670090216,0.13228571428571456,0.28373437157690357,-0.0008751476811712511,-0.00015013418242559862,0.000609948552959233,1
2026-06-03 12:00:00+00:00,159.835,159.931,159.807,159.914,1962,159.8156,159.844,159.88150000000002,159.77536,159.8477413076926,159.83217666487684,0.015564642815746765,0.029132500377102123,-0.013567857561355357,47.47340425531846,159.88150000000002,160.03259077090163,159.7304092290984,0.0018900344430295942,0.13664285714285995,0.34571854588109596,0.0013525529436810846,0.00028773738334120225,0.0006319500986810314,1
2026-06-03 13:00:00+00:00,159.911,159.979,159.89,159.969,1773,159.859,159.8526,159.88195000000002,159.78503999999998,159.8663964911245,159.84231172673785,0.024084764386657298,0.028122953179013158,-0.00403818879235586,49.48849104859273,159.88195000000002,160.03407526001905,159.72982473998098,0.0019029697851325141,0.13957142857143318,0.4392929254948677,0.0013583554509488671,0.0005378933345008274,0.0006397047419555196,1
2026-06-03 14:00:00+00:00,159.971,159.999,159.893,159.942,2265,159.89000000000001,159.85819999999998,159.88395,159.79424,159.87802780018228,159.84969604327583,0.02833175690645362,0.028164713924501247,0.00016704298195237277,50.39062500000002,159.88395,160.03822176976485,159.72967823023515,0.0019297968278222677,0.14057142857143187,0.6435678717553679,0.0009700413675706177,0.00035024955280649195,0.0006435887073735336,1
2026-06-03 15:00:00+00:00,159.94,160.001,159.933,159.966,1634,159.9248,159.8626,159.886,159.79886,159.8915619847696,159.85831115118137,0.03325083358822667,0.02918193785724633,0.004068895730980338,57.64375876577908,159.886,160.04362179918385,159.72837820081614,0.00197167730988151,0.13628571428571742,0.94658784379123,0.0010889155902673586,0.0002751341278874886,0.0006415607008279421,1
2026-06-03 16:00:00+00:00,159.964,160.048,159.95,159.984,2012,159.95499999999998,159.8637,159.89010000000002,159.80418,159.90578321788195,159.86762143627908,0.03816178160286654,0.030977906606370377,0.007183874996496163,58.05555555555653,159.89010000000002,160.0536293632061,159.72657063679392,0.0020455220580398036,0.13985714285714682,0.9974384675317697,0.0009447360682712791,6.876160352065064e-05,0.000634431892111267,0
2026-06-03 17:00:00+00:00,159.982,160.048,159.947,160.044,1174,159.981,159.8983,159.89675,159.81194,159.92704733820779,159.88068651507325,0.04636082313453471,0.03405448991200325,0.012306333222531461,60.52287581699374,159.89675,160.0740916268973,159.71940837310268,0.002218201769545866,0.14478571428571943,0.9999999999966112,0.0008129369536127307,0.0021665894375633155,0.00019436958948079651,0
2026-06-03 18:00:00+00:00,160.042,160.058,160.015,160.03,1034,159.9932,159.9261,159.90064999999998,159.82054,159.94288620925275,159.89174677321603,0.051139436036720554,0.03747147913694671,0.01366795689977384,59.27835051546415,159.90064999999998,160.08634162325308,159.7149583767469,0.002322587472322246,0.14542857142857762,0.9578246866677572,0.000381323881502027,0.0017401973058239761,0.00021068059313780543,0
2026-06-03 19:00:00+00:00,160.032,160.077,159.998,160.072,1044,160.0192,159.9546,159.90540000000001,159.82938000000001,159.9627498693677,159.90509886408896,0.057651005278756884,0.04150738436530875,0.016143620913448134,59.59079283887491,159.90540000000001,160.10374409229007,159.70705590770996,0.002480767907651111,0.14671428571429196,0.968412942985928,0.00081279463805628,0.0017836244500490928,0.00021215498128805408,0
2026-06-03 20:00:00+00:00,160.067,160.081,160.002,160.011,707,160.02820000000003,159.9765,159.90915,159.83444,159.97017296638808,159.91294339267498,0.057229573713101445,0.04465182223486729,0.012577751478234152,52.39898989898879,159.90915,160.1126977701569,159.70560222984312,0.0025457926598557736,0.1464285714285763,0.7246922713239878,0.000281309778327854,0.0013705316911984955,0.0002747374192167134,0
2026-06-03 21:00:00+00:00,160.011,160.011,159.891,159.941,429,160.01960000000003,159.98729999999998,159.91335,159.83948,159.965684817713,159.91502165988425,0.05066315782875108,0.04585408935364406,0.004809068475107023,70.69846678023846,159.91335,160.1158306943339,159.7108693056661,0.0025323801212831843,0.12314285714286248,0.9999999999968386,-0.0002687768776877819,0.000675705267372928,0.00032435817138256565,0
2026-06-03 22:00:00+00:00,160.015,160.073,159.822,159.917,1012,159.9942,159.9876,159.91580000000002,159.84456,159.95819484575716,159.91516820359652,0.04302664216064045,0.045288599915043345,-0.0022619577544028963,64.81149012567286,159.91580000000002,160.11715289785022,159.71444710214982,0.0025182364450567047,0.10928571428572045,0.8075135745908805,-0.0007935317787608476,1.876008354506631e-05,0.00029025335149378446,1
2026-06-03 23:00:00+00:00,159.918,159.978,159.892,159.945,1505,159.97719999999998,159.98520000000002,159.91889999999998,159.85121999999998,159.95616486948683,159.91737796629306,0.038786903193766875,0.04398826057078806,-0.005201357377021182,64.36363636363564,159.91889999999998,160.12003561803192,159.71776438196804,0.002515470254384454,0.10628571428572238,0.77993900099017,-0.0005311504092982977,-0.000150029068131996,0.0002725158815466761,0
2026-06-04 00:00:00+00:00,159.948,159.965,159.886,159.907,1850,159.9442,159.9817,159.91995,159.85634,159.94860104341194,159.91660922804914,0.031991815362800935,0.04158897152919064,-0.009597156166389703,59.86277873070455,159.91995,160.12058108327957,159.71931891672043,0.0025091438970506782,0.09857142857143637,0.5860448436304156,-0.0010307861462341972,-0.00021882932563055402,0.0002776505318800574,0
2026-06-04 01:00:00+00:00,159.906,159.93,159.871,159.883,1476,159.91860000000003,159.9734,159.918,159.86112,159.9385085751947,159.91411965560104,0.02438891959366174,0.03814896114208486,-0.01376004154842312,54.41696113074325,159.918,160.11930416890877,159.71669583109124,0.0025175923774529807,0.09871428571429217,0.2989682748085009,-0.0007999450037808886,-0.0005188602578047874,0.000273189655649373,1
2026-06-04 02:00:00+00:00,159.883,159.911,159.873,159.893,873,159.909,159.9643,159.91400000000002,159.8657,159.93150725593398,159.91255523666763,0.018952019266350817,0.03430957276693805,-0.015357553500587234,47.87878787878913,159.91400000000002,160.11387680415973,159.7141231958403,0.0024998036964832913,0.0925714285714341,0.0,-0.0003001106658080399,-0.0005688068806881663,0.00027028989711821896,1
2026-06-04 03:00:00+00:00,159.893,159.985,159.892,159.968,715,159.9192,159.9567,159.9275,159.87099999999998,159.93712152425184,159.91666225617374,0.020459268078099058,0.03153951182917025,-0.011080243751071195,49.90291262135875,159.9275,160.10063274493118,159.75436725506884,0.0021651403908791965,0.09285714285714773,0.08870084243088065,0.0003189154373830494,-0.00047486941091212653,0.00028803670310881014,0
2026-06-04 04:00:00+00:00,159.968,159.988,159.586,159.864,2712,159.903,159.9401,159.93310000000002,159.87406000000001,159.92587205898232,159.912761348309,0.013110710673316817,0.027853751597999563,-0.014743040924682746,43.41216216216142,159.93310000000002,160.08868771429997,159.77751228570008,0.0019456599578191213,0.11400000000000432,0.0,-0.0005064240832786115,-0.001037305505217745,0.00034587063672732865,0
2026-06-04 05:00:00+00:00,159.867,159.93,159.853,159.884,1271,159.89839999999998,159.92130000000003,159.93795,159.87744,159.91943020375425,159.9106308780639,0.00879932569034736,0.024042866416469123,-0.015243540726121763,43.02721088435112,159.93795,160.07980311157013,159.79609688842987,0.0017738518165342056,0.11464285714286047,0.0,-0.00014383360328207306,-0.001174471487830564,0.0003321698283000394,0
2026-06-04 06:00:00+00:00,159.882,159.916,159.82,159.896,1867,159.90099999999998,159.90980000000002,159.94315,159.88082,159.91582555702283,159.90954710931845,0.006278447704374912,0.02048998267405028,-0.01421153496967537,42.43986254295259,159.94315,160.06922311996578,159.81707688003422,0.0015764741405403255,0.11450000000000264,0.0,8.13094575407014e-05,-0.0007187005893345422,0.00032314292545917436,0
2026-06-04 07:00:00+00:00,159.899,159.928,159.859,159.902,1580,159.9028,159.9059,159.9466,159.88412,159.9136985482501,159.90898806418377,0.004710484066322351,0.017334082952504697,-0.012623598886182346,36.55303030302634,159.9466,160.06341816729207,159.8297818327079,0.0014607146046503139,0.1122142857142876,0.0,5.628764236065287e-05,-0.00024383991596910182,0.00029730484236413686,0
2026-06-04 08:00:00+00:00,159.898,159.916,159.842,159.874,1406,159.88400000000001,159.90159999999997,159.9446,159.8876,159.90759107928855,159.9063963557257,0.0011947235628610997,0.014106211074575978,-0.012911487511714878,35.60885608855811,159.9446,160.06508044173668,159.82411955826333,0.001506527156736451,0.1144285714285717,0.0,-0.0005876175235046688,-0.00026888948642112,0.00029858459408351243,1
2026-06-04 09:00:00+00:00,159.874,159.895,159.841,159.855,1400,159.88219999999998,159.8926,159.93890000000002,159.8909,159.8995001440134,159.9025892182645,-0.003089074251107604,0.010667154009439262,-0.013756228260546866,29.094412331402083,159.93890000000002,160.0651677189193,159.81263228108074,0.0015789494478113829,0.11264285714285702,0.0,-5.6297853175291124e-05,-0.0005626934258651239,0.00029086396102587827,1
2026-06-04 10:00:00+00:00,159.856,159.893,159.854,159.876,1149,159.88060000000002,159.8895,159.9356,159.89362,159.89588473724208,159.9006196465412,-0.004734909299116907,0.007586741347728028,-0.012321650646844935,35.908141962420544,159.9356,160.06493904852232,159.80626095147767,0.0016173891056440917,0.10978571428571472,0.1637756156525907,-5.003627630018048e-05,-0.0001938626826843981,0.00028869833557063887,1
2026-06-04 11:00:00+00:00,159.876,159.876,159.746,159.766,1837,159.8546,159.8778,159.9256,159.89422000000002,159.87590246997408,159.89064782087146,-0.014745350897385379,0.003120322898705346,-0.017865673796090723,33.140655105970254,159.9256,160.07449120011833,159.77670879988167,0.0018620058341919995,0.11049999999999979,0.1132859411921398,-0.0008130284685045064,-0.0007317851178675339,0.0003576507484056618,1
2026-06-04 12:00:00+00:00,159.766,159.875,159.754,159.862,2075,159.8466,159.8747,159.9195,159.89692000000002,159.87376362843963,159.88852576006616,-0.014762131626525843,-0.0004561680063408928,-0.01430596362018495,45.34686971235099,159.9195,160.0683135534258,159.7706864465742,0.0018611057866715515,0.10121428571428583,0.46081131147226934,-0.0002501532188464717,-0.000193879657020668,0.00041608524918628945,1
2026-06-04 13:00:00+00:00,159.862,159.919,159.838,159.912,1710,159.8542,159.86909999999997,159.91289999999998,159.90032000000002,159.87964614714124,159.89026459265386,-0.0106184455126197,-0.002488623507596655,-0.008129822005023046,47.30831973898951,159.91289999999998,160.04968704154945,159.7761129584505,0.0017107693194166058,0.1008571428571433,0.59196862034057,0.0002376871786533563,-0.000350070014002668,0.00039825552932543627,1
2026-06-04 14:00:00+00:00,159.913,159.999,159.873,159.982,1632,159.8796,159.88089999999997,159.9105,159.9044,159.8953928937349,159.89705980801284,-0.0016669142779335289,-0.00232428166166403,0.0006573673837305012,55.813953488371375,159.9105,160.04013349144526,159.78086650855477,0.0016213255720574605,0.10421428571428594,0.9999999999962574,0.0007944699884270268,0.0007381274082969291,0.00035809553576053956,1
2026-06-04 15:00:00+00:00,159.981,160.028,159.956,159.969,1331,159.8982,159.88939999999997,159.90535,159.90768,159.90671706392956,159.90238871112302,0.00432835280653876,-0.0009937547680234718,0.0053221075745622315,56.78233438485696,159.90535,160.01454085174268,159.79615914825732,0.0013656935398681984,0.10514285714285775,0.9999999999963883,0.0005817008181339123,0.0005316354356910136,0.0003607496827762376,1
2026-06-04 16:00:00+00:00,159.971,159.991,159.938,159.967,1188,159.9384,159.8965,159.90315,159.9098,159.91599136178655,159.90717473252133,0.008816629265226084,0.00096832203862644,0.007848307226599644,55.91054313099162,159.90315,160.004897416877,159.80140258312304,0.001272613039542688,0.10621428571428737,0.9685136626620412,0.0012580899565615145,0.00044403862510655756,0.0003612228030201307,1
2026-06-04 17:00:00+00:00,159.969,159.999,159.966,159.989,934,159.9638,159.9052,159.90555,159.91209999999998,159.92722345997322,159.91323586344566,0.013987596527556434,0.0035721769364124396,0.010415419591143994,51.832460732985666,159.90555,160.01315253371638,159.79794746628363,0.0013458261294417133,0.1019285714285709,0.8212262501173947,0.0007944352003603772,0.0005440832509913118,0.00036239205548700443,1
2026-06-04 18:00:00+00:00,159.99,160.029,159.964,160.024,844,159.9862,159.9202,159.9109,159.91448,159.94211215843887,159.92144061430156,0.020671544137314868,0.006992050376592927,0.013679493760721941,65.87301587301583,159.9109,160.03083313926416,159.79096686073584,0.0014999995530531377,0.0778571428571431,0.999999999997281,0.0007003852118665499,0.0009382388631047345,0.00035601781188747606,0
2026-06-04 19:00:00+00:00,160.022,160.028,160.003,160.012,609,159.9922,159.9359,159.91425,159.91552,159.95286413406367,159.92814871694588,0.024715417117789684,0.010536723724832279,0.014178693392957405,62.90322580645282,159.91425,160.041700919342,159.78679908065803,0.0015939907712037133,0.07414285714285793,0.9192522341612366,0.0001875210961232998,0.0009821400644334233,0.0003533670640457746,0
2026-06-04 20:00:00+00:00,160.01,160.037,160.0,160.008,551,160.0,159.9491,159.9193,159.91764,159.96134657497697,159.93406362680173,0.027282948175241017,0.013885968614914028,0.01339697956032699,61.47540983606797,159.9193,160.0533731928897,159.7852268071103,0.0016767606272626435,0.06992857142857238,0.8804303150863201,0.00024379723571454903,0.0008256398708998969,0.0003551925062315459,0
2026-06-04 21:00:00+00:00,160.014,160.014,159.914,159.969,367,160.00039999999998,159.9694,159.9236,159.91852,159.96252402498052,159.9366515062979,0.025872518682632517,0.016283278628457725,0.009589240054174792,56.42994241842662,159.9236,160.05828622404078,159.7889137759592,0.0016843820929592825,0.07214285714286055,0.7432454594427703,1.2502578656814478e-05,0.0012706082645870254,0.0002642274272155221,1
2026-06-04 22:00:00+00:00,159.971,160.018,159.962,159.997,487,160.002,159.9829,159.92879999999997,159.92042,159.96782802113736,159.94112176509066,0.026706256046708177,0.018367874112107815,0.008338381934600361,61.804222648753225,159.92879999999997,160.06650846397957,159.79109153602036,0.001722122144099208,0.07085714285714825,0.8893706440009925,5.000343773642335e-05,0.0008444783625878305,0.00020762511620687568,0
2026-06-04 23:00:00+00:00,159.997,160.008,159.967,159.992,641,159.99560000000002,159.9909,159.93,159.92204,159.97154678711624,159.94489052323212,0.02665626388412079,0.02002555206651041,0.00663071181761038,63.51084812623113,159.93,160.0695526687936,159.79044733120642,0.0017451718726140709,0.06992857142857645,0.9278338716938597,-0.0001999700044993391,0.0005002751513332182,0.00019361622959981572,0
2026-06-05 00:00:00+00:00,159.992,160.005,159.941,159.959,1392,159.98499999999999,159.98860000000002,159.93474999999998,159.92218,159.9696165121753,159.94593566965935,0.023680842515943823,0.020756610156397095,0.002924232359546728,57.99614643545212,159.93474999999998,160.07127819257354,159.79822180742642,0.0017072986649063376,0.07171428571429114,0.7593552908175827,-0.00033122515811312425,-0.00014376617369449285,0.00015321755690630686,1
2026-06-05 01:00:00+00:00,159.959,159.97,159.896,159.957,1314,159.97480000000002,159.9874,159.9384,159.92178,159.96767551030217,159.94675524968457,0.02092026061760066,0.02078934024863781,0.0001309203689628495,73.23600973235872,159.9384,160.07310654264197,159.80369345735804,0.0016844803079431167,0.06771428571429235,0.9999999999964144,-0.00031873406329696596,-7.5014534065998e-05,0.00015141435153265333,0
2026-06-05 02:00:00+00:00,159.957,159.976,159.933,159.972,808,159.9754,159.9879,159.9422,159.9225,159.96834081640952,159.94862523118945,0.019715585220069443,0.02057458924292414,-0.0008590040228546973,66.66666666666666,159.9422,160.07615615936027,159.80824384063976,0.001675057106382837,0.06214285714286356,0.7466282932476136,1.8753633516555013e-05,3.1256446642036195e-05,0.00015471733059207156,0
2026-06-05 03:00:00+00:00,159.972,159.99,159.94,159.954,776,159.96679999999998,159.9844,159.94480000000001,159.92444,159.96613453696193,159.94902336221244,0.017111174749487645,0.01988190634423684,-0.0027707315947491963,57.04697986577137,159.94480000000001,160.07748339839443,159.8121166016056,0.001659114874561971,0.059928571428577423,0.24362871470119662,-0.00026875503915702037,-0.00021876504009643583,0.00015073884180283995,0
2026-06-05 04:00:00+00:00,159.951,159.969,159.94,159.958,545,159.95999999999998,159.9778,159.949,159.92624,159.96488306973703,159.94968829834485,0.015194771392174289,0.01894447935382433,-0.0037497079616500423,44.827586206896974,159.949,160.0774990272296,159.82050097277042,0.001606749991929856,0.05300000000000539,0.0,-0.0002125106255311815,-0.00041243813427982445,0.0001269463714644112,0
2026-06-05 05:00:00+00:00,159.958,159.969,159.917,159.961,748,159.9604,159.9727,159.9543,159.92780000000002,159.96428567439284,159.95052620217118,0.013759472221664737,0.017907477927392414,-0.004148005705727677,48.1981981982027,159.9543,160.07498070093388,159.8336192990661,0.0015089397525904441,0.05157142857143323,0.11864832936867699,1.2503203945968266e-05,-0.0003187260955427318,0.00012763700559207644,0
2026-06-05 06:00:00+00:00,159.963,159.97,159.924,159.936,1129,159.95620000000002,159.96550000000002,159.9573,159.92880000000002,159.95993403217855,159.94945018719554,0.010483844983014023,0.016422751338516735,-0.005938906355502711,43.67346938775548,159.9573,160.07265044999795,159.84194955000206,0.001442265529587554,0.05107142857143084,0.0,-0.0001312852829197242,-0.00044997750112496515,0.00013347068765538693,0
2026-06-05 07:00:00+00:00,159.936,159.951,159.907,159.949,1053,159.9516,159.9635,159.96645,159.92934,159.95825187338187,159.94941683999588,0.00883503338599212,0.01490520774801181,-0.006070174362019691,41.52542372881795,159.96645,160.03899900339536,159.89390099660466,0.0009070527400633317,0.05185714285714482,0.0,-0.00014377516065311458,-0.00012502422344318198,0.00011842287901142421,1
2026-06-05 08:00:00+00:00,159.949,159.952,159.92,159.943,836,159.94940000000003,159.9581,159.9705,159.92874,159.95590543132312,159.94894151851472,0.0069639128084020285,0.013316948760089854,-0.006353035951687826,30.434782608705802,159.9705,160.025393197728,159.91560680227198,0.0006862915065966072,0.04950000000000289,0.0,-6.876977130920725e-05,-0.0003375063282436974,9.840743721938935e-05,1
2026-06-05 09:00:00+00:00,159.943,159.957,159.891,159.938,1131,159.9454,159.9527,159.9718,159.93354,159.9531507495811,159.94813103566176,0.005019713919352853,0.011657501791942453,-0.0066377878725896,31.500000000006395,159.9718,160.02188035647012,159.92171964352988,0.000626114808611501,0.05242857142857409,0.024887543252455967,-0.00012503282111564484,-0.00033751687584382406,9.840740748406153e-05,1
2026-06-05 10:00:00+00:00,159.938,159.948,159.905,159.91,647,159.9352,159.9478,159.9682,159.9367,159.94651217272246,159.94530651450162,0.0012056582208401778,0.009567133077722,-0.008361474856881821,28.125000000007134,159.9682,160.0250825197363,159.9113174802637,0.0007111728423060485,0.05285714285714554,0.0,-0.0003188277142553986,-0.00030632849667733275,9.265823721932802e-05,1
2026-06-05 11:00:00+00:00,159.911,159.928,159.828,159.842,1216,159.9164,159.93630000000002,159.96185,159.9378,159.930433376919,159.9376541800941,-0.007220803175101764,0.006209545827157246,-0.01343034900225901,24.901185770761785,159.96185,160.04196642842885,159.88173357157115,0.001001694196820702,0.052857142857143505,0.0,-0.0005877350940375337,-0.0007189432159891984,0.0001547830125066554,1
2026-06-05 12:00:00+00:00,159.839,160.218,159.833,160.21,3282,159.96859999999998,159.9601,159.974,159.94616000000002,159.97344362662375,159.95782794453157,0.01561568209217512,0.008090773080160821,0.007524909012014299,67.95952782461865,159.974,160.1109502406714,159.83704975932858,0.0017121562337806206,0.07635714285714203,0.8908347755228934,0.0016317701267278828,0.0014877603580627508,0.0007700761249649301,1
2026-06-05 13:00:00+00:00,160.214,160.261,159.718,160.144,8999,160.0088,159.9791,159.98175,159.95238,159.9996830686816,159.97161846715886,0.02806460152274326,0.012085538768677311,0.01597906275406595,61.62079510703436,159.98175,160.13840029776023,159.82509970223978,0.0019583520965387948,0.11221428571428557,0.7596926258668311,0.001256697698555076,0.0011878415044324075,0.0007870082170627765,1
2026-06-05 14:00:00+00:00,160.147,160.28,160.058,160.267,3320,160.0746,160.01000000000002,159.9939,159.95944,160.0408087504229,159.99349858070266,0.04731016972024804,0.019130464958991462,0.02817970476125658,70.69892473118152,159.9939,160.1955728982625,159.7922271017375,0.002521007341686166,0.12350000000000096,0.9475102049965523,0.0020570471057534956,0.001931757086235164,0.0008118339217572626,0
2026-06-05 15:00:00+00:00,160.267,160.298,160.209,160.261,2161,160.1448,160.04000000000002,160.00635,159.96528,160.07468432728092,160.01331350065064,0.06137082663028082,0.027578537293249338,0.033792289337031475,70.32085561497288,160.00635,160.2408063925314,159.7718936074686,0.0029305885989074705,0.12457142857142856,0.9917448082615049,0.002194984678881795,0.0018754571426784494,0.000813369356123578,1
2026-06-05 16:00:00+00:00,160.26,160.341,160.239,160.276,2135,160.23160000000001,160.074,160.01975,159.97196,160.10565596923772,160.03277175986167,0.07288420937604201,0.03663967170980788,0.03624453766623413,70.32085561497288,160.01975,160.2834179530631,159.75608204693688,0.0032954426320889224,0.1287857142857141,0.9917448082615049,0.0027151812414758503,0.002125850340136015,0.0008054272937489655,0
2026-06-05 17:00:00+00:00,160.274,160.34,160.265,160.317,1418,160.25300000000001,160.1108,160.03715,159.97897999999998,160.13817043550884,160.05382570357563,0.08434473193321423,0.04618068375448915,0.03816404817872508,73.54085603112792,160.03715,160.33092777136153,159.74337222863846,0.0036713696958679065,0.13057142857142878,0.999999999997944,0.0006678734161413846,0.0023007333587581336,0.0008041537471963742,1
2026-06-05 18:00:00+00:00,160.314,160.338,160.088,160.164,2289,160.257,160.1329,160.0455,159.98257999999998,160.14214421466133,160.06198676257003,0.08015745209129932,0.052976037421851196,0.027181414669448123,61.1956521739119,160.0455,160.34392922108728,159.74707077891273,0.003729304742554776,0.14635714285714332,0.7461906342866375,0.00012488760115880737,0.0013817422456747774,0.0008861454395363597,1
2026-06-05 19:00:00+00:00,160.164,160.205,160.114,160.179,1420,160.2394,160.15699999999998,160.05485000000002,159.98528,160.14781433548268,160.07065440978704,0.07715992569563923,0.0578128150766088,0.019347110619030432,61.69527896995594,160.05485000000002,160.35790342589405,159.75179657410598,0.0037868696374278557,0.14914285714285874,0.756462636406893,-0.0005490837165479379,0.0015068338981356622,0.0008843660779088002,1
2026-06-05 20:00:00+00:00,160.178,160.322,160.166,160.311,1120,160.2494,160.1971,160.07245,159.9909,160.17291982233147,160.08845778683985,0.08446203549161169,0.06314265915960939,0.0213193763320023,68.0461982675642,160.07245,160.39247531149695,159.75242468850305,0.003998505820295103,0.15700000000000255,0.887033408445416,0.00031199106457591164,0.002507660559064595,0.0008997498949991253,1
2026-06-07 21:00:00+00:00,160.223,160.263,160.182,160.256,412,160.2454,160.2385,160.0874,159.99457999999998,160.18570138812663,160.100868321148,0.08483306697863213,0.06748074072341394,0.017352326255218195,64.19981498612279,160.0874,160.4126104743551,159.7621895256449,0.004062911563996776,0.16307142857143372,0.8079542687052828,-0.00012478474631272274,0.0025900576819608556,0.0008932421764053396,1
2026-06-07 22:00:00+00:00,160.269,160.35,160.262,160.329,1109,160.2478,160.2504,160.10525,160.00094,160.20774732841485,160.11776696402592,0.08998036438893564,0.07198066545651828,0.01799969893241736,66.81184668989451,160.10525,160.4427484600335,159.76775153996653,0.004215957440914485,0.16750000000000398,0.861655942458091,7.485170006926722e-05,0.0007427751076711786,0.0005481050172950483,1
2026-06-07 23:00:00+00:00,160.331,160.34,160.237,160.336,1118,160.28220000000002,160.26960000000003,160.12435,160.00884,160.22747850865872,160.13393237409807,0.09354613456065408,0.07629375927734544,0.01725237528330864,67.30434782608751,160.12435,160.4689695614063,159.77973043859367,0.004304399192331692,0.17014285714286156,0.8717814456441868,0.001073899253265509,0.0011989209711260607,0.0005214747966796168,1
2026-06-08 00:00:00+00:00,160.334,160.343,160.238,160.319,2299,160.31019999999998,160.2748,160.1424,160.01688000000001,160.24155873809582,160.14764108712782,0.09391765096799531,0.07981853761547542,0.014099113352519899,67.95434591747005,160.1424,160.48814794591416,159.79665205408585,0.0043180062983214345,0.1745714285714318,0.8851449838405149,0.0008740221876775145,0.00032445855977836224,0.0004716450593240904,0
2026-06-08 01:00:00+00:00,160.321,160.352,160.263,160.33,2258,160.31400000000002,160.2817,160.16085,160.02458000000001,160.2551650860811,160.161149154748,0.09401593133310371,0.08265801635900108,0.011357914974102629,72.55083179297371,160.16085,160.5052190034322,159.81648099656783,0.004300289408206532,0.17378571428571782,0.9198049501898263,0.00011851962747422284,0.00043054766911487796,0.0004710886968167957,0
2026-06-08 02:00:00+00:00,160.33,160.377,160.322,160.371,990,160.337,160.2912,160.1826,160.03386,160.27298584206864,160.1766936618037,0.09629218026492481,0.08538484914018583,0.010907331124738975,60.662251655627685,160.1826,160.52208778754658,159.84311221245343,0.0042387598596423555,0.15021428571429038,0.0,0.0007176018370607107,0.0005927275449848501,0.00047578425863843216,0
2026-06-08 03:00:00+00:00,160.371,160.391,160.336,160.336,771,160.3384,160.2931,160.20194999999998,160.04292,160.28268032790422,160.18849413129976,0.09418619660445415,0.0871451186330395,0.00704107797141465,63.2596685082859,160.20194999999998,160.52927438441102,159.87462561558894,0.004086397005917126,0.11535714285714553,0.20168465284788717,4.366022366508737e-05,0.00011851519177641379,0.0004776486496312173,0
2026-06-08 04:00:00+00:00,160.336,160.351,160.287,160.338,973,160.33880000000002,160.3105,160.2217,160.05182000000002,160.29119104668817,160.19956864009237,0.09162240659580334,0.08804057622559228,0.0035818303702110643,55.887230514095094,160.2217,160.5303726080264,159.9130273919736,0.0038530686920235976,0.10407142857143015,0.0,1.2473805009349803e-05,0.0010863864538848134,0.0003376548947696267,0
2026-06-08 05:00:00+00:00,160.337,160.342,160.196,160.255,1664,160.326,160.31810000000002,160.23755,160.05756000000002,160.28562319335154,160.20367466675216,0.08194852659937624,0.08682216630034907,-0.004873639700972834,49.558823529411804,160.23755,160.5159563482309,159.9591436517691,0.0034749201823280782,0.10814285714285989,0.0,-0.0003992040868517899,0.00047446918759641576,0.0003916838622260992,0
2026-06-08 06:00:00+00:00,160.261,160.341,160.227,160.262,2167,160.3124,160.3132,160.25515000000001,160.06552,160.28198885591283,160.20799506180757,0.07399379410526308,0.08425649186133188,-0.010262697756068806,48.95833333333272,160.25515000000001,160.48697867993522,160.0233213200648,0.0028932446780675085,0.10900000000000278,0.0,-0.0004241252416891106,-0.0003056558813806509,0.000282212362380673,0
2026-06-08 07:00:00+00:00,160.261,160.264,160.148,160.228,2025,160.2838,160.31040000000002,160.27445,160.0724,160.27368287808008,160.20947690908105,0.0642059689990333,0.08024638728887218,-0.016040418289838876,43.30827067669261,160.27445,160.40249682531035,160.14640317468965,0.0015978445137119395,0.11192857142857397,0.0,-0.0008916824114085786,-0.00017472044728428227,0.0002688201423065618,0
2026-06-08 08:00:00+00:00,160.228,160.238,159.841,160.024,3476,160.22140000000002,160.2799,160.26515,160.07496,160.2352701276062,160.19573787877874,0.039532248827470085,0.07210355959659176,-0.032571310769121675,40.22346368715268,160.26515,160.43356211982413,160.09673788017588,0.0021016686388042032,0.12242857142857336,0.0,-0.0019459135814789974,-0.0019023383168360608,0.0004352186667680107,1
2026-06-08 09:00:00+00:00,160.024,160.075,159.98,160.006,2987,160.155,160.2469,160.25825,160.07704,160.19999780028218,160.18168322109142,0.01831457919075774,0.06134576351542496,-0.04303118432466722,37.96940194714954,160.25825,160.45626741018214,160.06023258981787,0.002471228909365127,0.12271428571428698,0.0,-0.0020706258029911107,-0.002058177826564256,0.00042864307577057925,1
2026-06-08 10:00:00+00:00,160.007,160.082,159.924,160.003,2241,160.10459999999998,160.2153,160.24505,160.07962,160.16969044639262,160.1684474269365,0.0012430194561261487,0.0493252147035652,-0.04808219524743905,23.89830508474664,160.24505,160.47347386730883,160.01662613269116,0.00285093196087909,0.12285714285714278,0.0,-0.0015724938379458875,-0.0019710701788310248,0.0004317802417691818,1
2026-06-08 11:00:00+00:00,160.002,160.01,159.881,159.969,2330,160.046,160.17919999999998,160.23045,160.08190000000002,160.13881499310145,160.1536735434597,-0.014858550358241018,0.036488461691203955,-0.05134701204944497,24.780316344465433,160.23045,160.48981316745062,159.97108683254936,0.0032373767589197913,0.12285714285714075,0.018128786301407747,-0.001828256230422709,-0.002251606062496192,0.00042158216856164223,1
2026-06-08 12:00:00+00:00,159.97,159.981,159.913,159.958,2097,159.992,160.1379,160.21455,160.08354,160.11099730185506,160.1391792069071,-0.028181905052036882,0.023554388342555785,-0.05173629339459267,13.412228796845667,160.21455,160.49984834799187,159.92925165200813,0.003561453663126965,0.12099999999999714,0.0,-0.0016850987343036694,-0.0025752785728093697,0.0003918857209432892,1
2026-06-08 13:00:00+00:00,159.958,160.036,159.935,160.03,2028,159.99319999999997,160.10729999999998,160.20020000000002,160.08882,160.09853617849274,160.13109185824732,-0.03255567975458007,0.012332374723128613,-0.04488805447770868,23.251748251748694,160.20020000000002,160.4925844621089,159.90781553789114,0.003650238415543609,0.12085714285713932,0.16638065419858847,3.7494375843660777e-05,-0.001908492166450504,0.0004517897457501141,1
2026-06-08 14:00:00+00:00,160.03,160.2,160.026,160.073,2250,160.0066,160.0808,160.19565,160.09304,160.0946075356477,160.1267887576364,-0.032181221988707875,0.0034296553807613133,-0.03561087736946919,29.43143812709235,160.19565,160.49319311496262,159.89810688503738,0.0037147464985799773,0.12578571428570992,0.27087568049702515,0.00041873429746397406,-0.0016527585475681894,0.0004714448810960043,1
2026-06-08 15:00:00+00:00,160.072,160.136,160.036,160.115,2029,160.029,160.0668,160.19244999999998,160.09709999999998,160.09774483785574,160.12591551633002,-0.02817067847428234,-0.0028904113902474193,-0.02528026708403492,32.90937996820297,160.19244999999998,160.4921161124416,159.89278388755835,0.0037413262914903645,0.1265714285714239,0.3911364612542677,0.0006999868752461946,-0.0008736076877475796,0.00047119827128276306,1
2026-06-08 16:00:00+00:00,160.115,160.165,160.081,160.156,1418,160.0664,160.0562,160.18470000000002,160.10057999999998,160.10670717049334,160.1281439966019,-0.02143682610855535,-0.006599694333909008,-0.014837131774646344,32.90937996820297,160.18470000000002,160.4794334924597,159.88996650754035,0.003679920647348595,0.1286428571428522,0.3911364612542677,0.001168976489194895,-0.000661416929777503,0.00048241082034466406,0
2026-06-08 17:00:00+00:00,160.158,160.201,160.12,160.164,1411,160.1076,160.0498,160.18009999999998,160.10448,160.11552145195589,160.1307999968536,-0.0152785448977113,-0.008335464446669466,-0.006943080451041833,35.71428571428302,160.18009999999998,160.47301414225907,159.8871858577409,0.0036573100186489222,0.1304999999999958,0.5250631198521603,0.0012878380574901094,-0.00039943081109428125,0.0004807084754098031,1
2026-06-08 18:00:00+00:00,160.163,160.269,160.137,160.253,905,160.15220000000002,160.0727,160.17630000000003,160.1102,160.13667199780883,160.13985184893852,-0.0031798511296869947,-0.0073043417832729714,0.004124490653585977,43.83164005805452,160.17630000000003,160.4629864048667,159.88961359513334,0.0035796357496918766,0.13535714285713954,0.8415567631248662,0.001393488720864644,0.0014310353446982393,0.00025359115927850565,0
2026-06-08 19:00:00+00:00,160.254,160.267,160.206,160.21,1127,160.1796,160.0931,160.17000000000002,160.11462,160.14795322891516,160.1450480082764,0.002905220638751871,-0.005262429298868003,0.008167649937619873,46.53312788906091,160.17000000000002,160.44729368812187,159.89270631187816,0.00346249220355695,0.1292857142857104,0.9317729614541704,0.000855859514096613,0.001274952189292966,0.0002749297680351667,1
2026-06-08 20:00:00+00:00,160.21,160.218,160.157,160.157,774,160.188,160.1085,160.1619,160.11728000000002,160.14934503985128,160.1459333409967,0.0034116988545918048,-0.0035276036681760412,0.006939302522767846,42.446043165467984,160.1619,160.43018570787723,159.89361429212278,0.003350181383677714,0.12549999999999426,0.8766010333143035,0.0002623114636355339,0.0009624819534634899,0.00030897248898203506,1
2026-06-08 21:00:00+00:00,160.147,160.157,160.055,160.133,365,160.1834,160.12489999999997,160.15205,160.11970000000002,160.1468304183357,160.14497531573767,0.0018551025980286795,-0.002451062414935097,0.004306165012963777,43.06569343065675,160.15205,160.4085564685727,159.8955435314273,0.003203286733734538,0.12449999999999355,0.8953097725747222,-0.00014360998026918814,0.001025198632235158,0.0003025862966738896,1
2026-06-08 22:00:00+00:00,160.14,160.183,160.13,160.172,605,160.185,160.1463,160.1421,160.12297999999998,160.15070266166867,160.14697714420154,0.003725517467131567,-0.001215746438521764,0.004941263905653331,64.23076923077014,160.1421,160.377408442595,159.906791557405,0.0029387455590378637,0.0999285714285654,0.9999999999980321,4.994880247743971e-05,0.001337851185936323,0.00029904051446235546,1
2026-06-08 23:00:00+00:00,160.172,160.224,160.158,160.178,698,160.17000000000002,160.1611,160.13420000000002,160.12715999999998,160.1549022521812,160.14927513351995,0.005627118661237773,0.00015282658143014384,0.00547429207980763,66.92913385826898,160.13420000000002,160.3520609889928,159.91633901100724,0.0027209801403170926,0.09785714285713709,0.9999999999981314,-0.0004680099592518916,0.0009248265950134726,0.0002782838574746586,1
2026-06-09 00:00:00+00:00,160.18,160.278,160.132,160.234,1781,160.1748,160.1772,160.129,160.1319,160.167071136461,160.1555510495555,0.011520086905505877,0.0024262786462452912,0.009093808259260587,70.58823529412152,160.129,160.33074814940437,159.9272518505956,0.002519820262468144,0.0969999999999942,0.999999999998251,0.00014980338305981,0.0010057911078069637,0.0002850702962174421,0
2026-06-09 01:00:00+00:00,160.232,160.247,160.173,160.188,1388,160.18099999999998,160.1845,160.12565,160.13582,160.17029096162088,160.15795467551433,0.012336286106545913,0.004408280138305416,0.007928005968240497,69.10994764397924,160.12565,160.3207027863741,159.9305972136259,0.0024362466147566718,0.09307142857142432,0.9741449649808941,0.0001935600691820305,0.00045592230584245996,0.0003028173733416518,0
2026-06-09 02:00:00+00:00,160.188,160.22,160.182,160.218,859,160.198,160.1907,160.12345,160.141,160.17763081367923,160.16240247732807,0.015228336351157168,0.006572291380875768,0.0086560449702814,71.95945945945927,160.12345,160.31294070244846,159.93395929755152,0.0023668076405856443,0.09092857142856912,0.9999999999979469,0.0005308087652138305,0.00038712255550832353,0.0002982528222505321,0
2026-06-09 03:00:00+00:00,160.217,160.254,160.201,160.251,929,160.2138,160.19940000000003,160.12460000000002,160.14688,160.1889183808055,160.16896525678524,0.019953124020247515,0.009248457908750118,0.010704666111497396,69.98191681736029,160.12460000000002,160.31701884139798,159.93218115860205,0.0024033638978391376,0.08749999999999757,0.9535002433633262,0.0004932197887270728,0.0005431932269424067,0.0003029478850365987,0
2026-06-09 04:00:00+00:00,160.251,160.253,160.183,160.19,703,160.2162,160.19310000000002,160.1329,160.15124,160.1890847837585,160.17052338591225,0.018561397846241334,0.011111045896248362,0.007450351949992972,60.24518388791512,160.1329,160.32132717425733,159.94447282574268,0.0023533848978857883,0.08007142857142721,0.7000191619523567,7.491665522096902e-05,-0.00039312836577154453,0.00027410766373716316,0
2026-06-09 05:00:00+00:00,160.19,160.206,160.109,160.149,1268,160.19920000000002,160.187,160.14005,160.15514000000002,160.18291789394948,160.16892906102984,0.013988832919636707,0.011686603300926033,0.002302229618710674,52.9824561403502,160.14005,160.31880649417326,159.96129350582675,0.0022325020402236277,0.07985714285714048,0.5140341949006887,-0.0005304741815096436,-0.0003807502652768413,0.0002729839577018606,1
2026-06-09 06:00:00+00:00,160.149,160.179,160.05,160.162,2133,160.194,160.1875,160.148,160.15922,160.17969975641878,160.16841579724985,0.011283959168935098,0.011606074474527847,-0.0003221153055927486,50.55350553505537,160.148,160.3148380872792,159.98116191272078,0.002083548808342496,0.08307142857142528,0.4094122965186865,-0.00016230928658811372,3.121936599703723e-05,0.0002543421986167972,0
2026-06-09 07:00:00+00:00,160.165,160.214,160.149,160.193,1792,160.189,160.19350000000003,160.1592,160.16386,160.181745947739,160.1702368493054,0.011509098433577947,0.011586679266337867,-7.758083275992075e-05,52.56637168141801,160.1592,160.30407104973452,160.01432895026548,0.0018090880790428388,0.08192857142856878,0.3429060334833607,-0.00015603739904368474,0.0003746885401509914,0.00025457150255395346,0
2026-06-09 08:00:00+00:00,160.193,160.222,160.166,160.173,1359,160.1734,160.1936,160.16995,160.1686,160.1804004173176,160.1704415271346,0.009958890182986124,0.011261121449667521,-0.0013022312666813966,41.93548387096996,160.16995,160.27957995172082,160.06032004827918,0.0013689203464297699,0.07649999999999782,0.0,-0.00048673643222196805,6.243288464879981e-06,0.0002480107163421154,1
2026-06-09 09:00:00+00:00,160.174,160.196,160.141,160.188,1120,160.173,160.19459999999998,160.17784999999998,160.17338,160.1815695838841,160.17174215475427,0.009827429129842358,0.01097438298570249,-0.001146953855860132,47.64957264957077,160.17784999999998,160.26560630130967,160.09009369869028,0.001095735787559841,0.07607142857142637,0.1903175267959006,-1.2485173856102705e-05,6.243054601751119e-05,0.0002495688955175095,1
2026-06-09 10:00:00+00:00,160.191,160.213,160.143,160.166,1049,160.1764,160.1878,160.1825,160.17784,160.17917426328654,160.17131680995766,0.007857453328881547,0.010350997054338302,-0.0024935437254567545,51.02974828375118,160.1825,160.25547440069224,160.10952559930777,0.0009111407387477622,0.07671428571428456,0.3029000735078376,0.00010615114674461523,-0.0004243793452076705,0.0002210055161732457,1
2026-06-09 11:00:00+00:00,160.167,160.179,160.142,160.159,957,160.1758,160.1849,160.18470000000002,160.18226,160.17607053047323,160.1704044536645,0.005666076808722664,0.009414013005215174,-0.00374793619649251,53.09523809523563,160.18470000000002,160.25149773080426,160.11790226919578,0.0008340088760566965,0.07207142857142758,0.37169475412533187,-1.8731034827301762e-05,-0.00018103728119456264,0.000203800779792993,1
2026-06-09 12:00:00+00:00,160.162,160.197,160.144,160.183,1433,160.17379999999997,160.1814,160.18604999999997,160.18772,160.17713660270812,160.17133745709674,0.005799145611376844,0.008691039526447508,-0.0028918939150706646,51.3580246913573,160.18604999999997,160.25148289047854,160.1206171095214,0.0008169611583352696,0.07207142857142758,0.3138338822780153,-6.242470020545454e-05,-0.00021845235866124746,0.00019991675580303294,1
2026-06-09 13:00:00+00:00,160.184,160.225,160.144,160.197,1739,160.1786,160.17600000000002,160.1877,160.19482,160.18019250998378,160.1732383862007,0.006954123783089017,0.00834365637777581,-0.0013895325946867935,52.30024213075088,160.1877,160.25245248419182,160.1229475158082,0.0008084576305398494,0.07314285714285518,0.3452160500596755,0.00014983798767587153,-0.0003369713761536275,0.00018807011308659302,1
2026-06-09 14:00:00+00:00,160.198,160.259,160.145,160.248,2083,160.1906,160.1818,160.18744999999998,160.19557999999998,160.19062443152475,160.17877628351917,0.011848148005583425,0.009044554703337334,0.002803593302246091,51.71568627450736,160.18744999999998,160.2511713506197,160.12372864938027,0.0007955848054228421,0.07085714285714013,0.3257464147171234,0.0003745598921267579,0.0003620700418252021,0.00017417141817457178,1
2026-06-09 15:00:00+00:00,160.248,160.301,160.214,160.225,2004,160.20239999999998,160.1894,160.1882,160.1972,160.19591298052094,160.18220026251777,0.01371271800317686,0.00997818736330524,0.0037345306398716208,54.80519480519536,160.1882,160.2533753908882,160.12302460911178,0.0008137352300383453,0.0717857142857099,0.4286477950347312,0.00036836781838833765,0.000474558067799391,0.00015588696002624846,1
2026-06-09 16:00:00+00:00,160.227,160.441,160.213,160.398,2813,160.2502,160.213,160.20025,160.19982,160.22700329121002,160.1981854282572,0.028817862952820406,0.013746122481208274,0.015071740471612131,67.04545454545455,160.20025,160.31293563630757,160.08756436369245,0.0014068097435248738,0.08535714285713832,0.8952999735257527,0.0014922670596095866,0.001473508073075891,0.0003626216068332569,0
2026-06-09 17:00:00+00:00,160.396,160.403,160.282,160.352,1967,160.284,160.2289,160.2112,160.20164,160.24623355410077,160.20957910023816,0.036654453862610126,0.018327788757488646,0.01832666510512148,59.33456561922363,160.2112,160.33804279536216,160.08435720463783,0.001583444794897802,0.09021428571428,0.6929152556065866,0.0010550432942322274,0.0009925527332654838,0.0003868219169392187,1
2026-06-09 18:00:00+00:00,160.352,160.372,160.33,160.357,1320,160.31599999999997,160.2473,160.22044999999997,160.20326,160.26327454577756,160.2204991668872,0.04277537889035443,0.023217306784061805,0.019558072106292627,67.21649484536152,160.22044999999997,160.361448656203,160.07945134379693,0.0017600581723873367,0.0882142857142806,0.9999999999960445,0.0009987702641123253,0.001148757905514719,0.0003798611104849569,1
2026-06-09 19:00:00+00:00,160.357,160.418,160.355,160.408,952,160.34799999999998,160.2693,160.23195,160.20508,160.28554000027333,160.23438811748815,0.05115188278517735,0.028804221984284915,0.022347660800892434,76.16161616161602,160.23195,160.39427582567978,160.06962417432024,0.0020261355576059905,0.08578571428571179,0.9999999999970782,0.000998452398781824,0.0013733862711313716,0.00038505955883151306,0
2026-06-09 20:00:00+00:00,160.408,160.417,160.337,160.34,666,160.371,160.28670000000002,160.23725,160.20860000000002,160.29391846176972,160.24221121989643,0.05170724187328801,0.03338482596208554,0.01832241591120247,66.18181818181927,160.23725,160.40662641045745,160.06787358954253,0.0021140703607614307,0.08228571428571334,0.7084158415821042,0.0007177406771727846,0.0010863728881285173,0.00041710338408428445,1
2026-06-09 21:00:00+00:00,160.348,160.374,160.293,160.332,274,160.3578,160.304,160.24445,160.21166000000002,160.29977715995898,160.24886224064485,0.05091491931412406,0.03689084463249325,0.014024074681630812,63.18785578747557,160.24445,160.41721997180147,160.07168002819853,0.0021563301793163124,0.08342857142856985,0.6209399220446462,-0.00041147645232486596,0.0010801765745289682,0.0004173591141578782,1
2026-06-09 22:00:00+00:00,160.34,160.399,160.339,160.399,624,160.3672,160.32559999999998,160.2535,160.21341999999999,160.31504221227297,160.25998355615263,0.055058656120337446,0.040524406930062096,0.01453424919027535,69.68641114982724,160.2535,160.4389343407657,160.0680656592343,0.0023142625997648694,0.08421428571428383,0.7728957936974756,0.00029310516862901537,0.0013484577015039356,0.00042879237655599114,0
2026-06-09 23:00:00+00:00,160.4,160.42,160.374,160.386,690,160.373,160.34449999999998,160.26024999999998,160.21602000000001,160.3259587950002,160.26931810754874,0.05664068745144846,0.04374766303433937,0.012893024417109086,67.30769230769374,160.26024999999998,160.45490042890276,160.0655995710972,0.0024291791495742177,0.08357142857142565,0.6477013210074514,0.000180846486277364,0.001179797374482705,0.0004341387314823257,0
2026-06-10 00:00:00+00:00,160.388,160.435,160.352,160.382,1706,160.36780000000002,160.3579,160.26985,160.21707999999998,160.3345805188463,160.27766491439698,0.05691560444932975,0.04638125131733745,0.010534353131992295,69.4945848375468,160.26985,160.46880334020136,160.07089665979862,0.0024827294740884897,0.08449999999999745,0.7312070176556248,-0.00016208667896855378,0.0008362038839799801,0.00043008944620705273,0
2026-06-10 01:00:00+00:00,160.379,160.391,160.237,160.377,1695,160.3752,160.3731,160.28125,160.21790000000001,160.34110659286995,160.28502306888612,0.056083523983829764,0.04832170585063592,0.0077618181331938416,69.74637681159709,160.28125,160.47715209691899,160.08534790308101,0.0024444792752612685,0.09285714285713961,0.741358449731548,0.00023075963577401382,0.0009486659385240515,0.00042493141843150334,1
2026-06-10 02:00:00+00:00,160.377,160.381,160.334,160.361,996,160.381,160.36939999999998,160.2912,160.21874,160.3441671170438,160.29065098970938,0.053516127334432895,0.04936059014739532,0.004155537187037574,66.36029411764733,160.2912,160.48174116836105,160.10065883163895,0.002377437667957454,0.09242857142856817,0.5990611897648762,0.00018087468502847592,-0.00023067619297001407,0.00024810338286293364,1
2026-06-10 03:00:00+00:00,160.361,160.369,160.337,160.357,782,160.3726,160.36989999999997,160.2994,160.21928,160.34614140672937,160.2955657312124,0.05057567551696707,0.04960360722130968,0.000972068295657387,64.98127340824041,160.2994,160.48622657310813,160.11257342689186,0.0023309703356111764,0.08892857142856972,0.5426501341916338,-0.0002618470189963418,3.1181400917956736e-05,0.00023035817156124322,1
2026-06-10 04:00:00+00:00,160.356,160.369,160.344,160.367,856,160.36880000000002,160.37089999999998,160.3091,160.2192,160.3493504210787,160.30085715853,0.04849326254870334,0.04938153828678842,-0.00088827573808508,62.06896551724218,160.3091,160.48828282342004,160.12991717657997,0.0022354666506147836,0.08257142857142899,0.3401211556368267,-0.0001184642051051954,6.236085733690722e-05,0.00023099000354339977,1
2026-06-10 05:00:00+00:00,160.367,160.374,160.324,160.342,787,160.36079999999998,160.36430000000001,160.3168,160.21931999999998,160.34821958706658,160.30390477641666,0.044314810649922265,0.048368192759415195,-0.00405338210949293,61.81818181818495,160.3168,160.48708595145047,160.14651404854953,0.0021243681442053067,0.07992857142857142,0.1475966446222753,-0.0002494045466447936,-0.0004114508004586792,0.00020731954349916115,1
2026-06-10 06:00:00+00:00,160.341,160.384,160.32,160.379,1416,160.3612,160.36819999999997,160.32745,160.22014,160.3529550352102,160.30946738557097,0.04348764963921781,0.047392084135375726,-0.0039044344961579186,47.353760445681125,160.32745,160.48412394905984,160.17077605094016,0.00195442451133398,0.06821428571428458,0.0,1.2470616110649146e-05,0.00024323312959961818,0.00017364455585542932,1
2026-06-10 07:00:00+00:00,160.377,160.398,160.346,160.39,1125,160.36700000000002,160.374,160.339,160.22284,160.35865426056247,160.31543276441755,0.04322149614492332,0.04655796653728525,-0.0033364703923619288,55.86419753086282,160.339,160.47624047277174,160.20175952722826,0.001711878866298738,0.06328571428571397,0.29542070638894,0.0001808419752931112,0.0003617493700571739,0.00017205187544853823,1
2026-06-10 08:00:00+00:00,160.387,160.429,160.381,160.42,1253,160.3796,160.3761,160.35084999999998,160.226,160.36809206662977,160.32317848557182,0.04491358105795484,0.04622908944141917,-0.0013155083834643297,59.0257879656161,160.35084999999998,160.47127254552964,160.23042745447032,0.0015019882405321045,0.06371428571428542,0.4051682164402865,0.00039287340122351466,0.0001309235094981709,0.00012389598698501903,0
2026-06-10 09:00:00+00:00,160.419,160.478,160.403,160.44,1224,160.3942,160.3815,160.363,160.23023999999998,160.37915482560982,160.331831931085,0.04732289452482519,0.04644785045810038,0.0008750440667248047,55.03144654088289,160.363,160.46581101721748,160.26018898278252,0.0012822286589484646,0.06457142857142831,0.3428668615452085,0.0004552058715321383,0.0003366877408252922,0.00012360560751449985,1
2026-06-10 10:00:00+00:00,160.441,160.474,160.44,160.463,866,160.4184,160.3896,160.37375,160.23902,160.39205408320834,160.34154808433797,0.050505998870363555,0.04725948014055302,0.0032465187298105352,72.52747252747344,160.37375,160.4707272083816,160.2767727916184,0.0012093900452111183,0.06128571428571255,0.9999999999960276,0.0007546369634903183,0.0005050442069558514,0.00012616939498181028,1
2026-06-10 11:00:00+00:00,160.463,160.527,160.454,160.496,1862,160.4418,160.4015,160.3873,160.24882000000002,160.40804576271478,160.35298896697958,0.055056795735197284,0.04881894325948188,0.006237852475715407,77.51677852349502,160.3873,160.47167784691922,160.3029221530808,0.001052176162566615,0.06071428571428328,0.9999999999966848,0.0007295219448930634,0.0007420016585919509,0.00013125956814679052,0
2026-06-10 12:00:00+00:00,160.497,160.511,160.322,160.434,2971,160.45059999999998,160.40879999999999,160.3891,160.25743999999997,160.41203872229713,160.35898978424035,0.053048938056775796,0.04966494221894067,0.0033839958378351284,55.97269624573366,160.3891,160.4759389919587,160.3022610080413,0.0010828540338302323,0.06942857142856797,0.2857451392227733,0.000274331317413834,0.0004552229033243371,0.0001910905428485143,1
2026-06-10 13:00:00+00:00,160.435,160.453,160.339,160.382,2177,160.443,160.4113,160.3906,160.2657,160.40741738040526,160.360694244667,0.04672313573826159,0.04907658092280486,-0.002353445184543272,49.39759036144712,160.3906,160.47576090033255,160.30543909966747,0.0010619188447769296,0.0742857142857117,0.06775946327673821,-0.00023687819473872107,0.0001559021433426011,0.00022394555222942646,1
2026-06-10 14:00:00+00:00,160.379,160.49,160.366,160.48,2109,160.45100000000002,160.42260000000002,160.39675,160.27614,160.418583937266,160.369531708025,0.04905222924099917,0.04907171058644373,-1.948134544456359e-05,61.50234741783969,160.39675,160.48915158348018,160.30434841651982,0.0011521627898343591,0.07721428571428289,0.46907066579383533,0.00024931438544006923,0.0007046337463443297,0.0002931837177196451,1
2026-06-10 15:00:00+00:00,160.478,160.528,160.441,160.469,2173,160.4522,160.4353,160.39979999999997,160.28492,160.4263402546097,160.37689972965276,0.049440524956935405,0.04914547346054207,0.0002950514963933337,60.64814814814736,160.39979999999997,160.49763250992413,160.3019674900758,0.0012198582532417144,0.07242857142856808,0.44075124273458266,3.739179748607491e-05,0.0007920569782089437,0.00028692442152497197,1
2026-06-10 16:00:00+00:00,160.47,160.506,160.442,160.484,1346,160.4498,160.44580000000002,160.40699999999998,160.29314,160.43521098466974,160.38483308301184,0.05037790165789602,0.049391959100012865,0.000985942557883153,64.2691415313262,160.40699999999998,160.50746209024797,160.306537909752,0.00125258985266213,0.0736428571428535,0.5607986920258133,-7.476821852259175e-05,0.0006546991813143332,0.0002821119466050028,0
2026-06-10 17:00:00+00:00,160.484,160.539,160.456,160.501,1394,160.4632,160.4569,160.41545000000002,160.30086,160.44533237164362,160.39343803982578,0.05189433181783443,0.049892433643577185,0.0020018981742572425,66.2162162162183,160.41545000000002,160.5177631930482,160.31313680695183,0.0012756027308864517,0.07728571428570977,0.6253504116137745,0.00041761721330901835,0.000692063096203066,0.000282404544301231,1
2026-06-10 18:00:00+00:00,160.501,160.501,160.45,160.491,1116,160.48499999999999,160.464,160.42005,160.30756000000002,160.45235816062151,160.40066485169055,0.05169330893096458,0.05025260870105468,0.0014407002299098998,63.96396396396789,160.42005,160.52739788502376,160.31270211497625,0.001338335015152487,0.07914285714285338,0.5506810848762236,0.0006796273896074734,0.00044258820595954873,0.00028185300754068676,1
2026-06-10 19:00:00+00:00,160.494,160.537,160.491,160.534,687,160.49579999999997,160.47340000000003,160.42745,160.31495999999999,160.46491844360284,160.4105415293431,0.05437691425973412,0.05107746981279057,0.00329944444694355,70.77922077922025,160.42745,160.544848959908,160.310051040092,0.0014635769615237498,0.07885714285713975,0.7766285281210579,0.000336490528414668,0.0005858888057841405,0.00028991791103967956,0
2026-06-10 20:00:00+00:00,160.529,160.562,160.477,160.48,600,160.498,160.47510000000003,160.43234999999999,160.31949999999998,160.46723868304855,160.4156866012436,0.05155208180494242,0.05117239221122095,0.0003796895937214703,60.54279749478103,160.43234999999999,160.54994211394117,160.3147578860588,0.0014659401790372768,0.08035714285714082,0.396355935636037,6.854906555164852e-05,0.00010594342621028652,0.00031310124957277616,1
2026-06-10 21:00:00+00:00,160.478,160.478,160.364,160.442,369,160.4896,160.46970000000002,160.4356,160.32414,160.46335580873338,160.41763574189224,0.045720066841141715,0.050081927137205114,-0.004361860296063398,55.13833992095097,160.4356,160.55030860105452,160.32089139894546,0.0014299644350073283,0.0849285714285689,0.204157727684032,-0.0002617083322947744,-0.00033645698335160734,0.000313741687507607,1
2026-06-10 22:00:00+00:00,160.442,160.56,160.442,160.544,846,160.4982,160.4807,160.44475,160.33188,160.4757626073898,160.42699605730763,0.04876655008217767,0.04981885172619963,-0.0010523016440219593,60.72664359861844,160.44475,160.5635259943763,160.3259740056237,0.0014805843678438457,0.0899285714285684,0.40289403704839893,0.0002679111033576653,0.0006856402009549623,0.0003504096179874568,0
2026-06-10 23:00:00+00:00,160.543,160.559,160.511,160.529,1302,160.5058,160.4954,160.45335,160.3398,160.4839529754837,160.43455190491449,0.04940107056921761,0.04973529549480323,-0.00033422492558562306,57.766143106457406,160.45335,160.57026701959785,160.33643298040215,0.001457333481636245,0.08799999999999589,0.2976100411133295,0.0002367734016237577,0.0009165617089199607,0.00032859737016475516,0
2026-06-11 00:00:00+00:00,160.527,160.546,160.492,160.515,1486,160.502,160.4989,160.46075,160.34666,160.48872944079392,160.44051102306898,0.0482184177249394,0.049431919940830474,-0.001213502215891074,54.60992907801358,160.46075,160.5733085227807,160.34819147721927,0.0014029415016534128,0.08942857142856805,0.18536590340054504,-0.00011835499022017082,0.00021809571286146578,0.0002759384836369117,1
2026-06-11 01:00:00+00:00,160.514,160.543,160.425,160.484,1115,160.5028,160.50039999999998,160.46785,160.35278,160.48800183451795,160.4437324287676,0.04426940575035587,0.048399417102735556,-0.004130011352379684,48.93238434163688,160.46785,160.565840923307,160.369859076693,0.0012213153389543,0.0926428571428549,0.0,2.492522432717692e-05,9.347599847964183e-05,0.00028318992244952506,1
2026-06-11 02:00:00+00:00,160.484,160.534,160.47,160.511,854,160.51659999999998,160.5031,160.47445,160.35832,160.49154001382286,160.44871521182185,0.042824802001007356,0.047284494082389925,-0.0044596920813825686,57.305502846300605,160.47445,160.56472087889713,160.38417912110285,0.0011250498617959906,0.08371428571428348,0.3832645760198498,0.0004300619538524231,0.00016824107076085504,0.00028662286858224817,0
2026-06-11 03:00:00+00:00,160.512,160.533,160.508,160.51,679,160.50979999999998,160.504,160.48045,160.36476000000002,160.49438001169625,160.45325482576098,0.0411251859352717,0.046052632452966286,-0.004927446517694584,63.445378151260655,160.48045,160.56268067680878,160.3982193231912,0.0010248061593644742,0.07735714285713868,0.6643064249151639,-0.00021177994817633827,5.607441698174398e-05,0.0002849397129159034,1
2026-06-11 04:00:00+00:00,160.509,160.53,160.491,160.501,544,160.5042,160.505,160.4845,160.37042,160.4953984714353,160.45679150533425,0.03860696610104242,0.04456349918258152,-0.005956533081539102,52.713178294575975,160.4845,160.56203980300805,160.40696019699195,0.0009663213956245116,0.07128571428570954,0.17305910463162721,-0.00017442331292161217,6.230878990098887e-05,0.0002847813190495149,1
2026-06-11 05:00:00+00:00,160.501,160.549,160.49,160.541,685,160.5094,160.5057,160.48954999999998,160.37622,160.5024140912145,160.4630291716058,0.03938491960869328,0.04352778326780388,-0.004142863659110596,58.65384615384773,160.48954999999998,160.56803694157554,160.41106305842442,0.0009780941073803528,0.06928571428571015,0.44498258775089305,0.0001619786312805349,4.3604470081115565e-05,0.00028292680899404566,0
2026-06-11 06:00:00+00:00,160.541,160.586,160.532,160.556,1296,160.5238,160.5133,160.4942,160.38354,160.51065807718146,160.469915899635,0.0407421775464627,0.04297066212353565,-0.0022284845770729478,58.65384615384773,160.4942,160.57696688886637,160.41143311113365,0.0010314003729276137,0.06857142857142508,0.44498258775089305,0.00044864285536250215,0.0004735792622134749,0.00025685175449920785,0
2026-06-11 07:00:00+00:00,160.554,160.554,160.49,160.503,1352,160.5222,160.5194,160.49455,160.39062,160.50947991146123,160.47236657373608,0.03711333772514536,0.04179919724385759,-0.0046858595187122334,50.221238938051016,160.49455,160.5774080904666,160.4116919095334,0.0010325346308220583,0.06735714285713966,0.05899502200652731,-4.984082087833297e-05,0.00038019969833325007,0.0002696963661373809,1
2026-06-11 08:00:00+00:00,160.504,160.54,160.495,160.531,1112,160.52640000000002,160.5181,160.49939999999998,160.398,160.51279069431334,160.4767097904964,0.03608090381695206,0.040655538558476485,-0.004574634741524426,54.25531914893533,160.49939999999998,160.57861031297801,160.42018968702195,0.000987048088379575,0.06692857142856619,0.2436478536598083,0.00013083296990856752,-8.097468606738101e-05,0.00018095738184968168,0
2026-06-11 09:00:00+00:00,160.532,160.546,160.51,160.527,947,160.5316,160.5179,160.50665,160.40468,160.51497674134202,160.48043499120035,0.03454175014167049,0.039432780875115286,-0.0048910307334447956,49.18793503480227,160.50665,160.564197326043,160.44910267395701,0.0007170709256344589,0.06621428571428112,0.017608406405725148,0.00016199276016970465,-1.2458808065884952e-05,0.0001786491362831385,0
2026-06-11 10:00:00+00:00,160.525,160.551,160.52,160.525,982,160.5284,160.51889999999997,160.5089,160.41171999999997,160.51651878113555,160.4837361029633,0.032782678172253554,0.03810276033454294,-0.005320082162289387,55.936675461743235,160.5089,160.56557228040475,160.45222771959527,0.0007061574829151548,0.06235714285713608,0.4826220703969049,-9.966301443242731e-05,6.229947356950483e-05,0.00017619884630061276,0
2026-06-11 11:00:00+00:00,160.525,160.536,160.504,160.534,1056,160.52399999999997,160.5239,160.51215,160.41863999999998,160.51920819942237,160.48745935459564,0.03174884482672269,0.036831977232978895,-0.005083132406256206,63.14285714285408,160.51215,160.5665994937191,160.45770050628087,0.0006784470050288267,0.05635714285713789,0.9791551617486475,-0.0001370238421486425,0.00031155753844602785,0.00016191133972229057,0
2026-06-11 12:00:00+00:00,160.535,160.596,160.519,160.531,2472,160.52960000000002,160.5259,160.5145,160.42594,160.52102232258815,160.49068458758856,0.030337734999591248,0.03553312878630137,-0.00519539378671012,47.41035856573606,160.5145,160.56788046161333,160.46111953838667,0.0006651170033028735,0.05342857142856668,0.0,0.0001744515678836489,0.00012460205219588794,0.00015496883563417745,0
2026-06-11 13:00:00+00:00,160.528,160.556,160.453,160.486,2202,160.5206,160.5235,160.51375000000002,160.43248,160.5156342729592,160.49033758110053,0.025296691858670783,0.033485841400775256,-0.008189149542104472,42.34875444839761,160.51375000000002,160.56833696584306,160.45916303415697,0.0006801531438028623,0.0573571428571386,0.0,-0.0002803196890320825,-0.00014952339418106142,0.00018073978544722646,0
2026-06-11 14:00:00+00:00,160.485,160.549,160.469,160.502,1698,160.5156,160.52360000000002,160.5143,160.43885999999998,160.51353669250395,160.49120146398198,0.022335228521967565,0.03125571882501372,-0.008920490303046154,47.70318021201835,160.5143,160.5681383545337,160.4604616454663,0.000670823154493968,0.05921428571428221,0.25380486655164214,-0.00015573704112070708,6.230490775749331e-06,0.00018349233300317045,0
2026-06-11 15:00:00+00:00,160.503,160.516,160.468,160.505,1616,160.5116,160.52,160.51285000000001,160.44502,160.51222335519566,160.4922235777611,0.01999977743454906,0.029004530546920787,-0.009004753112371727,54.117647058820516,160.51285000000001,160.56601221449938,160.45968778550065,0.0006624044679209944,0.054214285714282696,0.5578566872181521,-0.00012459118517371692,-0.00022424178247304472,0.00016201638680768895,0
2026-06-11 16:00:00+00:00,160.505,160.553,160.502,160.526,1024,160.51000000000002,160.517,160.51515,160.45058,160.5143428390117,160.494725534964,0.019617304047699236,0.027127085247076476,-0.0075097811993772405,53.01204819277343,160.51515,160.5662691590198,160.4640308409802,0.0006369387440351298,0.05328571428571089,0.505450250927031,-4.983368009259248e-05,-0.00018685069383894692,0.0001653847505211399,0
2026-06-11 17:00:00+00:00,160.525,160.543,160.028,160.122,5023,160.4282,160.4789,160.49915,160.44852,160.45398240224068,160.46711623607777,-0.013133833837088105,0.019074901430243558,-0.03220873526733166,20.24539877300991,160.49915,160.6806690580047,160.31763094199528,0.002261931704992957,0.08828571428571357,0.0,-0.00254779450697995,-0.002373787405842709,0.000810439700215039,0
2026-06-11 18:00:00+00:00,160.12,160.285,159.936,160.072,3831,160.3454,160.433,160.47555,160.442,160.39521587881902,160.43784836673868,-0.042632487919661344,0.006733423560262575,-0.04936591147992392,19.04761904762198,160.47555,160.73745193021534,160.21364806978465,0.003264072691638629,0.11042857142857088,0.0,-0.0025796642697805128,-0.0028592608281267085,0.0007974729398803521,1
2026-06-11 19:00:00+00:00,160.077,160.079,159.539,159.791,4339,160.2032,160.3594,160.43865,160.43078,160.30225958976993,160.3899336729062,-0.08767408313627811,-0.01214807777904557,-0.07552600535723254,9.850107066384723,160.43865,160.83978904925854,160.03751095074145,0.005000528853347323,0.14478571428571538,0.0,-0.00442985134141638,-0.004584898490596512,0.0009138022456502868,1
2026-06-11 20:00:00+00:00,159.781,159.97,159.736,159.948,1172,160.09179999999998,160.3017,160.4103,160.4226,160.2477581144207,160.35719784528354,-0.10943973086284586,-0.031606408395805634,-0.07783332246704022,21.747211895912656,160.4103,160.86525360087086,159.95534639912916,0.005672373917022179,0.15764285714285872,0.22324058736759772,-0.0034702968754867225,-0.0035944556922598014,0.0010162596785305554,1
2026-06-11 21:00:00+00:00,159.946,159.956,159.861,159.946,497,159.9758,160.24290000000002,160.3834,160.41336,160.2013337891252,160.3267387456329,-0.12540495650770822,-0.050366118018186155,-0.07503883848952206,22.82926829268517,160.3834,160.88157325246516,159.88522674753483,0.006212279481107955,0.15971428571428703,0.2435445948586326,-0.0036131218618791205,-0.0036627754868127083,0.0010133709328120236,1
2026-06-11 22:00:00+00:00,159.95,160.084,159.936,160.013,1327,159.954,160.1911,160.3585,160.40682,160.172359360029,160.30349883854896,-0.13113947851996954,-0.06652079011854284,-0.0646186884014267,25.657894736843218,160.3585,160.8790974300826,159.8379025699174,0.006492919677879287,0.1670714285714305,0.29662172899214917,-0.0006807309426563046,-0.0032267910870797945,0.0010391735228588862,1
2026-06-11 23:00:00+00:00,160.012,160.146,159.97,160.133,1333,159.96620000000001,160.15580000000003,160.33965,160.40284,160.1663040738707,160.29086929495273,-0.12456522108203671,-0.07812967631124162,-0.04643554477079509,33.30508474576419,160.33965,160.864434577355,159.814865422645,0.006545911474236183,0.17707142857142952,0.44011573142087973,0.00038107851466850917,-0.00219956880974026,0.0010934894039284226,1
2026-06-12 00:00:00+00:00,160.133,160.216,160.123,160.168,2223,160.04160000000002,160.1224,160.323,160.39822,160.16656498558288,160.28176786569696,-0.11520288011408297,-0.0855443170718099,-0.029658563042273073,35.284418796373274,160.323,160.8473602618512,159.7986397381488,0.006541298027746487,0.18150000000000382,0.4772565066251099,0.002359331877264781,-0.002080970953633021,0.0010979834075386862,1
2026-06-12 01:00:00+00:00,160.167,160.263,160.147,160.262,1564,160.1044,160.09810000000002,160.30905,160.39574000000002,160.1812472954932,160.28030357934904,-0.09905628385584464,-0.08824671042861686,-0.010809573427227784,39.522342064715744,160.30905,160.82374663011407,159.79435336988595,0.006421304725017825,0.18750000000000405,0.6702932894697611,0.0019631380198563697,-0.0015139715273667642,0.0011253636451740198,1
2026-06-12 02:00:00+00:00,160.262,160.302,160.241,160.286,1019,160.1724,160.0741,160.29555,160.39382,160.19736309618656,160.28072553643426,-0.08336244024769712,-0.08726985639243291,0.00390741614473579,40.71266110689951,160.29555,160.79696629935745,159.79413370064253,0.006256147464573517,0.18635714285714552,0.6971824963781295,0.002125717429632523,-0.0014950849083638085,0.0011259057036170095,0
2026-06-12 03:00:00+00:00,160.286,160.292,160.209,160.229,1183,160.2156,160.0848,160.28185000000002,160.39086,160.20223031215787,160.27689401521693,-0.07466370305905912,-0.08474862572575816,0.01008492266669904,40.345604808415935,160.28185000000002,160.77429322141134,159.7894067785887,0.0061447159664219115,0.18492857142857336,0.6888907255106842,0.0013498903214115288,0.0006682404666442654,0.0007730645469031531,0
2026-06-12 04:00:00+00:00,160.227,160.269,160.223,160.255,999,160.23999999999998,160.1031,160.26805,160.38873999999998,160.21034872567202,160.27527223631196,-0.06492351063994306,-0.08078360270859514,0.015860092068652076,40.790454884414146,160.26805,160.74636127279462,159.78973872720536,0.005968891151974801,0.1825000000000005,0.698939851260008,0.0007618666983069122,0.0011432355440050834,0.0007616727454889754,0
2026-06-12 05:00:00+00:00,160.255,160.349,160.238,160.342,1186,160.2748,160.15820000000002,160.2588,160.38844,160.23060276787632,160.2802150336222,-0.0496122657458784,-0.07454933531605179,0.024937069570173387,44.28070175438674,160.2588,160.72297220034935,159.79462779965067,0.005792782678384444,0.18699999999999964,0.7977072807522965,0.0010863593227112833,0.0034482542821561157,0.0003915372648903249,0
2026-06-12 06:00:00+00:00,160.344,160.354,160.255,160.314,1857,160.2852,160.19480000000001,160.24824999999998,160.38738,160.24343311127996,160.28271762372427,-0.039284512444311304,-0.0674963707417037,0.028211858297392395,42.59776536312811,160.24824999999998,160.69625699007503,159.80024300992494,0.005591411950833082,0.19042857142857322,0.9511209025982873,0.00032446868253233063,0.0022882436791955563,0.00035085513449287556,0
2026-06-12 07:00:00+00:00,160.312,160.373,160.266,160.285,1942,160.28500000000003,160.22869999999998,160.2358,160.38624,160.2498280172369,160.28288668863357,-0.033058671396673844,-0.06060883087269773,0.027550159476023885,57.710501419109534,160.2358,160.66376241841684,159.8078375815832,0.005341657961789132,0.16128571428571498,0.9999999999979106,-6.238848059170188e-06,0.0021194653195453217,0.0003673672602212642,0
2026-06-12 08:00:00+00:00,160.282,160.292,159.951,160.09,3938,160.2572,160.2364,160.21375,160.38046,160.22523909150812,160.26859878577181,-0.043359694263699566,-0.0571590035508981,0.013799309287198532,50.748752079866904,160.21375,160.62269260309955,159.80480739690046,0.005104962627733848,0.16071428571428775,0.854540493585972,-0.0008675083786331417,0.0004812109016141264,0.0005719906117277865,1
2026-06-12 09:00:00+00:00,160.091,160.11,159.952,160.063,2829,160.21880000000002,160.2294,160.1926,160.37392,160.2002792312761,160.25336924608501,-0.05309001480890174,-0.05634520580249883,0.0032551909935970846,64.34599156118043,160.1926,160.58570392358143,159.79949607641856,0.004907891170771126,0.1334285714285731,0.9999999999976524,-0.0011980905431968614,-0.00043713663017630466,0.0005179953550752729,1
2026-06-12 10:00:00+00:00,160.065,160.191,160.036,160.093,2018,160.16899999999998,160.2219,160.17215000000002,160.36738,160.1837747341567,160.2414900426713,-0.05771530851458806,-0.05661922634491667,-0.0010960821696713863,58.83069427527266,160.17215000000002,160.5391717403548,159.80512825964524,0.004582840904049454,0.12778571428571542,0.8671548028892797,-0.001552930610819514,-0.00046825832875496687,0.0005163350006322355,1
2026-06-12 11:00:00+00:00,160.091,160.182,160.089,160.169,1541,160.14,160.2126,160.15535,160.36196,160.1815016981326,160.23612040988084,-0.054618711748247506,-0.056219123425582836,0.0016004116773353297,62.45810055865942,160.15535,160.48730578335613,159.82339421664386,0.004145422345942689,0.12764285714285759,0.9512022777654824,-0.0009044749678753794,-0.0005802997591443093,0.0005020634818093001,1
2026-06-12 12:00:00+00:00,160.172,160.303,160.169,160.252,2007,160.1334,160.2092,160.14165,160.35774,160.1923475907276,160.2372966758156,-0.04494908508800677,-0.053965115758067624,0.009016030670060855,63.11745334796907,160.14165,160.4287885324899,159.8545114675101,0.0035860568751465366,0.12664285714285686,0.9604219612328705,-0.0002058832704244784,-0.00021212083400912185,0.0005316464320970971,0
2026-06-12 13:00:00+00:00,160.249,160.344,160.189,160.27,2838,160.1694,160.2133,160.14905000000002,160.35322,160.20429411523102,160.23971914427372,-0.03542502904269895,-0.05025709841499389,0.014832069372294941,58.46724351050656,160.14905000000002,160.44163303364564,159.8564669663544,0.003653884099164212,0.12514285714285783,0.7977140432718545,0.0011243675432570654,0.00025588376635932164,0.0005193825828399221,0
2026-06-12 14:00:00+00:00,160.269,160.288,160.159,160.238,3247,160.2044,160.2116,160.15735,160.3493,160.20947963596473,160.23959180025344,-0.030112164288709664,-0.04622811158973705,0.01611594730102739,54.34243176178596,160.15735,160.45014795440474,159.86455204559527,0.003656378610219677,0.1277142857142865,0.597014943315291,0.0010933195054447786,-0.00010608093351216485,0.0005214155678405155,0
2026-06-12 15:00:00+00:00,160.235,160.247,160.164,160.244,2328,160.2346,160.2018,160.18,160.34654,160.2147904612009,160.239918333568,-0.025127872367107784,-0.042008063745211204,0.01688019137810342,48.74651810584962,160.18,160.41852882425044,159.94147117574957,0.002978259760899454,0.12535714285714455,0.3500324133914641,0.000943201763974777,-0.0006111935737361796,0.000485042796012449,0
2026-06-12 16:00:00+00:00,160.246,160.276,160.176,160.225,1882,160.2458,160.1929,160.19385,160.34144,160.21636115947769,160.23881327182224,-0.022452112344552688,-0.038096873465079506,0.015644761120526818,45.722300140252266,160.19385,160.406413575625,159.98128642437499,0.0026538294151119027,0.128142857142862,0.22402536205774318,0.0003496307025703249,-0.0005551604975235769,0.00048390666557274713,0
2026-06-12 17:00:00+00:00,160.226,160.233,160.179,160.197,1158,160.2348,160.1841,160.2064,160.336,160.21338251955805,160.23571599242803,-0.022333472869974003,-0.03494419334605841,0.012610720476084407,47.6608187134497,160.2064,160.38413475209853,160.02866524790147,0.0022188221206959294,0.1260714285714337,0.29166662272581073,-0.0003432094451240042,-0.0005490220544654978,0.0004837336184938402,0
2026-06-12 18:00:00+00:00,160.197,160.239,160.19,160.232,846,160.22719999999998,160.1983,160.21735,160.33096,160.21624674731834,160.23544073372966,-0.01919398641132375,-0.03179415195911148,0.012600165547787728,48.340548340548786,160.21735,160.3701515913335,160.06454840866652,0.0019074287689003152,0.1262857142857204,0.2640575339384952,-0.00023709989392906028,0.000887001061902648,0.0002635264800231406,0
2026-06-12 19:00:00+00:00,160.235,160.242,160.195,160.204,998,160.22039999999998,160.2124,160.2209,160.32502,160.21436263234628,160.23311179049043,-0.01874915814414635,-0.02918515319611845,0.0104359950519721,39.11671924290254,160.2209,160.36866638745468,160.07313361254532,0.0018445332344866447,0.12171428571429235,0.0,-0.00021218437574099802,0.0008809031443870463,0.00026419364695555274,0
2026-06-12 20:00:00+00:00,160.204,160.229,160.193,160.217,568,160.215,160.22480000000002,160.22334999999998,160.31954,160.2147683812161,160.23191832452818,-0.01714994331209141,-0.026778111219313044,0.009628167907221635,42.16478190630246,160.22334999999998,160.36903354311687,160.0776664568831,0.0018185057685647988,0.11721428571429117,0.12081452944560761,-0.00016849304810151455,0.0007745497929330103,0.000261880987754533,0
2026-06-14 21:00:00+00:00,160.142,160.149,159.738,159.809,532,160.1318,160.1888,160.2007,160.30504000000002,160.15234247641362,160.2005910412298,-0.04824856481619122,-0.031072201938688683,-0.017176362877502536,26.152304609219613,160.2007,160.43499365289685,159.96640634710317,0.0029250016123130297,0.14378571428572076,0.0,-0.0025963488843813165,-0.0022476259450955327,0.000845380292005656,1
2026-06-14 22:00:00+00:00,159.809,159.951,159.726,159.934,1818,160.0792,160.15699999999998,160.18310000000002,160.29412,160.11875132619616,160.18084355669427,-0.0620922304981093,-0.03727620765057282,-0.024816022847536486,41.59482758620707,160.18310000000002,160.4420053068074,159.92419469319265,0.0032326170090025484,0.13550000000000548,0.4043213475664261,-0.0016417286216346971,-0.0019843746099893478,0.0008747657239337911,1
2026-06-14 23:00:00+00:00,159.94,159.975,159.896,159.96,1142,160.0248,160.126,160.16965,160.28448,160.09432804524292,160.16448477471693,-0.0701567294740073,-0.04385231201525972,-0.026304417458747585,44.4444444444458,160.16965,160.44588428271246,159.89341571728752,0.003449271228506344,0.12985714285714778,0.4948482681472779,-0.0016975385690748412,-0.0019342359767892114,0.0008768896118440147,1
2026-06-15 00:00:00+00:00,159.957,160.125,159.88,160.107,2131,160.0054,160.1129,160.16225000000003,160.27573999999998,160.09627757674403,160.16022664325644,-0.06394906651240717,-0.047871662914689216,-0.016077403597717956,50.67049808429164,160.16225000000003,160.43678146689246,159.8877185331076,0.0034281669605968515,0.13628571428571945,0.6632786370829346,-0.0006054780155302364,-0.0008175339182965313,0.0009447096289657222,0
2026-06-15 01:00:00+00:00,160.107,160.213,160.092,160.204,1506,160.0028,160.1089,160.15535,160.26924,160.11285025724496,160.16346911412631,-0.05061885688135703,-0.04842110170802279,-0.0021977551733342454,51.64319248826271,160.15535,160.41751770445933,159.89318229554067,0.0032739175364335914,0.13828571428571884,0.689592460702121,-8.113995393754792e-05,-0.00024961933052092267,0.0009694293270462292,0
2026-06-15 02:00:00+00:00,160.202,160.228,160.12,160.142,1151,160.0694,160.10060000000001,160.14675000000003,160.26178,160.1173348330534,160.16187880937622,-0.044543976322813705,-0.047645676630980974,0.0031017003081672684,44.73180076628307,160.14675000000003,160.39806475337016,159.8954352466299,0.003138555773003679,0.13642857142857728,0.5749506819047716,0.002083737461594737,-0.0005180215322203585,0.0009760164459226368,0
2026-06-15 03:00:00+00:00,160.142,160.142,160.045,160.057,859,160.094,160.0866,160.13535,160.25324,160.10805255104518,160.1541100086817,-0.046057457636521804,-0.04732803283208915,0.001270575195567343,40.41404140413982,160.13535,160.38087780954814,159.88982219045184,0.0030665035490058923,0.13228571428572064,0.505912467782937,0.0007690672402365095,-0.0008739239810983124,0.0009874431676124345,1
2026-06-15 04:00:00+00:00,160.056,160.092,160.013,160.048,779,160.1116,160.0682,160.13325000000003,160.24398,160.09881369703822,160.14625000803863,-0.04743631100041057,-0.04734968846575344,-8.662253465713254e-05,41.26838235294146,160.13325000000003,160.38111827995712,159.88538172004294,0.003095775299097333,0.12871428571429128,0.5929992637129746,0.000550137534383488,-0.0011483349143741606,0.000981805845892767,1
2026-06-15 05:00:00+00:00,160.05,160.055,159.987,160.047,1040,160.0996,160.0525,160.13245,160.23472,160.09084235903234,160.1388981555913,-0.04805579655896963,-0.04749091008439668,-0.0005648864745729509,40.90489381348117,160.13245,160.38137397909156,159.88352602090845,0.003108976089375484,0.12764285714286164,0.5787397157057161,-0.00037474938634785016,-0.0009800004993634204,0.0009821020637663792,1
2026-06-15 06:00:00+00:00,160.047,160.158,160.039,160.125,1671,160.0838,160.0433,160.13405000000003,160.2272,160.09609738071964,160.13786866258454,-0.04177128186489654,-0.04634698444049666,0.004575702575600124,45.62171628721576,160.13405000000003,160.38231681317623,159.88578318682383,0.003100737328209723,0.12900000000000286,0.763779267725163,-0.000493121270380259,-0.0005742212124806301,0.000998579591986988,1
2026-06-15 07:00:00+00:00,160.126,160.137,160.04,160.107,1820,160.0768,160.0731,160.13095,160.21852,160.09777470676278,160.1355820949857,-0.03780738822291596,-0.04463906519698053,0.006831676974064567,46.02473498233212,160.13095,160.37892748199647,159.88297251800356,0.0030971836736927807,0.1320714285714319,0.7795895720592899,-0.0002185560315219881,0.0018647260166824164,0.0004929638669495218,1
2026-06-15 08:00:00+00:00,160.11,160.148,160.074,160.132,1485,160.0918,160.09290000000001,160.12494999999998,160.21004,160.1030401364916,160.13531675461638,-0.032276618124797096,-0.04216657578254385,0.00988995765774675,45.543672014260665,160.12494999999998,160.36631408401206,159.8835859159879,0.00301469676039963,0.13385714285714453,0.7607176139559761,0.00046858306728236876,0.0012380106794052104,0.00044645731085039895,0
2026-06-15 09:00:00+00:00,160.132,160.144,160.088,160.119,1131,160.106,160.1088,160.1174,160.20236,160.10549550010825,160.1341081061263,-0.028612606018043607,-0.0394557818296438,0.010843175811600193,46.160794941282575,160.1174,160.34890528014543,159.88589471985458,0.002891694221183046,0.13450000000000273,0.7849271640488487,0.00044361691492555977,0.000993998499624782,0.0004507403243943051,1
2026-06-15 10:00:00+00:00,160.118,160.145,160.088,160.122,994,160.121,160.1103,160.1116,160.19418,160.10803465393775,160.13321120937619,-0.02517655543843489,-0.03659993655140202,0.011423381112967132,45.67000911577058,160.1116,160.3360895027401,159.88711049725993,0.002804162880641807,0.1360000000000038,0.7656737811208433,0.00046861234512363126,9.368734658710132e-05,0.0003467848683320011,1
2026-06-15 11:00:00+00:00,160.123,160.206,160.109,160.184,1220,160.1328,160.10829999999999,160.1086,160.18732,160.11972163025501,160.13697334201498,-0.017251711759968202,-0.03273029159311526,0.015478579833147058,74.96671105192965,160.1086,160.3271650812349,159.89003491876508,0.0027302103851375107,0.10871428571428712,0.9999999999971059,0.00036846213895391777,-0.00012484082794439466,0.0003099385528440475,1
2026-06-15 12:00:00+00:00,160.183,160.192,160.116,160.138,1524,160.139,160.10790000000003,160.10425,160.17958000000002,160.12253368713883,160.1370493907546,-0.014515703615785469,-0.0290873739976493,0.01457167038186383,65.17857142857143,160.10425,160.3164305338521,159.89206946614792,0.0026505296874016955,0.09807142857142992,0.7167182818808331,0.00019362051627980215,-2.4977832173922465e-05,0.0002979069683139816,1
2026-06-15 13:00:00+00:00,160.138,160.153,160.068,160.07,1372,160.1266,160.10920000000002,160.0979,160.1703,160.11445158142516,160.13208276921725,-0.01763118779209094,-0.02679613675653763,0.009164948964446688,57.70308123249167,160.0979,160.30595454749957,159.88984545250045,0.002599091524617842,0.09849999999999934,0.5003676996462618,-0.0003871805760248259,8.122106499564019e-05,0.0002782324581967325,1
2026-06-15 14:00:00+00:00,160.068,160.136,160.027,160.131,1897,160.12900000000002,160.1175,160.09285,160.1623,160.11699749197516,160.13200256409004,-0.015005072114888662,-0.024437923828207836,0.009432851713319174,51.910828025477656,160.09285,160.29190807139597,159.89379192860403,0.0024867827813168084,0.08878571428571393,0.3327322241232366,7.494426020637768e-05,0.0005185944216734573,0.0003004670544696726,1
2026-06-15 15:00:00+00:00,160.134,160.201,160.123,160.197,1464,160.144,160.1325,160.0925,160.15652,160.1293055701328,160.13681718897226,-0.0075116188394588335,-0.02105266283045804,0.013541043990999205,49.4137353433832,160.0925,160.2907582048438,159.8942417951562,0.002476795663054749,0.08571428571428694,0.2604630562834962,0.00046839285045141565,0.0009372246902472625,0.00031997140012914185,1
2026-06-15 16:00:00+00:00,160.197,160.239,160.143,160.216,987,160.15040000000002,160.14159999999998,160.09244999999999,160.1508,160.14264317472777,160.14268258238172,-3.940765395782364e-05,-0.016850011795157997,0.016810604141200173,56.678700361011565,160.09244999999999,160.29057646147157,159.8943235385284,0.0024751505954414255,0.08485714285714405,0.4707207611630971,0.00019977026419626398,0.0005683060109289428,0.00028935048301485355,1
2026-06-15 17:00:00+00:00,160.216,160.278,160.212,160.268,805,160.1764,160.1577,160.1154,160.14606,160.16192884015425,160.15196535405713,0.009963486097120722,-0.011487312216702251,0.021450798313822975,70.2495201535515,160.1154,160.2785252666816,159.95227473331838,0.0020375962172485356,0.0826428571428579,0.8615108857686076,0.0008117998226528922,0.001005577520033496,0.00029390764967177915,1
2026-06-15 18:00:00+00:00,160.268,160.317,160.251,160.304,925,160.22320000000002,160.1749,160.13389999999998,160.14162,160.183785941669,160.16322717968254,0.020558761986450236,-0.005078097376071753,0.02563685936252199,73.35766423357538,160.13389999999998,160.29430461995713,159.97349538004283,0.00200338116984784,0.0817142857142861,0.9527609813890586,0.0014618604360592258,0.0010741138560688146,0.00029613617434165197,0
2026-06-15 19:00:00+00:00,160.302,160.388,160.278,160.385,1047,160.274,160.2015,160.15515,160.14688,160.21474195064297,160.17965479600232,0.03508715464064949,0.0029549530272724974,0.03213220161337699,76.9108280254766,160.15515,160.33046598539534,159.97983401460465,0.0021893268545575143,0.08471428571428621,0.999999999996812,0.001586201297687495,0.0016612644345768146,0.0003122728000637258,0
2026-06-15 20:00:00+00:00,160.371,160.389,160.324,160.332,861,160.301,160.2225,160.1664,160.15208,160.23278165054404,160.19093962592808,0.04184202461595987,0.010732367345009975,0.031109657270949897,67.16417910447683,160.1664,160.3569232683631,159.97587673163693,0.002379066625248241,0.08085714285714321,0.6892721508579357,0.0008427124103447259,0.0013114999812642303,0.0003480498592783801,0
2026-06-15 21:00:00+00:00,160.333,160.351,160.268,160.329,415,160.3236,160.23700000000002,160.17265,160.16284,160.24758447353727,160.20116632030377,0.04641815323350329,0.01786952452270864,0.02854862871079465,68.87755102040907,160.17265,160.37612742665013,159.96917257334988,0.0025407262307282105,0.0798571428571425,0.7438952705093995,0.0007052978479054062,0.0009052090096390852,0.00033840268072069055,0
2026-06-15 22:00:00+00:00,160.339,160.35,160.302,160.325,481,160.33499999999998,160.2557,160.1818,160.17038,160.25949455453156,160.21033918546644,0.04915536906511875,0.024126693431190664,0.025028675633928084,67.01940035273202,160.1818,160.3956672485404,159.9679327514596,0.002670306471027243,0.07800000000000093,0.6833812935121296,0.00035565427908235137,0.0011677428218159758,0.0003152506373465328,0
2026-06-15 23:00:00+00:00,160.325,160.325,160.219,160.245,631,160.32319999999999,160.2732,160.1912,160.17636,160.25726462306514,160.21290665320967,0.04435796985546858,0.028172948716046253,0.01618502113942233,59.93690851735075,160.1912,160.39839337522002,159.98400662478,0.0025868259332599446,0.08157142857142828,0.45667494961542143,-0.0003680507036629699,0.0010932716936340459,0.00032997137544064025,1
2026-06-16 00:00:00+00:00,160.242,160.272,160.154,160.198,1587,160.2858,160.2799,160.19869999999997,160.18006,160.24814698874744,160.21180245667563,0.036344532071808544,0.02980726538719871,0.006537266684609834,55.60471976401157,160.19869999999997,160.39462060690167,160.00277939309828,0.002445969997280806,0.0859285714285696,0.22515050926229496,-0.001165944446176237,0.00041840742891752214,0.00033709578871843994,1
2026-06-16 01:00:00+00:00,160.195,160.214,160.099,160.156,1582,160.2506,160.2758,160.20414999999997,160.18052,160.23397052894012,160.20766894136634,0.026301587573783536,0.02910612982451568,-0.0028045422507321435,47.87234042553251,160.20414999999997,160.38799464264633,160.0203053573536,0.002295129591166813,0.08721428571428598,0.0,-0.00109772222638016,-0.0002559348801787209,0.0003218997374716141,1
2026-06-16 02:00:00+00:00,160.157,160.195,160.101,160.134,948,160.2116,160.26760000000002,160.20459999999997,160.17984,160.2185904475647,160.20221198274658,0.016378464818131988,0.026560596823238945,-0.010182132005106957,49.68454258674929,160.20459999999997,160.38767134070537,160.02152865929457,0.0022854692150586983,0.08850000000000031,0.06240690583396738,-0.0012162490878133703,-0.0005118090577721501,0.0003193301091856504,1
2026-06-16 03:00:00+00:00,160.134,160.248,160.045,160.204,2294,160.1874,160.2612,160.20945,160.17867999999999,160.216345763324,160.20234442846905,0.01400133485495303,0.024048744429581763,-0.010047409574628734,60.5345911949693,160.20945,160.38668071492825,160.03221928507176,0.0022124876519861044,0.0969285714285734,0.4360506285257627,-0.0007547169811319421,-0.0003993311203733807,0.0003356154019835979,1
2026-06-16 04:00:00+00:00,160.203,160.348,160.188,160.252,1561,160.1888,160.256,160.21545,160.178,160.22183103050492,160.20602261895283,0.015808411552086454,0.022400677854082705,-0.00659226630199625,59.71107544141297,160.21545,160.38974131692677,160.04115868307323,0.002175711729758515,0.10057142857143171,0.40769117107402275,4.3683110237502376e-05,-0.0003243836710250525,0.0003429407069525826,1
2026-06-16 05:00:00+00:00,160.252,160.299,160.228,160.29,1115,160.2072,160.2465,160.224,160.17922000000002,160.23231856427338,160.21224316569706,0.020075398576324233,0.021935621998531014,-0.001860223422206781,57.815126050419295,160.224,160.395117688028,160.05288231197198,0.0021359807273317977,0.10007142857143135,0.34240025726655576,0.0005742893169702334,-0.000592324718645787,0.0003045621860276915,0
2026-06-16 06:00:00+00:00,160.291,160.295,160.146,160.208,2157,160.2176,160.2341,160.22830000000002,160.17828,160.22857724669288,160.2119288571269,0.016648389565972366,0.020878175512019287,-0.004229785946046921,49.39209726443694,160.22830000000002,160.3928204834415,160.06377951655853,0.002053575846981995,0.10385714285714544,0.05233595013061655,0.0003246834336521065,-0.0007733952049496784,0.0003270409980364807,1
2026-06-16 07:00:00+00:00,160.206,160.342,160.193,160.233,2200,160.2374,160.22449999999998,160.23075,160.1761,160.2292576702786,160.21348968252494,0.015767987753662283,0.019856137960347887,-0.004088150206685605,47.2266244057055,160.23075,160.39394684593904,160.06755315406096,0.0020370228054108304,0.10978571428571675,0.0,0.0006182322305070542,-0.0005987687816926268,0.0003350908536470509,1
2026-06-16 08:00:00+00:00,160.231,160.328,160.221,160.317,1652,160.26,160.2237,160.23970000000003,160.17616,160.24275649023576,160.22115711344904,0.021599376786724633,0.020204785725623238,0.0013945910611013954,50.957290132548245,160.23970000000003,160.40110318916246,160.0782968108376,0.0020145218589703784,0.11271428571428796,0.12567848457774944,0.0007053506778857965,-4.989864338056371e-05,0.00038302063400484393,1
2026-06-16 09:00:00+00:00,160.317,160.36,160.303,160.338,1133,160.2772,160.233,160.2531,160.17722,160.2574093378918,160.22981214208247,0.027597195809335062,0.021683267742365606,0.005913928066969457,46.203554119547896,160.2531,160.3989303267795,160.1072696732205,0.0018200000721296892,0.10892857142857386,0.0,0.0005366547687390977,0.0005803613217261194,0.0003423823671149523,1
2026-06-16 10:00:00+00:00,160.34,160.343,160.276,160.289,1209,160.277,160.2421,160.26100000000002,160.18120000000002,160.2622694397546,160.23419642785416,0.028073011900431766,0.02296121657397884,0.005111795326452926,46.50406504064994,160.26100000000002,160.39567153021596,160.12632846978408,0.0016806525632055156,0.10907142857142967,0.013253548653757925,-6.238692370152954e-06,0.000568047041785702,0.0003438044827958852,1
2026-06-16 11:00:00+00:00,160.292,160.358,160.291,160.357,1048,160.3068,160.26219999999998,160.269,160.18708,160.27684337210005,160.24329298875386,0.033550383346181434,0.025079049928419358,0.008471333417762076,52.058823529411036,160.269,160.40664026338,160.13135973662,0.0017176155511047912,0.10807142857143097,0.28128904029376817,0.0009300409467691839,0.0012550263493094072,0.00034154884412120854,1
2026-06-16 12:00:00+00:00,160.356,160.375,160.314,160.322,1280,160.3246,160.281,160.27429999999998,160.19166,160.28379054562313,160.24912313773504,0.03466740788809375,0.026996721520354237,0.007670686367739512,49.78902953586598,160.27429999999998,160.41150994285798,160.137090057142,0.0017121889517906857,0.10900000000000278,0.2501895290217601,0.0005554411388415392,0.0011740167609628482,0.00034933555612635074,1
2026-06-16 13:00:00+00:00,160.32,160.408,160.32,160.392,1622,160.3396,160.2998,160.28050000000002,160.19612,160.3004381539888,160.2597066090139,0.0407315449749035,0.02974368621126409,0.010987858763639408,60.48502139800191,160.28050000000002,160.42737696246618,160.13362303753385,0.0018327489927491628,0.10771428571428844,0.9965410879334016,0.0004678231254326981,0.001173503782676999,0.0003492834595873992,1
2026-06-16 14:00:00+00:00,160.392,160.465,160.37,160.398,1730,160.3516,160.3144,160.28519999999997,160.19904,160.31544766875976,160.26995056390177,0.045497104857986415,0.032894369940608556,0.012602734917377859,65.1515151515137,160.28519999999997,160.44098879088827,160.12941120911168,0.0019438948934560982,0.10607142857143158,0.9999999999947224,0.0003742094824683573,0.0009110650725108194,0.0003438799193539421,1
2026-06-16 15:00:00+00:00,160.399,160.458,160.333,160.387,1759,160.3712,160.3241,160.2853,160.20138,160.32645571971977,160.27862089250164,0.04783482721813925,0.035882461396114694,0.011952365822024559,68.36248012718502,160.2853,160.44136085182294,160.12923914817708,0.0019472883891776566,0.10678571428571663,0.9999999999954873,0.000611395666577419,0.0006051531598978421,0.00034304558105603276,1
2026-06-16 16:00:00+00:00,160.386,160.408,160.332,160.393,1698,160.3784,160.3426,160.28834999999998,160.20448,160.33669330130135,160.287093418983,0.049599882318347,0.038625945580561157,0.010973936737785843,71.12561174551507,160.28834999999998,160.45051856077325,160.1261814392267,0.0020234603547078407,0.1055000000000023,0.9999999999959875,0.0002244990864135321,0.0011547488265255534,0.00027932325358562233,1
2026-06-16 17:00:00+00:00,160.393,160.441,160.384,160.434,897,160.40079999999998,160.3627,160.29360000000003,160.20828,160.3516635626396,160.29797538794725,0.053688174692354096,0.04163839140291975,0.012049783289434346,69.69178082191777,160.29360000000003,160.46767124977436,160.1195287502257,0.0021719051761808186,0.09507142857143183,0.9424673939363023,0.0006985940794150824,0.0012544232461477733,0.0002826859063050052,0
2026-06-16 18:00:00+00:00,160.432,160.461,160.416,160.432,749,160.40879999999999,160.3742,160.29895,160.21242,160.3640230145412,160.3079031369882,0.05611987755301584,0.044534688632938975,0.011585188920076865,66.72862453531452,160.29895,160.48335513178748,160.1145448682125,0.002300765311157506,0.08685714285714548,0.8235704580948594,0.00024938899695747807,0.0007173287923301075,0.00024728334039800785,0
2026-06-16 19:00:00+00:00,160.431,160.475,160.395,160.464,764,160.422,160.3868,160.3099,160.21776,160.37940408922717,160.31946586758167,0.05993822164549556,0.047615395235450296,0.012322826410045264,66.3533834586469,160.3099,160.5064265751363,160.1133734248637,0.0024518332945911545,0.08750000000000162,0.8085138731893202,0.00041147645232486596,0.0007858399131834837,0.00025003892012589947,0
2026-06-16 20:00:00+00:00,160.463,160.478,160.446,160.446,400,160.43379999999996,160.4025,160.32229999999998,160.22204,160.38964961396144,160.32883876627932,0.060810847682120084,0.050254485724784255,0.010556361957335829,75.42735042734941,160.32229999999998,160.52038780614993,160.12421219385004,0.002471119814897148,0.07914285714285947,0.9999999999965782,0.0003678602380492446,0.0009794808127818744,0.00022304002098024101,0
2026-06-16 21:00:00+00:00,160.445,160.449,160.321,160.413,526,160.4378,160.40810000000002,160.33515,160.22622,160.3932419810443,160.33507293174011,0.05816904930418332,0.05183739844066408,0.0063316508635192364,68.90756302521083,160.33515,160.52076564702082,160.14953435297917,0.0023153456621436384,0.07764285714286043,0.7769014219252631,0.00012469372104773058,0.0003492208010875686,0.00020916300395022123,0
2026-06-16 22:00:00+00:00,160.421,160.439,160.396,160.404,716,160.4318,160.4163,160.34865,160.22996,160.39489706088366,160.34017864050008,0.05471842038357977,0.05241360282924722,0.002304817554332546,60.84788029925022,160.34865,160.5104078111609,160.1868921888391,0.002017576214840554,0.07307142857143235,0.501109644531118,-0.0001869927820785655,0.0005114706652860068,0.00019301456941519323,0
2026-06-16 23:00:00+00:00,160.404,160.439,160.392,160.424,430,160.4302,160.4195,160.35965,160.24226,160.39937443613235,160.34638763009266,0.05298680603968364,0.05252824347133451,0.0004585625683491343,60.750000000000675,160.35965,160.50947133218202,160.20982866781796,0.0018685664652177622,0.07235714285714526,0.49254207358658336,-4.986536351836435e-05,0.00019951119756611568,0.00014235393489091375,0
2026-06-17 00:00:00+00:00,160.421,160.421,160.343,160.351,1247,160.4076,160.41479999999999,160.3646,160.25060000000002,160.39193221518892,160.34672928712283,0.0452029280660895,0.051063180390285505,-0.005860252324196007,57.31132075471778,160.3646,160.50573584347583,160.22346415652416,0.00176018701728233,0.073357142857148,0.29340030693356456,-0.0007042077973875571,-0.0002930211099888558,0.0002064121531476974,0
2026-06-17 01:00:00+00:00,160.35,160.371,160.311,160.345,991,160.3874,160.4106,160.36735000000002,160.2583,160.38471187439063,160.34660119178037,0.03811068261026662,0.04847268083428173,-0.01036199822401511,48.34254143646413,160.36735000000002,160.50445123036013,160.2302487696399,0.001709839694428027,0.07271428571428983,0.0,-0.0006294952819017041,-0.0002618666101367184,0.00020598783534739968,0
2026-06-17 02:00:00+00:00,160.345,160.351,160.31,160.331,633,160.371,160.4044,160.37349999999998,160.26278,160.37644850909976,160.34544554794476,0.031002961154996456,0.04497873689842468,-0.013975775743428225,51.31964809383947,160.37349999999998,160.4899898911265,160.25701010887346,0.0014527324168459223,0.07128571428571766,0.10991794914877255,-0.0005111805152950843,-0.00038655053524783156,0.00020548564430569602,0
2026-06-17 03:00:00+00:00,160.328,160.352,160.31,160.319,549,160.35399999999998,160.3929,160.37779999999998,160.26508,160.36761027693058,160.34348661846735,0.02412365846322473,0.04080772121138469,-0.016684062748159964,37.10247349823389,160.37779999999998,160.47760739345,160.27799260654996,0.00124465348009539,0.06800000000000393,0.0,-0.0005299119722700363,-0.0007168056646347232,0.00017758161375893924,0
2026-06-17 04:00:00+00:00,160.319,160.324,160.253,160.264,664,160.32199999999997,160.3761,160.37515,160.26752,160.35167023432587,160.3375987208031,0.014071513522765144,0.03546047967366078,-0.02138896615089564,29.819277108437163,160.37515,160.48414594390294,160.26615405609704,0.001359262253571756,0.06628571428572018,0.0,-0.0009973570039395474,-0.0010471726338883158,0.000195227857777416,0
2026-06-17 05:00:00+00:00,160.267,160.327,160.257,160.322,503,160.31619999999998,160.36190000000002,160.37435,160.27282,160.34710558289112,160.33644326000288,0.010662322888236986,0.030500848316576023,-0.019838525428339037,41.424802110818675,160.37435,160.48472023816004,160.26397976183995,0.00137640761331278,0.062357142857148266,0.2544620756330791,-0.00018085325317585,-0.0008849336922923667,0.00022745125093490663,0
2026-06-17 06:00:00+00:00,160.323,160.333,160.242,160.249,1319,160.29699999999997,160.3422,160.37234999999998,160.27684000000002,160.33201241629246,160.32996598148412,0.002046434808335107,0.02480996561492784,-0.022763530806592734,33.8565022421528,160.37234999999998,160.49041380967816,160.2542861903218,0.0014723711372711858,0.0634285714285779,0.08851996674967354,-0.0005987090336462275,-0.0012278274310359993,0.0002555676897927756,1
2026-06-17 07:00:00+00:00,160.248,160.304,160.179,160.189,1292,160.26860000000002,160.3198,160.36395,160.27967999999998,160.31001050609362,160.31952405692974,-0.009513550836118156,0.01794526232471864,-0.027458813160836797,23.65591397849593,160.36395,160.50771951583022,160.22018048416976,0.0017930403414262248,0.06828571428571958,0.0,-0.0008856677747908215,-0.001396395553976415,0.0002669627140452817,1
2026-06-17 08:00:00+00:00,160.187,160.252,160.112,160.204,1915,160.24560000000002,160.2998,160.35805,160.28126,160.29370119746383,160.3109667193794,-0.01726552191556152,0.010903105476662607,-0.02816862739222413,26.150627615066682,160.35805,160.51785840501566,160.19824159498432,0.0019931447783964346,0.07507142857143378,0.048187066221941376,-0.0007173198435618255,-0.0012468516994588175,0.0002762119240557254,0
2026-06-17 09:00:00+00:00,160.204,160.225,160.161,160.183,1018,160.2294,160.2757,160.3476,160.28278,160.27667024400785,160.30148770312906,-0.02481745912120914,0.003758992557088256,-0.028576451678297397,19.914346895076974,160.3476,160.5244822385478,160.1707177614522,0.0022062349364479466,0.07392857142857727,0.0,-0.0005054160634953009,-0.0015022689871840855,0.0002620289693010308,1
2026-06-17 10:00:00+00:00,160.184,160.24,160.178,160.231,970,160.21120000000002,160.26370000000003,160.33925000000002,160.28476,160.269644052622,160.29626639178616,-0.026622339164163122,-0.0023172737871620217,-0.0243050653770011,28.37022132796932,160.33925000000002,160.52179098313596,160.15670901686408,0.0022769344765668615,0.0760714285714345,0.172592760810291,-0.0005676076895249071,-0.0007483582890035478,0.0002729599522432014,0
2026-06-17 11:00:00+00:00,160.232,160.332,160.228,160.306,1100,160.2226,160.25979999999998,160.33520000000001,160.2885,160.27523727529555,160.296987399802,-0.02175012450643976,-0.006203843931017572,-0.015546280575422188,40.07421150278432,160.33520000000001,160.5168724640898,160.15352753591023,0.0022661581996939657,0.07435714285714669,0.492502428475983,0.00035569644740385264,-0.00024322554491873483,0.00032289571789507197,0
2026-06-17 12:00:00+00:00,160.306,160.321,160.231,160.246,1356,160.23399999999998,160.2513,160.32784999999998,160.29098,160.2707392329424,160.2932105553722,-0.02247132242982275,-0.009457339630778609,-0.01301398279904414,36.61016949152789,160.32784999999998,160.51155946741795,160.144140532582,0.002291672562414697,0.07771428571428933,0.40885406077653635,0.00035582967619518513,-0.0005301532454733415,0.0003413454402841287,0
2026-06-17 13:00:00+00:00,160.246,160.297,160.184,160.194,1539,160.232,160.2388,160.31585,160.29118,160.25893319710508,160.28586162534467,-0.026928428239585855,-0.01295155735254006,-0.013976870887045795,31.511254019293247,160.31585,160.50170594307667,160.12999405692335,0.002318622183354427,0.08242857142857522,0.31010282189438765,-6.242041397230835e-05,-0.0007796954821325253,0.00035208354668679186,1
2026-06-17 14:00:00+00:00,160.194,160.347,160.193,160.317,2043,160.2588,160.2441,160.3101,160.29476,160.26786655139662,160.28816817161544,-0.02030162021881665,-0.01442156992579538,-0.005880050293021272,47.47023809523902,160.3101,160.48776070559856,160.13243929440145,0.0022164630375572725,0.08764285714285945,0.8774280184633327,0.0008365432037107379,0.0003307043378424357,0.0004265205349431894,1
2026-06-17 15:00:00+00:00,160.32,160.335,160.191,160.22,1699,160.2566,160.2339,160.2979,160.29776,160.26050246656635,160.2831186774217,-0.022616210855346708,-0.016060498111705644,-0.006555712743641064,41.808650065531765,160.2979,160.46421093263464,160.13158906736535,0.0020750232240677436,0.09364285714285968,0.6971531026503197,-6.865088528429375e-05,-0.0006362196080388349,0.0004525231936456394,1
2026-06-17 16:00:00+00:00,160.219,160.235,160.194,160.197,910,160.2348,160.22869999999998,160.28545000000003,160.29908,160.25073285632536,160.27673951613122,-0.02600665980585859,-0.018049730450536233,-0.007956929355322356,41.321243523317825,160.28545000000003,160.44207825583007,160.12882174416998,0.001954366485916755,0.0936428571428617,0.7768537215024743,-0.0006799495963969449,-0.0003244950046489281,0.0004328432104189971,1
2026-06-17 17:00:00+00:00,160.197,160.243,160.192,160.202,1037,160.226,160.23000000000002,160.2749,160.29918,160.24323549381376,160.27120325567705,-0.027967761863294527,-0.020033336733087895,-0.007934425130206632,42.352941176471944,160.2749,160.42357683073723,160.12622316926277,0.0018552727936467924,0.09428571428571786,0.8142939060951725,-0.0002745778365763618,8.115413667608706e-05,0.0004159022224657001,1
2026-06-17 18:00:00+00:00,160.2,160.507,160.2,160.492,6443,160.2856,160.2588,160.2793,160.3047,160.28150695630396,160.28755857007135,-0.006051613767397157,-0.01723699213994975,0.011185378372552592,61.39999999999804,160.2793,160.4479330179262,160.1106669820738,0.002104239510981109,0.11114285714286,0.9999999999975895,0.0018602444536000018,0.0017977079223987502,0.0007072709552289757,1
2026-06-17 19:00:00+00:00,160.493,160.793,160.465,160.726,4517,160.3674,160.31310000000002,160.29440000000002,160.31385999999998,160.34989050148795,160.32003571302903,0.029854788458919757,-0.007818636020175846,0.0376734244790956,67.17687074829769,160.29440000000002,160.549503198928,160.03929680107206,0.003182933389163555,0.12957142857143214,0.9999999999978841,0.0025511954440264883,0.003389872832947338,0.0008018447646555672,0
2026-06-17 20:00:00+00:00,160.72,160.749,160.571,160.572,1345,160.43779999999998,160.34720000000002,160.30545,160.31922,160.38406119356674,160.33869973428614,0.04536145928059909,0.0028173830399791456,0.04254407624061995,62.84805091487607,160.30545,160.5884917302283,160.02240826977172,0.003531280193259693,0.13578571428571706,0.9084090420783258,0.0021969791536637917,0.0021281774438155487,0.0009011622422085954,1
2026-06-17 21:00:00+00:00,160.566,160.578,160.39,160.494,378,160.4972,160.366,160.31289999999998,160.32139999999998,160.40097485609493,160.35020345767234,0.05077139842259726,0.012408186116502773,0.038363212306094484,61.96078431372491,160.31289999999998,160.6079153608812,160.01788463911876,0.003680494344263287,0.14028571428571826,0.8896358888733723,0.0018539673027584413,0.0011727571020423433,0.0009214136534868892,1
2026-06-17 22:00:00+00:00,160.576,160.642,160.561,160.607,930,160.57819999999998,160.4021,160.32670000000002,160.3269,160.43267103208032,160.3692254237707,0.0634456083096211,0.022615670555126442,0.04082993775449465,64.67589220684522,160.32670000000002,160.64976759924537,160.00363240075467,0.004030115997464532,0.14085714285714548,0.9470832630666475,0.0025280583263629364,0.0022527863410006788,0.0009205527037975804,0
2026-06-17 23:00:00+00:00,160.607,160.62,160.538,160.605,823,160.6008,160.4432,160.341,160.33242,160.45918318099103,160.38669020719507,0.07249297379595987,0.032591131203293135,0.039901842592666735,65.58345642540527,160.341,160.68712805661613,159.99487194338388,0.004317399250548812,0.14214285714285982,0.9589396573321886,0.0007040849388131321,0.0025656391625155095,0.0009049973018117961,0
2026-06-18 00:00:00+00:00,160.602,160.749,160.534,160.695,2060,160.59459999999999,160.481,160.36255,160.33982,160.4954626916078,160.40952796962506,0.08593472198273844,0.0432598493591822,0.04267487262355624,66.61891117478419,160.36255,160.74068140294426,159.98441859705574,0.0047159564741800705,0.15307142857143066,0.9843558131112258,-0.00019287483045682396,0.0023578285521808073,0.0008942924706934824,0
2026-06-18 01:00:00+00:00,160.695,160.695,160.622,160.634,1147,160.607,160.5224,160.37815,160.3476,160.51677612366814,160.4261555274306,0.09062059623752816,0.0527319987348514,0.037888597502676764,61.86685962373227,160.37815,160.7745401719504,159.9817598280496,0.004943194218793531,0.15085714285714452,0.8511168006711557,0.00038611962235002295,0.0025839470727748726,0.000873332971886386,0
2026-06-18 02:00:00+00:00,160.633,160.664,160.56,160.58,1004,160.6242,160.5607,160.3947,160.35523999999998,160.52650287387303,160.4375514142876,0.08895145958541661,0.05997589090496445,0.028975568680452167,62.136627906976564,160.3947,160.79599532372043,159.99340467627957,0.005003847679760402,0.1518571428571432,0.8586806200575776,0.0005358455767816572,0.0023908063197188856,0.0008852271477193938,1
2026-06-18 03:00:00+00:00,160.579,160.614,160.566,160.581,830,160.619,160.59859999999998,160.41429999999997,160.36374,160.53488704712333,160.4481772354515,0.0867098116718239,0.06532267505833635,0.021387136613487553,64.60377358490581,160.41429999999997,160.81156491227395,160.017035087726,0.004952986264615842,0.1472142857142862,0.9004821217024671,-0.00016188584557341734,0.0023657632239297843,0.0008859143019352719,1
2026-06-18 04:00:00+00:00,160.581,160.62,160.573,160.593,761,160.6166,160.6087,160.43375,160.37292,160.54382750141204,160.45890484764027,0.08492265377176977,0.06924267080102303,0.015679982970746742,61.36738056013134,160.43375,160.82571770811919,160.04178229188082,0.004886349762680011,0.13957142857142912,0.7753104135632353,-7.471747454934619e-05,0.0006293148568152773,0.0006922279451071587,1
2026-06-18 05:00:00+00:00,160.593,160.648,160.578,160.639,863,160.60539999999997,160.6,160.45655000000002,160.38162,160.55846942427175,160.47224522929653,0.08622419497521605,0.07263897563586164,0.013585219339354415,68.01375752364649,160.45655000000002,160.8400625606915,160.07303743930854,0.004780266816050647,0.13428571428571395,0.9999999999962537,-0.00034848626279582184,-0.0005412938790239075,0.0005032684739479071,1
2026-06-18 06:00:00+00:00,160.64,160.679,160.59,160.631,1849,160.6048,160.6059,160.47655,160.3892,160.5696279743838,160.48400484194124,0.08562313244254938,0.07523580699719919,0.01038732544535019,68.90243902439019,160.47655,160.8521754993834,160.1009245006166,0.004681375557779668,0.13771428571428349,0.9999999999962336,-1.8675996364292402e-05,0.0003674364148169573,0.00039151844644949054,1
2026-06-18 07:00:00+00:00,160.633,160.678,160.571,160.594,1905,160.6076,160.61589999999998,160.49095,160.39528,160.57337751678628,160.49215263142707,0.08122488535920525,0.07643362266960041,0.004791262689604836,66.61016949152516,160.49095,160.86108765575534,160.12081234424465,0.004612567322398466,0.14171428571428432,0.6957860985674408,8.718395815154878e-05,0.000623076252071586,0.00036076231051623966,1
2026-06-18 08:00:00+00:00,160.594,160.775,160.588,160.769,1730,160.6452,160.63209999999998,160.5171,160.40650000000002,160.60347328343457,160.51265984391398,0.09081343952058774,0.07930958603979787,0.01150385348078986,63.00469483568115,160.5171,160.88826992845182,160.14593007154818,0.004624677725324222,0.13314285714285543,0.2172928429546205,0.0011707487187153642,0.001008673345495481,0.00044722847907344794,1
2026-06-18 09:00:00+00:00,160.772,160.802,160.47,160.789,4190,160.6844,160.6505,160.54685,160.41762,160.6320158552139,160.53312948510555,0.098886370108346,0.08322494285350751,0.01566142725483849,53.701527614570395,160.54685,160.90409930112637,160.18960069887365,0.004450405612148216,0.13342857142856904,0.0,0.0012204766085694985,0.0011456679430901229,0.0004454644551414963,1
2026-06-18 10:00:00+00:00,160.791,160.948,160.747,160.92,2249,160.7406,160.673,160.577,160.42968000000002,160.6763211082579,160.56178656028294,0.1145345479749551,0.08948686387779704,0.02504768409715806,71.01449275362219,160.577,160.9538171411866,160.2001828588134,0.004693289091047811,0.1350714285714259,0.9999999999942241,0.0017492638773894953,0.0014001680201622957,0.00047969247491463067,1
2026-06-18 11:00:00+00:00,160.919,160.947,160.865,160.927,1914,160.7998,160.70229999999998,160.61235,160.44145999999998,160.7148870916028,160.58883940766938,0.1260476839334217,0.09679902788892199,0.029248656044499707,78.59973579920673,160.61235,160.98070810664902,160.24399189335097,0.004586921325153716,0.1274999999999957,0.9999999999959838,0.001842732722824314,0.0018240223115904008,0.00044626127580823675,1
2026-06-18 12:00:00+00:00,160.925,160.94,160.83,160.87,2351,160.855,160.73129999999998,160.646,160.45308,160.7387506159716,160.6096661182124,0.12908449775920872,0.10325612186297936,0.025828375896229355,68.75891583452267,160.646,160.9755093641306,160.31649063586937,0.0041023039992357764,0.1247857142857092,0.6047579049958743,0.0017186196246434804,0.0018059534188565873,0.0004486191299546105,1
2026-06-18 13:00:00+00:00,160.871,160.926,160.799,160.882,2585,160.87759999999997,160.7614,160.68,160.46358,160.7607889827452,160.6298389983448,0.13094998440038808,0.10879489437046112,0.022155090029926952,69.47960618846845,160.68,160.9519047820899,160.4080952179101,0.0033844259657692926,0.12799999999999404,0.633703375633701,0.0007028718223041075,0.001874443427304806,0.00044618187718071834,1
2026-06-18 14:00:00+00:00,160.883,160.911,160.836,160.856,2158,160.891,160.78770000000003,160.69819999999999,160.47426,160.77543683155363,160.6465916651341,0.1288451664195236,0.11280494878027363,0.016040217639249968,62.44204018547168,160.69819999999999,160.96581527766384,160.43058472233614,0.0033306568171124545,0.11799999999999297,0.35104986294795293,0.00041669517193354544,0.0016376803472131218,0.00045888996870060246,1
2026-06-18 15:00:00+00:00,160.854,161.372,160.847,161.367,2813,160.9804,160.8605,160.73024999999998,160.49376,160.86644654977613,160.69995524549455,0.16649130428157832,0.12354221988053457,0.04294908440104375,83.40929808568904,160.73024999999998,161.13186823977907,160.3286317602209,0.004997419462473092,0.15028571428570917,0.9999999999966339,0.002777777777777768,0.004531900721493454,0.0010605562168930264,1
2026-06-18 16:00:00+00:00,161.369,161.448,161.195,161.427,3840,161.0804,160.94009999999997,160.773,160.51434,160.95268554211827,160.75381041249497,0.19887512962330334,0.13860880182908836,0.06026632779421498,88.3952855847676,160.773,161.2735319275762,160.2724680724238,0.006226566992917848,0.1609285714285684,0.9999999999971176,0.003106998825554541,0.004955456916784451,0.001046645974491439,0
2026-06-18 17:00:00+00:00,161.424,161.456,161.336,161.442,1926,161.1948,161.0249,160.8204,160.53544,161.0279646894847,160.80478741897684,0.22317727050784697,0.1555224955648401,0.06765477494300687,88.54073410922032,160.8204,161.38511936206532,160.2556806379347,0.007022981687215283,0.1660714285714237,0.9999999999971296,0.0035556660657674044,0.005280396527890252,0.001026555643539078,0
2026-06-18 18:00:00+00:00,161.442,161.686,161.401,161.676,2305,161.3536,161.1156,160.87385,160.5611,161.12766242956397,160.8693216842378,0.2583407453261657,0.17608614551710525,0.08225459980906044,90.44062733383034,160.87385,161.5457188076801,160.20198119231992,0.008352741078554216,0.18307142857142367,0.9999999999972781,0.0049352941907732095,0.005641634892298741,0.0010543809346367664,0
2026-06-18 19:00:00+00:00,161.674,161.808,160.899,161.428,8503,161.46800000000002,161.17950000000002,160.915,160.58098,161.17386820963102,160.91070526318316,0.26316294644786353,0.19350150570325692,0.06966144074460662,75.60025957170633,160.915,161.61764492792116,160.21235507207882,0.008733119074308428,0.242999999999995,0.5960606581112339,0.003555975530909583,0.003974152460678448,0.0012443652125754244,0
2026-06-18 20:00:00+00:00,161.41,161.446,161.324,161.368,1156,161.46819999999997,161.2243,160.94865,160.59969999999998,161.20373463891855,160.94457894739182,0.259155691526729,0.20663234286795137,0.05252334865877764,73.13245448838668,160.94865,161.67111428430871,160.22618571569126,0.00897757495087692,0.24535714285713692,0.5288895760169381,6.1970539206868125e-06,0.0027839920457370937,0.0012566521868138433,0
2026-06-18 21:00:00+00:00,161.361,161.414,161.289,161.334,353,161.4496,161.26500000000001,160.98364999999998,160.6171,161.22377546370032,160.9734249512887,0.25035051241161455,0.21537597677668402,0.034974535634930526,73.27044025157298,160.98364999999998,161.70974620212007,160.2575537978799,0.009020744679600564,0.24664285714285125,0.532645404663811,-0.0005761118028582146,0.0025290970440012828,0.001264486436386706,0
2026-06-18 22:00:00+00:00,161.334,161.422,161.169,161.272,1202,161.41559999999998,161.30519999999999,161.01825,160.63362,161.23119462313105,160.99554162156363,0.23565300156741387,0.21943138173483,0.016221619832583856,67.02775897088674,161.01825,161.72914917117356,160.30735082882643,0.00883004468342645,0.2513571428571351,0.3627261271536816,-0.0010530097496315172,0.0024989121651022295,0.0012661279698465068,1
2026-06-18 23:00:00+00:00,161.277,161.358,161.247,161.294,1321,161.33919999999998,161.3464,161.0539,160.65124,161.2408569888032,161.01764964959594,0.22320733920724933,0.22018657322931387,0.0030207659779354634,67.0723461798519,161.0539,161.74367125117217,160.36412874882782,0.008565719317224543,0.23557142857142058,0.16537641595372876,-0.0023627501917413696,0.0025608831317363023,0.0012653252328384006,1
2026-06-19 00:00:00+00:00,161.294,161.299,161.011,161.106,3737,161.2748,161.3714,161.07954999999998,160.66528,161.22010975975655,161.02419411999625,0.19591563976030102,0.21533238653551132,-0.019416746775210297,56.054687500000114,161.07954999999998,161.73442691892717,160.4246730810728,0.008131099434126637,0.24178571428570755,0.0,-0.0019946973263622603,0.0015541851096632087,0.0013398234271830931,1
2026-06-19 01:00:00+00:00,161.103,161.208,160.984,161.192,2701,161.23960000000002,161.3539,161.1072,160.68064,161.21578518133248,161.0366241851817,0.1791609961507845,0.20809810845856597,-0.028937112307781454,58.204334365325344,161.1072,161.72965239936065,160.48474760063937,0.007727182886433873,0.2519285714285644,0.06251528606480238,-0.0010906747310494014,-0.001084484436098987,0.0008482679799398173,1
2026-06-19 02:00:00+00:00,161.192,161.243,161.101,161.227,1732,161.2182,161.3339,161.137,160.69816,161.21751053805056,161.05072609739045,0.1667844406601091,0.19983537489887462,-0.03305093423876551,61.2052730696795,161.137,161.71922766391478,160.55477233608522,0.00722649253634831,0.25421428571427945,0.14978754672853412,-0.0006632203999157316,-0.001238950113673587,0.0008399113673878368,1
2026-06-19 03:00:00+00:00,161.228,161.345,161.201,161.343,1411,161.2324,161.324,161.17444999999998,160.71812,161.23681660911973,161.07237601610228,0.16444059301744574,0.19275641852258887,-0.02831582550514314,63.58279316440707,161.17444999999998,161.703547533538,160.64535246646196,0.006565526155516846,0.2554285714285669,0.21892976317543086,0.0004402500124014441,-0.0006132233247855279,0.0008802630359129538,0
2026-06-19 04:00:00+00:00,161.345,161.408,161.335,161.374,1696,161.2484,161.2938,161.2047,160.73898,161.25792174617823,161.09471853342805,0.1632032127501759,0.1868457773681063,-0.023642564617930406,65.21739130434761,161.2047,161.70456612944307,160.70483387055694,0.006201632203565569,0.25528571428570906,0.26646658048608085,0.0004959886914577272,-0.0018679333976594492,0.0007147936254892178,0
2026-06-19 05:00:00+00:00,161.376,161.456,161.329,161.333,1891,161.29379999999998,161.28429999999997,161.2319,160.75925999999998,161.26947224676618,161.1123690124334,0.15710323433279427,0.18089726876104392,-0.02379403442824965,48.620129870130235,161.2319,161.69432422991986,160.76947577008013,0.005736138194983267,0.2268571428571359,0.0,0.0014090102168757834,-0.0005884976583987456,0.0005399712878912103,0
2026-06-19 06:00:00+00:00,161.334,161.399,161.264,161.271,2136,161.3096,161.27460000000002,161.24944999999997,160.77939999999998,161.26970728572525,161.12411945595684,0.14558782976840234,0.17383538096251563,-0.02824755119411329,43.679092382495895,161.24944999999997,161.68806239332105,160.8108376066789,0.0054401722712366435,0.21842857142856278,0.0,0.0004900987642064702,-0.0006011105051807464,0.0005407977874077042,0
2026-06-19 07:00:00+00:00,161.273,161.35,161.238,161.314,2116,161.327,161.27259999999998,161.2688,160.79924,161.27652154945983,161.13818468144152,0.1383368680183139,0.1667356783736753,-0.028398810355361404,44.928684627574825,161.2688,161.68085855485288,160.85674144514712,0.005110207986329366,0.21785714285713556,0.0267226524188466,0.0005396118516127757,-0.00012396642989087603,0.0005470476352422202,0
2026-06-19 08:00:00+00:00,161.315,161.323,161.239,161.281,1806,161.31459999999998,161.2735,161.28935,160.81987999999998,161.27721054185062,161.14876359392733,0.12844694792329392,0.15907793228359904,-0.03063098436030512,31.385485391141913,161.28935,161.65617838378967,160.92252161621036,0.004548699387648998,0.20349999999999316,0.0,-0.00038427449594946594,5.580633960033943e-05,0.0005363138829435748,1
2026-06-19 09:00:00+00:00,161.281,161.323,161.23,161.26,1482,161.2918,161.2701,161.30825,160.84130000000002,161.2745627661813,161.1570033277105,0.1175594384708063,0.1507742335210405,-0.0332147950502342,39.92805755395718,161.30825,161.62178930332996,160.99471069667,0.003887455270638358,0.14521428571428072,0.20395323789318645,-0.000706433502299042,-0.00021079519386968393,0.000535721120916024,0
2026-06-19 10:00:00+00:00,161.26,161.33,161.239,161.277,1357,161.2806,161.28719999999998,161.3293,160.86276,161.27493772523033,161.16589197010228,0.10904575512805081,0.14242853784244255,-0.03338278271439174,44.24778761061934,161.3293,161.56079045676813,161.09780954323185,0.0028697881509204145,0.14299999999999663,0.3070864529353427,-0.0003471081551822408,0.0010614129827566376,0.0003539058533025173,1
2026-06-19 11:00:00+00:00,161.277,161.309,161.232,161.254,1267,161.2772,161.2934,161.32365,160.88418,161.27171653673335,161.17241849083547,0.09929804589788205,0.13380243945353046,-0.03450439355564841,44.87179487179446,161.32365,161.556776371865,161.09052362813497,0.0028901698153372068,0.13957142857142507,0.37790685934699314,-0.00010541262843288823,0.00038463447317482746,0.0003266793823512727,1
2026-06-19 12:00:00+00:00,161.254,161.28,161.153,161.167,1961,161.24779999999998,161.2874,161.31064999999998,160.9029,161.25560630031282,161.17201712114394,0.08358917916888231,0.12375978739660083,-0.04017060822771852,43.478260869566135,161.31064999999998,161.54846042869434,161.07283957130562,0.0029484777191631137,0.13057142857142676,0.3388579216868536,-0.0009112662261179238,-0.00037214610456071107,0.00036597341576492554,1
2026-06-19 13:00:00+00:00,161.164,161.299,161.151,161.294,1845,161.25039999999998,161.2825,161.30325,160.92266,161.26151302334162,161.1810528899481,0.08046013339352953,0.11509985659598658,-0.03463972320245705,50.0,161.30325,161.5329224211751,161.07357757882488,0.002847709778632604,0.13321428571428434,0.5502059108510706,8.060465894921265e-05,-0.000303700811314922,0.00038200418645609966,0
2026-06-19 14:00:00+00:00,161.293,161.32,161.146,161.162,1915,161.2308,161.26129999999998,161.27755,160.94098,161.2462033274429,161.17964156476674,0.06656176267617298,0.10539223781202386,-0.03883047513585089,53.27868852459079,161.27755,161.43540332964514,161.11969667035484,0.001957536304899841,0.1250714285714269,0.6471170494961246,-0.0006077142502789457,-0.0013137184428717585,0.000445072596069117,1
2026-06-19 15:00:00+00:00,161.165,161.305,161.128,161.301,1422,161.23559999999998,161.25809999999998,161.2712,160.96312,161.25463358475938,161.18863107848773,0.06600250627164428,0.09751429150394794,-0.03151178523230366,56.008820286658356,161.2712,161.41296867739595,161.12943132260403,0.0017581400447935997,0.12171428571428626,0.7278140036985727,0.0001488122918953394,-0.0001983475172470106,0.0005406591760961085,1
2026-06-19 16:00:00+00:00,161.301,161.339,161.264,161.332,722,161.2512,161.2642,161.2694,160.98342,161.26653611018102,161.19925099859975,0.06728511158127048,0.09146845551941246,-0.024183343938141977,55.81395348837158,161.2694,161.40684189201286,161.13195810798712,0.00170450056877341,0.11692857142857147,0.7220541508902172,0.0004837089312512699,0.0003782453137886055,0.0005280517216793446,0
2026-06-19 17:00:00+00:00,161.333,161.335,161.261,161.271,459,161.272,161.2599,161.26624999999999,161.00444,161.26722286246087,161.2045657394442,0.06265712301666326,0.08570618901886264,-0.023049066002199373,45.754716981131985,161.26624999999999,161.4003039953902,161.13219600460977,0.0016625176736014885,0.11192857142857195,0.4247242714262461,0.0006452933913270176,-0.00026656086886445163,0.0005363223684153687,1
2026-06-19 18:00:00+00:00,161.271,161.282,161.227,161.266,433,161.2664,161.2584,161.26595,161.02582,161.2670347297746,161.20911642541128,0.057918304363312245,0.08014861208775256,-0.022230307724440318,43.430656934306334,161.26595,161.39997666661637,161.13192333338364,0.001662181838340509,0.11064285714285964,0.48917709945571825,-0.00017359604201039325,-9.300537571077516e-05,0.0005327167641024168,1
2026-06-19 19:00:00+00:00,161.266,161.296,161.23,161.287,313,161.2914,161.2611,161.2656,161.04752,161.27010630980928,161.21488557908452,0.05522073072475564,0.07516303581515318,-0.019942305090397544,47.132169576060406,161.2656,161.3993545276994,161.13184547230063,0.001658810405931343,0.10628571428571831,0.6395024984094169,0.0007756170809496421,0.0001674314771178409,0.0005325080281014049,1
2026-06-19 20:00:00+00:00,161.283,161.312,161.244,161.305,4775,161.29219999999998,161.2639,161.27555,161.06377999999998,161.27547456983862,161.22156072137457,0.0539138484640489,0.07091319834493233,-0.016999349880883433,52.24274406332584,161.27555,161.38707431878325,161.16402568121677,0.0013830282244672437,0.10150000000000554,0.8470525524102355,2.479835834878763e-05,0.00017361434054463665,0.0005326258351161517,1
2026-06-21 21:00:00+00:00,161.241,161.314,161.232,161.314,193,161.2886,161.26989999999998,161.28164999999998,161.07554,161.2814015590942,161.22840807534683,0.05299348374737178,0.06732925542542022,-0.014335771678048434,50.0,161.28164999999998,161.3871139374436,161.17618606255638,0.0013078231459512247,0.09935714285714832,0.7559704925335653,-0.00011157117000970551,0.00037208379327036134,0.0005296866567348947,1
2026-06-21 22:00:00+00:00,161.319,161.453,161.317,161.447,1192,161.32379999999998,161.2979,161.29265,161.09304,161.3068782423105,161.2446000697656,0.062278172544893096,0.0663190388493148,-0.0040408663044217,60.07281553398024,161.29265,161.41811045716327,161.16718954283675,0.0015556872202577975,0.10328571428572023,0.999999999995036,0.001091330741422869,0.0017373283612649448,0.0005401555406796745,1
2026-06-21 23:00:00+00:00,161.447,161.515,161.412,161.439,1005,161.35840000000002,161.31239999999997,161.29745,161.11194,161.3272046665704,161.25900006459779,0.06820460197261013,0.06669615147397387,0.0015084504986362657,61.03575832305798,161.29745,161.43751686371732,161.15738313628268,0.0017367523630078786,0.10400000000000327,0.9999999999943199,0.0010727617724752836,0.0008989795032672276,0.0004975812401070498,1
2026-06-22 00:00:00+00:00,161.436,161.565,161.416,161.493,2132,161.3996,161.34550000000002,161.30339999999998,161.12965999999997,161.35271164094416,161.27633339314607,0.07637824779808966,0.06863257073879703,0.007745677059292633,62.73584905660406,161.30339999999998,161.46553107107007,161.1412689289299,0.0020102622892027387,0.10814285714285989,0.9999999999948201,0.001277226310862023,0.002053834030354418,0.00038442654968420006,1
2026-06-22 01:00:00+00:00,161.491,161.545,161.434,161.531,1724,161.44480000000001,161.36849999999998,161.31329999999997,161.14818,161.38014061926046,161.29519758624636,0.084943033014099,0.07189466319385743,0.013048369820241573,66.04866743916607,161.31329999999997,161.50459816901756,161.12200183098238,0.002371759414971803,0.11057142857143074,0.9999999999955789,0.0014010725024022896,0.0014259056050489605,0.00030906220443756717,1
2026-06-22 02:00:00+00:00,161.534,161.597,161.514,161.534,1088,161.48880000000003,161.3887,161.32645,161.16496,161.40381129322037,161.31288665393183,0.090924639288545,0.07570065841279494,0.015223980875750054,73.55584082156474,161.32645,161.540329922032,161.112570077968,0.0026515171198770253,0.10742857142857279,0.9999999999966805,0.0013637997941902125,0.0012520764634418313,0.00031083483961006584,1
2026-06-22 03:00:00+00:00,161.531,161.603,161.528,161.584,967,161.5162,161.42000000000002,161.33995,161.18396,161.43153263272492,161.33296912401096,0.09856350871396558,0.08027322847302908,0.0182902802409365,70.6552706552693,161.33995,161.58266228363505,161.09723771636493,0.0030087065681507616,0.10221428571428857,0.9037161008795496,0.0008485756935712185,0.0019408325117349357,0.00025883765844916026,1
2026-06-22 04:00:00+00:00,161.584,161.69,161.583,161.663,1083,161.56099999999998,161.4597,161.35905,161.20562,161.46714299692107,161.3574158555657,0.10972714135536421,0.08616401104949611,0.023563130305868096,88.5978428351296,161.35905,161.639429047937,161.078670952063,0.003475219368693651,0.09742857142857377,0.999999999997786,0.0013875209831577529,0.0024617712351022725,0.0002608415120210737,1
2026-06-22 05:00:00+00:00,161.662,161.699,161.637,161.697,1122,161.6018,161.5007,161.3809,161.22794,161.50250561277937,161.3825702366349,0.11993537614446836,0.09291828406849058,0.027017092075977786,86.39705882352814,161.3809,161.69487613049725,161.06692386950274,0.0038911188436457148,0.0892142857142874,0.9512747148664741,0.0012632126469878102,0.002542052366278691,0.0002581089078695585,1
2026-06-22 06:00:00+00:00,161.697,161.713,161.61,161.677,1949,161.631,161.53789999999998,161.4009,161.24962,161.52935090312099,161.40437984873603,0.12497105438495737,0.09932883813178395,0.025642216253173422,82.36397748592593,161.4009,161.73717676570584,161.06462323429417,0.0041669750999632936,0.0912142857142868,0.8619824276195112,0.0009038512731300852,0.002306190136697417,0.0002821329469338882,1
2026-06-22 07:00:00+00:00,161.677,161.766,161.648,161.736,1730,161.6714,161.5801,161.425,161.27156000000002,161.56114307187158,161.42894430438523,0.13219876748635784,0.10590282400269874,0.0262959434836591,93.78531073446077,161.425,161.78518591689917,161.06481408310086,0.004462579115987675,0.09435714285714271,0.999999999998014,0.0012505107283915518,0.002616015968855745,0.00027777591602480306,1
2026-06-22 08:00:00+00:00,161.736,161.784,161.703,161.767,1936,161.708,161.6121,161.45499999999998,161.29428,161.5928133685067,161.45398546702336,0.1388279014833529,0.11248783949882957,0.026340061984523322,94.97307001795014,161.45499999999998,161.82453341846713,161.08546658153284,0.00457754071991753,0.09621428571428428,0.9999999999979097,0.0011325378750370874,0.001982074612721263,0.00019496572977217174,1
2026-06-22 09:00:00+00:00,161.766,161.771,161.707,161.739,1701,161.7232,161.6421,161.47725,161.31717999999998,161.61530361950568,161.47509765465122,0.14020596485445935,0.11803146456995552,0.022174500284503837,90.07092198581392,161.47725,161.85934112993434,161.09515887006566,0.004732445343654762,0.09607142857142646,0.8909981455509105,0.0004701137551572643,0.0018582870310148714,0.00021525570505902651,0
2026-06-22 10:00:00+00:00,161.742,161.748,161.653,161.722,1433,161.72820000000002,161.665,161.50525,161.33624,161.63171844727404,161.49338671726966,0.13833173000438137,0.1220915176568407,0.016240212347540667,87.03374777975039,161.50525,161.87183014129997,161.1386698587,0.004539544581986988,0.09799999999999695,0.8234649705898826,0.000154610165927771,0.0014180181184324514,0.00022610605780084842,0
2026-06-22 11:00:00+00:00,161.721,161.787,161.672,161.764,1636,161.74560000000002,161.6883,161.5284,161.35574,161.6520694553857,161.51343214562004,0.13863730976567012,0.1254006760786066,0.013236633687063515,87.7516778523484,161.5284,161.8991246956914,161.1576753043086,0.004590210708350896,0.10035714285714091,0.7930848278198681,0.0005381099352412821,0.001442447579721673,0.00022735623553112307,0
2026-06-22 12:00:00+00:00,161.761,161.781,161.723,161.769,1869,161.7522,161.7118,161.55024999999998,161.37272,161.67005876994173,161.53236309779632,0.13769567214541212,0.1278596752919677,0.009835996853444412,84.40170940170839,161.55024999999998,161.9237376169238,161.17676238307615,0.004623794973066583,0.09457142857142539,0.6885032995143903,0.0002040362071524804,0.0014548020850100318,0.00022663127358285763,0
2026-06-22 13:00:00+00:00,161.771,161.907,161.732,161.894,2839,161.77759999999998,161.74280000000002,161.5814,161.39206000000001,161.70451126687377,161.5591510164781,0.1453602503956688,0.13135979031270792,0.01400046008296088,88.88888888888943,161.5814,161.96069818848088,161.20210181151913,0.00469482488059732,0.09971428571428476,0.8112684360591426,0.0007850797752322336,0.0019185067828497715,0.00029951244299502845,0
2026-06-22 14:00:00+00:00,161.894,161.926,161.07,161.325,15706,161.69480000000001,161.709,161.58435,161.40116,161.64612491812397,161.54180649673896,0.10431842138501679,0.12595151652716968,-0.02163309514215289,42.363636363636225,161.58435,161.9541176510795,161.2145823489205,0.004576775548863654,0.1502142857142843,0.0,-0.002559679483612576,-0.0020907690689893066,0.0011950542251171095,1
2026-06-22 15:00:00+00:00,161.328,161.544,161.162,161.505,5423,161.6514,161.6898,161.59525000000002,161.41361999999998,161.62441339225873,161.53908008957313,0.0853333026855978,0.1178278737588553,-0.0324945710732575,48.95330112721376,161.59525000000002,161.94012579762122,161.25037420237882,0.004268390285249094,0.16957142857142823,0.12525633343374087,-0.0013418087829732972,-0.0011874060743242154,0.0012627088625350221,1
2026-06-22 16:00:00+00:00,161.503,161.648,161.472,161.55,2617,161.60859999999997,161.6771,161.60750000000002,161.4275,161.61296517806508,161.539888971827,0.07307620623808475,0.1088775402547012,-0.03580133401661645,50.62305295950229,161.60750000000002,161.9253092774566,161.28969072254344,0.003933100598135303,0.1762142857142846,0.15699497261501316,-0.001322914863628455,-0.0007855168020187708,0.001268904518245636,0
2026-06-22 17:00:00+00:00,161.55,161.563,161.484,161.498,1578,161.5544,161.6533,161.61669999999998,161.43012,161.59527822759352,161.53678608502497,0.05849214256855362,0.09880046071747169,-0.04030831814891807,46.65629860031069,161.61669999999998,161.9083083169624,161.32509168303756,0.0036086409011250003,0.1764999999999962,0.08159491441919968,-0.001675228257577266,-0.0014715338576445358,0.0012608372215064995,1
2026-06-22 18:00:00+00:00,161.497,161.521,161.395,161.417,1716,161.459,161.6183,161.61520000000002,161.42992,161.56785080796377,161.52791304168977,0.0399377662739937,0.0870279218287761,-0.047090155554782395,40.45031055900614,161.61520000000002,161.91076554174842,161.3196344582516,0.0036576453421262654,0.1778571428571374,0.0,-0.0029463723176893497,-0.0021636056797739167,0.0012592323601346798,1
2026-06-22 19:00:00+00:00,161.42,161.686,161.42,161.601,2077,161.51420000000002,161.6045,161.6233,161.4331,161.57295068366165,161.53332689045348,0.03962379320816467,0.07754709610465382,-0.03792330289648915,46.66203059805283,161.6233,161.90718218459807,161.33941781540193,0.003512886874578979,0.19264285714285126,0.11392893721222534,0.0017108321710832541,-0.0008532264945375623,0.0013306164023616858,0
2026-06-22 20:00:00+00:00,161.601,161.61,161.553,161.579,857,161.529,161.5902,161.6276,161.43116,161.5738813477137,161.5367100837532,0.03717126396048798,0.06947192967582065,-0.032300665715332674,46.59722222222281,161.6276,161.9057187932399,161.3494812067601,0.0034414764958449182,0.18935714285713953,0.11274028908668979,0.00045819014891179677,-0.0008842334376275574,0.0013307058289182703,1
2026-06-22 21:00:00+00:00,161.57,161.57,161.484,161.543,442,161.5276,161.56810000000002,161.62820000000002,161.43346,161.56913037114236,161.5371760034752,0.031954367667168526,0.06196841727409023,-0.0300140496069217,43.18983768525125,161.62820000000002,161.90549186598727,161.35090813401277,0.0034312312577539266,0.18771428571428267,0.05024556998629105,-4.3330238316374725e-05,-0.0013661877797285227,0.0013254484004577506,1
2026-06-22 22:00:00+00:00,161.548,161.629,161.537,161.577,830,161.5434,161.5489,161.63035,161.43764000000002,161.57034108327431,161.5401259291437,0.03021515413061593,0.05561776464539537,-0.02540261051477944,43.30985915492973,161.63035,161.90522281268474,161.35547718731524,0.0034012524588946094,0.18849999999999664,0.05762824184735747,0.0004891701445219887,-0.001186877584704149,0.0013291704998498086,0
2026-06-22 23:00:00+00:00,161.579,161.585,161.551,161.573,724,161.5746,161.5168,161.6298,161.44242,161.57075014738595,161.54256104550342,0.028189101882531986,0.050132032092822694,-0.021942930210290708,44.054441260745165,161.6298,161.90510698653944,161.35449301346054,0.003406636480889638,0.18635714285714147,0.07440620319585393,0.0009664409572722743,-0.0019827788553004044,0.001293232859503241,1
2026-06-23 00:00:00+00:00,161.57,161.631,161.517,161.576,2321,161.56959999999998,161.5419,161.62545,161.4485,161.57155781701888,161.54503800509576,0.026519811923122916,0.04540958805888275,-0.01888977613575983,44.717800289435075,161.62545,161.90129700182598,161.34960299817402,0.0034134104724965033,0.1877142857142847,0.08810105245775506,-0.00015470201298262154,0.0015558654889198387,0.0005625690315363105,1
2026-06-23 01:00:00+00:00,161.573,161.604,161.552,161.585,1120,161.57080000000002,161.5499,161.61984999999999,161.45432,161.57362584516983,161.54799815286646,0.025627692303373806,0.04145320890778096,-0.015825516604407154,43.36545589325428,161.61984999999999,161.89412398901092,161.34557601098905,0.003394063155125268,0.18321428571428555,0.06018230581395231,3.713353839307487e-05,0.0004953407015262368,0.00045019719620318944,1
2026-06-23 02:00:00+00:00,161.585,161.594,161.52,161.578,891,161.5778,161.55270000000002,161.6149,161.46376,161.5742987920668,161.55022051191338,0.024078280153418063,0.03797822315690838,-0.013899943003490317,42.93116210214661,161.6149,161.8884035071373,161.3413964928627,0.003384632322110053,0.18435714285714205,0.051216440049910175,0.00021666057953617646,0.00017332095326527686,0.0004434613269486509,0
2026-06-23 03:00:00+00:00,161.579,161.606,161.534,161.553,929,161.573,161.5582,161.60575,161.47098,161.57102205482576,161.5504263999198,0.020595654905974925,0.03450170950672169,-0.013906054600746766,36.37090327737813,161.60575,161.87439641209627,161.33710358790373,0.003324713533971086,0.17699999999999858,0.0,-0.00014853599212760749,0.0003405614930216405,0.00043225963276800645,0
2026-06-23 04:00:00+00:00,161.55,161.613,161.548,161.609,865,161.5802,161.5774,161.59785,161.47862,161.5768648156218,161.55476518511094,0.02209963051086561,0.032021293707550476,-0.009921663196684867,69.24119241192476,161.59785,161.85560245161037,161.34009754838962,0.0031900480310891786,0.12049999999999882,0.9999999999969577,0.0002228095040632816,0.0011894657935658248,0.00039726657920730323,0
2026-06-23 05:00:00+00:00,161.609,161.684,161.586,161.647,1187,161.5944,161.582,161.59324999999998,161.4847,161.58765484398768,161.56159739362124,0.02605745036643725,0.03082852503932783,-0.00477107467289058,61.91275167785194,161.59324999999998,161.84357263391072,161.34292736608924,0.0030981818103261293,0.10021428571428308,0.7770497027223181,0.00043942169629151984,0.00028465170388791705,0.00018549738110247216,0
2026-06-23 06:00:00+00:00,161.645,161.737,161.639,161.641,2127,161.6056,161.5882,161.5892,161.49004000000002,161.59586179106648,161.5674790681678,0.0283827228986695,0.030339364611196167,-0.001956641712526668,58.168761220824216,161.5892,161.83329540842965,161.34510459157036,0.003021184688452491,0.0946428571428543,0.6631477397158108,0.00034656682241540615,0.0003837132300608115,0.00017823445267073926,0
2026-06-23 07:00:00+00:00,161.641,161.658,161.32,161.464,6082,161.5828,161.5803,161.5742,161.49266,161.57557536167164,161.55981395200723,0.015761409664406756,0.027423773621838288,-0.011662363957431532,47.507331378299575,161.5742,161.80978983088508,161.3386101691149,0.00291618130722714,0.11314285714285534,0.3387992133352789,-0.0007055415960093292,-0.0004890338795243698,0.00039807978501040696,1
2026-06-23 08:00:00+00:00,161.463,161.481,161.267,161.432,3253,161.5586,161.5658,161.55734999999999,161.49588,161.55348684449137,161.55034625185854,0.00314059263283184,0.022567137424036997,-0.019426544791205157,51.1848341232217,161.55734999999999,161.7822394699172,161.33246053008278,0.002784020286507563,0.11942857142857122,0.4506784465801695,-0.000748980210828698,-0.0008974049524376193,0.0003893824007326623,1
2026-06-23 09:00:00+00:00,161.432,161.464,161.34,161.382,2109,161.5132,161.54670000000002,161.53175,161.49724,161.52710425303118,161.53787615912827,-0.010771906097090778,0.015899328719811444,-0.02667123481690222,28.05611222444803,161.53175,161.70619030797982,161.35730969202015,0.002159826882081523,0.10907142857142763,0.0,-0.0014046247424339686,-0.001182128202112942,0.00039449499570182243,1
2026-06-23 10:00:00+00:00,161.381,161.479,161.349,161.45,1749,161.4738,161.5341,161.538,161.50062,161.51524206025715,161.53136681400764,-0.016124753750489162,0.00949451222575132,-0.025619265976240483,38.16513761467625,161.538,161.68857503810634,161.3874249618937,0.0018642677030336527,0.11428571428571388,0.2454535803787886,-0.0012187049558606278,-0.0007798187849681337,0.0004290606361329158,1
2026-06-23 11:00:00+00:00,161.448,161.613,161.426,161.586,1922,161.4628,161.5342,161.54205,161.50714,161.52612789714067,161.53541371667376,-0.009285819533090489,0.005738445873982958,-0.015024265407073446,53.33333333333392,161.54205,161.69324381077445,161.39085618922553,0.0018718817889764106,0.12085714285714337,0.613747041252833,-0.0003402602062594351,6.188693257414002e-06,0.000518977084953264,1
2026-06-23 12:00:00+00:00,161.586,161.604,161.444,161.552,2222,161.4804,161.5316,161.54215,161.51264,161.53010822065747,161.53664233025347,-0.0065341095960036455,0.003283934779985637,-0.009818044375989283,48.062015503875564,161.54215,161.6933685939405,161.39093140605948,0.001872187462411672,0.12571428571428914,0.4857560842011475,0.0005450131298616601,-0.0001609129955811861,0.0005232258603009273,1
2026-06-23 13:00:00+00:00,161.553,161.578,161.464,161.521,2363,161.4982,161.52839999999998,161.5433,161.51798,161.52870695594095,161.53548363912358,-0.006776683182636134,0.001271811187461282,-0.008048494370097416,46.130952380950966,161.5433,161.69345094158413,161.39314905841584,0.0018589559775508363,0.1314285714285737,0.43886864063834263,0.0005513157242678091,-0.00019807741112831678,0.00052445149573981,1
2026-06-23 14:00:00+00:00,161.521,161.583,161.483,161.541,2312,161.52999999999997,161.52159999999998,161.5495,161.52546,161.5305981934885,161.53589225844777,-0.00529406495928697,-4.136404188836882e-05,-0.0052527009173986014,47.460087082729025,161.5495,161.68743591187544,161.41156408812455,0.0017076612663665944,0.13042857142857298,0.4711408784420458,0.00098523998958977,-0.00042076864531070957,0.0005117381397641025,1
2026-06-23 15:00:00+00:00,161.542,161.582,161.502,161.545,1984,161.549,161.5114,161.54670000000002,161.53048,161.53281385602872,161.53656690597018,-0.003753049941451536,-0.0007837012218010025,-0.0029693487196505337,47.07602339181148,161.54670000000002,161.68249101588634,161.4109089841137,0.0016811363634952152,0.13242857142857037,0.46181556720874645,0.0005884174667079023,-0.0006310045964355027,0.0005033360431550434,1
2026-06-23 16:00:00+00:00,161.545,161.598,161.536,161.594,1110,161.55059999999997,161.5067,161.54745,161.53912,161.54222710894737,161.54082120923164,0.001405899715734904,-0.0003457810342938212,0.0017516807500287251,51.10192837465499,161.54745,161.68415479141362,161.41074520858638,0.0016924413404683367,0.1315714285714295,0.559567106467808,4.9509239661738036e-05,-0.00029076781262182827,0.0005166192328374476,0
2026-06-23 17:00:00+00:00,161.594,161.618,161.543,161.557,1005,161.55159999999998,161.516,161.54815,161.54424,161.544499861417,161.54201963817744,0.0024802232395586543,0.0002194198204766741,0.00226080341908198,50.27100271002646,161.54815,161.68490221539884,161.41139778460115,0.0016930211258852942,0.1317857142857142,0.5393917016648043,3.094978706541518e-05,0.0005759797849673731,0.00036977120523860754,1
2026-06-23 18:00:00+00:00,161.557,161.594,161.542,161.564,899,161.56019999999998,161.5292,161.5475,161.54888,161.54749988273747,161.54364781312725,0.003852069610218223,0.000945949778424984,0.002906119831793239,46.73439767779285,161.5475,161.68379766185458,161.41120233814544,0.001687400446983954,0.1308571428571424,0.551687519932276,0.0002662192532241203,0.0008176817483522836,0.0003589334699359696,1
2026-06-23 19:00:00+00:00,161.564,161.573,161.509,161.573,1045,161.56660000000002,161.54829999999998,161.54749999999999,161.55491999999998,161.55142297770092,161.5458220491919,0.005600928509011283,0.0018769455245422444,0.0037239829844690382,44.39393939394107,161.54749999999999,161.68379766185456,161.41120233814542,0.0016874004469839541,0.12842857142857358,0.5425569557631714,0.00019809212521915143,0.0011835272830922339,0.0003322540264980171,1
2026-06-23 20:00:00+00:00,161.561,161.602,161.556,161.557,514,161.569,161.559,161.54654999999997,161.56074,161.55228098113156,161.54665004554806,0.005630935583496921,0.00262774353633318,0.0030031920471637412,43.73134328358253,161.54654999999997,161.68227491527725,161.4108250847227,0.001680319576955119,0.12471428571428841,0.6201326875113681,7.428270760478917e-05,0.0006627438835553612,0.0003200486966274879,1
2026-06-23 21:00:00+00:00,161.558,161.558,161.446,161.51,404,161.5522,161.5514,161.5428,161.56519999999998,161.54577621480362,161.54393522735933,0.0018409874442966156,0.002470392317925867,-0.0006294048736292515,54.25925925925794,161.5428,161.67819587180085,161.40740412819915,0.0016762848211229813,0.10857142857143133,0.9999999999961837,-0.0005198212804931046,-0.0004703377767877326,0.00018820069172101745,1
2026-06-23 22:00:00+00:00,161.527,161.598,161.527,161.56,581,161.5528,161.5522,161.5419,161.5703,161.5479644894492,161.5451252105179,0.002839278931304534,0.0025441696406016006,0.0002951092907029335,61.46953405017889,161.5419,161.6765479229448,161.4072520770552,0.001667034038163395,0.09957142857143302,0.9999999999970072,1.856929752364067e-05,4.951965930488633e-05,0.0002087553267917223,0
2026-06-23 23:00:00+00:00,161.56,161.609,161.533,161.597,744,161.5594,161.5598,161.5441,161.57596,161.55550841414936,161.5489677875166,0.006540626632755675,0.0033434610390324165,0.0031971655937232586,69.72477064219848,161.5441,161.68093166760147,161.4072683323985,0.0016940472304650465,0.0961428571428635,0.9999999999968314,0.00020425342279239977,0.00047052705221006796,0.00020707900639766288,0
2026-06-24 00:00:00+00:00,161.596,161.633,161.546,161.62,1607,161.56879999999998,161.5677,161.54465,161.57942,161.5654301965879,161.55422943288576,0.011200763702134964,0.004914921571652926,0.006285842130482037,66.99999999999773,161.54465,161.68266338606196,161.40663661393802,0.001708671702367993,0.09307142857143447,0.895174629928627,0.0002908901858602597,0.0004890399341344054,0.000207922212801917,0
2026-06-24 01:00:00+00:00,161.62,161.623,161.547,161.566,1104,161.5706,161.5698,161.54059999999998,161.58196,161.56551785865128,161.55510132674607,0.010416531905207194,0.00601524363836378,0.004401288266843413,47.607655502391644,161.54059999999998,161.6704815654667,161.41071843453327,0.0016080361898707575,0.08514285714286172,0.1491266297943327,5.5707892570477924e-05,0.0001299947383082145,0.0002409089151108652,1
2026-06-24 02:00:00+00:00,161.566,161.583,161.529,161.546,801,161.5778,161.565,161.53585,161.58302,161.56251511116645,161.5544271543945,0.00808795677195917,0.006429786265082859,0.0016581705068763114,49.257425742574384,161.53585,161.65692114044268,161.41477885955734,0.001499000258365757,0.07757142857143151,0.21259537585138352,0.0002228964150827739,-0.00029704073171032963,0.0002207405881021378,1
2026-06-24 03:00:00+00:00,161.546,161.602,161.542,161.549,977,161.57559999999998,161.56419999999997,161.5401,161.58338,161.56043586329469,161.55402514295787,0.0064107203368166665,0.006425973079429622,-1.5252742612955825e-05,53.723404255320915,161.5401,161.65642603906207,161.42377396093792,0.0014402125424222655,0.07371428571428851,0.3844072131714447,-6.808615994058353e-05,-4.9518126729153344e-05,0.0002095034254042261,1
2026-06-24 04:00:00+00:00,161.549,161.563,161.526,161.555,719,161.5672,161.5633,161.54625,161.5838,161.55959957663396,161.5540973545906,0.005502222043361371,0.006241222872215973,-0.0007390008288546022,51.933701657459515,161.54625,161.65093574525025,161.44156425474972,0.0012960467389402724,0.06921428571428732,0.3155550924732756,-0.00025990581508317234,-5.570547894329092e-05,0.00020935412938810922,1
2026-06-24 05:00:00+00:00,161.555,161.613,161.541,161.607,1190,161.56459999999998,161.5667,161.5575,161.58426,161.56689194945952,161.55801606906536,0.00887588039415732,0.006768154376604243,0.002107726017553078,57.560975609756035,161.5575,161.63182078405669,161.48317921594332,0.0009200536534259453,0.06864285714286009,0.5320434329540711,-8.043558965475928e-05,0.0002104311982817908,0.0002335311618325051,1
2026-06-24 06:00:00+00:00,161.608,161.713,161.577,161.706,1929,161.5926,161.58159999999998,161.5703,161.58512000000002,161.5882931880042,161.56897784172716,0.01931534627703968,0.00927759275669133,0.01003775352034835,62.17391304347598,161.5703,161.65422502917326,161.48637497082674,0.001038867034018731,0.07392857142857322,0.7095089656851044,0.0008665189458176847,0.0009222751103326043,0.00029357525518831614,0
2026-06-24 07:00:00+00:00,161.707,161.739,161.661,161.713,1541,161.626,161.6019,161.57665,161.58544,161.60747885138818,161.5796461497474,0.027832701640789992,0.012988614533511066,0.014844087107278926,68.13953488371892,161.57665,161.68204804250476,161.47125195749524,0.001304619726981093,0.07414285714285995,0.9390139770064603,0.0010337612816164743,0.0012568881183827596,0.00026248848662444214,1
2026-06-24 08:00:00+00:00,161.713,161.753,161.677,161.751,1579,161.66639999999998,161.621,161.5866,161.58692,161.62955902809767,161.5923390275439,0.03722000055378771,0.0178348917375664,0.019385108816221314,70.28199566160342,161.5866,161.7168441431985,161.4563558568015,0.001612066139129061,0.07585714285714573,0.9999999999962337,0.0012503946171129598,0.0011822233226046475,0.00025769697266850094,0
2026-06-24 09:00:00+00:00,161.751,161.776,161.706,161.737,1362,161.7028,161.635,161.59740000000002,161.58694,161.64608840839034,161.60305465513323,0.0430337532571059,0.022874664041474303,0.020159089215631597,67.59656652360133,161.59740000000002,161.73997836255575,161.4548216374443,0.0017646120860326268,0.07628571428571718,0.8988563783722684,0.0011265513292686435,0.0008663527169439078,0.00026190492307881063,1
2026-06-24 10:00:00+00:00,161.738,161.75,161.68,161.689,1249,161.7192,161.64190000000002,161.6048,161.58538000000001,161.6526901917149,161.6094209769752,0.04326921473969492,0.026953574181118434,0.016315640558576483,63.25301204819201,161.6048,161.7503842674974,161.45921573250263,0.0018017319720377578,0.07800000000000296,0.6900027271300867,0.0005074037634507089,0.0004269273604751156,0.00028712513750482057,1
2026-06-24 11:00:00+00:00,161.687,161.715,161.621,161.652,1636,161.70839999999998,161.65050000000002,161.61015,161.58364,161.65258400837413,161.61257497868073,0.04000902969340814,0.029564665283576375,0.010444364409831763,64.54918032786675,161.61015,161.75433887465516,161.46596112534485,0.0017844036980988749,0.07671428571428862,0.7471672695409245,-0.0003339393714518746,0.0005322902095736826,0.00027337284563797015,1
2026-06-24 12:00:00+00:00,161.652,161.752,161.634,161.751,1893,161.716,161.671,161.618,161.58422,161.66772493016273,161.62282868396363,0.0448962461991016,0.03263098146668142,0.012265264732420178,67.783985102419,161.618,161.77501156509734,161.46098843490265,0.0019429960165000082,0.07885714285714585,0.8898309480349508,0.00023498420040457546,0.0012689883995891105,0.0003161801994697488,1
2026-06-24 13:00:00+00:00,161.753,161.762,161.697,161.749,2141,161.7156,161.691,161.6276,161.58392,161.68022878706074,161.6321747073737,0.048054079687034346,0.035715601110752004,0.012338478576282341,65.13944223107238,161.6276,161.79220274345602,161.46299725654399,0.002036814794701095,0.07807142857142983,0.7731994230262476,-1.2364683989685155e-05,0.0012380144723891373,0.00031750611264419346,1
2026-06-24 14:00:00+00:00,161.748,161.815,161.702,161.79,1890,161.7262,161.7145,161.63889999999998,161.58434,161.69711666597448,161.64386546979046,0.05325119618402141,0.03922272012540589,0.01402847605861552,66.34615384615054,161.63889999999998,161.81569711832483,161.46210288167512,0.0021875565637338073,0.07992857142857142,0.8264186835030556,0.0003276924884225707,0.0014546129800996344,0.0003183162842302071,1
2026-06-24 15:00:00+00:00,161.792,161.811,161.731,161.755,1935,161.7394,161.7293,161.648,161.58156,161.7060217942861,161.6520976572134,0.053924137072698386,0.04216300351486439,0.011761133557833994,68.86227544909877,161.648,161.8291960264336,161.46680397356639,0.0022418591808573045,0.08021428571428706,0.9324732815907487,0.0004081910334037264,0.0009158019145210083,0.00033043406233334904,0
2026-06-24 16:00:00+00:00,161.753,161.766,161.685,161.754,1332,161.75979999999998,161.7341,161.65785,161.59014,161.7134030567036,161.6596459789013,0.053757077802316644,0.04448181837235485,0.009275259429961796,71.5767634854745,161.65785,161.83963445882142,161.47606554117857,0.0022490025547342823,0.08214285714285754,0.9999999999949092,0.0006309850790586768,0.00029683499684618475,0.00027537934959256217,0
2026-06-24 17:00:00+00:00,161.753,161.819,161.733,161.812,1255,161.772,161.74399999999997,161.67295,161.59628,161.72857181721076,161.67093146194566,0.057640355265107246,0.047113525750905334,0.010526829514201912,74.48789571694361,161.67295,161.85318899337307,161.4927110066269,0.002229674084292775,0.08399999999999912,0.9999999999955663,0.0003771228616824551,0.0006121956800011485,0.00029449119321600805,0
2026-06-24 18:00:00+00:00,161.814,161.828,161.757,161.757,1433,161.7736,161.7446,161.6828,161.60041999999999,161.73294538379375,161.67730690920894,0.05563847458481064,0.0488185155176864,0.006819959067124237,67.23549488054388,161.6828,161.8585241857826,161.50707581421736,0.00217369053211136,0.08642857142857199,0.5715463421265077,4.945934750755221e-05,3.70940519687224e-05,0.00031237531776446615,1
2026-06-24 19:00:00+00:00,161.759,161.839,161.745,161.821,1183,161.7798,161.753,161.69400000000002,161.60688,161.74649224782547,161.68795084186013,0.058541405965343074,0.050763093607217744,0.0077783123581253305,67.89297658862655,161.69400000000002,161.87516813939575,161.51283186060428,0.002240876462895805,0.08799999999999995,0.4644365431361806,0.00019160640336246537,0.0005193616797640743,0.00033339742160482005,0
2026-06-24 20:00:00+00:00,161.818,161.827,161.728,161.73,915,161.7748,161.75709999999998,161.6995,161.61314000000002,161.74395497892922,161.69106559431492,0.05288938461430348,0.051188351808634895,0.0017010328056685856,52.03389830508451,161.6995,161.87786627010468,161.52113372989533,0.002206144980097961,0.08535714285714237,0.0,-0.00015455472782921476,0.0002535732177204597,0.00037254342180438333,0
2026-06-24 21:00:00+00:00,161.728,161.728,161.616,161.692,388,161.7624,161.7611,161.7058,161.61496,161.73596190524782,161.69113480955085,0.04482709569697363,0.04991610058630265,-0.005089004889329021,48.30917874396261,161.7058,161.87285448211662,161.5387455178834,0.0020661532501198075,0.08792857142856901,0.0,-0.0003832980946374409,0.00024744512904284477,0.0003730126332715673,1
2026-06-24 22:00:00+00:00,161.769,161.78,161.736,161.767,681,161.7534,161.7627,161.71684999999997,161.61872,161.74073699674815,161.6967544532878,0.043982543460344914,0.04872938916111111,-0.004746845700766195,51.21580547112386,161.71684999999997,161.86786519615225,161.56583480384768,0.0018676494892435336,0.0887857142857119,0.1110301444547518,-0.00027810051170507055,9.891747191659306e-05,0.0003492046045944117,0
2026-06-24 23:00:00+00:00,161.767,161.789,161.748,161.766,598,161.7552,161.7644,161.72769999999997,161.62318,161.74462361263306,161.70188375304426,0.04273985958880644,0.04753148324665018,-0.00479162365784374,52.24806201550346,161.72769999999997,161.857650759887,161.59774924011293,0.001607031570807447,0.08671428571428155,0.15046128026790284,5.563901407668048e-05,0.00010510111345363171,0.00034916618373075515,0
2026-06-25 00:00:00+00:00,161.764,161.779,161.694,161.711,1543,161.73319999999998,161.75650000000002,161.7355,161.62586,161.73945074915105,161.70255903059652,0.03689171855452855,0.04540353030822586,-0.008511811753697307,51.687116564418666,161.7355,161.83753301836813,161.63346698163187,0.0012617269352508556,0.08778571428571118,0.12903374233082215,-0.0006797634423220122,-0.0004882872859879317,0.0003536975783294055,1
2026-06-25 01:00:00+00:00,161.709,161.742,161.554,161.713,1982,161.72979999999998,161.75230000000002,161.74079999999998,161.62866,161.7353814031278,161.70333243573754,0.03204896739026708,0.04273261772463411,-0.01068365033436703,54.94327390599741,161.74079999999998,161.82400323877445,161.6575967612255,0.0010288466333104973,0.09449999999999648,0.25341559591543356,-0.00010511346070607441,-0.00025965194275290315,0.00034902325464882547,1
2026-06-25 02:00:00+00:00,161.713,161.725,161.66,161.709,1050,161.73319999999998,161.7478,161.74095,161.63132,161.73132272572352,161.7037522553125,0.02757047041100691,0.03970018826190867,-0.012129717850901764,45.97701149425244,161.74095,161.82389950902703,161.65800049097297,0.0010257081960632895,0.09071428571428035,0.0,0.00010513816391655162,-0.00027820022997882,0.000348956020210265,1
2026-06-25 03:00:00+00:00,161.71,161.749,161.693,161.721,861,161.724,161.73870000000002,161.74135,161.63404,161.72973461407372,161.70502986603012,0.024704748043603786,0.0367011002182477,-0.011996352174643912,47.368421052632144,161.74135,161.82380770842926,161.65889229157077,0.001019624337613674,0.09007142857142217,0.04880275011840687,-0.0002843596036273821,-0.0005623810347811231,0.00032472017437175046,1
2026-06-25 04:00:00+00:00,161.72,161.773,161.704,161.761,756,161.723,161.7391,161.74185,161.6377,161.73454467344698,161.70917580187972,0.025368871567252427,0.034434654488048645,-0.009065782920796218,47.26930320150667,161.74185,161.8246745450235,161.6590254549765,0.0010241572607645924,0.08692857142856424,0.04532625846171399,-3.0908843638322026e-05,2.4728450700672866e-05,0.0003207906173687044,1
2026-06-25 05:00:00+00:00,161.763,161.829,161.726,161.825,1001,161.7458,161.7395,161.74624999999997,161.64314000000002,161.74846087753204,161.71775537211087,0.030705505421167345,0.03368882467467239,-0.0029833192535050415,56.25,161.74624999999997,161.83696383574286,161.6555361642571,0.0011216808518638196,0.0885714285714211,0.36031813062940676,0.0007049613198852889,2.4718670629919615e-05,0.000320789285142904,1
2026-06-25 06:00:00+00:00,161.822,161.887,161.781,161.88,1571,161.7792,161.7545,161.7558,161.64856,161.76869766560404,161.72977349269524,0.0389241729087928,0.03473589432149647,0.004188278587296326,60.260586319219506,161.7558,161.8603040417018,161.6512959582982,0.001292121107271597,0.0903571428571358,0.500986735919926,0.0010326937228299915,0.0009274717121128262,0.0002665591452779815,0
2026-06-25 07:00:00+00:00,161.881,161.897,161.751,161.811,2160,161.7996,161.7664,161.76375000000002,161.65184,161.77520571704954,161.7357902710141,0.03941544603543434,0.035671804664284046,0.003743641371150297,49.919999999999604,161.76375000000002,161.8587666190195,161.66873338098054,0.0011747578678100005,0.09464285714285024,0.17991398000270364,0.0006307626662709342,0.0007359671474160834,0.0002977284913383045,1
2026-06-25 08:00:00+00:00,161.809,161.833,161.772,161.795,1706,161.8144,161.7692,161.76595,161.65492,161.77825099134964,161.74017617686494,0.03807481448470185,0.036152406628367606,0.0019224078563342406,53.24232081911154,161.76595,161.86175786691902,161.670142133081,0.0011845245172920162,0.09392857142856517,0.3315076152722554,0.0004575781747575558,0.00017308845438179787,0.00026741283971601484,0
2026-06-25 09:00:00+00:00,161.794,161.836,161.784,161.811,1255,161.82440000000003,161.7737,161.76905,161.66186,161.78328930037276,161.74542238598605,0.037866914386711414,0.03649530818003637,0.0013716062066750426,49.07063197026099,161.76905,161.8665459648039,161.6715540351961,0.001205372286032434,0.0909285714285671,0.21658586970674737,0.000309097990244922,0.0002781795927451203,0.00026844819786628365,0
2026-06-25 10:00:00+00:00,161.811,161.892,161.802,161.872,889,161.8338,161.78979999999999,161.77315,161.67066,161.7969371003154,161.75479850554262,0.042138594772779925,0.037623965498585085,0.00451462927419484,63.97637795275959,161.77315,161.88073061846274,161.66556938153724,0.0013300182194974648,0.09028571428571094,0.9999999999944443,0.0002904372006800049,0.0009956032675575432,0.0002546807413198702,0
2026-06-25 11:00:00+00:00,161.871,161.947,161.749,161.862,2435,161.8302,161.8047,161.77849999999998,161.68026,161.80694677718995,161.76273935698393,0.0442074202060212,0.03894065644007231,0.005266763765948888,67.7083333333324,161.77849999999998,161.89271770530726,161.6642822946927,0.0014120257674200567,0.0962857142857132,0.9999999999953985,-0.00011119347664934054,0.0009213854173752978,0.00025855060617180396,0
2026-06-25 12:00:00+00:00,161.864,161.898,161.768,161.835,2697,161.83499999999998,161.81730000000002,161.78255,161.68796,161.81126265762228,161.7680919972073,0.04317066041497242,0.039786657235052335,0.0033840031799200823,57.87037037037199,161.78255,161.89883544731944,161.66626455268053,0.0014375524099410682,0.09928571428571331,0.5472910927432266,0.0001483211895358938,0.0007791774112757555,0.00026936328052063456,0
2026-06-25 13:00:00+00:00,161.832,161.852,161.698,161.741,2364,161.8242,161.81930000000003,161.779,161.69106,161.8004530179881,161.76608518259937,0.03436783538873556,0.038702892865788985,-0.004335057477053428,47.61904761904968,161.779,161.8958336649185,161.66216633508148,0.0014443613190651004,0.10735714285714185,0.07556080283329908,-0.0003337556784818174,0.00012366977696154358,0.00034059648840145635,1
2026-06-25 14:00:00+00:00,161.741,161.758,161.556,161.677,3136,161.79739999999998,161.8109,161.775,161.69356,161.78146024598993,161.7594862801846,0.021973965805329954,0.03535710745369718,-0.01338314164836723,46.81647940074729,161.775,161.90018449540528,161.64981550459473,0.001547637093559308,0.11571428571428401,0.038629399201173066,-0.0008281266415757216,-0.0005192846236113935,0.0003518321322941954,1
2026-06-25 15:00:00+00:00,161.676,161.72,161.611,161.671,2491,161.7572,161.7955,161.76749999999998,161.69656,161.76446636199148,161.75293174091166,0.011534621079817953,0.030592610178921335,-0.019057989099103383,46.09665427509308,161.76749999999998,161.89889975164357,161.6361002483564,0.0016245506871724513,0.11007142857142835,0.005505545485269816,-0.0012417218543048225,-0.000951645295844239,0.0003153974048805653,1
2026-06-25 16:00:00+00:00,161.671,161.763,161.657,161.763,1521,161.7374,161.78379999999999,161.76915000000002,161.701,161.76424076783894,161.75367753788115,0.010563229957796239,0.02658673413469632,-0.016023504176900082,54.313099041533285,161.76915000000002,161.8993907083074,161.63890929169264,0.0016102045205452719,0.11299999999999955,0.3801853962508163,-0.0006116321310745132,-0.0007227575982208245,0.0003562080476882017,1
2026-06-25 17:00:00+00:00,161.765,161.805,161.726,161.777,1306,161.7258,161.78040000000001,161.77339999999998,161.70564000000002,161.76620372663294,161.75540512766773,0.010798598965209294,0.023429107100798915,-0.012630508135589621,54.45859872611301,161.77339999999998,161.8984859073024,161.64831409269758,0.0015464335583279575,0.11464285714285845,0.38691785253924066,-0.00035838971792268026,-0.0002101216851760901,0.0003359167512833832,1
2026-06-25 18:00:00+00:00,161.777,161.841,161.759,161.791,1387,161.73579999999998,161.78,161.77460000000002,161.70958000000002,161.77001853792018,161.75804178487752,0.011976753042659993,0.021138636289171134,-0.00916188324651114,52.491694352159314,161.77460000000002,161.8998877109754,161.64931228902464,0.0015489169619382198,0.11557142857143228,0.2959066743404452,0.0003091362115974494,-2.47226428504721e-05,0.00033625521723016835,1
2026-06-25 19:00:00+00:00,161.79,161.821,161.741,161.79,1137,161.7584,161.7779,161.7758,161.71424000000002,161.77309260900938,161.76040906007177,0.012683548937616251,0.01944761881886016,-0.006764069881243909,46.7532467532475,161.7758,161.90120057917846,161.65039942082154,0.0015503008383016582,0.11392857142857338,0.030381372793015934,0.0006989243986466054,-0.00012978104084404585,0.00033437406794398526,1
2026-06-25 20:00:00+00:00,161.79,161.808,161.773,161.785,699,161.78119999999998,161.7692,161.77949999999998,161.71866,161.77492451531563,161.76223061117759,0.012693904138046719,0.018096875882697473,-0.005402971744650754,40.28629856850849,161.77949999999998,161.90116130723996,161.65783869276,0.0015040386110721725,0.10885714285714496,0.0,0.0007051357386296253,-0.000537461698131958,0.00030512457273628937,1
2026-06-25 21:00:00+00:00,161.791,161.806,161.605,161.772,721,161.783,161.7602,161.78245,161.72264,161.77447458988246,161.76295426960888,0.011520320273575635,0.016781564760873106,-0.0052612444872974715,45.49653579676575,161.78245,161.9001176407486,161.66478235925143,0.0014546403611588104,0.1127857142857189,0.19000184606730125,5.56369503532661e-05,-0.0005560292100678099,0.00030523562206029303,1
2026-06-25 22:00:00+00:00,161.783,161.795,161.761,161.78,511,161.78359999999998,161.75469999999999,161.786,161.72709999999998,161.77532465297747,161.76421691630455,0.011107736672926194,0.015646799143283725,-0.004539062470357531,48.23529411764895,161.786,161.8985082452902,161.6734917547098,0.001390827949145175,0.11085714285714639,0.2898762114950047,1.854404519807673e-05,-0.0003398523187196911,0.0003041381134410631,0
2026-06-25 23:00:00+00:00,161.783,161.814,161.76,161.802,736,161.7858,161.7608,161.79005,161.73293999999999,161.7794285525194,161.76701566324493,0.012412889274457939,0.015000017169518567,-0.002587127895060628,48.95591647331628,161.79005,161.89846339010018,161.68163660989984,0.0013401737634689873,0.11100000000000218,0.3161551642366552,6.798894870541083e-05,0.00037714617814899043,0.0002382589406074549,0
2026-06-26 00:00:00+00:00,161.801,161.837,161.79,161.826,1136,161.79299999999998,161.7757,161.7933,161.73826,161.78659339059334,161.77138487337493,0.015208517218411544,0.015041717179297165,0.00016680003911437834,44.16243654822123,161.7933,161.90194350197515,161.68465649802482,0.0013429913596566254,0.10792857142857315,0.14135121674744522,0.0002225106619693218,0.0009215905787465228,0.00018429480999346046,0
2026-06-26 01:00:00+00:00,161.828,161.846,161.787,161.8,1050,161.796,161.7886,161.79205,161.74232,161.78865594588666,161.7735045123842,0.015151433502467171,0.015063660443931167,8.777305853600349e-05,42.43902439024586,161.79205,161.89972881087243,161.68437118912755,0.0013310766613371043,0.098000000000001,0.12242476293215487,9.271564112878217e-05,0.0007979167568705758,0.00019758511264732404,0
2026-06-26 02:00:00+00:00,161.801,161.816,161.769,161.773,988,161.7962,161.7896,161.7867,161.74538,161.78624733882717,161.7734671410965,0.0127801977306774,0.014606967901280415,-0.0018267701706030145,42.43902439024293,161.7867,161.886309976225,161.687090023775,0.001231374102135675,0.09207142857142969,0.15189671385587641,6.181539450533791e-06,6.181883372580188e-05,0.00011481685464401358,0
2026-06-26 03:00:00+00:00,161.773,161.776,161.62,161.648,1308,161.7698,161.77669999999998,161.77855,161.74702,161.76497851746913,161.76417327879304,0.0008052386760937225,0.011846622056243077,-0.011041383380149355,39.455782312923894,161.77855,161.89503261670797,161.66206738329203,0.0014400254756637336,0.09221428571428751,0.0,-0.0008159228582025335,-0.0007973939435147459,0.00026770777747633337,0
2026-06-26 04:00:00+00:00,161.648,161.683,161.564,161.625,1524,161.7344,161.76010000000002,161.77005000000003,161.7486,161.74344336093543,161.75386414703058,-0.01042078609515329,0.007393140425963804,-0.017813926521117095,43.50000000000103,161.77005000000003,161.9048488364599,161.63525116354015,0.0016665487395210558,0.0862857142857162,0.269563898915331,-0.0010939296176808444,-0.0010260150441000482,0.0002616265704742657,0
2026-06-26 05:00:00+00:00,161.625,161.642,161.536,161.541,1311,161.67739999999998,161.73520000000002,161.75655,161.74844000000002,161.71229822848383,161.73809643243573,-0.025798203951893584,0.0007548715503923243,-0.026553075502285906,36.401673640168084,161.75655,161.92416669931697,161.58893330068304,0.002072456408311946,0.08607142857142946,0.0,-0.0017611508657446873,-0.0015390320786203837,0.0002895089554753261,1
2026-06-26 06:00:00+00:00,161.539,161.749,161.529,161.713,2096,161.66000000000003,161.728,161.7486,161.7516,161.71240619333247,161.7362374374405,-0.023831244108038163,-0.004162351581293774,-0.019668892526744388,45.519713261647674,161.7486,161.90804429812857,161.58915570187145,0.001971507612783819,0.09421428571428692,0.5049608157551895,-0.0005377008652658333,-0.0004450350774175549,0.00048355401863909106,0
2026-06-26 07:00:00+00:00,161.714,161.723,161.619,161.624,1843,161.6302,161.7132,161.73669999999998,161.75194,161.6988052405121,161.72792355318566,-0.029118312673574565,-0.009153543799749933,-0.01996476887382463,37.914691943128815,161.73669999999998,161.89603427290297,161.577365727097,0.001970292121738374,0.09600000000000161,0.09403457770714599,-0.000921043684669276,-0.0009148678386865505,0.0005095775792986974,1
2026-06-26 08:00:00+00:00,161.623,161.651,161.536,161.586,2188,161.6178,161.6938,161.72425,161.74954,161.6814505881256,161.71741069739412,-0.03596010926850113,-0.014514856893500174,-0.021445252375000952,34.398782343988614,161.72425,161.89002584737884,161.5584741526212,0.0020501050074905264,0.09835714285714355,0.0,-0.0003835494407600226,-0.0011991593522066024,0.0005087824115485783,1
2026-06-26 09:00:00+00:00,161.585,161.626,161.531,161.606,1910,161.61399999999998,161.67419999999998,161.7175,161.7474,161.66984280533705,161.70915805314272,-0.03931524780566065,-0.019474935075932273,-0.019840312729728374,36.39053254437807,161.7175,161.8912081642037,161.5437918357963,0.0021482914861249104,0.09942857142857317,0.1368229613521987,-0.00011755607115238043,-0.0012113570907652527,0.0005081141806684839,1
2026-06-26 10:00:00+00:00,161.604,161.64,161.567,161.614,1366,161.6286,161.65300000000002,161.71435,161.74466,161.66125160451597,161.70210930846548,-0.040857703949512825,-0.023751488850648386,-0.01710621509886444,37.407952871870485,161.71435,161.89335458681413,161.53534541318587,0.0022138367660523703,0.10214285714285763,0.20671448797045472,0.00045189766065578674,-0.0013100490650450602,0.000503229521131758,1
2026-06-26 11:00:00+00:00,161.614,161.678,161.604,161.66,1415,161.618,161.63899999999998,161.71380000000002,161.74312,161.66105904997505,161.69899010043102,-0.0379310504559669,-0.026587401171712093,-0.011343649284254805,42.134831460674086,161.71380000000002,161.89343190431512,161.53416809568492,0.0022216026624209133,0.09307142857142635,0.531426656366848,-0.0003277411216167092,-0.0008652657601978531,0.0005197402909879843,1
2026-06-26 12:00:00+00:00,161.66,161.702,161.635,161.655,1566,161.6242,161.6272,161.70839999999998,161.74244000000002,161.66012688844043,161.69573157447314,-0.03560468603271261,-0.0283908581439122,-0.007213827888800407,41.18476727785547,161.70839999999998,161.88829751467074,161.52850248532923,0.0022249619026687077,0.09542857142857031,0.46616214933053296,0.00019180319754497077,-0.0007294171462480792,0.0005191802693183349,1
2026-06-26 13:00:00+00:00,161.653,161.721,161.617,161.627,2274,161.63240000000002,161.6251,161.7009,161.74194,161.65503044406498,161.6906403467344,-0.03560990266942099,-0.029834667049013962,-0.005775235620407028,37.762237762238044,161.7009,161.88126209193115,161.52053790806883,0.0022308112314917035,0.09899999999999969,0.3024436931694553,0.00025373485326696255,-0.00012991190735411884,0.00046071058258517343,1
2026-06-26 14:00:00+00:00,161.626,161.738,161.576,161.723,1964,161.65580000000003,161.63490000000002,161.6975,161.74138000000002,161.66548729882422,161.6930373580874,-0.027550059263177218,-0.02937774549184662,0.0018276862286694014,43.45616264294873,161.6975,161.87321448131166,161.52178551868832,0.0021733728884079525,0.10721428571428605,0.8144444350873857,0.0007239830204324171,0.0006063418406807575,0.000495268307911479,1
2026-06-26 15:00:00+00:00,161.721,161.743,161.63,161.672,2006,161.6674,161.648,161.6916,161.73984000000002,161.66648925285125,161.6914790352661,-0.02498978241484906,-0.02850015287644711,0.0035103704615980502,42.11822660098418,161.6916,161.86208339939407,161.52111660060592,0.002108747756767481,0.11107142857142906,0.6941365173547076,0.0003588798000173643,0.0008109396376152489,0.00047234117205466135,1
2026-06-26 16:00:00+00:00,161.669,161.767,161.657,161.751,1341,161.6856,161.6518,161.68990000000002,161.73906,161.67949090625874,161.69588799561677,-0.016397089358036965,-0.02607954017276508,0.009682450814728114,48.72685185185232,161.68990000000002,161.85710853666043,161.5226914633396,0.0020682619837158757,0.11557142857142821,0.9999999999930207,0.0005629098107138297,0.00023498420040457546,0.0003610747810447588,1
2026-06-26 17:00:00+00:00,161.75,161.775,161.725,161.769,1002,161.7084,161.6663,161.68974999999998,161.73934,161.69326153606508,161.70130369964517,-0.008042163580086026,-0.022472064854229267,0.014429901274143241,57.992073976222784,161.68974999999998,161.85665353342262,161.52284646657733,0.002064491205195639,0.10800000000000003,0.9999999999957616,0.0007052055302960714,0.000897143988516591,0.00029961438185608144,1
2026-06-26 18:00:00+00:00,161.768,161.773,161.71,161.735,855,161.73000000000002,161.6812,161.6875,161.73896000000002,161.6996828382089,161.7037997218937,-0.0041168836847873536,-0.018801028620340887,0.014684144935553534,57.16145833333448,161.6875,161.85044719840784,161.52455280159216,0.00201558188985339,0.1039999999999992,0.9647944146186893,0.0006682051884896456,0.0009221095887019803,0.00029669995541287266,1
2026-06-26 19:00:00+00:00,161.735,161.761,161.71,161.751,744,161.7356,161.6957,161.68495000000001,161.73774,161.70757778617676,161.70729603879047,0.00028174738628194973,-0.01498447341901632,0.01526622080529827,65.00000000000142,161.68495000000001,161.84183611355652,161.5280638864435,0.0019406396644401354,0.10007142857142728,0.9999999999967322,0.00017313554658260344,0.0008972439142111988,0.0002965102674243366,1
2026-06-26 20:00:00+00:00,161.754,161.769,161.726,161.745,924,161.7502,161.7088,161.6809,161.7375,161.71333504984187,161.71008892480597,0.0032461250359006044,-0.011338353728032935,0.01458447876393354,52.996254681649155,161.6809,161.8262096874212,161.53559031257882,0.0017974873645704523,0.08742857142857068,0.6077363504502759,0.00045153149586818486,0.0008105733414185412,0.0002990690904691866,1
2026-06-28 21:00:00+00:00,161.709,161.788,161.688,161.788,304,161.7576,161.72160000000002,161.68030000000002,161.73684,161.7248219652508,161.7158601155611,0.008961849689711698,-0.007278313044484008,0.016240162734195707,66.8032786885272,161.68030000000002,161.82362458559996,161.53697541440008,0.0017729381452154856,0.08714285714285706,0.9999999999969139,0.0002287466538073435,0.0007917852282568472,0.0002977047795007219,0
2026-06-28 22:00:00+00:00,161.788,161.828,161.746,161.789,716,161.7616,161.735,161.68110000000001,161.73802,161.73469550905838,161.7212778847788,0.013417624279583151,-0.0031391255796705754,0.016556749859253726,72.50554323724947,161.68110000000001,161.82676276840894,161.5354372315911,0.0018018527633585563,0.0847857142857131,0.999999999997231,0.00012363308173979348,0.0008289257987688092,0.00029640805156287714,1
2026-06-28 23:00:00+00:00,161.79,161.806,161.769,161.79,683,161.77259999999998,161.7513,161.6882,161.73998,161.74320389228015,161.72636841183223,0.0168354804479236,0.0008557956258482608,0.01597968482207534,71.2962962962966,161.6882,161.84074969853,161.53565030146999,0.0018869614298385343,0.08064285714285647,0.9655461549222978,0.00034006244783113537,0.001008494867812848,0.0002843697584484908,1
2026-06-29 00:00:00+00:00,161.79,161.791,161.715,161.757,1452,161.7738,161.7547,161.6948,161.73978,161.7453263703909,161.72863741836318,0.016688952027720916,0.004022426906222793,0.012666525121498122,65.64551422319602,161.6948,161.84725858797685,161.54234141202312,0.0018857574637757865,0.08085714285714321,0.8025510549343764,3.70940519687224e-05,0.00021023602085046278,0.00023894843125692693,1
2026-06-29 01:00:00+00:00,161.755,161.79,161.732,161.786,1153,161.78199999999998,161.7661,161.70705,161.74018,161.7515838518692,161.73288649848442,0.018697353384794724,0.006957412201937179,0.011739941182857545,64.31818181818336,161.70705,161.84627261611305,161.56782738388696,0.0017219115197889664,0.07971428571428671,0.764347079035667,0.00025348542458814016,0.0007051313771091472,0.0002111536817465289,1
2026-06-29 02:00:00+00:00,161.788,161.788,161.731,161.783,843,161.781,161.7693,161.71055,161.74162,161.7564171054278,161.7365986097078,0.019818495719988505,0.009529628905547446,0.010288866814441059,64.6118721461175,161.71055,161.85386191596797,161.56723808403206,0.00177244979957036,0.07900000000000164,0.7728002277478565,-3.090464064103848e-05,0.00019783494383340816,0.00015225876318694786,1
2026-06-29 03:00:00+00:00,161.783,161.796,161.77,161.794,605,161.78199999999998,161.7718,161.71905,161.74324000000001,161.76219908920817,161.74085056454427,0.021348524663892476,0.011893408057216453,0.009455116606676023,69.83372921615123,161.71905,161.86090607975572,161.5771939202443,0.0017543521280357758,0.07342857142857083,0.9120746970464377,3.0904449622726204e-05,0.00015454135217507492,0.00014996666788420697,1
2026-06-29 04:00:00+00:00,161.791,161.811,161.784,161.808,531,161.7856,161.77910000000003,161.73015,161.74522000000002,161.76924538317613,161.74582459680028,0.02342078637585132,0.014198883720943427,0.009221902654907894,62.53687315633921,161.73015,161.862601023701,161.59769897629903,0.001637926183843648,0.06378571428571433,0.6719463518183606,0.00011125533098454987,0.00045135561257603207,0.0001281248875043237,1
2026-06-29 05:00:00+00:00,161.809,161.814,161.78,161.8,695,161.7942,161.784,161.73985,161.7468,161.7739768626875,161.7498375896299,0.024139273057613764,0.016186961588277496,0.007952311469336268,71.62162162162667,161.73985,161.86203583773326,161.61766416226672,0.0015108934221624345,0.05814285714285664,0.9628271547246747,0.00026583084503295495,0.00030293475774501033,0.0001297832675907193,1
2026-06-29 06:00:00+00:00,161.801,161.848,161.775,161.789,1488,161.7948,161.7884,161.7486,161.74736000000001,161.77628811458172,161.75273850891654,0.02354960566518116,0.01765949040365823,0.005890115261522933,58.33333333333021,161.7486,161.85714133336123,161.6400586666388,0.0013420992003790651,0.05550000000000109,0.2735660317106562,1.8543013610594627e-05,0.0002720331385821506,0.00013191565853730422,1
2026-06-29 07:00:00+00:00,161.792,161.828,161.784,161.821,1231,161.80239999999998,161.7917,161.75664999999998,161.74728,161.7831668661845,161.75779491566345,0.025371950521048348,0.019201982427136253,0.006169968093912095,60.74380165289145,161.75664999999998,161.86133654965846,161.6519634503415,0.0012943708918116375,0.055071428571429645,0.39712093801486065,0.00023488252783065988,0.00020397062822952172,0.00011939654895372944,1
2026-06-29 08:00:00+00:00,161.818,161.855,161.798,161.852,1016,161.81400000000002,161.798,161.7665,161.74672,161.79375657907917,161.76477307005877,0.028983509020406473,0.0211582877457903,0.007825221274616174,74.47698744769626,161.7665,161.86793704293495,161.66506295706506,0.0012541168033547976,0.0546428571428582,0.9999999999953447,0.0003584805369791777,0.00038939606524568404,0.00013079212150722723,1
2026-06-29 09:00:00+00:00,161.852,161.897,161.829,161.881,1107,161.8286,161.8071,161.7792,161.74812,161.8071786438362,161.77338247227664,0.033796171559572485,0.02368586450854674,0.010110307051025745,75.79365079364891,161.7792,161.870158868642,161.688241131358,0.001124481622383976,0.05585714285714362,0.9999999999956136,0.0004511519825967092,0.0005624575066445203,0.00013725859584021283,1
2026-06-29 10:00:00+00:00,161.881,161.897,161.844,161.854,948,161.8394,161.8168,161.78575,161.7493,161.81438192939987,161.77935414099687,0.03502778840299925,0.025954249287437246,0.009073539115562003,69.96336996337186,161.78575,161.8785176781019,161.6929823218981,0.0011467966505318684,0.05657142857142868,0.6660839160803417,0.00033374536464769733,0.0005996649294930378,0.00012972399354310393,1
2026-06-29 11:00:00+00:00,161.853,161.861,161.81,161.833,1185,161.8482,161.8215,161.7938,161.74974,161.81724624795376,161.78332790833045,0.03391833962331248,0.027547067354612296,0.006371272268700181,58.96414342629216,161.7938,161.87176787459475,161.71583212540526,0.0009637931069638991,0.05307142857142618,0.036128214414884105,0.0002719591566795465,0.0002905072132322051,0.00013484753570168872,1
2026-06-29 12:00:00+00:00,161.835,161.902,161.83,161.89,1355,161.86200000000002,161.8322,161.80075,161.7501,161.82843913288394,161.79122954475042,0.037209588133521265,0.02947957151039409,0.007730016623127174,66.44951140065044,161.80075,161.88699536598,161.71450463402,0.0010660688035130286,0.05235714285713909,0.46483565294382695,0.00042639706836555824,0.00066137974941749,0.00016735699378786747,1
2026-06-29 13:00:00+00:00,161.889,161.963,161.881,161.953,1749,161.88219999999998,161.8481,161.80995000000001,161.75191999999998,161.8476023432095,161.80321254143556,0.04438980177394569,0.032461617563104415,0.011928184210841276,72.08672086720847,161.80995000000001,161.91834591172793,161.7015540882721,0.001339792908012279,0.05557142857142391,0.7876940132993696,0.0006240268887625078,0.000982731127235903,0.00019610108996469177,1
2026-06-29 14:00:00+00:00,161.953,161.953,161.802,161.924,3101,161.89079999999998,161.8597,161.8194,161.75369999999998,161.85935582886958,161.8121597605885,0.047196068281095904,0.035408507706702716,0.011787560574393188,72.876712328765,161.8194,161.93310765837907,161.70569234162093,0.0014053649732858997,0.06092857142856799,0.8329389788246173,0.0002656272199950127,0.0007168990408386033,0.00021494468774515497,1
2026-06-29 15:00:00+00:00,161.924,161.949,161.917,161.929,1397,161.9058,161.87259999999998,161.82829999999998,161.75745999999998,161.8700703167358,161.82081459313747,0.04925572359832131,0.038177950885026436,0.011077772713294874,70.96774193548171,161.82829999999998,161.94721102377002,161.70938897622995,0.001469594919677696,0.05907142857142641,0.7236070381190268,0.00046338057755757056,0.000797280593324956,0.00021138669065527005,0
2026-06-29 16:00:00+00:00,161.928,161.942,161.914,161.938,941,161.92680000000001,161.8875,161.83795,161.76268,161.88052103723797,161.82949499364582,0.05102604359214524,0.0407475694264502,0.010278474165695044,72.33429394812643,161.83795,161.95968910843027,161.71621089156974,0.0015044568771448467,0.0569999999999981,0.8018731988427705,0.0006488169903542396,0.0009209525987552425,0.0002053176932083564,0
2026-06-29 17:00:00+00:00,161.938,161.961,161.915,161.932,797,161.93519999999998,161.89860000000002,161.84515,161.7679,161.8884408776629,161.83708795707946,0.05135292058344021,0.042868639657848207,0.008484280925592003,70.17543859648876,161.84515,161.971400002586,161.71889999741398,0.0015601332827830175,0.05842857142857229,0.6782296650678755,0.00025943541911166434,0.0006859431099794921,0.0002053133046376374,0
2026-06-29 18:00:00+00:00,161.932,161.982,161.922,161.97,795,161.9386,161.9104,161.8542,161.77204,161.90098843494553,161.8469332935921,0.05405514135344447,0.045105939996967465,0.008949201356477005,72.1311475409836,161.8542,161.98915199924537,161.71924800075462,0.0016675748821516354,0.06078571428571422,0.7902384500701126,0.00010496872549436986,0.0007290611175641004,0.00020860740065231775,0
2026-06-29 19:00:00+00:00,161.968,161.969,161.904,161.938,818,161.9414,161.91609999999997,161.8616,161.77526,161.90668252187697,161.85367897554823,0.05300354632873905,0.046685461263321786,0.006318085065417263,67.69230769230276,161.8616,161.99795310196728,161.72524689803274,0.0016848109986219518,0.06307142857142926,0.5360139860107748,8.646031471548632e-05,0.00035211050092343044,0.00022093720910596463,1
2026-06-29 20:00:00+00:00,161.934,161.961,161.925,161.928,576,161.94119999999998,161.92350000000002,161.87015000000002,161.778,161.90996213389587,161.85918423661872,0.050777897277157535,0.04750394846608894,0.003273948811068593,67.86632390745584,161.87015000000002,162.00018525835748,161.74011474164257,0.001606661368479021,0.060428571428571685,0.5289626301467292,-6.175546072739735e-06,0.0004572021698567852,0.00021260560107510068,1
2026-06-29 21:00:00+00:00,161.927,161.931,161.865,161.91,447,161.93559999999997,161.9312,161.87635,161.7804,161.90996795945034,161.86294836723957,0.04701959221077345,0.04740707721502585,-0.00038748500425239696,61.86666666666649,161.87635,162.001213335798,161.751486664202,0.0015427001634026358,0.061999999999999646,0.17246632221611813,-0.0001729056799515405,0.0004757991262598349,0.00021097611707914592,1
2026-06-29 22:00:00+00:00,161.913,161.94,161.908,161.92,476,161.9332,161.9342,161.8832,161.7831,161.91151135030412,161.8671744141107,0.04433693619341739,0.04679304901070416,-0.0024561128172867763,59.60451977400939,161.8832,162.00135173115092,161.76504826884906,0.0014597157846018738,0.06021428571428698,0.03805080765201281,-7.410517995209975e-05,0.0001853110136511571,0.0001824422037104362,1
2026-06-29 23:00:00+00:00,161.919,161.928,161.905,161.922,403,161.9236,161.9311,161.8896,161.78609999999998,161.91312498871886,161.87123556862102,0.04188942009784569,0.04581232322813247,-0.003922903130286787,56.269113149846646,161.8896,162.00108641642657,161.77811358357343,0.001377314125509885,0.05700000000000216,0.0,-0.00029635117614379425,-0.00019141355825458284,0.00012826020101920182,1
2026-06-30 00:00:00+00:00,161.92,162.402,161.92,162.131,4031,161.9622,161.9518,161.90574999999998,161.79312,161.94664422122366,161.8904773783528,0.0561668428708515,0.047883227156676283,0.008283615714175213,77.21021611001757,161.90574999999998,162.05473798960858,161.75676201039138,0.001840428639607914,0.08764285714285945,0.9999999999952248,0.0011918141510949276,0.0012783775104370232,0.0004245562401309842,1
2026-06-30 01:00:00+00:00,162.129,162.301,162.048,162.179,4082,162.0124,161.9768,161.9247,161.80066,161.98239126411232,161.91184942440074,0.07054183971158068,0.05241494966765717,0.01812689004392351,82.27611940298533,161.9247,162.10922682017357,161.74017317982643,0.002279168282214801,0.10207142857143074,0.999999999996155,0.0015500716367768952,0.0015438865181653938,0.00042610544671402246,1
2026-06-30 02:00:00+00:00,162.182,162.197,162.106,162.143,1907,162.05900000000003,161.9973,161.9424,161.80700000000002,162.00710030040273,161.92897168925995,0.07812861114277325,0.057557681962680386,0.020570929180092866,74.5631067961172,161.9424,162.13959762995046,161.74520237004953,0.002435404562986174,0.10342857142857602,0.7034255872489121,0.0014390710888765312,0.0012659165853599053,0.0004419983186824707,1
2026-06-30 03:00:00+00:00,162.143,162.24,162.033,162.171,2247,162.1092,162.0212,161.9599,161.81442,162.03231563880232,161.9468997122777,0.08541592652460395,0.0631293308750651,0.022286595649538846,72.7083333333327,161.9599,162.17319880201788,161.74660119798213,0.002633970532432711,0.11235714285714948,0.6321073645852207,0.0015501482213438056,0.0014759281673788482,0.0004383305169563036,1
2026-06-30 04:00:00+00:00,162.171,162.202,162.147,162.198,1235,162.16440000000003,162.04399999999998,161.9772,161.82291999999998,162.05780554052504,161.9654997335905,0.09230580693454726,0.06896462608696154,0.023341180847585727,78.66108786610836,161.9772,162.20897629867278,161.74542370132724,0.0028618385633628687,0.10550000000000637,0.8609977826061089,0.0017045244006375082,0.0014076680866828006,0.00043735464198613183,1
2026-06-30 05:00:00+00:00,162.201,162.287,162.15,162.287,1343,162.19559999999998,162.0789,161.9975,161.8357,162.0930662265981,161.98931456813935,0.1037516584587479,0.07592203256131881,0.027829625897429086,81.85053380782887,161.9975,162.26253266927742,161.73246733072259,0.0032720587574180736,0.11300000000000564,0.9836357329593266,0.0009621848998648819,0.002155145796539637,0.00043687937361267144,1
2026-06-30 06:00:00+00:00,162.29,162.412,162.201,162.204,3524,162.2006,162.10649999999998,162.01500000000001,161.84727999999998,162.11013296096763,162.00521719272163,0.10491576824600202,0.08172077969825546,0.023194988547746556,70.91194968553533,162.01500000000001,162.2862838870321,161.74371611296792,0.003348873709620688,0.1260714285714337,0.563034299031062,0.0001541506606896892,0.0017044612420336058,0.0004886518287408353,1
2026-06-30 07:00:00+00:00,162.202,162.263,162.117,162.254,2126,162.2228,162.14090000000002,162.03605,161.86154,162.132266351588,162.02364554881632,0.10862080277166797,0.08710078431293797,0.02152001845873,73.67647058823526,162.03605,162.31314430276777,161.7589556972322,0.0034201562277996634,0.13321428571429042,0.6693333815083332,0.0006845808946422949,0.0021246371440923895,0.00047971551334905475,1
2026-06-30 08:00:00+00:00,162.251,162.413,162.223,162.317,2333,162.252,162.1806,162.0574,161.87362,162.16068691288214,162.0453755081633,0.11531140471885237,0.09274290839412086,0.022568496324731513,74.60992907801435,162.0574,162.35233863767698,161.76246136232302,0.003639928046198175,0.14250000000000437,0.705225959096453,0.000900284267840723,0.0024518280632412903,0.00047943796877190003,1
2026-06-30 09:00:00+00:00,162.318,162.344,162.266,162.289,1860,162.2702,162.2173,162.0742,161.88692,162.18042738782333,162.06342176681784,0.1170056210054895,0.0975954509163946,0.019410170089094902,75.0356633380876,162.0742,162.3820930778097,161.76630692219027,0.003799408885679807,0.14335714285714726,0.7215959424743067,0.000561042676235024,0.002266523387803865,0.0004927833019212675,1
2026-06-30 10:00:00+00:00,162.289,162.353,162.287,162.314,1402,162.2756,162.2356,162.0937,161.90148,162.2009770204659,162.0819831174239,0.11899390304199642,0.10187514134151497,0.017118761700481447,76.95530726256816,162.0937,162.41080207553796,161.77659792446207,0.003912577423279817,0.1455000000000045,0.7954085107410406,0.00016637192134916212,0.001128716901764637,0.0003212842611057375,1
2026-06-30 11:00:00+00:00,162.313,162.427,162.311,162.41,1652,162.3168,162.2587,162.11775,161.91756,162.23313440193272,162.1062806642814,0.12685373765131658,0.1068708606034753,0.019982877047841283,81.48614609571632,162.11775,162.4546028493273,161.7808971506727,0.004155656605489533,0.14907142857143185,0.9696245965538371,0.001270005671869967,0.0014243521047729857,0.00035210002645076025,1
2026-06-30 12:00:00+00:00,162.409,162.508,162.029,162.4,3240,162.34599999999998,162.2844,162.14085,161.93328,162.25880603240464,162.1280376521124,0.13076838029223836,0.11165036454122791,0.01911801575101045,80.2267002518888,162.14085,162.48897718485736,161.79272281514264,0.004294132969666327,0.18100000000000346,0.9211974215240052,0.0008998237331592218,0.0015850206299377056,0.00033698519814470896,1
2026-06-30 13:00:00+00:00,162.402,162.472,162.312,162.466,2207,162.3758,162.3139,162.16755,161.9494,162.2906820274193,162.15307190010407,0.13761012731524147,0.11684231709603063,0.02076781021921084,81.70163170163116,162.16755,162.5298557592041,161.8052442407959,0.004468289237940698,0.1907857142857178,0.949447454963034,0.0009179568375463631,0.0018190675274865065,0.00034606548658813605,1
2026-06-30 14:00:00+00:00,162.468,162.553,162.352,162.512,3947,162.4204,162.3453,162.19465,161.96654,162.32473094627787,162.17965916676303,0.1450717795148364,0.12248820957979181,0.022583569935044595,77.4100719424452,162.19465,162.57535365598287,161.81394634401713,0.004694404605612704,0.1707142857142888,0.5718079207207403,0.0013740918977873662,0.0019359054982182045,0.00034745473722944613,1
2026-06-30 15:00:00+00:00,162.51,162.661,162.467,162.613,2809,162.4802,162.3779,162.2284,161.98626000000002,162.3690800314659,162.21175848774354,0.15732154372236096,0.12945487640830566,0.027866667314055293,79.01069518716487,162.2284,162.6322782515805,161.8245217484195,0.004979131293663674,0.16650000000000326,0.740383344956843,0.001842108505735851,0.0020087869022165084,0.0003563704227598881,0
2026-06-30 16:00:00+00:00,162.61,162.667,162.598,162.643,1384,162.5268,162.42180000000002,162.26415,162.00466,162.41122156508652,162.24370230346622,0.16751926162029918,0.13706775345070438,0.0304515081695948,83.69272237196681,162.26415,162.68239207293547,161.84590792706453,0.005155076742896941,0.16492857142857328,0.9999999999921757,0.0014346407240932724,0.002706468397819961,0.0002555194506446369,0
2026-06-30 17:00:00+00:00,162.642,162.645,162.555,162.582,1045,162.5632,162.45459999999997,162.29775,162.02286,162.43749517045782,162.26876139209836,0.16873377835946712,0.14340095843245693,0.025332819927010197,76.51612903225698,162.29775,162.70399797974514,161.89150202025488,0.005006205936251509,0.15657142857142908,0.43848517489301714,0.0011206896551723133,0.002021521811480742,0.00032592213485748756,1
2026-06-30 18:00:00+00:00,162.582,162.618,162.556,162.615,1066,162.59300000000002,162.4844,162.3325,162.04013999999998,162.464803605772,162.29440869638736,0.17039490938464041,0.14879974862289364,0.02159516076174678,76.69654289372492,162.3325,162.7212169176915,161.94378308230853,0.004789144720761184,0.15707142857142742,0.4526012119975705,0.0009171149655928801,0.0018359136750925042,0.00031935700067810377,1
2026-06-30 19:00:00+00:00,162.616,162.629,162.571,162.578,1121,162.6062,162.51330000000002,162.3653,162.05632,162.48221843565324,162.31541545961792,0.16680297603531358,0.15240039410537765,0.014402581929935931,69.95884773662415,162.3653,162.71712896561664,162.01347103438334,0.004333795036459728,0.15142857142856972,0.0,0.00040612385546912044,0.0017807738047557198,0.00032656545704237483,1
2026-06-30 20:00:00+00:00,162.578,162.606,162.536,162.566,970,162.5968,162.53850000000003,162.38705,162.07294,162.4951079070912,162.333977277424,0.1611306296672126,0.15414644121774465,0.006984188449467937,77.5075987841923,162.38705,162.73160003455232,162.04249996544766,0.004243565414265819,0.14135714285713977,0.5496446740592256,-0.00028902978236666765,0.0015525462991485828,0.0003362274578525949,1
2026-06-30 21:00:00+00:00,162.565,162.613,162.461,162.559,637,162.57999999999998,162.5534,162.40605,162.0891,162.50493745984642,162.35064562724443,0.15429183260198442,0.15417551949459263,0.00011631310739179668,74.79674796747757,162.40605,162.7441427776661,162.0679572223339,0.004163549050864858,0.14178571428570916,0.35226040423933797,-0.0005164685845686634,0.0009174311926605228,0.00030298016071107683,1
2026-06-30 22:00:00+00:00,162.565,162.62,162.565,162.602,525,162.584,162.5736,162.429,162.10623999999999,162.5198701583316,162.36926446967078,0.1506056886608178,0.15346155332783767,-0.0028558646670198695,73.94957983193024,162.429,162.75396931028288,162.10403068971712,0.004001370571546725,0.13257142857142412,0.2905758353878741,0.00012301484789212225,0.0012438423645320107,0.00030219252182575704,1
2026-06-30 23:00:00+00:00,162.602,162.645,162.527,162.631,759,162.5872,162.5901,162.452,162.1231,162.5369670570498,162.38865228673222,0.1483147703175689,0.15243219672578392,-0.004117426408215025,78.69127516778478,162.452,162.76497687823527,162.13902312176472,0.003853161281304946,0.13542857142856843,0.6358313049272402,9.839190726568248e-05,0.0010155971095491267,0.0002867531188861769,1
2026-07-01 00:00:00+00:00,162.631,162.777,162.631,162.682,1948,162.608,162.6071,162.4762,162.14096,162.55927981750366,162.41038174697428,0.14889807052938409,0.15172537148650397,-0.002827300957119888,79.58199356913076,162.4762,162.78122983459667,162.17117016540334,0.0037547632772882015,0.14114285714285302,0.700686884651794,0.0006396929473850843,0.0010460765974205088,0.00028904867410693756,1
2026-07-01 01:00:00+00:00,162.684,162.731,162.587,162.682,1903,162.63119999999998,162.614,162.49595,162.15879999999999,162.57815984558002,162.43050161756878,0.14765822801123818,0.15091194279145081,-0.0032537147802126354,75.85551330798346,162.49595,162.80055015204462,162.19134984795537,0.0037490183853151815,0.14314285714285443,0.42935192929036453,0.0007135563401940992,0.0004243203187936917,0.00022535779926386161,0
2026-07-01 02:00:00+00:00,162.679,162.789,162.657,162.748,1317,162.669,162.62449999999998,162.52315,162.17862000000002,162.60428910010617,162.45402001626738,0.15026908383879345,0.15078337100091935,-0.0005142871621258982,79.89690721649241,162.52315,162.81486310706939,162.2314368929306,0.0035898037549653497,0.11835714285713753,0.7236165862633813,0.0011626547899530326,0.0006455857307108293,0.00025032396910334905,0
2026-07-01 03:00:00+00:00,162.745,162.839,162.728,162.796,1229,162.70779999999996,162.6459,162.55025,162.19881999999998,162.63378308470524,162.47935186691421,0.15443121779102853,0.1515129403589412,0.002918277432087335,79.25531914893365,162.55025,162.83735011089885,162.26314988910116,0.003532447484994308,0.11485714285713707,0.6769008498387145,0.001193097255876241,0.0013162588724457969,0.00020517498274944275,0
2026-07-01 04:00:00+00:00,162.795,162.81,162.559,162.726,2323,162.72679999999997,162.657,162.5707,162.21768,162.6479703024429,162.49762209899464,0.15034820344826016,0.151279992976805,-0.0009317895285448352,68.19727891156381,162.5707,162.84586280347267,162.2955371965273,0.0033851463206184397,0.11842857142856644,0.0,0.000584144474300663,0.0006825938566552558,0.0002685454047334624,1
2026-07-01 05:00:00+00:00,162.726,162.759,162.683,162.708,1298,162.73200000000003,162.67,162.59165000000002,162.23596,162.65720564052862,162.51320564721726,0.14399999331135405,0.14982399304371483,-0.0058239997323607795,59.40594059405885,162.59165000000002,162.83889271048628,162.34440728951375,0.00304127192861702,0.10999999999999537,0.0,0.00015982100047962078,0.0007996161842316329,0.00025651167471363475,0
2026-07-01 06:00:00+00:00,162.71,162.753,162.654,162.675,1649,162.7306,162.6809,162.6097,162.2533,162.65994323429342,162.52519041409005,0.1347528202033743,0.14680975847564673,-0.012056938272272416,53.149606299213595,162.6097,162.8218093064638,162.39759069353622,0.0026088149287992976,0.11214285714285259,0.0,-4.3028730898120315e-05,0.0006704969058721755,0.00026808748485325306,1
2026-07-01 07:00:00+00:00,162.676,162.719,162.608,162.669,1816,162.7148,162.69189999999998,162.62265,162.27068,162.66133658286367,162.5358429760093,0.12549360685437705,0.1425465281513928,-0.017052921297015744,59.60264900662438,162.62265,162.81403638238444,162.43126361761554,0.0023537481695747897,0.11364285714285163,0.24125958455935204,-0.000485413031189208,0.0006766773909780976,0.00026781257761785836,1
2026-07-01 08:00:00+00:00,162.67,162.699,162.632,162.664,1303,162.6884,162.6981,162.63585,162.28817999999998,162.66174633934617,162.54533608889747,0.1164102504486948,0.1373192726108532,-0.020909022162158397,55.76470588235022,162.63585,162.7965318038828,162.4751681961172,0.001975970290471569,0.1139999999999962,0.09777059716098267,-0.0008108307329418585,0.00038129912301188007,0.00025985774559087843,0
2026-07-01 09:00:00+00:00,162.663,162.739,162.648,162.731,1271,162.6894,162.7081,162.6491,162.30638000000002,162.67240074867752,162.55908897120136,0.11331177747615584,0.13251777358391373,-0.01920599610775789,66.81318681318542,162.6491,162.79370967425615,162.50449032574386,0.0017781798270773723,0.11635714285714016,0.5108396004583043,3.072649730229138e-05,0.0006148889203165808,0.0002832952183808389,0
2026-07-01 10:00:00+00:00,162.731,162.744,162.671,162.687,1120,162.6852,162.7086,162.65785,162.32308,162.67464678734254,162.5685638622235,0.10608292511903983,0.12723080389093894,-0.02114787877189911,62.422997946613,162.65785,162.7879839795184,162.5277160204816,0.0016000946713411604,0.1165714285714269,0.34670382914689185,-0.0001290655653071182,3.07348077845937e-05,0.0002857365574160853,0
2026-07-01 11:00:00+00:00,162.687,162.733,162.68,162.695,1137,162.6892,162.7099,162.66195,162.33936,162.6777780508283,162.5779295020588,0.09984854876950067,0.12175435286665129,-0.021905804097150622,63.93442622950858,162.66195,162.79129893645532,162.53260106354466,0.0015904018912269223,0.10949999999999907,0.4032115226732148,0.0001229445212846958,7.991050023981039e-05,0.00028609998863188767,0
2026-07-01 12:00:00+00:00,162.693,162.763,162.669,162.699,1774,162.6952,162.705,162.66475,162.35626,162.68104296608547,162.58689768709147,0.09414527899400582,0.11623253809212221,-0.022087259098116388,60.801781737195085,162.66475,162.79479432440323,162.53470567559677,0.0015989244676948072,0.111857142857141,0.2860914999094193,0.0001844235840879893,-0.0003010789687122317,0.0002503964274321957,0
2026-07-01 13:00:00+00:00,162.699,162.732,162.292,162.408,4771,162.644,162.6662,162.65605,162.36776,162.63903635591848,162.57364600656618,0.06539034935229893,0.10606410034415756,-0.04067375099185863,34.31786216596278,162.65605,162.8264297306762,162.48567026932378,0.002094969485318461,0.13485714285713918,0.0,-0.0015737962917424797,-0.002383350942283591,0.0005884868387329579,1
2026-07-01 14:00:00+00:00,162.411,162.449,162.305,162.391,3612,162.576,162.6327,162.64485,162.37777999999997,162.6008769165464,162.56011667274643,0.04076024379997989,0.09300332903532202,-0.05224308523534213,28.50812407681036,162.64485,162.8520603177528,162.43763968224718,0.0025480095773436494,0.13471428571428337,0.0,-0.002089337618523812,-0.0020586753192483043,0.0005857064303625157,1
2026-07-01 15:00:00+00:00,162.389,162.473,162.369,162.413,2566,162.5212,162.60320000000002,162.6366,162.38698,162.57197277553928,162.54921914143188,0.02275363410740283,0.07895339004973818,-0.05619975594233535,30.758226037198753,162.6366,162.8668725158865,162.40632748411346,0.002831742865831255,0.1318571428571411,0.043785857981262465,-0.0016842157025453997,-0.001813063893600697,0.0005952471150395779,1
2026-07-01 16:00:00+00:00,162.412,162.459,162.355,162.453,1710,162.4728,162.581,162.63095,162.39756,162.55366927161018,162.5420917976221,0.011577473988069187,0.06547820683740438,-0.05390073284933519,28.083209509660165,162.63095,162.8737221261944,162.38817787380563,0.002985558729065797,0.12985714285714373,0.0,-0.0014874458342296615,-0.0013646841862610115,0.0006101971212265177,1
2026-07-01 17:00:00+00:00,162.457,162.542,162.42,162.528,1262,162.4386,162.5669,162.62939999999998,162.40954,162.5497201529009,162.5410479607612,0.008672192139698609,0.054117003897863225,-0.045444811758164616,30.857142857143273,162.62939999999998,162.87449108939134,162.3843089106086,0.003014105560143072,0.13064285714285973,0.0691511329774125,-0.0010510205963160102,-0.000866790845213461,0.0006389209797658273,1
2026-07-01 18:00:00+00:00,162.526,162.578,162.51,162.52,1032,162.461,162.5525,162.62529999999998,162.42118,162.5451478216854,162.53948885255667,0.005658969128717217,0.044425396944034024,-0.038766427815316806,33.85579937304176,162.62529999999998,162.87502077036498,162.37557922963498,0.003071118336015392,0.11757142857143167,0.1490470758122872,0.0006896212009261937,-0.0008852604141049714,0.0006387683519588594,1
2026-07-01 19:00:00+00:00,162.521,162.585,162.504,162.568,884,162.49640000000002,162.5362,162.62215,162.4339,162.5486635414261,162.54160078940433,0.007062752021766983,0.03695286795958062,-0.029890115937813634,39.52095808383346,162.62215,162.8731541098303,162.37114589016971,0.0030869609069894923,0.11792857142857624,0.2953203014942817,0.0010899618821240686,-0.0010016530347627395,0.0006296244651308216,0
2026-07-01 20:00:00+00:00,162.556,162.608,162.511,162.513,781,162.51640000000003,162.5188,162.6137,162.44476,162.54317684274517,162.5394822124114,0.0036946303337686004,0.030301220434418213,-0.026606590100649613,38.26086956521739,162.6137,162.86758277442888,162.3598172255711,0.003122526262287717,0.11778571428572045,0.26278507668024276,0.0006157142593266052,-0.001069538438842721,0.0006320286782581306,1
2026-07-01 21:00:00+00:00,162.512,162.516,162.436,162.48,268,162.5218,162.4973,162.6036,162.4556,162.53345732847666,162.53507612260313,-0.001618794126471812,0.023917217522240207,-0.02553601164871202,36.820083682007635,162.6036,162.8620727614564,162.3451272385436,0.0031791763707126174,0.1155714285714343,0.22558428330216626,0.0001662019168620077,-0.0013214911337164903,0.0006301415496438745,1
2026-07-01 22:00:00+00:00,162.556,162.569,162.532,162.538,289,162.5238,162.4812,162.5931,162.4678,162.5341562010187,162.535292706114,-0.0011365050953031641,0.018906472998731536,-0.0200429780940347,41.81818181818377,162.5931,162.843819302039,162.34238069796098,0.0030840091250983735,0.11714285714286225,0.3546341429752906,6.152785981505815e-05,-0.0009895574035488908,0.0006478391217413989,0
2026-07-01 23:00:00+00:00,162.538,162.583,162.512,162.544,602,162.5286,162.4948,162.58049999999997,162.48048,162.53567063163123,162.53593769084628,-0.00026705921504799335,0.015071766555975629,-0.015338825771023622,36.81241184767454,162.58049999999997,162.81294829644506,162.3480517035549,0.002859485564936572,0.1157142857142901,0.24348413071172703,0.00014767413241445482,0.000837397172553267,0.00025972683051470074,0
2026-07-02 00:00:00+00:00,162.544,162.595,162.477,162.56,2046,162.527,162.5117,162.5722,162.49328,162.53941361138027,162.53772008411693,0.0016935272633418208,0.012396118697448867,-0.010702591434107046,40.67547723935373,162.5722,162.79440199438736,162.34999800561266,0.0027335792267970498,0.11892857142857492,0.35123683048355087,-4.92101766645936e-05,0.0010406980682426958,0.00025115584955175574,0
2026-07-02 01:00:00+00:00,162.559,162.583,162.505,162.53,1346,162.53040000000001,162.52339999999998,162.5633,162.50544000000002,162.53796536347562,162.5371482260342,0.0008171374414303045,0.010080322446245155,-0.00926318500481485,38.26458036984509,162.5633,162.7766838646153,162.3499161353847,0.0026252403170372333,0.12071428571428962,0.31118016976258783,0.00010460701605397027,0.0007203856834119282,0.00026661923971617985,0
2026-07-02 02:00:00+00:00,162.53,162.55,162.495,162.52,1084,162.5384,162.5301,162.55554999999998,162.51322,162.53520146140244,162.53587798706872,-0.0006765256662788488,0.007928952823740353,-0.008605478490019202,37.37658674189041,162.55554999999998,162.76302958680634,162.34807041319362,0.002552722276247812,0.11792857142857624,0.6766214757051477,0.0002461841457410685,0.0004124269788801094,0.00026199672271877324,0
2026-07-02 03:00:00+00:00,162.52,162.54,162.431,162.46,799,162.52280000000002,162.5233,162.5451,162.51884,162.52363200580206,162.53025739543398,-0.006625389631921053,0.005018084332608071,-0.011643473964529125,55.43933054393514,162.5451,162.74955140973188,162.3406485902681,0.002515626859645577,0.09428571428571786,0.9999999999963446,-0.00047988778008833943,-0.0004183894467413296,0.0002450571679496617,0
2026-07-02 04:00:00+00:00,162.46,162.46,162.36,162.432,1541,162.50039999999998,162.5145,162.5335,162.52462,162.5095347741402,162.52297906984626,-0.013444295706051435,0.0013256083248761692,-0.014769904030927605,54.192229038854194,162.5335,162.73586236386694,162.33113763613306,0.0024901003653639304,0.09114285714285993,0.9544123414421997,-0.0006890441972636774,-0.000541471818853223,0.00024853894409811547,0
2026-07-02 05:00:00+00:00,162.432,162.432,162.315,162.332,1294,162.4548,162.4909,162.51355,162.52784,162.48222173196478,162.50883247207986,-0.026610740115074805,-0.0042616613631140275,-0.022349078751960776,42.85714285714142,162.51355,162.71257443646414,162.31452556353588,0.002449327289498365,0.09207142857142969,0.5400595109561301,-0.0014025590551182132,-0.0014517002116039013,0.0002720519395573292,0
2026-07-02 06:00:00+00:00,162.33,162.334,161.117,161.824,9723,162.3136,162.422,162.4704,162.52036,162.38095685012405,162.45810414081467,-0.07714729069061832,-0.01883878722861489,-0.05830850346200343,19.61352657004865,162.4704,162.82471380678487,162.11608619321515,0.004361579792809752,0.17157142857142965,0.0,-0.004343813449824596,-0.004239660827133784,0.000986295909924003,0
2026-07-02 07:00:00+00:00,161.82,161.945,161.37,161.435,8930,162.09660000000002,162.31750000000002,162.4074,162.50332,162.23542502702804,162.38231864890247,-0.14689362187442612,-0.04444975415777715,-0.10244386771664897,9.488510007413822,162.4074,162.9765239435766,161.83827605642338,0.007008596204072149,0.2039285714285707,0.0,-0.006676101402904311,-0.006431560807483971,0.0011614242871738224,0
2026-07-02 08:00:00+00:00,161.436,161.46,160.895,161.023,9332,161.8092,162.166,162.3236,162.4797,162.04889809979295,162.28162837861342,-0.23273027882046904,-0.08210585909031555,-0.1506244197301535,7.301768397034294,162.3236,163.14817246337898,161.499027536621,0.01015961281512959,0.2394285714285697,0.0,-0.008845254216422571,-0.009320897267100725,0.0012441154366614213,0
2026-07-02 09:00:00+00:00,161.024,161.338,161.023,161.198,4944,161.5624,162.0314,162.2631,162.45858,161.91799069982483,162.20135960982722,-0.2833689100023946,-0.12235846927273139,-0.16101044072966322,13.563829787234937,162.2631,163.22733035028756,161.29886964971246,0.011884776640992939,0.256142857142854,0.1300867993912482,-0.0075970252167059105,-0.00828083472782759,0.0013729096262539832,0
2026-07-02 10:00:00+00:00,161.196,161.486,161.196,161.355,3181,161.36700000000002,161.9109,162.2113,162.43934000000002,161.83137674600562,162.1386663053956,-0.3072895593899716,-0.15934468729617945,-0.14794487209379215,20.787083753784074,162.2113,163.25466381099787,161.16793618900212,0.012864255585127233,0.26992857142856713,0.28014121935732395,-0.006018529926323901,-0.0074126476377953665,0.0014636382972401934,0
2026-07-02 11:00:00+00:00,161.357,161.499,161.321,161.477,2368,161.2976,161.8056,162.1645,162.4231,161.77685724662012,162.0896539864774,-0.3127967398572764,-0.19003509780839886,-0.12276164204887755,25.784645098986644,162.1645,163.25277212154,161.07622787846,0.01342182933428711,0.276928571428568,0.3839595500393221,-0.002144304923867968,-0.006478803913123721,0.0015321251664733677,0
2026-07-02 12:00:00+00:00,161.476,161.641,160.626,161.024,11654,161.2154,161.656,162.09305,162.3973,161.66103305483242,162.01071665414574,-0.34968359931332316,-0.22196479810938374,-0.1277188012039394,19.302514193025033,162.09305,163.28433439752416,160.90176560247585,0.014698772063628355,0.3430714285714243,0.2493010709462866,-0.00254591631306722,-0.009205020920502127,0.0016559684302127062,1
2026-07-02 13:00:00+00:00,161.026,161.156,160.854,160.855,6981,161.1818,161.4955,162.0094,162.3662,161.5370279694736,161.92510801309788,-0.38808004362428505,-0.255187847212364,-0.13289219641192107,17.877519969570002,162.0094,163.3026735128126,160.7161264871874,0.01596541327617521,0.35957142857142393,0.21969852856777078,-0.0010433292138390948,-0.009879354918133854,0.001644619396329194,1
2026-07-02 14:00:00+00:00,160.858,161.115,160.828,161.036,4866,161.14939999999999,161.3559,161.9352,162.33892,161.45994674340074,161.85924816027583,-0.39930141687509035,-0.28401056114490925,-0.11529085573018111,22.727272727273103,161.9352,163.27458911448295,160.59581088551707,0.016542284994033922,0.3716428571428533,0.3204463134866059,-0.0010049752478319407,-0.008594365642237922,0.0017633052967177968,1
2026-07-02 15:00:00+00:00,161.037,161.079,160.757,160.907,3895,161.0598,161.2134,161.85215,162.30774,161.37487801364676,161.78871125951466,-0.4138332458678917,-0.30997509808950574,-0.10385814777838598,21.949533356377913,161.85215,163.2317104601298,160.4725895398702,0.017047168791144207,0.3890714285714247,0.30428971277383704,-0.002776486628861652,-0.008778306187319673,0.0017614080159695312,1
2026-07-02 16:00:00+00:00,160.905,161.092,160.885,160.981,3139,160.9606,161.12910000000002,161.77555,162.27712,161.31428139616264,161.7288807958469,-0.4145993996842492,-0.3308999584084545,-0.0836994412757947,23.977003719986413,161.77555,163.17065172803805,160.38044827196197,0.017247374254490775,0.39992857142856864,0.3464079728846644,-0.003071644878217983,-0.005209363258849242,0.0016114078882207227,1
2026-07-02 17:00:00+00:00,160.985,161.123,160.985,161.068,2031,160.9694,161.09240000000003,161.70495,162.24622,161.27639195059916,161.6799266628212,-0.40353471222204007,-0.34542690917117164,-0.058107803050868434,26.67560321715854,161.70495,163.0928417711468,160.3170582288532,0.017165730191274885,0.40228571428571264,0.4131722008037623,0.00027325119236887296,-0.0022733607953664414,0.0014938514481261161,1
2026-07-02 18:00:00+00:00,161.071,161.1,161.015,161.046,1622,161.0076,161.0947,161.63035,162.21428,161.24094703512236,161.63296913224187,-0.39202209711950786,-0.3547459467608389,-0.037276150358668936,26.729348556078264,161.63035,162.98980782923556,160.27089217076443,0.016821813839239554,0.401214285714285,0.5464034749735778,0.0011874048055702247,0.0001428367376088424,0.001251700238017695,1
2026-07-02 19:00:00+00:00,161.046,161.17,161.046,161.125,1420,161.02540000000002,161.08739999999997,161.5594,162.18514000000002,161.2231090297189,161.5953417891128,-0.3722327593939099,-0.3582433092874531,-0.013989450106456747,29.59080148799505,161.5594,162.86513962101603,160.253660378984,0.016164204880879926,0.40171428571428536,0.9999999999955136,0.0005526714523460541,-0.000452859216615642,0.0012084240649657308,1
2026-07-02 20:00:00+00:00,161.127,161.136,161.062,161.105,797,161.065,161.0624,161.48665,162.15494,161.20493840976212,161.55902017510442,-0.3540817653423005,-0.3574110004984226,0.003329235156122101,35.439449169704346,161.48665,162.7176503249376,160.2556496750624,0.015245846327700908,0.3200714285714262,0.9999999999964461,0.001230524464442162,-0.0015493786991416236,0.0011542579451614108,1
2026-07-02 21:00:00+00:00,161.105,161.133,160.958,161.096,568,161.08800000000002,161.02429999999998,161.41495,162.1253,161.1881786544141,161.52472238435593,-0.33654372994183746,-0.35323754638710564,0.016693816445268184,41.88606988989972,161.41495,162.55366385897787,160.27623614102214,0.014109149852326142,0.2914999999999992,0.9999999999971084,0.0007143700188221302,-0.0023594691504053023,0.0011108307706347025,1
2026-07-02 22:00:00+00:00,161.1,161.292,161.072,161.257,833,161.1258,161.04760000000002,161.3518,162.09912,161.19876655373503,161.50489109662584,-0.3061245428908137,-0.34381494568784726,0.03769040279703356,56.3656147986943,161.3518,162.3657275589181,160.33787244108188,0.012567911345496145,0.2668571428571421,0.9999999999976636,0.001173417438597335,0.0014469892686803654,0.0007133497335360131,0
2026-07-02 23:00:00+00:00,161.258,161.465,161.233,161.453,1352,161.2072,161.1074,161.30145,162.077,161.23787939162196,161.5010473116906,-0.2631679200686392,-0.3276855405640057,0.06451762049536647,56.858526089295054,161.30145,162.17379287681723,160.42910712318275,0.010816305455620425,0.26092857142857084,0.9999999999974346,0.0025272282453461248,0.0037176338938795794,0.0006486314459658015,0
2026-07-03 00:00:00+00:00,161.452,161.52,161.183,161.19,2952,161.2202,161.1228,161.23935,162.04876000000002,161.23051333137244,161.47800677008388,-0.24749343871144447,-0.31164712019349344,0.06415368148204897,45.801526717557586,161.23935,161.93092555434347,160.54777444565653,0.008578247857529477,0.2642857142857155,0.7163490511802343,0.0004034134988362137,0.0009563079063066304,0.0008472655878153658,0
2026-07-03 01:00:00+00:00,161.189,161.271,160.92,161.232,3631,161.24560000000002,161.15529999999998,161.18435,162.02078,161.23074204962285,161.45978404637395,-0.22904199675110704,-0.2951260955050162,0.06608409875390914,43.50132625994699,161.18435,161.6471753165951,160.72152468340488,0.00574280712234302,0.27664285714285847,0.6573408139238657,0.0007883057633220059,0.0020198002572913154,0.0007867351383241769,0
2026-07-03 02:00:00+00:00,161.232,161.244,161.121,161.169,1986,161.2602,161.1741,161.15159999999997,161.99052,161.2212432727578,161.4382444873833,-0.2170012146254976,-0.2795011193291125,0.062499904703614884,54.849498327759434,161.15159999999997,161.50317294668292,160.80002705331702,0.004363257289197872,0.21292857142857308,0.9484613671730278,0.0004531459502408186,0.001167839682943983,0.0008016076413722022,0
2026-07-03 03:00:00+00:00,161.17,161.22,161.139,161.17,1373,161.2428,161.18429999999998,161.13835,161.96028,161.2133596923335,161.4183745253549,-0.20501483302138013,-0.26460386206756603,0.059589029046185904,61.868877166541004,161.13835,161.46396797117964,160.81273202882036,0.0040414708376949274,0.19714285714285854,0.9999999999974949,-0.0005395114630684095,0.0006332729033697859,0.0007879384357106642,0
2026-07-03 04:00:00+00:00,161.173,161.209,161.124,161.125,1374,161.1772,161.1922,161.14345,161.92782,161.19976589351296,161.3966430790323,-0.19687718551932676,-0.2510585267579182,0.05418134123859142,53.736356003358544,161.14345,161.46462578396847,160.82227421603153,0.0039862096035361136,0.18271428571428722,0.7962761812434496,-0.002031550977683927,0.0004905430746495743,0.0007932372290732981,0
2026-07-03 05:00:00+00:00,161.124,161.175,160.977,161.159,1980,161.171,161.1956,161.1415,161.89508,161.1934942175879,161.37903988799286,-0.18554567040496295,-0.23795595548732712,0.05241028508236417,61.49635036496291,161.1415,161.46175351799275,160.82124648200727,0.003974811181387036,0.1738571428571447,0.9901686887505693,-0.0001923196228054147,0.00021101629169884006,0.0007807891894520573,0
2026-07-03 06:00:00+00:00,161.159,161.159,160.478,160.867,6634,161.098,161.17180000000002,161.1171,161.8579,161.14326433795898,161.34111100740083,-0.19784666944184437,-0.2299340982782306,0.03208742883638624,45.66210045662082,161.1171,161.44317128700303,160.79102871299696,0.004047631033615076,0.2077142857142848,0.539492212822146,-0.0022638185968046898,-0.0014772974147295725,0.0009741930384423717,1
2026-07-03 07:00:00+00:00,160.867,160.997,160.71,160.8,4329,161.0242,161.1422,161.08325,161.81974,161.09045443981145,161.30102871055632,-0.21057427074487123,-0.22606213277155873,0.015487862026687504,39.64451313755757,161.08325,161.39211541098447,160.7743845890155,0.0038348544741241696,0.2180714285714284,0.36753949447110906,-0.0022895221785826925,-0.0018374137160450665,0.0009770986021794914,1
2026-07-03 08:00:00+00:00,160.798,161.033,160.771,161.031,2136,160.99640000000002,161.1196,161.0836,161.78686,161.08130760291738,161.28102658384847,-0.1997189809310953,-0.22079350240346604,0.02107452147237074,49.50099800399245,161.0836,161.39219846163527,160.7750015383647,0.003831531721854796,0.23071428571428498,0.6168334418141689,-0.0008624433827634226,-0.0014014895477405531,0.0010434295876039401,1
2026-07-03 09:00:00+00:00,161.034,161.129,160.961,161.122,1459,160.99579999999997,161.0865,161.09695000000002,161.75592,161.08756797169931,161.26924683689674,-0.18167886519742638,-0.21297057496225813,0.031291709764831754,49.90099009901036,161.09695000000002,161.3864173693045,160.80748263069555,0.0035937039069265445,0.2338571428571409,0.5471757062234641,-1.861908456157746e-05,-0.00205013223662609,0.0009670500497477922,1
2026-07-03 10:00:00+00:00,161.122,161.165,161.07,161.093,1340,160.9826,161.0768,161.09980000000002,161.7245,161.08840366836094,161.25619151564513,-0.16778784728418827,-0.20393402942664415,0.03614618214245588,49.606299212598394,161.09980000000002,161.38785964294232,160.81174035705772,0.003576163880306503,0.23535714285714196,0.4482371716915971,-0.00040953344212857345,-0.0006017743036168532,0.0008285905124613966,1
2026-07-03 11:00:00+00:00,161.093,161.156,161.053,161.113,1356,161.0318,161.0649,161.1101,161.69214,161.09218771938234,161.24558473670845,-0.15339701732611388,-0.19382662700653813,0.04042960968042425,50.55374592833864,161.1101,161.3834911021488,160.83670889785117,0.0033938418776826673,0.23021428571428462,0.4908681650689731,0.0015292135739461976,-0.0007380668849855665,0.0008238380838535801,1
2026-07-03 12:00:00+00:00,161.111,161.172,161.096,161.171,1323,161.106,161.06509999999997,161.11960000000002,161.66181999999998,161.1043126856312,161.2400599413967,-0.1357472557654944,-0.1822107527583294,0.046463496992835,46.99720670391009,161.11960000000002,161.38724658550808,160.85195341449196,0.0033223342846936156,0.21992857142856995,0.33083932375885206,0.002307213930348162,1.2409334301244357e-05,0.0008259228676046087,1
2026-07-03 13:00:00+00:00,161.171,161.273,161.168,161.251,1665,161.15,161.07319999999999,161.12875,161.63294,161.1268799647649,161.24087031610807,-0.11399035134317614,-0.16856667247529877,0.05457632113212263,42.32522796352576,161.12875,161.40143402766688,160.8560659723331,0.0033846725387850873,0.2108571428571407,0.1206205416029064,0.0013661965708466894,0.000502574920891119,0.0008406436486581124,1
2026-07-03 14:00:00+00:00,161.25,161.292,161.204,161.292,1483,161.18400000000003,161.0899,161.14105,161.6048,161.15228304710874,161.24465770010008,-0.09237465299133873,-0.1533282685785068,0.06095361558716805,54.66179159049392,161.14105,161.42013532933476,160.86196467066526,0.003463863855110143,0.19307142857142473,0.6757124043362642,0.001055101103511591,0.0010364623739334,0.0008342940788830947,1
2026-07-03 15:00:00+00:00,161.291,161.343,161.268,161.316,1343,161.22859999999997,161.1056,161.1506,161.58296,161.17747027063047,161.24994231490749,-0.07247204427702059,-0.13715702371820956,0.06468497944118898,53.90334572490734,161.1506,161.44024471884558,160.86095528115442,0.003594708537797309,0.17335714285713827,0.6415856295680838,0.0013842935447228033,0.0009741931880937749,0.0008336383280691911,1
2026-07-03 16:00:00+00:00,161.314,161.392,161.302,161.347,880,161.2754,161.1536,161.1627,161.56208,161.20355176745656,161.2571317730625,-0.05358000560593723,-0.1204416200957551,0.06686161448981787,58.5249042145594,161.1627,161.46429652377824,160.86110347622176,0.0037427583898537796,0.17099999999999632,0.8495357191006417,0.0014523967650035274,0.00298383136379754,0.0004961457354953798,0
2026-07-03 17:00:00+00:00,161.345,161.357,161.28,161.304,1604,161.302,161.204,161.1731,161.5399,161.21900534169401,161.26060349357638,-0.041598151882368484,-0.10467292645307777,0.06307477457070929,56.16942909760649,161.1731,161.479321729088,160.866878270912,0.003799911140109714,0.1707142857142827,0.7562254737669694,0.000825210490721151,0.0031343283582088155,0.00047391214850725743,1
2026-07-03 18:00:00+00:00,161.301,161.357,161.29,161.351,1161,161.322,161.23600000000002,161.1778,161.51786,161.23931221220266,161.26729953108924,-0.027987318886573576,-0.08933580493977693,0.06134848605320335,60.386029411764454,161.1778,161.49221949852043,160.86338050147955,0.0039015236406060453,0.16942857142856838,0.9491886681317181,0.0006201511928607406,0.001987195012140397,0.00026425254947203214,1
2026-07-03 19:00:00+00:00,161.351,161.377,161.335,161.36,654,161.3356,161.25979999999998,161.17315000000002,161.49450000000002,161.2578795641715,161.27416623249002,-0.01628666831851433,-0.07472597761552441,0.05843930929701008,59.45437441204202,161.17315000000002,161.47283845226048,160.87346154773957,0.003718838432585757,0.1582857142857108,0.9550825991937485,0.0004215956154056677,0.0014771415449161829,0.00023299147995446722,1
2026-07-03 20:00:00+00:00,161.36,161.42,161.328,161.362,1294,161.34480000000002,161.2867,161.18175000000002,161.47134,161.2738980927605,161.28067243749075,-0.0067743447302461846,-0.06113565103846876,0.05436130630822258,82.01811125485051,161.18175000000002,161.49311837211752,160.87038162788252,0.0038635685754435513,0.11621428571428234,0.99999999999764,0.0002851546033870722,0.0016698428857864211,0.00020971284243273235,1
2026-07-05 21:00:00+00:00,161.274,161.327,161.247,161.326,278,161.3406,161.308,161.18644999999998,161.44650000000001,161.28191377079733,161.28403003471365,-0.002116263916320804,-0.04933177361403917,0.047215509697718365,85.44474393530652,161.18644999999998,161.5037925676778,160.86910743232215,0.003937583682472399,0.10392857142856624,0.9999999999976809,-0.00013015426379181516,0.0013220534655800087,0.00024358784289577948,1
2026-07-05 22:00:00+00:00,161.332,161.468,161.294,161.415,768,161.3628,161.3324,161.19875000000002,161.42454,161.30238857529005,161.29373151362378,0.008657061666269783,-0.03773400655797738,0.04639106822424716,81.9999999999961,161.19875000000002,161.53191970544873,160.8655802945513,0.004133651228048738,0.09764285714285036,0.920111720696104,0.0006881416455883915,0.0015139199980145346,0.00026965612260352614,1
2026-07-05 23:00:00+00:00,161.415,161.507,161.415,161.455,1033,161.3836,161.3528,161.21300000000002,161.40404,161.32586725601465,161.3056773274294,0.02018992858523916,-0.02614921952933407,0.04633914811457323,80.32786885245537,161.21300000000002,161.56484805332525,160.8611519466748,0.0043650084462819655,0.09221428571428143,0.8813327337373641,0.0006445575174620632,0.0012651084334360796,0.0002446096548224861,1
2026-07-06 00:00:00+00:00,161.457,161.602,161.454,161.528,2931,161.4172,161.3764,161.23315,161.38384,161.35696460124313,161.32214567354575,0.034818927697386926,-0.013955590083989868,0.04877451778137679,86.67790893760449,161.23315,161.60911095821564,160.85718904178435,0.00466356897716931,0.09599999999999552,0.9999999999977454,0.0010411502231035819,0.001463184782878102,0.0002633797843795908,1
2026-07-06 01:00:00+00:00,161.528,161.814,161.526,161.807,2395,161.50619999999998,161.4255,161.26555000000002,161.3691,161.42620081643648,161.35806080883867,0.0681400075978047,0.0024635294523690505,0.06567647814543565,90.72769953051557,161.26555000000002,161.71842547957152,160.81267452042852,0.005616518587776534,0.10921428571427937,0.999999999997934,0.002757774445036665,0.0030437154405018596,0.000565167265836265,1
2026-07-06 02:00:00+00:00,161.809,161.848,161.746,161.773,1560,161.5956,161.4681,161.31085000000002,161.35336,161.4795545369847,161.388797045221,0.09075749176369641,0.02012232191463453,0.07063516984906187,86.35265700483102,161.31085000000002,161.77692624178346,160.84477375821658,0.005778609954425762,0.11107142857142296,0.9096111751293448,0.0027707871018931574,0.0026402722083458396,0.0005878815251987171,1
2026-07-06 03:00:00+00:00,161.773,161.861,161.76,161.837,1180,161.68,161.5214,161.3627,161.3395,161.53454614667936,161.4219972640935,0.11254888258585538,0.03860763404887871,0.07394124853697667,86.0837438423643,161.3627,161.82013592015673,160.90526407984325,0.005669661206173923,0.11078571428570935,0.8738890107141161,0.002614379084967311,0.0033043197936815094,0.0005580382584502591,1
2026-07-06 04:00:00+00:00,161.84,161.943,161.805,161.936,1095,161.7762,161.5799,161.40795,161.32782,161.59630827795945,161.46007154082733,0.1362367371321227,0.058133454665527516,0.07810328246659518,87.01149425287369,161.40795,161.90459621528294,160.91130378471706,0.006153925073491566,0.11435714285713873,0.8990829466458737,0.0029791582793967653,0.003625636035723412,0.0005647244626628285,1
2026-07-06 05:00:00+00:00,161.936,162.084,161.88,162.075,1756,161.8856,161.65140000000002,161.45559999999998,161.32012,161.6699531582734,161.50562179706233,0.16433136121105463,0.07937303597463295,0.08495832523642168,88.52791878172576,161.45559999999998,162.01556255513634,160.8956374448636,0.006936427787408624,0.1235714285714258,0.936345751065463,0.003386409786538591,0.004431085770946863,0.0005733166142407148,1
2026-07-06 06:00:00+00:00,162.073,162.304,162.024,162.248,3765,161.9738,161.73999999999998,161.51335,161.31644,161.75888344161592,161.5606127750577,0.19827066655821568,0.1031525620913495,0.09511810446686618,89.97338065661035,161.51335,162.14897957600445,160.87772042399556,0.007870923066166945,0.1371428571428542,0.9781725513298629,0.002725469231862565,0.00549075990629766,0.0005823996056207136,1
2026-07-06 07:00:00+00:00,162.251,162.313,162.151,162.156,3412,162.0504,161.823,161.5655,161.31292,161.81997829675194,161.60471553246083,0.21526276429111135,0.1255746025313019,0.08968816175980945,86.22448979591978,161.5655,162.23316600537518,160.8978339946248,0.008264957622452765,0.14321428571428133,0.8560047670779567,0.0023675149746869018,0.005144861956535296,0.0006402683730257576,1
2026-07-06 08:00:00+00:00,162.158,162.29,162.158,162.243,1980,162.1316,161.9058,161.61909999999997,161.3213,161.8850585587901,161.65199586338966,0.23306269540043445,0.1470722211051284,0.08599047429530604,86.67763157894866,161.61909999999997,162.32447213768924,160.9137278623107,0.008728821503018725,0.1479999999999941,0.8704944889514955,0.0025086970223127114,0.0051296347923055485,0.000640185841498939,1
2026-07-06 09:00:00+00:00,162.244,162.347,162.226,162.327,1559,162.2098,161.993,161.6729,161.33914,161.9530495497455,161.70199616980523,0.25105337994025945,0.16786845287215463,0.08318492706810482,87.45158791634506,161.6729,162.42279091136248,160.9230090886375,0.009276643288547243,0.1536428571428518,0.6849841391023426,0.002414534136943036,0.005400885695704627,0.0006334656100821825,1
2026-07-06 10:00:00+00:00,162.328,162.409,162.253,162.304,2056,162.25560000000002,162.0706,161.7235,161.36476,162.0070419267077,161.74658904611596,0.26045288059174254,0.18638533841607224,0.0740675421756703,85.89939024390395,161.7235,162.50122854146363,160.94577145853637,0.009618002843911132,0.1582142857142819,0.5357319329389529,0.0014129261144533167,0.004804120647813548,0.0006693273171483104,0
2026-07-06 11:00:00+00:00,162.303,162.352,162.279,162.33,1367,162.272,162.12290000000002,161.7742,161.38739999999999,162.05672778413728,161.7898046723296,0.2669231118076709,0.202492893094392,0.06443021871327892,88.55606758832745,161.7742,162.57202192974094,160.97637807025907,0.009863401330260745,0.1552142857142838,0.7911858366263045,0.0005053991420542747,0.0032322458237283858,0.0005090004547111681,0
2026-07-06 12:00:00+00:00,162.33,162.424,162.302,162.393,1875,162.3194,162.18490000000003,161.8265,161.40815999999998,162.1084619711931,161.83448580771258,0.273976163480512,0.21678954717161603,0.05718661630889599,88.32288401254091,161.8265,162.64332015027256,161.00967984972746,0.010095011018251622,0.15150000000000066,0.7687639739053825,0.0014615555391104262,0.003832530768422382,0.0004732995915818252,0
2026-07-06 13:00:00+00:00,162.393,162.416,162.308,162.336,2101,162.33800000000002,162.2348,161.8781,161.42534,162.14346782177878,161.87163500714126,0.27183281463751996,0.2277982006647968,0.04403461397272315,84.06805877803767,161.8781,162.6862831215085,161.06991687849148,0.009985082868016193,0.15264285714285716,0.0,0.0005732142526950756,0.003083349295896598,0.0005268892011555207,0
2026-07-06 14:00:00+00:00,162.339,162.383,162.269,162.356,2024,162.34380000000002,162.2768,161.92835,161.45198,162.1761650799667,161.90751389550118,0.2686511844655115,0.23596879742493976,0.03268238704057175,83.38709677419573,161.92835,162.72340875982556,161.13329124017443,0.009819883421594369,0.15021428571428633,0.0,0.00017865173384579158,0.002593617231498868,0.0005181781312272829,0
2026-07-06 15:00:00+00:00,162.354,162.364,162.271,162.283,1581,162.3396,162.2976,161.97449999999998,161.48054,162.19260122151027,161.93532768101963,0.2572735404906439,0.24022974603808062,0.017043794452563266,73.0174081237925,161.97449999999998,162.73714373968488,161.21185626031507,0.009416837090837191,0.13628571428571742,0.0,-0.00012938682965313308,0.0012833564707697143,0.0005152003598074243,0
2026-07-06 16:00:00+00:00,162.282,162.314,162.238,162.257,1036,162.325,162.29850000000002,162.01925,161.50495999999998,162.20250872589332,161.95915526020335,0.24335346568997807,0.24085448996846015,0.0024989757215179154,73.58674463937837,162.01925,162.73410291088925,161.30439708911075,0.008824296012841053,0.1344285714285738,0.03357734358678433,-0.00044970122589793604,5.547063754263171e-05,0.00039995756456393704,0
2026-07-06 17:00:00+00:00,162.257,162.271,162.14,162.174,1142,162.28119999999998,162.3003,162.06165000000001,161.53029999999998,162.19812276806357,161.97506968537348,0.22305308269008606,0.23729420851278532,-0.014241125822699263,66.1244019138775,162.06165000000001,162.69985744853435,161.42344255146568,0.007876107006615457,0.13657142857143104,0.0,-0.0013485802959486426,0.00011100421816023776,0.0003914223856510642,0
2026-07-06 18:00:00+00:00,162.174,162.187,162.015,162.045,1418,162.22299999999998,162.28050000000002,162.09315,161.55158,162.17456541913072,161.98024970867917,0.19431571045154783,0.22869850890053786,-0.03438279844899003,55.06976744185988,162.09315,162.65453785728945,161.53176214271056,0.006926731416959278,0.13900000000000393,0.0,-0.0017925783560025499,-0.0012203916347701682,0.00041847840845412264,1
2026-07-06 19:00:00+00:00,162.047,162.114,162.029,162.051,1446,162.162,162.2529,162.12295,161.57124,162.15555535464907,161.98549047099922,0.17006488364984307,0.21697178385039892,-0.04690690020055585,48.726114649681406,162.12295,162.59840500644552,161.6474949935545,0.005865363373236356,0.13050000000000392,0.0,-0.0018785877947227192,-0.0017002716738435675,0.0003604013715058073,1
2026-07-06 20:00:00+00:00,162.047,162.11,162.028,162.071,816,162.1196,162.22959999999998,162.1501,161.59174,162.1425468385492,161.99182451018447,0.1507223283647363,0.2037218927532664,-0.052999564388530096,38.783269961977076,162.1501,162.53610894453283,161.7640910554672,0.0047611311313754175,0.11635714285714828,0.0,-0.0013063598774978313,-0.0014355776813880228,0.00037227815168351663,0
2026-07-06 21:00:00+00:00,162.071,162.097,162.033,162.084,508,162.08499999999998,162.20499999999998,162.16394999999997,161.61092,162.13353963261855,161.9986523242449,0.13488730837366347,0.18995497587734583,-0.05506766750368236,44.929577464788395,162.16394999999997,162.51655801256135,161.8113419874386,0.004348784209577727,0.1093571428571514,0.12348728212828111,-0.0010662097783146196,-0.001515431528368194,0.00036582976711158543,0
2026-07-06 22:00:00+00:00,162.089,162.096,162.038,162.069,608,162.064,162.1726,162.17875,161.6302,162.12361045836954,162.00386326318971,0.11974719517982635,0.17591341973784194,-0.05616622455801559,36.363636363635955,162.17875,162.48392354854735,161.87357645145266,0.0037634221320283247,0.10392857142858045,0.0,-0.000647452735950349,-0.001995159889896847,0.0003151026962419072,0
2026-07-06 23:00:00+00:00,162.069,162.107,161.995,162.093,905,162.0736,162.1483,162.19155,161.65014,162.11890115708195,162.01046598443492,0.1084351726470345,0.16241777031968047,-0.05398259767264596,29.757785467127363,162.19155,162.45499077532037,161.92810922467964,0.003248514183634866,0.10328571428572227,0.0,0.0002962140146256509,-0.001496895328208292,0.00032773840511847083,0
2026-07-07 00:00:00+00:00,162.093,162.18,162.08,162.131,1865,162.0896,162.12579999999997,162.2013,161.66762,162.1207625175309,162.01939443003232,0.10136808749857096,0.15020783375545857,-0.04883974625688761,35.4131534569986,162.2013,162.43799398408365,161.96460601591636,0.0029185214185539045,0.09928571428572143,0.09618253775177116,0.0004936717453147832,-0.0013858434551232701,0.00033970045277685373,0
2026-07-07 01:00:00+00:00,162.131,162.145,161.685,161.869,3600,162.04919999999998,162.08440000000002,162.191,161.67594,162.08202982252612,162.0082541018818,0.0737757206443348,0.13492141113323383,-0.061145690488899035,22.195416164052574,162.191,162.46571094856102,161.91628905143898,0.003387499288629115,0.1269285714285786,0.0,-0.0012463673328355629,-0.0025510990060572114,0.0005762321052993091,1
2026-07-07 02:00:00+00:00,161.871,161.924,161.793,161.916,1702,162.0156,162.0503,162.17440000000002,161.69046,162.05648677290674,162.00142046470538,0.05506630820136138,0.11895039054685934,-0.06388408234549796,20.664206642066773,162.17440000000002,162.47363720567355,161.87516279432649,0.0036903137076324598,0.12757142857143475,0.0,-0.001036499592803719,-0.0021016042451174055,0.0006015488593759764,1
2026-07-07 03:00:00+00:00,161.916,161.925,161.791,161.869,1633,161.97560000000001,162.01979999999998,162.16005,161.7032,162.027642653998,161.99161154139387,0.03603111260412106,0.10236653495831169,-0.06633542235419063,20.921544209215554,162.16005,162.48904878418645,161.83105121581357,0.00405770452323416,0.12942857142857836,0.004102769604625617,-0.0012340422906291781,-0.0018806960425222785,0.0005932454677774479,1
2026-07-07 04:00:00+00:00,161.869,161.883,161.677,161.796,1674,161.9162,161.99489999999997,162.13770000000002,161.71574,161.99200532261366,161.9771217975869,0.014883525026760935,0.08486993297200154,-0.06998640794524061,17.289719626170054,162.13770000000002,162.50182901125606,161.77357098874398,0.004491602030324098,0.13600000000000786,0.0,-0.0018322814680461486,-0.0015366102008701477,0.0005633055963936888,1
2026-07-07 05:00:00+00:00,161.796,161.89,161.746,161.868,1979,161.8636,161.9766,162.11475000000002,161.72969999999998,161.9729275806731,161.96903870146934,0.00388887920374259,0.06867372221834976,-0.06478484301460717,25.730994152048567,162.11475000000002,162.48642381001204,161.743076189988,0.004585317622388175,0.1396428571428621,0.1499417513426871,-0.0016221450555415906,-0.001129274117407486,0.0005926572252254002,1
2026-07-07 06:00:00+00:00,161.865,162.043,161.859,162.02,1873,161.8938,161.97150000000002,162.10055,161.7476,161.98016949133876,161.9728136124716,0.007355878867144838,0.05641015354810877,-0.04905427468096393,37.92048929663734,162.10055,162.4633754473702,161.7377245526298,0.0044765480113447935,0.1473571428571481,0.42246142913103724,0.0009328531096133297,-0.0003146769008643968,0.0006786641280308506,0
2026-07-07 07:00:00+00:00,162.019,162.079,161.649,161.959,4120,161.9024,161.959,162.082,161.7636,161.9769126465174,161.97179038191814,0.005122264599265236,0.046152575758340066,-0.04103031115907483,38.7904066736192,162.082,162.43318086507702,161.73081913492297,0.004333372799904077,0.16871428571429142,0.5691016367232635,0.00026556980162562027,-0.0007712050541693882,0.0006856598448792433,0
2026-07-07 08:00:00+00:00,161.959,161.969,161.824,161.898,2653,161.9082,161.9419,162.05725,161.78422,161.96477223936085,161.96632442770198,-0.0015521883411224735,0.03661162293844756,-0.03816381127957003,41.750841750842945,162.05725,162.3851433555714,161.72935664442863,0.0040466360569659954,0.1667857142857169,0.778114733139743,0.0001791572197269442,-0.0010551061584880284,0.0006922324642907506,0
2026-07-07 09:00:00+00:00,161.9,161.964,161.813,161.938,1986,161.9366,161.9264,162.03735,161.80698,161.96065343330534,161.96422632194628,-0.0035728886409458482,0.028574720622568876,-0.032147609263514725,43.89189189189237,162.03735,162.3414588966948,161.7332411033052,0.0037535654180323188,0.1715000000000028,0.9624569135249886,0.0008776483967465332,-0.00095624117019244,0.0006969505964911413,0
2026-07-07 10:00:00+00:00,161.937,161.961,161.873,161.933,1390,161.94959999999998,161.9066,162.0162,161.82502,161.9563990589507,161.96191326106137,-0.00551420211067466,0.021756936075920167,-0.027271138186594827,42.41758241758257,162.0162,162.28362247277238,161.74877752722762,0.003301181891346434,0.17192857142857423,0.9091169331635642,0.00040156176637751173,-0.0012212346805978713,0.0006879898977333161,0
2026-07-07 11:00:00+00:00,161.933,161.955,161.843,161.915,1746,161.92860000000002,161.91119999999998,161.9978,161.84088,161.95002997295828,161.95843820468644,-0.008408231728168403,0.01572390251510245,-0.024132134243270854,40.76502732240426,161.9978,162.23708982646363,161.7585101735364,0.0029542355076873725,0.1753571428571458,0.8824582993319905,-0.0006480681397359467,0.0002841804174980034,0.0004474128888985334,1
2026-07-07 12:00:00+00:00,161.915,161.926,161.751,161.834,2186,161.90359999999998,161.903,161.97665,161.85569999999998,161.93217920788777,161.94922055989485,-0.017041352007083788,0.009170851610665201,-0.026212203617748987,38.02242609582163,161.97665,162.19316913734932,161.7601308626507,0.002673461111207186,0.18371428571428794,0.7793614093796521,-0.0007718002704387716,-0.0005064354356579814,0.00046548942055889807,1
2026-07-07 13:00:00+00:00,161.835,161.898,161.809,161.893,1997,161.9026,161.90540000000001,161.9626,161.8713,161.9261516374435,161.9450560739767,-0.01890443653320517,0.0035557939818911255,-0.022460230515096297,40.157480314961376,161.9626,162.16090056930295,161.76429943069706,0.0024487204984724132,0.18207142857143108,0.8596200513358507,-3.0883642787360444e-05,0.0001482680439119921,0.0004740029665776296,1
2026-07-07 14:00:00+00:00,161.894,162.021,161.854,161.911,2918,161.8972,161.9169,161.95589999999999,161.8861,161.92382061629834,161.94253340183027,-0.018712785531931786,-0.0008979219208734582,-0.01781486361105833,38.955823293172855,161.95589999999999,162.15151498165793,161.76028501834205,0.002415657369171976,0.18685714285714386,0.8144486642107334,-0.0001667304770961442,0.0007107715889145272,0.00044505937855327546,1
2026-07-07 15:00:00+00:00,161.908,161.943,161.854,161.908,1798,161.8922,161.92090000000002,161.94875,161.89924,161.92138667532936,161.93997537206508,-0.018588696735719168,-0.004436076883842601,-0.014152619851876568,52.64586160108453,161.94875,162.14013704239423,161.75736295760575,0.0023635507207587572,0.16035714285714317,0.9999999999971716,-0.00015438483817387105,0.0002471149331553235,0.0004255040390921544,1
2026-07-07 16:00:00+00:00,161.908,161.956,161.866,161.932,1252,161.8956,161.91209999999998,161.9418,161.91204,161.92301949450945,161.93938460376395,-0.01636510925450807,-0.006821883357975697,-0.009543225896532373,51.12044817927105,161.9418,162.12438794563488,161.75921205436512,0.0022549822915995583,0.15742857142856995,0.9568557728105215,0.00010499336071401189,-0.0005431428218739542,0.00028796937250572083,1
2026-07-07 17:00:00+00:00,161.932,161.94,161.875,161.889,1098,161.9066,161.9051,161.93204999999998,161.9235,161.91778572612338,161.93565241089254,-0.0178666847691602,-0.0090308436402126,-0.008835841128947601,51.40845070422605,161.93204999999998,162.10312889837763,161.76097110162232,0.0021129714392877524,0.15249999999999733,0.9650015293571074,0.000339854418725416,-0.0004322081514457343,0.00027606704494921645,1
2026-07-07 18:00:00+00:00,161.889,161.969,161.855,161.929,1324,161.91379999999998,161.9082,161.92505,161.93514,161.9195109990275,161.93515963971532,-0.015648640687828674,-0.010354403049735816,-0.005294237638092858,59.8227474150673,161.92505,162.08352759262704,161.76657240737296,0.0019574190976261764,0.14592857142856783,0.9999999999970667,0.00022236909563733143,0.00019147858528212325,0.00026248615703498997,1
2026-07-07 19:00:00+00:00,161.927,162.138,161.927,162.07,2034,161.9456,161.9214,161.9239,161.95046,161.94266315302326,161.9451478145512,-0.002484661527944354,-0.008780454745377524,0.00629579321743317,63.53887399463829,161.9239,162.0775049615311,161.7702950384689,0.001897248788240667,0.15071428571428466,0.9999999999960966,0.0009820209868383056,0.0008151267769147541,0.0003733389418762352,1
2026-07-07 20:00:00+00:00,162.072,162.121,162.045,162.072,729,161.97840000000002,161.9353,161.92095,161.96488000000002,161.96256112948123,161.9545442727326,0.008016856748639611,-0.005420992446574096,0.013437849195213708,54.3624161073821,161.92095,162.05931865326718,161.78258134673283,0.0017090889507155045,0.14300000000000068,0.6403708727912013,0.0010129209180522736,0.0008583797002463811,0.00037214120386725537,1
2026-07-07 21:00:00+00:00,162.068,162.157,162.025,162.152,607,162.0224,161.959,161.93509999999998,161.98072,161.99170557109952,161.96917062290055,0.02253494819896673,0.00017019568253407106,0.02236475251643266,65.69105691056899,161.93509999999998,162.10531583820364,161.76488416179632,0.0021022723079018703,0.12171428571428626,0.9999999999963859,0.0013585949657881624,0.0014637309699534473,0.00038546674648929215,1
2026-07-07 22:00:00+00:00,162.161,162.193,162.1,162.179,665,162.0804,161.99349999999998,161.94825,161.99706,162.02052009862265,161.98471353972275,0.035806558899906804,0.00729746832600862,0.028509090573898183,74.18244406196429,161.94825,162.1499729731368,161.7465270268632,0.0024912028766820317,0.11800000000000312,0.9999999999972344,0.0017913508638633946,0.002131814081095529,0.0003118244063868179,1
2026-07-07 23:00:00+00:00,162.179,162.363,162.166,162.357,1347,162.166,162.0399,161.97265,162.01768,162.07228623729608,162.0122903145581,0.05999592273798271,0.017837159208403442,0.04215876352957927,79.13769123783248,161.97265,162.24104740762056,161.70425259237942,0.003314107753630859,0.12128571428571686,0.9999999999975677,0.002643133719099078,0.002866090565991186,0.00041910128269780517,1
2026-07-08 00:00:00+00:00,162.36,162.401,162.253,162.344,2954,162.2208,162.08319999999998,162.00005,162.03626,162.11408835463516,162.0368614023686,0.07722695226655674,0.02971511782003411,0.04751183444652263,78.26685006877685,162.00005,162.30227227790073,161.69782772209925,0.003731138081756633,0.1255714285714313,0.9788195171271384,0.0016906275066328469,0.002674308725163721,0.00043214250594846053,0
2026-07-08 01:00:00+00:00,162.343,162.46,162.279,162.356,2002,162.27759999999998,162.128,162.02444999999997,162.05428,162.15130553084512,162.06050129848944,0.09080423235567991,0.041932940727163276,0.04887129162851664,80.58252427184588,162.02444999999997,162.3588663651191,161.69003363488085,0.004127974081925601,0.1305000000000019,0.9999999999976503,0.0017523076163679097,0.002767003483459707,0.0004263003973887842,0
2026-07-08 02:00:00+00:00,162.358,162.429,162.336,162.343,1510,162.3158,162.16910000000001,162.04059999999998,162.07057999999998,162.1807969876382,162.08142712823098,0.09936985940720433,0.05342032446317149,0.04594953494403284,88.97396630934094,162.04059999999998,162.40404862808856,161.6771513719114,0.00448589585682325,0.1246428571428595,0.9999999999980007,0.001177907148848023,0.0025381024133586116,0.0004398280008145422,0
2026-07-08 03:00:00+00:00,162.342,162.351,162.288,162.34,1199,162.348,162.2142,162.05965,162.08124,162.2052897587708,162.10058067428795,0.10470908448283467,0.06367807646710413,0.041031008015730536,87.43718592964973,162.05965,162.44440543838226,161.67489456161775,0.004748318762656304,0.1227857142857159,0.969275541091332,0.0009927302548418115,0.0027858594469050146,0.00041358154548685707,1
2026-07-08 04:00:00+00:00,162.341,162.406,162.333,162.364,1067,162.3494,162.2577,162.08294999999998,162.09305999999998,162.2297067189599,162.1200932169333,0.10961350202660469,0.07286516157900425,0.03674834044760045,87.56218905472784,162.08294999999998,162.48263802307017,161.6832619769298,0.004931894725141459,0.11607142857143263,0.9627041996503916,4.311486415731203e-05,0.002686362541607812,0.0004156000991177983,1
2026-07-08 05:00:00+00:00,162.364,162.372,162.204,162.294,1494,162.3394,162.2801,162.10075,162.10219999999998,162.23959799296608,162.13297520086417,0.10662279210191627,0.07961668768358665,0.027006104418329624,78.80597014925729,162.10075,162.50494113508395,161.69655886491606,0.004986912584722137,0.12171428571429033,0.7313857030351009,-0.0003079879761492821,0.001382118837539359,0.000409811468528244,1
2026-07-08 06:00:00+00:00,162.295,162.306,162.075,162.203,2683,162.3088,162.2932,162.11425,162.10754,162.23396753250975,162.13816222302236,0.09580530948738897,0.08285441204434713,0.012950897443041842,68.38534599728816,162.11425,162.5128474753616,161.7156525246384,0.004917488442399258,0.13178571428572233,0.45192765278337754,-0.0009423735494837882,0.0008082827385360591,0.00046563071023061816,1
2026-07-08 07:00:00+00:00,162.2,162.289,162.176,162.221,2571,162.2844,162.30010000000001,162.12955,162.11046,162.23197252750825,162.14429835465035,0.08767417285790202,0.08381836420705811,0.0038558086508439088,73.31460674157294,162.12955,162.51933886322078,161.7397611367792,0.0048083629815883246,0.1352142857142939,0.5475683846447157,-0.0007514952908347361,0.00042552666633777214,0.00044312532651853166,1
2026-07-08 08:00:00+00:00,162.221,162.494,162.207,162.487,3611,162.3138,162.33089999999999,162.1622,162.11524,162.27120752327622,162.1696836617133,0.10152386156292437,0.08735946367823137,0.014164397884692995,79.74413646055436,162.1622,162.55711323496953,161.7672867650305,0.004870595428151836,0.14757142857143687,0.7333309315819795,0.0009055069606997979,0.0018991361396973883,0.0006737623103785018,1
2026-07-08 09:00:00+00:00,162.486,162.556,162.242,162.46,3666,162.333,162.34120000000001,162.19055,162.12132,162.30025251969528,162.19118857566045,0.10906394403482977,0.09170035974955107,0.017363584285278705,73.66504854369069,162.19055,162.58550101627839,161.79559898372162,0.004870209963260915,0.15492857142858035,0.5576933804935552,0.0005912640733167773,0.000634404429744384,0.0005989799746535347,1
2026-07-08 10:00:00+00:00,162.458,162.475,162.404,162.475,1647,162.3692,162.35430000000002,162.21875,162.12596,162.32713674743445,162.21221164413004,0.11492510330441519,0.0963453084605239,0.018579794843891287,74.0740740740747,162.21875,162.6101829276367,161.8273170723633,0.004825988705210885,0.15457142857143577,0.3600502419990462,0.001115259960318804,0.0008069284975114055,0.0005968631662497829,1
2026-07-08 11:00:00+00:00,162.475,162.555,162.42,162.536,2164,162.43580000000003,162.3723,162.25015000000002,162.13014,162.35926955552145,162.23619596678708,0.12307358873437124,0.10169096451529337,0.02138262421907787,73.47188264058816,162.25015000000002,162.63735497767073,161.8629450223293,0.004772938301390856,0.15478571428572252,0.24705573108741014,0.002052982990450314,0.001108674764098705,0.0006040485115053218,0
2026-07-08 12:00:00+00:00,162.535,162.542,162.44,162.517,2399,162.495,162.3897,162.2794,162.1344,162.3835357777489,162.2569962655436,0.12653951220531212,0.10666067405329716,0.019878838152014966,70.86419753086449,162.2794,162.65357552874542,161.9052244712546,0.0046114975621725385,0.15542857142857866,0.12039910863347886,0.0018246712817697741,0.001071804759059658,0.00060545328183835,1
2026-07-08 13:00:00+00:00,162.517,162.566,162.482,162.539,2550,162.5054,162.4096,162.3119,162.13858,162.40745335040293,162.2778854310589,0.12956791934402645,0.111242123111443,0.018325796232583444,63.914373088684776,162.3119,162.65491750760336,161.96888249239666,0.004226646445557587,0.14735714285715013,0.0,0.00032002560204813513,0.0012258223481580455,0.0006038547984714989,0
2026-07-08 14:00:00+00:00,162.538,162.621,162.51,162.607,1877,162.5348,162.4339,162.3458,162.14286,162.43815283495633,162.3022642880175,0.13588854693881558,0.11617140787691753,0.01971713906189805,68.54724964739171,162.3458,162.66248586460114,162.02911413539886,0.0039013742837959537,0.14471428571429254,0.18487437197782008,0.0009048381139973305,0.0014966371855829053,0.0006111230486871599,0
2026-07-08 15:00:00+00:00,162.605,162.705,162.59,162.667,1876,162.57319999999999,162.4712,162.37565,162.14948,162.4733600911169,162.3292817481644,0.144078342952497,0.12175279489203343,0.022325548060463565,70.54161162483598,162.37565,162.69540666734542,162.0558933326546,0.003938480521499575,0.14000000000000665,0.2644591425634973,0.0011817202646562386,0.0022982981502703836,0.0005781097174380774,0
2026-07-08 16:00:00+00:00,162.667,162.668,162.503,162.533,1937,162.5726,162.5042,162.39870000000002,162.15302,162.4825354617143,162.3443719890411,0.13816347267319884,0.12503493044826652,0.013128542224932316,60.820045558086605,162.39870000000002,162.69163081632692,162.10576918367312,0.00360755124673906,0.14514285714286604,0.0,-1.8457449426634298e-05,0.0020344876481939167,0.0006223653288176194,0
2026-07-08 17:00:00+00:00,162.53,162.55,162.418,162.53,1689,162.5752,162.5351,162.4176,162.15796,162.48983769837363,162.3581222120751,0.13171548629853191,0.1263710416183196,0.005344444680212307,60.820045558086605,162.4176,162.6916821236826,162.1435178763174,0.0033750298450734855,0.15007142857143865,0.0,7.999163164473799e-05,0.0019048088718476297,0.0006258380810068052,1
2026-07-08 18:00:00+00:00,162.528,162.558,162.442,162.476,1474,162.5626,162.53400000000002,162.43245,162.16234,162.48770882170075,162.36685390006954,0.12085492163120648,0.12526781762089698,-0.004412895989690496,56.16740088105707,162.43245,162.6832990634378,162.18160093656218,0.0030886570194294553,0.15314285714286566,0.0,-0.00038759928386411513,-6.769772351011838e-05,0.0003813915190376455,1
2026-07-08 19:00:00+00:00,162.474,162.555,162.422,162.477,1469,162.5366,162.5357,162.43845000000002,162.1684,162.48606131066987,162.37501287043474,0.11104844023512328,0.12242394214374223,-0.011375501908618954,60.90584028605441,162.43845000000002,162.687434019771,162.18946598022904,0.0030655798521959854,0.1506428571428659,0.20097945235038686,-0.0007994735773982908,0.00010464114243502465,0.0003772566122626251,0
2026-07-08 20:00:00+00:00,162.475,162.613,162.46,162.529,961,162.509,162.5411,162.4477,162.17808000000002,162.49266726287448,162.38641932447663,0.10624793839784274,0.11918874139456234,-0.012940802996719597,70.37500000000003,162.4477,162.69565339119796,162.19974660880203,0.003052716550594034,0.1450714285714351,0.6026109539625094,-0.0008483589172972872,0.00033235882443460874,0.0003894193718182003,0
2026-07-08 21:00:00+00:00,162.522,162.529,162.391,162.483,633,162.499,162.5358,162.45405,162.18672,162.49117999166302,162.39357344858948,0.09760654307353889,0.11487230173035767,-0.017265758656818786,65.82125603864785,162.45405,162.69859682039328,162.2095031796067,0.003010658341768419,0.14685714285714976,0.4094653021406822,-0.00030762983517185205,-0.00032608160653635476,0.00038071114892899863,0
2026-07-08 22:00:00+00:00,162.555,162.61,162.549,162.564,427,162.5058,162.5405,162.46509999999998,162.19657999999998,162.50238306986873,162.40619763758284,0.0961854322858926,0.11113492784146466,-0.014949495555572054,55.98755832037337,162.46509999999998,162.70848827545223,162.22171172454773,0.002996191495308804,0.1354285714285786,0.0,0.00020919214914161266,0.0002892005144077281,0.000413858152602436,0
2026-07-08 23:00:00+00:00,162.564,162.578,162.531,162.54,588,162.5186,162.54059999999998,162.4751,162.2057,162.50817028988894,162.4161089236878,0.09206136620113625,0.10732021551339899,-0.015258849312262734,56.24999999999889,162.4751,162.71322416044055,162.23697583955945,0.002931208048993955,0.11635714285714828,0.014510350318322976,0.00039390433048569484,6.152369585121775e-06,0.0004154487772236599,0
2026-07-09 00:00:00+00:00,162.54,162.54,162.361,162.441,2469,162.5114,162.524,162.47895,162.21313999999998,162.4978363991368,162.41795270711833,0.07988369201845558,0.1018329108144103,-0.021949218795954725,47.65193370165799,162.47895,162.71194557257198,162.24595442742802,0.0028680093337872985,0.12407142857143429,0.0,-0.00022156982219023735,-0.0010208662603701235,0.0004275502275784479,0
2026-07-09 01:00:00+00:00,162.441,162.57,162.41,162.447,2172,162.495,162.502,162.4866,162.22021999999998,162.49001541465418,162.42010435844293,0.06991105621125371,0.095448539893779,-0.025537483682525286,43.34828101644238,162.4866,162.70351948541781,162.2696805145822,0.002669998454245513,0.12585714285714694,0.0,-0.0005045253462458987,-0.0013524562449667155,0.00039883256652605085,0
2026-07-09 02:00:00+00:00,162.445,162.502,162.434,162.47,1189,162.4924,162.4957,162.49994999999998,162.22699999999998,162.48693612009197,162.4238003318916,0.06313578820035559,0.08898598955509432,-0.025850201354738728,46.508172362555804,162.49994999999998,162.67149956318104,162.32840043681892,0.002111379888806855,0.1234285714285761,0.11620096823029326,-8.000837010646578e-05,-0.000387613592316538,0.0003233518336834364,0
2026-07-09 03:00:00+00:00,162.47,162.494,162.408,162.448,1054,162.4692,162.4875,162.51129999999998,162.23858,162.48094594777012,162.42559289989964,0.0553530478704829,0.08225940121817205,-0.02690635334768915,43.2392273402687,162.51129999999998,162.62563855543596,162.396961444564,0.0014071459084504052,0.12357142857143393,0.0,-0.0007135651189684733,-0.0005045222420475559,0.0003246498928717162,0
2026-07-09 04:00:00+00:00,162.448,162.463,162.407,162.429,881,162.447,162.4828,162.5084,162.24884,162.4729542634978,162.42584527768486,0.04710898581294032,0.0752293181371257,-0.028120332324185385,35.73717948717895,162.5084,162.62814780514955,162.38865219485044,0.0014737429591277493,0.11964285714285998,0.0,-0.0006829088224435953,-0.0002892734927004703,0.00031072372639924344,0
2026-07-09 05:00:00+00:00,162.43,162.434,162.341,162.367,1388,162.43220000000002,162.4718,162.50375,162.25879999999998,162.45665360757508,162.42148636822674,0.03516723934833976,0.06721690237936852,-0.032049663031028755,26.03833865814515,162.50375,162.63778200716024,162.36971799283975,0.001649586636126778,0.11807142857143,0.0,-0.00045555001508246207,-0.0006770189011368055,0.00032950330246349363,1
2026-07-09 06:00:00+00:00,162.37,162.372,162.247,162.296,1979,162.402,162.44850000000002,162.4948,162.2688,162.43193766794812,162.41219108169142,0.01974658625670145,0.0577228391548351,-0.03797625289813365,28.952042628773384,162.4948,162.65770985559095,162.33189014440904,0.002005108539977324,0.11521428571428569,0.06571771266572693,-0.0009295339403005975,-0.0014335903131134087,0.000317294307132187,1
2026-07-09 07:00:00+00:00,162.296,162.395,162.296,162.343,1716,162.3766,162.4345,162.48515,162.2783,162.41825494980228,162.40706581638094,0.011189133421339648,0.04841609800813601,-0.03722696458679636,34.59637561779071,162.48515,162.66019679072582,162.3101032092742,0.0021546189387253605,0.11285714285714375,0.19302393776653784,-0.0007816827722041397,-0.000861628601146025,0.00034014496900066667,1
2026-07-09 08:00:00+00:00,162.345,162.401,162.299,162.392,1673,162.3654,162.4173,162.4789,162.28573999999998,162.41421572675577,162.40594982998235,0.008265896773423265,0.040386057761193465,-0.0321201609877702,43.023255813952936,162.4789,162.65803699549213,162.2997630045079,0.0022050493386170777,0.11185714285714507,0.38308967436245145,-0.0003447256968384105,-0.001058044831574012,0.00030661560026319054,0
2026-07-09 09:00:00+00:00,162.394,162.45,162.377,162.398,1259,162.35920000000002,162.4031,162.47185,162.29452,162.4117209995626,162.40536095368736,0.006360045875226206,0.03358085538400001,-0.027220809508773806,43.492586490938095,162.47185,162.65212262978244,162.29157737021754,0.002219124479501534,0.10757142857142858,0.3936752859709882,-0.00019085261868267978,-0.0008736311061892099,0.0003093618031030615,0
2026-07-09 10:00:00+00:00,162.398,162.505,162.398,162.482,1068,162.3822,162.4072,162.4656,162.3062,162.42253315347602,162.4110379200809,0.011495233395123705,0.02916373098622475,-0.017668497591101045,46.322378716745035,162.4656,162.63444923202061,162.29675076797938,0.0020785844144313556,0.10428571428571486,0.5098680889725284,0.0007082720010840315,0.0002523993326808416,0.00030328318262479853,0
2026-07-09 11:00:00+00:00,162.483,162.507,162.451,162.471,1401,162.4172,162.4096,162.4558,162.31686,162.42998959140277,162.41547955563044,0.01451003577233223,0.026232991943446245,-0.011722956171114015,49.00662251655623,162.4558,162.59570161955446,162.31589838044556,0.001722334561824822,0.09842857142857245,0.7602456415237228,0.0010782767289396755,0.00014774049382260124,0.0003046382868526589,0
2026-07-09 12:00:00+00:00,162.472,162.472,162.389,162.441,1681,162.4368,162.4067,162.4512,162.32702,162.43168350041773,162.41736995891705,0.014313541500683868,0.02384910185489377,-0.009535560354209903,38.878842676311834,162.4512,162.58638424073624,162.31601575926376,0.0016643058436778173,0.09528571428571452,0.425018136964735,0.0006036601516543616,-0.00017849449129070383,0.0003070129468937177,0
2026-07-09 13:00:00+00:00,162.443,162.452,162.29,162.336,2104,162.42559999999997,162.3955,162.4415,162.33544,162.4169629618919,162.41134255455282,0.005620407339080202,0.020203362951731058,-0.014582955612650855,33.91167192429151,162.4415,162.58065912889194,162.30234087110804,0.0017133445442445085,0.10350000000000088,0.3427915343892285,-0.000344844573624159,-0.0006894513936767099,0.0003656782844925612,0
2026-07-09 14:00:00+00:00,162.339,162.42,162.284,162.363,2298,162.41860000000003,162.38889999999998,162.43585000000002,162.34601999999998,162.40866096775468,162.40776162458593,0.0008993431687542852,0.016342558995135703,-0.015443215826381418,43.0604982206401,162.43585000000002,162.57824940122686,162.29345059877318,0.0017533001640566348,0.10042857142857185,0.7411158651362303,-0.00021551989556523043,-0.00040633138171142225,0.0003724518806543013,1
2026-07-09 15:00:00+00:00,162.363,162.411,162.252,162.288,1747,162.3798,162.381,162.4264,162.35392,162.39009774194625,162.39889039313513,-0.008792651188883838,0.011315516958331794,-0.02010816814721563,37.40095087163242,162.4264,162.58179342259425,162.27100657740576,0.0019134010554225688,0.10035714285714294,0.49470880295119496,-0.0011939784099160855,-0.00048655207030967595,0.00038137295664276836,1
2026-07-09 16:00:00+00:00,162.288,162.325,162.256,162.311,1158,162.3478,162.3825,162.4155,162.36192,162.3779288585699,162.39237999364363,-0.014451135073727528,0.006162186551919929,-0.020613321625647458,37.40095087163242,162.4155,162.57117374790107,162.25982625209895,0.0019169814198898767,0.10042857142856983,0.49470880295119496,-0.00098479113195582,9.242371962359108e-05,0.00035910907327082624,1
2026-07-09 17:00:00+00:00,162.313,162.327,162.271,162.284,988,162.3164,162.3766,162.40555,162.36944000000003,162.36347826494378,162.38435184596634,-0.02087358102255621,0.0007550330370247004,-0.02162861405958091,37.106918238992385,162.40555,162.56833429381203,162.24276570618798,0.0020046641732628457,0.0982857142857126,0.48190712240547684,-0.0009665047617289924,-0.0003634280504857257,0.00034835051928603413,1
2026-07-09 18:00:00+00:00,162.286,162.375,162.285,162.332,900,162.31560000000002,162.3706,162.39395,162.37743999999998,162.3586354549524,162.3804739314503,-0.021838476497890724,-0.0037636688699583865,-0.018074807627932336,42.70676691729252,162.39395,162.54154899442068,162.2463510055793,0.0018177893255344813,0.10078571428571438,0.7257150060417228,-2.4640252316299183e-05,-0.00036947632888317816,0.00034770243746507786,1
2026-07-09 19:00:00+00:00,162.332,162.413,162.318,162.383,943,162.31959999999998,162.3691,162.3861,162.38732,162.3623838464982,162.38066104763917,-0.018277201140961097,-0.006666375324158929,-0.011610825816802168,51.22324159021557,162.3861,162.51671619145338,162.25548380854661,0.0016087114778097946,0.10092857142857221,0.9999999999955099,0.00012318077394479765,-9.236566952786074e-05,0.0003648720602073835,0
2026-07-09 20:00:00+00:00,162.381,162.399,162.354,162.358,598,162.3336,162.3567,162.38195000000002,162.39589999999998,162.36170940857542,162.37898245151774,-0.017273042942321126,-0.00878770884779137,-0.008485334094529756,55.098684210527246,162.38195000000002,162.51047929216128,162.25342070783876,0.0015830490046616738,0.0952142857142856,0.9999999999952802,0.0004313319530711013,-0.0007631614578845758,0.00031569520897157253,0
2026-07-09 21:00:00+00:00,162.35,162.392,162.336,162.358,460,162.343,162.3454,162.3775,162.40166,162.36113873033307,162.37742819584975,-0.016289465516678092,-0.010288060181568715,-0.006001405335109377,51.336898395723225,162.3775,162.5026651540389,162.2523348459611,0.0015416563752848824,0.09214285714285454,0.8224484998609204,0.00028956755857589833,-0.0006955087369437951,0.00031662460212940514,0
2026-07-09 22:00:00+00:00,162.376,162.42,162.339,162.353,476,162.3568,162.3366,162.37165,162.40728,162.35988661797413,162.3756186998609,-0.015732081886767446,-0.011376864522608462,-0.004355217364158984,46.22823984526232,162.37165,162.48932443936692,162.25397556063305,0.0014494456312655155,0.09064285714285347,0.5813263217350475,0.00042518054768203584,-0.0005417351530708769,0.0003141373582595712,0
2026-07-09 23:00:00+00:00,162.353,162.384,162.337,162.363,504,162.363,162.3393,162.3674,162.4115,162.36036559982426,162.37468398135266,-0.014318381528397595,-0.01196516792376629,-0.002353213604631305,46.6410748560463,162.3674,162.479470278685,162.255329721315,0.0013804529565047674,0.0887857142857119,0.6008116085326689,0.00019096666091722447,0.00016632170313424233,0.00023585680974511373,0
2026-07-10 00:00:00+00:00,162.363,162.42,161.89,162.056,3886,162.2976,162.3086,162.34875000000002,162.40903999999998,162.3135401229282,162.3510777605117,-0.037537637583511696,-0.017079661855715373,-0.020457975727796323,21.370967741935203,162.34875000000002,162.52399584234522,162.17350415765483,0.0021588813260981833,0.11899999999999775,0.0,-0.0020137575977781097,-0.001890824880052655,0.0006406207083184179,0
2026-07-10 01:00:00+00:00,162.058,162.102,161.631,161.737,7285,162.1734,162.2535,162.31725,162.39664,162.2248416424777,162.30559051899235,-0.08074887651463314,-0.029813504787498935,-0.05093537172713421,15.114068441063964,162.31725,162.64167264505997,161.99282735494003,0.003997389618909491,0.14864285714285433,0.0,-0.0038248808189310646,-0.003395198659173926,0.0008536448891216577,0
2026-07-10 02:00:00+00:00,161.734,161.752,161.283,161.454,6483,161.9926,162.1678,162.27515,162.37883999999997,162.10625062055806,162.24250973980776,-0.1362591192497007,-0.05110262767993929,-0.0851564915697614,12.183908045976594,162.27515,162.7797057816914,161.7705942183086,0.006218521833951882,0.1762142857142846,0.0,-0.005567942448170049,-0.0052799871850952584,0.0009402753038176842,1
2026-07-10 03:00:00+00:00,161.456,161.575,161.35,161.516,3268,161.8252,162.091,162.2338,162.36204,162.0154428327799,162.1886942035257,-0.17325137074578834,-0.07553237629310912,-0.09771899445267922,17.511885895402543,162.2338,162.84021260922555,161.62738739077446,0.007475786293923258,0.18071428571428377,0.12415252567050925,-0.005155432914698332,-0.004732444356806642,0.000979154133002332,1
2026-07-10 04:00:00+00:00,161.519,161.709,161.519,161.63,2221,161.6786,162.0208,162.19570000000002,162.34778,161.95614393542914,162.14730944770898,-0.1911655122798379,-0.0986590034904549,-0.09250650878938302,22.831727205336932,162.19570000000002,162.85380928543452,161.5375907145655,0.008115002869182177,0.1847857142857135,0.24811545371943608,-0.004514575365077045,-0.0043244708375428376,0.0010225853540031355,1
2026-07-10 05:00:00+00:00,161.631,161.662,161.474,161.58,2942,161.5834,161.94050000000001,162.1548,162.33258,161.89827563767082,162.10528652565645,-0.20701088798563205,-0.12032938038949034,-0.08668150759614171,23.262839879153816,162.1548,162.859963989883,161.449636010117,0.008697417404640561,0.18685714285714386,0.25816124009760194,-0.002937256257096288,-0.0049450989327700645,0.0009904824499564347,1
2026-07-10 06:00:00+00:00,161.579,161.61,161.407,161.576,3461,161.55120000000002,161.86229999999998,162.1095,162.31682,161.84869477033683,162.06608011634856,-0.21738534601172432,-0.13974057351393718,-0.07764477249778715,21.839080459769747,162.1095,162.84203345531387,161.37696654468613,0.009037514214945704,0.19642857142857345,0.22498480189548836,-0.0009954432195478091,-0.004816516586802044,0.0009962537607946548,1
2026-07-10 07:00:00+00:00,161.578,161.773,161.571,161.692,3074,161.5988,161.79569999999998,162.07055,162.30478000000002,161.8245878825927,162.03837047810052,-0.21378259550780854,-0.15454897791271147,-0.05923361759509707,28.766140602583135,162.07055,162.80498955718227,161.33611044281773,0.009063208055779044,0.20685714285714393,0.3863991389116343,0.0014741040791803606,-0.004102046095665113,0.001058773796655646,1
2026-07-10 08:00:00+00:00,161.693,161.744,161.54,161.683,4172,161.6322,161.72869999999998,162.03265000000002,162.29438,161.80280513142463,162.01204673898198,-0.20924160755734533,-0.16548750384163827,-0.043754103715707066,26.051660516605452,162.03265000000002,162.7648263592529,161.30047364074713,0.009037392886592789,0.21492857142857247,0.32314633117093755,0.0010339532925531802,-0.00412681009898197,0.0010578118511729109,1
2026-07-10 09:00:00+00:00,161.685,161.856,161.635,161.825,2434,161.6712,161.6749,162.00709999999998,162.28646,161.8062197265901,161.9981914249833,-0.1919716983932176,-0.17078434275195414,-0.02118735564126345,30.705394190870607,162.00709999999998,162.73031385058667,161.2838861494133,0.00892817476007766,0.2239285714285728,0.4315876208658954,0.0012064591969311866,-0.0033135628191152122,0.0011277325769714123,1
2026-07-10 10:00:00+00:00,161.823,161.823,161.694,161.766,1982,161.70839999999998,161.6459,161.97725,162.27204,161.80003207634547,161.98099206016974,-0.18095998382426615,-0.17281947096641656,-0.008140512857849586,29.99999999999943,161.97725,162.6877836393358,161.2667163606642,0.008773252284945044,0.23007142857143087,0.4550378347816957,0.0011511325659114835,-0.001789504862516833,0.0009878154041474017,0
2026-07-10 11:00:00+00:00,161.769,161.881,161.744,161.845,2217,161.76219999999998,161.6567,161.9551,162.25974,161.8069502184462,161.97091857423126,-0.16396835578507307,-0.1710492479301479,0.007080892145074819,33.5471456061576,161.9551,162.6523408479114,161.25785915208857,0.008610298137093757,0.23585714285714637,0.6199940255643956,0.0016648512155270634,0.0006677507311252384,0.0007760258075789757,0
2026-07-10 12:00:00+00:00,161.842,161.891,161.682,161.792,3013,161.7822,161.6905,161.92915,162.24608,161.8046501848391,161.95766534651045,-0.15301516167136242,-0.16744243067839082,0.014427269007028398,32.5451151213439,161.92915,162.60903490511757,161.24926509488242,0.008397313332622015,0.24500000000000455,0.5909135590729382,0.0006184597877445519,0.002093475541020906,0.0004798837325121765,0
2026-07-10 13:00:00+00:00,161.792,161.858,161.721,161.762,2317,161.798,161.71509999999998,161.90305,162.23059999999998,161.79808861794075,161.9431716171393,-0.14508299919856427,-0.16297054438242553,0.017887545183861264,31.53042409342362,161.90305,162.5654305473215,161.2406694526785,0.008182434454712301,0.2514285714285762,0.9055985073824433,0.0004886104290495741,0.001523068921964521,0.0004905100197110202,0
2026-07-10 14:00:00+00:00,161.761,161.867,161.743,161.827,2966,161.7984,161.7348,161.8778,162.2168,161.80253652287294,161.93456631216603,-0.1320297892930853,-0.1567823933645575,0.0247526040714722,41.73285198555919,161.8778,162.5091039471447,161.24649605285532,0.007799759412898953,0.2224285714285758,0.9999999999966158,1.2359029816222389e-05,0.001218833137412556,0.0004609233652386728,0
2026-07-10 15:00:00+00:00,161.827,161.841,161.277,161.318,3954,161.7088,161.7086,161.82455,162.19238,161.72799244243095,161.88889473348706,-0.16090229105611797,-0.1576063729028696,-0.0032959181532483672,36.69841269841316,161.82455,162.4560936310272,161.1930063689728,0.007805288270873599,0.2290714285714342,0.8296237152325076,-0.0027694323899952744,-0.0016214878078970596,0.001135130162677053,1
2026-07-10 16:00:00+00:00,161.318,161.51,161.299,161.506,3396,161.64100000000002,161.7016,161.78195,162.17036,161.69383975898003,161.86053216063615,-0.1666924016561211,-0.15942357865351992,-0.007268823002601177,51.75675675675652,161.78195,162.37580182450674,161.18809817549325,0.007341385420397552,0.21064285714286005,0.9999999999970798,-0.0020945966820105077,-0.0004332326583155188,0.0012109429674059921,1
2026-07-10 17:00:00+00:00,161.508,161.652,161.489,161.645,1616,161.6116,161.6969,161.74630000000002,162.14992,161.68632594990618,161.84456681540385,-0.15824086549767458,-0.15918703602235085,0.0009461705246762708,54.14258188824719,161.74630000000002,162.27676914687456,161.21583085312548,0.006559273960202334,0.20621428571428776,0.9999999999969043,-0.000908573971518889,-0.0002906761002399172,0.0012216966667345345,1
2026-07-10 18:00:00+00:00,161.645,161.73,161.629,161.686,1426,161.59640000000002,161.6972,161.71295,162.13298,161.68627580376676,161.83282112537393,-0.14654532160716371,-0.15665869313931344,0.010113371532149723,51.886792452830576,161.71295,162.16015063788268,161.26574936211733,0.005530795621286649,0.1996428571428583,0.9301688877131745,-0.00046982604072642875,1.855482641976991e-05,0.0012248411128926425,1
2026-07-10 19:00:00+00:00,161.686,161.743,161.675,161.734,1098,161.5778,161.68810000000002,161.68149999999997,162.11706,161.69361798780267,161.82550104201292,-0.13188305421024893,-0.15170356535350055,0.019820511143251618,55.19568151147077,161.68149999999997,162.0085412817923,161.35445871820764,0.004045500342244882,0.19107142857142737,0.9999999999970021,-0.0005746877838679332,-0.0005623358566351211,0.0011920129088376036,1
2026-07-10 20:00:00+00:00,161.717,161.751,161.687,161.7,911,161.6542,161.6815,161.6637,162.10154,161.69459983583303,161.81620466853047,-0.12160483269744304,-0.14568381882228906,0.02407898612484602,54.10052910052886,161.6637,161.93968482032352,161.3877151796765,0.0034143078541876144,0.18114285714285522,0.9624227414868012,0.0023679936522891243,-0.000407996736026095,0.0011885614316833576,1
2026-07-12 21:00:00+00:00,161.681,161.785,161.645,161.77,540,161.70700000000002,161.674,161.66535000000002,162.0874,161.7061998610895,161.81278210049118,-0.1065822394016891,-0.13786350293816907,0.031281263536479975,52.660300136425676,161.66535000000002,161.9435655733591,161.38713442664093,0.003441870176374729,0.17671428571428294,0.9130050937177446,0.0016346141938998748,-0.0004634063455775106,0.00118594776068673,1
2026-07-12 22:00:00+00:00,161.775,162.059,161.76,162.027,1630,161.7834,161.6975,161.69400000000002,162.07736,161.7555537286142,161.82865009304737,-0.07309636443318368,-0.12491007523717199,0.051813710803988305,60.03500583430556,161.69400000000002,161.99744478383795,161.39055521616208,0.0037533215065238307,0.18349999999999714,0.9999999999966707,0.0023632033159082244,0.001452482199366889,0.001285946915291789,1
2026-07-12 23:00:00+00:00,162.029,162.064,161.882,161.883,1735,161.8228,161.7096,161.71235,162.06536,161.77516084728893,161.8326760120809,-0.05751516479196539,-0.11143109314813068,0.053915928356165294,51.68997668997733,161.71235,162.01485760755378,161.4098423924462,0.0037413049473808586,0.18071428571428175,0.722156566559787,0.0012184109941490995,0.0007480125122094616,0.0013247294862012995,1
2026-07-13 00:00:00+00:00,161.883,162.101,161.879,162.09,3922,161.894,161.73590000000002,161.73534999999998,162.05588,161.82359764001373,161.85173704822304,-0.028139408209312933,-0.09477275616036714,0.0666333479510542,58.690987124463966,161.73534999999998,162.078687964535,161.39201203546497,0.004245676217784301,0.1872142857142823,0.9528490288980718,0.002201145090086065,0.0016251923350245612,0.0013767260315641738,1
2026-07-13 01:00:00+00:00,162.09,162.171,161.955,161.976,2960,161.94920000000002,161.8017,161.75515000000001,162.0446,161.8470441569347,161.86094171131762,-0.01389755438293605,-0.07859771580488092,0.06470016142194487,53.44918378093739,161.75515000000001,162.1063502127989,161.40394978720113,0.0043423682374117475,0.19285714285713798,0.7689556677830666,0.001706864564007482,0.004078900060749513,0.0008344129673619194,1
2026-07-13 02:00:00+00:00,161.974,162.089,161.958,162.072,1881,162.0096,161.8583,161.77994999999999,162.03722000000002,161.8816527481755,161.87657565862742,0.005077089548080949,-0.06186275473428855,0.0669398442823695,57.20906282183327,161.77994999999999,162.1475513143503,161.41234868564968,0.004544460723968698,0.1872857142857092,0.900860042843241,0.001866847994065557,0.0035045137641944724,0.0007953499370117204,1
2026-07-13 03:00:00+00:00,162.074,162.125,162.062,162.066,1417,162.0174,161.90040000000002,161.79865,162.02960000000002,161.91001386384082,161.8906070913217,0.01940677251911893,-0.045608849283607054,0.06501562180272599,57.92492179353508,161.79865,162.18498679061895,161.41231320938107,0.0047755255141985545,0.18199999999999403,0.9095804589567077,0.00024070062397019143,0.0026044727643910193,0.0007818785242657969,1
2026-07-13 04:00:00+00:00,162.064,162.093,161.959,161.994,1427,162.0396,161.93120000000002,161.81419999999997,162.02008,161.92293480786532,161.89826582529787,0.024668982567447983,-0.03155328291339605,0.05622226548084403,54.337662337662415,161.81419999999997,162.20593492648447,161.42246507351547,0.004841786771303174,0.1827142857142791,0.7558622433213682,0.0006856803988064541,0.0019049268334920821,0.0008130756683633074,1
2026-07-13 05:00:00+00:00,161.994,162.335,161.94,162.262,3164,162.07399999999998,161.98399999999998,161.83605,162.01636,161.97509868357835,161.92520909749803,0.0498895860803259,-0.015264709114651654,0.06515429519497755,78.02850356294506,161.83605,162.27609233049537,161.39600766950463,0.005438124947999823,0.17064285714284974,0.9999999999962034,0.0010611388734653726,0.003264619684172798,0.0009367103503143186,0
2026-07-13 06:00:00+00:00,162.265,162.355,162.194,162.236,3907,162.12600000000003,162.0376,161.85954999999998,162.0125,162.01523734764322,161.9482306458315,0.06700670181172086,0.0011895730706228532,0.065817128741098,73.98160315374443,161.85954999999998,162.33278855116842,161.38631144883155,0.005847520905234639,0.16707142857142238,0.8463505408330654,0.0016051760754678401,0.003314780457637667,0.000933657044586725,0
2026-07-13 07:00:00+00:00,162.237,162.28,161.833,162.105,6231,162.13259999999997,162.0711,161.87255,162.00726,162.02904698646734,161.9598431905847,0.06920379588262904,0.014792417633024095,0.054411378249604944,65.19154557463595,161.87255,162.35822672808845,161.38687327191153,0.006000729933376153,0.18735714285713811,0.5126167059276407,0.00020361320894402013,0.0020708413179204577,0.000998790568921849,1
2026-07-13 08:00:00+00:00,162.103,162.14,162.017,162.078,3169,162.135,162.07620000000003,161.88684999999998,162.0029,162.0365782193185,161.9685955468377,0.06798267248080947,0.025430468602581177,0.04255220387822829,63.06666666666653,161.88684999999998,162.37933468851043,161.39436531148954,0.00608430750873767,0.18892857142856606,0.4319410129319856,7.404390803755767e-05,0.0003147623544224043,0.0008757138197533524,1
2026-07-13 09:00:00+00:00,162.079,162.102,161.978,161.995,2611,162.1352,162.0874,161.8985,161.99594000000002,162.0301815701926,161.97055143225714,0.05963013793547134,0.032270402469159215,0.027359735466312124,58.50162866449499,161.8985,162.38957079562113,161.4074292043789,0.006066403278858206,0.1929285714285669,0.2586193224603941,6.173068138437543e-06,0.0006918576996965964,0.0008390540116029187,1
2026-07-13 10:00:00+00:00,161.993,162.123,161.991,162.064,1987,162.09560000000002,162.0848,161.91035,161.98938,162.0353844055476,161.97747354838623,0.05791085716137445,0.03739849340760226,0.02051236375377219,61.59235668789849,161.91035,162.40557659353422,161.41512340646577,0.006117293842354449,0.1977857142857086,0.37596559768294274,-0.0012202487335297718,-0.00016040471343092833,0.0007399874488964634,1
2026-07-13 11:00:00+00:00,162.062,162.144,162.029,162.115,2202,162.07139999999998,162.0987,161.9502,161.98372,162.04763295854028,161.98766069295021,0.05997226559006208,0.04191324784409423,0.018059017745967847,61.121856866537975,161.9502,162.36674650337002,161.53365349662997,0.005144130768224166,0.19599999999999593,0.3581020389642652,-0.0007458270667421996,0.0008581518249617393,0.0007040470401842724,1
2026-07-13 12:00:00+00:00,162.118,162.192,162.096,162.11,2381,162.07240000000002,162.1025,161.98039999999997,161.97628,162.0572278879956,161.99672286384282,0.06050502415277492,0.04563160310583038,0.014873421046944543,53.19476520400416,161.98039999999997,162.34578625560567,161.61501374439428,0.004511487261492123,0.18149999999999572,0.057132599756956996,3.0844205916036316e-05,0.00023446369514790177,0.0006814360158879254,1
2026-07-13 13:00:00+00:00,162.107,162.228,162.069,162.222,2525,162.1012,162.1181,162.00925,161.97129999999999,162.0825774436886,162.0134100591137,0.06916738457488236,0.05033875939964078,0.01882862517524158,63.3780584056827,162.00925,162.35364565679185,161.66485434320816,0.004251555473429403,0.17985714285714088,0.41005881009337597,0.0008884611113169072,0.0009625708044871395,0.0007124085148577676,1
2026-07-13 14:00:00+00:00,162.223,162.409,162.185,162.344,3618,162.171,162.1531,162.04215000000002,161.96936,162.12279629850573,162.03789820288304,0.08489809562269102,0.057250626644250846,0.02764746897844017,60.744500846023406,162.04215000000002,162.3822145604281,161.70208543957193,0.004197235847933264,0.17999999999999666,0.3040112419993629,0.002154387481094977,0.00216057384841406,0.000711967394168805,1
2026-07-13 15:00:00+00:00,162.345,162.378,162.303,162.323,2036,162.2228,162.1592,162.07160000000002,161.9691,162.1535968679664,162.05901685452133,0.09458001344506783,0.06471650400441424,0.029863509440653593,65.9320477502304,162.07160000000002,162.401155617854,161.74204438214605,0.004066790453774378,0.16992857142856874,0.512902341245338,0.0015981340704906977,0.00037593521588541456,0.0005049205140992124,1
2026-07-13 16:00:00+00:00,162.321,162.464,162.305,162.449,2284,162.2896,162.1805,162.10905,161.97082,162.1990435036639,162.08790449492716,0.11113900873672833,0.07400100495087707,0.03713800378585126,66.84539767649773,162.10905,162.43094470327406,161.78715529672593,0.003971335385335595,0.17192857142856813,0.5496809330571026,0.002060265860654553,0.0013129021918687478,0.0005490447208978554,0
2026-07-13 17:00:00+00:00,162.449,162.464,162.423,162.46,1339,162.3596,162.21599999999998,162.14355,161.97426,162.23919065694636,162.11546712493256,0.12372353201379838,0.08394551036346133,0.039778021650337045,67.52669039145984,162.14355,162.4603042464237,161.8267957535763,0.003907084141474623,0.17035714285714018,0.5771150915841889,0.002159027820615611,0.0021899386200303628,0.0004421079157154823,0
2026-07-13 18:00:00+00:00,162.46,162.478,162.354,162.358,1532,162.3868,162.244,162.1601,161.9752,162.25746901741616,162.1334325230857,0.12403649433045416,0.0919637071568599,0.032072787173594255,65.77123050260028,162.1601,162.48567958036972,161.83452041963028,0.004015532555415539,0.16964285714285512,0.5064265845426998,0.0008383573128181165,0.0017275632720048506,0.0005062088636471051,1
2026-07-13 19:00:00+00:00,162.359,162.463,162.352,162.447,1200,162.4074,162.2892,162.1883,161.97845999999998,162.28662763012136,162.15665974359786,0.12996788652350233,0.0995645430301884,0.03040334349331393,59.48717948717994,162.1883,162.51050692925347,161.86609307074653,0.003973245039913094,0.14935714285713939,0.30271147051608815,0.0006344552308679141,0.0027902095743694844,0.0004553092732237693,0
2026-07-13 20:00:00+00:00,162.445,162.477,162.421,162.432,806,162.42919999999998,162.326,162.2054,161.98046,162.30899261010268,162.17705531814616,0.13193729195651827,0.10603909281545437,0.025898199141063893,60.16597510373465,162.2054,162.54163638300892,161.86916361699107,0.0041458099793092425,0.1418571428571401,0.4864112677467469,0.0006715006499384835,0.002270707868496258,0.0004660656013956952,0
2026-07-13 21:00:00+00:00,162.385,162.457,162.348,162.441,199,162.4276,162.3586,162.22865,161.98162,162.32930143931765,162.19660677606123,0.13269466325641588,0.11137020690364667,0.021324456352769208,69.95249406175884,162.22865,162.56239511231735,161.89490488768263,0.004114502738170593,0.11771428571428137,0.9999999999940327,-4.9246224969157204e-05,0.0020109181753693584,0.00046785005361683874,0
2026-07-13 22:00:00+00:00,162.449,162.466,162.409,162.444,359,162.4244,162.392,162.24725,161.98334,162.34694737173032,162.2149322000567,0.13201517167362908,0.11549919985764316,0.016515971815985922,72.37163814180886,162.24725,162.58566729145184,161.90883270854818,0.004171624375166088,0.11299999999999752,0.9999999999947855,-9.848578111548711e-05,0.002060329405958683,0.00046538825430013554,0
2026-07-13 23:00:00+00:00,162.444,162.454,162.386,162.418,856,162.4364,162.4116,162.26485,161.98454,162.35787854531029,162.22997425931175,0.12790428599853954,0.11798021708582244,0.00992406891271709,77.79237844941,162.26485,162.60017656509564,161.92952343490435,0.004133077066236362,0.10899999999999872,0.9999999999959346,0.00036955370231228635,0.0012082208331791744,0.00044417737050979605,0
2026-07-14 00:00:00+00:00,162.416,162.467,162.228,162.379,3696,162.4228,162.4151,162.2841,161.98506,162.3611279998779,162.24101320306642,0.1201147968114924,0.11840713303095644,0.0017076637805359535,71.54582763337893,162.2841,162.59744117943944,161.97075882056055,0.003861637454802382,0.11664285714285784,0.7460505312533788,-0.0004185980658307775,0.0002155915833046418,0.000395680875155744,0
2026-07-14 01:00:00+00:00,162.381,162.421,162.322,162.392,2273,162.4148,162.422,162.29059999999998,161.98564,162.3658775383582,162.25219741024668,0.11368012811152539,0.11746173204707024,-0.0037816039355448444,69.9855699855695,162.29059999999998,162.60738543293837,161.9738145670616,0.0039039282982303177,0.1154999999999993,0.682619269356678,-0.00024625689519297556,0.0004250783930803692,0.0003923297020892523,0
2026-07-14 02:00:00+00:00,162.392,162.409,162.306,162.324,1545,162.3914,162.40949999999998,162.29500000000002,161.991,162.35943484014925,162.25751612059875,0.10191871955049692,0.11435312954775557,-0.012434409997258658,64.15343915343959,162.29500000000002,162.61103597396144,161.9789640260386,0.0038945866965885497,0.11599999999999763,0.2549144467570262,-0.0007202615103328869,-0.0007694722651416797,0.00031920999361560677,1
2026-07-14 03:00:00+00:00,162.324,162.371,162.225,162.287,1538,162.36,162.39219999999997,162.3041,162.002,162.34829101858782,162.25970011166552,0.08859090692229188,0.10920068502266284,-0.020609778100370957,54.77239353891332,162.3041,162.60732192671,162.00087807329,0.003736466629123906,0.11507142857142583,0.0,-0.0009664869124127451,-0.0010648775083097473,0.0003180142040354805,0
2026-07-14 04:00:00+00:00,162.287,162.337,162.259,162.315,1166,162.3394,162.3879,162.31595000000002,162.01922000000002,162.34316932342045,162.26379639969028,0.07937292373017613,0.10323513276416549,-0.023862209033989362,47.529812606473854,162.31595000000002,162.59987769649635,162.03202230350368,0.003498457132479397,0.10464285714285536,0.0,-0.000634166163848926,-0.00026484681999039417,0.00026919282686224764,0
2026-07-14 05:00:00+00:00,162.315,162.315,162.241,162.285,1310,162.3206,162.3717,162.33044999999998,162.03459999999998,162.3342201967404,162.26536703675026,0.06885315999014097,0.0963587382093606,-0.02750557821921963,46.81208053691186,162.33044999999998,162.57179053249953,162.08910946750044,0.002973447464718412,0.10457142857142644,0.0,-0.0005788925907906917,-0.0009972483333026139,0.00018053626270694652,0
2026-07-14 06:00:00+00:00,162.29,162.369,162.272,162.345,2111,162.31119999999999,162.363,162.34449999999998,162.0489,162.3358786280111,162.27126577476875,0.06461285324235178,0.09000956121595885,-0.025396707973607074,40.188679245281776,162.34449999999998,162.55068489401958,162.13831510598038,0.002540090905692525,0.1001428571428562,0.0,-0.00028942312429180994,-0.0005356087470448356,0.00023389028647068392,0
2026-07-14 07:00:00+00:00,162.344,162.369,162.292,162.341,2145,162.31459999999998,162.353,162.35580000000002,162.06412,162.336666531394,162.27643127293402,0.06023525845998279,0.08405470066476364,-0.023819442204780855,38.62332695984698,162.35580000000002,162.53155173876738,162.18004826123266,0.0021650195283120176,0.10271428571428487,0.0,0.0001047288139770508,-0.0006156081284897086,0.00023110012992019744,0
2026-07-14 08:00:00+00:00,162.338,162.386,162.052,162.272,2828,162.3116,162.3358,162.3639,162.07804,162.32671783425644,162.27610303049445,0.050614803761988014,0.07736672128420852,-0.026751917522220503,41.22448979591723,162.3639,162.50308091216587,162.22471908783413,0.0017144317445672293,0.11771428571428544,0.06640862459374888,-9.242884519411465e-05,-0.0010588264263377,0.0002553230092411551,0
2026-07-14 09:00:00+00:00,162.27,162.28,162.156,162.182,1894,162.285,162.3122,162.3619,162.08784,162.30445355206314,162.26913243564303,0.035321116420107046,0.06895760031138823,-0.03363648389128118,23.014256619143865,162.3619,162.5104975136002,162.21330248639978,0.0018304480743352748,0.11864285714285724,0.0,-0.0008193943874565957,-0.0014530409191100269,0.0002924148164741109,0
2026-07-14 10:00:00+00:00,162.18,162.26,162.156,162.25,1684,162.27799999999996,162.2993,162.35719999999998,162.09918,162.29607608251496,162.267715218188,0.02836086432697016,0.060838253114504616,-0.03247738878753446,33.27205882353087,162.35719999999998,162.5139063630044,162.20049363699556,0.0019303900659092107,0.12207142857142676,0.18726093304463415,-0.000215669963336107,-0.000794437704382922,0.0003392669309602819,0
2026-07-14 11:00:00+00:00,162.251,162.275,162.182,162.197,1688,162.2484,162.2798,162.3509,162.10662,162.28083360828188,162.26247705387777,0.018356554404107328,0.05234191337242516,-0.03398535896831783,29.25170068027191,162.3509,162.5227909078633,162.17900909213668,0.0021175233135549555,0.12092857142857229,0.11386743197300225,-0.000911638793926528,-0.0012007980688703013,0.0003423884142035123,0
2026-07-14 12:00:00+00:00,162.198,162.234,161.61,161.909,6598,162.16199999999998,162.2383,162.3239,162.10948,162.22362843777697,162.23629356840536,-0.012665130628391807,0.039340504572261764,-0.05200563520065357,19.35853379152435,162.3239,162.5799500773303,162.06784992266972,0.0031548044044073147,0.16142857142857078,0.0,-0.0026610652884977437,-0.0025566151647323787,0.0006256138384961989,1
2026-07-14 13:00:00+00:00,161.907,161.975,161.828,161.922,5208,162.09199999999998,162.2018,162.297,162.11102,162.17722406273435,162.21301256333828,-0.03578850060392824,0.02431470353702376,-0.060103204140952,21.162790697675277,162.297,162.60133568723026,161.99266431276973,0.00375035505561118,0.16707142857142646,0.03457272399705158,-0.002156872411753108,-0.00224910189972094,0.0006346654961565192,1
2026-07-14 14:00:00+00:00,161.923,162.013,161.814,161.965,4429,162.04860000000002,162.16680000000002,162.27735,162.11448000000001,162.14457420692906,162.19464126235025,-0.05006705542118084,0.009438351745382836,-0.059505407166563676,26.04166666666832,162.27735,162.61412309243036,161.94057690756966,0.004150586541256049,0.16421428571428415,0.13200719176045408,-0.001338002984301534,-0.0021563010196222754,0.0006417809518246419,1
2026-07-14 15:00:00+00:00,161.967,162.167,161.873,162.14,3780,162.02659999999997,162.1523,162.262,162.12204,162.1438704827861,162.19059376143542,-0.04672327864932413,-0.0017939743335585602,-0.04492930431576557,37.71929824561369,162.262,162.59416926565876,161.92983073434124,0.0040942335933091285,0.17814285714285713,0.4098851042480096,-0.0006779661016950156,-0.0008934898481067766,0.0007620046180640523,1
2026-07-14 16:00:00+00:00,162.138,162.197,162.104,162.111,1995,162.00939999999997,162.1289,162.24595,162.12771999999998,162.13881348543438,162.18469792725503,-0.04588444182064677,-0.010612067830976206,-0.035272373989670563,39.20972644376812,162.24595,162.57453450806915,161.91736549193084,0.004050449432718115,0.17742857142857207,0.560548688953661,-0.0005302194245270231,-0.0014413748498568468,0.0007448549836087041,1
2026-07-14 17:00:00+00:00,162.113,162.236,162.11,162.187,1730,162.065,162.1135,162.23325,162.14509999999999,162.14622679536757,162.18486845116206,-0.038641655794492635,-0.01621798542367949,-0.022423670370813144,45.126705653021894,162.23325,162.54949499163232,161.91700500836768,0.0038986458279337546,0.17599999999999788,0.9146965613691564,0.0017170138781663624,-0.0009486204963625733,0.0007695747054825812,1
2026-07-14 18:00:00+00:00,162.188,162.286,162.159,162.194,1612,162.11939999999998,162.1057,162.22075,162.15886,162.15357651915718,162.1855448621871,-0.03196834302991647,-0.01936805694492689,-0.01260028608498958,43.980099502487235,162.22075,162.52129398048578,161.92020601951424,0.0037053703732200733,0.17949999999999836,0.8968446204499931,0.0016798211484541081,-0.00048067442319066345,0.0007614396743600148,0
2026-07-14 19:00:00+00:00,162.192,162.212,162.132,162.212,1734,162.16879999999998,162.1087,162.21044999999998,162.1702,162.16256474697914,162.18750450202512,-0.024939755045977563,-0.020482396565137024,-0.004457358480840539,46.324269889224276,162.21044999999998,162.49629093846224,161.92460906153772,0.0035243221193487547,0.1799285714285698,0.9999999999962916,0.0015250208378352337,0.00018497737110156898,0.0007410332657476735,0
2026-07-14 20:00:00+00:00,162.2,162.264,162.186,162.253,677,162.1914,162.10899999999998,162.20415,162.18154,162.1764778628285,162.19235602039362,-0.015878157565111906,-0.019561548765132,0.0036833912000200954,45.277207392196544,162.20415,162.4797189043567,161.9285810956433,0.0033978033774931544,0.17857142857142655,0.9611706317479998,0.0006969285802393976,1.8489984591640862e-05,0.0007328581909990466,0
2026-07-14 21:00:00+00:00,162.203,162.216,162.119,162.204,329,162.20999999999998,162.1097,162.19475,162.19093999999998,162.18071203777797,162.1932185374015,-0.012506499623526679,-0.01815053893681094,0.00564403931328426,43.27772325809619,162.19475,162.45578105279267,161.93371894720732,0.0032187361525903182,0.18264285714285425,0.8870215661764691,0.0005736809963543532,4.315739501969951e-05,0.0007316696523323766,0
2026-07-14 22:00:00+00:00,162.213,162.262,162.199,162.234,675,162.2194,162.1422,162.19025000000002,162.20162,162.18891018581212,162.1962393864829,-0.007329200670767477,-0.015986271283602246,0.008657070612834768,48.06122448979679,162.19025000000002,162.4449249217831,161.93557507821694,0.003140446750443728,0.16328571428571031,0.9999999999965161,0.0002897889473261195,0.002007300397136813,0.0003796488451352105,0
2026-07-14 23:00:00+00:00,162.234,162.236,162.164,162.19,639,162.2186,162.169,162.1854,162.21002000000001,162.1890778495333,162.19577720970636,-0.0066993601730587216,-0.01412888906149354,0.007429528888434818,50.42826552462579,162.1854,162.43597861461225,161.93482138538772,0.0030900267793804617,0.15957142857142514,0.9999999999967815,-2.466182472837808e-05,0.0016551178962711521,0.0004072928213572527,1
2026-07-15 00:00:00+00:00,162.19,162.236,162.073,162.096,2403,162.1954,162.1821,162.17444999999998,162.21140000000003,162.1747581803743,162.1883863052837,-0.013628124909388362,-0.014028736231072505,0.00040061132168414323,41.979166666666686,162.17444999999998,162.42027790299412,161.92862209700584,0.0030316477471529777,0.16378571428571068,0.7280601284036736,-0.0007151135551006771,0.0008088167196615981,0.00046745338415717325,1
2026-07-15 01:00:00+00:00,162.099,162.124,161.963,162.093,2757,162.1634,162.17739999999998,162.16485,162.2156,162.16217999877827,162.18132065304044,-0.019140654262173484,-0.015051119837292704,-0.0040895344248807804,44.285714285713524,162.16485,162.40747535554567,161.92222464445433,0.0029923297871970365,0.16864285714285238,0.8022978990691357,-0.0009861142783184063,-0.0002898729493030494,0.00030852132051395736,1
2026-07-15 02:00:00+00:00,162.093,162.119,162.031,162.106,1596,162.1438,162.1769,162.1529,162.21592,162.15353692204314,162.1757413454078,-0.022204423364655668,-0.0164817805427653,-0.005722642821890368,65.5118110236225,162.1529,162.38129107733513,161.92450892266484,0.0028169841838801097,0.13035714285713798,0.9999999999977451,-0.0006041774555498591,-3.0843064320107416e-05,0.0003053955846641685,1
2026-07-15 03:00:00+00:00,162.104,162.177,162.081,162.138,1265,162.12460000000002,162.172,162.14274999999998,162.21916,162.1511466263442,162.1729456901924,-0.02179906384819219,-0.017545237203850678,-0.004253826644341513,66.51376146789063,162.14274999999998,162.35328903250064,161.93221096749932,0.0025969589451352274,0.12671428571428173,0.9999999999975291,-0.0005917378601280054,-0.0003021203918933679,0.000268651057509769,1
2026-07-15 04:00:00+00:00,162.139,162.226,162.132,162.206,1122,162.12779999999998,162.1732,162.13944999999998,162.22184,162.15958560690663,162.17539415758554,-0.01580855067891207,-0.017197899898862955,0.0013893492199508854,67.74668630338695,162.13944999999998,162.3434257209391,161.93547427906086,0.0025160529524323274,0.11921428571428042,0.9999999999966698,9.864973179607439e-05,7.398547418513424e-05,0.0003040737474030278,1
2026-07-15 05:00:00+00:00,162.209,162.234,162.171,162.197,1303,162.14799999999997,162.17170000000002,162.1402,162.22446,162.16534166738256,162.176994590357,-0.011652922974434432,-0.01608890451397725,0.004435981539542819,55.5555555555574,162.1402,162.3449433309652,161.93545666903478,0.0025255097867797737,0.1027142857142808,0.5727950416632198,0.0006230875530550684,-9.247158040082137e-05,0.0003023272620299081,1
2026-07-15 06:00:00+00:00,162.198,162.214,162.099,162.208,1860,162.171,162.1672,162.1381,162.22874,162.17190448778524,162.1792912873676,-0.007386799582349113,-0.014348483527651622,0.00696168394530251,59.79797979798112,162.1381,162.33892555927707,161.93727444072294,0.002477216142005658,0.10428571428571079,0.6915222490352702,0.0007094692553040183,-0.0002773446407769997,0.00028992423352305316,1
2026-07-15 07:00:00+00:00,162.211,162.308,162.194,162.264,1710,162.2026,162.1732,162.14145,162.22878,162.18607302812597,162.18556600682186,0.0005070213041165061,-0.011377382561297996,0.011884403865414502,58.10526315789513,162.14145,162.34854974712428,161.9343502528757,0.0025545564952612555,0.10342857142856994,0.6258303755470979,0.0009746708943532134,0.00036990456462238086,0.0002941004255114861,0
2026-07-15 08:00:00+00:00,162.264,162.349,162.241,162.297,1799,162.2344,162.17950000000002,162.16084999999998,162.23,162.2031387161066,162.19382037668692,0.009318339419678523,-0.007238238165102692,0.016556577584781216,60.27944111776583,162.16084999999998,162.3479973103874,161.97370268961257,0.0023081688383776557,0.10207142857142466,0.7102070633507592,0.0009806461162713553,0.00038832797070886826,0.0002951855566463452,0
2026-07-15 09:00:00+00:00,162.295,162.37,162.239,162.363,1724,162.2658,162.1968,162.1829,162.23516,162.2277327597825,162.20635220063602,0.021380559146479072,-0.0015144787027863377,0.02289503784926541,63.75227686703247,162.1829,162.35485825685615,162.01094174314383,0.002120547318566356,0.10571428571428296,0.8449827731673986,0.0009679050096791375,0.0010666502250447074,0.0002938981113162392,0
2026-07-15 10:00:00+00:00,162.363,162.421,162.312,162.322,1327,162.29080000000002,162.2194,162.20075,162.24004,162.24223541212365,162.21491870429261,0.027316707831033682,0.004251758603977668,0.023064949227056014,56.28415300546626,162.20075,162.35010069994703,162.05139930005296,0.0018415537529516421,0.10792857142856706,0.5551557363852201,0.0007706677682077778,0.0013942355147567032,0.0002172547568197366,0
2026-07-15 11:00:00+00:00,162.324,162.394,162.298,162.343,1774,162.3178,162.24439999999998,162.2109,162.24699999999999,162.2577376564123,162.22440620767833,0.03333144873397487,0.01006769662997711,0.023263752103997757,63.339731285987064,162.2109,162.3701322368708,162.05166776312922,0.0019632741926811645,0.1052142857142826,0.828972478546107,0.0008322647464982236,0.0015423244680523585,0.0002102348349093433,0
2026-07-15 12:00:00+00:00,162.343,162.391,162.139,162.165,2518,162.298,162.2503,162.21359999999999,162.24902,162.24347032465658,162.2200057478503,0.023464576806276227,0.012747072665236935,0.010717504141039292,44.843049327352865,162.21359999999999,162.3674398346741,162.05976016532588,0.0018967563098790967,0.1187142857142821,0.1111431251843837,-0.0006101168466203788,0.0003639593846000988,0.000449424914251895,0
2026-07-15 13:00:00+00:00,162.163,162.277,162.129,162.204,2637,162.2794,162.2569,162.21445,162.2508,162.2373979670171,162.21882013689844,0.018577830118658767,0.013913224155921305,0.004664605962737461,51.05421686747066,162.21445,162.36785826161767,162.06104173838233,0.001891425352274972,0.12414285714285304,0.3521895133374134,-0.0005730235309339138,0.00040706065203721664,0.0004513419057283191,0
2026-07-15 14:00:00+00:00,162.203,162.233,162.113,162.141,2890,162.23499999999999,162.25039999999998,162.21179999999998,162.25142,162.22256751055295,162.21305568231335,0.009511828239595843,0.013032944972656212,-0.003521116733060369,53.55450236966721,162.21179999999998,162.36849158441757,162.0551084155824,0.0019319381748749067,0.12107142857142605,0.39507263709840723,-0.0013673065907873205,-0.00040072500400722966,0.0004483295284942687,1
2026-07-15 15:00:00+00:00,162.139,162.212,162.071,162.126,2264,162.1958,162.2433,162.2075,162.2495,162.20771097046787,162.2066071132531,0.0011038572147583636,0.010647127421076642,-0.009543270206318278,52.558139534884994,162.2075,162.36882021113934,162.04617978886068,0.00198905982940772,0.1196428571428539,0.3368500040221281,-0.0012074764973324381,-0.000437739292342032,0.0004486245304662733,0
2026-07-15 16:00:00+00:00,162.127,162.198,162.116,162.163,2007,162.1598,162.23880000000003,162.203,162.24588,162.20083235962667,162.20337695671586,-0.0025445970891837533,0.008008782519024562,-0.010553379608208315,54.26008968609999,162.203,162.3639968943667,162.0420031056333,0.0019851284423431127,0.11921428571428246,0.4111591695484788,-0.001108763543854585,-0.0002774215821660375,0.0004558634161665068,0
2026-07-15 17:00:00+00:00,162.162,162.166,161.964,161.985,2063,162.12380000000002,162.21089999999998,162.19205000000002,162.23912,162.16762738122256,162.187200885848,-0.019573504625441274,0.002492325090131393,-0.022065829715572666,40.6134969325155,162.19205000000002,162.38025199114097,162.00384800885908,0.0023207301608302367,0.12678571428571064,0.0,-0.0011099805753398417,-0.0017194202041117546,0.0005444652595355662,1
2026-07-15 18:00:00+00:00,161.984,162.059,161.892,162.042,2220,162.0914,162.1854,162.18245,162.23098,162.1483000918037,162.1764452646741,-0.02814517287040985,-0.0036351745019768578,-0.024509998368432994,39.80099502487607,162.18245,162.38094801800935,161.98395198199063,0.0024478359774360308,0.13199999999999687,0.0,-0.000998742324480273,-0.0015711935525609677,0.0005577045642954353,1
2026-07-15 19:00:00+00:00,162.042,162.28,162.008,162.224,2647,162.108,162.1715,162.18415,162.22626,162.1599462315262,162.17996783766122,-0.02002160613503179,-0.006912460828587846,-0.013109145306443942,51.38178096212833,162.18415,162.38350081480687,161.9847991851931,0.0024583267206675498,0.1469285714285665,0.4835142441863253,0.0005119001363012021,-0.0008561063789164214,0.0006724094868672985,0
2026-07-15 20:00:00+00:00,162.219,162.225,162.109,162.11,813,162.1048,162.1503,162.18485,162.2213,162.1522621959068,162.1747850348715,-0.022522838964704306,-0.010034536455811139,-0.012488302508893167,45.46296296296349,162.18485,162.38299218710696,161.98670781289306,0.0024434117873149415,0.14699999999999339,0.2363951948533379,-9.86886742410098e-05,-0.0013060460073187619,0.0006993707498718037,0
2026-07-15 21:00:00+00:00,162.042,162.11,162.004,162.053,423,162.0828,162.1213,162.18284999999997,162.21342,162.1369910888442,162.1657639211773,-0.028772832333089582,-0.01378219563126683,-0.014990636701822753,40.240518038851974,162.18284999999997,162.3856486037426,161.98005139625735,0.00250086373180175,0.14642857142856616,0.01835070944722741,-0.0006783298286292538,-0.001786341265099134,0.0006960471589322409,1
2026-07-15 22:00:00+00:00,162.128,162.149,162.086,162.123,718,162.1104,162.1171,162.1837,162.20724,162.1348386136374,162.16259622331233,-0.02775760967492147,-0.016577278439997758,-0.01118033123492371,42.218246869409136,162.1837,162.38528122300806,161.9821187769919,0.0024858382563485346,0.1455714285714253,0.10092369420781441,0.0008519307343270999,-0.0002589954675793482,0.0006374387910346821,0
2026-07-15 23:00:00+00:00,162.12,162.12,162.025,162.07,893,162.11599999999999,162.1037,162.18030000000002,162.19982,162.12486344230857,162.15573724380772,-0.03087380149915475,-0.01943658305182916,-0.011437218447325592,36.74208144796305,162.18030000000002,162.3873464987082,161.97325350129182,0.002553287898816253,0.14321428571428133,0.0,0.0001727947075449432,-0.0008261201943232654,0.0006363616184211462,1
2026-07-16 00:00:00+00:00,162.07,162.154,162.049,162.096,2180,162.0904,162.09920000000002,162.1748,162.19286,162.12042291272263,162.1513122627849,-0.03088935006226734,-0.021727136453916798,-0.009162213608350542,39.63302752293558,162.1748,162.38479508765172,161.96480491234828,0.0025897375874885595,0.1429285714285677,0.1086917864009458,-0.000789032448959337,-0.0002775362184764818,0.0006306855595306425,1
2026-07-16 01:00:00+00:00,162.096,162.115,162.028,162.104,1592,162.08919999999998,162.097,162.17014999999998,162.18658000000002,162.1178963107653,162.14780765072675,-0.029911339961444128,-0.023363977155422266,-0.006547362806021861,38.90436397400296,162.17014999999998,162.3821840340009,161.95811596599907,0.0026149576108908815,0.14228571428571155,0.12343198476869356,-3.7011905496320274e-05,-0.0001356969270813746,0.0006306582042623979,1
2026-07-16 02:00:00+00:00,162.102,162.167,162.085,162.147,1433,162.108,162.09539999999998,162.16709999999998,162.18194000000003,162.12237380141678,162.14774782474697,-0.0253740233301869,-0.023765986390375197,-0.0016080369398117043,49.04458598726109,162.16709999999998,162.37859582550556,161.9556041744944,0.002608369089730034,0.1301428571428553,0.7022775861267774,0.0005800571417993172,-9.866615689169134e-05,0.0006323416304885941,0
2026-07-16 03:00:00+00:00,162.148,162.155,162.069,162.084,1092,162.1002,162.1053,162.15810000000002,162.17578,162.11647013966035,162.1430257636546,-0.026555623994255484,-0.024323913911151258,-0.0022317100831042262,43.78881987577586,162.15810000000002,162.3675432720483,161.94865672795174,0.002583198397715263,0.12571428571428506,0.4022568280583256,-0.00024055809477985246,0.0006111677007130112,0.0005279159466038992,1
2026-07-16 04:00:00+00:00,162.084,162.138,162.079,162.095,949,162.10520000000002,162.11059999999998,162.148,162.1712,162.11316704125105,162.13946829968017,-0.026301258429128893,-0.02471938281474679,-0.0015818756143821042,47.48358862144443,162.148,162.3485329740466,161.9474670259534,0.0024734560284013314,0.1213571428571417,0.6131694327004403,0.00015425433454674398,0.00032707569642442813,0.0005180896504254795,1
2026-07-16 05:00:00+00:00,162.095,162.18,162.08,162.155,1183,162.11700000000002,162.1037,162.1376,162.16855999999999,162.11960288105857,162.14061879600015,-0.021015914941585834,-0.0239786892401146,0.0029627742985287656,51.51199165797696,162.1376,162.31091128063625,161.96428871936374,0.002137829604437904,0.11842857142857051,0.8431272556303121,0.0003639818379232995,-0.0004253378045171452,0.00037771163994036635,0
2026-07-16 06:00:00+00:00,162.154,162.172,162.105,162.117,1784,162.1196,162.1044,162.12735,162.1646,162.11920243781879,162.1388692555557,-0.01966681773691903,-0.02311631493947549,0.0034494972025564605,47.60416666666546,162.12735,162.2774338712748,161.9772661287252,0.001851431868525601,0.11735714285714291,0.7354198545678663,8.019543009418761e-05,4.318055641205909e-05,0.000309647250836325,1
2026-07-16 07:00:00+00:00,162.118,162.126,161.978,162.078,2515,162.1058,162.1069,162.11409999999998,162.16046,162.11286360123128,162.13436042181084,-0.021496820579557152,-0.022792416067491824,0.001295595487934672,55.66382460414105,162.11409999999998,162.2259399231797,162.00226007682025,0.0013797679927869298,0.1134999999999999,0.9999999999947151,-0.0004255397879701084,0.00015427051643590595,0.00029720396891316775,1
2026-07-16 08:00:00+00:00,162.079,162.178,162.061,162.142,1845,162.1174,162.1088,162.11295,162.1564,162.11734612411877,162.13492631649152,-0.01758019237274766,-0.021749971328542995,0.004169778955795334,56.03864734299522,162.11295,162.22304560436757,162.00285439563245,0.0013582579845417414,0.10992857142857052,0.9999999999948178,0.000357839145134653,0.00011719496925177708,0.00029160813216195814,1
2026-07-16 09:00:00+00:00,162.141,162.194,162.107,162.168,1557,162.132,162.1186,162.11115,162.15294,162.12513902810048,162.13737621897363,-0.012237190873150894,-0.019847415237464576,0.007610224364313682,45.833333333334394,162.11115,162.2160314368002,162.00626856319982,0.0012939447632094923,0.09671428571428464,0.47113315057083505,0.0004503531879453959,0.0006046769914236361,0.00026852659299586394,1
2026-07-16 10:00:00+00:00,162.17,162.19,162.125,162.151,1081,162.1312,162.1241,162.11165,162.15052,162.12911763916193,162.13838538793854,-0.009267748776608187,-0.0177314819452933,0.008463733168685112,53.56521739130414,162.11165,162.21722367094023,162.00607632905977,0.0013024809869029285,0.09307142857142837,0.8718202002764109,-2.4667756159169052e-05,0.0003393051031488348,0.0002706500645544898,1
2026-07-16 11:00:00+00:00,162.151,162.228,162.111,162.154,1559,162.1386,162.1291,162.11305,162.14996,162.1329456946755,162.13954202586902,-0.006596331193520655,-0.01550445179493877,0.008908120601418115,59.69289827255348,162.11305,162.22015639076713,162.00594360923284,0.001321379010106133,0.09385714285714235,0.9999999999956429,0.0002282302287854865,0.0003084439619009949,0.0002706309170153465,1
2026-07-16 12:00:00+00:00,162.156,162.297,162.15,162.291,2145,162.1812,162.1435,162.11945,162.15078,162.1572617416485,162.1507611350639,0.006500606584609159,-0.011103440119029183,0.01760404670363834,64.28571428571567,162.11945,162.2515129435096,161.9873870564904,0.0016292054224165606,0.09749999999999862,0.9999999999963695,0.0013141820604893883,0.0008880830357638203,0.0003701706888516907,1
2026-07-16 13:00:00+00:00,162.291,162.345,162.213,162.321,2052,162.217,162.1672,162.13625,162.15326,162.18245224293335,162.16337142135546,0.019080821577887264,-0.005066587779645893,0.024147409357533157,72.21238938053261,162.13625,162.2811592274712,161.9913407725288,0.001787499432991733,0.09992857142857149,0.9999999999969976,0.0011039705936770616,0.001462204782705312,0.00033026861074356937,1
2026-07-16 14:00:00+00:00,162.325,162.449,162.306,162.439,2099,162.2712,162.2016,162.15609999999998,162.16386,162.22192112863593,162.1837883531069,0.0381327755290215,0.0035732848820875887,0.034559490646933914,76.10350076103603,162.15609999999998,162.34784423753356,161.9643557624664,0.002364934005363768,0.102642857142858,0.9999999999973117,0.0016711065068324427,0.0021222122829205325,0.0003755634533109665,0
2026-07-16 15:00:00+00:00,162.441,162.474,162.407,162.422,1436,162.3254,162.2283,162.166,162.17386,162.25270249346116,162.20143366028415,0.051268833177005035,0.013112394541071081,0.03815643863593395,73.8738738738748,162.166,162.39020385459844,161.94179614540155,0.0027651154323155634,0.1012142857142838,0.9310026642326726,0.0016712817065573926,0.0016465727236285588,0.0003832931507238318,0
2026-07-16 16:00:00+00:00,162.422,162.544,162.415,162.472,1630,162.38899999999998,162.2638,162.1841,162.184,162.28644057139022,162.22147561137425,0.06496496001597052,0.023482907636050973,0.041482052379919546,74.14561664190416,162.1841,162.4447541568236,161.9234458431764,0.0032142997596384744,0.10457142857142847,0.9394119308750817,0.001961098708635145,0.002189776519427422,0.0003581102371684135,0
2026-07-16 17:00:00+00:00,162.474,162.503,162.394,162.412,1035,162.41320000000002,162.2972,162.20205,162.18944,162.30575740656093,162.23558852905023,0.07016887751069589,0.032820101610979965,0.03734877589971593,74.47761194029918,162.20205,162.47389552501267,161.93020447498736,0.0033519369824567694,0.1062142857142833,0.9462874189673776,0.0007455743078790267,0.0020607361887485798,0.0003782079825517857,0
2026-07-16 18:00:00+00:00,162.412,162.425,162.37,162.386,1221,162.4262,162.3216,162.2152,162.19494,162.31810242093619,162.24673011949096,0.07137230144522277,0.04053054157782853,0.030841759867394243,71.24087591240846,162.2152,162.49623388069944,161.93416611930058,0.003464951258567942,0.10592857142856969,0.8393591690457088,0.00040044110127457344,0.0015048537701520814,0.0003879951205596503,0
2026-07-16 19:00:00+00:00,162.387,162.432,162.375,162.402,973,162.4188,162.345,162.2318,162.19924,162.33100974079218,162.25823159212126,0.07277814867092047,0.04698006299644693,0.025798085674473545,69.26677067082598,162.2318,162.5159256949345,161.94767430506548,0.003502712722592199,0.10285714285714066,0.7741429707444942,-0.00022777781197869107,0.001442948053870019,0.00038831221990153695,1
2026-07-16 20:00:00+00:00,162.392,162.398,162.342,162.364,700,162.40720000000002,162.3663,162.2452,162.20264,162.3360851652857,162.26606628900117,0.07001887628453574,0.051587825654064695,0.01843105063047104,69.26677067082906,162.2452,162.52763274000597,161.96276725999405,0.003481554338815062,0.10235714285713828,0.774142970744596,-0.00035709448227450036,0.0013135904188070757,0.00039950482792734817,1
2026-07-16 21:00:00+00:00,162.364,162.4,162.326,162.375,272,162.38780000000003,162.3884,162.25875000000002,162.20589999999999,162.34207206293405,162.27413545277886,0.06793661015518637,0.05485758255428904,0.013079027600897332,74.22512234910367,162.25875000000002,162.53865139240344,161.9788486075966,0.0034500622296599354,0.09707142857142514,0.9379462166335043,-0.0005970259490866159,0.001362901932730587,0.00039826071360845645,0
2026-07-16 22:00:00+00:00,162.377,162.377,162.306,162.355,493,162.3764,162.3948,162.26915000000002,162.20794,162.34406097632882,162.28012541923968,0.06393555708913823,0.05667317746125888,0.007262379627879345,68.71704745166943,162.26915000000002,162.5470180300088,161.99128196999126,0.0034247795099532036,0.0937857142857114,0.7559824098401745,-0.00035095928872264093,0.00039435335292781204,0.00031605133719268683,1
2026-07-16 23:00:00+00:00,162.353,162.392,162.318,162.379,662,162.375,162.4006,162.2839,162.21144,162.34943621073975,162.28744946225896,0.06198674848079122,0.05773589166516535,0.00425085681562587,68.60670194003458,162.2839,162.55151551366384,162.01628448633613,0.003298115384999444,0.09285714285713961,0.6673748972765106,-4.310716441080498e-05,0.00035731667498350994,0.0003143712486891069,1
2026-07-17 00:00:00+00:00,162.379,162.454,162.356,162.417,1972,162.378,162.39839999999998,162.3,162.2151,162.3598306398567,162.29704579838796,0.06278484146875485,0.05874568162588325,0.004039159842871599,72.61904761904711,162.3,162.55834860169094,162.04165139830909,0.003183593366493237,0.09521428571428357,0.7876706144997918,9.236339453955189e-05,-0.00013543545577099358,0.00021774923377063004,0
2026-07-17 01:00:00+00:00,162.42,162.471,162.406,162.462,1324,162.3976,162.4024,162.31535,162.22054,162.3755490029557,162.309264628137,0.06628437481870719,0.06025342026444804,0.0060309545542591506,74.44444444444404,162.31535,162.57390491119085,162.05679508880914,0.0031858343796918316,0.09149999999999636,0.8596136154479832,0.0006035820748440113,0.00024627205674110364,0.00023292769346220141,0
2026-07-17 02:00:00+00:00,162.463,162.464,162.339,162.369,1209,162.3964,162.3921,162.32795000000002,162.226,162.37454146403945,162.31368947049722,0.060851993542229366,0.06037313492000431,0.0004788586222250549,56.65529010238951,162.32795000000002,162.5698290258653,162.08607097413474,0.0029801278937517956,0.0899285714285684,0.0,-3.69515011546806e-05,-0.0006339553892363847,0.0002763106099803164,0
2026-07-17 03:00:00+00:00,162.37,162.41,162.355,162.39,1077,162.4034,162.38989999999998,162.34355,162.23194,162.37691970034106,162.31934210231222,0.05757759802884266,0.05981402754177199,-0.002236429512929329,55.97920277296291,162.34355,162.55600876379054,162.13109123620944,0.0026173970421436593,0.08442857142856854,0.0,0.00021557697637897277,-0.0001354579710860504,0.00025944804288152235,0
2026-07-17 04:00:00+00:00,162.39,162.43,162.366,162.414,784,162.41039999999998,162.3927,162.35715,162.2381,162.38262436182706,162.32635379843722,0.056270563389830386,0.05910533471138367,-0.002834771321553284,47.41200828157278,162.35715,162.5491206940239,162.16517930597607,0.00236479507091523,0.07878571428571084,0.0,0.0002155451135923414,0.00017242865764277582,0.00025838778984263087,0
2026-07-17 05:00:00+00:00,162.414,162.442,162.358,162.397,1144,162.4064,162.3922,162.3686,162.24328,162.38483599846904,162.33158685040482,0.05324914806422498,0.05793409738195194,-0.004684949317726957,47.41200828157278,162.3686,162.539195736344,162.19800426365597,0.002101339006975635,0.0799999999999983,0.0,-0.00012313981910772043,-3.0787798179776615e-05,0.0002592759290997936,0
2026-07-17 06:00:00+00:00,162.396,162.42,162.12,162.264,3363,162.36679999999998,162.38219999999998,162.37425,162.24444,162.3662458448584,162.3265804170415,0.039665427816913734,0.0542803634689443,-0.014614935652030564,31.62544169611145,162.37425,162.52020727563703,162.22829272436294,0.001797788450287467,0.09221428571428143,0.0,-0.0012187465376517492,-0.0006159000763715783,0.00036258436826614625,1
2026-07-17 07:00:00+00:00,162.263,162.289,162.149,162.284,2894,162.3498,162.37309999999997,162.38074999999998,162.24618,162.35359263795712,162.32342631207547,0.0301663258816518,0.0494575559514858,-0.019291230069834,37.83269961976877,162.38074999999998,162.49312320337913,162.26837679662083,0.0013840705056375193,0.09442857142856756,0.14496502779678902,-0.0005234989437639115,-0.0005604311008468033,0.00036519910554483033,1
2026-07-17 08:00:00+00:00,162.286,162.419,162.257,162.386,2125,162.349,162.37619999999998,162.38549999999998,162.24974,162.3585783859637,162.32806140006988,0.030516985893825677,0.04566944193995378,-0.015152456046128103,50.0,162.38549999999998,162.4896284631486,162.28137153685137,0.0012824847433867204,0.10207142857142466,0.4291215844479506,-2.4632058624241004e-05,0.00019093960765004248,0.0004226753829705001,0
2026-07-17 09:00:00+00:00,162.386,162.45,162.356,162.36,1366,162.33819999999997,162.3743,162.38745,162.25166000000002,162.35879709581545,162.33042722228694,0.028369873528504286,0.042209528257663886,-0.0138396547291596,46.56862745098208,162.38745,162.48788793577603,162.28701206422397,0.0012370159858539381,0.10471428571428223,0.34898490846841657,-0.0003324836528868502,-0.00011701020452137278,0.0004234776330202703,1
2026-07-17 10:00:00+00:00,162.359,162.417,162.354,162.356,1342,162.32999999999998,162.3682,162.38330000000002,162.25284,162.35836677338227,162.33232150211754,0.026045271264734993,0.03897667685907811,-0.012931405594343116,49.30795847750774,162.38330000000002,162.48160585995174,162.2849941400483,0.0012107878082502589,0.10492857142856897,0.4129595657629734,-0.0002524677179996937,-0.00037557644827823644,0.00041461349472113947,1
2026-07-17 11:00:00+00:00,162.354,162.371,162.301,162.361,1380,162.3494,162.3581,162.38025,162.2528,162.35877188516963,162.33444583529402,0.02432604987561149,0.036046551462384786,-0.011720501586773298,48.776223776222785,162.38025,162.47727712586428,162.2832228741357,0.0011950606784296336,0.10464285714285536,0.4005413713363314,0.000597791253759139,-0.0006216838399133451,0.00040094256631597626,1
2026-07-17 12:00:00+00:00,162.359,162.415,162.303,162.407,1738,162.374,162.3619,162.377,162.2545,162.36619159514353,162.33982021786485,0.026371377278678665,0.034111516625643566,-0.007740139346964901,54.34782608695859,162.377,162.46502392016893,162.2889760798311,0.001084191975081719,0.10757142857142656,0.5306612235773964,0.0007579305415199578,0.00023403482191808322,0.00037005266463658833,1
2026-07-17 13:00:00+00:00,162.406,162.442,162.32,162.354,2371,162.3676,162.3583,162.3741,162.25472,162.36431596512145,162.3408705720971,0.023445393024360328,0.03197829190538692,-0.008532898881026589,48.00637958532862,162.3741,162.46108433008192,162.28711566991808,0.0010714064630001757,0.11100000000000014,0.3825623400306023,-0.00019706132302033108,-0.0002216885276185021,0.00038338262066409286,1
2026-07-17 14:00:00+00:00,162.352,162.409,162.326,162.404,2089,162.37640000000002,162.3573,162.375,162.2595,162.3704212012566,162.3455468260158,0.02487437524078473,0.03055750857246648,-0.0056831333316817514,48.982785602503384,162.375,162.46287071840771,162.28712928159229,0.0010823183175699992,0.10992857142857052,0.40536544039497285,0.0002710027100270018,-6.157104683091053e-05,0.00039445576572588465,0
2026-07-17 15:00:00+00:00,162.404,162.438,162.347,162.428,1630,162.3908,162.36039999999997,162.3763,162.26398,162.37927947798636,162.35165446853316,0.02762500945320312,0.029971008748613814,-0.002345999295410694,47.24919093851172,162.3763,162.4665886598685,162.28601134013147,0.0011120916028819474,0.11178571428571209,0.624204709063242,0.00044346990563948196,0.0001908902258047629,0.00039552234630613274,0
2026-07-17 16:00:00+00:00,162.43,162.519,162.424,162.424,1514,162.4034,162.37640000000002,162.3793,162.26964,162.38615955829616,162.35701339678997,0.029146161506190538,0.02980603930012916,-0.0006598777939386229,55.19848771266665,162.3793,162.47182732168795,162.28677267831205,0.0011396442981088499,0.10964285714285486,0.9679427313945717,0.00038802421763861616,0.0009860474288811982,0.00026755735855145965,0
2026-07-17 17:00:00+00:00,162.425,162.472,162.4,162.444,1195,162.4108,162.3924,162.38275,162.276,162.39505808778907,162.36345684887962,0.03160123890944533,0.030165079221992398,0.0014361596874529307,55.11363636363719,162.38275,162.47964467964215,162.28585532035783,0.0011934109952216221,0.1108571428571403,0.9964004927886916,0.00022782269237153763,0.000985925907668106,0.00026755611776608026,1
2026-07-17 18:00:00+00:00,162.444,162.458,162.414,162.444,1114,162.4288,162.3982,162.38719999999998,162.28162,162.40258761274458,162.3694230082219,0.033164604522681884,0.030764984282130297,0.002399620240551587,52.97619047619098,162.38719999999998,162.4868638560668,162.28753614393315,0.001227484137503768,0.10942857142857017,0.9057271921920682,0.0005543442107984742,0.0003571736479746068,0.0001925404761601254,1
2026-07-17 19:00:00+00:00,162.446,162.474,162.382,162.385,1112,162.425,162.4007,162.3875,162.28961999999999,162.39988182616847,162.37057685946473,0.029304966703733726,0.030472980766450986,-0.0011680140627172604,48.90109890109873,162.3875,162.48709602610865,162.28790397389133,0.0012266464611950625,0.1099999999999974,0.7328563815122326,-0.00011699219231053881,0.00015397881251533185,0.00022368476745544407,0
2026-07-17 20:00:00+00:00,162.387,162.442,162.362,162.398,757,162.41899999999998,162.4049,162.38655,162.29674,162.39959231445025,162.3726082032081,0.02698411124214317,0.029775206861589427,-0.002791095619446255,65.7276995305163,162.38655,162.48532028103958,162.28777971896042,0.0012164835208282633,0.09428571428571379,0.9999999999964152,-0.0001846972196911656,0.00025869077828977183,0.00022405141125756003,0
2026-07-19 21:00:00+00:00,162.434,162.443,162.235,162.403,417,162.41479999999999,162.4091,162.3836,162.30032,162.4001165737656,162.3748594474149,0.025257126350680892,0.028871590759407723,-0.0036144644087268314,64.4768856447698,162.3836,162.47621442422502,162.29098557577498,0.0011406869194305197,0.09914285714285752,0.9347142763152866,-0.00012929123774818585,0.00025868281175900343,0.00022405139188641534,0
2026-07-19 22:00:00+00:00,162.415,162.568,162.394,162.505,1260,162.427,162.41889999999998,162.3904,162.30821999999998,162.41625248549394,162.38449948834713,0.03175299714681046,0.029447872036888274,0.002305125109922184,64.4768856447698,162.3904,162.49736069123404,162.28343930876596,0.0013173277636367197,0.10000000000000041,0.9347142763152866,0.0003755140232941656,0.000603422266281628,0.0002860177083931976,0
2026-07-19 23:00:00+00:00,162.502,162.543,162.478,162.515,859,162.4412,162.435,162.39665,162.31745999999998,162.43144441080256,162.394166192914,0.037278217888541576,0.031013941207218936,0.00626427668132264,69.62025316455441,162.39665,162.51725073315566,162.27604926684432,0.0014852613419755777,0.0979285714285721,0.99999999999553,0.0004370736992440616,0.0009916601993174012,0.00025203003665395806,0
2026-07-20 00:00:00+00:00,162.514,162.534,162.324,162.338,1794,162.43179999999998,162.42839999999998,162.39285,162.32175999999998,162.41706834760217,162.39000573417965,0.02706261342251537,0.030223675650278226,-0.0031610622277628564,48.415492957746295,162.39285,162.51591314166998,162.26978685833004,0.0015156226603569513,0.10842857142857147,0.05213440503829293,-0.00028943560057881346,-0.00040639393118402367,0.00044031418184217215,1
2026-07-20 01:00:00+00:00,162.338,162.41,162.302,162.356,1787,162.4234,162.4212,162.39079999999998,162.32748,162.40767321720182,162.3874867909071,0.02018642629471401,0.028216225779165383,-0.008029799484451372,49.569707401033064,162.39079999999998,162.51493337477254,162.26666662522743,0.0015288227507045328,0.11114285714285595,0.10372848812738114,-0.0002586238746782321,-0.00044327332725890845,0.00043871216538511225,1
2026-07-20 02:00:00+00:00,162.357,162.371,162.33,162.368,1043,162.4164,162.41559999999998,162.396,162.33292,162.40156964532463,162.386043324914,0.015526320410629069,0.02567824470545812,-0.01015192429482905,46.43510054844425,162.396,162.50563480044792,162.28636519955205,0.0013502155280663967,0.10607142857142751,0.0,-0.0002155132602229548,-0.00034477663399501424,0.0004403056133074754,0
2026-07-20 03:00:00+00:00,162.368,162.38,162.35,162.366,630,162.3886,162.4078,162.4001,162.33816,162.39609739219776,162.38455863417965,0.011538758018105,0.022850347367987498,-0.011311589349882498,51.20967741935507,162.4001,162.49755584692997,162.30264415307005,0.0012001944201999986,0.09949999999999802,0.20593251853656638,-0.0008553582966677187,-0.00048016547240881113,0.0004369920197109019,1
2026-07-20 04:00:00+00:00,162.366,162.382,162.326,162.338,689,162.3532,162.3972,162.39770000000001,162.34197999999998,162.38715933185964,162.38110984646266,0.006049485396971477,0.019490174973784295,-0.013440689576812818,43.03797468354347,162.39770000000001,162.49890973531186,162.29649026468817,0.001246442964547412,0.09757142857142753,0.0,-0.0010891302341321518,-0.0006525325650685865,0.0004382906786024978,1
2026-07-20 05:00:00+00:00,162.338,162.373,162.318,162.37,753,162.3596,162.39569999999998,162.3982,162.3477,162.38451943465046,162.38028689487282,0.0042325397776323825,0.016438647934553914,-0.012206108156921532,43.98340248962695,162.3982,162.49872200594788,162.29767799405212,0.0012379694596107616,0.09499999999999886,0.035566093657294635,0.0001971195899912459,-9.237306401443934e-05,0.0004317256086098974,1
2026-07-20 06:00:00+00:00,162.371,162.413,162.357,162.407,1235,162.3698,162.39659999999998,162.40075,162.35394,162.38797798316577,162.38226564340076,0.00571233976501162,0.014293386300645455,-0.008581046535633834,48.34951456310714,162.40075,162.4993333870695,162.30216661293048,0.001214075514669856,0.09221428571428548,0.19981507165903756,0.0003141245164948181,5.5419401716827466e-05,0.0004376099164519503,0
2026-07-20 07:00:00+00:00,162.405,162.45,162.313,162.359,2061,162.368,162.3922,162.40064999999998,162.35802,162.3835198319095,162.3805422624081,0.0029775695013825043,0.012030222940792864,-0.00905265343941036,42.17311233886017,162.40064999999998,162.49940706501465,162.30189293498532,0.0012162151446397109,0.09685714285714246,0.0,-5.542964130855754e-05,-0.00027093095570884795,0.0004475798412981993,1
2026-07-20 08:00:00+00:00,162.361,162.377,162.334,162.367,1262,162.3682,162.3784,162.39865,162.36302,162.380978319308,162.3795391318594,0.0014391874486250344,0.009912015842359298,-0.008472828393734264,43.01270417422868,162.39865,162.49847990795294,162.29882009204707,0.0012294425840724346,0.09678571428571356,0.030589409683775822,6.158924897858853e-06,-0.0008492046398572706,0.0003867451945578889,1
2026-07-20 09:00:00+00:00,162.368,162.432,162.365,162.414,1044,162.3834,162.3683,162.40165,162.36974,162.386058577876,162.3820917887587,0.003966789117328062,0.008722970497353051,-0.004756181380024989,52.69016697588099,162.40165,162.4994150782329,162.3038849217671,0.0012039911938443544,0.09499999999999886,0.38317487070045253,0.000468159026229209,-0.0006214810940528004,0.0004027202333652182,1
2026-07-20 10:00:00+00:00,162.414,162.428,162.385,162.401,845,162.38960000000003,162.37460000000002,162.4015,162.37492,162.38835725820277,162.38349239699878,0.004864861203998316,0.007951348638682104,-0.003086487434683788,50.27829313543734,162.4015,162.49925910239375,162.30374089760625,0.0012039187124965234,0.09235714285714128,0.2953014613806364,0.00019092196834402664,0.0003880791927954874,0.00018358833362159296,1
2026-07-20 11:00:00+00:00,162.401,162.427,162.193,162.344,2084,162.377,162.3734,162.3973,162.37843999999998,162.38153306463312,162.38056703425812,0.0009660303749967625,0.006554284985945035,-0.005588254610948273,45.00846023688668,162.3973,162.4974537764787,162.2971462235213,0.0012334413993174975,0.09421428571428285,0.10330212228742987,-0.0003879143140382846,-7.391165093995067e-05,0.00021826608804516006,1
2026-07-20 12:00:00+00:00,162.347,162.428,162.342,162.406,1677,162.3864,162.37720000000002,162.3964,162.38353999999998,162.38529720853572,162.3824509576464,0.00284625088931989,0.005812678166620006,-0.002966427277300116,41.01633393829476,162.3964,162.49586467236264,162.29693532763736,0.0012249615430224205,0.08792857142856698,0.0,0.00028948195049238734,0.00023403626330309457,0.00025037819013616896,1
2026-07-20 13:00:00+00:00,162.407,162.478,162.384,162.473,1385,162.4076,162.3879,162.39785,162.38992,162.3987899456841,162.38915829411704,0.009631651567048038,0.0065764728467056135,0.003055178720342425,46.546052631581176,162.39785,162.50101318190536,162.29468681809465,0.0012704993558148544,0.08999999999999732,0.4736849221189834,0.0006528420183906647,0.0006590049640935458,0.0002781459161041587,1
2026-07-20 14:00:00+00:00,162.475,162.588,162.461,162.521,2405,162.429,162.40619999999998,162.4017,162.39452,162.4175914925019,162.39892434640467,0.018667146097243403,0.008994607496813174,0.00967253860043023,69.10229645093929,162.4017,162.51713255034775,162.28626744965226,0.0014215682514129842,0.08407142857142601,0.9999999999964395,0.0006588102010909314,0.0011272776552624375,0.00027289703692906633,0
2026-07-20 15:00:00+00:00,162.521,162.58,162.521,162.565,1661,162.46179999999998,162.4257,162.4107,162.3994,162.4402697244247,162.411226246671,0.029043477753702973,0.013004381548191134,0.01603909620551184,70.69306930693119,162.4107,162.54685795778892,162.27454204221107,0.0016767116672599094,0.08057142857142756,0.9999999999966304,0.0010098459984850816,0.001200960768614756,0.00027639761401747223,0
2026-07-20 16:00:00+00:00,162.567,162.598,162.521,162.522,1006,162.4974,162.4372,162.4169,162.40106,162.45284361297473,162.41943170988054,0.03341190309419062,0.017085885857391035,0.016326017236799585,64.36567164179067,162.4169,162.56164500262543,162.27215499737457,0.001782388441417455,0.08314285714285827,0.786789295162626,0.0010964371950918927,0.0007080975573712234,0.0002980663309005964,0
2026-07-20 17:00:00+00:00,162.52,162.523,162.458,162.463,955,162.50879999999998,162.4476,162.4199,162.40187999999998,162.45440613405555,162.42265899063014,0.031747143425405966,0.020018137370994022,0.011729006054411944,58.17875210792387,162.4199,162.5659135537897,162.27388644621033,0.0017979761567355483,0.08564285714285802,0.5783122016752966,0.0003509722547194727,0.0006405558053448335,0.0003078837606816215,1
2026-07-20 18:00:00+00:00,162.463,162.528,162.418,162.499,1010,162.51399999999998,162.4608,162.4196,162.40242,162.46126672881624,162.4283138802131,0.03295284860314496,0.022605079617424213,0.010347768985720745,63.39434276206337,162.4196,162.56490026984355,162.27429973015646,0.0017891962527126712,0.089499999999999,0.7540589807375909,0.00016002658903313538,0.0008129730795050083,0.0003117606513862777,0
2026-07-20 19:00:00+00:00,162.499,162.516,162.459,162.515,1159,162.5128,162.4709,162.4196,162.40448,162.46953338592144,162.43473507427137,0.034798311650064306,0.02504372602395224,0.009754585626112068,62.393162393161276,162.4196,162.56490026984355,162.27429973015646,0.0017891962527126712,0.08964285714285682,0.7203227777333748,-3.691830594199086e-05,0.0006218675729925405,0.0003033276738341974,1
2026-07-20 20:00:00+00:00,162.505,162.525,162.462,162.463,642,162.4924,162.4771,162.42585,162.40601999999998,162.46852824962585,162.4368287724735,0.03169947715235821,0.026374876249633437,0.005324600902724776,54.66666666666553,162.42585,162.5670676744409,162.2846323255591,0.001738857139314897,0.09014285714285718,0.4599674647080957,-0.0006274413311598837,0.0003817710482076908,0.00032457478000547313,1
2026-07-20 21:00:00+00:00,162.463,162.509,162.437,162.486,326,162.4852,162.4913,162.43234999999999,162.4077,162.47121621122187,162.44047108562359,0.030745125598286904,0.027248926119364136,0.003496199478922768,61.04347826086869,162.43234999999999,162.57198904594858,162.2927109540514,0.0017193501903850872,0.08549999999999816,0.6748432424838731,-0.00022150847269908347,0.0008746858522643564,0.00029497316800476344,1
2026-07-20 22:00:00+00:00,162.493,162.514,162.472,162.5,627,162.49259999999998,162.5007,162.43895,162.41042000000002,162.4756444864185,162.44488063483664,0.030763851581866675,0.027951911211864643,0.0028119403700020314,61.445783132531176,162.43895,162.57826029355462,162.2996397064454,0.0017152326280687647,0.08542857142856926,0.688399479942738,0.00022774416328652514,0.0005787963498884441,0.0002764150961107246,0
2026-07-20 23:00:00+00:00,162.5,162.505,162.483,162.484,453,162.4896,162.5018,162.44485,162.4126,162.4769299500464,162.4477783655895,0.029151584456911905,0.028191845860874098,0.0009597385960378076,56.36363636363852,162.44485,162.58111332864118,162.30858667135882,0.001677656492541042,0.08221428571428444,0.5171492832567997,-9.230826035844242e-05,6.770355689855734e-05,0.0002494902975726032,0
2026-07-21 00:00:00+00:00,162.484,162.532,162.444,162.531,1522,162.49280000000002,162.5028,162.4545,162.41611999999998,162.48524841927005,162.45394293110138,0.031305488168669626,0.028814574322433204,0.002490913846236422,61.13013698630092,162.4545,162.58616064830204,162.32283935169795,0.0016208925982603751,0.08542857142857128,0.6777633320542211,9.845245054318497e-05,6.153050990342912e-05,0.00024870300354145865,0
2026-07-21 01:00:00+00:00,162.532,162.533,162.428,162.504,1475,162.50099999999998,162.49669999999998,162.46120000000002,162.41862,162.48813327784387,162.45765086213092,0.03048241571295307,0.02914814260053718,0.0013342731124158895,64.44043321299603,162.46120000000002,162.58831470160428,162.33408529839576,0.0015648622760912289,0.07621428571428623,0.7893084931227937,0.0002523651539119154,-0.0003752345215760622,0.00023506358831380914,1
2026-07-21 02:00:00+00:00,162.504,162.522,162.479,162.489,892,162.5016,162.4934,162.4653,162.42006,162.48826661971404,162.45997302049156,0.028293599222479315,0.02897723392492561,-0.0006836347024462945,58.18540433925072,162.4653,162.59032648138756,162.34027351861246,0.001539116123720577,0.0731428571428572,0.48202027869981684,1.8463129131118805e-05,-0.00020304943330740066,0.0002225609948283595,1
2026-07-21 03:00:00+00:00,162.489,162.512,162.451,162.484,783,162.4984,162.4955,162.47155,162.4205,162.4876102166811,162.46175279675143,0.025857419929678827,0.028353271125876257,-0.00249585119619743,51.235955056179385,162.47155,162.58627525531043,162.3568247446896,0.0014122503947357934,0.07078571428571324,0.0,-9.846153846149175e-05,0.000129260200784298,0.00018779366875741358,1
2026-07-21 04:00:00+00:00,162.484,162.498,162.469,162.484,703,162.4984,162.494,162.47740000000002,162.4228,162.48705479873016,162.4634007377328,0.023654060997358783,0.027413429100172762,-0.0037593681028139786,45.340050377836455,162.47740000000002,162.58107845025918,162.37372154974085,0.0012762199574730664,0.06378571428571433,0.0,0.0,-9.230826035844242e-05,0.00017292309516820503,1
2026-07-21 05:00:00+00:00,162.482,162.523,162.467,162.502,902,162.49259999999998,162.49269999999999,162.4818,162.42504,162.48935406046397,162.46625994234518,0.023094118118791584,0.026549566903896524,-0.0034554487851049392,41.50943396226531,162.4818,162.58154409358968,162.3820559064103,0.0012277571222092793,0.06357142857142557,0.0,-0.0001784274999846458,-7.999261606606023e-05,0.00017381693176660287,1
2026-07-21 06:00:00+00:00,162.505,162.554,162.482,162.525,1276,162.49680000000004,162.4989,162.488,162.42726000000002,162.49483805116185,162.470611057727,0.02422699343483714,0.026085052210084645,-0.0018580587752475043,50.42735042735251,162.488,162.58183748547202,162.39416251452798,0.001155008191029766,0.063214285714281,0.3889022178030087,0.0001292275882440741,0.0003816253546962134,0.00013969599489898425,1
2026-07-21 07:00:00+00:00,162.527,162.616,162.518,162.596,1389,162.51820000000004,162.50990000000002,162.50060000000002,162.43124,162.51040142790617,162.47989912752502,0.03050230038115842,0.0269685018442994,0.0035337985368590202,68.31955922865295,162.50060000000002,162.5795120762936,162.42168792370643,0.0009712219683323121,0.06557142857142496,0.9999999999962701,0.0006585061142601045,0.0006769814014746522,0.00018713548720821068,1
2026-07-21 08:00:00+00:00,162.596,162.699,162.584,162.682,1253,162.5578,162.52810000000002,162.5144,162.4396,162.5368012082283,162.49486956252315,0.04193164570514796,0.02996113061646911,0.011970515088678847,72.15496368038899,162.5144,162.6167171539649,162.41208284603508,0.0012591764663921273,0.06592857142856953,0.9999999999967369,0.001218581521872819,0.0011200000000000099,0.0002375713431206307,1
2026-07-21 09:00:00+00:00,162.683,162.692,162.604,162.669,1213,162.5948,162.54659999999998,162.5242,162.44729999999998,162.5571394838855,162.50776811344736,0.049371370438137774,0.033843178580802845,0.015528191857334929,68.78048780488383,162.5242,162.64558949922375,162.40281050077627,0.0014938021442189968,0.06814285714285566,0.889886847881814,0.0011385736441742456,0.0011385736441742456,0.00023581150787136868,1
2026-07-21 10:00:00+00:00,162.669,162.696,162.636,162.664,1425,162.6272,162.5599,162.53135,162.45286,162.57357956328772,162.5193408457846,0.054238717503125145,0.03792228636526731,0.016316431137857836,77.68595041322443,162.53135,162.66785105068305,162.39484894931695,0.0016796888807365659,0.06792857142856892,0.9999999999972358,0.0009969108072513944,0.0008183054309638393,0.0002310229226631228,1
2026-07-21 11:00:00+00:00,162.664,162.747,162.657,162.728,1161,162.6678,162.5823,162.5395,162.46022,162.59733655355117,162.5347970794302,0.0625394741209675,0.04284572391640735,0.01969375020456015,79.95049504950752,162.5395,162.70153638316486,162.37746361683514,0.0019938092976151687,0.0692142857142853,0.9999999999973985,0.001249038609444808,0.0013784276079358282,0.00023205955222333085,1
2026-07-21 12:00:00+00:00,162.726,162.798,162.69,162.721,1658,162.69279999999998,162.6055,162.54945,162.46752,162.6163616991587,162.5485898883613,0.0677718107973817,0.04783094129260222,0.019940869504779482,77.83375314861567,162.54945,162.73030815900773,162.36859184099228,0.002225269405805147,0.07392857142857119,0.9449353935318697,0.000768776599670451,0.0014277889580218694,0.00022710000913897215,1
2026-07-21 13:00:00+00:00,162.719,162.894,162.719,162.865,2117,162.7294,162.6436,162.56955,162.4776,162.654613745442,162.5720276744086,0.0825860710334041,0.054781967240762605,0.02780410379264149,86.28571428571391,162.56955,162.7940442620194,162.34505573798057,0.0027618242410023214,0.08485714285714405,0.9999999999977667,0.0011248939649133316,0.0023448462617858823,0.0003164278430636962,1
2026-07-21 14:00:00+00:00,162.865,163.039,162.853,163.014,3094,162.79840000000002,162.6966,162.5953,162.48974,162.70990393845094,162.60476636519314,0.10513757325779238,0.06485308844416857,0.040284484813623817,88.516746411483,162.5953,162.89219133223003,162.29840866777,0.003651905463811293,0.09185714285714093,0.9999999999978726,0.002120871217011322,0.0032618596292557367,0.0003690451908226397,1
2026-07-21 15:00:00+00:00,163.015,163.037,162.912,163.013,1995,162.8682,162.7477,162.6202,162.50292000000002,162.7565341017662,162.63500589369738,0.12152820806880982,0.07618811236909682,0.04534009569971299,92.34608985025086,162.6202,162.96791773185737,162.27248226814265,0.004276439604149522,0.09328571428571308,0.9999999999980329,0.00214552697585213,0.0031445766821331933,0.00037834758521536614,1
2026-07-21 16:00:00+00:00,163.013,163.028,162.959,163.003,1182,162.9232,162.7955,162.6472,162.5149,162.79445193226368,162.66226471638646,0.1321872158772237,0.0873879330707222,0.0447992828065015,93.12080536912366,162.6472,163.02599454227658,162.26840545772342,0.004657867362937452,0.09514285714285668,0.9999999999980624,0.0016899365812887979,0.002941085986771119,0.00039375369308783365,1
2026-07-21 17:00:00+00:00,163.005,163.026,162.976,163.025,713,162.984,162.8384,162.67415,162.52684,162.8299208657616,162.68913399665414,0.1407868691074725,0.09806772027807228,0.04271914882940023,94.12724306687986,162.67415,163.0803588003343,162.2679411996657,0.00499414074497144,0.09435714285714271,0.9999999999980995,0.0018682284400908244,0.002638441290068627,0.0003931384939315362,1
2026-07-21 18:00:00+00:00,163.025,163.235,163.024,163.186,2125,163.0482,162.8888,162.70845000000003,162.54208,162.88470227102906,162.72593888579087,0.15876338523818845,0.11020685327009554,0.04855653196809291,95.34883720929882,162.70845000000003,163.16542148361518,162.25147851638488,0.005617059023242481,0.10735714285714389,0.9999999999981426,0.0019709575415221003,0.0030980686246788736,0.00045015235932040985,0
2026-07-21 19:00:00+00:00,163.186,163.217,163.161,163.201,1311,163.0856,162.942,162.7443,162.55722,162.9333634601015,162.7611285979545,0.17223486214700756,0.12261245504547795,0.04962240710152961,95.3307392996073,162.7443,163.23814254894975,162.25045745105027,0.006068938192609429,0.10735714285714591,0.9995971213090223,0.0011471407363783381,0.00327044489115913,0.00043671676458531094,0
2026-07-21 20:00:00+00:00,163.196,163.237,163.155,163.156,805,163.11419999999998,162.9912,162.77555,162.57146,162.9676152354705,162.79037833143937,0.17723690403113324,0.133537344842609,0.04369955918852422,89.785624211852,162.77555,163.2911795998154,162.25992040018463,0.006335467455835765,0.10807142857143097,0.7941782610134928,0.0008772306503161964,0.003024639748192781,0.0004649530202625862,0
2026-07-21 21:00:00+00:00,163.148,163.18,163.086,163.159,272,163.14540000000002,163.0343,162.80829999999997,162.58694,162.99705904539812,162.81768364022162,0.17937540517650064,0.14270495690938734,0.0366704482671133,88.82758620689452,162.80829999999997,163.33440669319708,162.28219330680287,0.006462897692526822,0.10778571428571533,0.7545481315675528,0.0009570376005350045,0.0026485915146747807,0.0004718463320998798,0
2026-07-21 22:00:00+00:00,163.162,163.205,163.157,163.203,507,163.18099999999998,163.0825,162.844,162.60304,163.02874226918303,162.8462255927978,0.18251667638523372,0.15066730080455662,0.0318493755806771,88.1405563689588,162.844,163.37574786268385,162.31225213731614,0.00653076395426123,0.10300000000000052,0.7286891733208289,0.0010918570771354386,0.0029621253556701976,0.00045938887106897235,0
2026-07-21 23:00:00+00:00,163.202,163.225,163.184,163.185,466,163.1808,163.1145,162.87905,162.61867999999998,163.05278192007793,162.8713199933313,0.18146192674663553,0.1568262259929724,0.024635700753663115,87.49999999999535,162.87905,163.40324380706335,162.35485619293667,0.006436601970153202,0.09964285714285788,0.5556311207801292,-6.127976664660473e-06,0.001964817486875603,0.0004240454382524588,0
2026-07-22 00:00:00+00:00,163.185,163.205,163.025,163.134,2801,163.1674,163.1265,162.91154999999998,162.63126,163.06527700929672,162.89077777160307,0.17449923769365228,0.16036082833310839,0.014138409360543891,82.01634877383901,162.91154999999998,163.41270885704543,162.41039114295452,0.006152527025191935,0.10821428571428678,0.23879963183210248,-0.000410536700142794,0.0007361330928630228,0.00036673722979959115,0
2026-07-22 01:00:00+00:00,163.133,163.201,163.102,163.147,1598,163.16559999999998,163.13989999999998,162.9438,162.6439,163.0778497770972,162.9097571959288,0.1680925811684233,0.16190717890017137,0.006185402268251927,80.67349926793209,162.9438,163.4161770126714,162.47142298732862,0.00579803604275078,0.10885714285714292,0.1621314582026301,-5.516193091281707e-05,0.0008220203296669393,0.00036566533035496364,0
2026-07-22 02:00:00+00:00,163.147,163.178,163.071,163.117,1302,163.1572,163.1513,162.9734,162.65948,163.08387288831304,162.9251085147489,0.1587643735641393,0.16127861783296496,-0.002514244268825655,78.04532577903406,162.9734,163.40795889310195,162.53884110689805,0.005332881232175933,0.10878571428571401,0.0,-0.0002574176110420323,0.0006993736311602383,0.0003729911544153268,0
2026-07-22 03:00:00+00:00,163.12,163.165,163.111,163.156,1169,163.1478,163.1644,163.0014,162.67548,163.0949693670341,162.94221158773044,0.15275777930366985,0.15957445012710594,-0.006816670823436094,74.20965058236021,163.0014,163.40460526311736,162.59819473688262,0.004947261350115659,0.1001428571428562,0.0,-0.00028798490223824746,0.0008035577365435032,0.0003764443994995014,0
2026-07-22 04:00:00+00:00,163.157,163.195,163.147,163.169,868,163.1446,163.1627,163.02575000000002,162.6915,163.10635869518273,162.95901072938003,0.1473479658027088,0.15712915326222654,-0.009781187459517726,66.66666666666463,163.02575000000002,163.40590059342216,162.64559940657787,0.004663687710955402,0.090285714285715,0.0,-9.804822747183639e-05,-0.00010417560329922804,0.00020275201467261872,0
2026-07-22 05:00:00+00:00,163.169,163.183,163.082,163.086,988,163.135,163.1512,163.04659999999998,162.7059,163.10322658823154,162.96841734201854,0.1348092462129955,0.15266517185238035,-0.017855925639384845,56.67276051188303,163.04659999999998,163.38814719176932,162.70505280823065,0.00418956533615956,0.08857142857142922,0.0,-0.00029423663981742454,-0.0007046525450210561,0.00025203907894466197,0
2026-07-22 06:00:00+00:00,163.089,163.142,163.05,163.092,1868,163.12400000000002,163.1448,163.068,162.72098,163.1014994208113,162.97757161298014,0.12392780783116564,0.14691769904813742,-0.022989891216971786,58.195211786373974,163.068,163.3584182102367,162.77758178976333,0.0035619276649824652,0.0902142857142861,0.03936416008267809,-0.00033711928506185984,-0.0003922626198239465,0.0002429702620503233,0
2026-07-22 07:00:00+00:00,163.091,163.134,162.663,162.939,4650,163.0884,163.1228,163.07855,162.73236,163.07649950991726,162.97471445646312,0.10178505345413669,0.13789116992933728,-0.036106116475200595,43.62017804154241,163.07855,163.32962891398444,162.82747108601558,0.003079238980042797,0.12028571428571208,0.0,-0.001091241256276132,-0.0013483779626008996,0.0003718646448109762,1
2026-07-22 08:00:00+00:00,162.942,163.11,162.907,162.957,2290,163.04860000000002,163.0982,163.09035,162.74336000000002,163.05811496992996,162.97340227450286,0.08471269542710047,0.12725547502888993,-0.042542779601789454,28.436911487759076,163.09035,163.28694766555128,162.89375233444872,0.0024109049438091274,0.1197142857142828,0.0,-0.0012196915835152033,-0.0015073252329921294,0.0003556768474384194,1
2026-07-22 09:00:00+00:00,162.959,163.051,162.943,163.03,1965,163.0208,163.0827,163.0986,162.75678,163.05378958994075,162.97759469861376,0.07619489132699186,0.11704335828851031,-0.04084846696151845,35.48387096774397,163.0986,163.267240882835,162.929959117165,0.002067962359394952,0.12342857142856596,0.11486727540097051,-0.0008518775012411606,-0.0009498422036339216,0.00040335392504946884,1
2026-07-22 10:00:00+00:00,163.031,163.075,163.004,163.022,1358,163.008,163.0715,163.099,162.76988,163.04889888379603,162.98088398019792,0.06801490359811169,0.10723766735043058,-0.039222763752318895,37.8623188405801,163.099,163.26683199618162,162.93116800381836,0.00205803832251127,0.12264285714285197,0.15607388717945345,-0.0003924309873319931,-0.0006865521595743607,0.000396102363597119,1
2026-07-22 11:00:00+00:00,163.022,163.076,162.989,163.072,1384,163.004,163.06400000000002,163.10195000000002,162.78304,163.05245290167358,162.98763331499805,0.0648195866755259,0.09875405121544965,-0.033934464539923756,42.737896494159095,163.10195000000002,163.26543503873347,162.93846496126656,0.002004697537134966,0.12214285714285163,0.23953286327547735,-0.00012263017192759573,-0.0004597081159934957,0.00041174269282205715,1
2026-07-22 12:00:00+00:00,163.069,163.138,163.035,163.102,1600,163.0366,163.0625,163.1069,162.79706,163.06007553218535,162.9961049212945,0.06397061089086264,0.09179736315053226,-0.027826752259669615,41.36752136752282,163.1069,163.2636255730827,162.9501744269173,0.0019217528269214331,0.12607142857142353,0.2189287794704975,0.0010003743732318604,-9.195853283217037e-05,0.0004144688372431633,1
2026-07-22 13:00:00+00:00,163.103,163.106,163.009,163.055,2045,163.0562,163.05239999999998,163.10840000000002,162.81128,163.05929468107993,163.00046751971712,0.05882716136281374,0.08520332279298856,-0.02637616143017482,39.413680781760874,163.10840000000002,163.26237525431807,162.95442474568196,0.0018880113386932306,0.13007142857142437,0.20486906638030522,0.0006013856416111629,-0.0006190394469096638,0.0004129187328108615,1
2026-07-22 14:00:00+00:00,163.054,163.118,163.039,163.112,1818,163.07260000000002,163.04670000000002,163.10469999999998,162.8254,163.067403191683,163.00872918492328,0.058674006759730446,0.07989745958633694,-0.021223452826606495,48.22580645161377,163.10469999999998,163.25431860282308,162.95508139717688,0.0018346326356395199,0.12285714285713871,0.37883207546201764,0.0005029749125926575,-0.0003493310616601297,0.00043159523054719657,1
2026-07-22 15:00:00+00:00,163.112,163.131,163.067,163.078,1373,163.0838,163.04590000000002,163.09855000000002,162.8375,163.06903346988562,163.01386035641045,0.055173113475177615,0.07495259036410508,-0.019779476888927464,44.61778471138976,163.09855000000002,163.2414632603888,162.95563673961124,0.0017524773873070093,0.12035714285713896,0.3261719499557542,0.0003435119186367963,-4.9053873416582405e-05,0.00040456895726715726,0
2026-07-22 16:00:00+00:00,163.078,163.127,163.062,163.107,1127,163.0908,163.04739999999998,163.0961,162.84921999999997,163.07487447451862,163.02075958926895,0.05411488524967467,0.070785049341219,-0.01667016409154433,49.21875000000077,163.0961,163.23652476912721,162.9556752308728,0.001721988068717861,0.11735714285713884,0.45402217396789984,0.00021462912087910624,9.1972628945447e-05,0.00040861932191207223,0
2026-07-22 17:00:00+00:00,163.107,163.174,163.104,163.152,974,163.1008,163.06869999999998,163.09575,162.86096,163.0867399399773,163.03048110117493,0.05625883880236415,0.06787980723344804,-0.011620968431083886,49.690402476778715,163.09575,163.23554816275885,162.95595183724117,0.001714307856076403,0.11849999999999536,0.555941069711357,0.00030655663327228133,0.0013072376779039718,0.00024241336711895765,0
2026-07-22 18:00:00+00:00,163.152,163.171,163.104,163.127,982,163.11520000000002,163.0857,163.09195000000003,162.87306,163.0929337953654,163.03763064923606,0.05530314612934717,0.06536447501262786,-0.010061328883280693,46.80851063829769,163.09195000000003,163.2233529159142,162.96054708408585,0.0016113967110477202,0.11985714285713657,0.6173604999655167,0.0004415687958050363,0.001043219990549682,0.0002586542152758423,0
2026-07-22 19:00:00+00:00,163.127,163.158,163.115,163.144,834,163.1216,163.0971,163.0899,162.88668,163.10079013453998,163.04550986040377,0.05528027413620862,0.06334763483734401,-0.008067360701135395,54.89864864864816,163.0899,163.21637762437933,162.96342237562067,0.0015510172534207638,0.11571428571427791,0.8892220622570917,0.00019618421697975563,0.0006992578053119924,0.00022905447274672837,0
2026-07-22 20:00:00+00:00,163.144,163.16,163.074,163.075,742,163.121,163.10240000000002,163.08694999999997,162.8982,163.09682242153383,163.0476943151887,0.04912810634513676,0.06050372913890256,-0.011375622793765805,48.70229007633402,163.08694999999997,163.21183896118765,162.9620610388123,0.0015315629017242536,0.11528571428570647,0.7658370448350968,-1.8396104931484025e-05,0.00032510949442410286,0.00027627940139633017,0
2026-07-22 21:00:00+00:00,163.067,163.067,162.984,163.044,278,163.10840000000002,163.0996,163.0818,162.90878,163.088695895144,163.04742066221175,0.041275232932264316,0.05665802989757491,-0.015382796965310593,59.84990619137207,163.0818,163.20474217723114,162.95885782276883,0.0015077363290220312,0.08814285714284965,0.9999999999968167,-0.0003862495171880198,-0.00017170329670324058,0.0002659764792167188,1
2026-07-22 22:00:00+00:00,163.119,163.142,163.075,163.107,654,163.0994,163.10010000000003,163.0813,162.92166,163.09151191127572,163.05183394649237,0.03967796478335117,0.053262016874730166,-0.013584052091378994,62.97577854671451,163.0813,163.2037196406465,162.9588803593535,0.0015013326561232043,0.08064285714284836,0.9999999999963626,-0.00027581641659302214,3.065566332716152e-05,0.00028963437976927396,0
2026-07-22 23:00:00+00:00,163.11,163.12,163.084,163.084,562,163.0908,163.103,163.0777,162.93362,163.0903562326179,163.05421661712253,0.03613961549535816,0.049837536598855765,-0.013697921103497608,55.11363636363719,163.0777,163.19499782155836,162.96040217844163,0.0014385513354476655,0.07549999999999304,0.6869351226336393,-0.0002635983007105436,0.00017785409831039267,0.00027663860571996085,0
2026-07-23 00:00:00+00:00,163.085,163.137,163.042,163.055,1525,163.073,163.0973,163.072,162.94472,163.08491681221514,163.05427464548382,0.030642166731325915,0.045998462625349804,-0.015356295894023889,53.00546448087615,163.072,163.18143298836432,162.96256701163568,0.0013421432050176407,0.07721428571427882,0.5768494738729957,-0.0005455303290344826,-0.0003494531364951481,0.0002558554628190376,1
2026-07-23 01:00:00+00:00,163.053,163.084,162.993,163.061,1873,163.0702,163.09560000000002,163.07075,162.95626000000001,163.0812373026436,163.05477281989243,0.026464482751151763,0.0420916666505102,-0.015627183899358438,48.91089108910915,163.07075,163.18008073914183,162.96141926085818,0.0013408994456924372,0.07749999999999448,0.40307150925390695,-8.585006898653713e-05,-0.00010424459461111368,0.00024903739369445016,1
2026-07-23 02:00:00+00:00,163.059,163.098,163.043,163.065,1071,163.07440000000003,163.0914,163.0694,162.96694000000002,163.07873925608303,163.05553038878926,0.023208867293760704,0.03831510677916031,-0.015106239485399603,46.13778705636598,163.0694,163.1782918342849,162.9605081657151,0.001335527502828733,0.07407142857142292,0.2853780822766143,0.0001287995878411774,-0.00025749967812538355,0.0002407436333778532,1
2026-07-23 03:00:00+00:00,163.063,163.084,163.03,163.041,937,163.0612,163.0803,163.0745,162.97768,163.07293321668564,163.05445406369378,0.018479152991858427,0.03434791602169993,-0.015868763029841505,48.46491228070033,163.0745,163.16581207330805,162.98318792669195,0.0011198816897558617,0.07099999999999389,0.20956143703931918,-0.00040464235133996773,-0.000680347160929573,0.00021794370793628933,1
2026-07-23 04:00:00+00:00,163.041,163.082,163.026,163.072,793,163.0588,163.0748,163.08025000000004,162.98934,163.07278964488785,163.05575376267942,0.01703588220843244,0.030885509259046436,-0.013849627050613995,45.348837209302395,163.08025000000004,163.15300590043154,163.00749409956853,0.0008922711417415976,0.069357142857135,0.039822025460208535,-7.358171249172152e-05,-0.0003371606171879149,0.00022975794279499843,1
2026-07-23 05:00:00+00:00,163.071,163.108,163.064,163.105,828,163.0688,163.0709,163.084,163.00176000000002,163.07774508413587,163.05940163211056,0.01834345202530585,0.028377097812298323,-0.010033645786992472,53.14685314685222,163.084,163.15350956007867,163.01449043992133,0.0008524387441891478,0.06792857142856487,0.4423918925148275,0.00030664499708676907,-0.00023905261609380446,0.00023824379635393195,1
2026-07-23 06:00:00+00:00,163.105,163.115,163.066,163.105,1493,163.0776,163.0739,163.08814999999998,163.01418,163.08193814811497,163.06277928899127,0.019158859123706407,0.026533450074579943,-0.0073745909508735365,49.74999999999875,163.08814999999998,163.15173177490615,163.02456822509382,0.0007797228051966827,0.06678571428570836,0.2496838621304188,0.0002698376681118386,0.0001839644335428492,0.00019272234220833308,1
2026-07-23 07:00:00+00:00,163.106,163.425,163.106,163.314,3413,163.1274,163.1009,163.10025000000002,163.03042,163.11763997148188,163.08138823054747,0.03625174093440364,0.028477108246544685,0.007774632687858957,64.36170212766174,163.10025000000002,163.21903485635892,162.98146514364112,0.001456587054390168,0.08464285714285325,0.9999999999947405,0.001526998436206295,0.0016559947008167875,0.00043068075908422936,1
2026-07-23 08:00:00+00:00,163.314,163.441,163.279,163.331,2366,163.1854,163.1233,163.11169999999998,163.04654,163.1504645912539,163.09987799124764,0.05058660000625537,0.032899006598486824,0.017687593407768543,68.34532374100682,163.11169999999998,163.26907464516972,162.95432535483025,0.0019296548950165915,0.09142857142856949,0.9999999999956516,0.0017786937028108074,0.0013733316166686382,0.00042379394089400117,1
2026-07-23 09:00:00+00:00,163.334,163.396,163.289,163.367,1550,163.24439999999998,163.1516,163.1273,163.06196,163.18377773106099,163.11966480671077,0.0641129243502121,0.03914179014883188,0.024971134201380217,69.39130434782611,163.1273,163.319099346893,162.93550065310697,0.0023515297181161045,0.09599999999999957,0.9999999999958408,0.0018090168759810066,0.0017353020529295993,0.0004126847190475372,1
2026-07-23 10:00:00+00:00,163.368,163.383,163.344,163.371,1248,163.2976,163.1832,163.14025,163.07574,163.2125811570516,163.13828222843588,0.0742989286157183,0.046173217842209166,0.02812571077350913,79.01960784314142,163.14025,163.3605558878138,162.91994411218622,0.0027008158662720425,0.09264285714285896,0.99999999999703,0.0016308512921126006,0.001937996381589091,0.00039825660355487745,1
2026-07-23 11:00:00+00:00,163.371,163.65,163.317,163.488,3529,163.37420000000003,163.22589999999997,163.16074999999998,163.09212,163.25495328673597,163.16418724855174,0.09076603818422768,0.055091781910612876,0.035674256273614806,87.24832214765158,163.16074999999998,163.42797344286367,162.89352655713628,0.003275584880109898,0.10992857142857458,0.9999999999976132,0.0023481806198462074,0.0026186519155406707,0.0004255278940694962,1
2026-07-23 12:00:00+00:00,163.49,163.755,163.452,163.673,3019,163.446,163.2867,163.18905,163.1123,163.31926816569967,163.20187708199234,0.1173910837073322,0.06755164226995675,0.049839441437375454,89.41504178273057,163.18905,163.53929290818186,162.83880709181815,0.0042924805087333345,0.12457142857143262,0.9999999999977306,0.002198219381069677,0.0037285744948334365,0.0004952766216391061,1
2026-07-23 13:00:00+00:00,163.673,163.964,163.662,163.96,3601,163.5718,163.3786,163.22945,163.13693999999998,163.41784229405357,163.25803433517805,0.15980795887551835,0.08600290559106907,0.07380505328444928,94.6028513238292,163.22945,163.71999876896356,162.73890123103646,0.006010542447622647,0.14357142857143199,0.9999999999979696,0.0038510754235265843,0.00563661900994239,0.0006221923982934796,0
2026-07-23 14:00:00+00:00,163.957,163.987,163.868,163.92,2649,163.6824,163.4634,163.26909999999998,163.16092,163.49509732573765,163.30706882886858,0.18802849686906598,0.10640802384666848,0.0816204730223975,93.55488418932327,163.26909999999998,163.84546826677231,162.69273173322765,0.007060347203142965,0.14528571428571777,0.9787232136619964,0.0033850165578115377,0.005200156985871285,0.0006647401658029323,0
2026-07-23 15:00:00+00:00,163.92,163.952,163.77,163.8,3467,163.7682,163.53289999999998,163.3019,163.17962,163.54200542947032,163.3435822489524,0.19842318051792063,0.12481105518091891,0.07361212533700172,83.3785004516714,163.3019,163.92134623826448,162.6824537617355,0.007586515996010913,0.15178571428571633,0.7721129724343717,0.002625925041776167,0.004261058827136122,0.0007713268979765704,1
2026-07-23 16:00:00+00:00,163.799,163.833,163.721,163.766,1707,163.8238,163.599,163.33645,163.19466,163.57646613262872,163.3748724527337,0.2015936798950122,0.1401675801237376,0.06142609977127461,80.82673702726366,163.33645,163.9792515900768,162.6936484099232,0.007870889689065732,0.15585714285714403,0.7203047397394867,0.0017004306126442437,0.004052604150700523,0.000786691389303749,1
2026-07-23 17:00:00+00:00,163.767,163.843,163.712,163.84,1584,163.85719999999998,163.6516,163.37624999999997,163.2112,163.617009804532,163.40932634512382,0.20768345940817312,0.1536707559806247,0.05401270342754841,83.65627632687361,163.37624999999997,164.04100571294228,162.71149428705766,0.008137727643305673,0.1613571428571439,0.7777526320681176,0.0010203271156512539,0.0032207893995617187,0.0007253320731344569,1
2026-07-23 18:00:00+00:00,163.84,163.846,163.773,163.804,1183,163.826,163.6989,163.41109999999998,163.22722,163.6457775269117,163.4385614306702,0.2072160962414955,0.16437982403279888,0.042836272208696624,80.70469798657624,163.41109999999998,164.089365558919,162.73283444108094,0.008301340103812251,0.16257142857143134,0.6901389114154745,-0.0009514515735545848,0.0028959597382003377,0.0007431435370599073,1
2026-07-23 19:00:00+00:00,163.8,163.856,163.767,163.82,1142,163.806,163.7442,163.4479,163.24312,163.67258098430992,163.46681613950946,0.20576484480045565,0.17265682818633024,0.03310801661412541,80.42553191489273,163.4479,164.13128627436808,162.76451372563193,0.008362129759612395,0.16578571428571617,0.6839148684963889,-0.0006100536847242211,0.0027728978312633323,0.0007454207682469329,0
2026-07-23 20:00:00+00:00,163.817,163.872,163.797,163.823,672,163.8106,163.78939999999997,163.48629999999997,163.25585999999998,163.69572237133917,163.49320012917542,0.20252224216375225,0.17862991098181466,0.023892331181937593,80.47538200339494,163.48629999999997,164.16300536229812,162.80959463770182,0.008278435101878883,0.16764285714285979,0.5328395350042466,0.00014041514041518433,0.0027667089018246216,0.0007456557746980644,0
2026-07-23 21:00:00+00:00,163.823,163.855,163.757,163.788,344,163.815,163.8194,163.52265,163.26760000000002,163.7099189295947,163.5150371566439,0.19488177295079367,0.1818802833756105,0.013001489575183184,73.6055776892428,163.52265,164.18101872567124,162.86428127432876,0.008052324563859967,0.15178571428571427,0.20033317804290146,0.00013433801888074193,0.0018349970640048063,0.0007427166594680882,0
2026-07-23 22:00:00+00:00,163.788,163.848,163.788,163.843,475,163.8156,163.8364,163.56155,163.28134,163.73039294042627,163.5393307005962,0.19106223983007453,0.18371667466650332,0.0073455651635712105,74.56813819577667,163.56155,164.19762363856617,162.92547636143385,0.007777789322321286,0.1444999999999997,0.20533582698663647,1.831054687495559e-05,0.0010386563452737807,0.0006688145109611669,0
2026-07-23 23:00:00+00:00,163.844,163.866,163.802,163.84,578,163.8228,163.82440000000003,163.6015,163.29496,163.74725556497606,163.56160250055203,0.18565306442403084,0.18410395261800885,0.001549111806021991,73.43904856293392,163.6015,164.19911684609067,163.0038831539093,0.007305762429937228,0.14142857142857274,0.0,0.00021977485287294485,-0.0007318858258111849,0.00033434384793980634,0
2026-07-24 00:00:00+00:00,163.839,163.935,163.792,163.815,2568,163.8218,163.8139,163.63864999999998,163.3072,163.75767778574897,163.58037268569632,0.17730510005264932,0.18274418210493698,-0.005439082052287658,71.55339805825184,163.63864999999998,164.1881095526465,163.08919044735347,0.006715522923789833,0.14885714285714308,0.0,-3.052130387004581e-05,-0.0006405563689604321,0.0003303824852560319,1
2026-07-24 01:00:00+00:00,163.813,163.859,163.722,163.775,2181,163.81220000000002,163.8114,163.67215000000002,163.319,163.76034274178758,163.59478952379288,0.1655532179946988,0.17930598928288935,-0.013752771288190552,65.0577124868838,163.67215000000002,164.16321041004167,163.18108958995836,0.0060005371719214886,0.13485714285714323,0.0,-0.0002929991515232544,-0.00015262515262515208,0.00024602355981308044,0
2026-07-24 02:00:00+00:00,163.777,163.806,163.726,163.775,1458,163.8096,163.8123,163.70565000000002,163.33182,163.76259770458952,163.60813844795638,0.15445925663314597,0.1743366427529407,-0.019877386119794727,56.64062500000024,163.70565000000002,164.1190799533298,163.29222004667025,0.0050508941301631045,0.1189285714285729,0.0,-7.937089408260878e-05,5.495646226938433e-05,0.00023656796387377108,0
2026-07-24 03:00:00+00:00,163.775,163.866,163.768,163.8,1150,163.80100000000002,163.8083,163.72994999999997,163.34488000000002,163.76835190388346,163.62235041477442,0.14600148910903954,0.16866961202416048,-0.022668122915120936,34.18972332015845,163.72994999999997,164.10145984968835,163.3584401503116,0.004538080536742115,0.1043571428571458,0.0,-0.0002624463663383203,-0.000244140625,0.000187720422726609,0
2026-07-24 04:00:00+00:00,163.8,163.845,163.781,163.824,1051,163.7978,163.8103,163.7546,163.35902,163.77691314943985,163.63728742108742,0.1396257283524278,0.16286083528981396,-0.023235106937386146,40.2040816326552,163.7546,164.07680451170467,163.43239548829536,0.003935211733956234,0.10042857142857388,0.12158434228615317,-9.765624999991118e-05,0.0001220971404849447,0.00018098460026478772,0
2026-07-24 05:00:00+00:00,163.824,163.845,163.793,163.84,992,163.8028,163.8123,163.77825,163.3727,163.78661881875678,163.65230316767355,0.1343156510832273,0.15715179844849664,-0.022836147365269344,55.18134715025809,163.77825,164.04539780059514,163.5111021994049,0.0032623110894777025,0.09114285714285993,0.4243599473609483,0.0001526111772427452,0.0001220852154804053,0.00018098397470426263,0
2026-07-24 06:00:00+00:00,163.838,163.845,163.762,163.763,1704,163.8004,163.80630000000002,163.79784999999998,163.38458,163.78298515433264,163.66050293303107,0.12248222130156705,0.15021788301911074,-0.027735661717543686,49.650349650351274,163.79784999999998,163.984620080988,163.61107991901196,0.00228049490256467,0.0890714285714316,0.3125470725252023,-7.327125629674747e-05,-0.000366248939404179,0.0002365088669898141,1
2026-07-24 07:00:00+00:00,163.761,163.801,163.651,163.764,2279,163.7982,163.80390000000003,163.81165000000001,163.39814,163.7800643613584,163.66816938243616,0.11189497892223699,0.142553302199736,-0.03065832327749901,39.325842696629124,163.81165000000001,163.93043733759671,163.69286266240331,0.001450291692888755,0.09042857142857283,0.11041862138576491,-6.716531827200001e-05,-0.00014653088138327774,0.00022829811869446183,1
2026-07-24 08:00:00+00:00,163.766,163.808,163.718,163.726,1976,163.78340000000003,163.7922,163.8143,163.41082,163.77174676730326,163.67245313188533,0.09929363541792213,0.13390136884337323,-0.03460773342545109,39.1061452513955,163.8143,163.9219017999979,163.7066982000021,0.0013137046032964696,0.09164285714285825,0.10621911994107662,-0.00045177045177047237,-0.0007140982525953854,0.00020036126902405485,1
2026-07-24 09:00:00+00:00,163.726,163.764,163.684,163.688,1714,163.75619999999998,163.777,163.80069999999998,163.4258,163.7588626492566,163.6736047517457,0.08525789751089974,0.12417267457687853,-0.03891477706597879,32.63157894736756,163.80069999999998,163.89912999112198,163.70227000887797,0.0012018262574214086,0.0910000000000021,0.0,-0.0008301591952341036,-0.0009277343750000444,0.00020540730247325064,1
2026-07-24 10:00:00+00:00,163.685,163.803,163.673,163.788,1190,163.7458,163.7743,163.79410000000001,163.44242,163.76334531860175,163.6820784738386,0.08126684476314949,0.11559150861413271,-0.03432466385098322,46.33123689727502,163.79410000000001,163.87498692558896,163.71321307441107,0.0009876659243396673,0.09492857142857199,0.3266757739643244,-0.0003173828124999334,-0.0001648200714219339,0.00030056794078758565,0
2026-07-24 11:00:00+00:00,163.79,163.838,163.757,163.802,1507,163.7536,163.777,163.7942,163.45786,163.76929219266302,163.69096154985056,0.07833064281246038,0.10813933545379825,-0.02980869264133787,51.53508771929626,163.7942,163.87512257504727,163.7132774249527,0.00098810061708268,0.09371428571428655,0.4507644191768245,0.0002381490324432356,0.00016486032666751527,0.00029073215839396877,0
2026-07-24 12:00:00+00:00,163.8,163.863,163.797,163.847,1583,163.7702,163.7842,163.79825,163.47436,163.78124723994566,163.70251995356534,0.0787272863803139,0.1022569256391014,-0.023529639258787496,50.44843049327566,163.79825,163.88130958542652,163.71519041457347,0.0010141693873594556,0.094142857142858,0.4366076042869379,0.0005068268972423517,0.0004396275377804848,0.0003017676142531467,0
2026-07-24 13:00:00+00:00,163.848,163.879,163.775,163.776,1968,163.7802,163.7818,163.79505,163.48844,163.7804399722617,163.7079629199679,0.07247705229377743,0.09630095097003662,-0.023823898676259184,43.77431906614902,163.79505,163.87624754983773,163.71385245016228,0.0009914530364345576,0.09699999999999827,0.2862851833057521,0.0003053882706474109,-0.0001465201465201682,0.0003335450501916122,1
2026-07-24 14:00:00+00:00,163.775,163.833,163.694,163.755,2253,163.7936,163.77490000000003,163.79260000000002,163.5015,163.7765261303753,163.71144714811842,0.06507898225686404,0.0900565572274021,-0.02497757497053807,44.117647058823856,163.79260000000002,163.8755975268793,163.70960247312075,0.0010134466011195618,0.09671428571428464,0.3542225624101415,0.0004093152827331359,-0.00042118370934673965,0.0003300961750392276,1
2026-07-24 15:00:00+00:00,163.757,163.771,163.639,163.713,2220,163.7786,163.7622,163.78725,163.51466,163.76675287954833,163.71156217418374,0.055190705364594805,0.08308338685484065,-0.027892681490245846,43.945312499999524,163.78725,163.87637882453402,163.69812117546599,0.001088348751615464,0.09635714285714007,0.47122794998946865,-0.00045790900432274295,-0.0007751464843750444,0.0003324271123469903,1
2026-07-24 16:00:00+00:00,163.711,163.779,163.702,163.779,1331,163.774,163.7638,163.78505,163.528,163.7686370519255,163.71655756868864,0.05207948323686651,0.07688260613124583,-0.024803122894379317,50.34602076124484,163.78505,163.8726218651928,163.69747813480723,0.001069351142766516,0.09614285714285334,0.7855709049606996,-0.000140413425965491,9.77021671562106e-05,0.00033255057128077066,0
2026-07-24 17:00:00+00:00,163.781,163.838,163.781,163.809,900,163.76639999999998,163.7683,163.7861,163.54262,163.77484673624468,163.72340515619317,0.05144158005151667,0.0717944009153,-0.02035282086378333,50.77186963979291,163.7861,163.8743219688279,163.6978780311721,0.001077282734345529,0.09335714285713793,0.8044557500160735,-0.00023192368490121407,0.00027478566717942243,0.0003370149227357042,0
2026-07-24 18:00:00+00:00,163.809,163.854,163.797,163.838,702,163.7788,163.7795,163.78584999999998,163.55724,163.78456262297627,163.73189366314182,0.05266895983444897,0.0679693126991298,-0.01530035286468083,51.19047619047452,163.78584999999998,163.87341898029658,163.6982810197034,0.0010693106919382243,0.09285714285713961,0.8230194242371722,0.0003785658460335739,0.0006840697262500139,0.0003266759954488436,0
2026-07-24 19:00:00+00:00,163.836,163.852,163.809,163.849,877,163.7976,163.79559999999998,163.7863,163.57118,163.79447606559532,163.7405682066128,0.05390785898251238,0.06515702195580632,-0.011249162973293939,50.77186963979291,163.7863,163.8751241313506,163.69747586864943,0.0010846344456230748,0.09221428571428346,0.9596255865084333,0.0005740282739457037,0.000983578515224126,0.00030933345893623105,0
2026-07-24 20:00:00+00:00,163.838,163.865,163.832,163.844,552,163.8238,163.8012,163.78775000000002,163.58552,163.8020951324268,163.74822982093778,0.05386531148903373,0.0628986798624518,-0.009033368373418074,57.92563600782589,163.78775000000002,163.87944715598343,163.6960528440166,0.0011197071329621536,0.08864285714285611,0.9999999999960466,0.0008001808042121805,0.0003419053898940927,0.0002525273430695109,0
2026-07-26 21:00:00+00:00,163.598,163.673,163.556,163.622,589,163.7924,163.78320000000002,163.7801,163.59508,163.77438818897656,163.7388794638313,0.03550872514526304,0.05742068891901405,-0.021911963773751007,40.30054644808808,163.7801,163.89804717816253,163.66215282183748,0.0014403114683960245,0.09849999999999934,0.30319246463150185,-0.0009586088570572304,-0.0010988876814689297,0.0005048200942141714,0
2026-07-26 22:00:00+00:00,163.63,163.706,163.547,163.691,1422,163.7688,163.7676,163.7759,163.60739999999998,163.76155923682634,163.73533283688084,0.026226399945500134,0.05118183112431127,-0.024955431178811133,47.70642201834886,163.7759,163.90041150864027,163.65138849135974,0.0015205107545159906,0.10342857142856994,0.5959835954702535,-0.0007203511406577157,-0.000952107759067955,0.000519195637397219,0
2026-07-26 23:00:00+00:00,163.692,163.695,163.606,163.619,924,163.725,163.7519,163.76685,163.6189,163.7396270465454,163.7267155897045,0.012911456840896562,0.04352775626762833,-0.030616299426731768,45.671267252196444,163.76685,163.9090422715891,163.6246577284109,0.0017365208110077925,0.10407142857142608,0.30472019934279354,-0.0013366862388456413,-0.000958626416569075,0.0005196715622280019,0
2026-07-27 00:00:00+00:00,163.619,163.652,163.518,163.631,2730,163.6814,163.7395,163.7572,163.62938,163.72291519323073,163.71962554602268,0.003289647208049473,0.03548013445571256,-0.03219048724766309,38.92806770098616,163.7572,163.90893744635386,163.60546255364616,0.0018532003033008475,0.1043571428571397,0.0,-0.0013304933200690705,-0.0007572287869072047,0.0005221764568251723,0
2026-07-27 01:00:00+00:00,163.631,163.635,163.477,163.477,1610,163.608,163.71589999999998,163.73905,163.63724,163.68508208657988,163.70165328335432,-0.016571196774435748,0.025069868209682898,-0.041641064984118646,30.859835100118218,163.73905,163.93068174661366,163.54741825338633,0.0023406969395958523,0.10985714285713957,0.0,-0.0022399355484484795,-0.0014415470976647526,0.000589118713006314,1
2026-07-27 02:00:00+00:00,163.475,163.58,163.454,163.573,1320,163.5982,163.6953,163.72955,163.6476,163.66783868864454,163.69212341051323,-0.024284721868696124,0.015198950194007094,-0.039483672062703215,34.77777777777733,163.72955,163.93455421046946,163.52454578953052,0.0025041809553555637,0.11414285714285402,0.14475620695668773,-0.0002994707313197509,-0.001257792513081557,0.0006106040056588175,0
2026-07-27 03:00:00+00:00,163.574,163.613,163.553,163.575,1179,163.575,163.6719,163.7201,163.65788,163.65355581346844,163.68344760232705,-0.029891788858606105,0.0061808023834844525,-0.03607259124209056,37.90613718411363,163.7201,163.93557489778019,163.50462510221982,0.0026322351107797154,0.11099999999999811,0.2603396850511366,-0.0007086522777673965,-0.0014284929399484003,0.0006033462085151552,0
2026-07-27 04:00:00+00:00,163.578,163.598,163.546,163.575,885,163.56619999999998,163.6456,163.71255,163.66808,163.64147030370407,163.67541444659912,-0.03394414289505221,-0.001844186672222882,-0.03209995622282933,38.88888888888772,163.71255,163.93752670053564,163.48757329946434,0.0027484356029595642,0.10478571428571318,0.2966494069810941,-0.00026891742401558005,-0.001605244204641254,0.0005954653482886605,0
2026-07-27 05:00:00+00:00,163.576,163.605,163.556,163.588,1085,163.5576,163.6195,163.70755000000003,163.67902,163.63324410313422,163.6689393024066,-0.035695199272396394,-0.008614389192257587,-0.02708081008013881,41.997439180537256,163.70755000000003,163.9391708107974,163.47592918920265,0.002829690027092589,0.09885714285714187,0.4115009978221696,-0.0002627863913317041,-0.0015929300758624754,0.0005960017751220591,0
2026-07-27 06:00:00+00:00,163.587,163.604,163.51,163.513,1903,163.56480000000002,163.5864,163.6938,163.68784,163.61474501034434,163.6573882429691,-0.042643232624755,-0.015420157878757074,-0.027223074745997927,33.16455696202449,163.6938,163.93763998203036,163.44996001796966,0.002979220740557695,0.10007142857142932,0.08515254618759242,0.00022021446442010983,-0.002020214350235472,0.0006010740717331348,1
2026-07-27 07:00:00+00:00,163.515,163.538,163.326,163.523,2762,163.55479999999997,163.57649999999998,163.67985000000002,163.69619999999998,163.6006303933683,163.64743355830473,-0.04680316493642067,-0.0216967592902898,-0.025106405646130873,31.428571428569526,163.67985000000002,163.92948069563857,163.43021930436146,0.003050231236631242,0.11100000000000218,0.02101309805642016,-0.00030567391928992826,-0.0006050531102175238,0.0004461140904228472,1
2026-07-27 08:00:00+00:00,163.524,163.555,163.488,163.517,1675,163.5432,163.5591,163.66334999999998,163.70444,163.58776417900395,163.6377718132451,-0.05000763424115462,-0.027358934280462766,-0.022648699960691854,28.514056224897686,163.66334999999998,163.910069337656,163.41663066234395,0.003014961353974873,0.11171428571428724,0.0,-0.00035457741097355555,-0.0010629784166509282,0.00041342148755160995,1
2026-07-27 09:00:00+00:00,163.516,163.603,163.493,163.534,1829,163.53500000000003,163.55059999999997,163.65125,163.70884,163.5794927668495,163.63008501226398,-0.05059224541446383,-0.03200559650726298,-0.018586648907200853,29.0836653386436,163.65125,163.89844382975343,163.40405617024658,0.0030209830936632374,0.11650000000000205,0.019366831633933587,-0.0002506495491364502,-0.0005194995691210069,0.0004002228585382828,1
2026-07-27 10:00:00+00:00,163.536,163.599,163.528,163.587,1487,163.5348,163.5462,163.64285,163.71396,163.58064772579576,163.62689352987405,-0.04624580407829626,-0.03485363802146964,-0.011392166056826622,33.95755305867495,163.64285,163.88659298369342,163.3991070163066,0.0029789628290317434,0.11921428571428651,0.2836282349102751,-6.112917817935326e-06,-0.00026889770275806413,0.0004164661917666507,1
2026-07-27 11:00:00+00:00,163.587,163.651,163.579,163.647,1667,163.5616,163.5632,163.63955,163.71956,163.59085576798103,163.62838289803153,-0.03752713005050623,-0.035388336427276956,-0.0021387936232292737,51.95618153364468,163.63955,163.88107103535887,163.39802896464116,0.0029518662861008566,0.10378571428571652,0.9999999999957343,0.0008195067058887062,0.0010399016375390868,0.0002806445983850248,1
2026-07-27 12:00:00+00:00,163.647,163.702,163.625,163.689,1693,163.5948,163.57479999999998,163.63505,163.72592,163.6059548805993,163.6328730537329,-0.02691817313359479,-0.033694303768540525,0.006776130634945733,49.83660130718875,163.63505,163.86886186768038,163.40123813231963,0.0028577235461519166,0.09792857142857413,0.9095824205940916,0.0010151477162234634,0.0007091634927522961,0.00023278290070938718,1
2026-07-27 13:00:00+00:00,163.689,163.759,163.651,163.746,2002,163.6406,163.59189999999998,163.6319,163.73108,163.62750028358403,163.64125282753048,-0.013752543946452533,-0.029705951804122926,0.015953407857670392,60.63651591289897,163.6319,163.8573939840364,163.4064060159636,0.002756112763298654,0.09928571428571534,0.9999999999968868,0.0014004660065927155,0.0010453920220083734,0.00024717382667542267,1
2026-07-27 14:00:00+00:00,163.746,163.766,163.693,163.704,1947,163.6746,163.6048,163.6252,163.7317,163.63926947072497,163.64590076623193,-0.006631295506963397,-0.02509102054469102,0.018459725037727623,55.82137161084607,163.6252,163.83210664051512,163.4182933594849,0.0025290314757765277,0.09492857142857199,0.8501003861813075,0.0010395391783972752,0.0007886290692344922,0.00027135076856558206,1
2026-07-27 15:00:00+00:00,163.706,163.722,163.655,163.712,1682,163.69959999999998,163.6172,163.61835000000002,163.72674,163.65045878292113,163.6507970057703,-0.0003382228491659589,-0.02014046100558601,0.01980223815642005,74.42827442827462,163.61835000000002,163.80180144200438,163.43489855799567,0.0022424311454595975,0.08842857142857342,0.999999999997822,0.0007641193982406147,0.0007580018094235363,0.00027151572120016453,1
2026-07-27 16:00:00+00:00,163.712,163.714,163.585,163.65,1553,163.7002,163.6309,163.60864999999998,163.72134,163.6503882009333,163.65073796830583,-0.0003497673725405548,-0.016182322278976917,0.015832554906436362,58.612975391499724,163.60864999999998,163.75947967038422,163.45782032961574,0.0018437860147888325,0.08864285714285813,0.6555468075970146,1.833214174418174e-05,0.000837853870946148,0.0002547306720465997,1
2026-07-27 17:00:00+00:00,163.652,163.733,163.651,163.724,1132,163.7072,163.651,163.61375,163.71982,163.6617130930974,163.65616478546838,0.005548307629027249,-0.011836196297376082,0.01738450392640333,64.35452793834448,163.61375,163.77313549757315,163.45436450242687,0.0019483142165391397,0.090285714285715,0.7805963624298999,0.00021382011008674873,0.0012291848853065446,0.00027966387739899795,1
2026-07-27 18:00:00+00:00,163.724,163.795,163.691,163.778,1329,163.71359999999999,163.6771,163.61809999999997,163.72006000000002,163.67960338646705,163.66518961617442,0.014413770292634354,-0.006586202979373994,0.020999973272008348,67.71378708551661,163.61809999999997,163.79057413229324,163.4456258677067,0.0021082524768748,0.09399999999999815,0.8537601726528028,0.0001954246210593702,0.00159616431319054,0.0002804424468089614,0
2026-07-27 19:00:00+00:00,163.778,163.78,163.695,163.736,956,163.72,163.69729999999998,163.62395,163.71798,163.68827978854904,163.67043482979113,0.01784495875790526,-0.001699970631918142,0.019544929389823402,62.29235880398747,163.62395,163.80430926134363,163.44359073865638,0.002204558212213128,0.09657142857142885,0.7356828429353908,0.00019547475932157887,0.001235217141389633,0.00030998116511570943,1
2026-07-27 20:00:00+00:00,163.729,163.765,163.719,163.73,487,163.72359999999998,163.7116,163.6289,163.7165,163.69469828261842,163.67484706462142,0.01985121799700096,0.0026102670938656794,0.01724095090313528,70.35647279549733,163.6289,163.8154034499322,163.44239655006777,0.0022795905849421197,0.09314285714285526,0.9113171955834598,0.00010994917904616486,0.0008741525915874071,0.0003049933403263331,1
2026-07-27 21:00:00+00:00,163.731,163.732,163.659,163.716,299,163.7368,163.7185,163.64085,163.71442000000002,163.6979754699079,163.677895430205,0.020080039702889962,0.006104221615670538,0.013975818087219424,67.97020484171604,163.64085,163.81669595529755,163.46500404470245,0.0021491694194639864,0.08321428571428312,0.8593448861954154,0.0004032997250229542,0.00042163926011484776,0.00029223239636087686,0
2026-07-27 22:00:00+00:00,163.727,163.758,163.716,163.739,414,163.7398,163.7235,163.64915000000002,163.71274,163.7042869360759,163.6824216946343,0.021865241441616945,0.00925642558085982,0.012608815860757124,70.03610108303523,163.64915000000002,163.82716865660592,163.47113134339412,0.0021756135807109306,0.08142857142856842,0.9031379157630877,9.16176003518121e-05,0.0003054573001239902,0.0002849793063679665,1
2026-07-27 23:00:00+00:00,163.742,163.782,163.717,163.775,755,163.73919999999998,163.72639999999998,163.65915,163.71248,163.7151658689873,163.6892793468836,0.025886522103689913,0.01258244488542584,0.013304077218264073,71.02966841187039,163.65915,163.8420336558401,163.4762663441599,0.002234933468004701,0.07821428571428157,0.9160230927079852,-1.831747853797694e-05,0.00017710356283506812,0.0002716620542725524,0
2026-07-28 00:00:00+00:00,163.775,163.84,163.734,163.744,1730,163.74079999999998,163.7304,163.6676,163.7105,163.7196018891431,163.69333272859592,0.026269160547172987,0.015319788017775272,0.010949372529397716,64.24682395644486,163.6676,163.84972823705107,163.48547176294892,0.002225586946360482,0.08071428571428133,0.5859797573855037,4.885913910213091e-05,0.0002443434491521401,0.00026486991840761606,0
2026-07-28 01:00:00+00:00,163.741,163.791,163.712,163.763,1523,163.7474,163.7355,163.67635,163.70896,163.7262785215826,163.69849326721842,0.02778525436417567,0.017812881287055354,0.009972373077120317,61.372549019610034,163.67635,163.85918990694987,163.49351009305016,0.0022341640310264937,0.08121428571428169,0.4690997499671138,0.00020155133451416063,0.00031152267396405975,0.00026640471683648024,0
2026-07-28 02:00:00+00:00,163.764,163.789,163.674,163.712,1183,163.7466,163.74169999999998,163.6863,163.70690000000002,163.72408182595453,163.699493765943,0.02458806001152425,0.019167917031949134,0.005420142979575115,52.215799614643274,163.6863,163.8526238438923,163.51997615610767,0.002032226813023625,0.08392857142856615,0.0,-2.4432553935027634e-05,0.00037885731744569107,0.0002555291216104606,1
2026-07-28 03:00:00+00:00,163.712,163.765,163.699,163.76,1173,163.7508,163.7453,163.69815,163.7066,163.72960769888462,163.70397570920647,0.025631989678146283,0.020460731561188564,0.005171258116957719,51.37254901960613,163.69815,163.84848895035708,163.54781104964292,0.0018367825214528272,0.08092857142856603,0.0,0.00012825289027040832,0.00021988224084434904,0.00023062151630043914,1
2026-07-28 04:00:00+00:00,163.759,163.776,163.743,163.747,948,163.7452,163.7422,163.70964999999998,163.70604,163.73228343751776,163.7071626937097,0.025120743808059842,0.02139273401056282,0.0037280097974970207,54.46985446985571,163.70964999999998,163.83470539822832,163.58459460177164,0.0015277706381797368,0.07807142857142578,0.13433996958827504,-0.00017096626469237375,-0.0001892806115594281,0.00020479344804202496,1
2026-07-28 05:00:00+00:00,163.748,163.771,163.719,163.736,1087,163.74360000000001,163.7422,163.71975,163.70476,163.73285521636117,163.70929879047196,0.02355642588921114,0.021825472386292486,0.001730953502918655,52.479338842975395,163.71975,163.8138784117002,163.62562158829982,0.0011498724094091619,0.07699999999999615,0.056304782062787426,-4.885675200316797e-05,0.0,0.00018849940387090255,1
2026-07-28 06:00:00+00:00,163.733,163.739,163.667,163.709,1948,163.7328,163.7401,163.72584999999998,163.70246,163.72918518307486,163.7092766578444,0.019908525230448504,0.021442082955123693,-0.0015335577246751893,56.570155902004416,163.72584999999998,163.79668643126567,163.6550135687343,0.0008653054024845769,0.07292857142856844,0.2644134564506576,-0.0003297448141521553,-0.0001282599401453144,0.00019550403680515714,1
2026-07-28 07:00:00+00:00,163.711,163.792,163.707,163.784,1600,163.7472,163.7469,163.7327,163.70134,163.73761823183258,163.71481172022632,0.022806511606262347,0.021714968685351426,0.0010915429209109213,56.666666666667076,163.7327,163.79768615232845,163.66771384767154,0.0007938078627966009,0.07307142857142626,0.26932316690905517,0.0004397967161844374,0.0004153534168924722,0.00024288578348004996,1
2026-07-28 08:00:00+00:00,163.783,163.851,163.757,163.821,1233,163.7594,163.7551,163.73930000000001,163.7025,163.75044619616602,163.7226775187281,0.02776867743793332,0.02292571043586781,0.004842967002065511,54.96535796766825,163.73930000000001,163.81195810343283,163.6666418965672,0.0008874852088999386,0.0723571428571412,0.18277392919827964,0.00037249633610159094,0.0005007970001038586,0.0002481957593845851,1
2026-07-28 09:00:00+00:00,163.822,163.889,163.806,163.875,1109,163.785,163.76510000000002,163.74575,163.70472,163.7696083198328,163.73396066548895,0.035647654343847535,0.02547009921746376,0.010177555126383776,65.61797752809125,163.74575,163.84046703006283,163.65103296993715,0.0011568792480151529,0.07221428571428337,0.7246956293107069,0.0007816937104190291,0.0006105938024729696,0.00025874117872162934,0
2026-07-28 10:00:00+00:00,163.875,163.947,163.863,163.934,1110,163.8246,163.7841,163.75724999999997,163.70888000000002,163.79489934755082,163.74877839397126,0.046120953579560364,0.029600270089883085,0.01652068348967728,70.48192771084454,163.75724999999997,163.88178175454146,163.63271824545848,0.0015209311898128906,0.07492857142856987,0.9721352508374849,0.0012092636927738543,0.001160347860074351,0.00025799344213117204,0
2026-07-28 11:00:00+00:00,163.934,163.935,163.904,163.928,897,163.8684,163.80059999999997,163.76805,163.71368,163.81537637100456,163.76205406849192,0.05332230251264036,0.03434467657443454,0.018977625938205823,71.63265306122298,163.76805,163.91200829072383,163.62409170927614,0.0017580754087728905,0.07192857142856976,0.9999999999950643,0.0013377395256215507,0.0010075535987981166,0.0002624677488324927,0
2026-07-28 12:00:00+00:00,163.925,163.931,163.841,163.877,1395,163.887,163.8171,163.7794,163.71545999999998,163.82485692931155,163.77056858193697,0.054288347374580326,0.038333410734463697,0.01595493664011663,63.3204633204638,163.7794,163.91992293311515,163.63887706688487,0.0017160025389656585,0.07535714285714132,0.5897262065513658,0.0005678210325796851,0.0010078674745896965,0.0002624130679054378,0
2026-07-28 13:00:00+00:00,163.879,163.884,163.815,163.833,1484,163.8894,163.8244,163.78485,163.71608,163.82610970941747,163.77519313142312,0.050916577994343015,0.04085004418643956,0.010066533807903455,55.51330798479007,163.78485,163.92477971918154,163.64492028081847,0.0017087016190024638,0.07564285714285493,0.20437994576226498,7.325068214703023e-05,0.00044577430385928096,0.0002763905391431064,1
2026-07-28 14:00:00+00:00,163.83,163.88,163.825,163.863,1742,163.887,163.83599999999998,163.78910000000002,163.71640000000002,163.83178513873784,163.7816973439103,0.050087794827533116,0.04269759431465828,0.007390200512874839,61.33333333333319,163.78910000000002,163.93325328097373,163.6449467190263,0.0017602304545749521,0.07199999999999866,0.4916452696006478,-7.322654462238454e-05,0.0007084099250671549,0.00027577110975933065,0
2026-07-28 15:00:00+00:00,163.863,163.863,163.643,163.646,2979,163.8294,163.827,163.7846,163.7138,163.80320280970125,163.77164568880585,0.03155712089539975,0.04046949963080657,-0.008912378735406824,41.908713692944914,163.7846,163.94084461252092,163.6283553874791,0.0019079280044754857,0.0820714285714266,0.0,-0.0017568045676918942,-0.0005496653148971964,0.0005221485322169935,1
2026-07-28 16:00:00+00:00,163.644,163.747,163.643,163.741,1657,163.792,163.8302,163.78515,163.71352000000002,163.79363314667032,163.7693756377832,0.02425750888710354,0.03722710148206597,-0.012969592594962429,51.89048239895853,163.78515,163.9406610759119,163.62963892408808,0.001898964294527351,0.08128571428571466,0.3358158076662195,-0.001140744717192832,0.0001954687891319029,0.0005567548263505221,1
2026-07-28 17:00:00+00:00,163.74,163.813,163.714,163.802,1246,163.777,163.83200000000002,163.78945,163.71529999999998,163.7949203548749,163.77179225720667,0.023128097668234204,0.034407300719299615,-0.01127920305106541,52.69230769230779,163.78945,163.94163060598032,163.63726939401965,0.0018582467427582657,0.08364285714285861,0.36279154878222664,-0.0004576603184096584,0.0001099008450153871,0.0005498811138348184,1
2026-07-28 18:00:00+00:00,163.802,163.858,163.766,163.856,806,163.78159999999997,163.8355,163.7953,163.71684,163.80431722335567,163.77802986778394,0.026287355571724902,0.03278331168978467,-0.0064959561180597675,56.638246041411506,163.7953,163.948307877316,163.64229212268398,0.0018682816578499404,0.08785714285714416,0.49554442181834973,0.00014038685734862888,0.00021364782292865314,0.000555336089432049,1
2026-07-28 19:00:00+00:00,163.856,163.868,163.822,163.852,818,163.7794,163.83319999999998,163.79915,163.7177,163.8116530351471,163.78350913683698,0.028143898310105442,0.03185542901384882,-0.0037115307037433806,57.12530712530804,163.79915,163.95387253601956,163.64442746398043,0.0018891738573681553,0.08742857142857272,0.5119305770267908,-6.712924821339339e-05,-0.00014035087719299622,0.0005446931070249638,0
2026-07-28 20:00:00+00:00,163.847,163.879,163.83,163.852,544,163.82059999999998,163.825,163.80455,163.71798,163.8178602605091,163.78858253410831,0.029277726400778192,0.031339888491234695,-0.0020621620904565027,59.08513341804317,163.80455,163.95870573122048,163.65039426877954,0.0018821910773598196,0.08578571428571381,0.5778648486738424,0.0012588147586864995,-0.0005002013005233064,0.0005289003778607057,0
2026-07-28 21:00:00+00:00,163.851,163.851,163.729,163.802,481,163.8328,163.8124,163.8065,163.71704,163.81542022043078,163.78957642047067,0.02584379996011421,0.0302406707850106,-0.004396870824896388,51.181102362204726,163.8065,163.95942447394472,163.65357552605528,0.0018671356013921572,0.08849999999999827,0.3119501945668844,0.0003725395594260661,-0.0007686301303011511,0.0005349333185969563,0
2026-07-28 22:00:00+00:00,163.809,163.873,163.803,163.849,722,163.8422,163.8096,163.81334999999999,163.71714,163.82058634036449,163.79397816710247,0.026608173262019363,0.029514171280412355,-0.002905998018392992,51.813471502590076,163.81334999999999,163.9606202849747,163.66607971502526,0.0017980254353472855,0.08685714285714141,0.3332249365365877,0.0002869317834945928,-0.0001708598522063287,0.0005392349452140214,0
2026-07-28 23:00:00+00:00,163.849,163.871,163.843,163.864,522,163.84380000000002,163.8127,163.81855000000002,163.72197999999997,163.8272653649238,163.79916496953933,0.02810039538445608,0.0292314161012211,-0.0011310207167650223,49.24965893588027,163.81855000000002,163.96523186123542,163.6718681387646,0.001790784514151877,0.08292857142857153,0.24697080531475749,4.882335709410768e-05,0.00018921706860042242,0.0005325523309546767,0
2026-07-29 00:00:00+00:00,163.861,163.879,163.67,163.705,1974,163.8144,163.7969,163.81645,163.72225999999998,163.80845530878167,163.7921897866105,0.0162655221711816,0.0266382373152132,-0.0103727151440316,36.25450180072163,163.81645,163.96854757946343,163.66435242053657,0.0018569268161216972,0.09185714285714296,0.0,-0.0008971510875668276,-0.0009642201107021853,0.0006120450836791197,0
2026-07-29 01:00:00+00:00,163.704,163.779,163.677,163.723,1806,163.7886,163.8046,163.8158,163.72434,163.79530833819987,163.78706461723195,0.008243720967925583,0.02295933404575568,-0.014715613077830095,37.86982248520844,163.8158,163.96944840244328,163.66215159755671,0.0018758679253561737,0.09692857142857138,0.05968089045359103,-0.000787295852354486,0.000470527846693658,0.00043465060280226776,0
2026-07-29 02:00:00+00:00,163.722,163.748,163.654,163.716,1474,163.7714,163.80210000000002,163.81615,163.72603999999998,163.7831070553999,163.78180057151104,0.0013064838888681152,0.018628764014378168,-0.017322280125510053,39.950062421973016,163.81615,163.96880271902592,163.66349728097407,0.0018637078093450864,0.097214285714285,0.14735776730391473,-0.000525024114479633,-0.00015268014730585033,0.00039228862412060293,0
2026-07-29 03:00:00+00:00,163.718,163.72,163.561,163.624,1532,163.7264,163.78429999999997,163.80815,163.72897999999998,163.75862904687685,163.77011164028798,-0.011482593411130892,0.012606492529276354,-0.024089085940407248,37.6914016489993,163.80815,163.98304639036542,163.6332536096346,0.0021353808142684522,0.10364285714285668,0.0572953267939719,-0.0013732155826400305,-0.001086677818341597,0.00040087114325279577,0
2026-07-29 04:00:00+00:00,163.622,163.622,163.275,163.42,3495,163.6376,163.7407,163.78810000000001,163.72591999999997,163.70653227043428,163.74417744471108,-0.03764517427680403,0.002556159168060276,-0.040201333444864304,28.34799608993211,163.78810000000001,164.03422867835795,163.54197132164208,0.003005452512825217,0.12464285714285543,0.0,-0.0027095640287068123,-0.0026608729616248716,0.0005056290166295512,1
2026-07-29 05:00:00+00:00,163.423,163.495,163.343,163.489,2201,163.5944,163.70440000000002,163.7688,163.7242,163.67306576729052,163.72527541176953,-0.052209644479006556,-0.008397001561353095,-0.04381264291765346,41.028571428573024,163.7688,164.04494305978625,163.49265694021375,0.0033723524845544446,0.11978571428571375,0.4125490023107152,-0.0013194465654684517,-0.002215413910114039,0.0005473721859082202,1
2026-07-29 06:00:00+00:00,163.487,163.577,163.449,163.527,2624,163.5552,163.6719,163.74845,163.72324,163.65059411078428,163.71058834423107,-0.05999423344678689,-0.018716447938439858,-0.041277785508347035,36.91931540342152,163.74845,164.0331862398962,163.4637137601038,0.0034777274520302916,0.1214999999999975,0.27885873762298974,-0.0011971439565608977,-0.0019834973024437375,0.0005625532359670936,1
2026-07-29 07:00:00+00:00,163.529,163.69,163.49,163.678,2411,163.54760000000002,163.6595,163.73595,163.72504,163.65481040143283,163.70817439280654,-0.053363991373714725,-0.025645956625494834,-0.02771803474821989,43.17180616740147,163.73595,164.00921676766527,163.46268323233474,0.0033378957726175893,0.12871428571428314,0.4822768600465542,-0.00023210926238126373,-0.0007570115139009514,0.0006620046724533614,1
2026-07-29 08:00:00+00:00,163.678,163.69,163.554,163.585,1782,163.53979999999999,163.63309999999998,163.72135,163.72648,163.64407033967393,163.69905036370974,-0.05498002403581381,-0.03151277010755864,-0.023467253928255175,35.69165786694943,163.72135,163.99408760282446,163.44861239717554,0.003331729219487421,0.13185714285713906,0.23891820824436963,-0.00023835134210137277,-0.0016112396169642995,0.0006652036625975743,1
2026-07-29 09:00:00+00:00,163.584,163.615,163.504,163.607,1739,163.5772,163.6074,163.71005,163.72816,163.63836721049333,163.69223181824978,-0.05386460775645219,-0.03598313763733735,-0.01788147011911484,37.30569948186547,163.71005,163.98203643541004,163.43806356458995,0.0033227823876425706,0.13649999999999807,0.2914293317651227,0.0011442907844818606,-0.001568373773373044,0.0006671510278168891,1
2026-07-29 10:00:00+00:00,163.61,163.695,163.6,163.657,1514,163.61079999999998,163.6026,163.69975,163.73096,163.64123379349437,163.68962205393498,-0.048388260440617614,-0.0384641621979934,-0.009924098242624212,40.39408866995148,163.69975,163.96280402685963,163.43669597314036,0.0032138598484070364,0.13978571428571382,0.5133538685293382,0.0010275920704145847,-0.00029321034788187816,0.0006141747873898752,1
2026-07-29 11:00:00+00:00,163.656,163.685,163.635,163.642,1307,163.6338,163.59449999999998,163.69955,163.73311999999999,163.6413516714183,163.68609449438424,-0.04474282296592946,-0.03971989435158062,-0.0050229286143488455,41.836734693878114,163.69955,163.96278211689088,163.4363178831091,0.003216039590712256,0.13457142857142962,0.574833382519593,0.0007032477817119354,-0.000494738063680833,0.0006124074843574879,1
2026-07-29 12:00:00+00:00,163.639,163.82,163.629,163.795,2122,163.6572,163.6024,163.70225,163.73728,163.6649898758155,163.69416156887428,-0.029171693058771098,-0.037610254093018713,0.008438561034247616,47.51381215469614,163.70225,163.9683642413854,163.4361357586146,0.003251198335824892,0.14314285714285852,0.9169517375689408,0.0007148181185008262,0.00048254294021332633,0.0006870681436469821,0
2026-07-29 13:00:00+00:00,163.796,163.81,163.725,163.749,1714,163.69,163.6149,163.6996,163.73932000000002,163.6779145103054,163.6982236748836,-0.02030916457817966,-0.03415003619005091,0.013840871611871246,44.852282900626356,163.6996,163.96256879941947,163.43663120058054,0.003212821526985628,0.1472142857142862,0.8611314412513296,0.001002536907418028,0.0007639466092994596,0.0006647056513876546,0
2026-07-29 14:00:00+00:00,163.746,163.885,163.734,163.885,1756,163.74560000000002,163.66140000000001,163.70104999999998,163.74324000000001,163.70977381641225,163.71205895822553,-0.0022851418132745493,-0.027777057314695635,0.025491915501421086,58.226691042046376,163.70104999999998,163.9679404565246,163.43415954347537,0.003260705493637416,0.14307142857142757,0.9999999999966532,0.001699193799776344,0.002845428956064211,0.0005123216705588002,0
2026-07-29 15:00:00+00:00,163.887,163.887,163.827,163.856,1594,163.7854,163.6981,163.70125000000002,163.74544,163.73227015234883,163.7227212576162,0.009548894732631652,-0.020311866905230177,0.02986076163786183,56.018099547510374,163.70125000000002,163.96862230103895,163.43387769896108,0.0032665883863309824,0.14007142857142746,0.9260813935090453,0.0012159577653261255,0.0022447993442984426,0.0005291595124886485,0
2026-07-29 16:00:00+00:00,163.857,163.903,163.854,163.892,1030,163.8354,163.7346,163.70324999999997,163.7492,163.75684397506438,163.7352604237187,0.021583551345685237,-0.011932783255047093,0.033516334600732334,57.76014109347379,163.70324999999997,163.9759162698818,163.43058373011814,0.003331226104329933,0.1368571428571406,0.9843851965616722,0.0015277251561334193,0.0022320473071726354,0.000529153298983593,0
2026-07-29 17:00:00+00:00,163.893,163.896,163.765,163.786,1469,163.8336,163.7454,163.70245,163.75068,163.76132951736219,163.73901891085063,0.022310606511553033,-0.005084105301727067,0.027394711813280098,57.05574912892015,163.70245,163.97398790080462,163.43091209919538,0.00331745677361111,0.1348571428571412,0.9608101386255677,-5.4946732195637615e-05,0.000659832109385583,0.000531221410490191,0
2026-07-29 18:00:00+00:00,163.79,163.857,163.315,163.317,7918,163.7472,163.71859999999998,163.67585,163.74402,163.6929711300757,163.70775825078763,-0.014787120711929447,-0.007024708383767544,-0.007762412328161903,46.3552724699228,163.67585,163.98811660335903,163.36358339664096,0.003815671076203788,0.14864285714285635,0.47320163764880635,-0.0026381840499788423,-0.0016382920194394357,0.0010642196477186408,0
2026-07-29 19:00:00+00:00,163.316,163.518,163.23,163.513,5741,163.6728,163.7092,163.6583,163.7398,163.6652832639102,163.69333171369226,-0.028048449782062335,-0.011229456663426503,-0.01681899311863583,50.77922077922082,163.6583,163.96545475268945,163.35114524731054,0.0037536104516478082,0.15835714285714175,0.6695158953161618,-0.0022698843701375315,-0.0005745475438092562,0.0011474633304604902,0
2026-07-29 20:00:00+00:00,163.503,163.553,163.309,163.313,1693,163.56419999999997,163.67479999999998,163.6387,163.7305,163.61108583869324,163.6651589941595,-0.054073155466255685,-0.019798196423992345,-0.03427495904226334,43.71327849588722,163.6387,163.98129142459348,163.29610857540652,0.004187168739344411,0.16664285714285704,0.3559622285254383,-0.0033138853627575626,-0.00210195714207162,0.001194669819547625,1
2026-07-29 21:00:00+00:00,163.304,163.342,163.295,163.338,468,163.45340000000002,163.6444,163.61945,163.72253999999998,163.56907263274044,163.64092499459213,-0.07185236185168264,-0.03020902950953041,-0.041643332342152235,39.21319796954299,163.61945,163.9846190163757,163.2542809836243,0.0044636382334213714,0.15571428571428822,0.15626957702771543,-0.003380274815122153,-0.0018577137898583285,0.0011998534453526541,1
2026-07-29 22:00:00+00:00,163.411,163.451,163.379,163.384,1068,163.373,163.6033,163.60285000000002,163.71562,163.54059992001115,163.62189351351122,-0.08129359350007803,-0.04042594230763994,-0.04086765119243809,43.42707652060097,163.60285000000002,163.97954156724913,163.2261584327509,0.004604951163737195,0.15407142857143136,0.29259497672935875,-0.0024544222338906962,-0.0025092341036051513,0.0011487769230821418,1
2026-07-29 23:00:00+00:00,163.386,163.387,163.269,163.307,1455,163.37099999999998,163.5591,163.587,163.70744000000002,163.50466147077867,163.59856806806593,-0.09390659728725836,-0.05112207330356364,-0.04278452398369473,40.53030303030269,163.587,163.98596286596066,163.18803713403932,0.004877684240931974,0.1545714285714297,0.06927212457649472,-6.123061285734366e-05,-0.0026992531252100216,0.0011509102861022838,1
2026-07-30 00:00:00+00:00,163.304,163.514,163.206,163.489,3854,163.3662,163.5195,163.59044999999998,163.70244,163.50225201373578,163.59045191487587,-0.08819990114008647,-0.058537638870868214,-0.029662262269218254,45.104895104894936,163.59044999999998,163.98449540213258,163.19640459786737,0.004817462170103509,0.169785714285717,0.3098692656238593,-0.00014677732045775826,-0.0024163285230496268,0.0011840913839639307,1
2026-07-30 01:00:00+00:00,163.486,163.53,163.412,163.498,2508,163.40320000000003,163.4837,163.59089999999998,163.6969,163.50159785777643,163.5836036248851,-0.08200576710865448,-0.06323126451842546,-0.018774502590229017,45.789473684210314,163.59089999999998,163.98447786629404,163.1973221337059,0.004811733003413593,0.17464285714285868,0.34587414787780923,0.0011327940825287541,-0.002184845229957988,0.0011877586364310768,1
2026-07-30 02:00:00+00:00,163.499,163.502,163.447,163.486,1494,163.4328,163.4431,163.58885,163.69174,163.49919818734926,163.57637372674546,-0.07717553939619393,-0.06602011949397915,-0.011155419902214775,40.152963671128106,163.58885,163.98425214039136,163.19344785960865,0.004834096460624967,0.16492857142857328,0.04942625208301302,0.0009060965605063309,-0.002477241109999251,0.0011793421673353514,1
2026-07-30 03:00:00+00:00,163.487,163.553,163.483,163.498,1365,163.45559999999998,163.4143,163.57985,163.68644,163.49901385083402,163.57056826550505,-0.07155441467102719,-0.06712697852938876,-0.00442743614163843,41.82410423452751,163.57985,163.97490217509477,163.18479782490522,0.0048300835964182115,0.16385714285714365,0.1373186007965357,0.0006977427410272963,-0.0017583920481604176,0.001174220735287874,1
2026-07-30 04:00:00+00:00,163.499,163.521,163.461,163.489,1145,163.49200000000002,163.4315,163.57504999999998,163.68197999999998,163.497473258398,163.5645261717639,-0.0670529133658988,-0.06711216549669077,5.9252130791970226e-05,35.937500000000355,163.57504999999998,163.97216617018958,163.17793382981037,0.00485546139450491,0.15735714285714306,0.0,0.0011144653934003212,0.0010531665411439572,0.0006999060206981114,0
2026-07-30 05:00:00+00:00,163.492,163.548,163.454,163.537,1317,163.5016,163.4339,163.57154999999997,163.67752000000002,163.50355429556754,163.56248719607765,-0.058932900510114905,-0.0654763124993756,0.0065434119892607,38.82270497547337,163.57154999999997,163.9687144098047,163.17438559019524,0.004856155117497276,0.15978571428571392,0.1322115395245483,0.0002935977344040719,0.00014677732045775826,0.0005929026766359367,0
2026-07-30 06:00:00+00:00,163.539,163.641,163.535,163.638,1905,163.5296,163.4664,163.5706,163.67534,163.5242382500956,163.56808073710894,-0.04384248701333604,-0.061149547402167694,0.017307060388831653,41.48793565683672,163.5706,163.96699395607848,163.17420604392154,0.004846762878884952,0.16385714285714365,0.26282650720362954,0.000856279587517994,0.00199004365849631,0.0004289132110441921,0
2026-07-30 07:00:00+00:00,163.639,163.736,163.557,163.73,2557,163.57840000000002,163.50560000000002,163.575,163.67522,163.55589390392703,163.58007475658235,-0.024180852655319995,-0.053755808452798155,0.02957495579747816,48.10554803788862,163.575,163.9766497557702,163.17335024422977,0.004910894155833377,0.1672857142857152,0.8198542621043287,0.0014924825367310657,0.002399931430530522,0.00044332727633165166,0
2026-07-30 08:00:00+00:00,163.727,163.731,163.603,163.648,2080,163.60840000000002,163.53199999999998,163.56765,163.674,163.57006407255363,163.58510625609478,-0.01504218354114073,-0.04601308347046667,0.03097089992932594,65.16956920256622,163.56765,163.95755701994835,163.17774298005162,0.004767532210047249,0.1377142857142855,0.9999999999965792,0.0009174424151978666,0.0016158252950106977,0.0005004930917621641,0
2026-07-30 09:00:00+00:00,163.645,163.648,163.281,163.307,3381,163.57199999999997,163.53199999999998,163.54555,163.66446,163.52959267677613,163.56450579268036,-0.03491311590423152,-0.043793089957219644,0.008879974052988127,41.6666666666659,163.54555,163.9422237888131,163.1488762111869,0.004850927326522838,0.14335714285714118,0.1959890908490002,-0.0011132247429491704,0.0,0.0008586411225459465,0
2026-07-30 10:00:00+00:00,163.306,163.314,162.281,162.82,10870,163.4286,163.46509999999998,163.4923,163.64444,163.42042457265674,163.5093572154448,-0.08893264278805191,-0.052821000523386105,-0.0361116422646658,33.81483913328938,163.4923,163.97394153518522,163.01065846481478,0.0058919170527935395,0.19971428571428312,0.0,-0.004384328928621728,-0.004092018423257904,0.001183726371380005,0
2026-07-30 11:00:00+00:00,162.823,163.041,162.714,162.89,4012,163.279,163.40429999999998,163.44400000000002,163.62474,163.33882079224801,163.4634789031896,-0.12465811094159562,-0.06718842260702802,-0.0574696883345676,35.71428571428507,163.44400000000002,163.96426875645372,162.9237312435463,0.006366324324584603,0.21971428571428117,0.06057926752336532,-0.004571065400457264,-0.0037186999229348316,0.0012057968128120534,0
2026-07-30 12:00:00+00:00,162.891,162.954,162.683,162.952,4845,163.1234,163.3509,163.397,163.6051,163.27930990113293,163.42559157702743,-0.14628167589449959,-0.08300707326452235,-0.06327460262997724,36.36363636363653,163.397,163.91669788794195,162.87730211205803,0.006361168050110577,0.23099999999999657,0.08128908221207992,-0.004751725401575757,-0.0032663347320259772,0.0012266500527879725,0
2026-07-30 13:00:00+00:00,162.954,162.958,159.735,159.748,36376,162.34339999999997,162.9759,163.1951,163.5215,162.73603145480482,163.15317738613652,-0.41714593133170297,-0.1498348448779585,-0.26731108645374446,12.226703459987164,163.1951,164.8891462803579,161.5010537196421,0.020760994421497894,0.45278571428571013,0.0,-0.02383163863903015,-0.022936060379943446,0.006220982625943434,0
2026-07-30 14:00:00+00:00,159.744,159.956,157.952,159.281,55256,161.5382,162.55509999999998,162.9933,163.42958000000002,162.20448815406564,162.8663494316079,-0.6618612775422434,-0.2522401314108155,-0.4096211461314279,7.886309047237404,162.9933,165.42650755166264,160.56009244833737,0.029856534614154485,0.5739285714285651,0.0,-0.0246529542518078,-0.02573873471609711,0.006171904625119689,1
2026-07-30 15:00:00+00:00,159.279,159.621,158.893,159.47,12742,160.8682,162.14839999999998,162.79115,163.34232,161.78379766882477,162.6147679922295,-0.8309703234047277,-0.367986169809598,-0.4629841535951297,11.089644513137344,162.79115,165.67298540017097,159.909314599829,0.03540530796878068,0.6174999999999946,0.05592096988209487,-0.02057486795233998,-0.02486898989219566,0.0062244472750711335,1
2026-07-30 16:00:00+00:00,159.471,159.687,159.367,159.567,5576,160.2036,161.7413,162.60385,163.25639999999999,161.44275187362095,162.38900740021253,-0.9462555265915853,-0.4836400411659955,-0.4626154854255898,12.754229233985868,162.60385,165.81140104319965,159.39629895680034,0.03945233822199976,0.6364285714285671,0.08497980341098173,-0.020400270120940367,-0.024878084552487745,0.006223929004392021,1
2026-07-30 17:00:00+00:00,159.57,159.841,158.511,158.995,15988,159.4122,161.2678,162.3867,163.16338,161.06617466229466,162.13759944464124,-1.0714247823465826,-0.601196989402113,-0.4702277929444696,11.321078852430773,162.3867,165.95296185536716,158.82043814463282,0.04392307812606788,0.7264285714285685,0.059961143899171926,-0.024283224507830492,-0.028919562694680212,0.006134855533022801,1
2026-07-30 18:00:00+00:00,158.997,159.097,158.84,158.889,6277,159.24040000000002,160.7919,162.16195,163.06634,160.73122471424932,161.89696244874187,-1.1657377344925521,-0.7141051384202008,-0.4516325960723513,11.13551875633651,162.16195,166.01833524363977,158.3055647563602,0.04756214689869946,0.7404999999999993,0.056721801452691456,-0.0053772191201140185,-0.02908070981619082,0.006127829027115768,1
2026-07-30 19:00:00+00:00,158.891,159.43,158.891,159.345,4281,159.25320000000002,160.3957,161.96385,162.97719999999998,160.51795937359557,161.7079281932795,-1.1899688196839406,-0.8092778746729489,-0.38069094501099177,16.86689851406868,161.96385,165.97645656982525,157.95124343017477,0.04954940957287984,0.7724285714285709,0.15677511095674207,0.00040180561397784587,-0.024261054333249543,0.006398082895999913,1
2026-07-30 20:00:00+00:00,159.347,159.593,159.332,159.477,1730,159.2546,160.0614,161.76325,162.88962,160.35781177765782,161.54267425303658,-1.1848624753787647,-0.8843947948141121,-0.30046768056465256,17.272298253893183,161.76325,165.85517626753483,157.67132373246517,0.050591543722505954,0.7834999999999995,0.16385221757959345,4.389540352423005e-05,-0.020531875690946944,0.006474847282777458,1
2026-07-30 21:00:00+00:00,159.472,159.617,159.426,159.59,541,159.25920000000002,159.7314,161.56785,162.80437999999998,160.2396868887874,161.3980317157746,-1.1583448269872179,-0.9391848012487333,-0.2191600257384846,17.5446848541863,161.56785,165.68414298097903,157.45155701902095,0.050954357330112894,0.7843571428571424,0.16860729959751702,0.0001441400790889169,-0.020259070538400037,0.006487308860647517,1
2026-07-30 22:00:00+00:00,159.648,159.774,159.368,159.648,2460,159.38979999999998,159.401,161.37595000000002,162.72029999999998,160.14865813666623,161.26839973682834,-1.119741600162115,-0.9752961610314097,-0.1444454391307053,18.52376455775881,161.37595000000002,165.47353298332777,157.27836701667226,0.050783068769884906,0.8042142857142868,0.31490061858823754,0.00410704739142731,-0.020275909470273468,0.006486602546999252,1
2026-07-30 23:00:00+00:00,159.652,160.206,159.571,160.182,5300,159.64839999999998,159.4444,161.21015,162.64790000000002,160.1537876541022,161.18792568224845,-1.034138028146259,-0.9870645344543796,-0.04707349369187952,26.13410722468295,161.21015,165.21346474629323,157.20683525370677,0.04966579022838485,0.8233571428571439,0.6407833844320489,0.008137756547023312,0.00271677892680966,0.0022013957630715674,1
2026-07-31 00:00:00+00:00,160.182,160.686,160.143,160.541,9387,159.88759999999996,159.5704,161.06275,162.58174,160.2133587842403,161.14000526134117,-0.92664647710086,-0.9749809229836757,0.04833444588281566,32.24801370930051,161.06275,164.92746437631817,157.19803562368182,0.047990169996702234,0.7883571428571453,0.8554772149543851,0.0075057265681381935,0.007910548025188202,0.001960717182210673,1
2026-07-31 01:00:00+00:00,160.539,160.745,160.332,160.735,7487,160.1392,159.6969,160.92265,162.51916,160.29361127897258,161.1100048716122,-0.8163935926396277,-0.943263456914866,0.12686986427523828,33.53201895155149,160.92265,164.60872703463414,157.23657296536587,0.0458117864033949,0.7945000000000034,0.900565899997769,0.007888284831041537,0.00793252649401155,0.0019612199364062626,0
2026-07-31 02:00:00+00:00,160.732,160.732,160.432,160.507,4157,160.32260000000002,159.79090000000002,160.7661,162.4552,160.3264403129768,161.06533784408538,-0.738897531108563,-0.9023902717536054,0.16349274064504238,31.778208376807342,160.7661,164.2255952415504,157.3066047584496,0.04303762101028015,0.7967857142857184,0.9316138807862642,0.005745974058525061,0.005890942362769325,0.0020832623276179968,0
2026-07-31 03:00:00+00:00,160.51,160.878,160.47,160.612,6284,160.5154,159.95260000000002,160.6102,162.39298,160.37037257251882,161.031757263042,-0.6613846905231924,-0.8541891555075227,0.19280446498433035,61.966759002770196,160.6102,163.77585307804256,157.44454692195742,0.03942032421406071,0.59571428571429,0.9999999999981509,0.006038284225295731,0.010170131136199245,0.0014848616384511184,0
2026-07-31 04:00:00+00:00,160.612,160.807,160.562,160.679,3697,160.6148,160.1316,160.46175,162.33224,160.41785371520822,161.00562709540927,-0.5877733802010425,-0.8009060004462266,0.2131326202451841,71.77570093457933,160.46175,163.2878394964773,157.6356605035227,0.03522446310696842,0.47007142857143186,0.9999999999983521,0.0031027206552547426,0.011265726387603925,0.0013847869506891932,0
2026-07-31 05:00:00+00:00,160.679,160.745,160.537,160.597,4178,160.62600000000003,160.2568,160.32625,162.2717,160.44541468209928,160.97535842167525,-0.5299437395759696,-0.7467135482721753,0.21676980869620566,68.15984531098947,160.32625,162.81804089052417,157.8344591094758,0.03108400390484011,0.43292857142857394,0.9403719531538406,0.0003488205505135511,0.007857165270325428,0.001321773318977637,0
2026-07-31 06:00:00+00:00,160.6,160.608,159.928,160.29,9752,160.53699999999998,160.3381,160.19975,162.2091,160.42150473100708,160.9245911311808,-0.5030864001737143,-0.6979881186524831,0.1949017184787688,60.91156051916663,160.19975,162.39809070200667,158.00140929799332,0.027444995413621744,0.45864285714285863,0.8208425498531442,-0.0027685320558684667,0.00509791380575253,0.0015718333714122717,0
2026-07-31 07:00:00+00:00,160.291,160.645,160.207,160.207,9107,160.477,160.3998,160.0656,162.14346,160.38850400315982,160.8714362325748,-0.4829322294149847,-0.6549769408049835,0.17204471138999877,71.45892351274759,160.0656,161.86372866467636,158.26747133532362,0.02246739667581753,0.3949285714285732,0.9947761136172034,-0.0018690773611120814,0.0038661570273825774,0.001602146587446686,1
2026-07-31 08:00:00+00:00,160.204,160.513,158.538,158.931,14636,160.1408,160.3281,159.86455,162.05154,160.1642726180583,160.72770021534706,-0.5634275972887508,-0.636667072101737,0.0732394748129862,50.52578868302455,159.86455,161.12158133570384,158.60751866429618,0.015726204911643372,0.5176428571428582,0.6129962535172979,-0.010466216721041866,-0.004491130487071504,0.003089732211199127,1
2026-07-31 09:00:00+00:00,158.927,160.086,158.581,159.995,20357,160.00400000000002,160.3094,159.8769,161.97788,160.13823067681858,160.67342612532136,-0.5351954485027761,-0.6163727473819449,0.0811772988791688,57.06214689265543,159.8769,161.13396339495722,158.6198366050428,0.01572539115978874,0.5865000000000029,0.7300433859478866,-0.0042569346336484015,-0.0011674220574096061,0.0036729238832464758,0
2026-07-31 10:00:00+00:00,159.994,160.137,159.856,159.991,5177,159.8828,160.2544,159.9124,161.90599999999998,160.11557980346188,160.62287604196425,-0.5072962385023629,-0.5945574456060285,0.08726120710366558,55.74430040232466,159.9124,161.13832236381396,158.68647763618603,0.015332424049841845,0.5879285714285751,0.7043868676817732,-0.0037734204250390313,-0.0034259161211154243,0.0035804336861664492,0
2026-07-31 11:00:00+00:00,159.993,160.258,159.981,160.208,4565,159.8664,160.20170000000002,159.94930000000002,161.83802,160.12979829523698,160.59214448330025,-0.46234618806326466,-0.5681151940974758,0.10576900603421113,56.7496723460026,159.94930000000002,161.1635258699072,158.73507413009284,0.015182634371106113,0.5940714285714331,0.7178313201172335,-0.000511572774346436,-0.003278688524590234,0.00358782683508259,0
2026-07-31 12:00:00+00:00,160.211,160.452,160.162,160.373,4269,159.89960000000002,160.1883,159.98960000000002,161.77233999999999,160.1672139421236,160.57591155861135,-0.40869761648775693,-0.536231678575532,0.12753406208777507,57.73745997865526,159.98960000000002,161.20390272822866,158.7752972717714,0.015179770787959105,0.5857857142857179,0.6924243915490306,0.0010361594686874032,-0.0008348545546300601,0.0035882703432298713,0
2026-07-31 13:00:00+00:00,160.373,160.537,159.136,159.496,26343,160.0126,160.07670000000002,160.01465,161.68941999999998,160.06395025871996,160.49591810982534,-0.4319678511053837,-0.5153789130815023,0.08341106197611858,43.178202068417036,160.01465,161.16135094756737,158.8679490524326,0.014332449529682214,0.640500000000005,0.28501770892550704,0.0035550018561514296,-0.006948422284760669,0.003953301528960859,0
2026-07-31 14:00:00+00:00,159.493,159.556,158.903,159.238,15297,159.8612,159.9326,160.0321,161.59828,159.93688098814766,160.40273899057902,-0.4658580024313608,-0.505474730951474,0.03961672852011322,36.776943373249374,160.0321,161.11555371746502,158.948646282535,0.013540454914545332,0.6483571428571488,0.12497620917634798,-0.004731397856183039,-0.008968191238431955,0.003942334667226566,0
2026-07-31 15:00:00+00:00,159.236,159.423,158.852,159.171,12081,159.6972,159.79000000000002,160.02339999999998,161.50672,159.81905314381726,160.31149906535094,-0.4924459215336867,-0.5028689690679166,0.010423047534229846,33.70833333333296,160.02339999999998,161.13257368958978,158.91422631041019,0.013862643708230113,0.6596428571428622,0.04825614890065765,-0.0051252882974668346,-0.00887936885495999,0.0039434035890743915,0
2026-07-31 16:00:00+00:00,159.168,159.365,159.118,159.364,3873,159.5284,159.6974,160.01775,161.41629999999998,159.74904496784535,160.24131394939903,-0.4922689815536785,-0.5007489715650689,0.008479990011390437,38.00629590765991,160.01775,161.1397202360225,158.89577976397752,0.014023072265701667,0.6556428571428613,0.11290411828147899,-0.005268151403175825,-0.005777029134693246,0.0039766043119900596,0
2026-07-31 17:00:00+00:00,159.364,159.506,158.153,158.504,23683,159.1546,159.5271,159.96345,161.30926,159.55749958817682,160.11262402722133,-0.5551244390445049,-0.5116240650609561,-0.04350037398354878,30.90579710144918,159.96345,161.26356181300295,158.66333818699704,0.01625511093944219,0.7231428571428629,0.0,-0.011654081422683316,-0.010629997440810945,0.004258480109184557,0
2026-07-31 18:00:00+00:00,158.503,159.13,158.311,158.895,10613,159.0344,159.5235,159.92579999999998,161.20932000000002,159.45557657461117,160.02242965483458,-0.5668530802234102,-0.522669868093447,-0.044183212129963234,34.73648186173858,159.92579999999998,161.30554881008874,158.54605118991122,0.017254862068393672,0.7641428571428638,0.09446089856126844,-0.003768119576666451,-0.0002265133926043772,0.0036069807235100293,0
2026-07-31 19:00:00+00:00,158.894,159.237,158.868,159.17,4582,159.02079999999998,159.44099999999997,159.8752,161.11700000000002,159.41164171697866,159.95928671743943,-0.5476450004607614,-0.5276648945669098,-0.019980105893851574,38.18121583567975,159.8752,161.28918989052974,158.46121010947027,0.017688670794841654,0.7756428571428639,0.17940463234384915,-0.00042703374822594675,-0.005156411137848149,0.0028409268168587765,0
2026-07-31 20:00:00+00:00,159.174,159.185,157.285,157.436,6440,158.6738,159.1855,159.71994999999998,160.99938,159.10769683744348,159.77237659022168,-0.6646797527781985,-0.5550678662091676,-0.10961188656903087,30.881564844587302,159.71994999999998,161.46841404474995,157.97148595525002,0.021894122114988965,0.8627857142857209,0.0,-0.010900226800107937,-0.01596964829271652,0.004324955299340119,0
2026-08-02 21:00:00+00:00,157.153,157.52,157.12,157.503,1233,158.30159999999998,158.915,159.55835000000002,160.87918,158.8608204009137,159.60427462057564,-0.7434542196619418,-0.5927451368997224,-0.1507090827622194,31.847475832437993,159.55835000000002,161.49870268362122,157.61799731637882,0.024321543606100206,0.8600714285714345,0.03596644174491847,-0.01167766873321463,-0.016884300409467756,0.004263845301140064,0
2026-08-02 22:00:00+00:00,157.527,157.527,156.988,157.304,3755,158.0616,158.6081,159.3982,160.759,158.62130957000392,159.4338839079404,-0.8125743379364962,-0.6367109771070772,-0.175863360829419,37.23120389263829,159.3982,161.52832464176805,157.26807535823195,0.026727085271578334,0.7575000000000054,0.23643371469575528,-0.007570786857113987,-0.01913663771333074,0.004161555086516383,0
2026-08-02 23:00:00+00:00,157.309,157.871,157.056,157.582,8755,157.79899999999998,158.4167,159.2467,160.64388,158.4614157900033,159.29670732216704,-0.8352915321637511,-0.6764270881184121,-0.15886444404533895,28.397493285585995,159.2467,161.44330140360273,157.05009859639728,0.02758740248435575,0.7082142857142892,0.0,-0.008263318543692444,-0.012000300947986209,0.004105170049110919,0
2026-08-03 00:00:00+00:00,157.582,157.884,155.224,156.126,32730,157.1902,158.10549999999998,159.01905,160.49872000000002,158.1021210530797,159.06184011311763,-0.9597190600379122,-0.7330854825023122,-0.22663357753559998,22.538013357964658,159.01905,161.51409008827488,156.5240099117251,0.03138039232752165,0.87814285714286,0.0,-0.01912420682289362,-0.019543073889398244,0.004834364908785331,1
2026-08-03 01:00:00+00:00,156.128,156.453,155.434,156.357,19793,156.9744,157.8241,158.80705,160.35972,157.83364089106746,158.86148158622004,-1.0278406951525767,-0.7920365250323652,-0.2358041701202115,22.691816763579368,158.80705,161.45349838266284,156.16060161733716,0.03332910450339377,0.9311428571428593,0.004369483624889306,-0.006853578597017296,-0.017679099836025336,0.0049378848895559055,1
2026-08-03 02:00:00+00:00,156.357,156.628,156.211,156.484,5777,156.7706,157.5361,158.61674999999997,160.21962,157.62600383090322,158.68537183909265,-1.0593680081894377,-0.8455028216637799,-0.21386518652565778,22.272921716811567,158.61674999999997,161.3598048376032,155.87369516239673,0.0345872026454109,0.9402142857142864,0.0,-0.006469718037116601,-0.018071835546296544,0.004912568197409512,1
2026-08-03 03:00:00+00:00,156.484,156.644,156.294,156.519,4798,156.6136,157.3376,158.43234999999999,160.08004,157.4556955492258,158.5248998510117,-1.069204301785902,-0.8902431176882043,-0.1789611840976978,25.879111975368488,158.43234999999999,161.22075662102995,155.64394337897002,0.03519996542410642,0.8651428571428568,0.22668616959106233,-0.004990337181508431,-0.012523343259476016,0.004776415709102423,1
2026-08-03 04:00:00+00:00,156.518,156.546,156.368,156.456,3801,156.3884,157.09369999999998,158.3086,159.93944,157.3018962339603,158.371648010196,-1.0697517762357052,-0.9261448493977046,-0.14360692683800058,26.723560910307697,158.3086,161.22076254606952,155.3964374539305,0.03679095824319727,0.8312142857142837,0.27976847550168377,-0.007145486159586767,-0.015349759274993047,0.004611731024376168,1
2026-08-03 05:00:00+00:00,156.457,156.505,156.366,156.394,3213,156.442,156.81609999999998,158.12855,159.79736,157.1622198902741,158.2251555649963,-1.0629356747222118,-0.9535030144626061,-0.10943266025960574,26.745938703734623,158.12855,161.04697311242748,155.2101268875725,0.03691203280403811,0.8003571428571397,0.28117515011176936,0.001716562263812671,-0.017440472450838573,0.004491813960202402,1
2026-08-03 06:00:00+00:00,156.392,156.85,156.32,156.773,5180,156.52519999999998,156.7498,157.96765,159.66304,157.102339907155,158.1175884861077,-1.0152485789527077,-0.9658521273606265,-0.04939645159208117,28.95890855936301,157.96765,160.80750502039015,155.12779497960983,0.03595489355434687,0.8205714285714245,0.4202830795402152,0.002660578036160821,-0.004211235041540751,0.00329348148859404,0
2026-08-03 07:00:00+00:00,156.77,156.8,156.481,156.776,5930,156.5836,156.6771,157.79604999999998,159.52782000000002,157.05213376759272,158.01821156121085,-0.9660777936181262,-0.9658972606121266,-0.00018053300599962796,33.698113207547124,157.79604999999998,160.47617642867402,155.11592357132594,0.03396949959994618,0.7467142857142822,0.7181908635390881,0.0018660054702077655,-0.004615785096156788,0.003284423498295355,1
2026-08-03 08:00:00+00:00,156.772,156.981,156.558,156.979,5668,156.67559999999997,156.6446,157.62635,159.39464,157.0408824187323,157.94123292704708,-0.9003505083147729,-0.9527879101526558,0.052437401837882924,31.25978090766793,157.62635,160.03556723693188,155.21713276306812,0.030568711854735964,0.7184285714285689,0.5649165852510184,0.002938940320344585,-0.0020660631643186766,0.003314184829342948,0
2026-08-03 09:00:00+00:00,156.983,157.137,156.855,157.088,4410,156.80200000000002,156.5952,157.50594999999998,159.2618,157.04813127738888,157.87803048800657,-0.8298992106176968,-0.9282101702456641,0.09831095962796732,28.952689041649506,157.50594999999998,159.75725899700436,155.2546410029956,0.02858697080338073,0.7122142857142839,0.4465597885021915,0.0040394743570077996,-0.003134875810689053,0.0032602835578873497,0
2026-08-03 10:00:00+00:00,157.091,157.093,156.668,156.825,4617,156.88819999999998,156.6651,157.3853,159.12534,157.0138033885598,157.8000282296357,-0.7862248410758923,-0.8998131044117098,0.11358826333581751,41.20863309352476,157.3853,159.50028066184842,155.27031933815158,0.026876470189381354,0.6068571428571394,0.9999999999947191,0.0027558601992403453,0.004477153068675133,0.0011571497800627478,1
2026-08-03 11:00:00+00:00,156.825,156.991,156.567,156.662,4781,156.866,156.69559999999998,157.25985,158.99244,156.95967979031985,157.71572984225526,-0.7560500519354036,-0.8710604939164486,0.11501044198104493,38.22458695043414,157.25985,159.22089776237308,155.29880223762692,0.024940221707868658,0.6085714285714252,0.8424117222844562,-0.0007080300817103868,0.0019506641851660955,0.0011814143171590265,1
2026-08-03 12:00:00+00:00,156.66,156.896,156.583,156.819,4649,156.8746,156.7291,157.1326,158.87242,156.93803674565524,157.6493054094956,-0.7112686638403716,-0.8391021279012331,0.1278334640608615,43.12836497591355,157.1326,158.8315262739163,155.4336737260837,0.02162410949626366,0.5924285714285682,0.9999999999952052,0.0002742766750012393,0.0021407939469848536,0.0011938902800857126,1
2026-08-03 13:00:00+00:00,156.82,156.861,156.297,156.464,8927,156.7716,156.72359999999998,157.0306,158.7439,156.86510801555443,157.56150500879224,-0.696396993237812,-0.8105611009685488,0.11416410773073682,34.498058790903855,157.0306,158.62456049610722,155.43663950389276,0.02030127244125959,0.5744999999999963,0.5861844757817952,-0.003280693595958839,-0.0003513950383020603,0.0014279504538603064,1
2026-08-03 14:00:00+00:00,156.476,156.748,156.221,156.561,7609,156.66619999999998,156.7341,156.9139,158.61608,156.8183221670076,157.48739352665947,-0.6690713596518663,-0.7822631527052124,0.11319179305334615,59.67957276368515,156.9139,158.2547977197122,155.57300228028782,0.017090872379211638,0.4221428571428528,0.9999999999973266,-0.0033548074964350194,0.0006711152017182531,0.0014352374985963296,1
2026-08-03 15:00:00+00:00,156.558,157.034,156.551,156.967,5081,156.6946,156.7914,156.80375,158.56046,156.84119567977567,157.44884585801802,-0.607650178242352,-0.7473405578126404,0.1396903795702884,62.59289843104917,156.80375,157.62590426263654,155.98159573736348,0.010486410722148298,0.38385714285713846,0.9999999999975198,0.0009054678782083325,0.0036638234203358877,0.001626400447321592,1
2026-08-03 16:00:00+00:00,156.966,156.973,156.589,156.889,4085,156.74,156.803,156.7764,158.51262,156.8485501905794,157.40737579446113,-0.5588256038817292,-0.7096375670264582,0.150811963144729,58.53350189633392,156.7764,157.54462019869086,156.00817980130913,0.009800202054529502,0.38149999999999856,0.8894312756407043,0.0014489793312992827,0.0007399233286344842,0.0014708778968927755,1
2026-08-03 17:00:00+00:00,156.887,157.037,156.881,157.02,1908,156.7802,156.8274,156.75225,158.46362,156.8749270843364,157.3786812911677,-0.503754206831303,-0.6684608949874272,0.16470668815612421,60.145808019441304,156.75225,157.45157294323855,156.05292705676146,0.008922652698618897,0.36764285714285655,0.9317776524228802,0.0012817324431351196,0.0015563606674491304,0.0014899413768951109,1
2026-08-03 18:00:00+00:00,157.018,157.082,156.667,156.77,4537,156.8414,156.8065,156.72555000000003,158.40768,156.85878445597697,157.33359378811826,-0.47480933214129095,-0.6297305824182,0.15492125027690906,55.91114457831377,156.72555000000003,157.37518616537326,156.0759138346268,0.00829011179572492,0.38457142857142756,0.8136033319521536,0.001955721443910541,-0.0013313882748647865,0.0015241746338203778,1
2026-08-03 19:00:00+00:00,156.773,156.964,156.749,156.948,2203,156.9188,156.79250000000002,156.69385,158.36674,156.8725099242882,157.30503128529466,-0.4325213610064509,-0.5902887381358503,0.15776737712939937,59.99278499278516,156.69385,157.2171006795759,156.1705993204241,0.006678637094894398,0.39000000000000057,0.9227081672334774,0.00247187997010756,-0.0008912202077815401,0.0015567829919641142,1
2026-08-03 20:00:00+00:00,156.943,157.2,156.907,157.154,1610,156.9562,156.8254,156.74525,158.33204,156.9158160897823,157.29384378268026,-0.3780276928979447,-0.5478365290882692,0.1698088361903245,57.32974220854186,156.74525,157.23449297051974,156.25600702948026,0.006242523719471436,0.3730714285714275,0.8435456759002773,0.0011913332101651797,0.0020978798023274514,0.001504286305485775,1
2026-08-03 21:00:00+00:00,157.153,157.191,157.143,157.177,336,157.0138,156.8769,156.78625000000002,158.28868,156.9559982298158,157.2851886876669,-0.329190457851098,-0.5041073148408349,0.1749168569897369,57.655593738067786,156.78625000000002,157.2759338399931,156.29656616000696,0.006246515112046661,0.35371428571428354,0.8532320463313614,0.001835692750925766,0.0032873319630797315,0.0014401763068611364,1
2026-08-03 22:00:00+00:00,157.201,157.421,157.177,157.353,1620,157.0804,156.93030000000002,156.8297,158.2462,157.01707542522874,157.29021174783975,-0.27313632261100906,-0.45791311639486976,0.1847767937838607,57.214506172839535,156.8297,157.3590682828994,156.30033171710062,0.0067508677616469805,0.34092857142856914,0.8401201313571957,0.0021207489491783527,0.0034051996250454852,0.0014467472973423113,1
2026-08-03 23:00:00+00:00,157.354,157.667,157.254,157.537,2849,157.23380000000003,157.03760000000003,156.88060000000002,158.20514,157.0970638213474,157.3084923591109,-0.21142853776348147,-0.40861620066859206,0.19718766290511058,58.417697787776845,156.88060000000002,157.47584763532578,156.28535236467425,0.007588543584429971,0.350285714285712,0.8513890558965345,0.004892517701090782,0.0068578075467840005,0.0011333767112834104,1
2026-08-04 00:00:00+00:00,157.54,157.549,157.223,157.494,6221,157.343,157.1309,156.9325,158.16206,157.1581309257555,157.3222336658434,-0.16410274008791248,-0.3597135085524562,0.19561076846454373,63.66979975480216,156.9325,157.5523677278198,156.3126322721802,0.007899800587128976,0.3432142857142842,0.9999999999965721,0.0034788592400030183,0.005959338532584679,0.0011734687788988922,1
2026-08-04 01:00:00+00:00,157.497,157.618,157.39,157.611,3592,157.43439999999998,157.19530000000003,156.99335000000002,158.11064,157.22780309102387,157.34362376466984,-0.11582067364597037,-0.3109349415711591,0.1951142679251887,69.76259891711769,156.99335000000002,157.62936498657692,156.35733501342312,0.00810244493256429,0.3292142857142843,0.9999999999971643,0.0029079756162744275,0.004102773194365472,0.0009474908238040702,1
2026-08-04 02:00:00+00:00,157.612,157.745,157.588,157.713,2863,157.54160000000002,157.2777,157.04035,158.05408,157.3024487693279,157.3709849672869,-0.06853619795899135,-0.26245519284872554,0.1939189948897342,69.05370843989779,157.04035,157.74321759252658,156.3374824074734,0.008951426719649916,0.3180714285714288,0.97989792367118,0.0034101681543736717,0.005252120926259929,0.0008933501076374116,1
2026-08-04 03:00:00+00:00,157.714,157.716,157.424,157.65,2703,157.601,157.3407,157.08405,157.99238,157.3559181894313,157.39165274748785,-0.03573455805656067,-0.21711106589029255,0.18137650783373188,78.87049659201571,157.08405,157.82534430904607,156.3427556909539,0.009438186869336293,0.298642857142858,0.9999999999956446,0.0018874759299154498,0.004012227741688967,0.0009301836946412872,1
2026-08-04 04:00:00+00:00,157.65,157.671,157.473,157.543,2012,157.6022,157.418,157.11225,157.9331,157.38470000644188,157.40286365508135,-0.018163648639472285,-0.1773215824401285,0.1591579338006562,73.78875968992254,157.11225,157.87918535718325,156.34531464281673,0.009762897001134634,0.2751428571428574,0.7786637489098867,3.808629083956738e-05,0.004930790329782386,0.0007376442006490681,1
2026-08-04 05:00:00+00:00,157.545,157.739,157.496,157.707,2050,157.6448,157.4939,157.1432,157.875,157.43428462083543,157.42539227322348,0.00889234761194757,-0.1400787964297133,0.14897114404166087,70.30735455543334,157.1432,157.95468119282478,156.33171880717524,0.010327919920489996,0.2579999999999996,0.6270303259632646,0.0013524324736180482,0.0048359966358282325,0.0007290493933508815,1
2026-08-04 06:00:00+00:00,157.709,157.768,157.544,157.683,3093,157.6592,157.5468,157.18609999999998,157.81508,157.47254852532228,157.44447432705877,0.028074198263510652,-0.1064481974910685,0.13452239575457914,72.45475113122158,157.18609999999998,158.01723211312412,156.35496788687584,0.010575134991251026,0.24657142857142642,0.7205606910405259,0.00045682090717025226,0.003366124947503657,0.0006899102022715449,0
2026-08-04 07:00:00+00:00,157.684,157.839,157.607,157.812,3316,157.67900000000003,157.6103,157.2436,157.75938,157.52477182911886,157.47169845098034,0.053073378138520866,-0.07454388236515062,0.1276172605036715,72.4235560588903,157.2436,158.0811594621423,156.40604053785768,0.010653018146904664,0.2519999999999974,0.7192019822968064,0.0006277225086075422,0.004040031302289915,0.0007019564341856412,0
2026-08-04 08:00:00+00:00,157.811,157.817,157.721,157.799,2328,157.7088,157.6549,157.2926,157.70956,157.5669607784852,157.495943010167,0.07101776831819961,-0.04543155222848057,0.11644932054668018,83.64944408109872,157.2926,158.1401744711841,156.44502552881588,0.01077704191022486,0.2292142857142839,0.9999999999962172,0.0009451316206787741,0.0028343914637789513,0.0006677663135178084,0
2026-08-04 09:00:00+00:00,157.799,157.955,157.791,157.91,2626,157.7822,157.6922,157.3649,157.66361999999998,157.61973604333363,157.52661389830277,0.09312214503086125,-0.0177208127766122,0.11084295780747344,82.90013679890548,157.3649,158.1599340343545,156.5698659656455,0.010104337553730226,0.22557142857142765,0.9716546607791995,0.002329522733475864,0.002367697747195807,0.0006130895202157097,0
2026-08-04 10:00:00+00:00,157.907,157.954,157.751,157.819,3160,157.8046,157.7247,157.4278,157.64138,157.65039203666691,157.54827212805813,0.10211990860878473,0.006247331500467193,0.09587257710831754,74.68448403860386,157.4278,158.15083442445007,156.7047655755499,0.00918560031265224,0.219142857142858,0.6608669907350155,0.000710177734659867,0.0020635706757081707,0.0006476357004412678,0
2026-08-04 11:00:00+00:00,157.818,157.851,157.36,157.464,6349,157.7608,157.70999999999998,157.45265,157.59076000000002,157.6217163387182,157.542029748202,0.07968659051618943,0.020935183303611646,0.05875140721257778,58.54675402025032,157.45265,158.14239786391983,156.76290213608019,0.00876133699775545,0.250785714285714,0.050397237626554216,-0.0013888624645649328,-0.0009326760188057559,0.000978799037716889,1
2026-08-04 12:00:00+00:00,157.464,157.591,157.302,157.527,4433,157.7038,157.6914,157.48455,157.54148,157.6071445943,157.54091643352038,0.06622816077961602,0.029993778798812525,0.03623438198080349,55.55555555555495,157.48455,158.1215325164856,156.84756748351444,0.008089460413552617,0.25400000000000084,0.0,-0.001805946315869722,-0.001179357440413975,0.0009609996613832086,1
2026-08-04 13:00:00+00:00,157.53,157.57,157.212,157.43,4908,157.63,157.6694,157.50505,157.48592,157.5798915797923,157.53270040140777,0.047191178384537125,0.033433258715957447,0.013757919668579678,46.38269100743738,157.50505,158.10435854015964,156.90574145984039,0.00761002317271257,0.2500714285714289,0.0,-0.002338417860696218,-0.0013954963526799924,0.0009704373403849493,1
2026-08-04 14:00:00+00:00,157.429,157.637,157.293,157.551,4002,157.5582,157.6702,157.5441,157.42948,157.5754467213627,157.53405592722942,0.041390794133292275,0.035024765799424415,0.00636602833386786,51.83044315992262,157.5441,158.0334337683367,157.05476623166328,0.006212022771233026,0.2513571428571432,0.14618263473886808,-0.0022734469001330915,5.0779787105659224e-05,0.0009887880723267299,1
2026-08-04 15:00:00+00:00,157.553,157.616,157.376,157.436,3414,157.48160000000001,157.6431,157.5685,157.38828,157.5539933796146,157.52679252521241,0.027200854402195773,0.03345998351997869,-0.0062591291177829175,44.372990353698015,157.5685,157.97420121231852,157.16279878768148,0.005149521792979166,0.2522142857142861,0.0,-0.0024268307364764263,-0.001718376482971462,0.000940117307523621,1
2026-08-04 16:00:00+00:00,157.439,157.631,157.431,157.575,2094,157.5038,157.63230000000001,157.58954999999997,157.35502,157.5572251673662,157.53036344927077,0.026861718095432252,0.032140330435069406,-0.005278612339637154,45.66582914572821,157.58954999999997,157.9453112889696,157.23378871103034,0.004515036548675107,0.2552857142857131,0.03291638295554601,0.0007049230300257836,-0.0006849184756758664,0.0009977073336056546,1
2026-08-04 17:00:00+00:00,157.575,157.645,157.524,157.607,1657,157.51979999999998,157.6118,157.61104999999998,157.32374,157.56488283392525,157.53604023080626,0.028842603118988563,0.031480784971853235,-0.002638181852864671,48.622677770659564,157.61104999999998,157.9091319209067,157.31296807909325,0.0037825002867086406,0.24307142857142797,0.10819936663441665,0.0005078494480312834,-0.0012990140166782016,0.0009550561389836868,1
2026-08-04 18:00:00+00:00,157.607,157.701,157.6,157.648,2041,157.5634,157.5967,157.6258,157.28942,157.57767009024445,157.54433354704287,0.0333365432015853,0.03185193661779965,0.0014846065837856512,53.51170568561857,157.6258,157.89820650736655,157.35339349263344,0.0034563695456778553,0.23614285714285796,0.23267669213022113,0.0013847424252046991,-0.0009569135419109642,0.0009630451227325954,1
2026-08-04 19:00:00+00:00,157.647,157.833,157.633,157.765,1869,157.6062,157.5822,157.63719999999998,157.27464,157.6064900763607,157.56067921022486,0.04581086613583807,0.034643722521407336,0.011167143614430733,52.002762430939086,157.63719999999998,157.91302114722342,157.36137885277654,0.0034994423552745083,0.23307142857142896,0.19425817132514778,0.0013582903313846817,-0.0009182445696916952,0.0009666855800214896,0
2026-08-04 20:00:00+00:00,157.76,157.776,157.672,157.719,1365,157.6628,157.5722,157.64844999999997,157.25112,157.62379929538213,157.57240667613414,0.05139261924799143,0.03799350186672416,0.013399117381267277,51.22448979591848,157.64844999999997,157.91796064814986,157.37893935185008,0.0034191347666265,0.2245000000000021,0.17444292424555533,0.001797555832211195,-0.0006336372680094682,0.0009549409511439322,0
2026-08-04 21:00:00+00:00,157.713,157.796,157.675,157.735,722,157.6948,157.5993,157.65465,157.22242,157.64090709609255,157.5844506260501,0.05645647004243415,0.04168609550186616,0.014770374540567989,47.16285924834182,157.65465,157.9262303845193,157.3830696154807,0.0034452568892740752,0.21657142857142933,0.07103158839135174,0.0010153894970650335,0.0017210282985318237,0.0005677503775817389,0
2026-08-04 22:00:00+00:00,157.737,157.766,157.68,157.727,895,157.71880000000002,157.6193,157.65535,157.22824,157.65415215823216,157.59500983893528,0.05914231929688185,0.0451773402608693,0.01396497903601255,47.33727810650861,157.65535,157.92763489335692,157.38306510664307,0.003454178920752455,0.21585714285714225,0.07694023633488285,0.0007613875018241956,0.0012696236200779865,0.0005655304827021426,0
2026-08-04 23:00:00+00:00,157.727,157.806,157.654,157.702,924,157.72959999999998,157.6465,157.65795,157.23221999999998,157.661513364658,157.6029350360512,0.058578328606785135,0.04785753793005247,0.010720790676732664,41.78515007898858,157.65795,157.93101176280885,157.38488823719115,0.0034639770821433486,0.21499999999999936,0.0,0.00034253526844607585,0.001727752016769335,0.0005150286052716222,0
2026-08-05 00:00:00+00:00,157.704,157.756,157.446,157.557,3498,157.688,157.6471,157.65865,157.23728,157.64543438547983,157.59953244078815,0.04590194469167841,0.047466419282377666,-0.0015644745906992566,40.07575757575709,157.65865,157.93054028358563,157.38675971641436,0.00344910074500364,0.22264285714285645,0.0,-0.0013184166323328972,3.808290648743551e-05,0.000571572371861729,1
2026-08-05 01:00:00+00:00,157.555,157.682,157.506,157.641,2807,157.6724,157.6676,157.65535,157.23846,157.6447521723291,157.6026041118409,0.04214806048821629,0.046402747523545396,-0.004254687035329108,58.436606291706426,157.65535,157.926370119651,157.384329880349,0.003438134128033241,0.2001428571428566,0.9999999999945537,-0.0004945504346337559,0.001302116415559329,0.0005293793637589383,0
2026-08-05 02:00:00+00:00,157.641,157.699,157.304,157.456,4190,157.6166,157.6557,157.644,157.26506,157.61571337658617,157.5917445480008,0.02396882858536742,0.041915963735909806,-0.017947135150542387,46.96840307429547,157.644,157.92880685975047,157.35919314024954,0.0036132914636834985,0.2077142857142848,0.3753990681549203,-0.0017687894253021197,-0.0007551959384419771,0.0005993285440908646,1
2026-08-05 03:00:00+00:00,157.457,157.531,157.354,157.421,2561,157.55540000000002,157.63709999999998,157.62445,157.28634,157.585757472496,157.57909680370443,0.006660668791568014,0.03486490474704145,-0.028204235955473438,49.59422903516615,157.62445,157.9143345323534,157.3345654676466,0.003678167090871976,0.19478571428571254,0.5184113004040443,-0.0019400609914600464,-0.0011801506278275031,0.0005924242155644693,1
2026-08-05 04:00:00+00:00,157.419,157.679,157.367,157.649,2117,157.5448,157.6372,157.61694999999997,157.30964,157.59548709211202,157.58427481824484,0.01121227386718715,0.03013437857107059,-0.01892210470388344,54.02960526315841,157.61694999999997,157.89535407966017,157.33854592033978,0.0035326667551959542,0.1924999999999995,0.7599783595626586,-0.0003360769045414047,6.343245712026047e-06,0.0007693989211845011,1
2026-08-05 05:00:00+00:00,157.651,157.705,157.587,157.639,2266,157.5612,157.6246,157.6034,157.33204,157.60218138563326,157.5883285354119,0.013852850221354629,0.0268780729011274,-0.013025222679772772,59.13591359135911,157.6034,157.84580149381347,157.36099850618652,0.0030760947265538008,0.18378571428571483,0.9999999999947535,0.0005204465685435533,-0.0007986562292014998,0.0007239972503737774,1
2026-08-05 06:00:00+00:00,157.636,157.768,157.575,157.615,3233,157.55599999999998,157.61419999999998,157.5932,157.35522,157.60415348015124,157.59030419945546,0.013849280695779953,0.02427231446005791,-0.010423033764277959,52.008032128515005,157.5932,157.81356964160213,157.37283035839786,0.0027966897252182585,0.1832857142857165,0.6260323652612256,-0.00016493171192766276,-0.0006594005795115265,0.0007207995792098498,0
2026-08-05 07:00:00+00:00,157.616,157.739,157.518,157.713,3208,157.6074,157.612,157.60565,157.3816,157.62089909858952,157.59939277727358,0.021506321315939658,0.023719115831234264,-0.002212794515294606,54.99058380414281,157.60565,157.8234053189703,157.3878946810297,0.0027632933079529895,0.19042857142857322,0.782513333893945,0.0016322020119907688,-0.0001394744349701993,0.0007522999132073768,0
2026-08-05 08:00:00+00:00,157.715,157.873,157.701,157.818,2424,157.6868,157.6211,157.6202,157.4025,157.65122231419113,157.61558590488295,0.03563640930818224,0.026102574526623866,0.009533834781558372,57.5488454706932,157.6202,157.85411640430507,157.38628359569495,0.0029681018588361514,0.19550000000000164,0.9167337287555012,0.0025218998735874187,0.0005769462425584404,0.0007819176228274108,0
2026-08-05 09:00:00+00:00,157.817,157.863,157.688,157.749,2276,157.7068,157.62579999999997,157.63615,157.42196,157.6662650350848,157.62546843044717,0.04079660463762025,0.02904138054882315,0.0117552240887971,49.25788497217114,157.63615,157.8586858870949,157.41361411290507,0.0028234118518489673,0.193714285714289,0.48174460843078554,0.0006343205475454194,0.00029803046251797305,0.0007953423959257572,0
2026-08-05 10:00:00+00:00,157.748,157.812,157.692,157.704,1833,157.7198,157.6405,157.6438,157.43646,157.6720704143025,157.6312855837474,0.040784830555111284,0.03139007055008078,0.009394760005030506,49.3036211699171,157.6438,157.86452283165443,157.42307716834557,0.002800272914690301,0.1948571428571455,0.48414417943682986,0.0004123345111297638,0.0009329956777548443,0.0007341453433633655,0
2026-08-05 11:00:00+00:00,157.703,157.703,157.483,157.56,3169,157.7088,157.63240000000002,157.65,157.4459,157.65482881210212,157.62600517013647,0.028823641965658453,0.030876784833196315,-0.002053142867537862,42.738589211618034,157.65,157.852347278324,157.447652721676,0.002567044444326015,0.20200000000000426,0.1397067072099131,-0.00034895155917902265,-0.0005138257179286843,0.0007789977089901248,1
2026-08-05 12:00:00+00:00,157.56,157.635,157.414,157.626,3075,157.6914,157.64939999999999,157.65255000000002,157.46192,157.65039361024026,157.6260047871634,0.024388823076861854,0.029579192481929428,-0.0051903694050675735,46.00158353127489,157.65255000000002,157.85218490358488,157.45291509641515,0.0025325933971238044,0.2116428571428628,0.31090123032760186,-0.0005516349318064329,0.0010796667005386062,0.0006806049118372727,1
2026-08-05 13:00:00+00:00,157.628,157.648,157.415,157.546,4135,157.637,157.6619,157.64950000000002,157.4796,157.63433305481868,157.62007850663275,0.014254548185931526,0.02651426362272985,-0.012259715436798324,44.081942336874015,157.64950000000002,157.85387272449822,157.44512727550182,0.0025927481469741344,0.21742857142857627,0.21018635722690707,-0.001723504289751654,0.0007940490785853793,0.0007016433789377872,1
2026-08-05 14:00:00+00:00,157.546,157.607,157.305,157.495,4405,157.58620000000002,157.6465,157.64185,157.49312,157.61289720023117,157.61081343206737,0.0020837681637999594,0.02162816453094387,-0.01954439636714391,47.46732026143862,157.64185,157.8575967081968,157.4261032918032,0.0027371755431289803,0.21685714285714702,0.2883843083347247,-0.001610152837735801,-0.000976853643220088,0.0005170324169062212,1
2026-08-05 15:00:00+00:00,157.493,157.665,157.408,157.661,2977,157.57760000000002,157.64870000000002,157.63665,157.51706000000001,157.62029763096484,157.61453095561794,0.005766675346905004,0.018455866694136097,-0.012689191347231094,50.765696784073896,157.63665,157.84477776944357,157.42852223055644,0.0026406012744316014,0.22264285714286253,0.48953764568592745,-0.0002726627098869061,0.00013955937299781063,0.0006329888426576767,1
2026-08-05 16:00:00+00:00,157.662,157.751,157.604,157.742,1915,157.61399999999998,157.66140000000001,157.63780000000003,157.54068,157.63902107235486,157.62397310705367,0.01504796530119279,0.017774286415547437,-0.0027263211143546476,61.896838602329524,157.63780000000003,157.84808662142515,157.4275133785749,0.0026679720400199242,0.20492857142857548,0.9999999999947804,0.0011551155115510081,0.000805760873013206,0.0006483877194947885,0
2026-08-05 17:00:00+00:00,157.74,157.798,157.654,157.687,1797,157.6262,157.65879999999999,157.6354,157.55508,157.64640244583873,157.62864176579043,0.017760680048297672,0.017771565142097486,-1.0885093799813811e-05,60.8837970540108,157.6354,157.8420804296311,157.4287195703689,0.002622259081793709,0.20257142857143354,0.9471224365152805,0.0003869919937067312,-0.00016485641640184845,0.0006307983325950159,0
2026-08-05 18:00:00+00:00,157.687,157.706,157.621,157.671,1716,157.6512,157.64409999999998,157.6326,157.57072,157.65018668494048,157.6317794127689,0.01840727217157223,0.017898706547992436,0.0005085656235797945,51.08910891089067,157.6326,157.8355388292406,157.4296611707594,0.002574833241862331,0.18635714285714552,0.4358707066042079,0.0007934190649079298,-0.0009314526860054739,0.0005835067457986579,0
2026-08-05 19:00:00+00:00,157.672,157.746,157.646,157.72,1439,157.6962,157.6412,157.6335,157.58472,157.66092719494964,157.6383142710823,0.02261292386734226,0.018841550011862402,0.0037713738554798586,53.86081982840746,157.6335,157.83788920558806,157.42911079441194,0.00259322042063467,0.1850714285714312,0.5805452465883324,0.0014286167814849815,-0.00018383634761554024,0.0005824250378014004,1
2026-08-05 20:00:00+00:00,157.721,157.809,157.666,157.686,868,157.70120000000003,157.6394,157.63995,157.60304,157.66478454957274,157.64184654729843,0.02293800227431575,0.019660840464353072,0.0032771618099626774,53.35221907459859,157.63995,157.8423060956981,157.4375939043019,0.002567319968042276,0.1815000000000018,0.5539978964920964,0.00015856806692848835,-0.00011413787855729662,0.0005792832762876143,0
2026-08-05 21:00:00+00:00,157.675,157.675,157.552,157.614,616,157.6756,157.6448,157.6386,157.61636000000001,157.65697154194615,157.63978384009116,0.01718770185499352,0.019166212742481162,-0.0019785108874876417,45.208131655373286,157.6386,157.84128658718345,157.43591341281655,0.002571534981704357,0.17528571428571688,0.12890230173847053,-0.0008114516108581604,0.00034272658035039427,0.0005147055304875588,1
2026-08-05 22:00:00+00:00,157.697,157.717,157.654,157.671,543,157.6724,157.64929999999998,157.64935,157.6267,157.65912976626214,157.64209614823255,0.01703361802958625,0.01873969379990218,-0.0017060757703159304,42.53807106598873,157.64935,157.83318891688353,157.46551108311647,0.0023322508704733715,0.17035714285714626,0.0,-0.00010146682985923139,0.00028548589699650684,0.000510253067523728,1
2026-08-05 23:00:00+00:00,157.671,157.671,157.554,157.607,935,157.6596,157.65540000000001,157.65865000000002,157.6353,157.6511098022218,157.63949643354866,0.01161336867315299,0.017314428774552342,-0.005701060101399352,42.75510204081625,157.65865000000002,157.80975439052062,157.50754560947942,0.0019168550602279145,0.16621428571428762,0.011210991320546542,-0.00040590850568589243,0.00038718850367525093,0.000499281724982653,1
2026-08-06 00:00:00+00:00,157.605,157.759,157.603,157.726,2805,157.6608,157.6785,157.6625,157.64276,157.6626313711108,157.64590410513765,0.016727265973145222,0.01719699621427092,-0.00046973024112569733,51.043643263756735,157.6625,157.81646581983253,157.50853418016746,0.0019531064118929427,0.16878571428571426,0.43936537704464823,3.804209992397389e-05,0.0014667132289913898,0.0005279627951909376,1
2026-08-06 01:00:00+00:00,157.724,157.745,157.594,157.663,1830,157.65619999999998,157.6787,157.6637,157.64528,157.6626880832476,157.64717046772003,0.015517615527556927,0.01686112007692812,-0.0013435045493711932,55.29290853031929,157.6637,157.8172682258558,157.5101317741442,0.0019480479762404746,0.16378571428571473,0.6588661928152684,-0.0001458594929162338,1.2685445354376768e-05,0.00044378612472897465,1
2026-08-06 02:00:00+00:00,157.664,157.682,157.587,157.669,1419,157.6672,157.6714,157.6664,157.64878000000002,157.66365914736335,157.64878747011116,0.014871677252187965,0.01646323151198009,-0.0015915542597921238,52.35487404162151,157.6664,157.81825228276838,157.51454771723164,0.0019262478596374867,0.1547857142857144,0.507098551452395,0.00034895377314203557,-0.00046278099681740237,0.0004067042593125426,1
2026-08-06 03:00:00+00:00,157.668,157.743,157.668,157.731,1213,157.67919999999998,157.6758,157.6673,157.65118,157.67401927853822,157.65487728713998,0.019141991398242908,0.016998983489232653,0.002143007909010255,60.33519553072725,157.6673,157.8205223701988,157.51407762980122,0.0019436163389465063,0.14349999999999902,0.9193314828145619,0.00038053922408054497,0.000279033782112581,0.00041301906245497694,1
2026-08-06 04:00:00+00:00,157.732,157.748,157.707,157.737,886,157.70520000000002,157.68239999999997,157.66325,157.65166,157.68370862030156,157.66096045105553,0.022748169246028738,0.01814882064059187,0.004599348605436867,64.23529411764753,157.66325,157.80342714354146,157.52307285645855,0.0017781841176234827,0.12485714285714218,0.9999999999953912,0.0008248364603093972,0.00041859314648862167,0.00041050946187395297,1
2026-08-06 05:00:00+00:00,157.737,157.774,157.706,157.749,1019,157.7098,157.6853,157.66325,157.65364,157.69375344794744,157.66748189912548,0.026271548821966917,0.01977336627686688,0.006498182545100036,56.32183908045986,157.66325,157.80342714354146,157.52307285645855,0.0017781841176234827,0.11135714285714268,0.6352779791953056,0.00014582250231409688,0.0001838701496321704,0.00040000577641672544,1
2026-08-06 06:00:00+00:00,157.746,157.847,157.722,157.824,1645,157.74200000000002,157.6991,157.66924999999998,157.65926000000002,157.71379137903247,157.67907583252358,0.03471554650889175,0.02276180232327186,0.01195374418561989,55.94202898550911,157.66924999999998,157.82605745817676,157.5124425418232,0.0019890683589448926,0.10978571428571472,0.617772969727287,0.0010211653970810808,0.0008751569574978468,0.0004145083033152675,1
2026-08-06 07:00:00+00:00,157.824,157.894,157.748,157.861,1738,157.78040000000001,157.72379999999998,157.6843,157.66234,157.73643885918133,157.6925516967811,0.04388716240023882,0.026986874338665257,0.016900288061573565,62.94642857142755,157.6843,157.85419049102248,157.51440950897754,0.0021548180893401717,0.10992857142857256,0.940597672649381,0.0012177409636642267,0.0015671196721103176,0.0003687910406985944,1
2026-08-06 08:00:00+00:00,157.861,157.88,157.792,157.836,1532,157.8014,157.7403,157.6948,157.6654,157.7517559577688,157.70317749701954,0.04857846074926897,0.031305191620786,0.017273269128482968,62.11453744493673,157.6948,157.87515473814523,157.51444526185475,0.0022873897952911627,0.11014285714285929,0.902256769552872,0.0006656903208628329,0.0010464828662215542,0.0003733106220376478,1
2026-08-06 09:00:00+00:00,157.836,157.879,157.817,157.87,1133,157.828,157.76659999999998,157.71099999999998,157.66656,157.76994734888132,157.71553471946254,0.05441262941877767,0.035926679180384335,0.018485950238393334,61.26126126126318,157.71099999999998,157.89327336322089,157.52872663677908,0.0023114857330294126,0.10742857142857076,0.8629302538214323,0.0008431756658235923,0.0016687076081647323,0.0003278257077869273,1
2026-08-06 10:00:00+00:00,157.869,157.891,157.833,157.87,1053,157.8522,157.781,157.72975000000002,157.66798,157.78534006443806,157.72697659209493,0.05836347234313166,0.040414037812933803,0.017949434530197858,64.55696202531811,157.72975000000002,157.89480549303786,157.56469450696218,0.0020928898072537423,0.10135714285714162,0.9999999999954585,0.0007670413124647446,0.0009129756666623745,0.00025647222998223225,1
2026-08-06 11:00:00+00:00,157.868,157.936,157.85,157.851,1530,157.8576,157.7998,157.73925,157.6668,157.79544159298607,157.736163511199,0.05927808178705618,0.04418684660775828,0.015091235179297897,70.46632124352561,157.73925,157.90943612100276,157.56906387899724,0.002157815775119475,0.09792857142857006,0.9999999999964194,0.0001710766423357324,0.0011924167369641303,0.00020768655341339885,1
2026-08-06 12:00:00+00:00,157.849,157.922,157.819,157.901,1793,157.8656,157.823,157.7472,157.66844,157.81168134791127,157.74837362148057,0.06330772643070759,0.04801102257234815,0.01529670385835944,70.10489510489859,157.7472,157.9321422100147,157.5622577899853,0.0023447923007786724,0.09792857142857006,0.9869574075365698,0.00025338747379044513,0.0014714369977610886,0.00021418605994615234,1
2026-08-06 13:00:00+00:00,157.898,157.944,157.816,157.864,2242,157.8712,157.8363,157.75605000000002,157.67644,157.81973037130953,157.75693853840792,0.06279183290160972,0.05096718463820046,0.01182464826340926,73.57798165137838,157.75605000000002,157.94574168889176,157.56635831110827,0.002404873713454941,0.09871428571428405,0.9999999999955624,0.00017739932588245466,0.0008432077397595439,0.00022567484441050228,1
2026-08-06 14:00:00+00:00,157.865,158.281,157.861,158.202,5705,157.9376,157.8828,157.7826,157.68994,157.87854108341574,157.78990605408143,0.08863502933431278,0.05850075357742294,0.030134275756889838,81.15183246073484,157.7826,158.05345004589424,157.51174995410577,0.003433205510547238,0.11757142857142965,0.9999999999965274,0.0021029961360612415,0.0029479449970519767,0.0006867193932046025,1
2026-08-06 15:00:00+00:00,158.201,158.461,158.199,158.445,3502,158.05259999999998,157.9524,157.81885,157.71024,157.9656886090441,157.8384315315569,0.12725707748720083,0.07225201835937853,0.0550050591278223,91.41949152542455,157.81885,158.21806832833263,157.41963167166736,0.005059197026624347,0.12550000000000036,0.99999999999744,0.0036422372838411654,0.0044120723427723,0.000783468925783775,0
2026-08-06 16:00:00+00:00,158.445,158.553,158.221,158.506,3230,158.1836,158.0206,157.85985,157.72934,158.04881343842194,157.88788104773786,0.16093239068408138,0.0899880928243191,0.07094429785976228,91.89189189189274,157.85985,158.35783299484058,157.3618670051594,0.006309178614328895,0.1424285714285714,0.9999999999972183,0.004149482740052335,0.004321269261962524,0.000783544243453879,0
2026-08-06 17:00:00+00:00,158.505,158.507,158.388,158.4,1609,158.2834,158.0745,157.89915000000002,157.74862,158.10284214020317,157.92581578494247,0.17702635526069344,0.10739574531159399,0.06963060994909945,82.07094918504436,157.89915000000002,158.43783622835943,157.3604637716406,0.006823168185001753,0.14557142857142935,0.7268155727743496,0.0031602079784167625,0.0034143962093236002,0.0008573681941747847,1
2026-08-06 18:00:00+00:00,158.4,158.418,158.324,158.326,1575,158.3758,158.1235,157.93189999999998,157.76364,158.13717411863342,157.9554590601319,0.18171505850153835,0.12225960794958288,0.059455450551955474,76.50765076507668,157.93189999999998,158.49142344383682,157.37237655616315,0.007085629234332494,0.14935714285714344,0.5720639834723407,0.0029265697055693707,0.003104488202944733,0.0008825538837889367,1
2026-08-06 19:00:00+00:00,158.324,158.479,158.292,158.399,2020,158.4152,158.1764,157.9715,157.77948,158.17745502345906,157.98831394456656,0.1891410788925043,0.1356359021381672,0.05350517675433711,77.73037542662146,157.9715,158.54610741746257,157.39689258253742,0.007274823844333608,0.15785714285714342,0.606075925735527,0.001245243422965503,0.0033508583011339077,0.000883036059940571,1
2026-08-06 20:00:00+00:00,158.402,158.5,158.394,158.438,683,158.4138,158.2332,158.00709999999998,157.79528,158.2175388660038,158.0216240227468,0.19591484325698616,0.147691690361931,0.04822315289505516,77.02464788732365,158.00709999999998,158.6054010683707,157.40879893162926,0.007573090935416402,0.15650000000000017,0.514628210437371,-4.4179368235086613e-05,0.0035978970038639257,0.0008760646491454675,0
2026-08-06 21:00:00+00:00,158.438,158.466,158.334,158.451,466,158.40279999999998,158.2932,158.0465,157.809,158.25345596354165,158.05342965069147,0.20002631285018424,0.15815861485958166,0.04186769799060258,76.52877697841754,158.0465,158.65311702129003,157.43988297871,0.007676437267386755,0.15549999999999947,0.4984394837054884,-0.00034699001930527107,0.0038010528916510022,0.0008660257145153882,0
2026-08-06 22:00:00+00:00,158.458,158.504,158.434,158.464,599,158.41559999999998,158.34949999999998,158.08625,157.82389999999998,158.285847353766,158.0838422691588,0.20200508460720812,0.16692790880910696,0.03507717579810116,78.54545454545331,158.08625,158.69290150838356,157.47959849161646,0.00767494337279238,0.15421428571428514,0.5642780748643847,0.00040404040404040664,0.003565525234165534,0.0008710897906260754,0
2026-08-06 23:00:00+00:00,158.464,158.467,158.372,158.419,825,158.43419999999998,158.405,158.12065,157.83758,158.30633237626355,158.10866876773963,0.19766360852392495,0.17307504875207058,0.024588559771854368,74.7074707470746,158.12065,158.72047042048814,157.52082957951188,0.007586870158807581,0.15657142857142908,0.37133838540158365,0.0005873956267450353,0.0035156843865606913,0.0008749634512826814,0
2026-08-07 00:00:00+00:00,158.419,158.573,158.418,158.525,2426,158.45940000000002,158.4373,158.16005,157.85353999999998,158.3399735491461,158.13950811827743,0.2004654308686611,0.1785531251753887,0.021912305693272377,76.91043549712384,158.16005,158.75727885500922,157.5628211449908,0.007552208727920937,0.16350000000000112,0.3123670719158786,0.0007954595672952092,0.002041693531055211,0.0006299231393262247,0
2026-08-07 01:00:00+00:00,158.527,158.533,158.214,158.328,2496,158.4374,158.42559999999997,158.189,157.86606,158.33813146466207,158.15347047988652,0.18466098477554738,0.17977469709542046,0.004886287680126916,67.0967741935484,158.189,158.7577889257868,157.6202110742132,0.00719125761951596,0.18014285714285652,0.0,-0.0006942778878803457,-0.0007384265833569881,0.0005886613071163379,1
2026-08-07 02:00:00+00:00,158.328,158.385,158.309,158.37,1271,158.42120000000003,158.412,158.2163,157.88232,158.34303431625253,158.1695097035986,0.17352461265392094,0.17852468020712056,-0.005000067553199622,66.90699351117497,158.2163,158.76332144670053,157.66927855329945,0.00691485576012763,0.17821428571428402,0.0,-0.00051119904576169,-0.0008580116841002683,0.0005794410437375546,1
2026-08-07 03:00:00+00:00,158.37,158.445,158.361,158.401,1079,158.4086,158.4121,158.2433,157.89752000000001,158.35195211375213,158.18665713296167,0.16529498079046334,0.17587874032378914,-0.010583759533325798,69.44243301955127,158.2433,158.7693878853864,157.7172121146136,0.006649101546623495,0.1750714285714281,0.10147888015117529,-0.00039756663974144235,6.3131313130515565e-06,0.0005463285751239489,0
2026-08-07 04:00:00+00:00,158.4,158.428,158.37,158.375,1287,158.3998,158.417,158.27025,157.9159,158.35549794240566,158.20060845644602,0.15488948595964303,0.17168088945095994,-0.016791403491316914,58.09167446211408,158.27025,158.76262891911864,157.77787108088137,0.0062220021655192415,0.14921428571428358,0.0,-0.0002777444624698644,0.00030948801839247864,0.0005254965915708809,0
2026-08-07 05:00:00+00:00,158.375,158.389,158.32,158.33,1080,158.36079999999998,158.4101,158.29325,157.93408,158.35157518203556,158.2101930152278,0.14138216680777305,0.16562114492232258,-0.02423897811454953,43.398392652125175,158.29325,158.74848059511558,157.83801940488442,0.005751737299165696,0.13542857142857048,0.0,-0.0012300898911843383,-0.00043560881066162516,0.0005103632391709454,0
2026-08-07 06:00:00+00:00,158.327,158.37,158.286,158.362,1608,158.36759999999998,158.4025,158.31785,157.94834,158.35317900018393,158.22143797706275,0.13174102312117952,0.158845120562094,-0.027104097440914465,41.44893111638907,158.31785,158.72768913402933,157.90801086597065,0.005177421674553317,0.11771428571428544,0.0,0.00021474407558996766,-0.00047968290435373984,0.0005077658522846434,0
2026-08-07 07:00:00+00:00,158.362,158.454,158.32,158.405,1567,158.37460000000002,158.3979,158.34555,157.96366,158.3611514616941,158.23503516394697,0.1261162977471315,0.1522993559991015,-0.02618305825196998,50.320924261873905,158.34555,158.69261254554297,157.99848745445703,0.004383609713603803,0.11878571428571506,0.23915969275196083,0.00022100145229519974,-0.0002903105691980379,0.0005166106598444586,0
2026-08-07 08:00:00+00:00,158.405,158.477,158.341,158.374,1596,158.3692,158.3889,158.3692,157.97884,158.363128159895,158.24532885550644,0.11779930438856923,0.14539934567699506,-0.02760004128842583,53.260869565217554,158.3692,158.64608006142282,158.0923199385772,0.003496640273775652,0.12178571428571518,0.31841092795079207,-0.00017045346935951056,-0.0005679523424878541,0.000517447867698084,0
2026-08-07 09:00:00+00:00,158.377,158.395,158.317,158.355,1486,158.36520000000002,158.3825,158.39375,157.99168,158.3618776737573,158.25345264398746,0.10842502976984747,0.13800448249556554,-0.029579452725718075,46.77419354838622,158.39375,158.53670214507633,158.2507978549237,0.0018050225476235243,0.11400000000000025,0.1435515228850416,-0.00012628255722180182,-0.0004039919454107421,0.0005120140871275181,0
2026-08-07 10:00:00+00:00,158.355,158.415,158.245,158.303,1936,158.3598,158.3603,158.3988,158.00138,158.35281957010235,158.2571228185069,0.09569675159545454,0.12954293631554334,-0.033846184720088796,40.287769784173214,158.3988,158.51847077642134,158.27912922357865,0.00151100609880055,0.11857142857142833,0.0,-0.00017052990589283556,-0.0014004100299638278,0.00045211521261171654,0
2026-08-07 11:00:00+00:00,158.303,158.372,158.259,158.328,1478,158.353,158.3603,158.39294999999998,158.01296,158.349001174702,158.26237298009897,0.08662819460303695,0.12095998797304205,-0.03433179337000511,41.301272984441894,158.39294999999998,158.51453510120302,158.27136489879695,0.0015352337487626623,0.11721428571428712,0.02649149331931813,-0.00021469797047268813,0.0,0.00023953648331635945,0
2026-08-07 12:00:00+00:00,158.326,158.395,156.666,157.383,15118,158.1486,158.2616,158.33679999999998,158.00654,158.20038560936322,158.1972342408324,0.003151368530836862,0.09739826408460102,-0.09424689555376416,17.022574740695518,158.33679999999998,158.79891896394167,157.8746810360583,0.005837164372927724,0.23571428571428857,0.0,-0.006451816546194866,-0.006232240954726187,0.0018910508038040381,1
2026-08-07 13:00:00+00:00,157.38,157.758,157.237,157.733,7326,158.02040000000002,158.1948,158.30345,158.01,158.12848013099966,158.16284651928927,-0.03436638828961236,0.07104533360975834,-0.1054117218993707,32.35596707818901,158.30345,158.83710018109423,157.76979981890577,0.006742116878618008,0.2661428571428611,0.2560350652669124,-0.004047381514642456,-0.004217145093781016,0.0020872404149624713,0
2026-08-07 14:00:00+00:00,157.736,157.951,157.667,157.924,4658,157.9342,158.1497,158.28334999999998,158.01596,158.0970216493074,158.14515418452712,-0.048132535219707506,0.04720975984386517,-0.09534229506357267,35.18974864465254,158.28334999999998,158.84306995816777,157.7236300418322,0.007072379478546416,0.2753571428571462,0.34657045059677954,-0.002721732815509359,-0.002847671665351159,0.0021503484266726268,0
2026-08-07 15:00:00+00:00,157.927,157.987,157.437,157.547,6121,157.783,158.07139999999998,158.24075,158.01598,158.01240293402935,158.10084646715475,-0.08844353312539965,0.0200791012500122,-0.10852263437541185,32.32231779085548,158.24075,158.88648935591837,157.5950106440816,0.008161479971731427,0.2918571428571458,0.29186921812610334,-0.00477565175644179,-0.004945367270890011,0.0022509566506004465,1
2026-08-07 16:00:00+00:00,157.549,157.549,157.304,157.448,4814,157.60700000000003,157.98,158.19125,158.01504,157.92557171340945,158.05248746958773,-0.12691575617827766,-0.009319870235645782,-0.11759588594263187,29.655781112091773,158.19125,158.91979458375496,157.46270541624503,0.009210934027703396,0.30392857142857516,0.24100039157236575,-0.005558081956444805,-0.005771586618001701,0.002237728090649818,1
2026-08-07 17:00:00+00:00,157.446,157.499,157.366,157.486,2042,157.6276,157.88809999999998,158.143,158.01154,157.85794529596183,158.01052543480347,-0.15258013884164257,-0.03797192395684515,-0.11460821488479742,29.872415310162054,158.143,158.9249729433957,157.3610270566043,0.009889441118426823,0.3074285714285736,0.3128834246817866,0.0006544544201088076,-0.005801584545942484,0.0022364774163300227,1
2026-08-07 18:00:00+00:00,157.485,157.623,157.475,157.535,2222,157.588,157.80419999999998,158.09655,158.0074,157.80826140427538,157.97530132852174,-0.16703992424635317,-0.06378552401474677,-0.1032544002316064,31.70731707317036,158.09655,158.90804750461254,157.28505249538748,0.010265847099288787,0.3138571428571453,0.4052271886285698,-0.001255285831119779,-0.005297586725093728,0.0022518300981508965,1
2026-08-07 19:00:00+00:00,157.533,157.619,157.451,157.556,2803,157.5144,157.7243,158.0534,158.00477999999998,157.76945195746376,157.94424197085345,-0.17479001338969624,-0.08598642188973667,-0.08880359149995957,32.96654929577457,158.0534,158.8842512818934,157.22254871810662,0.010513551519845668,0.3209285714285731,0.43997584964306735,-0.0023302347964843095,-0.005045625335480253,0.0022583534251446693,1
2026-08-07 20:00:00+00:00,157.547,157.852,157.535,157.789,1803,157.5628,157.6729,158.01659999999998,158.00714,157.7724593486232,157.93274256560503,-0.16028321698183845,-0.10084578090815705,-0.059437436073681404,38.41488071168598,158.01659999999998,158.82437886499284,157.20882113500713,0.01022397475952343,0.3375714285714305,0.5903231946900411,0.0015360495598137902,-0.003246937834406216,0.0023445804462522432,1
2026-08-09 21:00:00+00:00,157.721,157.721,157.514,157.694,272,157.612,157.6095,157.9849,158.00662,157.76038867960426,157.91505793111577,-0.1546692515115069,-0.11161047502882704,-0.04305877648267986,35.920792079207544,157.9849,158.7909834226076,157.1788165773924,0.010204562874143031,0.3476428571428564,0.5214985260750092,0.0015624206087088144,-0.004004345409529653,0.002339582618177704,1
2026-08-09 22:00:00+00:00,157.699,157.943,157.699,157.927,1083,157.7002,157.66389999999998,157.96275,158.01144,157.78602119043435,157.9159425288109,-0.1299213383765334,-0.11527264769836831,-0.0146486906781651,41.804180418041675,157.96275,158.74836377278677,157.17713622721323,0.00994682319454143,0.35571428571428704,0.8329498249304301,0.0028002489110143802,0.003456535966400276,0.001342235981953154,1
2026-08-09 23:00:00+00:00,157.927,157.931,157.825,157.907,1584,157.77460000000002,157.68130000000002,157.93805,158.0173,157.8046333149829,157.91528011926934,-0.11064680428643214,-0.11434747901598108,0.003700674729548936,41.78885630498557,157.93805,158.69623216807852,157.17986783192148,0.009601007079402583,0.3577142857142884,0.9993816335650095,0.0023613800107913363,0.0011031299728021526,0.0011718230718812165,1
2026-08-10 00:00:00+00:00,157.905,157.967,157.837,157.941,2692,157.8516,157.68300000000002,157.91635,158.02270000000001,157.82561280498552,157.91718529561976,-0.09157249063423478,-0.10979248133963182,0.018219990705397038,43.32103321033208,157.91635,158.64618870604014,157.18651129395985,0.009243358348139899,0.3548571428571482,0.9999999999961976,0.002443575617558036,0.0001076467161418293,0.0011085648507380894,1
2026-08-10 01:00:00+00:00,157.944,158.313,157.928,158.27,3457,157.9478,157.7553,157.91334999999998,158.03596,157.89398006575698,157.94331971816646,-0.049339652409486234,-0.0977019155536027,0.04836226314411647,49.037823490378344,157.91334999999998,158.63649205490424,157.19020794509572,0.009158719701713102,0.37428571428571694,0.9999999999968764,0.0030483747282765705,0.004589106742749927,0.0009189972467606039,1
2026-08-10 02:00:00+00:00,158.271,158.301,158.219,158.224,1469,158.0538,157.8329,157.90645,158.04592,157.94475236333284,157.96411085015413,-0.01935848682128949,-0.08203322980714008,0.06267474298585059,69.88179669030703,157.90645,158.6140334263572,157.19886657364282,0.008962058565146504,0.2566428571428584,0.999999999997514,0.0033609395411366982,0.004928611351049161,0.0008799999286959725,1
2026-08-10 03:00:00+00:00,158.222,158.231,158.148,158.197,1365,158.1078,157.904,157.89605,158.0566,157.98355969205085,157.98136189829086,0.0021977937599899633,-0.06518702509371407,0.06738481885370404,62.946428571428726,157.89605,158.5784462346356,157.2136537653644,0.008643613752663275,0.22535714285714295,0.827589980780573,0.0017096506613816231,0.0045146870197987354,0.0009024038981956824,1
2026-08-10 04:00:00+00:00,158.2,158.341,158.198,158.333,1334,158.193,157.9838,157.894,158.06987999999998,158.03731973942763,158.0074091650841,0.029910574343517737,-0.04616750520626771,0.07607807954978545,61.77317213586643,157.894,158.57057216520417,157.21742783479584,0.008569954085705137,0.2153571428571439,0.7984233725869749,0.002697790471606565,0.005065540990890849,0.000909606537063939,1
2026-08-10 05:00:00+00:00,158.335,158.383,158.294,158.335,1795,158.2718,158.0617,157.89299999999997,158.08196,158.0831167025926,158.03167515285566,0.05144154973694981,-0.026645694217624204,0.07808724395457402,78.9280469897221,157.89299999999997,158.56675647638139,157.21924352361856,0.008534342578599603,0.1824285714285736,0.9999999999979704,0.0024946024148257973,0.004944273782020447,0.000915875772232975,1
2026-08-10 06:00:00+00:00,158.338,158.459,158.335,158.378,2163,158.29339999999996,158.1206,157.89675,158.09478000000001,158.12848336373222,158.0573288452367,0.07115451849551846,-0.007085651674995666,0.07824017017051413,85.60490045941847,157.89675,158.58086998793118,157.21263001206881,0.008665409363158938,0.1737857142857158,0.9999999999982057,0.000682378214443613,0.0037328330872241633,0.0008486961372651617,1
2026-08-10 07:00:00+00:00,158.377,158.522,158.377,158.483,2685,158.3452,158.1995,157.9045,158.10946,158.1830243846965,158.08886004188582,0.09416434281067154,0.013164347222137784,0.08099999558853375,86.30735615440717,157.9045,158.6122922680625,157.19670773193752,0.00896481440443421,0.17464285714285868,0.9999999999981685,0.0016369198098897808,0.005003360939541235,0.0007785957330250705,1
2026-08-10 08:00:00+00:00,158.485,158.681,158.429,158.66,2615,158.43779999999998,158.27280000000002,157.96835000000002,158.12618,158.25640524858932,158.13116670544986,0.12523854313946003,0.035579186405602245,0.08965935673385779,87.47501665556355,157.96835000000002,158.7077506890311,157.22894931096894,0.009361377630785811,0.18207142857143108,0.9999999999981654,0.0029267305953968314,0.0046413849436766075,0.0007354073578222339,1
2026-08-10 09:00:00+00:00,158.661,158.855,158.646,158.847,2098,158.54059999999998,158.36679999999998,158.02405000000002,158.1459,158.34726597957558,158.18419139393507,0.16307458564051558,0.061078266252584924,0.10199631938793066,88.72225554889074,158.02405000000002,158.85140786821518,157.19669213178486,0.010471290518312363,0.18500000000000227,0.9999999999981061,0.0032463226238370613,0.005952870993686243,0.0007348770547066574,1
2026-08-10 10:00:00+00:00,158.848,158.886,158.73,158.785,2767,158.63060000000002,158.4512,158.0671,158.16487999999998,158.4146096750255,158.22869573512506,0.1859139399004448,0.08604540098215692,0.09986853891828788,83.28877005347604,158.0671,158.9595766014876,157.1746233985124,0.011292376484260182,0.17350000000000218,0.8970959299523178,0.0028420753465752124,0.0053437676094236775,0.0007922625175736994,1
2026-08-10 11:00:00+00:00,158.785,158.875,158.739,158.813,2046,158.7176,158.50549999999998,158.1304,158.18374,158.47590049425236,158.2719775325232,0.20392296172914826,0.10962091313155521,0.09430204859759304,89.1532540237928,158.1304,159.04681966943028,157.21398033056974,0.011590682998718384,0.16357142857143206,0.9999999999978887,0.0027465935925443663,0.0034308460226193382,0.0005784593554980279,1
2026-08-10 12:00:00+00:00,158.812,158.947,158.418,158.937,5589,158.8084,158.5768,158.20485000000002,158.20508,158.546838879752,158.32123845604002,0.22560042371196687,0.13281681524763755,0.09278360846432931,88.25757575757586,158.20485000000002,159.12973935895502,157.27996064104502,0.011692300949749634,0.1835714285714301,0.9810896304090574,0.002864660562962529,0.004506269592476686,0.0005464560414688159,1
2026-08-10 13:00:00+00:00,158.939,159.061,158.854,159.012,3665,158.8788,158.6583,158.28115,158.2283,158.6184021290209,158.37240597781482,0.24599615120607154,0.15545268243932436,0.09054346876674718,90.18181818181698,158.28115,159.20812113450364,157.35417886549635,0.011712969415545005,0.19078571428571373,0.9999999999978659,0.002218580612630916,0.005151804395784998,0.000501300077175345,1
2026-08-10 14:00:00+00:00,159.01,159.016,158.858,158.933,3305,158.89600000000002,158.7183,158.35105000000001,158.24894,158.6668018014792,158.41393146093966,0.2528703405395447,0.17493621405936846,0.07793412648017625,84.9295774647873,158.35105000000001,159.25157697437194,157.4505230256281,0.011373804902107414,0.1927857142857111,0.8723449009629146,0.0005414014743745366,0.003789481662066718,0.000575445477758458,1
2026-08-10 15:00:00+00:00,158.933,159.006,158.853,158.9,2631,158.919,158.7748,158.41825,158.26966000000002,158.70267844740548,158.4499365379071,0.2527419094983827,0.19049735314717134,0.06224455635121137,78.02491103202767,158.41825,159.26813318082264,157.56836681917736,0.010729612034252925,0.17621428571428258,0.5720701672940378,0.0007242497717039331,0.0035683834907001,0.0005948911179386111,1
2026-08-10 16:00:00+00:00,158.897,159.044,158.892,159.032,1898,158.9628,158.8402,158.4804,158.28626,158.75334330165077,158.49305234991397,0.26029095173680616,0.20445607286509834,0.05583487887170782,83.38842975206677,158.4804,159.31824344724888,157.64255655275113,0.010573464570367971,0.18121428571428413,0.7608689826738629,0.0013789803101762477,0.00412936140120479,0.0006120587157993392,1
2026-08-10 17:00:00+00:00,159.031,159.161,159.022,159.133,1835,159.002,158.90519999999998,158.55235,158.30002000000002,158.81175202447372,158.54045587954997,0.27129614492375254,0.2178240872768292,0.05347205764692334,86.44859813084082,158.55235,159.35213135827567,157.7525686417243,0.01008854625334384,0.18521428571428494,0.868588596407425,0.001233193026167534,0.0041013862685588265,0.0006108525777493784,1
2026-08-10 18:00:00+00:00,159.133,159.358,159.084,159.237,2469,159.047,158.96290000000002,158.61785,158.31464,158.8771747899393,158.59205174032402,0.28512304961526524,0.23128387974451642,0.053839169870748826,86.10223642172483,158.61785,159.4165616665659,157.8191383334341,0.010070892608441072,0.19449999999999892,0.6644227261183532,0.0014149875481095364,0.0036367074246816955,0.0005672623118479306,0
2026-08-10 19:00:00+00:00,159.239,159.361,159.221,159.3,1831,159.12040000000002,159.00820000000002,158.6875,158.33264,158.94222482225632,158.64449235215187,0.2977324701044495,0.24457359781650306,0.05315887228794641,86.74790555978642,158.6875,159.46794724019605,157.90705275980395,0.009836278726377993,0.19814285714285518,0.7175340257359925,0.0023091491383162577,0.0028518007894389186,0.0004911378139099847,0
2026-08-10 20:00:00+00:00,159.294,159.338,159.278,159.278,713,159.196,159.0575,158.75435,158.35168,158.9938825419092,158.69141884458506,0.3024636973241286,0.2561516177180282,0.0463120796061004,84.82972136222774,158.75435,159.4935194556753,158.01518054432466,0.009312115928480998,0.19357142857142712,0.5597484825951008,0.0023788546255505416,0.003104827282173872,0.000457965899605151,0
2026-08-10 21:00:00+00:00,159.286,159.294,159.182,159.258,415,159.2412,159.10200000000003,158.80375,158.36885999999998,159.03451599700009,158.73338781906023,0.3011281779398587,0.2651469297623943,0.0359812481774644,82.10439105219517,158.80375,159.53867223003758,158.06882776996244,0.009255728911156929,0.1912142857142872,0.33556890497470326,0.0014210976407262876,0.002802037616568054,0.0004773096195443973,1
2026-08-10 22:00:00+00:00,159.259,159.308,159.223,159.248,962,159.26420000000002,159.13309999999998,158.85495,158.38506,159.0673596897693,158.77150723987057,0.2958524498987174,0.27128803378965893,0.024564416109058462,78.26923076922915,158.85495,159.56195926071004,158.14794073928996,0.008901318601781534,0.17928571428571363,0.02009719529721867,0.0007226659460952689,0.0019567501588677594,0.00045287860249285745,0
2026-08-10 23:00:00+00:00,159.246,159.286,159.127,159.156,1296,159.248,159.1475,158.9029,158.39916000000002,159.08099666057402,158.79998818506536,0.2810084755086564,0.27323212213345843,0.007776353375197942,66.34920634920584,158.9029,159.54952586595283,158.25627413404715,0.008138628885348753,0.17571428571428424,0.0,-0.0005086757474707104,0.0009055920307901033,0.0005008213422729988,1
2026-08-11 00:00:00+00:00,159.153,159.196,158.919,159.144,3304,159.21679999999998,159.16860000000003,158.94344999999998,158.41276000000002,159.09068948202415,158.8254705417272,0.2652189402969327,0.2716294857661533,-0.0064105454692205965,70.05586592178798,158.94344999999998,159.53932193077682,158.34757806922315,0.007497911122186384,0.18435714285714003,0.15552888615819327,-0.0009792843691148745,0.0013276034555442795,0.00046213328142711126,1
2026-08-11 01:00:00+00:00,159.145,159.182,159.068,159.169,1651,159.19500000000002,159.19549999999998,158.98515,158.42776,159.10273725402044,158.85091716826594,0.25182008575450254,0.26766760576382315,-0.015847520009320604,69.95515695067338,158.98515,159.51478434257524,158.45551565742477,0.006662689472258704,0.18278571428571005,0.15130320699967265,-0.0006843380755658934,0.001692888609188259,0.00044640701357751407,1
2026-08-11 02:00:00+00:00,159.17,159.306,159.158,159.263,1801,159.196,159.2186,159.0294,158.44252,159.1273930610942,158.88144182246845,0.2459512386257643,0.2633243323362114,-0.017373093710447096,68.90951276102061,159.0294,159.48865404045827,158.57014595954175,0.005775712421203402,0.15557142857142633,0.10742869601478801,3.139559708142947e-05,0.0014525378540166667,0.0004120036859254775,1
2026-08-11 03:00:00+00:00,159.261,159.265,159.141,159.203,1478,159.18699999999998,159.22560000000001,159.0654,158.46002,159.13902489784897,158.90526094673007,0.23376395111890247,0.2574122560927496,-0.023648304973847123,61.275088547815855,159.0654,159.45133885525178,158.67946114474825,0.004852580828411028,0.14964285714285502,0.0,-0.0002825781171504893,0.0004398836193624245,0.00040246977626906343,1
2026-08-11 04:00:00+00:00,159.204,159.251,159.158,159.188,1208,159.19340000000003,159.2207,159.0918,158.47637999999998,159.1465595289491,158.9262045803056,0.22035494864348948,0.2500007946028976,-0.029645845959408113,66.28352490421395,159.0918,159.43029487284218,158.75330512715783,0.004255340285824614,0.14500000000000007,0.1966188644948375,0.00020106059463653736,-0.00030771742748236797,0.00034149428986457046,1
2026-08-11 05:00:00+00:00,159.187,159.23,159.15,159.207,1250,159.206,159.2114,159.1098,158.4925,159.1558580629569,158.94700424102373,0.20885382193316104,0.2417714000689503,-0.032917578135789244,69.96098829648727,159.1098,159.431346656995,158.788253343005,0.0040418208934332985,0.13978571428571382,0.3409870115486447,0.0003958678932287629,-0.0005838041431263097,0.0003131688892793382,1
2026-08-11 06:00:00+00:00,159.207,159.24,159.176,159.209,2078,159.214,159.2045,159.131,158.50918,159.1640337455789,158.96641133428122,0.19762241129768654,0.23294160231469754,-0.035319191017011003,63.84976525821454,159.131,159.41624043411875,158.84575956588125,0.0035849763291721662,0.13349999999999998,0.10107546052635821,0.0002513052164678786,-0.00043320483682607325,0.0003125292956202706,1
2026-08-11 07:00:00+00:00,159.207,159.376,159.197,159.357,1954,159.2328,159.2144,159.1582,158.52972,159.1937208616437,158.99534382803816,0.1983770336055386,0.22602868857286576,-0.02765165496732716,66.32653061224329,159.1582,159.41841254469023,158.89798745530976,0.0032698603614546217,0.13635714285714226,0.1983071625738824,0.0005902186948631982,0.0006216328222128364,0.00043556614745041215,0
2026-08-11 08:00:00+00:00,159.357,159.368,159.28,159.353,1512,159.26280000000003,159.2249,159.179,158.54954,159.21822534446775,159.02183687781312,0.19638846665463916,0.22010064418922046,-0.023712177534581297,59.8976109215022,159.179,159.43114448655166,158.92685551344834,0.0031680622010649283,0.12307142857142749,0.0,0.0009421933003774807,0.0006593489400181785,0.00043452592959042596,0
2026-08-11 09:00:00+00:00,159.355,159.387,159.266,159.277,1469,159.2806,159.237,159.19225,158.56698,159.22726759916503,159.04073784982694,0.1865297493380922,0.21338646521899482,-0.026856715880902632,48.08013355592464,159.19225,159.43512477820448,158.94937522179552,0.003051339222914192,0.12171428571428626,0.0,0.0005590873683944952,0.0007602603734699898,0.0004188212696499131,0
2026-08-11 10:00:00+00:00,159.277,159.33,159.189,159.227,1870,159.2846,159.2453,159.20694999999998,158.58404000000002,159.22722643006273,159.05453504613604,0.17269138392668992,0.20524744896053385,-0.03255606503384392,45.93301435406802,159.20694999999998,159.4171473759,158.99675262409997,0.0026405552760103614,0.12750000000000178,0.0,0.00012562261709603284,0.0005215402402856117,0.0004348901433648996,1
2026-08-11 11:00:00+00:00,159.224,159.249,159.054,159.247,3343,159.2922,159.2531,159.22430000000003,158.60188,159.2302685177454,159.0687917093852,0.16147680836019163,0.19649332084046542,-0.03501651248027379,49.122807017544254,159.22430000000003,159.37732851469238,159.07127148530768,0.0019221753801693807,0.13342857142857106,0.09864458545529788,0.0002386799741220802,0.0004900451721125965,0.0004341599887369512,1
2026-08-11 12:00:00+00:00,159.25,159.361,159.188,159.268,2645,159.2744,159.25359999999998,159.23610000000002,158.62118,159.2360733611692,159.08354787906038,0.152525482108814,0.18769975309413517,-0.035174270985321165,51.56739811912304,159.23610000000002,159.36039150791805,159.111808492082,0.0015610971119994859,0.13971428571428696,0.23357038653636306,-0.0005584944495692357,3.139461142875888e-05,0.00039286105440754357,1
2026-08-11 13:00:00+00:00,159.269,159.269,159.166,159.233,2583,159.25039999999998,159.2566,159.2411,158.63927999999999,159.23560053637394,159.0946184065374,0.14098212983654435,0.17835622844261703,-0.037374098606072687,56.62650602409603,159.2411,159.35558723207836,159.1266127679216,0.001437910590649961,0.13571428571428815,0.4432930178243602,-0.0007530451262292015,0.00018843866007545174,0.000378879849768296,1
2026-08-11 14:00:00+00:00,159.234,159.29,159.195,159.233,2013,159.2416,159.2611,159.2409,158.67628,159.23520045385487,159.10486889494206,0.13033155891281467,0.16875129453665658,-0.038419735623841905,57.82073813708225,159.2409,159.35543135628345,159.12636864371657,0.0014384665784159224,0.12271428571428901,0.4947451587658849,-0.00027624829699191,0.0002826846244692316,0.000376920515365049,1
2026-08-11 15:00:00+00:00,159.232,159.325,159.196,159.252,2121,159.2466,159.2656,159.2385,158.70666,159.23778499941565,159.11576749531673,0.12201750409892043,0.15940453644910935,-0.03738703235018892,57.3712255772643,159.2385,159.34978247600972,159.12721752399025,0.0013976830478776674,0.12378571428571863,0.4760372743269681,0.00015700854754530091,0.0002826508884661294,0.0003769196104068422,1
2026-08-11 16:00:00+00:00,159.247,159.267,159.208,159.267,1414,159.25060000000002,159.27140000000003,159.23795,158.73352,159.24227961489018,159.12696990307106,0.11530971181912264,0.15058557152311203,-0.03527585970398939,50.41322314049489,159.23795,159.34851691231304,159.12738308768698,0.001388700524127981,0.11742857142857385,0.186458034170697,0.000125591062939856,0.0003643010131335611,0.00037742386031602414,1
2026-08-11 17:00:00+00:00,159.267,159.35,159.259,159.311,1051,159.25920000000002,159.2668,159.2406,158.7688,159.25285198183016,159.14060176210282,0.11225021972734339,0.1429185011639583,-0.030668281436614903,61.53846153846154,159.2406,159.35564031327056,159.12555968672945,0.0014448615902044437,0.11507142857143192,0.649469956215432,0.00026998518220855416,-0.0002886600525863203,0.00023551531446204223,0
2026-08-11 18:00:00+00:00,159.311,159.344,159.256,159.264,1113,159.2654,159.2579,159.2414,158.80512,159.2545670615486,159.14974237231743,0.10482468923117949,0.13529973877740253,-0.030475049546223043,57.60000000000218,159.2414,159.3568786833531,159.1259213166469,0.0014503600615556433,0.11471428571428735,0.48555844424687766,0.00019468326289162619,-0.0005585084686199338,0.00025005709741456934,1
2026-08-11 19:00:00+00:00,159.263,159.303,159.247,159.282,1040,159.27519999999998,159.2584,159.2477,158.84104,159.25878751361807,159.15953923362727,0.09924827999080321,0.12808944702008268,-0.02884116702927947,57.515030060122015,159.2477,159.35715241693143,159.1382475830686,0.0013746184959835322,0.11300000000000157,0.5679263722534486,0.0003077251574736817,3.1391851931017456e-05,0.00020524978850198385,1
2026-08-11 20:00:00+00:00,159.277,159.361,159.267,159.282,614,159.2812,159.2639,159.2546,158.87598,159.26235866536913,159.16861040150673,0.09374826386240898,0.12122121038854794,-0.027472946526138964,57.34406438631887,159.2546,159.35340848031754,159.15579151968248,0.0012408869862161563,0.11514285714285677,0.5595430374896964,0.00018838067967741345,0.0003454188045997064,0.00017280856100798195,1
2026-08-11 21:00:00+00:00,159.281,159.287,159.2,159.278,310,159.2834,159.267,159.26005,158.91042000000002,159.2647650245431,159.17671333472845,0.08805168981464817,0.11458730627376798,-0.02653561645911981,38.810198300282465,159.26005,159.35066305815928,159.16943694184073,0.0011379257781129375,0.1085714285714293,0.0,6.906641049297946e-05,0.0001946661475566991,0.00017054221559066672,1
2026-08-11 22:00:00+00:00,159.29,159.298,159.257,159.269,480,159.275,159.2671,159.26035,158.94002,159.26541655922878,159.18354938400782,0.08186717522096387,0.10804328006320718,-0.02617610484224331,38.268156424580695,159.26035,159.35104387487894,159.16965612512104,0.001138938535284538,0.10521428571428666,0.0,-0.00026363527942196985,6.278725167563337e-06,0.0001671175905012953,1
2026-08-11 23:00:00+00:00,159.273,159.297,159.258,159.271,531,159.27640000000002,159.27089999999998,159.26375000000002,158.97156,159.26627555011666,159.19002720741466,0.07624834270200154,0.10168429259096605,-0.025435949888964512,48.94366197183081,159.26375000000002,159.35039962716556,159.17710037283447,0.0010881274259276468,0.09935714285714223,0.4587608755003495,4.395218002795076e-05,0.00023864399967332695,0.00014814609003459834,1
2026-08-12 00:00:00+00:00,159.27,159.362,159.197,159.338,2185,159.2876,159.28140000000002,159.27124999999998,158.99978,159.27731008086795,159.20098815501356,0.07632192585438702,0.09661181924365025,-0.020289893389263236,68.43853820597916,159.27124999999998,159.35624380778393,159.18625619221604,0.0010672837412143798,0.10107142857142597,0.9999999999966855,0.00035157770495075624,0.0006594110517290641,0.00019342115941042972,1
2026-08-12 01:00:00+00:00,159.337,159.374,159.292,159.333,1269,159.2978,159.2895,159.27755,159.02830000000003,159.28587776073442,159.21076681019773,0.07511095053669692,0.09231164550225959,-0.017200694965562674,65.0349650349637,159.27755,159.36115930440252,159.19394069559746,0.0010498567362761295,0.09299999999999743,0.8871882631196055,0.0003201868384374862,0.0005086278351291718,0.00019466655933811662,1
2026-08-12 02:00:00+00:00,159.333,159.428,159.329,159.396,1347,159.32139999999998,159.30239999999998,159.2869,159.0574,159.30281964369837,159.2244877872201,0.07833185647825758,0.0895156876974592,-0.01118383121920162,69.51219512195058,159.2869,159.37956555593294,159.19423444406706,0.001163505045712347,0.08771428571428228,0.9999999999967994,0.0007408430542823474,0.0008099606321458896,0.0002233102462584199,0
2026-08-12 03:00:00+00:00,159.396,159.456,159.395,159.425,729,159.3526,159.31380000000001,159.2903,159.0805,159.32161662159092,159.2393405437223,0.08227607786861313,0.08806776573168999,-0.005791687863076864,79.81366459627417,159.2903,159.3976255744945,159.1829744255055,0.0013475468938723308,0.08471428571428012,0.9999999999975929,0.0009794749762979116,0.0007155814727168863,0.00021601823345328882,0
2026-08-12 04:00:00+00:00,159.425,159.459,159.364,159.411,806,159.38060000000002,159.3285,159.2932,159.10424,159.3353679105769,159.25205605900214,0.08331185157476284,0.08711658290030456,-0.0038047313255417242,76.48809523809383,159.2932,159.41034426550445,159.17605573449558,0.0014708005803692299,0.08471428571428012,0.9199535760995177,0.0008790049663780497,0.0009229957805907407,0.00018460242149026773,0
2026-08-12 05:00:00+00:00,159.411,159.433,159.308,159.408,1105,159.3946,159.3411,159.29975,159.12846,159.34654207818045,159.26360746203903,0.08293461614141506,0.08628018954852668,-0.0033455734071116128,74.37499999999483,159.29975,159.42727027699877,159.1722297230012,0.0016010103844956442,0.08442857142856651,0.869091393132319,0.00043931767688798473,0.0007910498361394236,0.00018763923379525458,0
2026-08-12 06:00:00+00:00,159.409,159.425,159.343,159.381,1573,159.4042,159.35099999999997,159.30745000000002,159.14942000000002,159.3518432969219,159.27230320559167,0.07954009133024442,0.08493216990487024,-0.005392078574625814,67.16867469879469,159.30745000000002,159.43507193341256,159.17982806658748,0.0016022092301714885,0.0860714285714254,0.6956352093398017,0.0003012558603678883,0.0006215391569668327,0.0002026186536989577,0
2026-08-12 07:00:00+00:00,159.381,159.395,159.33,159.368,1374,159.3986,159.36,159.3135,159.17007999999998,159.35432894354932,159.2793918570293,0.07493708652000919,0.08293315322789803,-0.007996066707888841,59.46843853820347,159.3135,159.44052672737226,159.18647327262775,0.0015946762499380635,0.0842142857142818,0.5102905956994962,-0.0001756631283093002,0.0005650497871645399,0.00020607715009078777,0
2026-08-12 08:00:00+00:00,159.369,159.37,159.281,159.311,1621,159.3758,159.3642,159.31565,159.18874,159.34766295223403,159.28173320095306,0.06592975128097578,0.07953247283851358,-0.013602721557537806,57.55627009646237,159.31565,159.44087699386802,159.190423006132,0.0015720614248256402,0.08428571428571072,0.46426471887463805,-0.0007150697820291763,0.0002637048013109933,0.00024310652770981718,0
2026-08-12 09:00:00+00:00,159.313,159.332,158.574,159.154,7014,159.3244,159.35250000000002,159.31170000000003,159.20216,159.31786865189034,159.27227148236392,0.04559716952641679,0.07274541217609423,-0.02714824264967744,35.777777777776734,159.31170000000003,159.45198257195113,159.17141742804893,0.001761108216798945,0.13442857142856773,0.0,-0.001612184855499299,-0.0007345970076159114,0.0004022190896911907,1
2026-08-12 10:00:00+00:00,159.153,159.225,159.092,159.177,2416,159.2782,159.33639999999997,159.3089,159.2125,159.2961965515995,159.26521433552213,0.03098221607737628,0.06439277295635064,-0.03341055687897436,38.90063424946985,159.3089,159.45776928209375,159.16003071790624,0.0018689386731532995,0.1372142857142811,0.07091617081671352,-0.0014491117133392795,-0.001010430656842698,0.00037294239478647925,1
2026-08-12 11:00:00+00:00,159.177,159.178,159.054,159.097,1934,159.2214,159.3128,159.30115,159.2175,159.2655509282765,159.25275401437236,0.012796913904139728,0.05407360114590845,-0.04127668724176872,33.51548269581144,159.30115,159.47630860479953,159.1259913952005,0.002199087763013894,0.13985714285713666,0.0,-0.0017818937012566982,-0.0014811746468088582,0.00039242403383967666,1
2026-08-12 12:00:00+00:00,159.097,159.189,158.653,158.805,9734,159.10880000000003,159.2537,159.27805,159.21790000000001,159.1946969393109,159.21958705034476,-0.02489011103386929,0.0382808587099529,-0.06317096974382219,22.115384615384485,159.27805,159.5609146505301,158.99518534946992,0.003551834675651625,0.17521428571427983,0.0,-0.0035327041815169657,-0.003707746743958351,0.0006182037370004251,1
2026-08-12 13:00:00+00:00,158.802,159.038,158.69,159.021,6333,159.0508,159.21329999999998,159.26355,159.22206,159.16797433326306,159.20487689846735,-0.036902565204286475,0.023244173927105025,-0.0601467391313915,38.049713193116546,159.26355,159.56819576494422,158.9589042350558,0.0038256809539183546,0.19728571428571026,0.27616644002181817,-0.0018203388341044846,-0.002534106946840309,0.0008159832471001595,1
2026-08-12 14:00:00+00:00,159.023,159.241,158.994,159.199,4162,159.0598,159.1921,159.2603,159.22729999999999,159.17274751276105,159.20444157265493,-0.03169405989387997,0.012256527162908025,-0.04395058705678799,43.99308556612013,159.2603,159.56630935657097,158.95429064342903,0.0038428830860040807,0.20314285714285468,0.3791742311546179,0.00028274501426306387,-0.0013298956784663085,0.0009251880295847747,1
2026-08-12 15:00:00+00:00,159.199,159.287,159.185,159.228,2314,159.07,159.1741,159.25759999999997,159.23162,159.18124789541318,159.20618664134716,-0.024938745933980044,0.0048174725435304105,-0.029756218477510456,45.554614733277354,159.25759999999997,159.56375606614154,158.9514439338584,0.0038447906554107104,0.20457142857142685,0.4062379350929626,0.00032039804745664924,-0.001129177958446137,0.0009301062932748427,1
2026-08-12 16:00:00+00:00,159.229,159.409,159.198,159.385,1856,159.1276,159.17450000000002,159.26275,159.24066000000002,159.21259437304192,159.21943207532144,-0.006837702279511859,0.002486437578921956,-0.009324139858433816,49.56862745098056,159.26275,159.57405616169453,158.9514438383055,0.0039093405293393136,0.21257142857142647,0.4758069537712617,0.001810216408857368,2.5097094383808027e-05,0.0009919716791962883,0
2026-08-12 17:00:00+00:00,159.384,159.526,159.353,159.497,1764,159.26600000000002,159.1874,159.2737,159.2526,159.2563490848816,159.23999266233466,0.01635642254694858,0.005260434572527281,0.011095987974421299,52.65095729013264,159.2737,159.60219647918248,158.9452035208175,0.004124930596608109,0.22057142857142814,0.5615973955497168,0.004357545417335684,0.0008094473169018013,0.001015275959882414,0
2026-08-12 18:00:00+00:00,159.495,159.548,159.43,159.493,1481,159.3604,159.2056,159.2849,159.26182,159.29275691797676,159.25873394660616,0.03402297137060373,0.011012941932142573,0.023010029438461154,53.041543026705966,159.2849,159.62768543234037,158.94211456765962,0.004304054337107633,0.222214285714285,0.591779296186125,0.002968161437797656,0.0011424195441620544,0.0010046879955154678,0
2026-08-12 19:00:00+00:00,159.492,159.514,159.451,159.488,1402,159.4182,159.239,159.29575,159.26892,159.32279431521113,159.27571661722794,0.04707769798318395,0.018225893142350853,0.0288518048408331,52.96296296296344,159.29575,159.65022091780872,158.94127908219127,0.004450475518759615,0.21778571428571475,0.6846909135914441,0.001815338036042835,0.002098596328084845,0.0009312217571688569,0
2026-08-12 20:00:00+00:00,159.487,159.5,159.317,159.335,857,159.43959999999998,159.25480000000002,159.2956,159.27088,159.32467211287096,159.28010797891477,0.04456413395618597,0.02349354130511788,0.02107059265106809,48.441734417344435,159.2956,159.6499981703552,158.94120182964483,0.00444956634527485,0.22499999999999837,0.704797788590097,0.0006719923631521851,0.0009926057156499635,0.001002544323953059,1
2026-08-12 21:00:00+00:00,159.332,159.36,159.32,159.352,234,159.433,159.28029999999998,159.29655,159.27192000000002,159.3288764031985,159.28543331380996,0.04344308938854624,0.027483450921803553,0.015959638466742688,49.45945945945975,159.29655,159.65147177046654,158.94162822953345,0.0044561137132793725,0.22321428571428573,0.7715403967148983,-0.00020704583241826224,0.0016027957786759472,0.0009801402230252623,1
2026-08-12 22:00:00+00:00,159.431,159.451,159.382,159.385,422,159.4106,159.3383,159.296,159.27406000000002,159.33751080270642,159.2928086238981,0.044702178808307735,0.030927196499104394,0.013774982309203342,52.541208791208255,159.296,159.65030643887005,158.94169356112994,0.004448403461104539,0.22392857142857078,0.9838216493318831,-0.0007022075650326975,0.0036522779509460257,0.0006869611475722222,1
2026-08-12 23:00:00+00:00,159.385,159.385,159.317,159.334,728,159.3788,159.36960000000002,159.29145,159.27558000000002,159.33697067921312,159.2958598369427,0.041110842270427383,0.032963925653368996,0.008146916617058388,56.66666666666709,159.29145,159.64108769216529,158.9418123078347,0.004389911601222642,0.17464285714285666,0.9999999999971056,-0.0009969089552519517,0.001968293495827611,0.000618535650908847,0
2026-08-13 00:00:00+00:00,159.334,159.381,159.242,159.318,2340,159.34480000000002,159.38150000000002,159.2868,159.27698,159.33405211318032,159.29749984902102,0.036552264159297465,0.033681593354554694,0.002870670804742771,55.24944154877229,159.2868,159.63219106743935,158.94140893256065,0.0043367192691340555,0.17507142857143013,0.9589819817427558,-0.0010659109149276924,0.0007474921324883699,0.000530387973268633,0
2026-08-13 01:00:00+00:00,159.318,159.365,159.275,159.347,1754,159.3472,159.39339999999999,159.28375,159.2808,159.33604409576796,159.3011665268713,0.03487756889666116,0.03392078846297599,0.0009567804336851685,59.6749226006194,159.28375,159.62569482471753,158.94180517528247,0.004293530566897497,0.1726428571428593,0.9999999999973375,7.531301973839888e-05,0.0007473559926645112,0.0005303849162198871,1
2026-08-13 02:00:00+00:00,159.347,159.478,159.338,159.429,1240,159.36260000000001,159.39780000000002,159.28615,159.2865,159.35034500411135,159.310635673029,0.03970933108234931,0.03507849698685066,0.004630834095498651,78.83548983364211,159.28615,159.63162436494667,158.9406756350533,0.004337782851135294,0.14435714285714596,0.9999999999975481,0.0004832069883025092,0.0002760611098913124,0.00045615677597984005,0
2026-08-13 03:00:00+00:00,159.429,159.487,159.404,159.427,1124,159.371,159.39079999999998,159.28910000000002,159.29165999999998,159.3621380804019,159.31925525280462,0.0428828275972819,0.03663936310893691,0.006243464488344994,73.38709677419402,159.28910000000002,159.63850243724266,158.93969756275737,0.004387022555123296,0.12542857142857347,0.8436275230119201,0.00026351287762338416,-0.0004388797281454915,0.0003898064226964697,0
2026-08-13 04:00:00+00:00,159.425,159.473,159.174,159.248,3239,159.3538,159.3663,159.28595,159.29136,159.3445783757247,159.3139770859302,0.030601289794503828,0.03543174844605029,-0.004830458651546465,52.81933256616684,159.28595,159.6356569299218,158.93624307007823,0.004390932532615461,0.12914285714285864,0.21828506044265758,-0.0005397466956206243,-0.0015361175725581155,0.0005175599160791774,1
2026-08-13 05:00:00+00:00,159.247,159.369,159.223,159.281,2183,159.3464,159.3456,159.2923,159.29292,159.33479708715168,159.31153433882426,0.023262748327425697,0.032997948422325375,-0.009735200094899678,53.03550973654054,159.2923,159.63648728071175,158.94811271928828,0.004321455346074309,0.13228571428571456,0.15114207692537152,-0.0002322399226704075,-0.0012979032905297005,0.0005291891243048223,1
2026-08-13 06:00:00+00:00,159.28,159.444,159.258,159.385,1905,159.35399999999998,159.35060000000001,159.30270000000002,159.29686,159.34252061220528,159.31697623965212,0.025544372553156336,0.03150723324849157,-0.005962860695335234,50.0,159.30270000000002,159.6447816153671,158.96061838463294,0.004294737193620428,0.13049999999999987,0.051269267693549586,0.0002384732690290381,0.0003138042489094772,0.0004927034693838622,0
2026-08-13 07:00:00+00:00,159.387,159.411,159.316,159.361,1872,159.3404,159.35150000000002,159.3159,159.29994,159.3453635949429,159.32023725893714,0.02512633600576919,0.030231053799947092,-0.005104717794177902,40.71038251365919,159.3159,159.6446762957161,158.9871237042839,0.00412735070028913,0.12492857142857108,0.0,-0.0004265221509262007,5.6478738892362657e-05,0.0004950513476239251,0
2026-08-13 08:00:00+00:00,159.361,159.411,159.339,159.402,1489,159.3354,159.3532,159.34575,159.30380000000002,159.3540768880286,159.32629375827514,0.02778312975345898,0.029741468990649472,-0.001958339237190493,44.083224967489315,159.34575,159.57147444774333,159.1200255522567,0.002833140485307171,0.12164285714285736,0.08846774975642974,-0.00015681158147617946,0.00010665997427605767,0.0004975672640239459,0
2026-08-13 09:00:00+00:00,159.403,159.435,159.32,159.339,1340,159.35359999999997,159.3537,159.36165,159.30344000000002,159.35175736679344,159.3272349613659,0.0245224054275468,0.02869765627802894,-0.004175250850482138,40.99153567109967,159.36165,159.52806517514804,159.19523482485195,0.002088522240426678,0.12535714285714253,0.007374488288781207,0.0005714357480157695,3.138062183838386e-05,0.0005036568112570342,0
2026-08-13 10:00:00+00:00,159.34,159.365,159.312,159.344,1208,159.3662,159.35629999999998,159.3689,159.30326000000002,159.35056392574828,159.32847681607953,0.022087109668746052,0.027375546956172364,-0.005288437287426312,50.66273932253216,159.3689,159.51711875722472,159.22068124277527,0.0018600712839798173,0.11607142857142858,0.2610446896664978,0.0003955274012592547,0.00016319562133593202,0.0005023653201030894,1
2026-08-13 11:00:00+00:00,159.343,159.351,159.254,159.334,1581,159.356,159.355,159.37420000000003,159.30440000000002,159.34801562947933,159.3288859408144,0.019129688664946798,0.025726375297927248,-0.00659668663298045,48.66071428571412,159.37420000000003,159.50809328033762,159.24030671966244,0.0016802378344498454,0.12014285714285629,0.20853270537200516,-0.000319979922828284,-8.158296045734925e-05,0.000499354688861275,1
2026-08-13 12:00:00+00:00,159.334,159.413,159.172,159.173,2906,159.3184,159.3294,159.3636,159.30332,159.32109014802097,159.31733883408742,0.003751313933548772,0.021331363025051554,-0.01758004909150278,36.74999999999993,159.3636,159.52469676723723,159.20250323276275,0.0020217511054875727,0.13028571428571517,0.0,-0.0011797114726940228,-0.0016057304505453507,0.0005520952024928218,1
2026-08-13 13:00:00+00:00,159.172,159.334,159.147,159.266,3602,159.29119999999998,159.3133,159.35205000000002,159.3037,159.31261474063314,159.31353595748834,-0.0009212168552039657,0.01688084704900045,-0.017802063904204416,45.96199524940524,159.35205000000002,159.50583381953615,159.1982661804639,0.0019301141031587642,0.13878571428571718,0.21888768042850634,-0.0008531887931142457,-0.0010098665847064758,0.000600047849364229,1
2026-08-13 14:00:00+00:00,159.264,159.33,159.021,159.167,4649,159.2568,159.30519999999999,159.33575000000002,159.30168,159.29021247284342,159.30268144211882,-0.012468969275403197,0.01101088378411972,-0.023479853059522916,41.83783783783687,159.33575000000002,159.49561688539487,159.17588311460517,0.0020066668703646,0.15092857142857546,0.12089292195329877,-0.0010794595171301768,-0.0005086406108709696,0.0005209265387436501,1
2026-08-13 15:00:00+00:00,159.167,159.384,159.157,159.35,2799,159.25799999999998,159.31210000000002,159.32885,159.30402,159.29941055394443,159.3061865204804,-0.0067759665359687915,0.007453513720102017,-0.01422948025607081,50.13901760889648,159.32885,159.47209697110253,159.18560302889745,0.001798129731088148,0.16071428571428775,0.31813857131732515,3.7654382970098155e-05,0.0004331966775696916,0.0006436069906239264,1
2026-08-13 16:00:00+00:00,159.351,159.495,159.338,159.477,1840,159.2866,159.3213,159.33595,159.30890000000002,159.32673200718375,159.31883937081517,0.007892636368580952,0.007541338249797805,0.00035129811878314727,52.13523131672613,159.33595,159.4938113315325,159.1780886684675,0.001981490448734281,0.16192857142857317,0.4199358756920126,0.0008974857845782669,0.0005772186843180371,0.0006601623559834456,1
2026-08-13 17:00:00+00:00,159.477,159.566,159.467,159.517,1533,159.3554,159.33689999999999,159.3442,159.3142,159.35600400607856,159.33351793593997,0.022486070138597825,0.01053028462755781,0.011955785511040014,53.87263339070599,159.3442,159.5216267528441,159.1667732471559,0.0022269621717527052,0.16307142857142967,0.9999999999941599,0.0021611705502817546,0.0009789095198950992,0.000658277990730351,0
2026-08-13 18:00:00+00:00,159.517,159.539,159.432,159.508,1549,159.4038,159.34750000000003,159.35035,159.31902,159.3793880051434,159.34644253327775,0.032945471865645004,0.01501332207517525,0.017932149790469754,63.10483870967927,159.35035,159.54171108055485,159.15898891944514,0.002401765425113353,0.14935714285714344,0.9999999999962057,0.0015194705712457957,0.0006649853828686325,0.00065732046790824,0
2026-08-13 19:00:00+00:00,159.506,159.541,159.485,159.514,1135,159.4732,159.36499999999998,159.35935,159.32308,159.40009754281365,159.35885419747942,0.04124334533423735,0.020259326726987673,0.020984018607249674,62.072538860104856,159.35935,159.56394693364368,159.15475306635634,0.0025677430742993275,0.14292857142857177,0.9608307278582827,0.002180100146387254,0.0010982872994056425,0.000637476709989098,0
2026-08-13 20:00:00+00:00,159.511,159.558,159.486,159.499,657,159.503,159.3805,159.3684,159.32778,159.41531330545772,159.3692353680365,0.046077937421216575,0.025423048865833457,0.020654888555383118,56.50684931506912,159.3684,159.58114585775814,159.15565414224187,0.002669862504212083,0.13478571428571634,0.7496478932249404,0.0009350486350800935,0.0009727382267294971,0.0006404212833892832,0
2026-08-13 21:00:00+00:00,159.499,159.517,159.411,159.484,496,159.5044,159.3955,159.37525,159.33182,159.42588048923346,159.37773645188565,0.04814403734781081,0.029967246562228933,0.018176790785581876,57.093425605537966,159.37525,159.59383672852667,159.15666327147332,0.00274304483948008,0.1355714285714303,0.7719047659354227,4.3893476802336906e-05,0.0009414186551521819,0.000641366467300308,0
2026-08-13 22:00:00+00:00,159.5,159.512,159.453,159.464,583,159.49380000000002,159.4246,159.377,159.33546,159.4317450293514,159.3841263443386,0.047618685012793094,0.03349753425234177,0.014121150760451326,53.66430260047375,159.377,159.5979462901955,159.15605370980452,0.0027726245342236965,0.13464285714285854,0.6417911635405882,-0.00033225298870964703,0.0018281995061977252,0.0005219231397932072,0
2026-08-13 23:00:00+00:00,159.464,159.479,159.423,159.431,527,159.4784,159.4411,159.3772,159.33852,159.43163040945115,159.38759846698017,0.04403194247097986,0.035604415896069386,0.008427526574910471,55.63725490196195,159.3772,159.5983440111725,159.1560559888275,0.002775102225067303,0.13042857142857298,0.7166522667791413,-0.0004827344083054852,0.0010360026622129315,0.0005142136915086669,0
2026-08-14 00:00:00+00:00,159.432,159.501,159.346,159.373,2706,159.4502,159.4617,159.38345,159.3406,159.42261034645864,159.3865170990557,0.03609324740293118,0.03570218219744175,0.00039106520548943396,51.66858457997684,159.38345,159.5961226914239,159.17077730857613,0.002668692281712761,0.13771428571428754,0.5660662447704965,-0.0008839349524181195,0.001294238127249825,0.000479072944000064,0
2026-08-14 01:00:00+00:00,159.375,159.455,159.352,159.443,1834,159.43900000000002,159.471,159.39155,159.34404,159.42574721623424,159.39070101764418,0.035046198590066524,0.0355709854759667,-0.0005247868859001789,55.86652314316515,159.39155,159.60009329348225,159.18300670651774,0.002616742148278885,0.13814285714285898,0.7253515513290455,-0.0003510993799332729,0.0005836209601506326,0.0003448175649098534,0
2026-08-14 02:00:00+00:00,159.443,159.45,159.373,159.409,1070,159.424,159.4642,159.39275,159.34546,159.423170721429,159.3920564978187,0.03111422361030236,0.03467963310283383,-0.0035654094925314725,64.71321695760497,159.39275,159.60141076723417,159.18408923276584,0.0026181964641950684,0.12642857142857217,0.9999999999956286,-0.0004702666098167496,-0.0004263937746509239,0.00023483187964773992,0
2026-08-14 03:00:00+00:00,159.41,159.42,159.323,159.379,1418,159.40699999999998,159.4504,159.39365,159.34637999999998,159.4163752258245,159.39108934983213,0.02528587599238108,0.032800881680743285,-0.007515005688362206,57.64546684709029,159.39365,159.60188900740206,159.18541099259795,0.0026128896276866307,0.11999999999999846,0.6910324382568995,-0.0005330356694928096,-0.000865111555508169,0.00021398947064531424,0
2026-08-14 04:00:00+00:00,159.381,159.386,159.333,159.352,1072,159.3912,159.4348,159.39115,159.3455,159.40647134492843,159.38819384243715,0.018277502491287123,0.02989620584285205,-0.011618703351564928,63.86806596701604,159.39115,159.60016601548713,159.1821339845129,0.00262268031176289,0.10171428571428212,0.942010468605397,-0.000495512165137324,-0.0009780073726709526,0.00021520280361862556,0
2026-08-14 05:00:00+00:00,159.35,159.354,159.141,159.26,2019,159.3686,159.4094,159.3872,159.3422,159.38393729186254,159.3786980022566,0.005239289605924569,0.024964822595466556,-0.019725532989541987,42.18750000000039,159.3872,159.60323372054918,159.17116627945083,0.0027108038857471257,0.10071428571428546,0.0,-0.0007090285054557333,-0.0015923367227955731,0.00025616501710189877,0
2026-08-14 06:00:00+00:00,159.26,159.282,159.146,159.239,2767,159.3278,159.3834,159.38195000000002,159.33875999999998,159.3616392469606,159.36835000208944,-0.006710755128835899,0.018629707050606067,-0.025340462179441966,24.680851063831298,159.38195000000002,159.6073063026657,159.15659369733433,0.002827877343271151,0.09921428571428643,0.0,-0.0012794540995841874,-0.001630104263976473,0.00025537199711771924,0
2026-08-14 07:00:00+00:00,159.237,159.31,159.197,159.201,1930,159.2862,159.3551,159.37529999999998,159.33462,159.33692551665897,159.35595370563834,-0.019028188979376637,0.011098127844609524,-0.03012631682398616,16.239316239319294,159.37529999999998,159.61406445118806,159.1365355488119,0.0029962541396072683,0.10021428571428714,0.0,-0.0013048196776844767,-0.0017744726743749162,0.00025512082472764437,0
2026-08-14 08:00:00+00:00,159.201,159.226,159.062,159.173,2532,159.24499999999998,159.326,159.37529999999998,159.33046000000002,159.31170620640373,159.34240157929477,-0.030695372891045736,0.0027394276974784704,-0.03343480058852421,15.60574948665581,159.37529999999998,159.61406445118806,159.1365355488119,0.0029962541396072683,0.10428571428571486,0.0,-0.0012925165799759775,-0.0018248632920282448,0.00025447278774851453,0
2026-08-14 09:00:00+00:00,159.175,159.195,159.11,159.14,1749,159.2026,159.2969,159.369,159.3259,159.285289866957,159.32740886971737,-0.04211900276038705,-0.0062322583940946355,-0.03588674436629241,13.61867704280398,159.369,159.62587023140628,159.11212976859372,0.0032235909293059735,0.10635714285714316,0.0,-0.0013303880716905025,-0.0018252410133539065,0.0002544768359783409,0
2026-08-14 10:00:00+00:00,159.138,159.193,159.087,159.178,1694,159.1862,159.2774,159.36955,159.32324,159.268783733579,159.3163415460346,-0.04755781245560797,-0.014497369206397307,-0.03306044324921067,20.111731843579108,159.36955,159.62464005632395,159.11445994367605,0.003201239588415113,0.10878571428571604,0.1270792302189127,-0.0005148813261333096,-0.0012235447660519094,0.0002771488480031461,1
2026-08-14 11:00:00+00:00,159.179,159.193,159.035,159.107,2208,159.1598,159.24380000000002,159.3574,159.32229999999998,159.243893928413,159.30083476484688,-0.05694083643388126,-0.022986062651894103,-0.033954773781987156,18.212478920745184,159.3574,159.63825763389937,159.07654236610065,0.003524877211844055,0.11250000000000325,0.08990788224323529,-0.0008289426585196269,-0.002107336164021034,0.00021141908079702333,1
2026-08-14 12:00:00+00:00,159.108,159.111,158.6,158.918,7091,159.1032,159.19469999999998,159.32945,159.31712,159.19375640096484,159.27247663411748,-0.07872023315263732,-0.03413289675204275,-0.04458733640059457,14.173228346459894,159.32945,159.66594241798535,158.99295758201467,0.004223857146125093,0.1447857142857174,0.010853435701339703,-0.0017776270249557635,-0.0030801272199184604,0.00037442519684519065,1
2026-08-14 13:00:00+00:00,158.914,159.09,158.792,158.945,5287,159.0576,159.15130000000002,159.30085,159.31408,159.1554861854318,159.24821910566433,-0.09273292023252111,-0.04585290144813843,-0.04688001878438268,17.857142857144055,159.30085,159.6662183217241,158.9354816782759,0.004587148426692077,0.162071428571431,0.08295340013628318,-0.0014324037368147469,-0.002723068911211657,0.00040321339368520014,1
2026-08-14 14:00:00+00:00,158.942,159.062,158.899,159.027,4174,159.035,159.1188,159.2768,159.31851999999998,159.13571907998076,159.23183250524474,-0.09611342526397948,-0.055905006211306646,-0.040208419052672834,27.82051282051343,159.2768,159.64803157759502,158.905568422405,0.004661464539656895,0.16264285714286025,0.277952121721086,-0.0007100666080180895,-0.0020395100155631285,0.000474611752864064,1
2026-08-14 15:00:00+00:00,159.027,159.216,158.945,159.216,3382,159.04260000000002,159.1144,159.2619,159.32242,159.14806999075293,159.23065972707846,-0.0825897363255308,-0.06124195223415148,-0.021347784091379315,37.37486095661866,159.2619,159.6165989234674,158.9072010765326,0.004454284715520735,0.1746428571428607,0.4649456469004534,0.00023872645717371022,-0.00027627778475436404,0.000624965693847305,1
2026-08-14 16:00:00+00:00,159.216,159.371,159.199,159.362,1999,159.09359999999998,159.12669999999997,159.25504999999998,159.32568,159.18098229986788,159.24038863618375,-0.05940633631587389,-0.060874829050495974,0.0014684927346220872,47.67556874381814,159.25504999999998,159.59547355969164,158.91462644030833,0.00427519955808821,0.1814285714285749,0.6777573305878847,0.0016026950417014074,0.000772423840893266,0.0006901137504161125,0
2026-08-14 17:00:00+00:00,159.362,159.399,159.342,159.36,1434,159.182,159.1426,159.24885,159.32832,159.2085234845036,159.24924873720718,-0.04072525270359506,-0.0568449137811158,0.01611966107752074,49.033570701934,159.24885,159.57597352405952,158.9217264759405,0.004108331382732322,0.17857142857143263,0.7047825738234064,0.002781308599403509,0.000998737445116582,0.0006822675298543205,0
2026-08-14 18:00:00+00:00,159.36,159.389,159.342,159.377,954,159.2684,159.16299999999998,159.2445,159.32816,159.23444294842614,159.25871179371035,-0.024268845284211693,-0.05032970008173498,0.026060854797523285,51.28468653648541,159.2445,159.56174173083406,158.92725826916592,0.003984335168047497,0.17814285714286118,0.999999999997345,0.002717921293529324,0.0012816243960973583,0.0006753872290139876,0
2026-08-14 19:00:00+00:00,159.377,159.397,159.359,159.361,1121,159.3352,159.1851,159.24099999999999,159.32544,159.25391326405287,159.26628869787993,-0.012375433827060078,-0.0427388468308,0.030363413003739924,55.6298773690078,159.24099999999999,159.55104108385393,158.93095891614604,0.0038939856425662493,0.16564285714285834,0.9999999999976197,0.002100272280807669,0.0013887143395752144,0.0006703106039767658,0
2026-08-14 20:00:00+00:00,159.361,159.366,159.304,159.318,712,159.3556,159.1991,159.23825,159.32193999999998,159.26377276189092,159.27011916470366,-0.006346402812738461,-0.035460358027187694,0.029113955214449233,54.2981501632214,159.23825,159.54431148332003,158.93218851667996,0.003844069918126281,0.16035714285714317,0.9683006627865239,0.0006406391317455018,0.0008795185264296457,0.000681105980522808,0
2026-08-16 21:00:00+00:00,159.295,159.357,159.245,159.313,259,159.3458,159.2197,159.23175,159.31843999999998,159.27134618313846,159.27329552287375,-0.001949339735290323,-0.028758154368808218,0.026808814633517895,56.32054176072209,159.23175,159.524745329572,158.938754670428,0.0036801119069782757,0.16028571428571428,0.9999999999976581,-0.00030747606079239986,0.0012947261905509322,0.000657174244390157,0
2026-08-16 22:00:00+00:00,159.317,159.396,159.148,159.152,1311,159.30419999999998,159.2431,159.21890000000002,159.31477999999998,159.25298523188638,159.26431066932753,-0.011325437441144004,-0.025271610983275374,0.01394617354213137,48.96957801766364,159.21890000000002,159.50152297741252,158.93627702258752,0.0035501184521749747,0.1662857142857145,0.8278538000225387,-0.0013052208835343526,0.0014724574938016488,0.000618963287184921,0
2026-08-16 23:00:00+00:00,159.152,159.248,159.134,159.224,1297,159.27360000000002,159.271,159.21115,159.31222,159.24852596544235,159.2613246938218,-0.012798728379436852,-0.022777034462507673,0.00997830608307082,53.96975425330831,159.21115,159.4836057134335,158.93869428656652,0.0034225707613252877,0.16835714285714484,0.9442244993316058,-0.0009599879530924893,0.001755324168737582,0.0006265089902473249,0
2026-08-17 00:00:00+00:00,159.223,159.246,159.003,159.019,3137,159.20520000000002,159.2702,159.1945,159.3049,159.21321427845123,159.24337471650168,-0.030160438050444327,-0.024253715180095007,-0.00590672287034932,43.51020408163281,159.1945,159.4713777043226,158.9176222956774,0.0034784832933625336,0.17814285714285916,0.6960580250217323,-0.002146070870539085,-5.030592289345659e-05,0.0007624617585584753,1
2026-08-17 01:00:00+00:00,159.019,159.104,158.983,159.057,2185,159.15299999999996,159.2543,159.18435,159.29936,159.18918131253565,159.229569181946,-0.04038786941035255,-0.027480546026146524,-0.012907323384206026,47.90268456375782,159.18435,159.46596061207836,158.90273938792163,0.0035381695760716082,0.17550000000000157,0.8002753552923784,-0.001638232968026343,-0.0009986433524270533,0.0006478634280544708,0
2026-08-17 02:00:00+00:00,159.055,159.066,158.95,159.04,1729,159.0984,159.2221,159.1744,159.2938,159.16623034137635,159.2155270203204,-0.04929667894404588,-0.031843772609726394,-0.017452906334319486,55.980392156862315,159.1744,159.46188155088336,158.88691844911662,0.0036121581219514015,0.14728571428571716,0.9911565380685261,-0.0017136078035062674,-0.0020205569709215165,0.0005415057536387337,0
2026-08-17 03:00:00+00:00,159.039,159.144,159.039,159.093,1217,159.0866,159.1954,159.169,159.28871999999998,159.15496413501074,159.2064509447411,-0.05148680973036335,-0.03577238003385379,-0.01571442969650956,57.07456978967501,159.169,159.45842847492654,158.8795715250735,0.003636744277171106,0.13350000000000403,0.9999999999965817,-0.0003707147883783568,-0.0016754518072290558,0.0005654667462998624,1
2026-08-17 04:00:00+00:00,159.091,159.128,159.048,159.119,1149,159.0656,159.1696,159.1663,159.28252,159.14943119116293,159.19997309698252,-0.05054190581958551,-0.03872628519100013,-0.011815620628585377,54.6464646464654,159.1663,159.45657761665322,158.8760223833468,0.0036474758369480663,0.1275714285714307,0.8767441100843635,-0.0006594483243731464,-0.001618803215018505,0.0005687993484766682,1
2026-08-17 05:00:00+00:00,159.118,159.12,158.976,159.082,1900,159.07819999999998,159.1417,159.16339999999997,159.27562,159.13905716175324,159.19123434905788,-0.05217718730463616,-0.04141646561372734,-0.010760721690908824,42.004773269688535,159.16339999999997,159.45593404658956,158.87086595341037,0.003675895923178247,0.11850000000000145,0.0,0.0003961790729409831,-0.0017507420259661455,0.0005687477458107736,1
2026-08-17 06:00:00+00:00,159.085,159.106,158.935,158.959,2237,159.0586,159.1058,159.15245,159.26984,159.11135605994505,159.1740318046832,-0.06267574473815785,-0.04566832143861345,-0.017007423299544397,25.27607361963149,159.15245,159.4587539254235,158.84614607457647,0.00384918894334986,0.11842857142857253,0.0,-0.0006161313239906319,-0.0022533549253694884,0.0005995087162395927,1
2026-08-17 07:00:00+00:00,158.959,159.0,158.842,158.948,2897,159.0402,159.0693,159.1445,159.26318,159.08622435841505,159.15728870804,-0.07106434962494745,-0.050747527075880254,-0.0203168225490672,24.999999999999133,159.1445,159.46375076761782,158.82524923238216,0.004012086721411433,0.1256428571428582,0.0,-0.0005784708249495507,-0.0022910873563360967,0.0005982668654558859,1
2026-08-17 08:00:00+00:00,158.95,159.149,158.927,159.125,2586,159.04659999999998,159.0666,159.15484999999998,159.25797999999998,159.09218984173583,159.15489695188887,-0.06270711015304187,-0.05313944369131258,-0.00956766646172929,37.19512195121877,159.15484999999998,159.45609672523813,158.85360327476184,0.003785580209942005,0.13814285714285898,0.3802115517417468,0.00020114021358574874,-0.00016964914044426127,0.0006635345319680198,1
2026-08-17 09:00:00+00:00,159.125,159.182,159.066,159.167,2126,159.0562,159.0609,159.16595,159.2541,159.1036990968534,159.15579347397116,-0.05209437711775422,-0.05293043037660091,0.0008360532588466904,40.39603960396062,159.16595,159.4505390666121,158.88136093338792,0.003576004372946414,0.14371428571428776,0.4800076728969609,0.00030166102099693504,-0.00035798623323113343,0.0006512921862731271,1
2026-08-17 10:00:00+00:00,159.168,159.201,159.099,159.186,2294,159.077,159.07760000000002,159.1739,159.24978,159.11636077426058,159.15803099441774,-0.041670220157158155,-0.05067838833271236,0.009008168175554207,43.30628803245404,159.1739,159.45092851837498,158.89687148162503,0.003480828431985097,0.14657142857143007,0.57074149871498,0.0006537508957644711,0.0010501889711291845,0.0004803379698017196,1
2026-08-17 11:00:00+00:00,159.186,159.282,159.155,159.238,1719,159.1328,159.09570000000002,159.175,159.24776,159.13507450129742,159.16395462446087,-0.02888012316344657,-0.04631873529885921,0.01743861213541264,46.369796708616086,159.175,159.45290570152557,158.89709429847446,0.0034918259968657714,0.14764285714285968,0.6662535724930848,0.001755169572027926,0.001137956833085152,0.00048384186179510586,1
2026-08-17 12:00:00+00:00,159.236,159.284,159.192,159.242,2009,159.1916,159.1159,159.169,159.24571999999998,159.1515245780209,159.1697357633897,-0.0182111853687843,-0.040697225312844226,0.022486039944059927,55.13698630137036,159.169,159.43482542746656,158.90317457253346,0.0033401658296094384,0.13650000000000212,0.9395912867700479,0.0018496615245235937,0.0012701207243459578,0.0004789267425208774,1
2026-08-17 13:00:00+00:00,159.239,159.38,159.213,159.262,2231,159.219,159.1328,159.16410000000002,159.24428,159.16852079678694,159.17657015128674,-0.008049354499803485,-0.03416765115023608,0.026118296650432596,52.30582524271924,159.16410000000002,159.41846724382253,158.9097327561775,0.0031962891609667553,0.1402857142857162,0.8513231953441238,0.0008609583660643683,0.0010622717529997772,0.0004734631571130778,1
2026-08-17 14:00:00+00:00,159.263,159.308,159.184,159.286,2457,159.24280000000002,159.14950000000002,159.15955,159.24654,159.1865945203582,159.18467606600623,0.0019184543519656927,-0.026950430049795724,0.028868884401761417,70.76205287713898,159.15955,159.40079979409506,158.91830020590493,0.0030315465719156485,0.1317857142857142,0.9999999999978147,0.0007476424133143755,0.001049528968884994,0.0004733095015300099,1
2026-08-17 15:00:00+00:00,159.285,159.4,159.276,159.34,1908,159.2736,159.1753,159.1585,159.24802000000003,159.21019536338,159.19618154259837,0.014013820781627828,-0.01875757988351101,0.03277140066513884,71.47192716236867,159.1585,159.39621499962277,158.92078500037724,0.0029871480269387713,0.13199999999999892,0.9999999999978482,0.0009674217581947531,0.0016218051068004335,0.0004624045018226699,1
2026-08-17 16:00:00+00:00,159.34,159.393,159.328,159.358,1240,159.2976,159.2152,159.1605,159.25184,159.2329345382446,159.20816809499848,0.024766443246107883,-0.01005277525758723,0.03481921850369511,74.09090909091013,159.1605,159.40445642404973,158.9165435759503,0.003065539804784647,0.12835714285714062,0.999999999997963,0.0007535889674574747,0.0025100812159111197,0.0003288675986030935,1
2026-08-17 17:00:00+00:00,159.358,159.502,159.351,159.488,1451,159.34679999999997,159.2692,159.16924999999998,159.25459999999998,159.27217537851465,159.22889638425787,0.043278994256780834,0.0006135786452863864,0.04266541561149445,76.79782903663589,159.16924999999998,159.44651626001084,158.89198373998912,0.003483917402524191,0.13164285714285434,0.9999999999980694,0.0015448185780133628,0.003397337494023045,0.000351490241083752,0
2026-08-17 18:00:00+00:00,159.485,159.596,159.48,159.591,1667,159.41260000000003,159.31580000000002,159.19119999999998,159.25688,159.32122532028163,159.25571887431286,0.06550644596876509,0.013592152109982132,0.05191429385878296,78.99262899262976,159.19119999999998,159.526210824638,158.85618917536195,0.004208911354874303,0.13421428571428504,0.9999999999981478,0.002065778402883245,0.0029285153181461965,0.00025483276496132603,0
2026-08-17 19:00:00+00:00,159.588,159.591,159.406,159.462,1506,159.4478,159.3453,159.2031,159.25578,159.34288296331522,159.2709989576971,0.07188400561813069,0.02525052281161185,0.046633482806518835,70.97130242825568,159.2031,159.55925720951262,158.8469427904874,0.0044742496787137515,0.13714285714285626,0.8514366365535925,0.0011049307534873876,0.001853399259896804,0.0004321078724070413,0
2026-08-17 20:00:00+00:00,159.461,159.502,159.436,159.437,676,159.4672,159.3704,159.224,159.25436,159.3573625074206,159.28329533120103,0.0740671762195575,0.035013853493200985,0.03905332272635651,79.57920792079288,159.224,159.58370982456398,158.864290175436,0.004518286496558216,0.12964285714285698,0.9999999999981678,0.0006087611397014303,0.0015767718266681552,0.0004454064953651758,1
2026-08-17 21:00:00+00:00,159.419,159.449,159.252,159.41,336,159.4776,159.3876,159.24165,159.25227999999998,159.36546058320206,159.29268086222316,0.07277972097890029,0.04256702699034085,0.030212693988559434,78.03398058252318,159.24165,159.60149925205377,158.88180074794622,0.004519536842952551,0.1324285714285724,0.9635422752899446,0.00032630931613097935,0.0010801441866890027,0.0004520626908193395,1
2026-08-17 22:00:00+00:00,159.418,159.471,159.393,159.411,659,159.4622,159.4045,159.2602,159.25052,159.3724666473248,159.30144524279922,0.07102140452559524,0.04825790249739174,0.022763502028203507,72.06790123456717,159.2602,159.6144877807265,158.9059122192735,0.0044491691047293495,0.1221428571428577,0.8083027225983703,-0.0004827949438201973,0.0010612778035945514,0.0004524859483760144,1
2026-08-17 23:00:00+00:00,159.411,159.421,159.314,159.33,859,159.41000000000003,159.4113,159.27204999999998,159.24743999999998,159.36593331696716,159.30356040999928,0.062372906967880226,0.05108090339148945,0.011292003576390777,61.8631732168856,159.27204999999998,159.6185594970879,158.92554050291207,0.004351165155316428,0.12150000000000157,0.5115906092342496,-0.0016354305693929705,0.0004269693963407928,0.000492105097503034,1
2026-08-18 00:00:00+00:00,159.333,159.52,159.306,159.426,2373,159.40279999999998,159.4253,159.2874,159.24668,159.37517434512606,159.31263000925858,0.06254433586747155,0.05337358988668588,0.009170745980785669,65.70680628272163,159.2874,159.63255924622752,158.94224075377247,0.004333792204876523,0.1295000000000012,0.5822749897763039,-0.00022575911502431545,0.0008789221902740785,0.000522891811528003,1
2026-08-18 01:00:00+00:00,159.427,159.509,159.391,159.502,1919,159.41580000000002,159.4415,159.3084,159.24810000000002,159.39468598433743,159.32665741598018,0.06802856835724924,0.05630458558079856,0.011723982776450682,66.7512690355334,159.3084,159.65204449193217,158.96475550806784,0.004314204297226854,0.128857142857143,0.5296535440165465,0.0004076845399749729,0.0010166938621816168,0.000531971187599421,1
2026-08-18 02:00:00+00:00,159.502,159.541,159.451,159.453,1653,159.4244,159.451,159.3331,159.2497,159.40365737136244,159.33601612590758,0.06764124545486538,0.058571917555611926,0.009069327899253458,62.66506602641092,159.3331,159.64005852624638,159.02614147375363,0.003853041536835423,0.1287142857142872,0.37982970084535866,0.00026974468352047865,0.0005961420198545841,0.0005473578151157851,1
2026-08-18 03:00:00+00:00,159.455,159.567,159.455,159.55,1310,159.4522,159.4572,159.3632,159.25184,159.42617162192207,159.35186678324777,0.07430483867429416,0.06171850177934838,0.01258633689494578,65.824175824176,159.3632,159.62605285055696,159.10034714944305,0.003298789815427318,0.12492857142857312,0.22358291081888865,0.0008719599023907509,0.0003887439807384041,0.0005187017316189915,1
2026-08-18 04:00:00+00:00,159.552,159.747,159.548,159.693,2085,159.5248,159.4674,159.3916,159.25752,159.4672221416264,159.37713591041464,0.09008623121175674,0.06739204766583005,0.022694183545926686,69.77648202138002,159.3916,159.66845557700657,159.11474442299345,0.0034739042334295846,0.1302857142857172,0.4466749437279251,0.0022782903408020694,0.000639133785739876,0.0005559659341811021,0
2026-08-18 05:00:00+00:00,159.693,159.73,159.618,159.66,1534,159.57160000000002,159.4872,159.41625000000002,159.26314,159.4968802736839,159.39808880593947,0.0987914677444337,0.07367193168155078,0.02511953606288292,65.87301587301494,159.41625000000002,159.69667214416967,159.13582785583037,0.0035181124153861147,0.1294285714285743,0.22633973815948383,0.001467765609122873,0.001241675132633624,0.00047818584088689105,1
2026-08-18 06:00:00+00:00,159.662,159.778,159.648,159.716,2067,159.6144,159.51510000000002,159.44275,159.27042,159.53059100080947,159.42163778327728,0.10895321753218923,0.08072818885167848,0.028225028680510744,67.11281070745636,159.44275,159.7316002616886,159.15389973831137,0.0036232473623118372,0.13407142857143128,0.2963212467281586,0.0013416759664455213,0.0017499074869697928,0.0004719429014355157,0
2026-08-18 07:00:00+00:00,159.713,159.759,159.677,159.721,2004,159.668,159.5462,159.4669,159.27964,159.55988469299263,159.4438127622938,0.11607193069883692,0.08779693722111018,0.028274993477726745,62.649294245385,159.4669,159.76430980055656,159.16949019944346,0.003730050569197129,0.12914285714285864,0.04437341886226859,0.0016807460505603444,0.0019509441063922939,0.00045978709515293563,0
2026-08-18 08:00:00+00:00,159.72,159.743,159.63,159.671,1516,159.6922,159.5722,159.48835,159.28828000000001,159.57697935560915,159.46064144656833,0.11633790904082275,0.0935051315850527,0.022832777455770045,54.60829493087438,159.48835,159.77927395460298,159.197426045397,0.003648215742441226,0.12892857142857192,0.0,0.0007583829520525498,0.0016310041339682169,0.00048476175826913596,0
2026-08-18 09:00:00+00:00,159.671,159.694,159.584,159.609,1537,159.6754,159.6001,159.5057,159.29644,159.58190560859236,159.47163096904475,0.11027463954761174,0.09685903317756453,0.013415606370047212,59.176029962547865,159.5057,159.78074112609949,159.2306588739005,0.0034486683058912023,0.12357142857142785,0.18292222769344973,-0.0005260092803066607,0.0017510826586331074,0.0004675012064464778,0
2026-08-18 10:00:00+00:00,159.61,159.713,159.601,159.701,1524,159.6836,159.6276,159.52645,159.307,159.60022782265506,159.48862126763402,0.11160655502104078,0.09980853754625979,0.011798017474780986,65.20737327188793,159.52645,159.7942240406305,159.25867595936953,0.003357111508849911,0.12685714285714159,0.45245541575950826,0.0002567956908430258,0.001724938215849292,0.00046491393335579815,0
2026-08-18 11:00:00+00:00,159.703,159.744,159.688,159.695,1192,159.67940000000002,159.6469,159.5442,159.31810000000002,159.6148081576312,159.5039085811426,0.11089957648857762,0.10202674533472338,0.008872831153854246,66.82408500590282,159.5442,159.80695191419767,159.2814480858023,0.00329378208919759,0.11678571428571363,0.6996601104559139,-0.00013148338300494888,0.0012100161753456629,0.0004558749833122261,0
2026-08-18 12:00:00+00:00,159.695,159.72,159.633,159.667,1903,159.66860000000003,159.6683,159.55964999999998,159.32788,159.62283767184178,159.5159894269839,0.10684824485787203,0.10299104523935311,0.0038571996185189222,64.64530892448522,159.55964999999998,159.81245262738855,159.3068473726114,0.0031687538470857235,0.11742857142856979,0.6617148070270855,-0.0003380895436417841,0.001342088264253416,0.00044385992598462064,0
2026-08-18 13:00:00+00:00,159.664,159.721,159.561,159.579,2570,159.65019999999998,159.6712,159.5642,159.33732,159.61609341463537,159.52065687683697,0.09543653779840611,0.10148014375116374,-0.00604360595275763,64.13166855845603,159.5642,159.8148392668733,159.3135607331267,0.003141547626263195,0.12121428571428387,0.6278518039561837,-0.0005761847799536923,0.00018176120338453394,0.0004574817391776737,1
2026-08-18 14:00:00+00:00,159.578,159.578,159.425,159.551,3232,159.6386,159.65699999999998,159.56220000000002,159.34998,159.606079043153,159.52290451558977,0.08317452756321586,0.09781902051357418,-0.014644492950358315,57.68757687576833,159.56220000000002,159.81257706300246,159.31182293699757,0.0031383004621701907,0.11692857142856942,0.20300922756952883,-0.0003633880294972025,-0.0008892061643279714,0.00033918020001614375,1
2026-08-18 15:00:00+00:00,159.551,159.644,159.49,159.592,2469,159.6168,159.65019999999998,159.5687,159.36292,159.60391303651406,159.52802269962015,0.0758903368939059,0.09343328378964053,-0.01754294689573463,55.78406169665796,159.5687,159.81483825809653,159.32256174190348,0.0030850443488794747,0.1194999999999981,0.07751531272394345,-0.000682525469471007,-0.00042590504822737074,0.0003527135233596011,1
2026-08-18 16:00:00+00:00,159.591,159.635,159.538,159.571,1500,159.592,159.63569999999999,159.5754,159.37380000000002,159.59884949243497,159.53120620335199,0.06764328908298012,0.08827528484830845,-0.02063199576532833,57.86666666666574,159.5754,159.81361122867577,159.33718877132424,0.002985563297046613,0.11999999999999643,0.21481616203227244,-0.0007764801653150633,-0.0009078614540810603,0.0003248333452891426,1
2026-08-18 17:00:00+00:00,159.573,159.637,159.561,159.597,1162,159.57800000000003,159.6233,159.58475,159.38142,159.59856495513728,159.5360798179185,0.062485137218772024,0.08311725532240118,-0.020632118103629152,53.46097201767254,159.58475,159.80995061230607,159.35954938769396,0.002822332488612526,0.11728571428570993,0.0,-0.00043841244590303585,-0.0007763537668810105,0.00033289703020996053,0
2026-08-18 18:00:00+00:00,159.597,159.631,159.562,159.6,1075,159.5822,159.6162,159.5942,159.38618,159.59878573127,159.54081464622084,0.05797108504916082,0.0780880212677531,-0.020116936218592285,41.37291280148329,159.5942,159.8040396380043,159.3843603619957,0.0026296649628156543,0.10799999999999395,0.0,0.00013159626266601165,-0.00044466434105128183,0.00032321956482878446,0
2026-08-18 19:00:00+00:00,159.6,159.648,159.573,159.642,1274,159.6004,159.61950000000002,159.6098,159.39182,159.6054340803054,159.54830985761188,0.05712422269351691,0.07389526155290586,-0.01677103885938895,48.35766423357667,159.6098,159.77948776277532,159.4401122372247,0.002126282506153269,0.10535714285713636,0.2713589408000488,0.000570350546220455,0.00020675525816216123,0.00031165527146447463,0
2026-08-18 20:00:00+00:00,159.637,159.671,159.614,159.614,723,159.6048,159.61079999999998,159.6192,159.39656,159.60675191410456,159.5531757940851,0.05357612001947132,0.06983143324621896,-0.016255313226747642,40.19230769230751,159.6192,159.76519149215991,159.4732085078401,0.0018292472604787885,0.10014285714285011,0.0,0.00013785152137946177,-0.0005447680352658191,0.0002466006261922068,0
2026-08-18 21:00:00+00:00,159.614,159.631,159.556,159.601,225,159.61079999999998,159.6014,159.62415000000001,159.40135999999998,159.6058670042423,159.55671832785657,0.04914867638572673,0.06569488187412051,-0.016546205488393778,38.63636363636364,159.62415000000001,159.75975356304096,159.48854643695907,0.0016990356790115419,0.09964285714284975,0.0,0.00018800408595542883,-0.0005886220608033454,0.0002466569969150222,0
2026-08-18 22:00:00+00:00,159.601,159.64,159.58,159.593,643,159.60999999999999,159.594,159.63115,159.40686000000002,159.6038874651281,159.55940585912643,0.04448160600168194,0.061452226699632795,-0.016970620697950856,41.9753086419753,159.63115,159.7416917758322,159.52060822416777,0.001384964974971584,0.09585714285713363,0.11845388145520767,-2.5063127753188752e-05,-0.0004634645856690378,0.00024324130390004862,0
2026-08-18 23:00:00+00:00,159.593,159.605,159.537,159.554,993,159.6008,159.5915,159.63135,159.41168000000002,159.59621247049304,159.55900542511705,0.037207045375993175,0.05660319043490487,-0.01939614505891169,44.06047516198659,159.63135,159.74128639306406,159.52141360693594,0.0013773784794034588,0.09285714285713352,0.19242816595545129,-0.0002882205513784486,-0.000156662217459691,0.00018483198566598356,0
2026-08-19 00:00:00+00:00,159.554,159.554,159.39,159.461,3056,159.56459999999998,159.5825,159.61975,159.41786,159.57541055195563,159.5517457639973,0.023664787958324496,0.050015509939588795,-0.0263507219812643,24.137931034486343,159.61975,159.74947501278078,159.49002498721924,0.0016254255852520404,0.09657142857142073,0.0,-0.0011337868480724156,-0.0005640829578001938,0.00025540159895105004,0
2026-08-19 01:00:00+00:00,159.459,159.522,159.439,159.449,1936,159.5316,159.5682,159.6092,159.42236,159.5559627747317,159.5441349666642,0.011827808067522483,0.04237796956517554,-0.030550161497653057,23.82978723404611,159.6092,159.75805188680064,159.46034811319933,0.0018652043466248379,0.09849999999999122,0.0,-0.0010337439071760324,-0.0008960348889668346,0.00023050450463864224,0
2026-08-19 02:00:00+00:00,159.449,159.469,159.289,159.361,2439,159.4836,159.5472,159.59145,159.4292,159.52596850169607,159.53056941357795,-0.004600911881880165,0.0329821932757644,-0.03758310515764456,21.132075471700176,159.59145,159.768645075356,159.414254924644,0.002220608627291704,0.10514285714284963,0.0,-0.001503749976503932,-0.001316028601688335,0.0002733476239361973,0
2026-08-19 03:00:00+00:00,159.36,159.439,159.335,159.423,1286,159.4496,159.5298,159.57655,159.43652,159.51012719374285,159.52260130886847,-0.01247411512562735,0.023890931595486047,-0.036365046721113396,34.523809523811266,159.57655,159.75794398816092,159.39515601183908,0.0022734416574480415,0.10114285714284879,0.36455377932475685,-0.001065209626988528,-0.0010902460572567163,0.00030762660944819755,0
2026-08-19 04:00:00+00:00,159.423,159.423,159.23,159.329,1924,159.40460000000002,159.5027,159.55945000000003,159.4423,159.48226147162856,159.5082604711745,-0.025998999545947754,0.013912945367199286,-0.03991194491314704,30.526315789477152,159.55945000000003,159.76607956937698,159.35282043062307,0.0025900010231541598,0.1039285714285642,0.2557328123754613,-0.0014101808792007509,-0.0016979949874685873,0.0003381839586346816,0
2026-08-19 05:00:00+00:00,159.33,159.33,159.203,159.297,2087,159.3718,159.46820000000002,159.54385,159.44638,159.4537597067626,159.4926115473838,-0.038851840621191513,0.0033599881695211232,-0.042211828790712634,23.70766488413571,159.54385,159.77976369963977,159.3079363003602,0.002957352472562005,0.10199999999999372,0.07011346332286131,-0.0010284646402569653,-0.0021610854286465697,0.0003020714921452459,0
2026-08-19 06:00:00+00:00,159.29,159.293,159.113,159.24,2712,159.32999999999998,159.4308,159.52079999999998,159.4488,159.4208735980299,159.4738995809109,-0.053025982880996025,-0.00791720604058231,-0.045108776840413714,22.278056951425114,159.52079999999998,159.78090734624848,159.26069265375148,0.003261108849109374,0.10821428571428068,0.03544759030336169,-0.0013107639433298512,-0.00234315285626574,0.0003048241331177004,0
2026-08-19 07:00:00+00:00,159.238,159.281,159.124,159.167,2579,159.2912,159.3874,159.49439999999998,159.4505,159.3818161214099,159.4511662786212,-0.06935015721128934,-0.02020379627472372,-0.049146360936565624,16.61490683229789,159.49439999999998,159.78540725256613,159.20339274743384,0.0036491218822246583,0.1139999999999962,0.0,-0.0012173618388438001,-0.0027192812075111927,0.0003070922232181247,0
2026-08-19 08:00:00+00:00,159.167,159.182,159.051,159.165,2459,159.2396,159.34459999999999,159.46930000000003,159.45462,159.34845979503916,159.4299687765011,-0.08150898146195118,-0.03246483331216922,-0.04904414814978196,16.174183514775848,159.46930000000003,159.78331247040907,159.155287529591,0.003938218458462408,0.11842857142856847,0.0,-0.0016183361246495664,-0.002681821884418456,0.0003103231053310796,0
2026-08-19 09:00:00+00:00,159.165,159.264,159.065,159.089,2438,159.19160000000002,159.2981,159.44480000000001,159.45744000000002,159.30854290349467,159.40471183009362,-0.09616892659894916,-0.04520565196952521,-0.050963274629423946,9.158050221567194,159.44480000000001,159.79692354290378,159.09267645709625,0.004416870828070514,0.12728571428571303,0.0,-0.0015063171174112266,-0.0029143738170149813,0.00031699667530433995,0
2026-08-19 10:00:00+00:00,159.088,159.11,158.996,159.095,2109,159.1512,159.2615,159.422,159.45684,159.27569014911086,159.38177021304963,-0.10608006393877645,-0.057380534363375466,-0.04869952957540098,10.381679389314343,159.422,159.80303515515905,159.04096484484094,0.004780207940673863,0.13135714285714276,0.03505857171335383,-0.00126807158954656,-0.002295232063012409,0.00031441186830105585,0
2026-08-19 11:00:00+00:00,159.092,159.184,159.085,159.139,2259,159.131,159.2305,159.39935,159.45628,159.2546608954015,159.36378723430522,-0.10912633890370671,-0.06772969527144172,-0.04139664363226499,16.326530612247424,159.39935,159.7915289467949,159.0071710532051,0.0049207094858906225,0.13307142857142853,0.20538631349818048,-0.000634262748053227,-0.0019441953226423392,0.00035115318202696776,0
2026-08-19 12:00:00+00:00,159.14,159.154,158.163,158.592,12884,159.016,159.1536,159.3504,159.4444,159.15271306533975,159.30661780954188,-0.15390474420212286,-0.08496470505757796,-0.0689400391445449,9.142857142858858,159.3504,159.8745532118255,158.8262467881745,0.006578624362731522,0.19957142857142937,0.0,-0.00361255787945991,-0.004825521928200627,0.0010885631453751428,0
2026-08-19 13:00:00+00:00,158.595,158.599,158.318,158.435,9096,158.87,159.05480000000003,159.2923,159.42834,159.0422956706721,159.2420535273536,-0.1997578566814866,-0.1079233353823597,-0.0918345212991269,8.339538346985805,159.2923,159.94355501512857,158.64104498487146,0.008176854940616152,0.21478571428571464,0.0,-0.004586435460057103,-0.0061973491905182865,0.0010525577994391553,0
2026-08-19 14:00:00+00:00,158.439,158.468,158.042,158.345,7845,158.7212,158.95639999999997,159.22955,159.4104,158.93501941364562,159.17560511791999,-0.2405857042743662,-0.13445580916076103,-0.10612989511360518,8.358208955225223,159.22955,159.98885424523723,158.47024575476274,0.009537227797695162,0.23349999999999835,0.0007130467032388266,-0.0046766275481020525,-0.006175900181385696,0.0010526512675520271,0
2026-08-19 15:00:00+00:00,158.343,158.521,158.343,158.452,4725,158.5926,158.87189999999998,159.17005,159.3942,158.86070873462324,159.1220047388148,-0.2612960041915642,-0.15982384816692166,-0.10147215602464252,15.261324041812784,159.17005,159.97819836443597,158.36190163556404,0.010154527996139537,0.24028571428571258,0.26434899211274254,-0.0040416103585907415,-0.005304556896865598,0.0011253148010895075,0
2026-08-19 16:00:00+00:00,158.453,158.5,158.314,158.383,3309,158.44140000000002,158.78619999999998,159.1085,159.37614,158.78721508314277,159.06726364705074,-0.2800485639079682,-0.18386879131513098,-0.09617977259283719,15.46610169491656,159.1085,159.96059722696626,158.25640277303373,0.01071089510574564,0.24071428571428402,0.27216962808615214,-0.004750563972376387,-0.005381813614669717,0.0011242533536834204,0
2026-08-19 17:00:00+00:00,158.384,158.613,158.323,158.592,2880,158.4414,158.7287,159.05805,159.36118,158.7571819934285,159.0320589324544,-0.27487693902588717,-0.20207042085728222,-0.07280651816860495,23.416506717850936,159.05805,159.9068439369255,158.20925606307452,0.010672756731589364,0.2539999999999988,0.6795474651457174,0.0,-0.00361255787945991,0.001269599270922173,0
2026-08-19 18:00:00+00:00,158.59,158.593,158.26,158.318,4268,158.418,158.644,158.9943,159.34038,158.68961553290106,158.9791656781985,-0.28955014529745426,-0.21956636574531666,-0.06998377955213761,20.998278829604644,158.9943,159.8651573150355,158.12344268496452,0.010954572774439003,0.26399999999999785,0.8237009535245599,-0.0007384731908983699,-0.005321521691326492,0.0013316171683544016,0
2026-08-19 19:00:00+00:00,158.32,158.366,158.094,158.146,4052,158.3782,158.5497,158.9239,159.31354000000002,158.6059823739932,158.91744970203567,-0.31146732804245403,-0.23794655820474414,-0.07352076983770989,19.437068507700815,158.9239,159.83113290109816,158.01666709890185,0.011417199063176208,0.2743571428571414,0.736058462660595,-0.0012567495026682973,-0.005927499701425032,0.0013426921991902309,1
2026-08-19 20:00:00+00:00,158.144,158.217,158.053,158.069,1240,158.3016,158.4471,158.8543,159.2831,158.52336970107118,158.85460157595898,-0.3312318748878056,-0.25660362154135646,-0.07462825334644912,19.232790331056464,158.8543,159.80077091872533,157.90782908127466,0.011916214024113154,0.2729285714285713,0.7225094406279067,-0.0024171357887562417,-0.006448977026305092,0.0013254260163766151,1
2026-08-19 21:00:00+00:00,158.069,158.069,157.997,158.052,406,158.23539999999997,158.3384,158.78445000000002,159.2549,158.45085128552174,158.79514960736944,-0.3442983218477025,-0.2741425616026257,-0.0701557602450768,19.815917704385853,158.78445000000002,159.75208639865022,157.81681360134982,0.012188049883350663,0.26685714285714013,0.7611861400134651,-0.002089870756331269,-0.006830506663985658,0.0013010615221302204,1
2026-08-19 22:00:00+00:00,158.125,158.195,158.017,158.195,1060,158.156,158.2987,158.72615,159.23006,158.4114895492876,158.7506940808976,-0.33920453160999386,-0.2871549556040993,-0.05204957600589455,25.60362173038267,158.72615,159.68801053808724,157.76428946191274,0.012119748864156926,0.27021428571428274,0.9999999999942077,-0.002503278853914548,-0.002503278853914548,0.0009601386454577621,1
2026-08-19 23:00:00+00:00,158.195,158.28,158.181,158.261,1612,158.1446,158.28130000000002,158.66805,159.20708000000002,158.38833731093567,158.71442044527558,-0.32608313433991043,-0.29494059135126155,-0.03114254298864888,29.06976744186079,158.66805,159.59232347854973,157.74377652145026,0.011650404458235116,0.263071428571424,0.9999999999951762,-0.0003600348665345754,-0.0010982421813362508,0.000942629605151501,1
2026-08-20 00:00:00+00:00,158.261,158.434,158.16,158.404,3962,158.1962,158.2872,158.62179999999998,159.18694000000002,158.3907469554071,158.69142633821812,-0.3006793828110119,-0.2960883496432116,-0.004591033167800296,33.664302600473036,158.62179999999998,159.49814686715445,157.7454531328455,0.011049513587091652,0.2744999999999952,0.9999999999960514,0.0016314038926055208,0.0003726041239067168,0.0009773184367870553,1
2026-08-20 01:00:00+00:00,158.402,158.563,158.323,158.531,3647,158.2886,158.2951,158.58350000000002,159.17096,158.41232434688297,158.67954290575753,-0.2672185588745606,-0.2903143914894814,0.02309583261492082,36.16924476797102,158.58350000000002,159.40054667134157,157.76645332865846,0.010304308724950046,0.2845714285714231,0.9999999999964068,0.002922774231506553,0.0004985737005529511,0.000987221240421661,0
2026-08-20 02:00:00+00:00,158.527,158.536,158.299,158.439,3604,158.366,158.3007,158.54345,159.15122,158.41642829351636,158.66172491273846,-0.24529661922210266,-0.2813108370360057,0.036014217813903016,45.61101549053312,158.54345,159.30138944348636,157.78551055651366,0.009561283591171381,0.23071428571428093,0.9999999999973169,0.002448561233011848,0.0003535733001647223,0.0009961634781342388,0
2026-08-20 03:00:00+00:00,158.439,158.489,158.371,158.434,1918,158.41379999999998,158.2849,158.50680000000003,159.12985999999998,158.4191316329754,158.64485640068378,-0.22572476770838534,-0.2701936231704816,0.04446885546209628,49.968573224387036,158.50680000000003,159.2064304588422,157.80716954115786,0.008827765860419426,0.21907142857142503,0.9999999999975967,0.0015107936407598999,-0.000996267150928265,0.0008885032391349121,1
2026-08-20 04:00:00+00:00,158.431,158.633,158.415,158.567,1999,158.475,158.3098,158.47690000000003,159.11214,158.44188061251762,158.6390892598924,-0.19720864737476518,-0.2555966280113383,0.058387980636573134,56.793145654834845,158.47690000000003,159.1056095890479,157.84819041095216,0.00793440039586681,0.20421428571428432,0.9999999999975921,0.0019335148899604082,0.0015727838906505198,0.0007207689874272108,0
2026-08-20 05:00:00+00:00,158.57,158.73,158.531,158.635,2498,158.5212,158.3587,158.4542,159.09384,158.4715912875149,158.63878635175217,-0.16719506423726216,-0.23791631525652307,0.07072125101926091,55.736677115987135,158.4542,159.01943552612363,157.88896447387634,0.007134371018548498,0.20571428571428335,0.974436387466527,0.0014582965076639365,0.003092079470868647,0.0005747034079250026,0
2026-08-20 06:00:00+00:00,158.636,158.657,158.357,158.365,3270,158.488,158.38830000000002,158.41770000000002,159.06727999999998,158.45519262789722,158.61850588125202,-0.16331325335480074,-0.22299570287617865,0.05968244952137791,49.49888641425388,158.41770000000002,158.8963538580036,157.93904614199644,0.006042934066124964,0.2138571428571408,0.805798981990893,-0.0010471138137020386,0.00187259994053246,0.0008323650592780732,1
2026-08-20 07:00:00+00:00,158.363,158.543,158.319,158.437,3716,158.4876,158.42680000000001,158.3826,159.04282,158.45239376206686,158.60506100115927,-0.1526672390924091,-0.20893001011942472,0.05626277102701563,45.328511151295984,158.3826,158.72093300318593,158.04426699681406,0.004272350664605042,0.20914285714285694,0.6947676771217761,-1.26231546524469e-05,0.0024359071697923618,0.0008292090025034697,1
2026-08-20 08:00:00+00:00,158.439,158.534,158.371,158.492,3096,158.4992,158.4565,158.37759999999997,159.01834,158.4584870294412,158.5966861121845,-0.13819908274331283,-0.19478382464420235,0.056584741900889524,56.04166666666592,158.37759999999997,158.70570421963077,158.04949578036917,0.00414331596931387,0.19699999999999868,0.9799927614691337,0.00036608303773166817,0.0018774297544170704,0.000797970489729465,1
2026-08-20 09:00:00+00:00,158.492,158.492,158.198,158.337,3616,158.45319999999998,158.4641,158.37269999999998,158.99066000000002,158.43979671721948,158.57745010387453,-0.137653386655046,-0.1833577370463711,0.04570435039132509,56.71117357695031,158.37269999999998,158.70012124805265,158.0452787519473,0.0041348192971727175,0.1985714285714246,0.9978175904546774,-0.0014504909596575466,0.0004802193844344327,0.0008719547638992801,1
2026-08-20 10:00:00+00:00,158.339,158.521,158.236,158.47,2807,158.4202,158.4707,158.37895,158.96663999999998,158.4444433761088,158.56949083692086,-0.12504746081205553,-0.171695681799508,0.04664822098745247,63.55645706558535,158.37895,158.7089072380469,158.04899276195312,0.004166680459074736,0.20721428571428038,0.9999999999977137,-0.0010401235540705711,0.00041665614504693416,0.0008652307731987592,1
2026-08-20 11:00:00+00:00,158.471,158.71,158.471,158.658,3316,158.4788,158.48340000000002,158.38925,158.94762,158.47729824132284,158.57604707122303,-0.09874882990018818,-0.15710631141964404,0.058357481519455856,68.36363636363646,158.38925,158.74095314933953,158.03754685066048,0.004440997723513786,0.21921428571428286,0.9999999999976613,0.0018501562845323338,0.0008011051466274566,0.000910136686565207,1
2026-08-20 12:00:00+00:00,158.656,158.798,158.595,158.639,4119,158.5192,158.5034,158.40205,158.92638,158.50217543496547,158.58071025113244,-0.07853481616697877,-0.141392012369111,0.06285719620213223,64.54783748361828,158.40205,158.77100612346842,158.03309387653158,0.004658476622852065,0.22099999999999756,0.9028907311798495,0.0012749547138610762,0.0012623154652580126,0.0008842684467092291,1
2026-08-20 13:00:00+00:00,158.638,158.832,158.537,158.82,4750,158.5848,158.542,158.41344999999998,158.90887999999998,158.55107152189385,158.59843541771522,-0.0473638958213769,-0.12258638905956418,0.07522249323818728,67.03229737964716,158.41344999999998,158.81935715815916,158.0075428418408,0.005124655238039206,0.2349999999999974,0.9616321456437068,0.0020695050854302455,0.0024363457338703043,0.000937135511705592,1
2026-08-20 14:00:00+00:00,158.821,158.892,158.706,158.724,4105,158.6622,158.5577,158.43375,158.89002,158.57767590314094,158.60773649788447,-0.03006059474353151,-0.10408123019635766,0.07402063545282615,60.03764115432891,158.43375,158.85967357850805,158.00782642149196,0.005376677362090435,0.22871428571428357,0.7413836759535882,0.002444153924856529,0.0009901177420268414,0.0009463457148708083,1
2026-08-20 15:00:00+00:00,158.724,158.976,158.494,158.853,6811,158.7388,158.5795,158.4691,158.87550000000002,158.62003345650388,158.62590416470783,-0.00587070820395752,-0.08443912579787764,0.07856841759392012,60.087719298246036,158.4691,158.91150486338896,158.02669513661104,0.005583484267771551,0.24599999999999916,0.6407261957915954,0.00241686123556506,0.0013742238471965429,0.000968717809376099,1
2026-08-20 16:00:00+00:00,158.852,159.097,158.837,158.996,3055,158.8064,158.6426,158.51545000000002,158.86440000000002,158.6778744631956,158.65331867102577,0.024555792169820734,-0.06264014220433797,0.0871959343741587,66.90953248330415,158.51545000000002,158.97525704190116,158.05564295809887,0.005801416100463942,0.24764285714285808,0.9368744963605842,0.0021303684655045174,0.003984466264641773,0.000742750116978256,1
2026-08-20 17:00:00+00:00,158.996,159.098,158.966,159.049,1765,158.8884,158.7038,158.5653,158.85354,158.73497069962707,158.68262839909795,0.05234230052911926,-0.03964365365764652,0.09198595418676578,68.14159292035492,158.5653,159.02970594763957,158.10089405236045,0.005857598700845173,0.24864285714285878,0.9903606582845221,0.002584484269315901,0.003862734083578845,0.0007427124299587902,0
2026-08-20 18:00:00+00:00,159.046,159.173,159.032,159.138,1867,158.952,158.76839999999999,158.61245000000002,158.84488,158.79697520737673,158.71635962879438,0.08061557858235346,-0.015591807209646518,0.09620738579199999,67.29254996971605,158.61245000000002,159.10893171641,158.11596828359004,0.006260312055074975,0.24314285714285688,0.9535020372521373,0.0020022667170382924,0.00407591550362163,0.0007445180760000765,0
2026-08-20 19:00:00+00:00,159.14,159.181,159.103,159.114,1522,159.03,158.8461,158.6551,158.83522,158.8457482523957,158.7458144711059,0.09993378128982044,0.007513310490246881,0.09242047079957356,64.9035469819549,158.6551,159.17064810893282,158.13955189106719,0.006498979344916351,0.2345000000000011,0.8497907282955476,0.002457095335299142,0.004907254779363157,0.0006067407051202355,0
2026-08-20 20:00:00+00:00,159.11,159.138,159.049,159.05,647,159.06940000000003,158.9041,158.6874,158.82422,158.87717159818098,158.76834673250545,0.10882486567552974,0.02777562152730346,0.08104924414822627,74.44682369735992,158.6874,159.21745080192775,158.15734919807224,0.006680439681131045,0.2194285714285716,0.9999999999965657,0.001240140255456268,0.003659998737931547,0.000652517660714527,0
2026-08-20 21:00:00+00:00,159.05,159.071,158.972,159.042,560,159.0786,158.9425,158.71295,158.81222,158.90252981384543,158.78861734491244,0.11391246893299467,0.04500299100844171,0.06890947792455296,72.6252804786839,158.71295,159.26024092618778,158.16565907381224,0.006896613366304013,0.21049999999999816,0.9010308243646955,0.0002893154544767462,0.0024203002685021513,0.0005942699202283895,0
2026-08-20 22:00:00+00:00,159.048,159.07,158.937,158.955,993,159.0598,158.97410000000002,158.73875,158.79904,158.9106021501769,158.80094198603004,0.10966016414687374,0.05793442563612813,0.05172573851074561,66.91015339664105,158.73875,159.28028422401752,158.1972157759825,0.006822961929806184,0.20835714285714094,0.5750553123449691,-0.0005910128325232744,0.0019919439734239486,0.0006369882070033256,1
2026-08-20 23:00:00+00:00,158.957,158.957,158.869,158.894,1610,159.01100000000002,158.9815,158.76175,158.78490000000002,158.9080479732266,158.80783517225,0.10021280097657836,0.06639010070421818,0.03382270027236019,71.84313725490298,158.76175,159.2876340676655,158.23586593233452,0.006624820747635838,0.19364285714285603,0.819303667313304,-0.0015332604406238515,0.0004659362800656375,0.0005649230247301063,1
2026-08-21 00:00:00+00:00,158.891,159.127,158.866,159.091,3534,159.0064,159.0182,158.78795,158.77486,158.93619443888403,158.82881034467593,0.10738409420810058,0.07458889940499466,0.032795194803105915,73.1889469753556,158.78795,159.32507312613075,158.25082687386924,0.006765288249275231,0.19192857142857025,0.9127031170339394,-0.00014455044810635087,0.002312189712960988,0.0006264125509193759,0
2026-08-21 01:00:00+00:00,159.091,159.131,158.905,158.945,3003,158.9854,159.0274,158.80345,158.76268,158.93754914059417,158.83741698581105,0.10013215478312532,0.0796975504806208,0.020434604302504517,61.06399383192008,158.80345,159.3398801004087,158.2670198995913,0.006755899829741658,0.19092857142856953,0.07122907038751077,-0.0006601697579379229,0.000579151794426247,0.0006842480978422424,0
2026-08-21 02:00:00+00:00,158.945,159.022,158.874,158.966,2402,158.9702,159.0244,158.8335,158.75278,158.9419261958874,158.84694165352875,0.09498454235864529,0.08275494885622571,0.012229593502419575,62.586605080831,158.8335,159.33254561545888,158.3344543845411,0.006283883632343264,0.1869999999999976,0.17689857969890213,-0.0004778611938984767,-0.00018868399205007602,0.0006192398307497397,0
2026-08-21 03:00:00+00:00,158.966,159.086,158.934,158.997,1587,158.9786,159.0192,158.8615,158.74374,158.9503990888278,158.8580570866007,0.09234200222709887,0.08467235953040035,0.007669642696698523,57.70234986945222,158.8615,159.3287001712254,158.39429982877462,0.005881855216341101,0.17678571428571388,0.0,0.00026422572426154645,-0.00032694326905535753,0.0006120046794503589,0
2026-08-21 04:00:00+00:00,159.0,159.063,158.951,159.0,1306,158.9998,159.0054,158.88690000000003,158.73652,158.9580299982389,158.86857137648212,0.08945862175679054,0.0856296119756784,0.0038290097811121415,63.06818181818182,158.88690000000003,159.32376919636192,158.45003080363813,0.005499121656497762,0.1714999999999987,0.3204539004238177,0.0006671114076051143,-0.0008671718885495672,0.0005767497702863247,0
2026-08-21 05:00:00+00:00,159.003,159.03,158.811,158.834,2060,158.94840000000002,158.9774,158.91175,158.72474,158.93894846004832,158.86601053377973,0.07293792626859386,0.0830912748342615,-0.010153348565667644,49.13083257090553,158.91175,159.265561650746,158.55793834925402,0.00445293253325819,0.15271428571428405,0.0,-0.0016154276483271168,-0.001759744585642986,0.000652049502018991,0
2026-08-21 06:00:00+00:00,158.833,158.984,158.791,158.889,2679,158.93720000000002,158.9613,158.9327,158.71594000000002,158.93126408157934,158.86771345720345,0.06355062437589254,0.07918314474258771,-0.01563252036669517,44.676616915423054,158.9327,159.21968586063366,158.64571413936636,0.0036114136440600236,0.14792857142856924,0.0,-0.00035232313064259557,-0.0010122602955046078,0.0006659968828735647,0
2026-08-21 07:00:00+00:00,158.892,158.932,158.732,158.819,3354,158.9078,158.93900000000002,158.94075,158.70638,158.9139926844133,158.86410505296615,0.049887631447148806,0.07332404208349994,-0.02343641063635113,38.74755381604661,158.94075,159.20328250424015,158.67821749575987,0.0033035266819886203,0.15278571428571094,0.0,-0.0009247260420468528,-0.001402145345254846,0.000674076275786159,0
2026-08-21 08:00:00+00:00,158.819,158.871,158.509,158.525,3875,158.8134,158.89600000000002,158.93505,158.69208,158.85414765604204,158.83898616015384,0.01516149588820781,0.06169153284444151,-0.0465300369562337,25.020374898126192,158.93505,159.22831867507898,158.641781324921,0.0036904216543675074,0.1685714285714275,0.0,-0.0029686094706189436,-0.002705168129344848,0.0008616190649510954,1
2026-08-21 09:00:00+00:00,158.524,158.606,158.353,158.601,4260,158.7336,158.86669999999998,158.9241,158.68076,158.8152018628048,158.821357555698,-0.006155692893202058,0.0481220876969128,-0.05427778059011486,29.94526974198611,158.9241,159.24999497822952,158.5982050217705,0.004101265676250654,0.1810714285714263,0.0996408798021173,-0.002509433962264107,-0.0018439966266819985,0.0008917245128479142,1
2026-08-21 10:00:00+00:00,158.603,158.732,158.522,158.697,2424,158.7062,158.8273,158.92275,158.6714,158.79701696083487,158.81214588490556,-0.015128924070694438,0.03547188534339135,-0.05060080941408579,36.53699466056449,158.92275,159.25233786065,158.59316213935003,0.0041477744457603435,0.18971428571428411,0.23908991414463382,-0.0008625357291259794,-0.002476570013388635,0.000796643107136361,1
2026-08-21 11:00:00+00:00,158.698,158.767,158.551,158.686,4136,158.66559999999998,158.8014,158.9144,158.66333999999998,158.77993742839874,158.80280174528292,-0.022864316884181335,0.02380464489787681,-0.04666896178205815,36.453576864536196,158.9144,159.25952386791357,158.56927613208643,0.0043435191261908465,0.1980714285714283,0.23735812529495867,-0.0012776214841807576,-0.0016294944792223376,0.000761766818405981,1
2026-08-21 12:00:00+00:00,158.683,158.843,158.62,158.749,3339,158.6516,158.7797,158.90204999999997,158.65642,158.7751778240297,158.7988164308175,-0.023638606787812932,0.014315994560738862,-0.037954601348551796,42.01550387596845,158.90204999999997,159.25251523965093,158.55158476034902,0.004411085189284323,0.20449999999999996,0.3528260906418073,-0.00044075331037218834,-0.0013650717763548093,0.000777602788724664,1
2026-08-21 13:00:00+00:00,158.747,158.894,158.719,158.772,3451,158.701,158.75719999999998,158.8882,158.64908000000003,158.77468892802514,158.79683002853474,-0.022141100509600165,0.007024575546671055,-0.02916567605627122,45.127795527156024,158.8882,159.2360975045574,158.54030249544263,0.0043791484145126,0.21071428571428694,0.41743858623729907,0.0015581138621667545,-0.001415121040019729,0.0007753880029465423,1
2026-08-21 14:00:00+00:00,158.769,159.007,158.766,158.953,3561,158.7714,158.7525,158.87895,158.6563,158.80212140063668,158.8083981745692,-0.006276773932512469,0.00436430565083435,-0.01064107958334682,44.41747572815521,158.87895,159.20822126873458,158.54967873126543,0.0041449325884212185,0.2092857142857168,0.5098086433926236,0.0022194059306057667,-0.00029559748427676613,0.0008756896164535116,1
2026-08-21 15:00:00+00:00,158.954,159.038,158.898,158.913,3141,158.8146,158.7604,158.8689,158.66586,158.81917964669256,158.81614645793442,0.0030331887581382944,0.004098082272295139,-0.0010648935141568446,48.584070796460956,158.8689,159.17971685247502,158.55808314752497,0.003912872216966673,0.2031428571428608,0.6193181107069805,0.0013610843305167375,0.0004973746175251925,0.0008068006792312606,1
2026-08-21 16:00:00+00:00,158.913,158.98,158.821,158.962,2554,158.8698,158.7677,158.86450000000002,158.6782,158.84115200873987,158.82695042401332,0.014201584726549754,0.0061187827631460625,0.00808280196340369,49.82728842832386,158.86450000000002,159.16689987467515,158.5621001253249,0.0038070163526166224,0.20392857142857476,0.6519932563328987,0.0017392838687722012,0.00045944023815347457,0.0008053410399524866,0
2026-08-21 17:00:00+00:00,158.964,159.043,158.96,159.014,1666,158.9228,158.7872,158.86309999999997,158.68944,158.8677440073953,158.84080594816047,0.02693805923482273,0.010282638057481398,0.016655421177341333,50.72094995759103,158.86309999999997,159.16228197242575,158.5639180275742,0.0037665382637726568,0.19900000000000212,0.675481115466082,0.0016693018538700422,0.001227812793179739,0.0007902303685727693,0
2026-08-21 18:00:00+00:00,159.014,159.05,158.98,159.018,1200,158.972,158.8365,158.86624999999998,158.70213999999999,158.89086031394984,158.8539314334819,0.03692888046793996,0.015611886539573114,0.021316993928366848,50.76271186440682,158.86624999999998,159.17078476163752,158.56171523836244,0.003833850948675895,0.19600000000000403,0.9999999999961154,0.0015493915803794778,0.0031099195710455607,0.00039163326340937635,0
2026-08-21 19:00:00+00:00,159.017,159.039,158.957,158.996,1210,158.9806,158.876,158.87135,158.71022000000002,158.90703565026527,158.86445503100177,0.04258061926350365,0.021005633084359224,0.021574986179144426,57.81853281853332,158.87135,159.18121127625008,158.56148872374993,0.0039007823153775047,0.18621428571428972,0.999999999996951,0.00027052021666795767,0.002490526541446769,0.000410326938098299,0
2026-08-21 20:00:00+00:00,158.997,159.012,158.964,158.976,847,158.99319999999997,158.9039,158.8656,158.72338,158.91764555022445,158.87271762129794,0.044927928926512095,0.0257900922527898,0.019137836673722295,54.345654345653905,158.8656,159.16228725336418,158.56891274663582,0.003735072329871078,0.17585714285714613,0.8941136120694146,0.000396443336920127,0.0017580672602506286,0.00040485506468292587,0
2026-08-23 21:00:00+00:00,158.992,158.995,158.431,158.831,832,158.96699999999998,158.9184,158.8599,158.73708,158.90431546557454,158.8696274271277,0.03468803844683066,0.027569681491597973,0.007118356955232687,50.5576208178439,158.8599,159.15453761862463,158.5652623813754,0.0037094020407241824,0.20185714285714645,0.7786182986743435,-0.0008240963249078748,0.0009137542064201476,0.0005299330373345683,1
2026-08-23 22:00:00+00:00,158.862,158.962,158.86,158.958,922,158.9558,158.9393,158.8595,158.75486,158.9125746247169,158.87617354363675,0.03640108108015738,0.029335961409309858,0.007065119670847525,73.81738173817364,158.8595,159.15355226888275,158.56544773111725,0.0037020419790160662,0.1853571428571448,0.9999999999977206,-0.00035217024916056605,0.0013165437262596669,0.0005695359223048761,0
2026-08-23 23:00:00+00:00,158.961,159.001,158.868,158.877,1143,158.9276,158.9498,158.8535,158.77136000000002,158.9071016055297,158.8762347626266,0.030866842903094494,0.029642137708066785,0.0012247051950277088,65.09846827133558,158.8535,159.14055290176904,158.56644709823095,0.003614058258320332,0.17678571428571793,0.7666481372440075,-0.0008866920725955074,0.0006613256745522378,0.0006043904851598757,0
2026-08-24 00:00:00+00:00,158.876,158.884,158.701,158.726,3622,158.8736,158.92710000000002,158.8398,158.78198,158.87923982006362,158.86510626169132,0.014133558372293464,0.02654042184091212,-0.012406863468618655,51.49638802889559,158.8398,159.12354829467293,158.55605170532706,0.003572760664177774,0.17485714285714543,0.40260383585647075,-0.0016981559284511283,-0.001428095097292914,0.0005508982989248218,1
2026-08-24 01:00:00+00:00,158.727,158.948,158.716,158.839,2450,158.8462,158.9197,158.84005,158.79354,158.87304907851535,158.863172464529,0.009876613986364191,0.023207660270002532,-0.013331046283638341,57.14285714285676,158.84005,159.12378558853882,158.55631441146116,0.0035725950544441653,0.17600000000000193,0.4756748432399581,-0.0008617652979066026,-0.0004656636020968774,0.0006107539141100308,1
2026-08-24 02:00:00+00:00,158.84,158.916,158.805,158.875,1872,158.85500000000002,158.911,158.83935,158.80296,158.8733492202822,158.86404857826756,0.00930064201463665,0.020426256618929356,-0.011125614604292705,56.03448275862086,158.83935,159.12264584683695,158.55605415316305,0.00356707386220039,0.16800000000000231,0.3951375567822387,0.0002770240066487517,-0.0005473006127250102,0.0006060091414126765,1
2026-08-24 03:00:00+00:00,158.876,158.969,158.876,158.93,1460,158.8494,158.90259999999998,158.8449,158.81094,158.88206472485416,158.86893386876625,0.01313085608791198,0.01896717651272588,-0.005836320424813902,57.342007434944804,158.8449,159.1308539160393,158.55894608396068,0.0036004167088690706,0.16221428571428678,0.439611327408374,-0.00017614715836877792,-0.0005282553737406825,0.0006073716242464731,1
2026-08-24 04:00:00+00:00,158.93,158.962,158.812,158.857,2778,158.84539999999998,158.8865,158.8615,158.8193,158.87820861333816,158.86804987848726,0.010158734850904239,0.017205488180361554,-0.007046753329457315,45.041322314049495,158.8615,159.10459625555876,158.61840374444125,0.003060480425512212,0.15571428571428417,0.0,-0.0001258835451324325,-0.001012463997786428,0.000619671751064833,1
2026-08-24 05:00:00+00:00,158.854,158.974,158.854,158.903,1755,158.8808,158.8772,158.8766,158.82868,158.88202267282458,158.8706387763771,0.011383896447483721,0.016041169833785986,-0.0046572733863022645,49.486652977411744,158.8766,159.086866397429,158.666333602571,0.0026469146171178804,0.15428571428570997,0.15448017387745938,0.0011151292163853466,-0.0005849203753555132,0.0006314777833436891,1
2026-08-24 06:00:00+00:00,158.902,159.032,158.855,159.028,2566,158.91860000000003,158.8824,158.89315000000002,158.83790000000002,158.90448072315925,158.88229516331214,0.022185559847116565,0.017270047836452102,0.004915512010664463,53.14285714285714,158.89315000000002,159.0958655382963,158.69043446170375,0.0025515956892575246,0.15557142857142633,0.2815373261978895,0.0011898840964750246,0.0003270933977455037,0.0006843528977097558,1
2026-08-24 07:00:00+00:00,159.028,159.186,158.98,159.16,2943,158.97560000000001,158.9153,158.91685,158.8484,158.94379138113473,158.90286589195568,0.04092548917904537,0.02200113610497076,0.018924353074074612,56.460176991149716,158.91685,159.12824065854346,158.70545934145656,0.0026603932628094583,0.16435714285714198,0.39681787241124644,0.0017938630999212446,0.0020713840497132985,0.0006371751993944456,0
2026-08-24 08:00:00+00:00,159.159,159.279,159.142,159.189,2355,159.0274,158.9384,158.93885,158.86488,158.9815157840371,158.92406101107008,0.05745477296702006,0.029091863477380624,0.02836290948963944,57.40259740259688,158.93885,159.16756289746502,158.710137102535,0.002877998644950758,0.16914285714285476,0.4295680275855099,0.0016296482728244133,0.001453214056543306,0.0006023492389735471,0
2026-08-24 09:00:00+00:00,159.192,159.232,159.145,159.202,1860,159.0964,158.9709,158.96035,158.88018,159.0154364326468,158.94464908432417,0.07078734832262512,0.03743096044642953,0.03335638787619559,58.98778359511261,158.96035,159.2034157480764,158.71728425192362,0.003058193418376215,0.1694999999999973,0.48465500697857067,0.002171764542953758,0.002045607608401445,0.0005583265131862402,0
2026-08-24 10:00:00+00:00,159.2,159.211,159.119,159.202,2131,159.15619999999998,159.01850000000002,158.97279999999998,158.89438,159.04413851993192,158.96371211511496,0.0804264048169614,0.04603004932053591,0.03439635549642549,60.035523978685276,158.97279999999998,159.23871458856985,158.7068854114301,0.003345409888608248,0.17264285714285524,0.5210651480658754,0.0018816510701498146,0.002998878570618535,0.0003976570371454396,0
2026-08-24 11:00:00+00:00,159.203,159.23,158.993,159.063,3243,159.1632,159.0409,158.9803,158.9089,159.04704028609623,158.97106677325462,0.07597351284161391,0.05201874202475151,0.023954770816862397,60.35714285714252,158.9803,159.2475708856367,158.7130291143633,0.003362314521191506,0.1492857142857125,0.532241761017491,0.00022008702869924512,0.0014102330032295107,0.000513921437518048,1
2026-08-24 12:00:00+00:00,159.061,159.12,158.882,159.044,3780,159.14000000000001,159.0578,158.9844,158.92038,159.04657254977374,158.97646923449503,0.07010331527871472,0.05563565667554416,0.014467658603170556,54.24901185770814,158.9844,159.25300136769957,158.71579863230042,0.0033789650770713886,0.15692857142856959,0.45907276953667964,-0.0007288263382758675,0.0010637293469708542,0.0005191440123279367,1
2026-08-24 13:00:00+00:00,159.042,159.161,159.014,159.106,3305,159.1234,159.0754,158.989,158.92934,159.05571523442393,158.9860641060139,0.06965112841001542,0.058438751022438416,0.011212377387577,61.530715005034544,158.989,159.26283590936254,158.71516409063747,0.003444715160954934,0.15792857142856828,0.9999999999939356,-0.0005213928098046772,0.001107405776127779,0.0005215613299388842,1
2026-08-24 14:00:00+00:00,159.104,159.2,159.069,159.196,3286,159.1222,159.1093,158.99790000000002,158.94048,159.07729750605102,159.00161491297587,0.07568259307515746,0.06188751943298223,0.013795073642175228,75.21459227467838,158.99790000000002,159.28685739987176,158.70894260012827,0.0036347322810143788,0.1542142857142831,0.9999999999966859,-3.7687968744148925e-05,0.002133994724815347,0.0004972167480992043,0
2026-08-24 15:00:00+00:00,159.195,159.195,159.063,159.175,2822,159.1168,159.1365,159.00685000000001,158.94758,159.09232865896627,159.01445825275542,0.07787040621084884,0.06508409678855556,0.01278630942229328,70.00000000000135,159.00685000000001,159.30645203427324,158.7072479657268,0.003768416697434366,0.14714285714285527,0.827178417136627,-0.0001695958593483926,0.001711736090571181,0.0005077855991112773,0
2026-08-24 16:00:00+00:00,159.175,159.193,159.001,159.072,2858,159.11860000000001,159.14090000000002,159.01164999999997,158.95454,159.08920117297146,159.01872060440317,0.07048056856828566,0.06616339114450158,0.004317177423784083,60.85997794928372,159.01164999999997,159.31224539162628,158.71105460837367,0.0037807970878398216,0.1529285714285708,0.5242605675759545,5.6581354557661e-05,0.000276680836079235,0.0005170170203196814,0
2026-08-24 17:00:00+00:00,159.07,159.191,158.982,159.155,2694,159.14079999999998,159.1404,159.02785,158.96058000000002,159.09932406943742,159.0288153744474,0.07050869499002488,0.06703245191360624,0.003476243076418639,62.03208556149736,159.02785,159.3223127757614,158.7333872242386,0.0037032856290440787,0.16114285714285717,0.5631064604387156,0.000697920072432634,-3.1414928373885154e-05,0.00047101154097710786,0
2026-08-24 18:00:00+00:00,159.154,159.213,159.132,159.176,1543,159.15479999999997,159.13909999999998,159.03875,158.96418,159.11112036644704,159.03971793930313,0.07140242714390865,0.06790644695966673,0.003495980184241923,68.0634201585507,159.03875,159.33841920357668,158.7390807964233,0.0037685055192735626,0.15621428571428655,0.7220464478878946,0.00043995826681575423,-8.166393406583428e-05,0.00046907938477985437,0
2026-08-24 19:00:00+00:00,159.179,159.215,159.122,159.159,1362,159.1474,159.13479999999998,159.05285,158.96638,159.11848646391672,159.0485536475029,0.0699328164138251,0.0683117208504984,0.0016210955633266938,64.98829039812725,159.05285,159.34696009394747,158.75873990605254,0.003698268769751269,0.15428571428571608,0.536678842169443,-0.00023241789994732365,-0.00027009710933278974,0.0004688595711165023,1
2026-08-24 20:00:00+00:00,159.158,159.175,159.077,159.091,678,159.13060000000002,159.12369999999999,159.0711,158.96544,159.11425777716033,159.05169782176193,0.06255995539839887,0.0671613677600785,-0.00460141236167963,53.95232120451828,159.0711,159.32192675924088,158.82027324075912,0.003153643361250157,0.14864285714285838,0.0,-0.0005277210617244954,-0.0006972274217660335,0.00048531213950872207,1
2026-08-24 21:00:00+00:00,159.092,159.097,158.996,159.068,541,159.1298,159.1242,159.08255000000003,158.96452000000002,159.10714119605873,159.0529053905203,0.05423580553843976,0.06457625531575076,-0.010340449777310995,43.31395348837255,159.08255000000003,159.30843257311162,158.85666742688844,0.002839815845441131,0.14114285714285707,0.0,-2.514584590618263e-05,3.143408586558927e-05,0.0003981529731036814,1
2026-08-24 22:00:00+00:00,159.071,159.119,159.059,159.102,523,159.1192,159.13,159.09390000000002,158.96556,159.10635024281893,159.05654202825954,0.04980821455939122,0.06162264716447885,-0.011814432605087632,43.722943722943846,159.09390000000002,159.29759419802542,158.89020580197462,0.002560678920127079,0.1356428571428572,0.012820753756993293,-0.00033300870220853707,0.00036467895676661755,0.0004006809160663972,1
2026-08-24 23:00:00+00:00,159.101,159.155,159.053,159.134,768,159.1108,159.1328,159.1041,158.9674,159.11060405161604,159.06227965579586,0.048324395820174004,0.05896299689561788,-0.010638601075443878,45.224719101122105,159.1041,159.29314068065048,158.9150593193495,0.0023763143834821697,0.13671428571428684,0.059897409125356224,-0.0002638588731970204,0.0001759833067263017,0.0003863820770677744,1
2026-08-25 00:00:00+00:00,159.134,159.19,159.09,159.187,2725,159.1164,159.1319,159.1206,158.97204,159.12235727444434,159.07151819981098,0.050839074633358905,0.057338212443166094,-0.006499137809807189,49.019607843138054,159.1206,159.27285795284314,158.96834204715685,0.0019137428195110323,0.13728571428571407,0.17885705653006922,0.00017592470422678197,-5.653408377082059e-05,0.000355493254748435,1
2026-08-25 01:00:00+00:00,159.185,159.306,159.123,159.263,1917,159.15079999999998,159.1407,159.1386,158.97942,159.14399461683752,159.08570203686202,0.0582925799755003,0.05752908594963294,0.0007634940258673603,64.24501424501722,159.1386,159.2655602506954,159.0116397493046,0.0015955934097119139,0.1334285714285731,0.6561329663895085,0.0010811422393472991,0.0005528506360923391,0.0003826232212603864,1
2026-08-25 02:00:00+00:00,159.263,159.394,159.247,159.358,1907,159.2088,159.1693,159.1551,158.98476,159.17691852193943,159.10587225635373,0.07104626558569294,0.06023252187684495,0.010813743708847988,70.1799485861195,159.1551,159.3052043847104,159.0049956152896,0.0018862654694747813,0.12692857142857253,0.8421773393827978,0.0018231196720899234,0.001797927982297276,0.00032700834109278964,1
2026-08-25 03:00:00+00:00,159.357,159.393,159.316,159.328,1415,159.254,159.1866,159.1635,158.99242,159.20016182625645,159.1223261632905,0.07783566296595268,0.0637531500946665,0.014082512871286174,64.87935656836612,159.1635,159.33238675743118,158.99461324256882,0.002122179487522974,0.12192857142857301,0.6760179074904128,0.0014204724013526793,0.0010869906694732645,0.00032151798514053735,1
2026-08-25 04:00:00+00:00,159.329,159.369,159.211,159.3,1616,159.2872,159.199,159.16905000000003,158.9991,159.2155215452939,159.13548718823193,0.08003435706197592,0.06700939148812839,0.013024965573847538,57.602339181288194,159.16905000000003,159.34843429783376,158.9896657021663,0.0022540097818481066,0.12385714285714348,0.5318390642474555,0.0010431460278761406,0.0007790119113435523,0.00033354281751772576,0
2026-08-25 05:00:00+00:00,159.299,159.346,159.278,159.33,1497,159.3158,159.2161,159.17545,159.00575999999998,159.23313361524868,159.14989554465922,0.08323807058945931,0.07025512730839457,0.012982943281064738,61.18326118326199,159.17545,159.36840428963427,158.98249571036575,0.0024244227314483254,0.11921428571428651,0.6651273340074978,0.0008983145608623122,0.0010743973008124907,0.000328398926070036,0
2026-08-25 06:00:00+00:00,159.332,159.408,159.27,159.407,1966,159.3446,159.2477,159.18570000000003,159.0139,159.2598822898258,159.16894031912892,0.09094197069688903,0.07439249598609347,0.016549474710795556,75.11244377811363,159.18570000000003,159.40462474071884,158.9667752592812,0.0027505578794931834,0.11535714285714148,0.9999999999968553,0.0009041648091521193,0.0019862845792659733,0.00028733970416170877,0
2026-08-25 07:00:00+00:00,159.407,159.454,159.313,159.44,2227,159.36100000000002,159.28490000000002,159.20454999999998,159.02602000000002,159.2875927067757,159.18901881400825,0.09857389276746176,0.07922877534236714,0.01934511742509462,73.09562398703625,159.20454999999998,159.4430386403427,158.96606135965726,0.002996002819551616,0.11049999999999979,0.9365749828751553,0.0005145646908217838,0.002338622475922092,0.0002610019850458338,0
2026-08-25 08:00:00+00:00,159.44,159.489,159.324,159.342,2967,159.36380000000003,159.3089,159.21945,159.03508,159.29596305957944,159.20035075371135,0.09561230586808733,0.08250548144751119,0.013106824420576146,61.95965417867735,159.21945,159.4528869970089,158.9860130029911,0.0029322673455901087,0.11650000000000002,0.5863706270439415,8.786905001012535e-05,0.0015084662669231363,0.0003747129874945366,0
2026-08-25 09:00:00+00:00,159.344,159.357,159.222,159.279,2993,159.3596,159.3234,159.22809999999998,159.04428,159.29335335810566,159.2061766238068,0.08717673429885053,0.08343973201777906,0.003737002281071475,58.108108108108944,159.22809999999998,159.45660534945696,158.999594650543,0.002870163613796571,0.11950000000000013,0.4652470757224221,-0.0001318267419962993,0.0009111817713374215,0.0004114865714029645,0
2026-08-25 10:00:00+00:00,159.278,159.327,159.239,159.283,1774,159.35020000000003,159.33300000000003,159.23245,159.05944,159.2917605337817,159.21186724426556,0.07989328951614993,0.08273044351745325,-0.002837154001303313,64.20118343195196,159.23245,159.46169358452582,159.00320641547418,0.002879357624979309,0.11878571428571304,0.6568623149462044,-0.00029498525073767823,0.0006030643205787722,0.0004028035663642725,0
2026-08-25 11:00:00+00:00,159.284,159.33,159.227,159.249,1871,159.3186,159.3316,159.23615,159.0724,159.285181990123,159.21461781876442,0.07056417135856918,0.08029718908567644,-0.00973301772710726,63.173216885006916,159.23615,159.46387307742876,159.00842692257126,0.002860193209001208,0.11892857142857086,0.6196426552769415,-0.0009911735369213526,-8.790491200094674e-05,0.0003820355340484249,1
2026-08-25 12:00:00+00:00,159.249,159.295,159.192,159.293,2162,159.2892,159.3251,159.24720000000002,159.08432000000002,159.28638476087332,159.22042390626336,0.06596085460995482,0.07742992219053213,-0.011469067580577308,63.70157819225319,159.24720000000002,159.46249377724396,159.03190622275608,0.00270389403699334,0.12199999999999786,0.6182089567123625,-0.0009219769192172489,-0.0004078866451636687,0.00033636131973959735,0
2026-08-25 13:00:00+00:00,159.294,159.3,159.113,159.211,3161,159.263,159.3134,159.25,159.09482000000003,159.27478710535433,159.21972583913274,0.05506126622159968,0.07295619099674565,-0.017894924775145968,55.15394912985462,159.25,159.46167104566425,159.03832895433575,0.0026583490821255455,0.128071428571427,0.2350967638006112,-0.0008221310137942472,-0.000734334203655318,0.00036674750712986496,1
2026-08-25 14:00:00+00:00,159.209,159.327,159.183,159.249,2876,159.257,159.3083,159.25365000000002,159.10482,159.27081985837674,159.22189429549329,0.04892556288345418,0.06815006537408735,-0.019224502490633177,54.234972677594826,159.25365000000002,159.46244632481637,159.04485367518367,0.0026221857372355052,0.13121428571428492,0.0,-0.00018834874653905764,-0.0003201506591338221,0.00037716430598891897,0
2026-08-25 15:00:00+00:00,159.247,159.29,159.175,159.212,2704,159.2428,159.29649999999998,159.2563,159.11362,159.26177064939571,159.221161384716,0.04060926467971626,0.06264190523521314,-0.022032640555496877,46.32034632034492,159.2563,159.46135003239,159.05124996761003,0.0025750947672396867,0.1263571428571392,0.0,-0.0004457475060113403,-0.0007406012678090601,0.0003733052633915107,0
2026-08-25 16:00:00+00:00,159.214,159.292,159.2,159.269,1769,159.24679999999998,159.2827,159.2652,159.11994,159.26288285718098,159.22470498584815,0.03817787133283446,0.0577490984547374,-0.019571227121902943,43.20610687022883,159.2652,159.45491957142886,159.07548042857113,0.002382435980099445,0.1224285714285693,0.0,0.00012558948564822536,-0.0008657085322476554,0.00035413717554110983,0
2026-08-25 17:00:00+00:00,159.268,159.311,159.21,159.216,1371,159.2314,159.2603,159.27259999999998,159.126,159.25567010992236,159.22406017208164,0.0316099378407273,0.052521266331935386,-0.020911328491208088,41.74041297935104,159.27259999999998,159.44018771464206,159.1050122853579,0.0021044136234616836,0.12414285714285508,0.0,-0.00048338596171837445,-0.0014049172102357232,0.000345450736539127,0
2026-08-25 18:00:00+00:00,159.216,159.254,159.189,159.219,1026,159.233,159.248,159.27845,159.13114000000002,159.2500285545497,159.22368534452002,0.026343210029665443,0.0472856550714814,-0.020942445041815957,43.79785604900292,159.27845,159.42818024865446,159.12871975134553,0.0018801068023259148,0.1174999999999987,0.061651719131279176,5.024778438666999e-05,-0.0007719245396694552,0.0003045030795264303,0
2026-08-25 19:00:00+00:00,159.219,159.235,159.079,159.14,1876,159.21120000000002,159.2341,159.27875,159.13366,159.23310108461897,159.21748643011114,0.015614654507828618,0.04095145495875085,-0.02533680045092223,36.467236467234024,159.27875,159.4272808757341,159.1302191242659,0.0018650432117794768,0.12378571428571254,0.0,-0.000684462696783128,-0.0008726825256312187,0.00031759324103960437,1
2026-08-25 20:00:00+00:00,159.127,159.232,159.121,159.195,1056,159.2078,159.2253,159.27915000000002,159.1372,159.22723937929297,159.21582076862143,0.011418610671540819,0.03504488610130884,-0.023626275429768022,34.41176470588057,159.27915000000002,159.4266802288169,159.13161977118313,0.0018524738337301584,0.12185714285714207,0.0,-0.00010677587116547649,-0.0005524757820984938,0.0003451670076958893,0
2026-08-25 21:00:00+00:00,159.184,159.223,159.158,159.208,511,159.1956,159.2212,159.27640000000002,159.14144,159.22427947478639,159.21524145242722,0.009038022359163733,0.029843513352879818,-0.020805490993716085,32.42424242424238,159.27640000000002,159.4272116985342,159.12558830146585,0.0018937105375833466,0.1164285714285711,0.0,-0.00038299983047551667,-0.0002574584455788953,0.0003427411144503008,0
2026-08-25 22:00:00+00:00,159.213,159.231,159.19,159.199,422,159.1922,159.21179999999998,159.26845,159.1459,159.22039032481928,159.21403838187706,0.0063519429422171925,0.025145199270747296,-0.018793256328530104,37.478108581435976,159.26845,159.4179072285023,159.11899277149772,0.0018767964214166143,0.10757142857142858,0.15904193408520806,-0.00010677318862428731,-0.0005901075376820719,0.0003259033498965498,0
2026-08-25 23:00:00+00:00,159.199,159.258,159.196,159.213,680,159.19099999999997,159.21200000000002,159.2627,159.15354000000002,159.21925335177016,159.213961464701,0.005291887069176937,0.021174536830433226,-0.01588264976125629,43.678160919539536,159.2627,159.41135728864526,159.11404271135473,0.0018668186417192191,0.10235714285714437,0.35415361385891003,-3.768394475534009e-05,1.2561946096667498e-05,0.0002854675601163701,0
2026-08-26 00:00:00+00:00,159.213,159.257,159.102,159.161,2364,159.1952,159.20319999999998,159.25574999999998,159.1576,159.21029129765168,159.21003839324166,0.0002529044100185729,0.016990210346350298,-0.016737305936331725,39.29824561403568,159.25574999999998,159.40995816414312,159.10154183585684,0.0019366103157109533,0.10714285714285918,0.21977585433609004,0.00013195928113618471,-0.000552593736852347,0.00028918233020369037,0
2026-08-26 01:00:00+00:00,159.16,159.181,158.96,159.046,2691,159.1654,159.1866,159.24155000000002,159.16098,159.18501571339758,159.19788740114967,-0.012871687752095795,0.011017830726661078,-0.023889518478756873,34.40860215053698,159.24155000000002,159.41771078180534,159.0653892181947,0.00221249770308468,0.11557142857143024,0.06344401393413367,-0.000935959043939838,-0.0010426349772629795,0.00035629823245017874,1
2026-08-26 02:00:00+00:00,159.046,159.049,158.876,159.034,3295,159.1306,159.16310000000001,159.22289999999998,159.16714,159.16178252672103,159.1857475936571,-0.023965066936085577,0.004021251194111746,-0.02798631813019732,29.079159935377504,159.22289999999998,159.40421206013798,159.04158793986198,0.0022774621004641653,0.12057142857143179,0.0,-0.0010929099040249968,-0.0014754911501925205,0.0003181342154584386,0
2026-08-26 03:00:00+00:00,159.033,159.033,158.891,158.958,1949,159.0824,159.13729999999998,159.1988,159.16952,159.13043136876394,159.16887740153436,-0.038446032770423244,-0.0044722055987952555,-0.03397382717162799,29.363784665576972,159.1988,159.38662702006692,159.0109729799331,0.0023596537168234836,0.11742857142857385,0.011314471653729155,-0.0015138286044511506,-0.0016204401567682103,0.0003305850682174611,1
2026-08-26 04:00:00+00:00,158.958,159.039,158.94,159.033,1795,159.0464,159.11870000000002,159.18335,159.17268,159.11544192741565,159.1588124088281,-0.04337048141246669,-0.012251860761529544,-0.031118620650937144,33.38461538461418,159.18335,159.37241114297487,158.9942888570251,0.0023753884181339164,0.114214285714287,0.24971921033030703,-0.0011305609466564226,-0.0011682022874155429,0.00038473498215913545,0
2026-08-26 05:00:00+00:00,159.033,159.049,158.958,159.013,1492,159.0168,159.106,159.17005,159.17434,159.09968163089016,159.14801148965566,-0.04832985876549856,-0.01946746036232335,-0.028862398403175206,34.281200631911645,159.17005,159.36799573949176,158.97210426050825,0.002487223437974134,0.11250000000000325,0.35343081046990005,-0.000929876037471522,-0.0007980394621087683,0.0003612688964158545,1
2026-08-26 06:00:00+00:00,159.012,159.121,159.002,159.055,1853,159.01860000000002,159.092,159.15865000000002,159.1783,159.09280753383015,159.14112174968116,-0.0483142158510077,-0.025236811460060224,-0.02307740439094748,32.6860841423932,159.15865000000002,159.3554649277441,158.96183507225595,0.002473191720890716,0.11442857142857374,0.2450573188784149,5.658740238678739e-05,-0.0008794246050440879,0.0003513929519474448,1
2026-08-26 07:00:00+00:00,159.054,159.062,158.96,159.009,2145,159.0136,159.0721,159.14665,159.18042,159.07991406708703,159.13133495340847,-0.05142088632143782,-0.030473626432335747,-0.020947259889102073,33.06055646480891,159.14665,159.34944548939689,158.9438545106031,0.0025485360753354355,0.11450000000000264,0.27049926832300675,-0.00015719908950295736,-0.0012499371890860589,0.00035107717700690304,1
2026-08-26 08:00:00+00:00,159.008,159.032,158.928,159.006,2213,159.0232,159.0528,159.1323,159.17998,159.06854267215056,159.1220508827856,-0.053508210635044406,-0.03508054327287748,-0.018427667362166923,32.56955810147241,159.1323,159.33208630687417,158.9325136931258,0.0025109460100078726,0.11728571428571806,0.2390847270890394,0.00030196655720371446,-0.0012123191728592442,0.00035209397978858885,1
2026-08-26 09:00:00+00:00,159.006,159.056,158.956,158.986,1986,159.0138,159.0301,159.12105,159.1765,159.05584379951202,159.1119730396163,-0.05612924010426923,-0.039290282639155835,-0.016838957465113394,36.05072463768058,159.12105,159.3274083750196,158.9146916249804,0.002593728171346158,0.11328571428571925,0.47753710749239214,-0.00029553614658595073,-0.001425762971616673,0.0003443878787275369,1
2026-08-26 10:00:00+00:00,158.988,159.118,158.982,159.091,1402,159.02939999999998,159.0231,159.11315,159.17454,159.06125244574093,159.1104194811262,-0.0491670353852669,-0.04126563318837805,-0.007901402196888847,41.36212624584807,159.11315,159.31079750652472,158.91550249347526,0.0024843641964819555,0.11507142857143395,0.841356632807396,0.0004905259318421784,-0.0004398062339391329,0.0004191311289682953,1
2026-08-26 11:00:00+00:00,159.091,159.158,159.057,159.08,1633,159.03439999999998,159.0265,159.10655,159.1721,159.06413668485771,159.10816618622798,-0.04402950137026096,-0.041818406824754635,-0.0022110945455063244,39.333333333333904,159.10655,159.2990476828122,158.9140523171878,0.002419732975319853,0.11764285714286059,0.7023887051593853,0.00015717833453843255,0.0002137746312389499,0.0003461607670518267,1
2026-08-26 12:00:00+00:00,159.079,159.252,158.922,159.232,3362,159.079,159.0463,159.1047,159.1727,159.08996181026424,159.1173390613222,-0.027377251057970398,-0.03893017567139779,0.011552924613427391,52.22072678331013,159.1047,159.29124317968785,158.91815682031216,0.002344910988648926,0.13828571428571884,0.9999999999956789,0.0014024363400815254,0.0012450167888629071,0.00045157162114871493,1
2026-08-26 13:00:00+00:00,159.23,159.392,159.229,159.392,3356,159.15619999999998,159.0897,159.1135,159.17928,159.13642922406976,159.1376843160391,-0.0012550919693410378,-0.03139515893098644,0.030140066961645402,60.067491563554874,159.1135,159.33540419932382,158.89159580067616,0.002789256717045765,0.14550000000000246,0.999999999996773,0.002427581349131458,0.002730280954717612,0.00047462739737748935,1
2026-08-26 14:00:00+00:00,159.393,159.444,159.343,159.408,2762,159.24060000000003,159.1272,159.12295,159.18656000000001,159.17820934344365,159.1577077000362,0.020501643407442316,-0.021015798463300685,0.041517441870743,64.47831184056221,159.12295,159.3774716152411,158.86842838475891,0.003199056016006349,0.14164285714285946,0.999999999997175,0.002654321764180567,0.0023580011695685243,0.0004718471612468436,0
2026-08-26 15:00:00+00:00,159.407,159.41,159.314,159.366,2301,159.2956,159.1625,159.13425,159.19176000000002,159.2071002136831,159.1731367592928,0.03396345439031734,-0.010019947892577078,0.043983402282894414,70.51282051282337,159.13425,159.41105118267492,158.8574488173251,0.0034788385614651267,0.13271428571428803,0.9999999999975865,0.0017285704408169789,0.0022199442812851355,0.000485382971674986,0
2026-08-26 16:00:00+00:00,159.366,159.426,159.298,159.413,1807,159.3622,159.1983,159.14515,159.1961,159.2387771038857,159.19090440675257,0.047872697133129805,0.0015585811125643021,0.0463141160205655,73.25153374233415,159.14515,159.4479699221593,158.8423300778407,0.0038055815355893825,0.1295000000000012,0.9999999999977214,0.002093286396781524,0.0022507937505893416,0.0004857782486305563,0
2026-08-26 17:00:00+00:00,159.413,159.424,159.358,159.39,1235,159.3938,159.2364,159.15425,159.2004,159.26204216482634,159.2056522284746,0.05638993635173506,0.012524852160398458,0.0438650841913366,78.34645669291363,159.15425,159.4754057254564,158.83309427454358,0.004035779446121069,0.12400000000000132,0.9999999999978154,0.0009922628617362594,0.0023960907873139536,0.0004706607116419176,0
2026-08-26 18:00:00+00:00,159.39,159.414,159.369,159.399,908,159.3952,159.2757,159.16424999999998,159.20694,159.2831126010069,159.21997428562463,0.06313831538227532,0.022647544804773836,0.040490770577501486,76.29310344827694,159.16424999999998,159.50323292146666,158.8252670785333,0.004259535938085097,0.12014285714285831,0.9551443346335368,4.391688415994466e-05,0.002471604845100117,0.00046665258958612674,0
2026-08-26 19:00:00+00:00,159.398,159.411,159.32,159.342,1186,159.382,159.31130000000002,159.1707,159.21068,159.292172200852,159.22901322743022,0.06315897342179255,0.030749830528177584,0.03240914289361497,72.44201909959112,159.1707,159.51838594418376,158.82301405581626,0.004368717913331434,0.12014285714285831,0.8710170899495242,-0.00041403191809674667,0.002239190872152408,0.000492281267228325,0
2026-08-26 20:00:00+00:00,159.339,159.359,159.211,159.211,641,159.351,159.32330000000002,159.1732,159.21138000000002,159.27968416995168,159.22767891428722,0.05200525566445435,0.03500091555543294,0.01700434010902141,59.48905109489084,159.1732,159.52131105305153,158.82508894694848,0.004373990760398424,0.12221428571428662,0.5880584710121163,-0.0009726039431245947,0.0007542852832655988,0.0005641706448992353,1
2026-08-26 21:00:00+00:00,159.211,159.227,159.192,159.199,294,159.3082,159.3352,159.18085,159.21218000000002,159.26727122072833,159.22555455026594,0.04171667046239236,0.03634406653682483,0.005372603925567529,62.05583756345371,159.18085,159.52387878503401,158.83782121496597,0.004309925283525275,0.11742857142857181,0.6441301260944281,-0.00134242502179871,0.0007480512949460394,0.0005643515513966057,1
2026-08-26 22:00:00+00:00,159.289,159.305,159.25,159.269,502,159.28400000000002,159.3389,159.19260000000003,159.21574,159.2675371867701,159.22877273172773,0.038764455042382906,0.03682814423793645,0.0019363108044464575,65.38011695906482,159.19260000000003,159.53051023409972,158.85468976590033,0.004245300775283462,0.11757142857142762,0.6934362143918988,-0.0007591442374049739,0.0002323653536977499,0.0004941308669852456,1
2026-08-26 23:00:00+00:00,159.269,159.271,159.208,159.251,751,159.2544,159.3248,159.20725,159.2194,159.2649930041901,159.2304191960442,0.03457380814589328,0.036377277019527816,-0.0018034688736345353,65.53341148886406,159.20725,159.52726702256345,158.88723297743653,0.004020131276225953,0.11492857142856801,0.6715708945930763,-0.0009284876316664192,-0.0008846115237903796,0.0003539968696464721,1
2026-08-27 00:00:00+00:00,159.251,159.252,159.112,159.176,3213,159.2212,159.3016,159.2144,159.22088,159.25130177277623,159.22638814448538,0.024913628290846646,0.034084547273791586,-0.00917091898294494,55.164034021870094,159.2144,159.52425320801936,158.90454679198066,0.003892276176267321,0.11521428571428365,0.40577885914403106,-0.0010417843380905456,-0.0014553849242195938,0.0003660366558260667,1
2026-08-27 01:00:00+00:00,159.178,159.281,159.127,159.249,2458,159.2288,159.28990000000002,159.2262,159.22317999999999,159.25094765388758,159.2280630967457,0.02288455714187876,0.031844549247409024,-0.008959992105530265,59.54802259886918,159.2262,159.52138707715602,158.931012922844,0.0037077701679248164,0.11899999999999775,0.28046281734075423,0.0002386769758369045,-0.0007341591054554897,0.00040890693361326374,1
2026-08-27 02:00:00+00:00,159.248,159.398,159.246,159.33,1728,159.255,159.2816,159.23995,159.22603999999998,159.26310955328947,159.23561397846825,0.02749557482121645,0.03097475436217051,-0.0034791795409540582,56.019656019656665,159.23995,159.52706888239055,158.95283111760943,0.003606116208785024,0.1062857142857102,0.036908221799079335,0.0008228694903862355,-0.0005206601720060267,0.0004350440986390606,1
2026-08-27 03:00:00+00:00,159.333,159.371,159.304,159.344,1172,159.26999999999998,159.277,159.2567,159.22766,159.27555423739878,159.24364257265577,0.03191166474300644,0.031162136438337696,0.0007495283046687444,46.40718562874242,159.2567,159.52559802409476,158.98780197590523,0.0033769131734459794,0.0994285714285691,0.0,0.0004709014309123294,-0.000288600288600227,0.00043576566242245257,0
2026-08-27 04:00:00+00:00,159.344,159.381,159.328,159.358,965,159.2914,159.2729,159.27429999999998,159.22766,159.28823820087587,159.2521134931998,0.03612470767606624,0.032154650685883406,0.003970056990182831,46.24624624624767,159.27429999999998,159.51910720662337,159.0294927933766,0.0030740327425503294,0.09599999999999755,0.0,0.0006718953099196234,-0.00025721616823193294,0.00043656041056756205,1
2026-08-27 05:00:00+00:00,159.358,159.383,159.28,159.361,1510,159.3284,159.2748,159.29305000000002,159.22832,159.29943232381802,159.2601791603702,0.03925316344782459,0.03357435323827165,0.005678810209552944,49.60127591706352,159.29305000000002,159.49928897736174,159.0868110226383,0.0025894284447654336,0.0964999999999979,0.10451737306768524,0.0011622355128912965,0.00011924037604638116,0.0004206977252154025,1
2026-08-27 06:00:00+00:00,159.363,159.388,159.33,159.355,1597,159.3496,159.2892,159.30625,159.22942,159.3079811970768,159.2672029262687,0.040778270808090156,0.03501513675223535,0.005763134055854803,45.05119453924769,159.30625,159.49067956149074,159.12182043850927,0.0023154089872899648,0.09149999999999839,0.0,0.0006656242739357943,0.0009044601189613921,0.0003051455051636817,1
2026-08-27 07:00:00+00:00,159.358,159.369,159.268,159.354,1789,159.3544,159.3047,159.31995,159.22990000000001,159.31506101291114,159.2736323391377,0.04142867377345283,0.036297844156478846,0.005130829616973982,46.808510638300234,159.31995,159.47136782553102,159.168532174469,0.001900801820876956,0.09399999999999815,0.056248678791168134,0.0001506307663339257,0.0009736242061821887,0.000301736710651066,1
2026-08-27 08:00:00+00:00,159.354,159.366,159.279,159.32,1970,159.34959999999998,159.3098,159.32435,159.22816,159.31582085707868,159.27706698068306,0.038753876395617226,0.036789050604306525,0.001964825791310701,43.29371816638302,159.32435,159.47001186508894,159.17868813491108,0.0018284947039033947,0.0970000000000003,0.0,-0.00015061753188072569,0.0003202129730204284,0.0002898481529013793,1
2026-08-27 09:00:00+00:00,159.321,159.491,159.309,159.477,1975,159.3734,159.33239999999998,159.3286,159.22889999999998,159.34061764829735,159.2918768339658,0.048740814331551974,0.039179403349755615,0.009561410981796359,59.796806966617325,159.3286,159.48697782936992,159.17022217063007,0.001988065286080784,0.10350000000000088,0.7420555922629526,0.0007467463196073609,0.001419143364876918,0.00041141249067176266,0
2026-08-27 10:00:00+00:00,159.475,159.526,159.416,159.475,1622,159.3962,159.3623,159.33195,159.23156,159.3612918562516,159.3054415129313,0.055850343320287266,0.04251359134386195,0.013336751976425316,73.57142857142563,159.33195,159.49994182309095,159.16395817690906,0.0021087022796236867,0.10078571428571641,0.9999999999966973,0.0007153569568463247,0.0018784238829974154,0.0003575517182573349,0
2026-08-27 11:00:00+00:00,159.475,159.513,159.415,159.438,2108,159.4128,159.38119999999998,159.33555,159.23474,159.37309310913594,159.3152606601216,0.05783244901434159,0.04557736287795788,0.012255086136383708,70.4273504273471,159.33555,159.5095911022058,159.16150889779422,0.0021845859534271074,0.1052857142857176,0.8961586559185625,0.0005208496752533431,0.0011868206393759184,0.00036601676136129664,0
2026-08-27 12:00:00+00:00,159.44,159.446,159.343,159.41,2473,159.424,159.38920000000002,159.3354,159.23728,159.3787710923458,159.32227838900147,0.05649270334433254,0.04776043097123282,0.008732272373099717,62.98342541436299,159.3354,159.50916499554873,159.16163500445126,0.002181122281034058,0.1050714285714329,0.6503037047555522,0.0003514188536213325,0.000502102554446715,0.00034855837992629404,0
2026-08-27 13:00:00+00:00,159.41,159.466,159.336,159.362,3120,159.4324,159.391,159.334,159.23954,159.37619092429262,159.3252207305569,0.05097019373570788,0.04840238352412784,0.002567810211580042,59.685863874344065,159.334,159.50635825601026,159.16164174398975,0.0021634837010337487,0.10985714285714769,0.5413931730180256,0.0002636203866432929,0.00011296314891051651,0.0003652012894525496,1
2026-08-27 14:00:00+00:00,159.359,159.373,159.268,159.328,2848,159.4026,159.38799999999998,159.33044999999998,159.24024,159.3687769359399,159.32542660236751,0.043350333572391264,0.04739197353378053,-0.0040416399613892665,64.28571428571543,159.33044999999998,159.50007432172345,159.16082567827652,0.002129214117244519,0.10735714285714591,0.6933151760301849,-0.000934304006220299,-0.00018825537469091547,0.0003705723934369735,1
2026-08-27 15:00:00+00:00,159.327,159.33,159.236,159.261,2032,159.3598,159.378,159.32639999999998,159.24124,159.35219586887223,159.32065426145138,0.03154160742084855,0.04422190031119414,-0.012680292890345592,51.14068441064641,159.32639999999998,159.4987098799566,159.15409012004335,0.002162979643758081,0.10307142857143349,0.25916643429321506,-0.001341903119611243,-0.0006275061024968442,0.0003910958400587078,1
2026-08-27 16:00:00+00:00,159.262,159.304,159.241,159.292,1422,159.3306,159.3717,159.33044999999998,159.2421,159.34293496596882,159.31853172356608,0.024403242402740943,0.0402581687295035,-0.01585492632676256,46.00840336134338,159.33044999999998,159.49497096329117,159.1659290367088,0.0020651540655434227,0.09671428571429073,0.08965952704598419,-0.0009157164540447571,-0.00039534372940908113,0.0003995564389289212,1
2026-08-27 17:00:00+00:00,159.292,159.406,159.263,159.402,1396,159.329,159.37650000000002,159.3406,159.2459,159.3520218942813,159.32471455885747,0.027307335423842005,0.037668002068371204,-0.010360666644529198,55.069930069929406,159.3406,159.4957561522235,159.1854438477765,0.0019474779462798266,0.10214285714286168,0.38893997419125254,-5.018505739917689e-05,0.0003012161602469199,0.0004618905441690976,0
2026-08-27 18:00:00+00:00,159.401,159.458,159.397,159.43,1251,159.3426,159.3875,159.34865,159.24912,159.36401852593036,159.3325134804236,0.03150504550677624,0.036435410756052215,-0.004930365249275974,56.14334470989771,159.34865,159.5048674934411,159.19243250655887,0.001960700557439538,0.10271428571429096,0.42439227971914967,0.0004267014721202056,0.000690434345970381,0.0004554335284786314,0
2026-08-27 19:00:00+00:00,159.427,159.446,159.397,159.414,1075,159.3598,159.38119999999998,159.3568,159.25307999999998,159.37170798347952,159.33854951891072,0.03315846456879967,0.035780021518601705,-0.0026215569498020327,54.424040066777394,159.3568,159.5085096950522,159.2050903049478,0.001904025370140522,0.09885714285714796,0.36760777983079956,0.0005397670214901673,-0.0003950412912208101,0.0003228270285833172,0
2026-08-27 20:00:00+00:00,159.411,159.418,159.368,159.369,527,159.38139999999999,159.37060000000002,159.36645000000001,159.25608,159.3712913706365,159.34080511010254,0.030486260533962195,0.034721269321673805,-0.00423500878771161,51.09717868338631,159.36645000000001,159.49204161049005,159.24085838950998,0.0015761361376881223,0.09828571428572072,0.25772954469099774,0.0006781321227420367,-0.0006646809844802481,0.0003314808503639727,1
2026-08-27 21:00:00+00:00,159.368,159.419,159.358,159.376,390,159.3982,159.3644,159.37279999999998,159.2608,159.37201577515395,159.3434121389838,0.028603636170146274,0.0334977426913683,-0.004894106521222026,51.70807453416066,159.37279999999998,159.48557663062428,159.2600233693757,0.0014152556850892512,0.09542857142857843,0.2779059663094101,0.0005273334505184746,-0.0003888658914436016,0.00032762909119268336,1
2026-08-27 22:00:00+00:00,159.383,159.391,159.352,159.356,497,159.389,159.35899999999998,159.3741,159.26402,159.36955180974564,159.34434457313316,0.025207236612487804,0.0318396414755922,-0.006632404863104395,52.857142857142726,159.3741,159.4853889080122,159.2628110919878,0.0013965745753193124,0.09200000000000484,0.24847560975524938,-0.0002885785623768511,-0.00033874913744436075,0.00032568165097679593,1
2026-08-27 23:00:00+00:00,159.356,159.371,159.307,159.312,686,159.3654,159.35399999999998,159.3725,159.2661,159.36069768516938,159.34194867882698,0.018749006342403618,0.029221514448954482,-0.010472508106550864,34.04255319149088,159.3725,159.48649815323628,159.25850184676372,0.0014305875008082452,0.08357142857143376,0.0,-0.0007401367371260292,-0.00031375108244113825,0.0003234906716925001,1
2026-08-28 00:00:00+00:00,159.312,159.386,159.294,159.36,1812,159.3546,159.3572,159.37259999999998,159.26932,159.3605903489895,159.3432858137287,0.017304535260791454,0.02683811861132188,-0.009533583350530426,39.78685612788834,159.37259999999998,159.48654809526693,159.25865190473303,0.0014299584152727474,0.0822857142857174,0.1578764586523742,-0.00033874063758498885,0.00020084354288019135,0.0003321379567161021,1
2026-08-28 01:00:00+00:00,159.361,159.44,159.329,159.429,1741,159.3666,159.37400000000002,159.376,159.27364,159.37111491068342,159.34963501271176,0.021479897971659057,0.025766474483389316,-0.004286576511730259,49.243697478992765,159.376,159.4925197069134,159.2594802930866,0.0014621989121750838,0.08321428571428717,0.5026308010624769,0.00037648476177931656,0.0010548721909318104,0.0003155715552818147,0
2026-08-28 02:00:00+00:00,159.43,159.464,159.39,159.437,1285,159.3788,159.3885,159.3801,159.27916,159.3812510782706,159.35610649325162,0.025144585018978205,0.0256420965905071,-0.0004975115715288962,52.34782608695778,159.3801,159.49924944174276,159.26095055825724,0.0014951608355467643,0.08114285714285886,0.6052698273958564,0.0003827426965163916,0.0009102779800618244,0.00031434042941158857,1
2026-08-28 03:00:00+00:00,159.438,159.462,159.429,159.448,889,159.3972,159.3931,159.38479999999998,159.2872,159.39152014315204,159.36291341967743,0.028606723474609907,0.026235021967327663,0.0023717015072822444,57.99256505576311,159.38479999999998,159.50699156657194,159.26260843342803,0.001533290082516732,0.07421428571428683,0.7919149651577495,0.0005773237280053412,0.0002885785623769621,0.00023374151567540148,1
2026-08-28 04:00:00+00:00,159.447,159.514,159.447,159.495,856,159.4338,159.39960000000002,159.39355,159.29642,159.40744012112864,159.37269761081245,0.034742510316192465,0.027936519637100626,0.00680599067909184,65.15426497277647,159.39355,159.52114718687815,159.26595281312186,0.0016010332523260602,0.07150000000000237,0.9999999999967858,0.0011486893642662643,0.0004077024399422591,0.00024482419302552415,1
2026-08-28 05:00:00+00:00,159.496,159.559,159.496,159.523,1291,159.4664,159.4105,159.39585,159.30772000000002,159.42521856403192,159.38383112112265,0.04138744290926866,0.030626704291534235,0.010760738617734422,75.58593750000003,159.39585,159.5312033776308,159.2604966223692,0.0016983300083508158,0.06935714285714312,0.9999999999975928,0.001022841365461824,0.0006837542499404936,0.0002426877577721284,1
2026-08-28 06:00:00+00:00,159.524,159.538,159.413,159.418,1725,159.4642,159.4154,159.393,159.31542,159.4241080157193,159.38636214918762,0.03774586653167944,0.032050536739563276,0.005695329792116163,60.75085324232152,159.393,159.52365502989193,159.26234497010807,0.0016394073753794236,0.07378571428571538,0.6429014028425172,-6.899623029688051e-05,0.0003074625554531085,0.00031988119402088724,1
2026-08-28 07:00:00+00:00,159.418,159.506,159.408,159.498,1654,159.4764,159.4276,159.39600000000002,159.32512,159.43547601330093,159.39463161961817,0.04084439368276094,0.03380930812820281,0.007035085554558125,58.63309352518045,159.39600000000002,159.53357753792437,159.25842246207566,0.001726235764063813,0.07057142857143058,0.5919243398904697,0.0003825962605918942,0.0007654853930327832,0.0003530269116438074,1
2026-08-28 08:00:00+00:00,159.498,159.584,159.498,159.569,1541,159.50060000000002,159.4489,159.40395,159.33540000000002,159.45601816510077,159.40754779594275,0.04847036915802505,0.03674152033416726,0.011728848823857788,61.6026711185301,159.40395,159.56181399874336,159.24608600125666,0.0019806786311550232,0.07235714285714526,0.6634056995045504,0.0007588680949273119,0.001336629935490219,0.00036272131208696373,1
2026-08-28 09:00:00+00:00,159.572,159.688,159.565,159.685,1642,159.5386,159.4862,159.4201,159.34892000000002,159.49124613970068,159.4280998110581,0.06314632864257419,0.042022481995848654,0.021123846646725536,69.38483547925838,159.4201,159.62030400120693,159.21989599879305,0.0025116531881104265,0.07764285714285839,0.8507319005409828,0.0011912599141039593,0.0023413176659636825,0.0003752943283286506,1
2026-08-28 10:00:00+00:00,159.685,159.693,159.634,159.635,1346,159.56099999999998,159.5137,159.43545,159.3615,159.51336211820825,159.4434257509797,0.0699363672285358,0.04760525904238609,0.02233110818614971,68.89204545454538,159.43545,159.65230549395207,159.21859450604794,0.0027202920548982986,0.07828571428571658,0.8388698427689856,0.0007020931150993892,0.0017256526104416636,0.0004115832744427449,1
2026-08-28 11:00:00+00:00,159.635,159.684,159.631,159.65,1195,159.6074,159.53580000000002,159.4549,159.37478000000002,159.5343833307916,159.45872754720347,0.07565578358813241,0.053215363951535366,0.022440419636597042,69.24157303370822,159.4549,159.67562025637224,159.23417974362778,0.0027684349163585678,0.0777142857142873,0.8472833985006597,0.001455293630581167,0.0013861969905100135,0.0004015851956439253,1
2026-08-28 12:00:00+00:00,159.648,159.676,159.562,159.574,1971,159.62259999999998,159.5495,159.469,159.38443999999998,159.5404782029775,159.4672662474106,0.07321195556690441,0.05721468227460917,0.015997273292295236,64.19270833333499,159.469,159.68179097723845,159.25620902276154,0.0026687441099957424,0.08307142857142935,0.725751058649211,0.00047649500307223036,0.000859273568870389,0.0004464324180737624,1
2026-08-28 13:00:00+00:00,159.577,159.709,159.533,159.681,2343,159.645,159.57279999999997,159.48295000000002,159.39646000000002,159.56209694098095,159.483098377232,0.07899856374893943,0.06157145856947523,0.0174271051794642,72.20216606498224,159.48295000000002,159.71311833655398,159.25278166344606,0.0028864318919854296,0.09107142857142898,0.905478819416177,0.0007018907181219891,0.0014612914555216516,0.00048292436850903386,1
2026-08-28 14:00:00+00:00,159.678,159.943,159.401,159.867,7131,159.6814,159.60999999999999,159.5048,159.40915999999999,159.60900510390698,159.5115355344741,0.09746956943288865,0.06875108074215792,0.028718488690730723,76.16099071207402,159.5048,159.79015672964212,159.21944327035786,0.0035780331330735097,0.12321428571428734,0.999999999996285,0.0011397438707454466,0.0023323615160348865,0.000581078593264006,1
2026-08-28 15:00:00+00:00,159.869,160.057,159.828,159.978,3661,159.75,159.6555,159.53300000000002,159.42088,159.66577354945974,159.5460884578464,0.1196850916133485,0.07893788291639604,0.04074720869695246,77.15133531157315,159.53300000000002,159.88440440040756,159.18159559959247,0.004405413305178813,0.13164285714285842,0.9999999999959683,0.0021486516114888055,0.0028522532800914213,0.0005982689962008569,1
2026-08-28 16:00:00+00:00,159.979,160.2,159.954,160.193,2997,159.8586,159.733,159.5742,159.43658,159.74688531108134,159.59400783133924,0.1528774797421022,0.09372580228153729,0.059151677460564905,81.03448275862098,159.5742,160.02406762964767,159.1243323703523,0.005638350430679702,0.14392857142857046,0.9999999999956601,0.0034011901033510483,0.004861433464226073,0.0005823403402716197,0
2026-08-28 17:00:00+00:00,160.193,160.201,160.135,160.18,1616,159.9798,159.8012,159.61440000000002,159.45286,159.81351834014578,159.63741465864743,0.176103681498347,0.11020137812489925,0.06590230337344774,80.0,159.61440000000002,160.12876190412533,159.1000380958747,0.00644505638746014,0.1462857142857144,0.9538205980023731,0.0037976111396593737,0.004275915685463261,0.0006090626716477697,0
2026-08-28 18:00:00+00:00,160.182,160.189,160.129,160.134,1395,160.0704,159.8577,159.6533,159.46728000000002,159.86282321089257,159.67419875800687,0.18862445288570484,0.1258859930770604,0.06273845980864445,76.2100082034442,159.6533,160.20191513688147,159.10468486311854,0.006872581235482962,0.14578571428571405,0.7846350284359453,0.0028369060814998903,0.0035407879976687706,0.0006493256913674919,0
2026-08-28 19:00:00+00:00,160.135,160.145,160.044,160.078,1562,160.1126,159.897,159.69160000000002,159.48104,159.8959273322937,159.7041099611175,0.19181737117619946,0.1390722686968882,0.052745102479311246,72.25340817963114,159.69160000000002,160.24680404973003,159.13639595027,0.006953453403059501,0.14842857142857163,0.6080120528443674,0.0013198471229209918,0.0024610952813350906,0.0006695077493842693,0
2026-08-28 20:00:00+00:00,160.076,160.135,160.062,160.097,869,160.1364,159.9432,159.72845,159.495,159.92686158886391,159.73321292696065,0.1936486619032678,0.14998754733816413,0.04366111456510366,79.24203273040416,159.72845,160.28879330641777,159.16810669358225,0.007016199135692653,0.14471428571428444,0.9199848719367338,0.0007438522796885394,0.00289410217057684,0.0006428307344991202,0
2026-08-30 21:00:00+00:00,160.042,160.13,159.997,160.13,361,160.1238,159.9912,159.7635,159.51076,159.95811365211563,159.7626045620006,0.19550909011502426,0.15909185589353617,0.0364172342214881,78.36624775583422,159.7635,160.33260437484552,159.19439562515447,0.007124335343749015,0.14721428571428216,0.8626872752632062,-0.00039327561129398614,0.00300657688694006,0.0006400177267287607,0
2026-08-30 22:00:00+00:00,160.145,160.16,160.089,160.111,832,160.10999999999999,160.0449,159.7972,159.52876,159.9816346287132,159.78841163148206,0.1932229972311461,0.16591808416105816,0.02730491307008795,75.51789077212716,159.7972,160.364718921544,159.229681078456,0.00710298955856557,0.14614285714285252,0.6724459164897414,-0.00043076538893760397,0.003365209871282193,0.00060060623935107,0
2026-08-30 23:00:00+00:00,160.111,160.199,160.104,160.114,1259,160.106,160.0882,159.8305,159.54706,160.00199853198808,159.8125292884093,0.18946924357877037,0.17062831604460063,0.018840927534169744,72.60273972602654,159.8305,160.38984416483197,159.27115583516803,0.006999216855756188,0.14414285714285313,0.49935542302567115,-0.00012489540010229838,0.0027116563648774683,0.0005956356340722785,0
2026-08-31 00:00:00+00:00,160.112,160.112,159.955,159.965,3189,160.0834,160.098,159.85399999999998,159.56098,159.99630645014378,159.8238234151938,0.17248303494997685,0.1709992598256759,0.0014837751243009512,65.74427480916046,159.85399999999998,160.3931217028845,159.31487829711546,0.006745176259393309,0.15128571428570783,0.09212606917990517,-0.000705905870887924,0.0006130095642002953,0.0006145308570115856,0
2026-08-31 01:00:00+00:00,159.965,159.978,159.752,159.823,3416,160.02859999999998,160.0825,159.869,159.57242,159.96964391935245,159.82376242147572,0.14588149787672933,0.1659757074358866,-0.020094209559157278,57.36170212765958,159.869,160.38556721170178,159.35243278829822,0.006462381220896902,0.16364285714285082,0.0,-0.0017114624259042532,-0.000968883221442951,0.0006367371748701748,0
2026-08-31 02:00:00+00:00,159.824,159.843,159.726,159.773,2222,159.9572,160.0405,159.88675,159.58436,159.93939100868283,159.82000224210717,0.11938876657566766,0.15665831926384283,-0.03726955268817517,58.65970409051257,159.88675,160.36070574965015,159.41279425034986,0.005928643238419002,0.16385714285713757,0.054830988513020686,-0.002229438581152765,-0.002621837408625982,0.00038665899736889885,0
2026-08-31 03:00:00+00:00,159.773,159.84,159.748,159.801,1235,159.8952,160.0026,159.9019,159.5954,159.91810008427007,159.81859466861775,0.09950541565231674,0.14522773854153762,-0.04572232288922087,55.60747663551279,159.9019,160.34167214195196,159.46212785804806,0.005500524283350585,0.15785714285713734,0.0,-0.0019361567912260513,-0.002366088150830392,0.0004079312978413883,0
2026-08-31 04:00:00+00:00,159.801,159.83,159.739,159.789,1420,159.83020000000002,159.9681,159.91289999999998,159.60458,159.8982385328439,159.81640247094236,0.08183606190152659,0.13254940321353542,-0.05071334131200883,45.64732142857147,159.91289999999998,160.32792106477314,159.49787893522682,0.0051905889365167785,0.1256428571428521,0.0,-0.0020298037648176503,-0.00215444565176659,0.00041052525853612184,0
2026-08-31 05:00:00+00:00,159.789,159.872,159.762,159.828,1697,159.8028,159.94310000000002,159.92005,159.61426,159.88743260471406,159.81726154716887,0.07017105754519548,0.12007373407986743,-0.04990267653467195,40.89805825242729,159.92005,160.32329968103903,159.51680031896097,0.005043141007510046,0.11714285714285413,0.0,-0.0008564373456693142,-0.001561738652406941,0.0004313813406097849,0
2026-08-31 06:00:00+00:00,159.83,159.912,159.785,159.797,2342,159.79760000000002,159.91310000000001,159.92815,159.62304,159.8735198962965,159.81576069182302,0.05775920447348426,0.1076108281585908,-0.04985162368510654,19.06250000000091,159.92815,160.31339757589345,159.54290242410653,0.0048177581731978876,0.10864285714285618,0.0,-0.00016267996471097668,-0.001873863969968248,0.000420435455886169,0
2026-08-31 07:00:00+00:00,159.795,159.819,159.539,159.574,3967,159.7578,159.8575,159.92435,159.62730000000002,159.8274399122509,159.79785249242872,0.029587419822178163,0.09200614649130827,-0.062418726669130106,14.352941176471859,159.92435,160.32243503454887,159.52626496545113,0.004978416789549189,0.12392857142857037,0.0,-0.0012455170773534308,-0.00347217885468043,0.0005414847865441443,1
2026-08-31 08:00:00+00:00,159.577,159.747,159.471,159.736,2921,159.7448,159.82,159.93245000000002,159.63492,159.81337223344303,159.79327082632287,0.020101407120165504,0.07762519861707973,-0.05752379149691422,29.399585921324828,159.93245000000002,160.3063790532134,159.55852094678664,0.004676087350795584,0.13935714285714237,0.2318824995773569,-0.00040675590265393247,-0.002342125150676666,0.0006924330267807203,1
2026-08-31 09:00:00+00:00,159.735,159.765,159.686,159.732,2066,159.7334,159.7818,159.935,159.64248,159.80085342829796,159.78873224659526,0.012121181702696049,0.06452439523420299,-0.05240321353150694,31.072210065645052,159.935,160.30234667405915,159.56765332594085,0.004593699616208451,0.1377857142857124,0.25765916102017355,-0.0003567204250605194,-0.0023858001174164034,0.0006907923145902539,0
2026-08-31 10:00:00+00:00,159.732,159.776,159.698,159.722,1848,159.7122,159.7575,159.92775,159.65052,159.78872213163675,159.78378911721782,0.004933014418924131,0.05260611907114721,-0.04767310465222308,29.28176795580049,159.92775,160.30630007316032,159.5491999268397,0.004734013617528067,0.13814285714285696,0.23321442957796376,-0.0006632129539254628,-0.0015190822992529052,0.0006473512706201525,1
2026-08-31 11:00:00+00:00,159.724,159.729,159.602,159.705,2164,159.69379999999998,159.7457,159.9141,159.65508,159.77584180369263,159.77795288631282,-0.0021110826201891086,0.041662678732879946,-0.043773761353069054,26.09673790776199,159.9141,160.30452265895627,159.5236773410437,0.004882904746439276,0.13771428571428754,0.1920020666886174,-0.0005757304580185085,-0.0007383167629189114,0.0005935852400326456,0
2026-08-31 12:00:00+00:00,159.705,159.883,159.676,159.876,2497,159.7542,159.75600000000003,159.89825000000002,159.6631,159.7912507569707,159.78521563547483,0.006035121495870044,0.03453716728547797,-0.028502045789607924,38.712776176753486,159.89825000000002,160.26608398714657,159.53041601285346,0.004600850692819388,0.147428571428575,0.418196038558249,0.0018925388847805813,0.0006446646179267823,0.0006857415665686408,0
2026-08-31 13:00:00+00:00,159.875,159.893,159.763,159.827,2785,159.7724,159.7586,159.8806,159.67088,159.79675064051366,159.7883107735878,0.008439866925868955,0.029317707213556164,-0.02087784028768721,36.79852805887689,159.8806,160.22461554431692,159.53658445568306,0.004303405720480555,0.14992857142857474,0.4367582099111812,0.0005696899884810591,0.00016270236106152858,0.0006939809923821421,0
2026-08-31 14:00:00+00:00,159.827,159.855,159.598,159.709,4068,159.76780000000002,159.7506,159.85935,159.67686,159.78325054197308,159.78243590147017,0.0008146405029094694,0.023617093871426825,-0.022802453368517356,37.87878787878735,159.85935,160.1896928999899,159.52900710001012,0.0041329193442846725,0.15692857142857367,0.5309764278628242,-0.00014399118523522603,-0.0005006602456989473,0.0007342278437070921,1
2026-08-31 15:00:00+00:00,159.711,159.798,159.682,159.742,2656,159.77179999999998,159.74200000000002,159.84255,159.68446,159.77690430474647,159.7794406495094,-0.002536344762944509,0.01838640614455256,-0.020922750907497067,45.723336853219536,159.84255,160.15999670500898,159.525103294991,0.003971992501483368,0.14907142857143185,0.7080272539327324,0.00012521756551997498,-0.0005380784343169687,0.0007326561596228123,0
2026-08-31 16:00:00+00:00,159.741,159.741,159.66,159.678,1768,159.7664,159.7301,159.82160000000002,159.69146,159.7616882578624,159.77192652732353,-0.010238269461126492,0.012661471023416747,-0.02289974048454324,45.05723204994766,159.82160000000002,160.12325257114585,159.51994742885418,0.0037748661150412343,0.1465714285714321,0.7442646131329186,-0.00016906170752328809,-0.0007446948315675828,0.0007399356172686012,1
2026-08-31 17:00:00+00:00,159.679,159.719,159.666,159.691,1339,159.7294,159.74179999999998,159.79964999999999,159.70006,159.75081314126817,159.765931969744,-0.015118828475834789,0.007105411123566439,-0.02222423959940123,44.18604651162833,159.79964999999999,160.06896982551547,159.5303301744845,0.003370718590628718,0.14378571428571668,0.9509955067979657,-0.0011571467887613318,0.0007332021507262532,0.0005761826993647865,1
2026-08-31 18:00:00+00:00,159.691,159.814,159.673,159.796,1809,159.7232,159.7478,159.7839,159.71014000000002,159.75776496568844,159.76815923124443,-0.010394265555987658,0.0036054757876556186,-0.013999741343643277,50.336862367661475,159.7839,160.00991620807008,159.5578837919299,0.0028290235508094657,0.14735714285714405,0.9999999999972209,-0.00019395971894620168,0.0003756197726247912,0.0005195425766599904,0
2026-08-31 19:00:00+00:00,159.796,159.814,159.708,159.748,1832,159.731,159.7494,159.7656,159.71706,159.75626266327484,159.76666595485594,-0.010403291581098983,0.0008037223139046975,-0.01120701389500368,46.18320610686933,159.7656,159.92993009140727,159.60126990859274,0.0020571398524746928,0.14707142857142838,0.8845691041059306,0.0002441941280704185,0.00010016778103327795,0.000530418084770267,1
2026-08-31 20:00:00+00:00,159.747,159.769,159.721,159.724,747,159.7274,159.74960000000002,159.75355,159.72294,159.75129917661718,159.7635055137555,-0.012206337138309209,-0.0017982895765380846,-0.010408047561771125,46.493756003841796,159.75355,159.88914766336595,159.61795233663403,0.0016975856044007358,0.1414285714285707,0.8931993446881504,-0.00011268169924005811,1.2521756551864272e-05,0.0005324734237967863,1
2026-08-31 21:00:00+00:00,159.731,159.763,159.684,159.711,285,159.734,159.7502,159.74795,159.72888,159.74509930329145,159.75961621644026,-0.014516913148810318,-0.004342014290992533,-0.010174898857817784,58.24308062575309,159.74795,159.88069189436956,159.61520810563044,0.0016618916783540454,0.1270714285714283,0.9999999999968892,0.00020666591515428046,3.7569268338533135e-05,0.0005319686388028986,1
2026-08-31 22:00:00+00:00,159.724,159.778,159.717,159.776,598,159.751,159.74020000000002,159.7481,159.73702,159.7498532566312,159.7608298300373,-0.010976573406082935,-0.005668926114010614,-0.005307647292072321,52.72479564032865,159.7481,159.88096780131423,159.61523219868576,0.0016634664363987266,0.11214285714285463,0.8283386376510291,0.0005322779618137652,-0.000625484750681693,0.00041193359605068105,1
2026-08-31 23:00:00+00:00,159.777,159.828,159.736,159.746,1044,159.741,159.7321,159.74535,159.74442000000002,159.74926044791874,159.7597313241086,-0.010470876189856426,-0.006629316129179777,-0.0038415600606766494,50.921052631579684,159.74535,159.87586360080275,159.61483639919726,0.0016340206560346603,0.11307142857142846,0.7722282731045245,-0.00031289894615627034,-0.0005067979753107243,0.00040578490011660236,1
2026-09-01 00:00:00+00:00,159.746,159.835,159.631,159.795,3219,159.75039999999998,159.7407,159.74565,159.75320000000002,159.7562973020851,159.7623438186191,-0.006046516533984914,-0.006512756210140805,0.00046623967615589106,54.56821026282768,159.74565,159.8766128713747,159.61468712862532,0.0016396424112292479,0.1220714285714288,0.8856830963555523,0.00029421338608304204,0.0005384793593345982,0.00033789206694695824,1
2026-09-01 01:00:00+00:00,159.797,159.847,159.702,159.753,2532,159.7562,159.74179999999998,159.74190000000002,159.76202,159.75579002484125,159.76165168390656,-0.005861659065317326,-0.006382536781176109,0.0005208777158587832,52.91262135922195,159.74190000000002,159.8671028248999,159.61669717510014,0.0015675639879063996,0.12335714285714314,0.7514306139061236,0.00018156319651385644,6.886103842451696e-05,0.00034680831027689407,1
2026-09-01 02:00:00+00:00,159.752,159.842,159.751,159.783,1794,159.7706,159.7523,159.7412,159.77048000000002,159.75997617486567,159.7632330406542,-0.0032568657885292396,-0.005757402582646736,0.002500536794117497,43.19180087847537,159.7412,159.86525703270232,159.61714296729767,0.0015532252506219428,0.11507142857142785,0.2981303899734368,0.00045081428329907247,0.0006575733663998218,0.00031875428511834634,1
2026-09-01 03:00:00+00:00,159.784,159.812,159.764,159.802,1122,159.77579999999998,159.7634,159.7526,159.77794,159.76644137873248,159.7661046672724,0.0003367114600791865,-0.004538579774101552,0.0048752912341807385,48.08575803981561,159.7526,159.8512698908631,159.6539301091369,0.0012352836931994466,0.10921428571428546,0.5012189859870763,0.00016272781894643984,0.0006950923971920098,0.0003191788575371653,1
2026-09-01 04:00:00+00:00,159.805,159.879,159.797,159.867,1141,159.8,159.7705,159.75914999999998,159.78654,159.78191193585056,159.77357839562262,0.00833354022793742,-0.001964155773693757,0.010297696001631176,63.166666666666956,159.75914999999998,159.86984022680576,159.6484597731942,0.0013857137673277127,0.09671428571428667,0.9999999999949938,0.0007574524557734108,0.00044431650354193053,0.0002745859769193667,1
2026-09-01 05:00:00+00:00,159.865,159.902,159.825,159.878,1541,159.81659999999997,159.78349999999998,159.76645,159.79514,159.79669471495046,159.7813133292802,0.015381385670252712,0.001504952515095538,0.013876433155157174,61.76470588235366,159.76645,159.88829627931955,159.64460372068044,0.0015253049600783596,0.09392857142857126,0.9298137569847872,0.000519415501110787,0.0008137817061872887,0.0002464470933831201,1
2026-09-01 06:00:00+00:00,159.876,159.978,159.862,159.944,1809,159.85479999999998,159.8055,159.77755,159.80412,159.81935706649654,159.793364193778,0.025992872718546778,0.006402536555785788,0.01959033616276099,72.93103448275961,159.77755,159.92089716781607,159.63420283218392,0.0017943342830838785,0.09635714285714414,0.9999999999966375,0.001195595700863139,0.0013773759735544733,0.00025191056954706456,1
2026-09-01 07:00:00+00:00,159.943,160.02,159.915,159.98,1898,159.89419999999998,159.83239999999998,159.7913,159.81325999999999,159.8440713639586,159.80718906831297,0.03688229564562562,0.012498488373753757,0.02438380727187186,73.9635157545614,159.7913,159.95644503990476,159.62615496009525,0.002067009153874555,0.10007142857143135,0.9999999999967503,0.0012329221506668375,0.0016842922528816917,0.00024068981043155323,1
2026-09-01 08:00:00+00:00,159.981,160.023,159.917,159.926,2050,159.91899999999998,159.84739999999996,159.79379999999998,159.82342,159.85667576950343,159.81598987806757,0.04068589143585655,0.018135968986174318,0.02254992244968223,61.77536231884093,159.79379999999998,159.965718707824,159.62188129217594,0.0021517569245369204,0.0975714285714316,0.603916990493995,0.0007759602508103924,0.0009388143400759219,0.00027180451792718096,1
2026-09-01 09:00:00+00:00,159.925,160.06,159.887,160.05,1808,159.95559999999998,159.8778,159.80495000000002,159.83446,159.8864179588106,159.83332396117368,0.05309399763692113,0.025127574716323684,0.027966422920597447,74.04458598726336,159.80495000000002,160.0113940538332,159.59850594616685,0.0025837003651409626,0.1023571428571464,0.9999999999967588,0.0011447015331496058,0.0019030210459103358,0.0003261286219659232,1
2026-09-01 10:00:00+00:00,160.048,160.11,159.978,160.085,1582,159.997,159.90679999999998,159.82375,159.84478,159.91696904207052,159.85196663071636,0.06500241135415763,0.03310254204389048,0.03189986931026715,78.24726134585515,159.82375,160.05976683703312,159.58773316296686,0.0029534638879782724,0.10835714285714662,0.9999999999971473,0.0012947372371434618,0.0018148252448451085,0.000323812637591823,0
2026-09-01 11:00:00+00:00,160.088,160.146,159.979,160.11,2750,160.03019999999998,159.9425,159.84215,159.85327999999998,159.9466661125212,159.87108021362627,0.0755858988949285,0.04159921341409809,0.03398668548083041,80.64516129032216,159.84215,160.10695521141918,159.57734478858083,0.0033133339537684244,0.11464285714285845,0.9999999999973299,0.0010378632521383935,0.002234699817843966,0.0002846910555777205,1
2026-09-01 12:00:00+00:00,160.107,160.208,160.007,160.103,2996,160.05480000000003,159.9745,159.86339999999998,159.86264,159.97071747982562,159.88825945706137,0.08245802276425707,0.049770975284129895,0.03268704748012717,77.57166947723343,159.86339999999998,160.14065906562004,159.58614093437993,0.0034686997226389253,0.12421428571428805,0.9179381561658654,0.0007688461057633322,0.0020027161838245267,0.00029704314303443497,1
2026-09-01 13:00:00+00:00,160.105,160.164,160.023,160.028,2708,160.0752,159.9971,159.88025,159.87019999999998,159.97953017523707,159.89861060839016,0.08091956684691581,0.056000693596687086,0.024918873250228728,72.10031347962126,159.88025,160.15433709717345,159.60616290282653,0.003428654848531494,0.1277142857142865,0.7718536409866367,0.0006377949801783522,0.0014142501345415504,0.0003651505623833736,1
2026-09-01 14:00:00+00:00,160.03,160.087,159.89,160.071,3439,160.07940000000002,160.01749999999998,159.894,159.88013999999998,159.99360245596984,159.91138019295386,0.08222226301597857,0.061245007480545385,0.020977255535433184,71.83544303797338,159.894,160.17771371781978,159.61028628218023,0.003548772534551381,0.12721428571428614,0.7647816335957218,0.00013120899718832568,0.0012760607254780343,0.0003565110087637245,1
2026-09-01 15:00:00+00:00,160.069,160.105,160.013,160.029,2182,160.0682,160.0326,159.90805,159.8871,159.99904823197448,159.9200927712536,0.07895546072089132,0.06478709812861458,0.014168362592276745,71.83544303797338,159.90805,160.1891399649863,159.6269600350137,0.0035156449595415296,0.12342857142857001,0.7647816335957218,-0.00034981416122692455,0.0009444701584959692,0.00037735279060872276,1
2026-09-01 16:00:00+00:00,160.028,160.175,160.002,160.162,2354,160.0786,160.05440000000002,159.92995,159.893,160.02411773474765,159.9380118252348,0.08610590951283825,0.06905086040545931,0.017055049107378942,75.7823129251689,159.92995,160.21880580084053,159.64109419915945,0.0036122790114113943,0.12928571428571242,0.8506468829350341,0.0003247767160077242,0.0013629770419647524,0.00043529537508350515,0
2026-09-01 17:00:00+00:00,160.162,160.246,160.141,160.243,1582,160.1066,160.0807,159.95655000000002,159.8983,160.05779192940187,159.9606035418841,0.09718838751777525,0.0746783658279225,0.02251002168985275,77.66624843161685,159.95655000000002,160.25820820671635,159.6548917932837,0.003771751850315921,0.13335714285714215,0.8422224043636001,0.0008744370811288871,0.001643955494436744,0.00045043986613303624,0
2026-09-01 18:00:00+00:00,160.243,160.271,160.188,160.199,1409,160.1408,160.108,159.97769999999997,159.89842000000002,160.07951624795544,159.97826253878156,0.101253709173875,0.079993434497113,0.02126027467676199,71.39175257731993,159.97769999999997,160.2853143176385,159.67008568236145,0.0038457149670050824,0.13342857142857106,0.5098948349970513,0.0010685630014748426,0.001707039505771668,0.0004430240429670551,0
2026-09-01 19:00:00+00:00,160.201,160.247,160.174,160.222,1343,160.171,160.1252,160.0015,159.89926,160.10143682519308,159.9963171655385,0.10511965965457648,0.08501867952860571,0.020100980125970766,71.82741116751303,160.0015,160.30728458188983,159.69571541811015,0.003822271439828234,0.13314285714285745,0.5327056670720732,0.0009433313966928925,0.0010746641674477253,0.000388957611239634,1
2026-09-01 20:00:00+00:00,160.221,160.239,160.157,160.158,647,160.1968,160.1325,160.01965,159.89974,160.11013885208646,160.00829367179492,0.10184518029154788,0.08838397968119416,0.013461200610353719,63.61323155216176,160.01965,160.3167966233777,159.7225033766223,0.0037138766817412655,0.1307142857142846,0.09739739337386359,0.0008061038936693077,0.0004560077458848344,0.0004173987082262529,1
2026-09-01 21:00:00+00:00,160.167,160.189,160.118,160.143,316,160.19299999999998,160.1358,160.03915,159.90104000000002,160.11519441330393,160.01827191832862,0.0969224949753027,0.09009168274001587,0.006830812235286823,60.65359477124195,160.03915,160.31288231256596,159.76541768743405,0.003420816875945096,0.1282857142857117,0.0,-0.00011862988723920775,0.0002061083005433506,0.000417526628288577,1
2026-09-01 22:00:00+00:00,160.158,160.203,160.154,160.203,422,160.185,160.14579999999998,160.06015,159.90315999999999,160.12870296510332,160.0319554799339,0.09674748516940213,0.09142284322589314,0.005324641943508984,67.96368352788585,160.06015,160.31492690962804,159.80537309037194,0.0031835145678427643,0.12499999999999797,0.3656586265828888,-0.0002496208882758477,0.0006245979150920622,0.0004310972741392327,1
2026-09-01 23:00:00+00:00,160.203,160.229,160.149,160.197,826,160.1846,160.1627,160.0799,159.9045,160.13921020124127,160.0441809999388,0.09502920130248071,0.09214411484121067,0.002885086461270045,61.25574272587955,160.0799,160.310511909118,159.84928809088203,0.002881210059701216,0.11835714285714159,0.03012009859556986,-1.2484472437512828e-05,0.0010560651885920258,0.00039187440629420136,0
2026-09-02 00:00:00+00:00,160.2,160.292,160.129,160.289,2958,160.198,160.1845,160.101,159.90805999999998,160.16225478566568,160.06231574068408,0.09993904498159623,0.09370310086928779,0.006235944112308434,64.36619718309697,160.101,160.32676466553926,159.87523533446074,0.0028202780187414084,0.12057142857142773,0.1857084290164603,0.000418169789417,0.0013618956588012932,0.0004171072777360636,0
2026-09-02 01:00:00+00:00,160.292,160.391,160.264,160.366,1841,160.2396,160.2182,160.12539999999998,159.9131,160.19360020325558,160.08481087100378,0.10878933225180276,0.0967203471457908,0.012068985106011967,66.79790026246657,160.12539999999998,160.35513430877248,159.8956656912275,0.0028694299439375962,0.11771428571428544,0.3611609108048524,0.0012987175164527187,0.0021058683113686083,0.0004041798171869982,0
2026-09-02 02:00:00+00:00,160.366,160.39,160.246,160.261,1617,160.2632,160.22809999999998,160.14125,159.91902,160.20396940275472,160.0978619175961,0.10610748515861701,0.09859777474835606,0.007509710410260953,59.18604651162671,160.14125,160.36184811039863,159.9206518896014,0.002755044192531429,0.1136428571428557,0.0,0.0007368414479558272,0.0006181241492988487,0.0004233305144115323,0
2026-09-02 03:00:00+00:00,160.26,160.27,160.197,160.209,1225,160.2644,160.2247,160.1527,159.92674,160.20474334079245,160.10609436814454,0.09864897264790784,0.09860801432826642,4.095831964141816e-05,60.81242532855483,160.1527,160.36151530493387,159.94388469506615,0.00260770258551825,0.10878571428571401,0.08800655014272653,3.745248216335817e-05,-0.00021217775503445946,0.0004077313965464762,0
2026-09-02 04:00:00+00:00,160.21,160.216,160.026,160.108,2286,160.2466,160.2156,160.16180000000003,159.93344000000002,160.1898597499013,160.10623552605978,0.08362422384152524,0.09561125623091819,-0.011987032389392957,52.06703910614557,160.16180000000003,160.34306293782043,159.98053706217962,0.0022634977606446286,0.10828571428571365,0.0,-0.0005555659594124185,-0.0005680434959020042,0.00044603621109587344,0
2026-09-02 05:00:00+00:00,160.108,160.129,159.794,159.823,3898,160.1534,160.1757,160.15045,159.93388,160.13341978837803,160.085255116722,0.04816467165602489,0.08612193931593955,-0.037957267659914654,40.949033391916174,160.15045,160.38250124206314,159.91839875793687,0.002897915579545808,0.12564285714285614,0.0,-0.002907248781887639,-0.0024902947160814204,0.0006952387088339202,1
2026-09-02 06:00:00+00:00,159.822,159.822,159.431,159.596,8574,159.9994,160.11950000000002,160.126,159.93002,160.0507398209353,160.04901399696482,0.0017258239704744938,0.06924271624684654,-0.06751689227637205,27.029220779220665,160.126,160.4653343328773,159.78666566712272,0.004238341467060761,0.14128571428571288,0.0,-0.0048015165309355234,-0.0035090348281071604,0.0007884701151785002,1
2026-09-02 07:00:00+00:00,159.593,159.765,159.545,159.689,4845,159.88500000000002,160.0741,160.10494999999997,159.92724,159.99508754079142,160.02234629348592,-0.027258752694507393,0.04994242245857575,-0.07720117515308314,27.733118971061003,160.10494999999997,160.4966542251438,159.71324577485615,0.004893093250943536,0.14949999999999722,0.01571264789353466,-0.0035691777787484336,-0.002834966248915105,0.0008403220076761709,0
2026-09-02 08:00:00+00:00,159.688,159.853,159.639,159.85,3534,159.8132,160.0388,160.0923,159.9283,159.97276638066967,160.00957990137584,-0.036813520706175495,0.032591233825625496,-0.06940475453180099,37.17854518736175,160.0923,160.50027270289968,159.6843272971003,0.0050967186166940475,0.1588571428571401,0.22655657115049158,-0.002240822925054231,-0.00220345436727154,0.000915940098211483,0
2026-09-02 09:00:00+00:00,159.85,159.88,159.771,159.857,2660,159.763,160.0048,160.08374999999998,159.93395999999998,159.95495616825897,159.99827768645912,-0.04332151820014474,0.017408683420471444,-0.06073020162061618,36.431226765799195,160.08374999999998,160.50436802898977,159.6631319710102,0.005254974711546837,0.16142857142856876,0.2296843626428723,-0.0015676918080296254,-0.0021223868112386635,0.0009180988057438392,0
2026-09-02 10:00:00+00:00,159.857,159.92,159.837,159.889,2083,159.7762,159.9648,160.07465,159.93702,159.9448090654499,159.9901830430177,-0.04537397756780592,0.004852151222815966,-0.05022612879062189,39.75628332064076,160.07465,160.5042095173463,159.64509048265367,0.005366989930589507,0.16149999999999767,0.31091314473900156,0.00041295683349718004,-0.0024954925166417175,0.0008896779083851253,0
2026-09-02 11:00:00+00:00,159.891,159.903,159.619,159.629,3277,159.7828,159.8911,160.05464999999998,159.93496,159.8962230553807,159.9634287435349,-0.06720568815421757,-0.009559416652590746,-0.05764627150162682,33.50449293966645,160.05464999999998,160.52815797247285,159.5811420275271,0.005916828689111794,0.17671428571428294,0.15818632334782784,0.00020677209955133335,-0.004595737251038345,0.000945309503702552,0
2026-09-02 12:00:00+00:00,159.629,159.71,159.495,159.59,4639,159.76299999999998,159.824,160.02605,159.93232,159.84911181609132,159.9357673551249,-0.08665553903358614,-0.024978641128789832,-0.0616768979047963,30.058555627846914,160.02605,160.53965704823364,159.51244295176636,0.006419043002481632,0.18778571428571159,0.07617388578101658,-0.0006199550376042584,-0.004186920086608703,0.0009448302609897677,0
2026-09-02 13:00:00+00:00,159.588,159.613,158.202,158.565,21135,159.506,159.6596,159.94215,159.90952,159.6515561520773,159.83422903252307,-0.18267288044577867,-0.056517488992187614,-0.12615539145359106,18.07511737089243,159.94215,160.762910693372,159.121389306628,0.010263219462436819,0.28285714285713937,0.0,-0.008038786362214556,-0.010261595790498679,0.0021173903138966663,1
2026-09-02 14:00:00+00:00,158.561,158.854,158.502,158.741,9062,159.2828,159.5229,159.86925000000002,159.88682,159.51147059021926,159.75324910418803,-0.24177851396876804,-0.09356969398750371,-0.14820881998126434,20.68181818181948,159.86925000000002,160.83936445336434,158.8991355466357,0.012136348339212415,0.2963571428571389,0.053500655262704436,-0.006981239482787616,-0.008537986858870195,0.002222689032589777,1
2026-09-02 15:00:00+00:00,158.743,158.826,158.602,158.792,5346,159.0634,159.41979999999998,159.79775,159.86612,159.4007828071086,159.68204546684075,-0.2812626597321355,-0.1311082871364301,-0.15015437259570538,19.89288446824804,159.79775,160.8643846239679,158.7311153760321,0.013349807791009574,0.3032857142857109,0.04253349553865503,-0.0068610098255665886,-0.006450886292961644,0.0022248324908341697,0
2026-09-02 16:00:00+00:00,158.792,158.881,158.782,158.848,2814,158.90720000000002,159.345,159.73225,159.8489,159.31573929832268,159.62026432114882,-0.3045250228261409,-0.1657916342743723,-0.13873338855176862,22.456140350877817,159.73225,160.8646029066759,158.59989709332407,0.014178137560522929,0.30007142857142605,0.10251050403818569,-0.004892594703969744,-0.0046868342564976295,0.002226802236171204,0
2026-09-02 17:00:00+00:00,158.848,158.961,158.768,158.876,3682,158.76440000000002,159.26370000000003,159.6689,159.83158,159.24808709858073,159.56513363069337,-0.31704653211264144,-0.19604261384202615,-0.1210039182706153,23.770169224714977,159.6689,160.84540184422622,158.4923981557738,0.014736768954081965,0.30864285714285494,0.16754133226599646,-0.004473964534118635,-0.00509114591487192,0.002209143613777261,0
2026-09-02 18:00:00+00:00,158.877,158.974,158.826,158.933,2738,158.83800000000002,159.172,159.6054,159.81668,159.19961216033755,159.51830891730867,-0.31869675697112143,-0.22057344246784524,-0.09812331450327619,26.471766119343116,159.6054,160.79751309954176,158.41328690045825,0.014938255216198914,0.30564285714285483,0.36708400698404675,0.0023208148078075475,-0.00573662808883324,0.002168792710376423,0
2026-09-02 19:00:00+00:00,158.936,159.01,158.756,158.768,2097,158.8434,159.06310000000002,159.53395,159.79822000000001,159.1332102895164,159.4627304789895,-0.3295201894731008,-0.24236279186889637,-0.08715739760420443,27.808161548169906,159.53395,160.74786328485663,158.32003671514337,0.015218243951919081,0.2998571428571414,0.4489170093431052,0.0001700883829633959,-0.006812338527559025,0.0021615784635230957,0
2026-09-02 20:00:00+00:00,158.768,158.783,158.607,158.62,1425,158.809,158.9362,159.4505,159.7747,159.05425486036003,159.40030599906433,-0.34605113870429705,-0.2631004612359765,-0.08295067746832052,28.76414273281118,159.4505,160.67528414854192,158.2257158514581,0.015362562657902163,0.28442857142856937,0.4930097111310347,-0.0010831779938536013,-0.007936756124561462,0.0021398256141026634,0
2026-09-02 21:00:00+00:00,158.613,158.636,158.569,158.594,525,158.75820000000002,158.8327,159.36190000000002,159.75162,158.98344642030466,159.34057962876327,-0.3571332084586061,-0.28190701068050245,-0.07522619777810363,25.459435230838466,159.36190000000002,160.5639955212038,158.15980447879625,0.015086360305741502,0.2734999999999985,0.340586750593904,-0.0015990128928284886,-0.00648378427478713,0.00212659831198001,0
2026-09-02 22:00:00+00:00,158.676,158.826,158.674,158.77,1118,158.737,158.7507,159.28735,159.73254,158.95060850948857,159.2983144710771,-0.34770596158853095,-0.2950668008621082,-0.05263916072642277,25.957257346394343,159.28735,160.43852519357762,158.1361748064224,0.014454069247528002,0.27478571428571286,0.3635477904525265,-0.0006671869885948034,-0.005138166551788892,0.0021971143309849816,0
2026-09-02 23:00:00+00:00,158.769,158.931,158.753,158.897,1631,158.72979999999998,158.7839,159.22175,159.71626,158.9423610464903,159.26858747321955,-0.3262264267292494,-0.3012987260355364,-0.024927700693712973,29.71259509721044,159.22175,160.29893812802143,158.14456187197854,0.013530665603429774,0.27971428571428547,0.5367551612877821,-0.0002265105421781488,0.0020937785766088624,0.0007472746239015203,0
2026-09-03 00:00:00+00:00,158.897,158.965,158.543,158.706,5695,158.7174,158.78040000000001,159.15165,159.69485999999998,158.9059978085687,159.22691432705514,-0.32091651848642755,-0.30522228452571465,-0.0156942339607129,26.574257425742204,159.15165,160.16668088363312,158.13661911636686,0.012755518194541252,0.3039285714285711,0.5508414787695787,-0.0003905069031543418,-0.00022048494087867354,0.0007939036046189175,0
2026-09-03 01:00:00+00:00,158.707,158.723,158.219,158.502,6428,158.6938,158.75140000000002,159.0856,159.66998,158.84384429955816,159.1732169694955,-0.3293726699373565,-0.31005236160804306,-0.019320308329313418,27.176994734710476,159.0856,160.08853766400844,158.08266233599156,0.012608779977677956,0.3196428571428588,0.7595380531509726,-0.0007439162778968278,-0.0018262884780089195,0.0008751814903667611,0
2026-09-03 02:00:00+00:00,158.502,158.526,157.913,158.03,8481,158.581,158.6696,159.0073,159.63468,158.71863748424153,159.08853423101436,-0.369896746772838,-0.32202123864100207,-0.04787550813183594,23.121984838042565,159.0073,160.084246384822,157.93035361517798,0.013545873489104066,0.3480714285714299,0.43367365212595343,-0.003556250551723261,-0.005149576954069368,0.0012162063892672192,0
2026-09-03 03:00:00+00:00,158.03,158.031,157.618,157.771,6550,158.38119999999998,158.5591,158.91140000000001,159.59504,158.57284710205053,158.9909391027911,-0.4180920007405575,-0.3412353910609132,-0.0768566096796443,31.413857677902328,158.91140000000001,160.07115503765226,157.75164496234777,0.014596247187454723,0.2767857142857163,0.9999999999913202,-0.006292120677710011,-0.0069551096452580286,0.0012367752554177855,0
2026-09-03 04:00:00+00:00,157.77,157.871,157.541,157.676,4109,158.137,158.43339999999998,158.80270000000002,159.5529,158.434870624812,158.89353620628802,-0.4586655814760263,-0.3647214291439359,-0.09394415233209041,24.087591240875,158.80270000000002,159.99899517568176,157.60640482431828,0.015066433702723446,0.27521428571428835,0.36409309320114464,-0.0076842231130858085,-0.007908993097720418,0.0011817366675511624,0
2026-09-03 05:00:00+00:00,157.675,157.787,157.364,157.37,4444,157.8698,158.2936,158.67835,159.50426,158.2710443748409,158.78068167248892,-0.5096372976480268,-0.3937046028447541,-0.11593269480327267,19.220779220778937,158.67835,159.9290047800804,157.4276952199196,0.015763395322429253,0.289428571428575,0.0,-0.008418081231963415,-0.008805300816285389,0.0012357615778192332,0
2026-09-03 06:00:00+00:00,157.373,157.433,156.994,157.125,9156,157.5944,158.1441,158.54014999999998,159.44942,158.09472985563457,158.65803858563788,-0.5633087300033139,-0.4276254282764661,-0.13568330172684784,15.526210484192958,158.54014999999998,159.8375068717287,157.24279312827127,0.01636628793058048,0.3137142857142895,0.0,-0.008687587538327657,-0.009425040978439103,0.00125415504822711,0
2026-09-03 07:00:00+00:00,157.128,157.369,156.35,157.049,16080,157.3982,157.9896,158.41115,159.39284,157.9338483393831,158.5388505422573,-0.6050022028742035,-0.46310078319601367,-0.1419014196781898,14.134275618374161,158.41115,159.7645087496495,157.05779125035048,0.0170866602464475,0.372714285714289,0.0,-0.0062076820856799,-0.009741856564560947,0.0012359479274743717,0
2026-09-03 08:00:00+00:00,157.048,157.142,156.529,156.693,6003,157.1826,157.7819,158.2663,159.32782,157.74294859486264,158.40212087246047,-0.6591722775978326,-0.5023150820763774,-0.15685719552145516,10.646521433591005,158.2663,159.70579744153986,156.82680255846014,0.018190826999049784,0.40592857142857497,0.0,-0.006832687883070898,-0.013081816464067475,0.0010494280533302211,0
2026-09-03 09:00:00+00:00,156.693,156.852,156.188,156.409,7880,156.92919999999998,157.53310000000002,158.1585,159.25639999999999,157.53772573411453,158.25448228931526,-0.7167565552007318,-0.5452033767012483,-0.17155317849948348,10.219224283305124,158.1585,159.8109718964055,156.5060281035945,0.02089640324618027,0.43521428571429105,0.0,-0.008035465131028152,-0.015657941937229802,0.0007454724852376741,0
2026-09-03 10:00:00+00:00,156.407,156.477,156.171,156.318,5450,156.71880000000002,157.2943,158.03735,159.18424,157.35007562117383,158.11103915677342,-0.7609635355995863,-0.5883554084809159,-0.17260812711867035,10.419532324621684,158.03735,159.85684897961792,156.21785102038208,0.023026189437090897,0.44450000000000706,0.009450884928572375,-0.0066848827603736005,-0.01504669010623405,0.0008036386772482288,0
2026-09-03 11:00:00+00:00,156.316,156.364,155.833,156.09,7120,156.5118,157.0531,157.90225,159.10504,157.15621783330093,157.96133255256797,-0.8051147192670385,-0.6317072706381405,-0.173407448628898,9.742765273311846,157.90225,159.88017415106256,155.92432584893746,0.02505251383134252,0.4776428571428641,0.0,-0.006587112171837717,-0.015217473596547682,0.000800006969500648,0
2026-09-03 12:00:00+00:00,156.09,156.16,155.389,155.561,12432,156.2142,156.8062,157.73790000000002,159.01456,156.91079970510077,157.78353014126665,-0.872730436165881,-0.6799119037436886,-0.19281853242219238,3.6673404562512957,157.73790000000002,159.92059094178634,155.5552090582137,0.027674908082158046,0.5161428571428631,0.0,-0.00947474991881514,-0.015623615769157717,0.000888278515317276,0
2026-09-03 13:00:00+00:00,155.563,155.743,155.382,155.396,10854,155.9548,156.5687,157.5639,158.92028,156.67775359662372,157.60667605672836,-0.9289224601046442,-0.7297140150158798,-0.19920844508876434,0.0,157.5639,159.9130708638061,155.21472913619388,0.029818643278138057,0.5292142857142892,0.0,-0.008277332108007518,-0.015053463564279834,0.0009022290164508117,1
2026-09-03 14:00:00+00:00,155.402,155.783,155.338,155.422,10376,155.75740000000002,156.3433,157.38835,158.82666,156.4845607356047,157.4448482006744,-0.9602874650696833,-0.7758287050266406,-0.18445876004304274,0.7793764988012839,157.38835,159.82967459947187,154.94702540052813,0.031022939111717853,0.530857142857146,0.024809958292611903,-0.006310378558778584,-0.014295136862934044,0.0010145736954941585,1
2026-09-03 15:00:00+00:00,155.424,155.746,155.348,155.388,8325,155.5714,156.1451,157.21935,158.73386,156.3158590839732,157.29248907469852,-0.9766299907253142,-0.8159889621663754,-0.1606410285589388,0.8212255211626598,157.21935,159.72563929106602,154.71306070893397,0.03188270770825634,0.5232857142857158,0.02614214177642137,-0.005949410816412759,-0.012594522462985314,0.0010647233100878981,1
2026-09-03 16:00:00+00:00,155.386,155.442,155.296,155.356,4371,155.4246,155.9682,157.05615,158.63956,156.16818845566965,157.14904543953566,-0.9808569838660048,-0.8489625665063014,-0.13189441735970342,0.9537784299343457,157.05615,159.60316586174594,154.50913413825407,0.03243446196466593,0.4899285714285741,0.030361709781420214,-0.0047024152732398905,-0.011258552108194153,0.001108539773440782,1
2026-09-03 17:00:00+00:00,155.354,155.489,155.349,155.467,3534,155.4058,155.81,156.8998,158.54832,156.06031330864354,157.02444948105153,-0.96413617240799,-0.8719972876866393,-0.09213888472135068,5.3141970519793205,156.8998,159.43320358535718,154.36639641464282,0.03229326723625113,0.47042857142857436,0.22061969579338547,-0.000604264565025936,-0.010073289228202609,0.0012428957617545873,1
2026-09-03 18:00:00+00:00,155.467,155.578,155.385,155.493,2843,155.4252,155.69,156.73595,158.45494,155.97303433808298,156.91100877875144,-0.9379744406684551,-0.8851927182830024,-0.052781722385452756,6.4966121960944605,156.73595,159.18245715359998,154.28944284640002,0.03121820046517702,0.4606428571428601,0.33799941830856645,0.0006242116914205731,-0.007658287224062477,0.0012075205209049367,1
2026-09-03 19:00:00+00:00,155.495,155.849,155.477,155.748,4010,155.4904,155.6239,156.57850000000002,158.36504000000002,155.93841367068558,156.8248599803254,-0.8864463096398367,-0.8854434365543692,-0.0010028730854675372,17.005695687550926,156.57850000000002,158.83755126802444,154.3194487319756,0.028855191076992324,0.45700000000000174,0.9999999999941197,0.0020975151522950597,-0.004226099521127291,0.0013596210453288406,1
2026-09-03 20:00:00+00:00,155.726,155.805,155.719,155.772,1017,155.5672,155.5693,156.4318,158.2765,155.91281156750318,156.74687035215314,-0.8340587846499545,-0.8751665061734863,0.041107721523531815,19.75860527492189,156.4318,158.4803940339103,154.38320596608972,0.02619152926592024,0.43178571428571744,0.999999999994939,0.002471233299868647,-0.0034928798986681997,0.0013699219047507711,1
2026-09-03 21:00:00+00:00,155.78,155.872,155.748,155.85,586,155.666,155.5453,156.29919999999998,158.18906,155.90314824942578,156.6804355112529,-0.7772872618271265,-0.8555906573042144,0.07830339547708787,23.224653863331966,156.29919999999998,158.1135063746334,154.48489362536657,0.023215811400613923,0.3678571428571473,0.9999999999956943,0.0031797935065269733,-0.0015375744762637922,0.0013332154297517067,1
2026-09-03 22:00:00+00:00,155.859,156.133,155.807,156.118,1372,155.7962,155.60099999999997,156.2036,158.10826,155.93620236489875,156.63877362153048,-0.7025712566317281,-0.8249867771697171,0.12241552053798899,36.63412366341221,156.2036,157.82516446874564,154.58203553125435,0.02076219074010645,0.3473571428571489,0.9999999999972703,0.004187383817787493,0.003580588965100384,0.0008447516447826885,1
2026-09-03 23:00:00+00:00,156.119,156.164,155.622,155.638,4244,155.8252,155.6252,156.09695,158.01816,155.89032507799126,156.56464224215784,-0.674317164166581,-0.79485285456909,0.120535690402509,33.57477631018355,156.09695,157.55699073122096,154.63690926877902,0.018706845088529548,0.3386428571428602,0.9164891350635531,0.0009325178625405606,0.0015573116425133815,0.0013243930363719218,1
2026-09-04 00:00:00+00:00,155.641,155.958,155.282,155.768,10880,155.8292,155.6598,156.00155,157.92946,155.8715058352234,156.50563170570172,-0.6341258704783286,-0.7627074577509378,0.12858158727260927,38.47443419949694,156.00155,157.2629987034996,154.74010129650043,0.01617225858973301,0.3650714285714299,0.9999999999974009,0.000128412563885405,0.0022261970634787076,0.0013417346469626374,1
2026-09-04 01:00:00+00:00,155.77,156.074,155.672,155.854,7508,155.84560000000002,155.70639999999997,155.92575000000002,157.8426,155.8688126298044,156.45736269046455,-0.5885500606601397,-0.7278759783327783,0.13932591767263858,44.741532976827386,155.92575000000002,157.0108310059416,154.84066899405843,0.013917919342271422,0.3558571428571448,0.9999999999977649,0.0005264103946795995,0.002998944577444984,0.0013356513585814766,1
2026-09-04 02:00:00+00:00,155.852,156.093,155.773,156.065,3623,155.8886,155.7773,155.87275000000002,157.75812,155.8989953021422,156.42829878746716,-0.5293034853249594,-0.6881614797312146,0.15885799440625514,63.08411214953236,155.87275000000002,156.8038120703953,154.94168792960474,0.011946437980920781,0.3236428571428596,0.9999999999984148,0.0013795316008984315,0.004563711733051923,0.0013608030589690155,1
2026-09-04 03:00:00+00:00,156.067,156.439,156.032,156.364,4042,155.93779999999998,155.86700000000002,155.8385,157.67808000000002,155.97053448642802,156.42353591432146,-0.4530014278934402,-0.6411294693636598,0.18812804147021955,73.49514563106837,155.8385,156.6268313489712,155.05016865102883,0.010117286151640112,0.32692857142857334,0.9999999999986248,0.0015757311776989358,0.005769713186721148,0.0014370294204567318,1
2026-09-04 04:00:00+00:00,156.366,156.445,156.251,156.322,3388,156.07459999999998,155.9499,155.81995,157.5993,156.02460610390062,156.41601473548283,-0.39140863158220895,-0.5911853018073696,0.19977667022516066,71.6763005780349,155.81995,156.53794207588513,155.10195792411488,0.00921566302498648,0.30900000000000155,0.9749725203982349,0.004394813605931747,0.005331429710662361,0.001457284851848029,1
2026-09-04 05:00:00+00:00,156.325,156.416,156.229,156.335,2971,156.18800000000002,156.00860000000003,155.81625,157.52182000000002,156.07235901099284,156.41001364396556,-0.3376546329727148,-0.5404791680404387,0.2028245350677239,73.04136253041361,155.81625,156.52212127944057,155.11037872055942,0.009060303780132973,0.2939285714285721,0.9937444920289972,0.0036400287607212256,0.0037689087500321072,0.0014081996311974877,0
2026-09-04 06:00:00+00:00,156.333,156.441,156.076,156.272,7501,156.27159999999998,156.0586,155.81395,157.4451,156.10307300930162,156.3997904110792,-0.29671740177758466,-0.4917268147878679,0.19500941301028324,71.95589645254054,155.81395,156.51320628912146,155.11469371087856,0.00897552868817523,0.3095714285714288,0.9774240574426731,0.002681997253839885,0.003209819479752518,0.0014288709193170648,0
2026-09-04 07:00:00+00:00,156.269,156.41,156.21,156.301,5309,156.31879999999998,156.1037,155.8245,157.37466,156.13352331556288,156.39247260285111,-0.25894928728823174,-0.4451713092879407,0.18622202199970894,70.8083832335324,155.8245,156.5472644298344,155.1017355701656,0.009276646866627505,0.3138571428571412,0.9598981909023482,0.0015121904334731706,0.002893808148860977,0.0014279522926353067,0
2026-09-04 08:00:00+00:00,156.3,156.437,156.288,156.411,3889,156.3282,156.133,155.867,157.31096,156.17621203624552,156.39384500263992,-0.21763296639440455,-0.3996636407092335,0.18203067431482894,71.98275862068957,155.867,156.62369224779698,155.110307752203,0.009709460601628197,0.3107142857142833,0.9732270890938338,0.0003005806963238822,0.0018767855083974272,0.0013488894722801213,0
2026-09-04 09:00:00+00:00,156.411,156.582,156.303,156.476,4058,156.359,156.21679999999998,155.921,157.2467,156.2223332614385,156.39993055799994,-0.17759729656143008,-0.35525037187967284,0.17765307531824276,69.1780821917808,155.921,156.6902087527093,155.15179124729067,0.009866647247122811,0.3040714285714269,0.9196624231711311,0.0009851460447025673,0.005384289183875346,0.0007119825472904803,0
2026-09-04 10:00:00+00:00,156.476,156.48,156.277,156.324,3594,156.3568,156.2724,155.9661,157.17618000000002,156.23797429814027,156.39430607222215,-0.15633177408187748,-0.3154666523201138,0.1591348782382363,63.62290227048416,155.9661,156.7176902859114,155.21450971408862,0.009637867278997047,0.31242857142856906,0.8036175296180298,-7.036172322250067e-05,0.0035694109188024736,0.000844817290181065,0
2026-09-04 11:00:00+00:00,156.323,156.367,156.171,156.263,3365,156.355,156.31329999999997,156.00985,157.1043,156.2418244061187,156.384579696502,-0.14275529038329182,-0.2809243799327494,0.13816908954945756,60.2787456445995,156.00985,156.72050374645474,155.29919625354526,0.0091103702292482,0.31757142857142434,0.6689309189426401,-5.759189106169238e-05,0.0026242509014846593,0.0008726925816593767,0
2026-09-04 12:00:00+00:00,156.26,156.751,155.349,155.686,23096,156.23200000000003,156.27540000000002,156.02635,157.02024,156.15631295902352,156.33283305231666,-0.176520093293135,-0.2600435226048265,0.08352342931169149,40.68162208800721,156.02635,156.68662116437724,155.36607883562277,0.008463585341543081,0.39442857142856674,0.1780255518349582,-0.003934715708792558,-0.002428475314772638,0.0014436964566290832,1
2026-09-04 13:00:00+00:00,155.684,156.144,155.479,155.843,14441,156.1184,156.2233,156.04514999999998,156.94452,156.1081109653276,156.29654912251542,-0.18843815718781798,-0.2457224495214248,0.05728429233360682,55.137844611528415,156.04514999999998,156.65807680938755,155.4322231906124,0.007855762378870139,0.40321428571428236,0.47581587383064144,-0.0036314581455269,-0.0033319689954209863,0.0013158385915021807,1
2026-09-04 14:00:00+00:00,155.844,156.193,155.83,156.114,9603,156.046,156.2025,156.0762,156.875,156.10901697066183,156.28302696529204,-0.17400999463021094,-0.23137995854318208,0.05736996391297114,58.09925093632958,156.0762,156.63156904750738,155.52083095249262,0.00711663978886446,0.3808571428571404,0.5308064166108877,-0.0023134538203941624,-0.001330586865572303,0.0014707622259232367,1
2026-09-04 15:00:00+00:00,156.117,156.168,155.929,156.111,5800,156.0034,156.1801,156.09435,156.82592,156.10932205209846,156.27028422712223,-0.1609621750237693,-0.21729640183929955,0.05633422681553024,56.25913297613184,156.09435,156.62785332705798,155.560846672942,0.0068356519894280056,0.36921428571428244,0.4747283804384738,-0.0013625546940970734,-0.0014328205456233256,0.0014694525663936477,1
2026-09-04 16:00:00+00:00,156.114,156.134,155.972,156.001,3733,155.951,156.153,156.1058,156.77112,156.09265712100637,156.2503372473354,-0.1576801263290406,-0.20537314673724774,0.04769302040820714,48.360655737705116,156.1058,156.61964109768115,155.59195890231882,0.0065832415923196405,0.35792857142856704,0.23402039222021723,-0.0016766605018462277,-0.0017341558308588967,0.0014784644566156792,1
2026-09-04 17:00:00+00:00,156.003,156.192,156.001,156.141,3459,156.04199999999997,156.137,156.12035,156.7181,156.10009448700538,156.24223819197724,-0.1421437049718577,-0.19272725838416976,0.05058355341231208,43.78137200223055,156.12035,156.61997650258695,155.62072349741305,0.006400530136999425,0.3424999999999971,0.09579032068352551,0.0029225492337139336,-0.0010236658754582129,0.001514326697640779,1
2026-09-04 18:00:00+00:00,156.138,156.281,156.117,156.22,2556,156.1174,156.1179,156.12545,156.66554,156.11854148900457,156.24059091849745,-0.12204942949287556,-0.17859169260591093,0.05654226311303537,47.21311475409827,156.12545,156.62705394313792,155.62384605686208,0.006425652488276866,0.34035714285714186,0.20184008205181914,0.002419101275001223,-0.001221141735555653,0.0015038964613299731,0
2026-09-04 19:00:00+00:00,156.219,156.257,156.196,156.234,1691,156.14139999999998,156.0937,156.15525,156.61270000000002,156.13630433685003,156.24010270231247,-0.10379836546243837,-0.16363302717721642,0.059834661714778054,47.241944292736264,156.15525,156.60282727939958,155.7076727206004,0.005732465343298821,0.33135714285714357,0.20958734830149978,0.00076866904954076,-0.0015465630512027095,0.0014944735615535075,0
2026-09-04 20:00:00+00:00,156.234,156.268,156.164,156.242,890,156.16760000000002,156.0855,156.17895000000001,156.55888,156.15256520810385,156.24024324288192,-0.08767803477806524,-0.1484420286973862,0.06076399391932097,49.15540540540536,156.17895000000001,156.58879591454152,155.7691040854585,0.005248414265065891,0.3127142857142867,0.27071807148355065,0.0008391465047306035,-0.0005245515723754091,0.0014670442288842109,0
2026-09-06 21:00:00+00:00,155.966,156.127,155.94,156.127,437,156.19279999999998,156.0719,156.1926,156.50606,156.14863209916481,156.23185485452032,-0.08322275535550716,-0.13539817402901042,0.052175418673503254,45.32760472610148,156.1926,156.57408044025607,155.81111955974393,0.004884744094868382,0.3200000000000013,0.14842856051659434,0.0008076871302107325,-0.0008703275887446127,0.0014799352500994003,1
2026-09-06 22:00:00+00:00,156.129,156.275,156.118,156.215,659,156.2076,156.1248,156.2001,156.45796,156.15884254544716,156.23060634677807,-0.07176380133091698,-0.12267129948939173,0.05090749815847476,44.673913043478166,156.2001,156.57688691448823,155.82331308551176,0.0048244132300585656,0.32057142857143056,0.1400977855115511,0.00047393061399647607,0.003397864933263106,0.0007685724184970204,0
2026-09-06 23:00:00+00:00,156.215,156.242,156.087,156.201,1794,156.2038,156.1606,156.19195,156.4101,156.16532830768605,156.22841328405377,-0.06308497636771904,-0.11075403486505721,0.04766905849733817,42.31414197875875,156.19195,156.56077714534058,155.8231228546594,0.00472274205348725,0.31171428571428805,0.07116080174075799,-0.00012162335168353078,0.002297183704112582,0.0007403074309104877,0
2026-09-07 00:00:00+00:00,156.202,156.256,155.8,155.887,5968,156.1344,156.1379,156.1702,156.35244,156.12250856804204,156.2031234111609,-0.08061484311886602,-0.10472619651581898,0.02411135339695296,38.800615069194784,156.1702,156.55757421046,155.78282578954,0.0049609235367566356,0.3297857142857156,0.0,-0.0022210274332091773,-0.0014540656187145284,0.0008344391468942436,0
2026-09-07 01:00:00+00:00,155.889,156.123,155.845,156.033,4720,156.0926,156.1301,156.1551,156.29516,156.10873801911248,156.19052167700085,-0.08178365788836572,-0.10013768879032833,0.01835403090196261,44.3516699410603,156.1551,156.53895408409554,155.77124591590447,0.004916318251476023,0.335642857142858,0.2876397539211615,-0.0013376684886265977,-0.0004996444837327418,0.0009024404572466302,0
2026-09-07 02:00:00+00:00,156.035,156.24,156.019,156.193,2228,156.1058,156.14929999999998,156.15115,156.24490000000003,156.1217014007875,156.19070525648226,-0.06900385569477407,-0.09391092217121749,0.024907066476443418,65.65781346510235,156.15115,156.53154938843133,155.77075061156867,0.004872194517060279,0.25128571428571433,0.9999999999962766,0.0004227327752406307,0.001230761341273423,0.0009283754729640092,0
2026-09-07 03:00:00+00:00,156.192,156.214,156.039,156.05,2098,156.0728,156.1402,156.1386,156.19585999999998,156.11067041605097,156.18028264489098,-0.06961222884001472,-0.08905118350497694,0.01943895466496222,56.448598130841845,156.1386,156.51472114507365,155.76247885492634,0.004817785545325165,0.21628571428571572,0.6571043934452414,-0.0010562365969977172,-0.0005828065658601833,0.0009374013911380667,0
2026-09-07 04:00:00+00:00,156.05,156.173,156.025,156.046,2141,156.0418,156.1228,156.12035,156.15618,156.10072112127386,156.17033578230647,-0.0696146610326025,-0.08516387901050206,0.015549217977899557,47.45889387144947,156.12035,156.4756647011089,155.7650352988911,0.004551805079977204,0.20092857142857262,0.32238205469494446,-0.0009923111887888414,-0.0011138138522597263,0.0009167178568323583,0
2026-09-07 05:00:00+00:00,156.045,156.097,155.782,155.804,2545,156.02519999999998,156.0798,156.08675,156.11684,156.05507171800096,156.1431997984319,-0.08812808043094833,-0.08575671929459132,-0.0023713611363570114,40.26632847178206,156.08675,156.42724244520997,155.74625755479002,0.004362861616504603,0.20635714285714357,0.05457432234648722,-0.0005324369575397947,-0.002752281833659831,0.0010179988293380986,0
2026-09-07 06:00:00+00:00,155.804,155.905,155.543,155.864,4631,155.9914,156.042,156.06375,156.0806,156.02567606907775,156.1225183318814,-0.09684226280364783,-0.08797382799640263,-0.008868434807245196,45.514079895219325,156.06375,156.39886718293403,155.72863281706597,0.004294619127555597,0.22064285714285908,0.2499689180917145,-0.001083104215133912,-0.0024193238693820396,0.0010352206418163268,0
2026-09-07 07:00:00+00:00,155.867,155.902,155.52,155.547,4997,155.8622,155.984,156.02795,156.04414,155.95203359691195,156.07988734433462,-0.12785374742267663,-0.09594981188165744,-0.031903935541019196,32.57042253521152,156.02795,156.4213532215407,155.6345467784593,0.005042727556706274,0.23428571428571437,0.0,-0.004135908779522857,-0.0037149243884786465,0.0011758692022770128,0
2026-09-07 08:00:00+00:00,155.549,155.573,154.055,154.465,23110,155.5452,155.809,155.96689999999998,155.99094000000002,155.72325919738702,155.9602660595691,-0.2370068621820849,-0.12416122194174295,-0.11284564024034194,17.584041374215005,155.96689999999998,156.75982659777262,155.17397340222735,0.0101678830286764,0.330999999999999,0.0,-0.0101570009612304,-0.011202509362097102,0.0023397982547718327,1
2026-09-07 09:00:00+00:00,154.469,154.566,154.216,154.499,5440,155.2358,155.6388,155.8997,155.93994,155.53491162855826,155.85202412923064,-0.31711250067237984,-0.16275147768787035,-0.1543610229845095,18.188485515217664,155.8997,156.92931844745996,154.87008155254003,0.01320872904129985,0.35164285714285526,0.01257326219083977,-0.009913743383361262,-0.010896217053668056,0.0023569915135893274,0
2026-09-07 10:00:00+00:00,154.5,154.745,154.457,154.645,4107,155.004,155.5146,155.82625000000002,155.89898,155.3980021472416,155.76261493447282,-0.36461278723120927,-0.20312373959653815,-0.16148904763467112,22.12914485165838,155.82625000000002,156.99207852850495,154.66042147149508,0.01496318532346035,0.3647857142857122,0.09454434881542137,-0.007438833406074208,-0.007967309653787669,0.0024137210241753065,0
2026-09-07 11:00:00+00:00,154.648,154.772,154.605,154.727,3454,154.7766,155.38400000000001,155.75705,155.86534,155.294771047666,155.68590271710445,-0.3911316694384652,-0.24072532556492357,-0.15040634387354165,25.282485875706314,155.75705,157.01256305930536,154.50153694069462,0.01612142833092142,0.3551428571428557,0.16013814116605546,-0.007294821126109907,-0.008370024289733435,0.0023845394266593305,0
2026-09-07 12:00:00+00:00,154.724,154.806,154.246,154.485,5673,154.5642,155.2132,155.68125,155.82868,155.1701908864866,155.5969469602819,-0.42675607379530334,-0.27793147521099953,-0.1488245985843038,21.031480241125607,155.68125,157.05247102713022,154.3100289728698,0.017615750479010393,0.3839285714285694,0.07171142843515108,-0.006827518370653096,-0.010935189157004421,0.002298805565056816,0
2026-09-07 13:00:00+00:00,154.482,154.581,154.357,154.508,4814,154.5728,155.05900000000003,155.59959999999998,155.79704,155.06831536548867,155.51628422248325,-0.4479688569945779,-0.31193895156771523,-0.13602990542686266,21.736227045075438,155.59959999999998,157.04786464577134,154.15133535422862,0.018615274663577028,0.38885714285714,0.08637112276111295,0.00027838021558279635,-0.009881448253764802,0.0023325141469464163,0
2026-09-07 14:00:00+00:00,154.511,154.634,154.269,154.282,5388,154.52939999999998,154.8826,155.5027,155.77146000000002,154.9473437707981,155.42485576155858,-0.4775119907604619,-0.3450535594062646,-0.13245843135419733,22.39422084623351,155.5027,157.03318779289185,153.97221220710816,0.019684388668387714,0.3823571428571394,0.10005829088914565,-0.001404539835209162,-0.011304358971072515,0.002310656865465478,1
2026-09-07 15:00:00+00:00,154.286,154.436,154.228,154.389,3143,154.47820000000002,154.74110000000002,155.41045000000003,155.75132,154.86144472913688,155.34812570514683,-0.48668097600995,-0.37337904272700173,-0.11330193328294824,21.338912133891853,155.41045000000003,156.9773237194209,153.84357628057916,0.020164328967850857,0.3773571428571399,0.07810643093639814,-0.0016554043131041807,-0.009081923442273543,0.0023737878813916615,0
2026-09-07 16:00:00+00:00,154.39,154.429,154.275,154.294,1079,154.3916,154.58409999999998,155.31305,155.72876,154.7741455400389,155.2700423195804,-0.49589677954151057,-0.39788259008990357,-0.098014189451607,16.125579735997093,155.31305,156.90427216847732,153.7218278315227,0.020490514718207075,0.3725714285714251,0.0,-0.0027984773181151112,-0.010072884052763853,0.002333917138825758,1
2026-09-07 17:00:00+00:00,154.292,154.385,154.288,154.354,802,154.3654,154.4648,155.2244,155.70808,154.7095077646483,155.20218733294482,-0.4926795682965235,-0.4168419857312276,-0.07583758256529588,18.823529411764724,155.2244,156.82222936971272,153.6265706302873,0.020587347990557062,0.3669999999999943,0.0861048296422114,-0.0008479787681652251,-0.007669707548200733,0.0023414952667583856,0
2026-09-07 18:00:00+00:00,154.354,154.361,154.333,154.334,346,154.3306,154.45170000000002,155.13035,155.68764000000002,154.65173733931778,155.13787716013408,-0.48613982081630525,-0.4307015527482432,-0.05543826806806207,18.713450292397738,155.13035,156.70392417833295,153.55677582166703,0.020287122130942935,0.3584285714285654,0.08805725172673554,-0.0011261552799854968,-0.0008480885637522917,0.0008683801162357082,0
2026-09-07 19:00:00+00:00,154.335,154.374,154.331,154.356,447,154.3454,154.4374,155.0381,155.66541999999998,154.60623928711505,155.07996033345748,-0.4737210463424333,-0.43930545146708116,-0.03441559487535212,21.224165341812153,155.0381,156.5629654677433,153.51323453225666,0.019670848233348127,0.3389999999999946,0.17348913956732678,0.0004796411765466413,-0.0009255723338015276,0.0008656991424066192,0
2026-09-07 20:00:00+00:00,154.359,154.38,154.313,154.315,377,154.3306,154.4044,154.9595,155.64186,154.5614332429435,155.02329660505322,-0.46186336210971035,-0.44381703359560704,-0.018046328514103316,18.982779335201926,154.9595,156.46202089922588,153.4569791007741,0.01939243349682834,0.3179285714285669,0.1737444154421438,-0.0004793087590437839,-0.00213391962236098,0.0007854600573711495,0
2026-09-07 21:00:00+00:00,154.294,154.375,154.294,154.333,306,154.3384,154.36499999999998,154.8745,155.61356,154.52628966710606,154.97216352319742,-0.4458738560913673,-0.4442283980947591,-0.0016454579966082017,22.38398544131006,154.8745,156.312265298166,153.436734701834,0.018566843452808554,0.29642857142856777,0.6834629087334247,0.00025276420340381023,-0.002546420469601296,0.0007521381761654231,0
2026-09-07 22:00:00+00:00,154.352,154.369,154.146,154.154,1553,154.2984,154.3319,154.77255,155.5812,154.46901433370513,154.91155881777536,-0.4425444840702255,-0.44389161528985244,0.0013471312196269292,37.99227799227761,154.77255,156.10172504687745,153.44337495312254,0.017175849940799612,0.20392857142856866,0.9999999999954269,-0.0012957228189747205,-0.002142602841699981,0.0006814956049531308,0
2026-09-07 23:00:00+00:00,154.157,154.16,153.796,153.825,6663,154.1966,154.2636,154.6613,155.5407,154.3699352054428,154.8310729794216,-0.4611377739788054,-0.447340847027643,-0.013796926951162414,28.805031446540724,154.6613,155.91032456255792,153.4122754374421,0.016151740125783326,0.20492857142856938,0.5798521368832571,-0.0032980419091063196,-0.004420483081782334,0.0008952396427651739,0
2026-09-08 00:00:00+00:00,153.826,153.892,153.521,153.79,9406,154.08339999999998,154.2144,154.54850000000002,155.49414000000002,154.28071440460545,154.75395646242742,-0.47324205782197737,-0.45252108918650985,-0.020720968635467518,21.095334685597464,154.54850000000002,155.67217714035993,153.4248228596401,0.014541417617898799,0.2108571428571407,0.2272750504594465,-0.003666848065510875,-0.003188965660284482,0.0008209804002283507,0
2026-09-08 01:00:00+00:00,153.786,153.807,153.352,153.352,7285,153.89079999999998,154.1107,154.4259,155.44842,154.13783526543537,154.65010783558094,-0.5122725701455693,-0.4644713853783218,-0.047801184767247484,12.534059945503657,154.4259,155.50705978661261,153.3447402133874,0.014002311614989481,0.23142857142856801,0.0,-0.006240482130706604,-0.006716799772004567,0.0010636547291640118,1
2026-09-08 02:00:00+00:00,153.351,153.362,152.883,153.348,8977,153.69379999999998,154.0161,154.3001,155.40002,154.0163221476761,154.5536554033157,-0.5373332556395951,-0.4790437594305764,-0.05828949620901869,14.402003757044,154.3001,155.25481459498224,153.34538540501774,0.012374776101664865,0.2256428571428525,0.07337292060666085,-0.006382303201518669,-0.006131152215899549,0.0010833565350942614,1
2026-09-08 03:00:00+00:00,153.351,153.359,153.119,153.326,4287,153.5282,153.9133,154.18905,155.34946,153.91011874034132,154.46271796603307,-0.5525992256917505,-0.49375485268281133,-0.05884437300893913,12.969924812029646,154.18905,155.0446198562505,153.3334801437495,0.01109767335943113,0.22678571428571104,0.0171207924185216,-0.005371252124498849,-0.00666001528952942,0.0010408314576084553,1
2026-09-08 04:00:00+00:00,153.326,153.583,153.233,153.467,4387,153.4566,153.8266,154.13915000000003,155.2975,153.84194662644265,154.38896107966025,-0.5470144532175993,-0.504406772789769,-0.04260768042783036,23.031105228326126,154.13915000000003,155.04205834761208,153.23624165238797,0.0117154966484771,0.22571428571428345,0.4123244314859428,-0.0023273200065007105,-0.005617686316689685,0.0011484037043347928,1
2026-09-08 05:00:00+00:00,153.47,153.592,153.278,153.321,4755,153.3628,153.7231,154.08025,155.23664,153.76180099160533,154.30985285153724,-0.5480518599319169,-0.5131357902181986,-0.0349160697137183,15.54838709677469,154.08025,155.0364375779299,153.12406242207012,0.012411552784083379,0.23328571428571365,0.11840291200747126,-0.00304961310878471,-0.006705278706367057,0.001125645938474659,1
2026-09-08 06:00:00+00:00,153.319,153.921,153.26,153.778,8026,153.448,153.6694,154.0369,155.18576,153.76429314674297,154.27045634401594,-0.5061631972729685,-0.5117412716291525,0.00557807435618396,36.50627615062735,154.0369,154.96343602763363,153.11036397236637,0.01203005289815143,0.26949999999999974,0.9416297778967007,0.0027779226876727403,-0.0034798950199268486,0.0016168103210388403,1
2026-09-08 07:00:00+00:00,153.777,153.967,153.72,153.798,8029,153.538,153.6159,153.99045,155.13502,153.76947881647482,154.23545957779254,-0.4659807613177236,-0.5025891695668667,0.03660840824914313,35.149572649572676,153.99045,154.86288288988044,153.11801711011958,0.011330999940326542,0.28021428571428786,0.8883384006857468,0.002934501917207788,-0.003466530165291859,0.0016172435363230949,1
2026-09-08 08:00:00+00:00,153.796,154.294,153.732,154.167,9760,153.7062,153.6172,153.97455,155.09292,153.83063592163253,154.23038849795606,-0.3997525763235217,-0.4820218509181977,0.08226927459467603,46.240432237730765,153.97455,154.82021323394113,153.12888676605886,0.010984454689961926,0.31835714285714645,0.9999999999970332,0.005485044936931915,8.433125316242851e-05,0.0017995924730780763,0
2026-09-08 09:00:00+00:00,154.17,154.185,153.819,153.913,6295,153.79540000000003,153.626,153.94480000000001,155.04516,153.84330731830445,154.2068782388482,-0.3635709205437365,-0.45833166484330545,0.09476074429956893,40.970240521810474,153.94480000000001,154.75245589336168,153.13714410663835,0.010492798631219364,0.3414285714285756,0.8436440542959293,0.00290616223683271,0.0005720786608160999,0.001740785873917382,1
2026-09-08 10:00:00+00:00,153.911,154.252,153.911,154.24,4304,153.9792,153.671,153.9427,155.00174,153.90433696164223,154.2093317026372,-0.3049947409949709,-0.4276642800736386,0.12266953907866768,48.63088718510427,153.9427,154.7468751838327,153.1385248161673,0.010447720922560298,0.3610000000000042,0.9999999999972297,0.005993960383769981,0.0029260680148255336,0.0018531166540938701,1
2026-09-08 11:00:00+00:00,154.236,154.426,154.141,154.263,4897,154.0762,153.7621,153.9364,154.95748,153.95951589062034,154.21330713207146,-0.2537912414511254,-0.39288967234913597,0.13909843089801055,48.72448979591851,153.9364,154.72772517767265,153.14507482232733,0.010281196359959843,0.37557142857143333,0.9999999999972368,0.0031538971764493162,0.005940581146643087,0.0014965905637399192,1
2026-09-08 12:00:00+00:00,154.266,154.315,153.791,153.799,7458,154.0764,153.80720000000002,153.91165,154.90698,153.9348211382172,154.182617714881,-0.24779657666380217,-0.36387105321206925,0.11607447654826708,44.13998019148255,153.91165,154.6866784952165,153.1366215047835,0.010071082926035854,0.39707142857143246,0.8733225987236861,6.502035136968232e-06,0.0029410230325794817,0.0018813321248016895,1
2026-09-08 13:00:00+00:00,153.797,153.93,153.698,153.805,7692,154.00400000000002,153.8551,153.8842,154.85782,153.91484865541454,154.15464603229722,-0.23979737688267733,-0.3390563179461909,0.09925894106351357,49.63045084996338,153.8842,154.6316601485435,153.1367398514565,0.009714579515551252,0.3876428571428607,0.9999999999973043,-0.0023481030311285345,0.0031240624551609475,0.001877484493486004,0
2026-09-08 14:00:00+00:00,153.808,154.129,153.786,154.0,6726,154.0214,153.90839999999997,153.8675,154.82410000000002,153.92794886227384,154.1431907706456,-0.21524190837175183,-0.3142934360313031,0.09905152765955128,53.66364270760654,153.8675,154.58704971298036,153.14795028701965,0.009352848561006745,0.38564285714285923,0.9999999999975686,0.0005652543969645318,0.003473059354779817,0.001893138575596383,0
2026-09-08 15:00:00+00:00,153.998,154.262,153.998,154.242,4303,154.02179999999998,154.00050000000002,153.8618,154.79208,153.97626442192401,154.15050997282,-0.17424555089598925,-0.28628385900424036,0.1120383081082511,66.66666666666632,153.8618,154.56671346238392,153.15688653761606,0.009162943139673758,0.37200000000000394,0.9999999999981376,1.2966804979086533e-05,0.006007004911264602,0.001868627042939027,0
2026-09-08 16:00:00+00:00,154.243,154.38,154.215,154.266,3389,154.0224,154.0493,153.85935,154.75512,154.0208391262434,154.15906478964814,-0.1382256634047394,-0.2566722198843402,0.11844655647960078,67.06319702602173,153.85935,154.55794355699229,153.16075644300773,0.009080937323500701,0.34957142857143303,0.9999999999981513,1.9447307520126245e-05,0.003173405818777786,0.0016720372186128502,0
2026-09-08 17:00:00+00:00,154.265,154.325,154.213,154.217,2445,154.10600000000002,154.09120000000001,153.85354999999998,154.71724,154.05101772220596,154.16335628671123,-0.11233856450527924,-0.227805488808528,0.11546692430324876,66.39676113360369,153.85354999999998,154.5373555971643,153.16974440283568,0.008889045422277338,0.34042857142857486,0.9870632174818842,0.002717833015819293,0.0027243527224021236,0.0016835865205789085,0
2026-09-08 18:00:00+00:00,154.218,154.393,153.443,153.593,7829,154.0636,154.0338,153.8255,154.66908,153.9805534572512,154.12110767288075,-0.14055421562954962,-0.21035523417273233,0.06980101854318271,51.96874999999964,153.8255,154.50341211973353,153.14758788026649,0.008814040841518734,0.3832857142857173,0.7069882030657932,-0.0013783687136310618,-0.0037232351930051033,0.0019859379517582223,0
2026-09-08 19:00:00+00:00,153.597,154.008,153.595,153.981,4932,154.0598,154.04059999999998,153.83329999999998,154.62588000000002,153.98062215613564,154.11072932674145,-0.130107170605811,-0.19430562145934807,0.06419845085353706,59.5874491574666,153.83329999999998,154.51476841451114,153.15183158548882,0.008859829627410432,0.39050000000000296,0.7657505841251772,-0.00012337662337669197,0.00044180803440885263,0.0021218149608399225,0
2026-09-08 20:00:00+00:00,153.976,154.007,153.917,154.004,327,154.0122,154.017,153.844,154.58156,153.9842187474994,154.10282345068651,-0.11860470318711691,-0.17916543780490185,0.06056073461778494,53.756648936170215,153.844,154.52931514070653,153.15868485929346,0.008909221558286776,0.3497142857142888,0.5830449110716017,-0.0015430297843648244,-0.0015300829875519728,0.001994986436177852,0
