timestamp,open,high,low,close,volume,sma_5,sma_10,sma_20,sma_50,ema_12,ema_26,macd,macd_signal,macd_hist,rsi,bb_mid,bb_upper,bb_lower,bb_width,atr,stoch_rsi,momentum_5,momentum_10,volatility_10,label
2026-05-12 13:00:00+00:00,4705.8,4709.058,4676.876,4679.461,24041,4697.0806,4701.4619999999995,4718.89345,4707.22588,4704.376713282075,4708.699438860119,-4.322725578043901,0.11545057514090264,-4.438176153184804,16.841028572287613,4718.89345,4762.577511983271,4675.209388016729,0.018514536276834574,19.922285714285604,0.0,-0.0051301229209768096,-0.00866102131539559,0.0023323119720953882,1
2026-05-12 14:00:00+00:00,4679.395,4695.074,4669.182,4673.006,21914,4691.8106,4697.3351999999995,4716.3688,4706.29404,4699.549486728222,4706.002232506475,-6.4527457782523925,-1.1982036948179626,-5.25454208343443,18.48043180430102,4716.3688,4764.538198154521,4668.19940184548,0.020426476468303506,19.966428571428487,0.03328449695505723,-0.005607151277749467,-0.008753839933784091,0.0023343645309331865,1
2026-05-12 15:00:00+00:00,4673.034,4676.049,4638.041,4666.218,23046,4686.205800000001,4692.5112,4713.4253499999995,4705.26264,4694.420699968127,4703.000379905346,-8.579679937218316,-2.6745124284707296,-5.905167508747587,21.161661027840765,4713.4253499999995,4766.314906494843,4660.535793505156,0.022442089379794007,20.150714285714198,0.09014638000704377,-0.005969866913550725,-0.010232353326723787,0.002316962359028847,1
2026-05-12 16:00:00+00:00,4665.982,4675.105,4664.051,4670.982,10502,4679.0462,4689.9173,4710.2962,4704.19774,4690.814231020604,4700.587814231717,-9.773583211112964,-4.094336960378567,-5.679246250734397,22.45440517577903,4710.2962,4765.522434225946,4655.069965774053,0.023449155586413622,20.106428571428427,0.1438985024557243,-0.007605624227178587,-0.00552255403060864,0.0021857217268182734,1
2026-05-12 17:00:00+00:00,4671.041,4682.386,4671.041,4678.975,9101,4673.7284,4687.8175,4707.483900000001,4702.82188,4688.992590709578,4698.961375911726,-9.968785202147956,-5.2692334771851765,-4.699551724962779,30.42482515828013,4707.483900000001,4763.093046892066,4651.874753107936,0.023625846874193203,19.84735714285703,0.46964218792731016,-0.0056505447593530045,-0.004467685239893826,0.0022745071471964922,1
2026-05-12 18:00:00+00:00,4679.032,4698.286,4676.239,4695.858,9677,4677.0078,4687.0442,4704.72625,4702.42166,4690.048915545136,4698.728111342749,-8.67919579761292,-5.951229130831571,-2.7279666667813487,42.09478021978006,4704.72625,4756.590957058492,4652.861542941508,0.022047917052981376,20.028999999999932,0.8731157818817328,0.003504036041757752,-0.001644063014832775,0.002597219323731983,1
2026-05-12 19:00:00+00:00,4696.229,4715.922,4696.213,4715.826,7268,4685.5718,4688.6912,4702.13565,4702.59438,4694.014964024848,4700.011870185455,-5.996906160607068,-5.9603645709664095,-0.03654158964065868,50.50196677038704,4702.13565,4745.198258585885,4659.073041414115,0.018316191531345907,20.51942857142844,0.9999999999970292,0.009163266642499446,0.003504735542487092,0.002924801692927281,0
2026-05-12 20:00:00+00:00,4715.769,4719.532,4712.144,4715.207,4668,4695.3696,4690.7877,4700.4266,4702.6533,4697.27551597965,4701.15161461195,-3.8760986323004545,-5.5435101355231335,1.667411503222679,57.660918673436946,4700.4266,4737.949933929984,4662.903266070016,0.015965926977770016,19.60199999999986,0.9999999999975502,0.010498652227564298,0.004466109757443215,0.0028877995302972067,0
2026-05-12 22:00:00+00:00,4717.009,4722.45,4711.765,4717.151,4928,4704.603400000001,4691.8248,4699.9217499999995,4702.5825,4700.3334722011205,4702.350565217787,-2.017093016666877,-4.838225022929554,2.821132006262677,57.26416211370286,4699.9217499999995,4736.175892081322,4663.667607918677,0.01542755135500809,19.126071428571258,0.9902803128854591,0.00988421706613285,0.0022034171981695216,0.0027811033434691117,0
2026-05-12 23:00:00+00:00,4717.102,4723.753,4715.421,4716.741,6439,4712.1566,4692.9425,4699.2464,4702.47588,4702.857839578591,4703.428015349473,-0.5701757708820878,-3.9846135373253166,3.414437766443229,55.71590019994774,4699.2464,4733.573946602509,4664.918853397491,0.014609809182386711,19.020214285714115,0.9523512074930922,0.008071425899903284,0.002375273187231075,0.0027783293406630247,0
2026-05-13 00:00:00+00:00,4717.13,4727.105,4713.73,4714.697,11725,4715.9244,4696.466100000001,4698.9640500000005,4702.293119999999,4704.67932966962,4704.2710809461505,0.40824872346911434,-3.1060397387560017,3.514288462225116,56.79773837059909,4698.9640500000005,4732.647796037925,4665.280303962076,0.014336668967673723,19.185714285714116,0.9788539287882247,0.004011833407228327,0.0075299270578383926,0.001938216125882548,0
2026-05-13 01:00:00+00:00,4714.46,4717.141,4701.066,4702.631,14458,4713.2854,4699.428600000001,4698.381899999999,4702.04292,4704.364190200118,4704.148472297229,0.21571790288908232,-2.441687395933383,2.6574052988224652,53.50151513886697,4698.381899999999,4731.346311527074,4665.417488472925,0.01403224013232081,18.657642857142687,0.8981035097264343,-0.0027980252027958175,0.006339602388697907,0.00211062193909073,0
2026-05-13 02:00:00+00:00,4702.518,4707.462,4687.544,4692.004,10351,4708.6448,4702.0072,4697.2591999999995,4702.04252,4702.4625620843535,4703.24119992396,-0.7786378396067448,-2.1090771584448835,1.3304393188381387,43.73260943332205,4697.2591999999995,4729.438390860914,4665.080009139085,0.013701262583471992,18.478214285714134,0.6587862141307281,-0.004920886824268833,0.005526102723876214,0.0022122840730353344,1
2026-05-13 03:00:00+00:00,4691.939,4705.964,4688.939,4696.138,7815,4704.4421999999995,4704.522800000001,4697.220050000001,4702.13086,4701.4895263850185,4702.710879374707,-1.2213529896880573,-1.9315321853850358,0.7101791956969785,46.09844533849881,4697.220050000001,4729.402878363325,4665.037221636677,0.013702925569060364,18.103499999999844,0.7167441336476246,-0.004454595581103948,0.005385591295363534,0.0022094399518126414,1
2026-05-13 04:00:00+00:00,4696.091,4703.468,4695.423,4699.391,6259,4700.9722,4706.5644,4697.190949999999,4702.449420000001,4701.166668830719,4702.46316420778,-1.2964953770615466,-1.8045247439964747,0.5080293669349281,60.17376567158058,4697.190949999999,4729.364348462411,4665.017551537588,0.013698995337803575,16.379428571428434,0.9999999999976015,-0.003678387259338667,0.004363348810369594,0.0021725912152723275,1
2026-05-13 05:00:00+00:00,4699.626,4707.429,4693.446,4703.883,9825,4698.8094,4707.3669,4697.20555,4702.81072,4701.584573974209,4702.569048916602,-0.9844749423928079,-1.6405147013151233,0.6560397589223155,66.08428400270856,4697.20555,4729.391439621484,4665.019660378515,0.013704271307217724,15.528785714285602,0.9999999999977739,-0.002293678681790201,0.001708952868676894,0.0018854213724141676,0
2026-05-13 06:00:00+00:00,4703.916,4715.2,4699.096,4701.72,10198,4698.6272,4705.9563,4697.32375,4703.21366,4701.605409086605,4702.5057625438385,-0.9003534572339049,-1.4924823930291928,0.5921289357952879,69.42972854641029,4697.32375,4729.560215065937,4665.087284934062,0.013725460190363678,13.964214285714206,0.9999999999978711,-0.00019372134449846534,-0.002991204510090051,0.0012259719416352287,0
2026-05-13 07:00:00+00:00,4701.784,4708.932,4696.602,4702.991,9030,4700.8246,4704.734699999999,4697.7612,4703.6963399999995,4701.818579855955,4702.541914382857,-0.7233345269014535,-1.3386527703647106,0.6153182434632571,68.21446049142489,4697.7612,4730.058973327846,4665.463426672154,0.013750283146723503,14.055357142857117,0.9688431979182363,0.002341643357507861,-0.0025907664287061483,0.0012385839007670095,0
2026-05-13 08:00:00+00:00,4702.932,4704.373,4694.328,4700.74,8094,4701.745,4703.0936,4697.459199999999,4704.26738,4701.652642559313,4702.407723250935,-0.7550806916224246,-1.2219383246077922,0.46685763298536753,63.25114155251135,4697.459199999999,4729.513938331732,4665.404461668267,0.013647692067972643,13.958285714285596,0.7739674895248645,0.0009799541665937994,-0.0034790067140102465,0.0012168086938053253,0
2026-05-13 09:00:00+00:00,4700.635,4701.912,4685.9,4700.74,8568,4702.0148,4701.4935,4697.218,4705.23546,4701.512234626899,4702.283574854325,-0.7713402274257533,-1.13181868663485,0.3604784592090968,53.7414548910209,4697.218,4729.088022218545,4665.347977781455,0.01356974371576762,13.527214285714178,0.38949290049257423,0.0002870584720446878,-0.003392384699520301,0.0012191871795472606,0
2026-05-13 10:00:00+00:00,4700.804,4710.635,4693.737,4693.94,8519,4700.026199999999,4699.4178,4697.94195,4705.549480000001,4700.347265731261,4701.662692086918,-1.3154263556562,-1.1685402264816664,-0.1468861291745336,28.985674232821594,4697.94195,4728.753838221578,4667.130061778423,0.013117185588714072,13.301071428571374,0.0,-0.0021137855682210605,-0.004402615905115592,0.0012689780572256839,1
2026-05-13 11:00:00+00:00,4694.305,4705.412,4691.37,4697.546,8423,4699.191400000001,4698.9093,4699.16895,4706.14646,4699.916298729293,4701.356454838558,-1.4401561092654447,-1.2228634101895457,-0.217292699075899,33.96233268556678,4699.16895,4727.6673848931305,4670.67051510687,0.012129138235444908,13.77635714285712,0.12305043441356432,-0.0008877602239180105,-0.0010813095903122738,0.0010727406258030428,0
2026-05-13 12:00:00+00:00,4697.484,4701.516,4675.918,4683.894,16526,4695.372,4698.0983,4700.052750000001,4706.47336,4697.451314965262,4700.057846735256,-2.606531769994035,-1.4995971112939037,-1.1069346587001314,25.09547844059408,4700.052750000001,4725.140808395435,4674.964691604567,0.010675649712839505,14.84157142857144,0.0,-0.004060607387936677,-0.0017284725247462829,0.0012254376409473826,1
2026-05-13 13:00:00+00:00,4683.833,4694.765,4669.407,4679.482,18001,4691.1204,4696.4327,4700.47775,4706.92662,4694.686790993359,4698.528155123325,-3.8413641299657684,-1.967950554486976,-1.8734135754787924,23.67636461262404,4700.47775,4723.711733512136,4677.243766487864,0.009885796613816814,16.05771428571435,0.0,-0.004522266706944,-0.0035467441544519973,0.0011862959557170914,1
2026-05-13 14:00:00+00:00,4679.541,4690.989,4672.637,4679.937,15355,4686.9598,4694.4873,4700.52585,4707.24576,4692.4175826711025,4697.146386540828,-4.728803869725198,-2.5201212547508516,-2.208682614974346,24.87785840247473,4700.52585,4723.575651152472,4677.476048847528,0.009807328749174884,16.41321428571434,0.026260228462913666,-0.004425473436097227,-0.004139685333695353,0.0011420030244749916,1
2026-05-13 15:00:00+00:00,4679.995,4700.24,4678.796,4695.346,11149,4687.241,4693.633599999999,4700.50025,4707.66522,4692.868110044887,4697.012608084899,-4.1444980400119675,-2.84499662932032,-1.2995014106916476,44.977593933126016,4700.50025,4723.573005625586,4677.427494374414,0.009817148983487903,16.79671428571432,0.46556640843463043,0.0002995351453149997,-0.0018148835759733695,0.001600497592252786,0
2026-05-13 16:00:00+00:00,4695.642,4710.041,4695.045,4695.778,10072,4686.8874,4693.0394,4699.49785,4707.5796,4693.315786793837,4696.920891244992,-3.605104451155057,-2.9970182002448573,-0.6080862509101999,53.02743462217254,4699.49785,4721.483477671637,4677.512222328362,0.009356585904869518,16.445142857142855,0.6415062737673428,-0.0003763667242427937,-0.001263792824753529,0.001599308733444296,1
2026-05-13 17:00:00+00:00,4695.835,4701.394,4684.606,4685.686,8291,4687.2458,4691.3089,4698.0218,4706.56628,4692.141970398662,4696.086449840464,-3.9444794418022866,-3.18651045509548,-0.7579689867068065,42.34711808809747,4698.0218,4719.525349274726,4676.518250725275,0.009154299486105247,16.428214285714343,0.4080738959970839,0.00038258765036092157,-0.003679573275815362,0.0017118608055901009,1
2026-05-13 18:00:00+00:00,4685.754,4694.0,4677.447,4684.803,7747,4688.31,4689.7152,4696.4044,4705.74842,4691.012895553523,4695.248567980729,-4.235672427205827,-3.39634285531039,-0.8393295718954374,38.934737097606565,4696.4044,4716.680926354643,4676.127873645358,0.008634914980763818,17.035928571428617,0.3334918172799473,0.0011370916695481181,-0.0033903172691959194,0.0017122224275033162,1
2026-05-13 19:00:00+00:00,4684.86,4690.597,4683.209,4688.108,6115,4689.9442,4688.451999999999,4694.97275,4704.87226,4690.5659877159815,4694.718423861477,-4.1524361454958125,-3.547561516687227,-0.6048746288085853,37.81495728476368,4694.97275,4713.136703567725,4676.808796432275,0.007737618314280952,16.564857142857168,0.3090175553554914,0.0017459636742973572,-0.0026872364776608926,0.0017419815925805047,1
2026-05-13 20:00:00+00:00,4688.203,4693.608,4685.937,4688.868,3781,4688.6486,4687.9448,4693.681299999999,4704.32312,4690.304758426425,4694.284138947789,-3.9793805213639644,-3.6339253191484913,-0.3454552022154731,39.85282971197621,4693.681299999999,4709.456222244863,4677.9063777551355,0.0067217696458699815,15.962500000000025,0.3632051343940703,-0.0013796640332787158,-0.001080542145830421,0.0016946529176950203,0
2026-05-13 22:00:00+00:00,4691.736,4700.714,4688.85,4700.261,3771,4689.5452000000005,4688.2163,4693.562800000001,4703.85836,4691.83648993435,4694.727739694277,-2.891249759927632,-3.4853902052048085,0.5941404452771764,48.14159292035434,4693.562800000001,4709.088285284048,4678.0373147159535,0.006615650389954145,15.929214285714286,0.6182025572710188,0.0009546873808770062,0.0005779613440719533,0.0018630698060481691,0
2026-05-13 23:00:00+00:00,4700.198,4702.327,4693.166,4696.736,3896,4691.7552,4689.5005,4693.7994,4703.29134,4692.590261561074,4694.876770441653,-2.2865088805792766,-3.2456139375683546,0.959105056989078,47.3208072373001,4693.7994,4709.369026590523,4678.229773409476,0.006634125263437339,15.866071428571493,0.7864417637084905,0.002358245943069992,0.0027417358292052274,0.001585870249611339,1
2026-05-14 00:00:00+00:00,4696.37,4706.937,4689.57,4705.178,9777,4695.830199999999,4692.0701,4694.251399999999,4702.7236,4694.526838547693,4695.641110109151,-1.1142715614578265,-2.8193454584901154,1.705073897032289,52.668157660582416,4694.251399999999,4710.611688575499,4677.891111424499,0.006970350405817597,15.962857142857176,0.9877593232010956,0.004349169004545184,0.005491206077937738,0.0015888995347305148,0
2026-05-14 01:00:00+00:00,4705.099,4707.063,4683.476,4688.889,20101,4695.9864,4692.9653,4693.7263,4701.79696,4693.659478072983,4695.140173638461,-1.480695565478527,-2.5516154779502345,1.0709199124717075,47.274297123738954,4693.7263,4710.066149230765,4677.386450769235,0.006962420979154724,16.44064285714291,0.8039888325487836,0.00016659172527599964,0.0019128462626740728,0.0020368122254192733,1
2026-05-14 02:00:00+00:00,4688.658,4699.588,4679.956,4686.501,12283,4695.513000000001,4692.080800000001,4692.8572,4700.50676,4692.558173003994,4694.499310693028,-1.9411376890338943,-2.4295199194600814,0.4883822304261871,43.96032240777811,4692.8572,4708.765790232949,4676.9486097670515,0.006779916607285165,16.839928571428572,0.6910806927476979,-0.0005048126754688687,-0.0018837802368556478,0.0017249100483495666,1
2026-05-14 03:00:00+00:00,4686.588,4693.223,4674.096,4674.85,11305,4690.4308,4689.987999999999,4691.5137,4698.651,4689.833837125674,4693.041860161333,-3.208023035658698,-2.5852205434209607,-0.6228024922377373,44.94387047721292,4691.5137,4708.753528966054,4674.273871033947,0.007349367418900731,16.37771428571432,0.7245904785616901,-0.005406295522737969,-0.004456769463973775,0.0018654778217774058,1
2026-05-14 04:00:00+00:00,4674.936,4712.871,4667.978,4702.574,11405,4691.598400000001,4691.6768,4691.49285,4697.71472,4691.793863139034,4693.7488186255005,-1.9549554864661332,-2.459167531562925,0.504212045096792,60.240536417497225,4691.49285,4708.675146363587,4674.310553636412,0.007324873729089341,17.773071428571452,0.9999999999971722,0.0012429908770685838,0.0036041680983318614,0.002635957038727469,0
2026-05-14 05:00:00+00:00,4702.645,4704.316,4689.202,4689.958,11248,4688.5544,4692.192300000001,4690.953750000001,4696.96892,4691.511422539567,4693.467695430898,-1.9562728913306273,-2.358588603218322,0.40231571188769477,54.01132024113542,4690.953750000001,4707.582084218874,4674.325415781127,0.0070895323659388165,17.541785714285716,0.7222271879997277,-0.0032347341588352396,0.00110036644016831,0.002806436087299942,1
2026-05-14 06:00:00+00:00,4689.926,4702.437,4685.982,4700.099,10330,4690.796400000001,4693.3914,4690.9217,4696.365940000001,4692.832588763973,4693.959424385322,-1.1268356213486186,-2.1122380062601804,0.9854023849115618,51.98635919124738,4690.9217,4707.472905929663,4674.3704940703365,0.007056696738154214,17.185428571428606,0.6319302535083784,0.0023907582371858194,0.0025577482430012566,0.002877489750339615,0
2026-05-14 07:00:00+00:00,4700.012,4718.94,4690.747,4693.264,13162,4692.148999999999,4693.831,4690.8879,4695.82434,4692.898959742969,4693.90786086159,-1.0089011186209973,-1.8915706283137075,0.8826695096927102,49.00272920567416,4690.8879,4707.415897744173,4674.3599022558265,0.007046852577386581,18.128071428571406,0.49888441474094797,0.0014430808827310404,0.000937539721740821,0.0029284936780413894,1
2026-05-14 08:00:00+00:00,4693.326,4706.528,4691.87,4693.439,10345,4695.8668,4693.148800000001,4690.6825499999995,4695.407639999999,4692.982042880204,4693.8730988378575,-0.891055957653407,-1.691467693877949,0.800411736224542,53.33815563994617,4690.6825499999995,4706.962433052399,4674.4026669476,0.0069413706337470155,17.97592857142854,0.6922094748694718,0.003976384269013922,-0.001451408762194295,0.002812207700179412,0
2026-05-14 09:00:00+00:00,4693.374,4702.443,4688.441,4699.348,9496,4695.2216,4693.41,4691.45525,4695.10544,4693.961421105787,4694.27898859716,-0.3175674913727562,-1.4166876530432815,1.0991201616705253,56.00274033659919,4691.45525,4707.8450967912895,4675.06540320871,0.006987105671013074,17.79371428571429,0.811028466382238,-0.0006860072802681305,0.0005561308960095879,0.0028355855465707408,0
2026-05-14 10:00:00+00:00,4699.421,4705.361,4691.044,4696.772,9044,4696.5844,4692.569399999999,4692.319750000001,4695.10246,4694.39381793613,4694.463800094301,-0.06998215817111486,-1.1473465538072278,1.077364395636113,53.59728957682844,4692.319750000001,4707.851995099855,4676.787504900146,0.006620284178142234,18.288642857142868,0.6741542863701682,0.0014528914757871991,-0.001786542400733837,0.0027721287082028297,0
2026-05-14 11:00:00+00:00,4696.838,4704.839,4689.267,4694.186,8949,4695.4018,4693.0991,4693.0322,4694.98672,4694.361845941115,4694.443207454321,-0.08136151320650242,-0.9341495455214143,0.8527880323149118,52.17505112474409,4693.0322,4707.4393562715,4678.625043728499,0.006139807125764342,18.853,0.5045835829929148,-0.0012580586068506872,0.0011296919163579222,0.002531004490524951,0
2026-05-14 12:00:00+00:00,4694.113,4709.935,4692.245,4704.849,12630,4697.7188,4694.9339,4693.50735,4695.01188,4695.975254464609,4695.214522100907,0.7607323637021182,-0.5951731634659818,1.3559055271681,51.8877551020407,4693.50735,4708.83333043605,4678.181369563949,0.00653071543013584,19.269142857142924,0.48693663913025376,0.0024684313518268386,0.003915074380651973,0.002606339888364244,0
2026-05-14 13:00:00+00:00,4704.683,4707.83,4666.529,4679.756,25539,4694.9822,4695.4245,4692.70625,4694.61988,4693.479984276423,4694.068737755122,-0.5887534786988908,-0.5938892265119251,0.005135747813034275,44.0665883931568,4692.70625,4709.165549171301,4676.2469508286995,0.007014843160617905,21.564857142857168,0.006527308874109317,-0.002915346295115362,0.0010494454367520056,0.0030701835879830535,0
2026-05-14 14:00:00+00:00,4679.695,4700.999,4677.611,4679.684,18183,4691.0494,4693.135499999999,4692.406150000001,4694.3287199999995,4691.357524962247,4693.002591087153,-1.6450661249054974,-0.8041246062742835,-0.8409415186312139,40.538012737718894,4692.406150000001,4709.606574710481,4675.20572528952,0.007331174736645738,21.994928571428577,0.0,-0.004184410262870419,-0.004867547007234685,0.0022955670275781807,0
2026-05-14 15:00:00+00:00,4679.628,4689.389,4676.876,4686.03,11034,4688.901,4692.742700000001,4692.467500000001,4693.91372,4690.537905673658,4692.485828850798,-1.9479231771392733,-1.0328843205200928,-0.9150388566191805,48.854337808054346,4692.467500000001,4709.56216842707,4675.372831572931,0.007286003974271248,21.20392857142854,0.4220944080797475,-0.002287102716504008,-0.0008375341527578906,0.0022200683398022397,0
2026-05-14 16:00:00+00:00,4685.675,4687.02,4670.292,4678.683,9386,4685.8004,4690.6011,4691.996249999999,4693.3761,4688.714073911754,4691.462894861976,-2.7488209502216705,-1.3760716465477938,-1.3727493036738767,46.986911680823745,4691.996249999999,4710.087522625505,4673.904977374494,0.007711546071890213,20.9965,0.3273133456345464,-0.0033025960198423965,-0.004556499767345401,0.0021119019423258847,0
2026-05-14 17:00:00+00:00,4678.74,4683.098,4676.314,4678.374,7772,4680.5054,4689.1121,4691.47155,4693.35436,4687.123293221527,4690.492906142606,-3.3696129210793515,-1.7747799015353232,-1.5948330195440283,51.4882762348805,4691.47155,4710.527814255035,4672.415285744965,0.008123789754212567,20.11485714285709,0.555779740457555,-0.0056271731568856564,-0.003172632095701511,0.0020843363839594346,0
2026-05-14 18:00:00+00:00,4678.431,4678.598,4666.968,4671.465,7603,4678.8472,4686.914699999999,4690.03175,4693.32354,4684.7143249203045,4689.0828380861285,-4.36851316582397,-2.2935265544775887,-2.074986611346381,34.05925576724054,4690.03175,4710.584469711175,4669.479030288825,0.008764426684819387,17.738928571428524,0.0,-0.001771673565886811,-0.004681854819035713,0.0021106672169017757,0
2026-05-14 19:00:00+00:00,4671.523,4671.932,4653.042,4654.377,7901,4673.7858,4682.4176,4687.9138,4693.086719999999,4680.047043977598,4686.511032925068,-6.46398894747017,-3.1276190331848457,-3.3363699142853247,32.56670815000675,4687.9138,4713.637300830743,4662.190299169258,0.01097439156442788,18.0086428571428,0.0,-0.005407843777485821,-0.00956962540335371,0.0022330375489855525,0
2026-05-14 20:00:00+00:00,4654.158,4657.4,4644.353,4651.393,5357,4666.8584,4677.8797,4685.224550000001,4692.69494,4675.638729371065,4683.908758064711,-8.270028693646054,-4.156100965384353,-4.113927728261701,24.33608734139854,4685.224550000001,4714.367185689597,4656.0819143104045,0.012440230080155417,17.7652142857142,0.0,-0.0073915446550704145,-0.009661742149714714,0.0022313307722539285,0
2026-05-14 22:00:00+00:00,4651.835,4662.805,4646.95,4662.251,4770,4663.572,4674.6862,4683.89265,4692.36046,4673.579078639909,4682.303943455607,-8.724864815697401,-5.069853735523203,-3.655011080174198,34.32340898751457,4683.89265,4714.716493896187,4653.068806103813,0.013161635502550256,16.883928571428573,0.3153892407763509,-0.003512099451918327,-0.006803096426089561,0.0024655280887683835,0
2026-05-14 23:00:00+00:00,4662.509,4665.45,4646.649,4652.352,7051,4658.3676,4669.4365,4682.185200000001,4691.49034,4670.313374155036,4680.0845943339355,-9.771220178899057,-6.010127024261137,-3.76109315463792,31.090124172718646,4682.185200000001,4716.035398871214,4648.335001128788,0.014459145644735815,17.17985714285708,0.21328546570180343,-0.005562188914353561,-0.011158062671086877,0.002264518279722076,0
2026-05-15 00:00:00+00:00,4652.303,4658.346,4613.39,4630.014,22096,4650.0774,4664.4623,4679.9434,4689.7741000000005,4664.113470312399,4676.374598611057,-12.26112829865815,-7.260327279207299,-5.000801019450851,22.281478875491842,4679.9434,4721.008781585949,4638.878018414051,0.017549520614265835,19.390857142856994,0.0,-0.008873233557353033,-0.010629186649902311,0.0021582699574956648,0
2026-05-15 01:00:00+00:00,4629.954,4631.506,4607.137,4613.962,31560,4641.9944000000005,4657.8901,4675.5128,4687.7492,4656.397859361924,4671.750216533215,-15.35235717129126,-8.878733257693229,-6.473623913598031,20.114187550525614,4675.5128,4724.629274233135,4626.396325766866,0.021010090800365165,20.108857142857037,0.0,-0.00868322441435232,-0.014044110670720422,0.0022458110312268743,0
2026-05-15 02:00:00+00:00,4614.039,4623.288,4609.252,4618.276,16488,4635.371,4651.1147,4671.9287,4685.7717,4650.532957835966,4667.788190369511,-17.255232533544586,-10.554033112920754,-6.701199420623832,22.94185582297237,4671.9287,4726.73842869885,4617.118971301151,0.02346342687072666,19.999142857142683,0.08899435884413377,-0.00711980260537004,-0.014458720921547652,0.002191451915401496,0
2026-05-15 03:00:00+00:00,4618.182,4622.137,4607.436,4615.571,10115,4626.035,4644.8035,4667.7023,4683.7483,4645.154195025496,4663.919370531605,-18.76517550610879,-12.196261591603262,-6.5689139145055275,16.262829330229124,4667.7023,4726.272780472489,4609.131819527511,0.025096065133583683,19.785642857142648,0.0,-0.010012330953438675,-0.013489266103303033,0.002207690670117991,0
2026-05-15 04:00:00+00:00,4615.631,4621.497,4604.408,4605.835,9247,4616.731600000001,4637.5496,4663.33085,4681.57106,4639.105088035238,4659.615918408419,-20.510830373181307,-13.859175347955244,-6.651655025226063,18.398214728489435,4663.33085,4726.72079012592,4599.940909874081,0.027186550628686173,18.05621428571411,0.060620533900799994,-0.009998598558320526,-0.015505173378614012,0.002169364686572217,0
2026-05-15 05:00:00+00:00,4605.893,4606.637,4556.649,4558.819,27426,4602.4926,4626.285,4656.5998500000005,4678.69482,4626.753382074367,4652.148024008016,-25.394641933648927,-16.16626866513435,-9.228373268514577,13.128656933148292,4656.5998500000005,4733.646589461113,4579.553110538888,0.03309141517114138,19.956214285714072,0.0,-0.015376843352957414,-0.024113634587864752,0.0034884487008013157,1
2026-05-15 06:00:00+00:00,4558.696,4580.644,4556.215,4569.903,22873,4593.6808,4617.837600000001,4650.1276,4676.2528,4618.007169382056,4646.05470000496,-28.04753062290365,-18.542521056721473,-9.505009566182178,15.569352285058415,4650.1276,4733.539184911393,4566.716015088607,0.03587496605959511,20.80735714285694,0.06362668338039383,-0.009549060005262344,-0.018149367788642845,0.00377079224353585,0
2026-05-15 07:00:00+00:00,4570.02,4588.714,4566.105,4570.948,16669,4584.215200000001,4609.793100000001,4643.8364,4673.749,4610.767297123565,4640.490310637842,-29.723013514277227,-20.778619548257662,-8.944393966019565,16.81748461533705,4643.8364,4731.315978872707,4556.356821127293,0.03767556448487589,21.22742857142839,0.09616434545826072,-0.010247979982140443,-0.017294818992933836,0.003810914137908387,0
2026-05-15 08:00:00+00:00,4570.654,4572.061,4549.886,4554.553,18544,4572.0116,4599.0233,4636.85475,4670.85224,4602.1189436735785,4634.123598536343,-32.004654862764255,-23.023826611179096,-8.980828251585159,15.30127842262469,4636.85475,4729.547552173,4544.161947827,0.03998089531400569,22.326785714285506,0.10250752091334665,-0.013220032797675474,-0.023100000407528576,0.0035598527920030435,0
2026-05-15 09:00:00+00:00,4554.354,4563.797,4531.858,4545.912,19316,4560.027,4588.3793000000005,4628.9079,4667.69282,4593.471721530727,4627.588469520894,-34.116747990166914,-25.24241088699256,-8.874337103174355,15.154172795648009,4628.9079,4724.269931753561,4533.54586824644,0.04120282097362991,23.777428571428313,0.09556685812103609,-0.013010235928989977,-0.022878750361107536,0.0035620185538350153,1
2026-05-15 10:00:00+00:00,4545.838,4572.602,4543.997,4566.272,18899,4561.5176,4582.0051,4623.2337,4664.98386,4589.287148971477,4623.0459060543335,-33.75875708285639,-26.94568012617509,-6.8130769566813,25.98363381617726,4623.2337,4719.358511418,4527.108888582,0.04158336681877008,24.471357142856895,0.6065169741072812,0.0016348532372090219,-0.013767128997882128,0.0040192033772230434,0
2026-05-15 11:00:00+00:00,4566.204,4570.306,4549.754,4552.135,14349,4557.964,4575.8224,4616.85625,4661.96674,4583.5714337265335,4617.7926009105295,-34.22116718399593,-28.40077753774593,-5.82038964625,24.494295405488558,4616.85625,4714.129444673821,4519.5830553261785,0.04213828172528496,25.00742857142833,0.53624776751966,-0.003888047514356452,-0.013399980320600857,0.003999443274605331,0
2026-05-15 12:00:00+00:00,4552.104,4558.915,4543.659,4546.106,16667,4552.9956,4568.6054,4609.86005,4658.874059999999,4577.807520829689,4612.481878166633,-34.67435733694401,-29.655493497590154,-5.018863839353859,19.39541820596429,4609.86005,4706.30911734093,4513.41098265907,0.041844683480545146,24.964642857142604,0.3489002980210325,-0.005434758829022002,-0.015627043511474814,0.0039196075843269,1
2026-05-15 13:00:00+00:00,4546.015,4557.756,4511.245,4533.596,33632,4548.8042000000005,4560.4079,4602.6057,4655.53118,4571.005748378536,4606.6378642041445,-35.63211582560871,-30.850817963197372,-4.781297862411336,19.132157078840578,4602.6057,4699.084333908668,4506.127066091332,0.04192348430310582,26.943928571428387,0.46701757617093453,-0.004601329702388024,-0.01776053277048506,0.003919213952107926,1
2026-05-15 14:00:00+00:00,4533.538,4566.616,4525.557,4562.821,31819,4552.186,4556.1065,4596.82805,4652.9088,4569.746556317822,4603.39185396791,-33.64529765008774,-31.409713900576754,-2.2355837495109867,33.13843482275931,4596.82805,4687.889584525249,4505.766515474751,0.039619291187212906,26.665571428571315,0.9999999999950026,0.0037196056588864046,-0.009339023217288522,0.004696871636119595,0
2026-05-15 15:00:00+00:00,4562.889,4563.717,4533.681,4539.531,19883,4546.837799999999,4554.1777,4590.23135,4649.7485,4565.098009184264,4598.660993106703,-33.562983922439344,-31.84036790495008,-1.722616017489262,31.97683147123044,4590.23135,4677.566051849045,4502.896648150955,0.038052418359717274,27.070357142856988,0.9419482136167958,-0.005856199543084584,-0.004230920332656485,0.003760382736953971,1
2026-05-15 16:00:00+00:00,4539.884,4548.091,4529.303,4544.258,12202,4545.2624,4551.6132,4584.725399999999,4646.95578,4561.89185392063,4594.630804767583,-32.73895084695323,-32.02008449335098,-0.7188663536022517,32.112614789753465,4584.725399999999,4668.85873776533,4500.592062234668,0.03670158206872364,27.409785714285654,0.9487340619791029,-0.0017303968357705868,-0.005611716485010798,0.0036679272422417333,1
2026-05-15 17:00:00+00:00,4544.489,4564.482,4543.27,4559.631,11301,4547.9673999999995,4550.4815,4580.1373,4644.55876,4561.544030240118,4592.038025892198,-30.49399565207932,-31.714866725096282,1.220871073016962,37.26134955913441,4580.1373,4658.792623741515,4501.481976258486,0.03434627330561231,27.87485714285705,0.9999999999958563,0.0029750736124500854,-0.0024758540241542892,0.0038728591053247734,0
2026-05-15 18:00:00+00:00,4559.695,4563.133,4552.338,4559.428,8122,4553.1338000000005,4550.969,4574.99615,4642.14858,4561.218487125925,4589.62229523667,-28.40380811074465,-31.052655002225322,2.648846891480673,38.95255552645988,4574.99615,4643.888471302376,4506.103828697624,0.030116887115796298,27.42528571428563,0.9999999999961277,0.005697905150789939,0.0010703575081900674,0.0036905548753677197,0
2026-05-15 19:00:00+00:00,4559.189,4560.255,4544.816,4545.989,7785,4549.7674,4550.976699999999,4569.678,4639.16144,4558.875489104552,4586.389984735743,-27.514495631191494,-30.34502312801801,2.830527496826516,46.36457400627891,4569.678,4629.21313694404,4510.142863055959,0.026056600462457294,24.957499999999982,0.999999999996796,-0.0036889459393651958,1.693829532989355e-05,0.003768251173230918,0
2026-05-15 20:00:00+00:00,4545.925,4546.494,4532.998,4539.593,7460,4549.7798,4548.3088,4565.15695,4636.03774,4555.908952317094,4582.923328354291,-27.014376037196598,-29.678893709853313,2.6645176726567144,41.17715549863185,4565.15695,4618.845978554683,4511.467921445316,0.023521219157507094,24.17657142857141,0.8337919954081366,1.3657798569877144e-05,-0.005842621727308428,0.00343751706403512,0
2026-05-17 22:00:00+00:00,4538.432,4554.792,4538.126,4546.329,8482,4550.1939999999995,4547.7282,4561.775299999999,4633.2506,4554.43511349818,4580.212483092845,-25.777369594665288,-28.898588886815322,3.121219292150034,43.06354635666416,4561.775299999999,4610.841911329994,4512.708688670004,0.021512068483511185,23.752071428571394,0.8942330914804206,0.0004557399689895103,-0.0012754454777814672,0.003369555244892058,0
2026-05-17 23:00:00+00:00,4546.304,4548.222,4532.072,4536.943,10819,4545.6564,4546.8119,4557.70865,4630.2934,4551.744019112453,4577.007167296895,-25.26314818444189,-28.171500746340346,2.9083525618984574,44.834322859221466,4557.70865,4600.083766403607,4515.333533596392,0.0185949211139714,23.32171428571428,0.9509698341644098,-0.004975841246802615,-0.0020155711283458277,0.0034068091707441872,1
2026-05-18 00:00:00+00:00,4537.011,4542.819,4480.248,4515.757,36478,4536.9222,4545.028,4552.71795,4626.84638,4546.207554631192,4572.469896491645,-26.26234186045349,-27.78966896916285,1.5273271087093612,41.76079389279594,4552.71795,4589.547821997553,4515.888078002447,0.01617928999864918,25.50971428571438,0.8309448578937012,-0.009578175157059277,-0.0039348455398319215,0.003614305612531473,1
2026-05-18 01:00:00+00:00,4515.816,4535.692,4489.444,4525.574,42280,4532.8392,4541.3033000000005,4548.7049,4623.5805,4543.033161609834,4568.995969441575,-25.962807831740975,-27.42429674167839,1.4614889099374153,38.200331682651615,4548.7049,4577.855576091434,4519.554223908565,0.01281713223094971,26.769928571428668,0.7002013319107444,-0.004490771975031116,-0.008163151699354443,0.0028982092226788126,1
2026-05-18 02:00:00+00:00,4525.514,4543.046,4521.93,4533.567,19064,4531.634,4540.7069,4547.4423,4620.24662,4541.576829054018,4566.37149155284,-24.794662498821708,-26.898369893106945,2.1037073942852373,44.41765377908725,4547.4423,4576.93394708217,4517.95065291783,0.012970652571961144,26.810214285714405,0.9285072554348688,-0.001327431776372845,-0.0013137921075987435,0.002563593981031627,1
2026-05-18 03:00:00+00:00,4533.626,4548.083,4525.054,4541.081,17317,4530.5844,4540.3892,4546.001200000001,4617.133519999999,4541.500547661072,4564.498049246961,-22.99750158588904,-26.11819623166324,3.1206946457742006,48.5026371465182,4546.001200000001,4573.62954027509,4518.372859724911,0.012155007911168,27.365428571428634,0.9999999999965953,-0.0011543379284691957,-0.0006991240374115693,0.00260194861256924,1
2026-05-18 04:00:00+00:00,4541.078,4550.023,4530.202,4540.458,14752,4531.2874,4538.4719,4544.4767,4613.839120000001,4541.340155713179,4562.717240994068,-21.377085280888423,-25.16997404150816,3.7928887606197357,52.20065679759858,4544.4767,4569.556349398169,4519.397050601831,0.01103742017124605,25.459000000000028,0.9999999999950554,0.0007747507517725793,-0.004204945531776749,0.0023044802600952342,1
2026-05-18 05:00:00+00:00,4540.532,4552.091,4530.039,4530.966,18503,4534.3292,4535.6257,4543.29735,4610.68066,4539.744131757003,4560.365219115455,-20.621087358452314,-24.260196704896895,3.639109346444581,38.303653387185854,4543.29735,4568.599260602047,4517.995439397952,0.011138126630451528,24.1013571428572,0.3128400198193524,0.0033679845926166685,-0.006242449710796905,0.002357759296527495,1
2026-05-18 06:00:00+00:00,4531.052,4548.261,4529.703,4546.588,17458,4538.532,4535.685599999999,4543.33115,4607.8823999999995,4540.797034563787,4559.344652987519,-18.547618423732274,-23.117681048663876,4.570062624931602,52.74576482214967,4543.33115,4568.649567945676,4518.012732054324,0.011145310394412135,23.28150000000005,0.9999999999951535,0.004643388882824562,0.0001317645071292617,0.002519168582419386,1
2026-05-18 07:00:00+00:00,4546.657,4560.036,4538.488,4546.116,16285,4541.0418,4536.3379,4542.32335,4605.307720000001,4541.6153369387,4558.3647248688385,-16.749387930138255,-21.844022424958666,5.094634494820411,50.74767408170499,4542.32335,4565.292507528906,4519.3541924710935,0.010113396057066779,23.47864285714286,0.8709611756987532,0.0027680190896042234,0.0014369129567342043,0.0024706171998310593,1
2026-05-18 08:00:00+00:00,4546.061,4556.989,4542.39,4550.093,11044,4542.8442,4536.7143,4542.22125,4602.2581,4542.919592794435,4557.7519883564455,-14.832395562010788,-20.441697052369015,5.609301490358227,45.774261005174516,4542.22125,4565.024324288311,4519.4181757116885,0.010040494741779085,23.006285714285696,0.5207084072253484,0.0019845494938319774,0.0008279207246111309,0.0024413167291571156,1
2026-05-18 09:00:00+00:00,4550.028,4552.005,4540.01,4543.166,9910,4543.3858,4537.3366,4542.07425,4599.32226,4542.957501595295,4556.671518403011,-13.71401680771578,-19.09616100343831,5.382144195722532,43.200367954507506,4542.07425,4564.809685017155,4519.338814982844,0.010011036264832261,23.091999999999967,0.34375299957509975,0.000596415603888456,0.001371628429098548,0.0023938257401668766,1
2026-05-18 10:00:00+00:00,4543.105,4547.816,4532.275,4540.096,10191,4545.211799999999,4539.7705000000005,4542.3992499999995,4596.1222,4542.517270580597,4555.443674476405,-12.926403895808107,-17.86220958191223,4.935805686104121,47.30201170211789,4542.3992499999995,4564.807872756437,4519.990627243562,0.009866425878983483,23.099285714285674,0.6257414222123184,0.0020150228450177554,0.005389794003530346,0.0017484519710682766,1
2026-05-18 11:00:00+00:00,4540.257,4567.243,4529.757,4550.737,23096,4546.0416,4542.2868,4541.79505,4593.271659999999,4543.781844337516,4555.095024626952,-11.313180289435877,-16.552403723416926,5.239223433981049,54.911154985192596,4541.79505,4562.469795972813,4521.120304027187,0.009104217933749817,24.81285714285715,0.999999999994016,0.0009125524459221435,0.005560178664629101,0.0017668257354680424,0
2026-05-18 12:00:00+00:00,4550.803,4574.965,4545.146,4571.137,21607,4551.0458,4546.0438,4543.37535,4590.8256200000005,4547.9903298243,4556.283342123146,-8.293012298846406,-14.900525438502788,6.6075131396563815,59.757709251101325,4543.37535,4567.811050675087,4518.939649324913,0.010756628626374437,25.752357142857168,0.9999999999953613,0.005503819084246908,0.008287072850142074,0.0021424805706458886,0
2026-05-18 13:00:00+00:00,4571.218,4584.43,4561.732,4575.79,27188,4556.1852,4549.5147,4544.951950000001,4588.35446,4552.267202159236,4557.728305666556,-5.461103507319422,-13.012641052266082,7.55153754494666,65.87055814751548,4544.951950000001,4573.371582143039,4516.532317856962,0.01250602094617882,26.220071428571504,0.9999999999963861,0.00564757687370343,0.007643334263361501,0.0021244308546580367,0
2026-05-18 14:00:00+00:00,4575.717,4575.717,4537.682,4546.354,29413,4556.8228,4550.1043,4544.2881,4585.3461,4551.357478750085,4556.885750510154,-5.528271760069401,-11.515767193826726,5.987495433757324,61.71069451992955,4544.2881,4571.871985004765,4516.704214995235,0.012140024750968079,24.472714285714314,0.8496628268311007,0.0007017132986115726,0.00129854741526092,0.003120477713311382,1
2026-05-18 15:00:00+00:00,4546.445,4547.98,4531.555,4543.463,21971,4557.4962,4551.354,4543.48985,4582.33164,4550.142943557721,4555.891457401553,-5.74851384383237,-10.362316523827841,4.613802679995471,57.23015738293284,4543.48985,4570.137081666393,4516.842618333607,0.011729851962316172,22.342500000000005,0.6865661618606766,0.0007416142742355802,0.0027581314889582043,0.0030380643840034025,1
2026-05-18 16:00:00+00:00,4543.784,4554.631,4534.01,4550.271,14176,4557.403,4551.722299999999,4543.70395,4579.2400800000005,4550.162644548842,4555.475121294414,-5.312476745571985,-9.352348568176662,4.0398718226046775,56.816512413691676,4543.70395,4570.504097316726,4516.903802683274,0.011796608058817739,22.30714285714287,0.671561032600212,-0.0001024009957069083,0.0008100580039360761,0.002870084134376464,1
2026-05-18 17:00:00+00:00,4550.213,4558.331,4545.496,4546.882,9142,4552.552000000001,4551.7989,4544.0684,4576.5826,4549.6579300028525,4554.838585397401,-5.180655394548921,-8.51800993345111,3.337354538902188,52.449725931368604,4544.0684,4570.831379626387,4517.305420373613,0.011779303157666938,21.579000000000047,0.5131541849590765,-0.005306119680945964,0.00016849548053765595,0.0028818949110029743,1
2026-05-18 18:00:00+00:00,4547.134,4547.906,4534.162,4535.626,8834,4544.5192,4550.352199999999,4543.53325,4573.701440000001,4547.499171540829,4553.4154135469,-5.916242006071116,-7.9976563479751075,2.081414341903992,48.12762527705897,4543.53325,4570.532888273373,4516.533611726628,0.011884864394190363,21.144928571428604,0.3563683327979114,-0.008777500715723363,-0.0031794954520708574,0.0029651000734414587,1
2026-05-18 19:00:00+00:00,4535.692,4565.023,4535.19,4558.475,21982,4546.9434,4551.883100000001,4544.60985,4571.15034,4549.187760534578,4553.790201965727,-4.602441431148691,-7.3186133646098215,2.7161719334611307,59.6596695015837,4544.60985,4572.213436206912,4517.006263793088,0.012147835399737138,21.700714285714316,0.7260327949114441,0.0026660924336292524,0.0033696765647568405,0.003366649541391552,1
2026-05-18 20:00:00+00:00,4558.532,4566.816,4557.758,4566.346,5290,4551.5199999999995,4554.5081,4547.139300000001,4568.9036,4551.827489683145,4554.720270815264,-2.892781132118216,-6.433446918111497,3.540665785993281,57.33734402852046,4547.139300000001,4572.814646693469,4521.463953306533,0.011292966852133986,21.022142857142885,0.6235931835415645,0.00503646667751001,0.005781816067325529,0.003371703096860032,0
2026-05-18 22:00:00+00:00,4570.443,4578.195,4567.369,4573.728,4246,4556.2114,4556.807199999999,4549.5470000000005,4566.8106800000005,4555.1967989627055,4556.128264401879,-0.9314654391737349,-5.333050622323942,4.401585183150207,59.753444012716365,4549.5470000000005,4575.7336486671975,4523.3603513328035,0.0115117609147447,20.329357142857198,0.7301692626840512,0.005155077576698197,0.005052148695914527,0.0033371446463986184,0
2026-05-18 23:00:00+00:00,4573.963,4588.966,4573.69,4581.614,5543,4563.1578,4557.8549,4551.949350000001,4565.0136600000005,4559.260983737719,4558.016113611013,1.2448701267057913,-4.0174664725179925,5.262336599223784,60.83501192775964,4551.949350000001,4580.657588606773,4523.2411113932285,0.012613601953533282,20.37771428571445,0.7778780779092576,0.007638641161129778,0.0022919899359830076,0.0030759639365343597,0
2026-05-19 00:00:00+00:00,4581.973,4589.415,4561.193,4563.435,15942,4568.7196,4556.6194000000005,4553.06705,4563.194820000001,4559.903140085768,4558.417515938351,1.4856241474171838,-2.916848348530955,4.402472495948139,56.466999763896695,4553.06705,4581.734244296437,4524.399855703562,0.012592476228276774,21.536785714285866,0.49357595591447534,0.006131237452118077,-0.0027000802047295602,0.0033283507598919843,0
2026-05-19 01:00:00+00:00,4563.353,4572.369,4553.933,4563.705,18878,4569.765600000001,4558.3544999999995,4554.2294,4561.44106,4560.488041611039,4558.809184437989,1.6788571730503463,-1.9977072442146935,3.67656441726504,57.669692224727484,4554.2294,4582.627861132477,4525.830938867523,0.012471247553966766,21.74357142857155,0.53779535870888,0.0011473135204207452,0.003816464797945729,0.002528767209979189,0
2026-05-19 02:00:00+00:00,4563.562,4563.677,4546.008,4547.279,14910,4565.952200000001,4558.7361,4555.04505,4559.14162,4558.455881363173,4557.955090617029,0.5007907461440482,-1.4980076461429446,1.9987983922869927,48.91731790401773,4555.04505,4581.500818078419,4528.589281921581,0.011616029166789105,20.3300714285715,0.044507446019210015,-0.004175548677213481,0.0008398879885234134,0.002818574941812113,1
2026-05-19 03:00:00+00:00,4547.197,4555.114,4543.59,4545.089,10395,4560.2244,4558.2179,4554.9701000000005,4556.99636,4556.399438076519,4557.002040580762,-0.6026025042428955,-1.3189266177629344,0.7163241135200389,40.79484896032112,4554.9701000000005,4581.5350166889875,4528.405183311013,0.01166414536463678,19.023285714285716,0.0,-0.006261631649280397,-0.0011388332694909353,0.0027776999989974284,0
2026-05-19 04:00:00+00:00,4545.033,4545.815,4538.049,4542.301,9172,4552.361800000001,4557.7598,4554.77935,4555.2421,4554.230447603198,4555.913067960447,-1.6826203572491067,-1.391665365660169,-0.2909549915889378,38.00717657085961,4554.77935,4581.664813066951,4527.893886933049,0.01180538550871895,17.956714285714238,0.0,-0.008580600635496372,-0.0010075036035681606,0.002774675450658194,0
2026-05-19 05:00:00+00:00,4542.531,4546.529,4530.703,4540.96,15176,4547.866800000001,4558.2932,4554.322700000001,4553.7820600000005,4552.18884027962,4554.805427032456,-2.6165867528352464,-1.6366496430951847,-0.9799371097400618,47.58172982084881,4554.322700000001,4581.845993729575,4526.7994062704265,0.012086668223827927,16.365142857142796,0.4194244920841,-0.004925018105878642,0.0011760228907762293,0.002649891283992773,1
2026-05-19 06:00:00+00:00,4541.039,4553.807,4533.754,4547.934,14169,4544.7126,4557.2391,4554.5611,4552.37522,4551.534249467369,4554.296429772061,-2.762180304692265,-1.8617557754146012,-0.9004245292776638,51.93367298393748,4554.5611,4581.758167975837,4527.364032024163,0.011942783235836685,16.624285714285698,0.610066447181002,-0.0034557448388973233,-0.0023123961412534477,0.002102825582305761,0
2026-05-19 07:00:00+00:00,4547.989,4559.105,4541.41,4556.994,13342,4546.6556,4556.3039,4555.406000000001,4551.20368,4552.374211087776,4554.496250757812,-2.122039670036429,-1.913812554338967,-0.208227115697462,52.85208847710444,4555.406000000001,4581.747422932396,4529.064577067606,0.011564906808479984,16.41528571428567,0.6502987109416276,0.0021364424747192245,-0.0020480270220434305,0.00213173836517434,0
2026-05-19 08:00:00+00:00,4557.067,4559.206,4536.258,4542.904,11302,4546.2186,4553.221500000001,4555.0143499999995,4549.94506,4550.917255535806,4553.637561661398,-2.720306125591378,-2.0751112685894495,-0.6451948570019286,48.452886545013584,4555.0143499999995,4581.875857652717,4528.152842347282,0.011794258190522537,17.137642857142833,0.4575865302511416,-0.00048073866100295515,-0.006739360101868708,0.0022039687043144732,0
2026-05-19 09:00:00+00:00,4542.844,4546.883,4535.992,4541.943,11422,4546.147,4549.2544,4553.55465,4549.60754,4549.536600837987,4552.771294233593,-3.234693395605973,-2.307027693992754,-0.9276657016132188,52.67065199928981,4553.55465,4579.895027987701,4527.214272012299,0.011569149823512396,16.933857142857114,0.6423506740394344,-7.881468004877767e-05,-0.008658739038251428,0.0020495500663814024,0
2026-05-19 10:00:00+00:00,4541.882,4544.818,4525.507,4544.818,12988,4546.9186,4547.392699999999,4552.00605,4549.10584,4548.810662247526,4552.1821590598,-3.3714968122740174,-2.519921517649007,-0.8515752946250106,43.0529132288156,4552.00605,4576.413032214721,4527.599067785279,0.01072361589445656,16.18228571428569,0.22103438977225404,0.0008496000845636953,-0.004079602317114239,0.001774119687132875,0
2026-05-19 11:00:00+00:00,4544.753,4547.955,4529.703,4530.831,12007,4543.4980000000005,4544.1053,4551.2299,4548.3035,4546.044560363287,4550.600586085439,-4.556025722152299,-2.9271423585496654,-1.6288833636026334,32.99236655843836,4551.2299,4577.322720572521,4525.13707942748,0.01146627225863514,16.838999999999942,0.0,-0.0037606086631863933,-0.00720335779810477,0.001950965389845358,0
2026-05-19 12:00:00+00:00,4530.887,4547.143,4527.317,4537.226,13348,4539.5444,4543.1,4550.91805,4547.9569599999995,4544.687858768933,4549.609872735757,-4.922013966823215,-3.326116680204376,-1.5958972866188392,32.352884299277946,4550.91805,4577.54532954933,4524.290770450671,0.011701937612051535,17.408785714285646,0.0,-0.00433794733984727,-0.0022107726400778516,0.001764092925734657,0
2026-05-19 13:00:00+00:00,4537.28,4537.494,4464.419,4503.512,48141,4531.666,4538.942300000001,4548.5801,4547.10896,4538.353111266014,4546.195205062601,-7.8420937965875055,-4.229312103481003,-3.612781693106503,19.786460348161896,4548.5801,4582.624658343416,4514.535541656584,0.014969312442542543,21.53728571428558,0.0,-0.008671105530735579,-0.009147675656076326,0.002888756554484144,0
2026-05-19 14:00:00+00:00,4503.658,4514.307,4484.332,4493.962,37488,4522.0698,4534.1084,4545.9341,4545.662759999999,4531.523709532775,4542.326067815283,-10.802358282508067,-5.543921339286416,-5.258436943221651,21.201946593047026,4545.9341,4587.850379364296,4504.017820635705,0.0184412173349787,21.662499999999845,0.03736445320962724,-0.010563981097957309,-0.010641963181215797,0.002910520203156448,0
2026-05-19 15:00:00+00:00,4493.907,4509.119,4489.67,4508.275,19654,4514.7612,4530.839900000001,4544.56655,4544.78556,4527.9469849892685,4539.803759888227,-11.856774898958975,-6.806492051220928,-5.050282847738046,29.419146913799707,4544.56655,4589.569885050549,4499.56321494945,0.019805336572989187,21.73485714285698,0.2913202352619798,-0.008040586003664085,-0.007197817201649026,0.0032059310063196553,0
2026-05-19 16:00:00+00:00,4508.632,4512.533,4496.007,4507.813,10493,4510.1576000000005,4526.8278,4542.033450000001,4544.019700000001,4524.849448837071,4537.434068222791,-12.584619385720544,-7.962117518120851,-4.622501867599692,33.3757371524847,4542.033450000001,4589.382595117481,4494.68430488252,0.020849315901660948,21.65121428571417,0.41097894016375675,-0.0050803042532374665,-0.008821807880237453,0.0031186621960566604,0
2026-05-19 17:00:00+00:00,4507.739,4511.12,4499.078,4500.862,8887,4502.8848,4521.2146,4538.75925,4543.36502,4521.159072092904,4534.725020048034,-13.565947955129559,-9.082883605522595,-4.483064349606964,32.0886757761556,4538.75925,4588.046384705973,4489.472115294027,0.021718329610001974,21.68821428571417,0.37205449054174455,-0.00801458864954041,-0.012317769125875455,0.0029526898186051486,0
2026-05-19 18:00:00+00:00,4500.763,4503.824,4490.137,4493.763,8541,4500.9349999999995,4516.300499999999,4534.761,4541.98386,4516.9442917709175,4531.6907900310525,-14.746498260135013,-10.21560653644508,-4.530891723689933,31.00601070657048,4534.761,4585.067286730687,4484.454713269314,0.022186962766366836,22.111142857142763,0.33931157498726333,-0.00216475497345181,-0.010817089685364323,0.0028849033251856803,1
2026-05-19 19:00:00+00:00,4493.709,4497.762,4481.118,4483.295,8271,4498.8016,4510.4357,4529.84505,4540.85914,4511.767477652313,4528.105909792823,-16.338432140510122,-11.44017165725809,-4.898260483252033,28.93885273084487,4529.84505,4580.088973038551,4479.601126961449,0.022183506271831858,22.169571428571285,0.2767947533603377,-0.0023736293275289366,-0.012912535450136708,0.002891530936172412,0
2026-05-19 20:00:00+00:00,4483.215,4488.184,4480.844,4482.049,4856,4493.5563999999995,4504.1588,4525.77575,4539.61496,4507.19540416734,4524.694280762794,-17.49887659545402,-12.651912644897278,-4.846963950556743,24.885836046076534,4525.77575,4577.719321945644,4473.832178054356,0.022954549591037154,21.261499999999874,0.15421983450650684,-0.005817302626836107,-0.013811114108419842,0.002837894520277718,0
2026-05-19 22:00:00+00:00,4481.955,4485.995,4477.386,4484.207,4933,4488.8351999999995,4499.496399999999,4521.80085,4538.10648,4503.658726603133,4521.695217977707,-18.036491374574325,-13.728828390832689,-4.307662983741636,20.713935092420158,4521.80085,4573.6903602198045,4469.911339780195,0.02295081625269049,20.61249999999986,0.02820427377674737,-0.005236685727646573,-0.010290386024109033,0.0028253448985650718,0
2026-05-19 23:00:00+00:00,4484.13,4496.384,4480.085,4489.498,6532,4486.5624,4494.7236,4518.9118,4536.70788,4501.480153279574,4519.310235222792,-17.83008194321792,-14.549079101309735,-3.281002841908185,26.87451286048237,4518.9118,4571.260593439459,4466.563006560541,0.023168760868251006,20.13757142857126,0.21554589474166994,-0.002524849684349517,-0.010519202702267916,0.0028039813626622944,0
2026-05-20 00:00:00+00:00,4489.442,4509.001,4479.617,4500.836,21969,4487.977,4494.456,4516.6991499999995,4535.80482,4501.381052775024,4517.941771417676,-16.56071864265232,-14.951407009578253,-1.609311633074066,33.667866536349436,4516.6991499999995,4568.121967328587,4465.276332671412,0.022770087455830382,21.458499999999862,0.596627524588005,0.001573959285347426,-0.0005942029242954616,0.001914526924320982,0
2026-05-20 01:00:00+00:00,4500.898,4506.246,4456.074,4481.245,30585,4487.567,4493.1843,4513.64635,4534.63786,4498.283198501942,4515.223488491242,-16.940289989300254,-15.349183605522654,-1.5911063837775998,27.703541592137825,4513.64635,4565.9120768128205,4461.3806231871795,0.02315898178988724,23.662857142856996,0.5703371212245039,-0.00045725298023002736,-0.0028297969586749128,0.002277476027287658,0
2026-05-20 02:00:00+00:00,4481.343,4487.088,4458.493,4465.207,21514,4484.198600000001,4488.8775,4509.8587,4533.01542,4493.194552578566,4511.518558922346,-18.32400634377973,-15.94414815317407,-2.3798581906056597,27.31063382521718,4509.8587,4564.705882431484,4455.011517568516,0.02432323763557551,24.401642857142697,0.5420325127726483,-0.0037576563754656567,-0.009553099577998103,0.002133607631677171,1
2026-05-20 03:00:00+00:00,4465.14,4467.451,4453.445,4463.588,15998,4480.0748,4484.455,4505.6414,4531.54832,4488.639698335709,4507.968143161442,-19.32844482573273,-16.6210074876858,-2.7074373380469297,23.67024700009992,4505.6414,4561.128810750063,4450.153989249938,0.024630193938675514,23.985928571428435,0.27978337347515814,-0.004598137418723169,-0.00981074414577543,0.002123589497521706,1
2026-05-20 04:00:00+00:00,4463.533,4470.609,4456.527,4462.097,11261,4474.594599999999,4480.5785000000005,4500.8965499999995,4530.47512,4484.556206284061,4504.570277170326,-20.014070886265472,-17.299620167401738,-2.714450718863734,30.757793987826787,4500.8965499999995,4554.07609451408,4447.717005485919,0.023630645105176033,19.772142857142757,0.7753521731069559,-0.006103354985345755,-0.008612794615787012,0.002122640668909551,1
2026-05-20 05:00:00+00:00,4462.001,4478.945,4461.621,4472.578,14571,4468.943,4478.460000000001,4497.38025,4529.4152,4482.713405317282,4502.2004765787815,-19.487071261499295,-17.73711038622125,-1.7499608752780453,40.1497982422199,4497.38025,4548.10827794209,4446.65222205791,0.02255892324963636,18.86849999999991,0.999999999994855,-0.006278389170367382,-0.004714311813951766,0.002328852563108307,1
2026-05-20 06:00:00+00:00,4472.472,4478.582,4461.397,4474.109,17367,4467.5158,4477.5414,4493.98855,4528.22604,4481.389650653085,4500.119624605991,-18.72997395290622,-17.935683099558243,-0.7942908533479773,32.16135499770327,4493.98855,4541.114296010444,4446.862803989556,0.02097279309287263,18.70678571428568,0.5889843850512069,-0.001592414607993864,-0.002048939451898546,0.0022435190307137317,1
2026-05-20 07:00:00+00:00,4474.049,4486.099,4471.979,4478.62,13719,4470.198399999999,4477.1985,4490.67865,4526.97682,4480.96355055261,4498.527058505216,-17.563507952605505,-17.861248070167697,0.2977401175621921,35.376153406870884,4490.67865,4531.672670828573,4449.684629171426,0.018257383359449875,18.534928571428477,0.754389872030271,0.0030038920927963897,-0.0007650518769428682,0.002275375518249788,1
2026-05-20 08:00:00+00:00,4478.442,4490.267,4476.706,4484.183,14785,4474.3174,4477.1961,4488.3462500000005,4525.85132,4481.458850467594,4497.464534840537,-16.005684372943506,-17.49013533072286,1.4844509577793552,41.52705105410215,4488.3462500000005,4524.775277597997,4451.917222402004,0.01623271716080128,18.643428571428494,0.9999999999951954,0.004614001113006028,-5.352116884904667e-06,0.0023084885694582896,0
2026-05-20 09:00:00+00:00,4484.076,4491.266,4472.646,4485.055,10037,4478.909,4476.7518,4485.7377,4524.9331,4482.01210424181,4496.54530938673,-14.53320514491952,-16.898749293562194,2.365544148642673,45.277554827653795,4485.7377,4513.98142664465,4457.493973355349,0.01259267863328275,18.995785714285635,0.999999999995929,0.005145114505578974,-0.000989642940034563,0.002273378479020328,1
2026-05-20 10:00:00+00:00,4484.995,4497.23,4484.553,4494.579,8781,4483.309200000001,4476.1260999999995,4485.29105,4523.89292,4483.9454728199935,4496.399656744083,-12.454183924089193,-16.009836219667594,3.555652295578401,56.18274267429348,4485.29105,4512.618947336428,4457.963152663571,0.012185562556270938,18.712428571428518,0.9999999999971806,0.004919086933754757,-0.0013901861787455339,0.002224902334282598,1
2026-05-20 11:00:00+00:00,4494.456,4501.232,4490.843,4498.964,9261,4488.2802,4477.897999999999,4485.54115,4522.949879999999,4486.256015463071,4496.5896082116715,-10.333592748600495,-14.874587525454174,4.54099477685368,58.95988049961321,4485.54115,4513.291463638983,4457.790836361017,0.01237322887517518,18.930214285714232,0.9999999999973853,0.005555296037713875,0.003954035095157682,0.0016725440504574902,1
2026-05-20 12:00:00+00:00,4498.942,4505.432,4493.058,4496.07,11388,4491.770200000001,4480.9843,4484.9309,4521.86942,4487.765859237983,4496.551118692879,-8.785259454895822,-13.656721911342503,4.871462456446681,56.235217441578946,4484.9309,4511.066015332258,4458.795784667743,0.011654634559590451,19.199142857142824,0.9227914039355459,0.003896289482027804,0.006911885607990609,0.001032534662201602,1
2026-05-20 13:00:00+00:00,4496.306,4506.138,4481.955,4483.235,22184,4491.580599999999,4482.949,4483.701999999999,4520.6708,4487.068803970601,4495.564739017135,-8.495935046534214,-12.624564538380845,4.128629491846631,46.950025810096214,4483.701999999999,4507.515052042477,4459.888947957522,0.010622049387973361,19.762285714285685,0.6596775455390149,-0.00021140974844258142,0.004401615919748858,0.0015066077206573193,1
2026-05-20 14:00:00+00:00,4483.291,4537.319,4467.06,4531.401,46983,4500.8498,4489.8794,4485.22895,4520.4969,4493.889141821278,4498.219278146803,-4.330136325525018,-10.965678895809681,6.635542570284663,60.955118601300114,4485.22895,4516.441765690942,4454.016134309058,0.013918047902969181,22.68192857142854,0.9999999999973179,0.010333429578901487,0.015531710762899165,0.0035545767129954676,1
2026-05-20 15:00:00+00:00,4531.044,4553.041,4523.303,4529.223,31273,4507.7786,4495.5439,4487.00195,4520.0666200000005,4499.32512000262,4500.515851160558,-1.1907311579379893,-9.010689348235344,7.8199581902973545,69.64894174693656,4487.00195,4523.787001875211,4450.216898124789,0.01639627184704528,21.2223571428571,0.9999999999978251,0.007707952179725863,0.01266495520033395,0.003596123061158265,1
2026-05-20 16:00:00+00:00,4529.283,4535.684,4523.961,4534.344,12224,4514.8546,4501.5674,4489.5544,4519.33076,4504.712640002217,4503.021640998639,1.6909990035783267,-6.870351677872609,8.561350681450936,81.09488985436803,4489.5544,4531.917848487418,4447.190951512582,0.018872005866514628,20.017214285714285,0.9999999999982585,0.007864032697305401,0.013463015764703101,0.003582259624463666,1
2026-05-20 17:00:00+00:00,4534.399,4538.362,4529.726,4531.158,9836,4521.8722,4506.8212,4492.00985,4518.438120000001,4508.7811569249525,4505.105816536692,3.675340388260338,-4.7612132646460195,8.436553652906358,79.96771274991593,4492.00985,4538.072935360804,4445.946764639197,0.020508897753553943,19.633642857142863,0.977607426786433,0.007804148956755741,0.011730845662279998,0.003640457681421317,1
2026-05-20 18:00:00+00:00,4531.26,4545.111,4529.116,4542.423,7861,4533.7098,4512.6452,4494.92065,4518.3595000000005,4513.956825090344,4507.870053327807,6.086771762536955,-2.591616259209424,8.678388021746379,82.78291106177363,4494.92065,4545.992803909509,4443.848496090491,0.022724385094321665,19.770285714285688,0.9999999999980245,0.013202073948833881,0.012987873153258889,0.0036642638952563435,1
2026-05-20 19:00:00+00:00,4542.541,4550.47,4541.519,4545.897,7033,4536.6089999999995,4518.7294,4497.740599999999,4518.40818,4518.870698153369,4510.686865116153,8.183833037215663,-0.43652639992440584,8.620359437140069,81.73845288082768,4497.740599999999,4553.55961970663,4441.921580293369,0.024820915508835962,19.17221428571429,0.9793673236808061,0.003199010637107591,0.013565496967149704,0.0036496010721778567,1
2026-05-20 20:00:00+00:00,4545.842,4550.519,4542.118,4543.958,6297,4539.5560000000005,4523.6673,4499.896699999999,4518.281919999999,4522.730283052851,4513.151394374412,9.578888678438489,1.5665566157481736,8.012332062690316,80.12992502997918,4499.896699999999,4559.427081950719,4440.3663180492795,0.026458554904480302,18.544785714285677,0.9440378088878961,0.003253317401240796,0.010986345995920743,0.0036788547332769583,0
2026-05-20 22:00:00+00:00,4547.749,4547.819,4535.215,4540.275,6054,4540.7422,4527.798400000001,4502.8482,4518.14978,4525.42947027549,4515.16055091156,10.268919363929854,3.30702916538451,6.961890198545344,76.78672285701862,4502.8482,4564.307059898641,4441.38934010136,0.027297771174538007,18.43649999999999,0.85465850902816,0.0013080172126331835,0.009182336200067365,0.0037285512384214094,0
2026-05-20 23:00:00+00:00,4540.241,4547.001,4534.732,4546.367,5193,4543.784000000001,4532.828100000001,4506.906199999999,4518.3646,4528.650628694645,4517.472140334697,11.17848835994846,4.881321004297302,6.297167355651158,76.89293684155895,4506.906199999999,4568.617477091397,4445.194922908602,0.02738520588309439,18.344214285714315,0.8429564517789947,0.0033565371147949996,0.011186880987173353,0.0036886645507584414,0
2026-05-21 00:00:00+00:00,4546.418,4553.488,4537.109,4545.277,13434,4544.354799999999,4539.032300000001,4510.99065,4518.10064,4531.208531972392,4519.531760065623,11.676771906769318,6.240411184791705,5.436360721977612,75.99540714137699,4510.99065,4571.430329152972,4450.550970847027,0.026796632421737576,18.184142857142888,0.8105789173044622,0.0006282990377604047,0.013838667836952645,0.0034613298020842328,0
2026-05-21 01:00:00+00:00,4545.39,4571.064,4539.802,4561.187,18701,4547.4128,4542.0109,4515.94515,4517.99746,4535.820603976639,4522.617334082761,13.203269893878314,7.632982926609029,5.570286967269285,77.24966862491604,4515.94515,4575.7512903546,4456.139009645399,0.026486654894203383,19.511642857142956,0.8455820010563305,0.003363472599577255,0.00657324302130835,0.0014685527039263533,0
2026-05-21 02:00:00+00:00,4561.247,4564.856,4531.36,4533.295,14602,4545.280199999999,4542.4181,4518.981000000001,4517.1888,4535.432049518695,4523.408272462305,12.023777056389918,8.511141752565207,3.5126353038247107,61.779378967232816,4518.981000000001,4575.597267712405,4462.364732287597,0.025057094823989694,21.162142857142953,0.4138475886867363,-0.0023466326053188657,0.0008990504552326417,0.0025990310249877375,0
2026-05-21 03:00:00+00:00,4533.239,4540.088,4527.158,4528.111,8993,4542.847400000001,4541.794800000001,4521.6811,4516.11874,4534.3057342081265,4523.756622716938,10.549111491188341,8.918735700289835,1.6303757908985066,60.823565179204834,4521.6811,4574.296303169691,4469.065896830309,0.023272407764311855,21.20185714285721,0.3871733819821403,-0.0026791328719074636,-0.0013746200111858231,0.0025976350240462624,1
2026-05-21 04:00:00+00:00,4528.349,4540.426,4527.213,4538.286,6761,4541.2312,4542.5076,4524.6644,4515.61576,4534.9180827914915,4524.832873076738,10.085209714753546,9.152030503182578,0.9331792115709678,68.93674108217819,4524.6644,4573.639519171381,4475.689280828618,0.021648067057252366,20.418285714285826,0.3694634597188343,-0.001777463192038864,0.001573107801581708,0.00269172467005913,0
2026-05-21 05:00:00+00:00,4538.568,4540.5,4518.196,4528.071,12765,4537.79,4541.0724,4526.8588,4514.90308,4533.864685438954,4525.072734369662,8.791951069292736,9.08001461640461,-0.2880635471118733,48.449778406763286,4526.8588,4571.977880489865,4481.739719510135,0.019933946466306904,16.99292857142869,0.0,-0.0037854678603747027,-0.003159547228428483,0.0026535160194817832,0
2026-05-21 06:00:00+00:00,4528.028,4539.692,4518.865,4521.404,14360,4529.8334,4538.6231,4528.6762499999995,4514.38558,4531.947656909884,4524.800976226926,7.146680682958504,8.693347829715389,-1.546667146756885,46.50603701750802,4528.6762499999995,4569.42156661493,4487.930933385069,0.01799436054406881,16.356428571428687,0.0,-0.008722071688794908,-0.0053879355383545935,0.002646828537882,0
2026-05-21 07:00:00+00:00,4521.336,4524.32,4511.634,4519.788,11244,4527.132,4536.2061,4529.9367,4513.87956,4530.07694046221,4524.4296446023345,5.6472958598751575,8.084137435747342,-2.436841575872185,43.285234527807326,4529.9367,4567.690647915394,4492.182752084606,0.016668642595113452,16.425214285714382,0.0,-0.002979510488507975,-0.005319151277366596,0.002647239170848497,0
2026-05-21 08:00:00+00:00,4519.907,4536.853,4518.256,4532.326,14366,4527.975,4535.4112,4531.604799999999,4513.68006,4530.4229496218695,4525.014559893149,5.408389728720067,7.548987894341887,-2.14059816562182,50.496008153558535,4531.604799999999,4566.431324154326,4496.778275845672,0.015370503691904805,17.136714285714334,0.18256196967768462,0.0009308517392794258,-0.0017507750081217077,0.0028406592075064657,0
2026-05-21 09:00:00+00:00,4532.271,4543.062,4528.129,4530.803,11092,4526.4784,4533.854799999999,4533.34145,4513.47692,4530.481418910813,4525.4433332861,5.038085624712949,7.046807440416099,-2.008721815703151,44.620270745754716,4533.34145,4563.910832807816,4502.772067192183,0.013486468268485053,17.0608571428572,0.03471845206004861,-0.001648860384735551,-0.0034233927881317516,0.002790448438776935,0
2026-05-21 10:00:00+00:00,4530.449,4535.455,4504.926,4511.765,24469,4523.2172,4530.5036,4534.7679499999995,4512.75354,4527.601969847611,4524.4301232999305,3.171846547680616,6.271815261869003,-3.099968714188387,36.18831032194399,4534.7679499999995,4557.024837061578,4512.511062938421,0.009816108478749705,18.602142857142876,0.0,-0.0036010919440087052,-0.007372927986567079,0.003044464704437809,0
2026-05-21 11:00:00+00:00,4511.844,4521.397,4507.948,4513.964,12961,4521.7292,4525.781300000001,4533.8961,4511.89294,4525.503820640286,4523.654854827196,1.8489658130902171,5.387245372113246,-3.538279559023029,37.88825895236733,4533.8961,4557.997938269229,4509.794261730771,0.010631844108306372,18.96271428571429,0.04140020449094981,-0.0016455065727372098,-0.01035322603524036,0.0027093215282759406,1
2026-05-21 12:00:00+00:00,4514.045,4519.121,4501.961,4503.959,17240,4518.563400000001,4522.8477,4532.6329000000005,4511.1140399999995,4522.189232849472,4522.195902478121,-0.00666962864852394,4.308462371960892,-4.315132000609416,36.047762478485566,4532.6329000000005,4560.169467059635,4505.096332940366,0.012150362787877553,19.288142857142834,0.0,-0.0035021554108289887,-0.0064712311905579245,0.002112058879674063,1
2026-05-21 13:00:00+00:00,4503.897,4521.179,4488.436,4513.381,30992,4514.7744,4521.374699999999,4531.58475,4510.5428,4520.8341201034,4521.542946681128,-0.7088265777283596,3.305004582023041,-4.013831159751401,37.64328633291892,4531.58475,4560.412669280636,4502.756830719364,0.012723107200250772,20.750571428571416,0.03872451552991337,-0.00417997293222061,-0.00325301212801532,0.0022694976469632647,1
2026-05-21 14:00:00+00:00,4513.135,4515.261,4498.254,4508.657,25117,4510.345200000001,4518.4118,4530.4597,4509.819579999999,4518.960717010569,4520.588432033823,-1.627715023253586,2.3184606609677156,-3.9461756842213016,36.6455640808707,4530.4597,4561.059553017162,4499.8598469828385,0.013508498052487642,20.7954285714286,0.014509076358242034,-0.004887875283917653,-0.006528676244731968,0.0020866264532331236,1
2026-05-21 15:00:00+00:00,4508.577,4515.688,4496.6,4511.726,19260,4510.3374,4516.7773,4528.92485,4509.43748,4517.847683624328,4519.931955536989,-2.084271912661279,1.4379141462419165,-3.5221860589031957,30.098899949302734,4528.92485,4560.072657054825,4497.777042945176,0.013755055818523737,19.925857142857108,0.0,-8.644067233221087e-06,-0.0036097048831611467,0.0020426378990341357,1
2026-05-21 16:00:00+00:00,4512.077,4520.573,4512.077,4519.333,11942,4511.4112000000005,4516.5702,4527.59665,4509.07962,4518.07619383597,4519.887588457053,-1.8113946210833092,0.7880523927768713,-2.5994470138601806,43.286338020041775,4527.59665,4557.952609638723,4497.240690361278,0.013409303869293301,18.165214285714292,0.3395512645923613,0.0011894202080475758,-0.0004580435634596869,0.002094985903390978,1
2026-05-21 17:00:00+00:00,4519.402,4559.372,4514.11,4551.582,28075,4520.935800000001,4519.7496,4527.97785,4510.041020000001,4523.230933245821,4522.235322798368,0.9956104474531458,0.8295640037121262,0.1660464437410195,58.95518401794784,4527.97785,4559.372610972734,4496.583089027266,0.01386701172698264,20.474642857142953,0.7429940291955246,0.01057358648247031,0.007034400728529899,0.0030792237962712758,0
2026-05-21 18:00:00+00:00,4551.518,4556.18,4527.356,4531.751,21081,4524.6098,4519.692099999999,4527.551649999999,4510.7968,4524.541712746463,4522.940187818785,1.6015249276788381,0.9839561885054688,0.6175687391733693,47.67773252880188,4527.551649999999,4558.471346201073,4496.631953798926,0.013658462052475426,21.589714285714372,0.6091855949858485,0.0040701194957837306,-0.00012686642576020812,0.003359874781105113,0
2026-05-21 19:00:00+00:00,4531.811,4543.725,4529.771,4542.951,11969,4531.4686,4520.9069,4527.38085,4511.49032,4527.373910785469,4524.422470285368,2.9514405001009436,1.3774530508245642,1.5739874492763795,55.25097397097848,4527.38085,4557.898042029694,4496.863657970305,0.013481168490472518,20.99328571428584,0.8716324652805356,0.007606256142350221,0.002681202427031071,0.003445585564465408,0
2026-05-21 20:00:00+00:00,4542.895,4544.789,4539.727,4542.751,4439,4537.6736,4524.0055,4527.25455,4512.18908,4529.739616818474,4525.780139223331,3.9594775951427437,1.8938579596882004,2.065619635454543,57.89337454981087,4527.25455,4557.479393691875,4497.029706308124,0.013352394197439296,19.86721428571439,0.9632035273250225,0.006876525746466022,0.006867822238082022,0.003076693154675032,0
2026-05-21 22:00:00+00:00,4543.258,4546.045,4539.7,4543.212,3789,4542.4494,4526.9303,4526.3558,4513.03608,4531.812291154093,4527.071388231582,4.740902922510941,2.4632669522527486,2.277635970258192,58.73599570360896,4526.3558,4553.213689571799,4499.497910428202,0.011867334676517606,19.414285714285857,0.9924041392884577,0.005283744304745985,0.006479449105043944,0.0030819176468557742,0
2026-05-21 23:00:00+00:00,4543.156,4545.246,4532.457,4535.345,4572,4539.201999999999,4530.0689,4526.4583,4513.86772,4532.355784822695,4527.684248389749,4.671536432945686,2.9049208483913365,1.7666155845543496,51.16658294369961,4526.4583,4553.443043050734,4499.473556949267,0.011923115717528387,18.999428571428716,0.7300899500506289,-0.0035673310949907444,0.006968535903635109,0.0030352657313126204,0
2026-05-22 00:00:00+00:00,4535.404,4541.056,4525.663,4526.948,10422,4538.2414,4531.4256000000005,4526.40015,4514.74078,4531.523817926895,4527.629711469751,3.8941064571445168,3.102757970141973,0.7913484870025438,48.585518349734876,4526.40015,4553.374908019663,4499.425391980338,0.0119188569838054,19.03228571428586,0.6406444556891306,-0.0010598552303513475,0.0030059505279966814,0.003089833166414214,0
2026-05-22 01:00:00+00:00,4526.7,4536.491,4520.87,4526.196,16338,4534.8904,4533.1795,4525.79565,4515.6237200000005,4530.7041536304505,4527.523510616103,3.180643014347879,3.1183349789831545,0.062308035364724734,56.11571158556718,4525.79565,4552.184396806335,4499.406903193665,0.011661484011694118,17.96742857142876,0.9015995120606622,-0.0036881313489843803,0.0038900719216385937,0.0030594472289902034,1
2026-05-22 02:00:00+00:00,4526.134,4529.525,4518.381,4522.872,9929,4530.914600000001,4534.2941,4525.5357,4516.39702,4529.4992069180735,4527.178954262042,2.3202526560316983,2.9587185143928636,-0.6384658583611653,53.73946334419194,4525.5357,4551.932499376128,4499.138900623872,0.011665712581221267,17.80278571428588,0.8192518253067391,-0.0043759827470182255,0.0024704514414219947,0.0030773118133154264,0
2026-05-22 03:00:00+00:00,4522.929,4529.826,4519.16,4529.351,7695,4528.142400000001,4535.2959,4525.933050000001,4517.19408,4529.476405853755,4527.3398465441705,2.1365593095842996,2.794286673431151,-0.6577273638468513,60.9844093370939,4525.933050000001,4552.307220621799,4499.558879378202,0.011654688803582208,17.33892857142876,0.9999999999967623,-0.003050925204459043,0.0022166987916136804,0.003065194912882191,0
2026-05-22 04:00:00+00:00,4529.407,4533.143,4525.561,4527.391,6028,4526.551600000001,4532.8768,4526.3132000000005,4517.725179999999,4529.155574183947,4527.343635689162,1.811938494784954,2.597817037701912,-0.7858785429169579,56.47891231964453,4526.3132000000005,4552.533155675389,4500.093244324612,0.011585568438078264,15.541714285714468,0.8541226255664162,-0.0017537805833957032,-0.005314855362377413,0.0018712525724670357,1
2026-05-22 05:00:00+00:00,4527.33,4534.289,4507.304,4511.202,11033,4523.402400000001,4530.821900000001,4525.257,4518.32432,4526.393485847955,4526.147958938038,0.24552690991731652,2.127359012144993,-1.8818321022276763,51.06409666764231,4525.257,4552.15032647406,4498.363673525939,0.011885878072366195,16.254428571428694,0.6788036569200668,-0.00347828161489816,-0.004534450370287324,0.0017024955859637429,1
2026-05-22 06:00:00+00:00,4511.324,4528.897,4510.106,4526.743,13272,4523.5118,4529.2011,4525.054,4519.55504,4526.4472572559625,4526.192036054879,0.2552212010832591,1.752931449932646,-1.497710248849387,55.685802342927964,4525.054,4551.832106501166,4498.275893498834,0.011835485941677555,16.23321428571444,0.700611049683658,0.00012085203557266055,-0.003567725031592861,0.0019041945325341386,0
2026-05-22 07:00:00+00:00,4526.636,4527.445,4516.074,4521.806,9503,4523.2986,4527.1066,4525.55605,4520.7194,4525.733217678122,4525.867144487475,-0.1339268093533974,1.3755597980754373,-1.5094866074288347,50.95566015132894,4525.55605,4551.652950767562,4499.459149232438,0.01153312453949704,16.413500000000113,0.24633705843519055,-0.00023569095035202992,-0.004610642317837921,0.0019138971695479227,1
2026-05-22 08:00:00+00:00,4521.9,4531.135,4516.965,4521.899,11026,4521.8081999999995,4524.9753,4525.9528,4521.91544,4525.143338035334,4525.573207852253,-0.42986981691956316,1.0144738750764373,-1.4443436919960004,34.735835278872074,4525.9528,4551.544037279859,4500.361562720141,0.011308662909546623,14.19264285714293,0.0,-0.001645268825489432,-0.004691174437820633,0.0019114273421149599,0
2026-05-22 09:00:00+00:00,4522.03,4536.129,4514.964,4532.373,9635,4522.8046,4524.678099999999,4527.3735,4523.1113399999995,4526.255593722206,4526.076896169838,0.17869755236824858,0.8473186105347995,-0.6686210581665509,50.353915834034744,4527.3735,4550.8948373724315,4503.852162627568,0.010390720965448,13.645571428571461,0.5950068190546575,0.001100413019330615,-0.0006552974470521722,0.002038594365124584,0
2026-05-22 10:00:00+00:00,4532.429,4536.898,4510.165,4514.528,10381,4523.469800000001,4523.436100000001,4527.43085,4523.91972,4524.451348534175,4525.221422363212,-0.7700738290368463,0.5238401226204703,-1.2939139516573166,34.96439869232641,4527.43085,4550.81372391522,4504.047976084779,0.010329422884601515,14.558357142857144,0.008707650668813191,0.0007372757859214207,-0.002743570281788066,0.0023279941333472554,1
2026-05-22 11:00:00+00:00,4514.756,4525.084,4511.422,4520.765,8492,4522.2742,4522.893,4528.036249999999,4524.7626199999995,4523.884217990456,4524.891316997162,-1.0070990067060848,0.21765229675515918,-1.224751303461244,39.06778312582045,4528.036249999999,4549.953559639651,4506.118940360348,0.009680712975587001,15.172642857142884,0.16503554963874226,-0.0013205962874410782,-0.0011999038486180114,0.002386542419369357,0
2026-05-22 12:00:00+00:00,4520.686,4535.942,4515.176,4528.101,16269,4523.5332,4523.4159,4528.8550000000005,4525.64098,4524.532953684232,4525.129071297545,-0.596117613313254,0.0548983147414765,-0.6510159280547305,42.96711377535303,4528.8550000000005,4549.386480834597,4508.323519165404,0.0090669632101697,16.20271428571427,0.3135895488338467,0.0013921428738872255,0.0011561238080581848,0.002434759287251515,0
2026-05-22 13:00:00+00:00,4528.164,4534.454,4510.271,4513.651,22216,4521.8836,4521.8459,4528.570900000001,4526.2128999999995,4522.858806963581,4524.278843781189,-1.4200368176079792,-0.24008871172841473,-1.1799481058795644,40.48625607381517,4528.570900000001,4549.802465258468,4507.339334741533,0.009376717612378564,17.016571428571428,0.21907554986286915,-0.0018240124337143282,-0.0034662802684092275,0.0025914276492298924,1
2026-05-22 14:00:00+00:00,4513.702,4513.833,4491.525,4500.613,24286,4515.5316,4519.168100000001,4526.02245,4526.3335799999995,4519.43637512303,4522.525818291413,-3.089443168382786,-0.8099596030592893,-2.279483565323497,38.90270110825481,4526.02245,4547.851660159745,4504.193239840256,0.009646090093850255,17.510499999999997,0.15874636923607197,-0.00700736678115399,-0.005914664759460675,0.002714213810208954,1
2026-05-22 15:00:00+00:00,4500.815,4522.388,4500.152,4520.257,12359,4516.6774,4520.0736,4525.44775,4526.75944,4519.562625104102,4522.3577576750595,-2.795132570957321,-1.206994196638896,-1.5881383743184252,47.8411015870937,4525.44775,4547.247131950399,4503.648368049601,0.00963413264484118,17.98299999999998,0.49927536174357434,0.0012690141693658674,0.002007225568706472,0.0028988046570619093,0
2026-05-22 16:00:00+00:00,4520.202,4526.915,4512.301,4515.079,9239,4515.5402,4518.9072,4524.05415,4527.13962,4518.872836626548,4521.818590433409,-2.945753806860921,-1.5547461186833011,-1.3910076881776199,47.20482636422955,4524.05415,4544.673848300627,4503.434451699373,0.00911558421581962,18.23085714285714,0.4750349888589211,-0.001257751730072365,-0.0025766870352482707,0.0026841209455511325,1
2026-05-22 17:00:00+00:00,4514.848,4527.969,4513.112,4519.328,12090,4513.7856,4518.6594,4522.883,4527.86148,4518.942861760926,4521.63410225111,-2.6912404901841,-1.7820449929834612,-0.9091954972006389,46.3465309722903,4522.883,4541.604781561606,4504.161218438394,0.008278693727697973,18.53021428571427,0.5339950583623717,-0.0019374567837597834,-0.0005480111265275811,0.002690703302833313,1
2026-05-22 18:00:00+00:00,4519.383,4520.416,4511.566,4515.24,7175,4514.1034,4517.9935,4521.484399999999,4527.53826,4518.373190720784,4521.160465042458,-2.7872743216739764,-1.9830908587215645,-0.8041834629524118,45.63851858233013,4521.484399999999,4537.841756734042,4505.127043265957,0.007235392312331189,18.6207857142857,0.5204152956455897,0.00035204316860126816,-0.0014726113962298948,0.0027038200297374504,1
2026-05-22 19:00:00+00:00,4515.309,4515.742,4504.308,4508.384,8743,4515.6576000000005,4515.5946,4520.13635,4527.12148,4516.836392148356,4520.214060215495,-3.377668067138984,-2.262006300405049,-1.1156617667339352,48.91587030454111,4520.13635,4536.123741667334,4504.148958332666,0.0070738537200693615,17.510000000000023,0.6768523779653194,0.001726653680287571,-0.005292812396508362,0.002585446082152928,1
2026-05-22 20:00:00+00:00,4508.428,4510.328,4504.373,4507.998,5225,4513.205800000001,4514.9416,4519.18885,4526.5945600000005,4515.476639510147,4519.309166858228,-3.832527348081385,-2.576110509940316,-1.2564168381410687,41.836583602616095,4519.18885,4535.713600996086,4502.664099003913,0.007313149126789145,16.59314285714293,0.43778205865577086,-0.0027120139408002286,-0.001446441355552719,0.0022912049574000688,1
2026-05-24 22:00:00+00:00,4545.459,4565.49,4543.401,4565.178,9464,4523.2256,4519.3829,4521.137949999999,4527.27496,4523.123002662433,4522.706858229773,0.41614443265916634,-1.9776595214204196,2.393803954079586,62.981431153998265,4521.137949999999,4547.443811179762,4494.832088820237,0.011636831908551856,19.887500000000077,0.9999999999964597,0.011095929882954492,0.009824222227875046,0.004674618510827972,0
2026-05-24 23:00:00+00:00,4565.122,4580.043,4565.102,4567.142,6412,4532.7883999999995,4523.287,4523.35145,4527.76934,4529.895156098982,4525.998350237608,3.8968058613736503,-0.8027664448616053,4.699572306235256,63.39144590794729,4523.35145,4556.762340506075,4489.940559493925,0.014772626392351093,19.942571428571487,0.9999999999964823,0.010579891523695428,0.008621936657331686,0.004671833664049048,0
2026-05-25 00:00:00+00:00,4567.172,4579.82,4565.966,4569.237,11288,4543.587799999999,4528.8456,4525.3457499999995,4528.23614,4535.947747468369,4529.201213205365,6.746534263003923,0.7070936967115008,6.039440566292423,61.480821695962725,4525.3457499999995,4564.52767539731,4486.163824602689,0.01731665493064737,19.42035714285716,0.9327885095632464,0.01195883275307641,0.012315085947052662,0.004457054993384208,0
2026-05-25 01:00:00+00:00,4569.296,4576.372,4560.098,4562.963,16109,4554.5036,4535.080599999999,4527.12435,4528.61624,4540.1039401655435,4531.702086317455,8.401853848088649,2.246045726986931,6.1558081211017175,66.25608323544198,4527.12435,4569.7732635063485,4484.475436493652,0.018841502997967545,18.673285714285743,0.9999999999963443,0.012106111635566075,0.013853668378063011,0.004325132014934039,0
2026-05-25 02:00:00+00:00,4562.614,4570.341,4558.794,4561.197,10012,4565.143399999999,4539.1746,4529.6241,4529.034680000001,4543.349026293921,4533.886894751481,9.462131542440147,3.6892628900775746,5.772868652362573,63.98992415434861,4529.6241,4574.16235300332,4485.08584699668,0.01966531969101819,18.52221428571433,0.9171525089421138,0.011801025643755958,0.009057007156894059,0.00422118720958985,1
2026-05-25 03:00:00+00:00,4561.546,4564.585,4556.746,4559.617,7986,4564.031199999999,4543.6284,4531.2678,4529.29968,4545.851791479472,4535.792828484173,10.058962995299225,4.963202911121906,5.09576008417732,61.35728082566971,4531.2678,4577.742703759005,4484.792896240994,0.020512980388846334,17.59885714285721,0.8209068850398094,-0.0012181343202827266,0.009864279229665929,0.004185363026624268,0
2026-05-25 04:00:00+00:00,4559.838,4566.09,4559.269,4564.735,5990,4563.549800000001,4548.1691,4533.41425,4529.68884,4548.75690048263,4537.936693051919,10.82020743071098,6.134603815039721,4.685603615671258,69.73635408295719,4533.41425,4581.968044565228,4484.860455434771,0.021420409381396638,16.358714285714345,0.9999999999967568,-0.000527025435162809,0.010047290216598448,0.004185520955025125,1
2026-05-25 05:00:00+00:00,4564.679,4566.216,4551.941,4553.665,7762,4560.4354,4552.0116,4535.00255,4529.5384,4549.511992716071,4539.101752831395,10.41023988467623,6.989731028967024,3.4205088557092056,70.8131944008535,4535.00255,4584.04608607699,4485.95901392301,0.02162889018749935,15.78492857142867,0.999999999996549,-0.0034080088207287806,0.008510068124839565,0.0042890631843924545,1
2026-05-25 06:00:00+00:00,4553.609,4563.389,4550.367,4562.338,8267,4560.3104,4557.407,4536.5008,4530.1192599999995,4551.485224605906,4540.82295633295,10.66226827295668,7.724238477764956,2.9380297951917242,68.06408132077571,4536.5008,4587.0148778276425,4485.986722172357,0.022270062347456314,15.126785714285818,0.9051264794454317,-0.00013697240148558,0.011967481030896954,0.004214455631040452,1
2026-05-25 07:00:00+00:00,4562.394,4565.194,4552.395,4564.626,9892,4560.9962,4563.069799999999,4539.0057,4530.84956,4553.506882358844,4542.586144759925,10.920737598919004,8.363538301995765,2.5571992969232387,71.81015433104136,4539.0057,4589.899138175302,4488.112261824697,0.022424928074138546,14.99714285714299,0.9999999999966638,0.0007517763429205626,0.012561673718577637,0.004198642092980625,1
2026-05-25 08:00:00+00:00,4564.626,4565.129,4553.293,4556.278,6300,4560.3284,4562.1798,4540.78135,4531.2094,4553.933208149791,4543.600356263021,10.332851886770186,8.75740101895065,1.5754508678195354,65.6985537786991,4540.78135,4591.472832283653,4490.089867716348,0.02232720687317502,14.781357142857294,0.7961003509459761,-0.000732298348742888,-0.0019495406312742825,0.00135556512627119,1
2026-05-25 09:00:00+00:00,4555.971,4569.049,4554.898,4567.563,5783,4560.893999999999,4562.2219,4542.754449999999,4531.99924,4556.03009920367,4545.375366916413,10.654732287256593,9.13686727261184,1.5178650146447534,70.94880808436713,4542.754449999999,4594.430217129367,4491.078682870632,0.022750852020789795,15.160000000000114,0.9712631419667827,0.0006195321305619839,9.218018620837931e-05,0.0015938744440763808,0
2026-05-25 10:00:00+00:00,4567.549,4573.675,4567.451,4568.804,5825,4563.9218,4562.1786,4545.5121,4532.9472399999995,4557.995314710798,4547.110821224522,10.88449348627637,9.486392515344745,1.3981009709316243,75.32951001106753,4545.5121,4596.530783673194,4494.493416326806,0.02244793658043223,14.787857142857254,0.9999999999970143,0.0033245748205017467,-9.476418054044089e-05,0.0015891193742065676,1
2026-05-25 11:00:00+00:00,4568.864,4577.11,4567.543,4569.418,5928,4565.3378,4562.8241,4548.95235,4533.93984,4559.752650909137,4548.763204842475,10.989446066661912,9.78700322560818,1.202442841053733,75.6996050076992,4548.95235,4596.375773860366,4501.528926139633,0.020850261867599786,15.045857142857196,0.9999999999930276,0.0015518359227220113,0.0014146509625434511,0.0015150455467854488,1
2026-05-25 12:00:00+00:00,4569.516,4570.022,4552.858,4567.838,10034,4565.9802,4563.4882,4551.3314,4534.650079999999,4560.99655076927,4550.176152635845,10.820398133424533,9.993682207171451,0.8267159262530814,52.08150744960554,4551.3314,4597.449571910613,4505.2132280893875,0.020265793833695585,12.165285714285735,0.0,0.0007036721080762032,0.001455977455040669,0.0015134991759791958,0
2026-05-25 13:00:00+00:00,4567.893,4571.511,4560.098,4563.351,8113,4567.3948,4563.8616,4553.745,4535.30104,4561.358773727843,4551.152067257921,10.20670646992221,10.036287059721603,0.1704194102006067,47.14614793959543,4553.745,4596.827375040794,4510.6626249592055,0.018921733667912645,11.913285714285783,0.0,0.0015523635739520536,0.0008189284319273238,0.0015494431965535603,1
2026-05-25 14:00:00+00:00,4562.987,4570.739,4562.308,4567.021,6760,4567.2864,4564.090200000001,4556.12965,4536.4061599999995,4562.229885462021,4552.327543760132,9.902341701888872,10.009497988155058,-0.10715628626618567,48.370444450980685,4556.12965,4596.377366144527,4515.881933855473,0.017667502567459532,11.525928571428656,0.04287734786232217,-0.00011866284055639387,0.0005007957745630787,0.0015288521433438143,1
2026-05-25 15:00:00+00:00,4566.741,4574.561,4565.525,4571.003,7837,4567.7262,4565.824,4558.9178,4537.54694,4563.579595390941,4553.71091089206,9.868684498880611,9.98133529030017,-0.1126507914195578,56.1185352044079,4558.9178,4594.719008639371,4523.116591360629,0.015706011913340923,11.008928571428637,0.3142312065183811,0.0004813075807146294,0.003807482544280205,0.001268919941869394,0
2026-05-25 16:00:00+00:00,4571.047,4574.356,4567.871,4573.381,4613,4568.5188,4566.9283,4562.16765,4538.93538,4565.087503792335,4555.16795453266,9.919549259675478,9.968978084175232,-0.0494288244997545,59.18659709865209,4562.16765,4589.438184615564,4534.897115384437,0.011955077808490233,10.64735714285715,0.4216809589919858,0.0008672876939690433,0.002420469504889944,0.0011545679707256503,0
2026-05-25 17:00:00+00:00,4573.609,4578.177,4563.136,4565.248,5226,4568.0008,4566.9905,4565.0301500000005,4539.97272,4565.112195516592,4555.914624568689,9.197570947902932,9.814696656920773,-0.6171257090178415,53.86388900325208,4565.0301500000005,4574.695598246075,4555.364701753926,0.004234560530153101,11.161785714285672,0.23526892199464414,-0.0005670078492275854,0.0001362652712399992,0.0013120654384341736,0
2026-05-25 18:00:00+00:00,4565.251,4571.521,4564.398,4570.618,2257,4569.4542,4568.4245,4565.30215,4541.21194,4565.9592423601935,4557.003763491432,8.95547886876102,9.642853099288823,-0.6873742305278032,54.022894186190044,4565.30215,4575.286050245562,4555.3182497544385,0.004373817950061389,11.183357142857078,0.24083760611433427,0.0015924700948930504,0.0031473057614130884,0.001180534970368417,0
2026-05-25 22:00:00+00:00,4571.441,4576.476,4569.551,4574.787,4264,4571.0074,4569.1469,4565.6844,4542.4731600000005,4567.317358920164,4558.32104027198,8.99631864818457,9.513546209067973,-0.5172275608834038,65.94883566401867,4565.6844,4576.514443833204,4554.854356166797,0.004744105323269164,10.658357142856987,0.6585082737796161,0.0017004520014252122,0.001581587380403926,0.0009416916088201121,0
2026-05-25 23:00:00+00:00,4575.081,4580.375,4555.037,4559.741,6991,4568.754999999999,4568.240599999999,4565.2096,4543.28132,4566.151765240139,4558.426222474213,7.725542765925638,9.155945520439507,-1.4304027545138691,48.21121075615457,4565.2096,4576.215063913685,4554.204136086315,0.004821449562221704,11.538071428571259,0.03730066079267024,-0.0024637918636237766,-0.001983670124610315,0.0014369954549982044,0
2026-05-26 00:00:00+00:00,4559.51,4559.994,4539.53,4549.449,14292,4563.9686,4566.2437,4564.5339,4543.23866,4563.582109049348,4557.761243030755,5.820866018592824,8.48892962007017,-2.6680636014773462,40.584403498976236,4564.5339,4577.588756017577,4551.479043982424,0.005720126656339058,12.085571428571257,0.0,-0.005232890065358764,-0.004370140792547383,0.0015685840737130012,0
2026-05-26 01:00:00+00:00,4549.526,4550.242,4527.757,4536.856,16556,4558.2902,4563.1455000000005,4563.31685,4543.34076,4559.470399964834,4556.212706507967,3.257693456866946,7.442682387429525,-4.18498893056258,38.55374823196604,4563.31685,4581.292541448752,4545.341158551249,0.007878344651325976,12.846214285714138,0.0,-0.006219158302024352,-0.006782639839679083,0.0017315333008522079,0
2026-05-26 02:00:00+00:00,4536.8,4539.604,4529.856,4532.458,7596,4550.6582,4560.0562,4561.9589,4543.1309,4555.31464612409,4554.453098616392,0.8615475076985604,6.126455411483333,-5.264907903784772,27.483227072723665,4561.9589,4584.607451545593,4539.310348454406,0.00992930977330522,12.531714285714186,0.0,-0.00834898037858356,-0.006769805785266092,0.0017312868450829566,1
2026-05-26 03:00:00+00:00,4532.4,4545.382,4531.961,4542.483,6076,4544.197399999999,4557.6024,4560.8463,4543.12554,4553.340546720385,4553.56642464383,-0.2258779234452959,4.8559887444976075,-5.081866667942903,34.82712106713451,4560.8463,4585.053265453373,4536.639334546628,0.010615120028654551,13.045785714285557,0.1523111919418661,-0.007061312362739547,-0.005372867784054325,0.001912859508232909,0
2026-05-26 04:00:00+00:00,4542.144,4543.154,4523.398,4525.637,6688,4537.3766000000005,4553.0658,4559.4448999999995,4542.77404,4549.0784626095565,4551.497578371805,-2.4191157622481114,3.4009678431484636,-5.820083605396575,28.740688945217315,4559.4448999999995,4588.217097420019,4530.67270257998,0.012620921209079395,13.773571428571293,0.03269054926054002,-0.007479372183639477,-0.009924736430932168,0.0020791944280815766,0
2026-05-26 05:00:00+00:00,4525.57,4535.005,4522.837,4527.381,8688,4532.963,4548.4658,4557.697050000001,4542.6147599999995,4545.740391438856,4549.71116515739,-3.9707737185335645,1.9266195308120575,-5.8973932493456225,30.386006418897097,4557.697050000001,4589.7852867327765,4525.608813267225,0.014080899358054452,13.416714285714145,0.07546427711591702,-0.0048506973042228285,-0.010058204203848287,0.002068684058718304,1
2026-05-26 06:00:00+00:00,4527.157,4536.338,4526.928,4531.147,9321,4531.8212,4545.0557,4556.0231,4542.69874,4543.495254294417,4548.336041811194,-4.840787516777709,0.5731381212941038,-5.413925638071813,34.277233136742524,4556.0231,4590.025309165966,4522.020890834035,0.01492626723774325,13.273642857142672,0.1766254665612835,-0.0012583604152301975,-0.007469692774631276,0.0021246651742673765,0
2026-05-26 07:00:00+00:00,4531.207,4539.046,4521.567,4538.069,12078,4532.9434,4541.8008,4555.11265,4542.9362,4542.660445941429,4547.575520194934,-4.915074253504827,-0.5245043536656826,-4.390569899839144,36.29996971532493,4555.11265,4590.048440523214,4520.176859476786,0.015339155453472112,13.919928571428434,0.22921105282014492,0.0012379596236746782,-0.007121356455516481,0.002162581365557768,0
2026-05-26 08:00:00+00:00,4538.154,4538.855,4519.916,4523.57,9644,4529.1608,4536.6791,4552.913,4542.95016,4539.723454258133,4545.797333512493,-6.0738792543606905,-1.6343793338046846,-4.439499920556006,29.586593332817785,4552.913,4590.020463525021,4515.805536474978,0.0163005370517827,14.62728571428553,0.05468173615650671,-0.00416358190003141,-0.011195493910426957,0.0022092909597191046,0
2026-05-26 09:00:00+00:00,4523.869,4526.47,4511.958,4522.587,10157,4528.5508,4532.9637,4550.60215,4542.81488,4537.087076679959,4544.07804954741,-6.990972867451092,-2.705698040533967,-4.285274826917124,27.874479466137743,4550.60215,4589.266481786991,4511.9378182130085,0.016993061802597343,15.200642857142741,0.010171485847791928,-0.0006739382765341695,-0.00814826982497463,0.002084722273131636,0
2026-05-26 10:00:00+00:00,4522.655,4540.631,4519.389,4534.61,11044,4529.9966,4531.4798,4548.86175,4542.95926,4536.705987959966,4543.376712543447,-6.6707245834813875,-3.498703349123451,-3.1720212343579366,37.09174559304351,4548.86175,4587.091121270458,4510.632378729542,0.01680832409138735,15.643571428571379,0.24979504737302743,0.0015967288814435765,-0.003261713671259936,0.0022777145503349336,0
2026-05-26 11:00:00+00:00,4534.711,4536.445,4503.499,4507.169,16002,4525.201,4528.5111,4545.8283,4542.8786,4532.161835966124,4540.694659760853,-8.532823794728756,-4.5055274382445125,-4.027296356484244,27.459910335566647,4545.8283,4587.2153152334595,4504.441284766541,0.018208789466799418,17.488071428571402,0.0,-0.005291816840195196,-0.006543518242589141,0.002837099317457183,0
2026-05-26 12:00:00+00:00,4506.982,4523.847,4500.625,4520.249,16510,4521.637000000001,4527.2902,4543.673199999999,4542.74872,4530.329091971335,4539.180166444398,-8.851074473062909,-5.374636845208192,-3.4764376278547164,31.779123067260016,4543.673199999999,4585.702188355004,4501.644211644994,0.018500004954143674,18.652142857142866,0.20814178601488262,-0.003926780311185318,-0.00269368188298702,0.0030455608812341027,0
2026-05-26 13:00:00+00:00,4520.19,4531.34,4512.307,4514.253,19175,4519.7736,4524.4672,4541.034799999999,4542.59766,4527.855847052669,4537.333709669796,-9.477862617127357,-6.195281999592026,-3.2825806175353316,33.82453345471099,4541.034799999999,4583.515199584773,4498.554400415226,0.018709567953442374,18.201785714285766,0.4849423928110297,-0.002059656421808387,-0.006214662773641799,0.002929077354864963,0
2026-05-26 14:00:00+00:00,4514.234,4525.049,4507.76,4515.203,14190,4518.2968,4523.4238,4538.2448,4542.46374,4525.909255198412,4535.694397841628,-9.785142643216204,-6.913254128316861,-2.871888514899343,36.9554949491876,4538.2448,4579.756453499354,4496.733146500646,0.018294144687547042,17.97500000000004,0.8559332398950269,-0.001632693854203393,-0.0023055317958553534,0.0027248851301608034,0
2026-05-26 15:00:00+00:00,4515.205,4515.605,4502.226,4506.633,14611,4512.7014,4521.349,4534.907399999999,4541.94894,4522.9436774755795,4533.541701704269,-10.59802422868961,-7.650208148391411,-2.9478160802981987,38.123904654873186,4534.907399999999,4575.2409334189915,4494.573866581007,0.01778802955005978,17.32457142857142,0.9999999999906226,-0.006169659573811215,-0.0045827819659977065,0.0027632294445639497,1
2026-05-26 16:00:00+00:00,4506.705,4511.456,4499.545,4505.06,8935,4512.2796,4518.7402999999995,4531.898,4541.75958,4520.192342479337,4531.431946021616,-11.239603542278928,-8.368087227168916,-2.8715163151100125,38.98953527624664,4531.898,4571.677541480753,4492.118458519248,0.01755535604762173,17.479071428571388,0.9999999999913267,-0.0004679212161778912,-0.00575726190300152,0.002727085078555796,1
2026-05-26 17:00:00+00:00,4505.021,4507.618,4489.796,4491.255,8309,4506.480799999999,4514.0589,4527.9298499999995,4541.16938,4515.740443636361,4528.455875944823,-12.715432308461459,-9.237556243427425,-3.4778760650340335,30.0199691102827,4527.9298499999995,4567.277550748823,4488.582149251176,0.017379995738592828,17.793428571428585,0.222041808633444,-0.00641424841861582,-0.010315841385399871,0.0027205048146162454,1
2026-05-26 18:00:00+00:00,4491.2,4499.699,4482.319,4499.101,7965,4503.4504,4511.611999999999,4524.14555,4540.58938,4513.180529230767,4526.281440688896,-13.100911458128394,-10.01022728636762,-3.090684171760774,38.86894075403951,4524.14555,4558.796406870822,4489.494693129179,0.015318188368551216,17.623714285714218,0.9895404644186998,-0.003356480020060948,-0.005409223246241379,0.00273298269160715,1
2026-05-26 19:00:00+00:00,4499.475,4509.856,4497.538,4509.103,6300,4502.2304,4510.2636,4521.613649999999,4540.49842,4512.553217041418,4525.00896360042,-12.455746559002364,-10.499331140894569,-1.9564154181077953,42.82968240020076,4521.613649999999,4552.509982047808,4490.717317952191,0.013666064568700495,17.634428571428543,0.9999999999934938,-0.0013509913064817525,-0.0029814794054819904,0.0028703920717247622,0
2026-05-26 20:00:00+00:00,4508.825,4510.909,4504.22,4507.175,3958,4502.3387999999995,4507.5201,4519.499949999999,4540.6296600000005,4511.725799035046,4523.687929259255,-11.962130224208522,-10.79189095755736,-1.170239266651162,40.45837379993326,4519.499949999999,4548.075184720923,4490.924715279076,0.012645308125702545,17.44007142857137,0.8457160854188296,0.00012026717063506887,-0.006050134410676922,0.0026769764609604818,0
2026-05-26 22:00:00+00:00,4508.195,4512.512,4498.028,4511.135,8297,4503.5538,4507.9167,4518.213900000001,4540.44722,4511.634906875809,4522.758082647201,-11.123175771392198,-10.85814792032433,-0.2650278510678685,39.0205126532741,4518.213900000001,4545.798203743408,4490.629596256594,0.012210269081508938,17.22614285714274,0.752164851177801,0.0013484837049895226,0.0008799315046763567,0.0018917587148014113,0
2026-05-26 23:00:00+00:00,4511.03,4527.836,4504.386,4519.78,6845,4509.2588000000005,4507.8697999999995,4517.58,4540.5412400000005,4512.887998125684,4522.537483932537,-9.649485806852681,-10.616415497630001,0.9669296907773202,48.3775962740364,4517.58,4544.356923733498,4490.803076266502,0.011854543243726874,17.548357142857054,0.9999999999952195,0.006351231448670669,-0.00010375534622097948,0.0017492471459225878,0
2026-05-27 00:00:00+00:00,4519.72,4525.839,4513.853,4515.277,9646,4512.494,4507.9722,4516.2197,4540.46022,4513.255536875578,4521.999670307777,-8.744133432198396,-10.24195908454368,1.4978256523452842,46.96231778062181,4516.2197,4540.298095602218,4492.141304397781,0.010663075404510872,17.36792857142843,0.9323405802309623,0.003595384944681257,0.0002268370868891978,0.0017245573145339612,0
2026-05-27 01:00:00+00:00,4515.221,4521.15,4506.756,4508.021,11772,4512.277599999999,4507.254,4515.338900000001,4540.31584,4512.450223510105,4520.964213247715,-8.513989737609336,-9.896365215156813,1.3823754775474768,38.49508891869677,4515.338900000001,4539.255070965273,4491.422729034728,0.010593300522923146,16.87878571428551,0.527552551249589,-0.00023995903398088547,-0.0015906261578938485,0.0017969731201879706,0
2026-05-27 02:00:00+00:00,4508.082,4509.776,4497.968,4505.605,8570,4511.9636,4507.1512,4514.250099999999,4540.26026,4511.397112200859,4519.826493747653,-8.429381546794502,-9.602968481484352,1.1735869346898493,49.136197945432286,4514.250099999999,4537.838443632488,4490.661756367511,0.010450614436487883,15.368928571428373,0.999999999994769,-0.000348333490490349,-0.00022810821293861583,0.0016993740166064586,0
2026-05-27 03:00:00+00:00,4505.57,4512.003,4496.673,4497.223,6507,4509.181199999999,4506.3675,4512.5539,4540.04476,4509.216479554572,4518.152160877143,-8.935681322570417,-9.469511049701564,0.5338297271311472,36.58658775281961,4512.5539,4535.903969553782,4489.203830446218,0.010348937684171397,14.8052142857141,0.3435101504135753,-0.0030839245555719375,-0.0017395994725931674,0.0017961838318173145,1
2026-05-27 04:00:00+00:00,4497.181,4517.196,4495.725,4510.381,7060,4507.301399999999,4508.2801,4511.1695,4538.94882,4509.395636546176,4517.576519330588,-8.180882784411551,-9.211785396643561,1.0309026122320102,47.91814525668357,4511.1695,4531.19680873998,4491.14219126002,0.008878987473195175,14.9793571428569,0.9362817478621793,-0.0020795259946279065,0.0042584979031474735,0.001721977016238417,0
2026-05-27 05:00:00+00:00,4510.295,4513.939,4491.758,4497.553,14321,4503.7566,4508.125300000001,4509.86865,4537.557040000001,4507.573692462149,4516.093295676232,-8.519603214082963,-9.073348960131442,0.5537457460484791,41.584979784880375,4509.86865,4529.884352575417,4489.852947424583,0.008876401566780434,15.328785714285525,0.6049839000290812,-0.00392534057157512,-0.00034406873728765053,0.0019302025959877004,0
2026-05-27 06:00:00+00:00,4497.42,4499.302,4479.82,4485.381,14179,4499.2286,4505.7531,4508.00835,4535.879919999999,4504.1594320833565,4513.818310810987,-9.658878727630508,-9.190454913631255,-0.46842381399925337,40.20410420930377,4508.00835,4529.877140135913,4486.1395598640875,0.009702195931341877,15.764714285714101,0.532748126567826,-0.005022159391005365,-0.00526091331247025,0.0019195078448484488,0
2026-05-27 07:00:00+00:00,4485.439,4489.063,4475.755,4482.122,10455,4494.532,4503.247799999999,4505.38395,4534.2631,4500.7690579166865,4511.470435935775,-10.701378019088224,-9.492639534722649,-1.2087384843655755,39.58877995642696,4505.38395,4526.392042380348,4484.375857619652,0.009325772282004062,15.86449999999981,0.5005595470012236,-0.005211952667843578,-0.005558470660668835,0.0019201385743952747,0
2026-05-27 08:00:00+00:00,4481.865,4498.65,4481.012,4497.696,8979,4494.6266,4501.9039,4504.9103,4532.993079999999,4500.296279775658,4510.4501073478095,-10.153827572151386,-9.624877142208398,-0.5289504299429879,52.877270412493566,4504.9103,4526.174532515217,4483.646067484782,0.009440468777021987,15.851357142856939,0.9999999999938616,0.00010517601639947749,-0.0029790728940721767,0.0022777833037231974,0
2026-05-27 09:00:00+00:00,4497.63,4497.63,4487.058,4490.34,7041,4490.6184,4498.9599,4503.41485,4531.60754,4498.764544425557,4508.960469766314,-10.19592534075764,-9.739086781918246,-0.4568385588393937,46.069149938531595,4503.41485,4524.341219849098,4482.488480150902,0.00929355635495037,15.36978571428556,0.5820850104168417,-0.004443305343827975,-0.006513591369491367,0.0021687930357092815,0
2026-05-27 10:00:00+00:00,4490.103,4490.843,4442.572,4445.927,18650,4480.2932,4492.0249,4499.99855,4529.23138,4490.63569143701,4504.291323857187,-13.655632420177426,-10.522395909570083,-3.133236510607343,28.342132327733765,4499.99855,4532.553125472552,4467.4439745274485,0.014468704872161228,17.937857142856956,0.0,-0.011478686298971974,-0.015358969117509336,0.0036465103613878428,0
2026-05-27 11:00:00+00:00,4446.006,4453.185,4424.814,4428.716,17923,4468.9601999999995,4484.0944,4495.6741999999995,4526.7324,4481.109585062085,4498.69315171905,-17.58356665696465,-11.934630059048997,-5.648936597915652,25.65396287538853,4495.6741999999995,4540.419275356642,4450.929124643357,0.019905835416918205,19.486571428571292,0.0,-0.012633263484194579,-0.017591976612353677,0.0037206308281409277,1
2026-05-27 12:00:00+00:00,4428.357,4466.752,4427.419,4438.722,27478,4460.2802,4477.4061,4492.27865,4524.26008,4474.588418129456,4494.250844183888,-19.662426054432217,-13.480189258125641,-6.182236796306576,28.342674618223214,4492.27865,4543.37801860778,4441.17928139222,0.022749865976270184,21.261499999999938,0.0987650651619068,-0.009682913584235453,-0.014844399364791094,0.003922904141203408,1
2026-05-27 13:00:00+00:00,4438.701,4439.199,4401.311,4427.213,39403,4446.1836,4470.4051,4488.3863,4521.51182,4467.299892263386,4489.285077947613,-21.985185684226963,-15.181188543345906,-6.803997140881057,22.781296495592088,4488.3863,4546.732109616711,4430.04049038329,0.02599856862441209,22.29278571428566,0.0,-0.015670912396035686,-0.015567384583775379,0.003937451823357698,1
2026-05-27 14:00:00+00:00,4427.272,4455.538,4426.097,4434.092,26732,4434.933999999999,4462.776199999999,4485.52815,4519.0681,4462.190985761326,4485.196701803016,-23.005716041689993,-16.746094043014725,-6.259621998675268,26.457060996757633,4485.52815,4548.68438112741,4422.37191887259,0.028159997670468364,23.53957142857137,0.12213475833354157,-0.012526445658903484,-0.016914092179796003,0.003784687360984097,1
2026-05-27 15:00:00+00:00,4434.059,4441.384,4427.974,4436.345,13490,4433.0176,4456.6554,4482.39035,4516.44374,4458.214680259584,4481.578057224745,-23.36337696516057,-18.069550627443896,-5.293826337716673,28.593443876332074,4482.39035,4548.85635156398,4415.9243484360195,0.02965649859744151,23.469285714285693,0.19312042855860712,-0.002155231068796115,-0.013609178146427592,0.003820181009843607,1
2026-05-27 16:00:00+00:00,4436.4,4453.293,4434.046,4450.9,8083,4437.4544000000005,4453.2073,4479.4802,4514.08566,4457.0893448350325,4479.305608541274,-22.21626370624108,-18.898893243203332,-3.317370463037747,34.76650608448654,4479.4802,4546.118124228727,4412.842275771273,0.029752525406285604,24.000642857142793,0.3982329869751748,0.005009126798828145,-0.007687418304041627,0.0040485517839519295,1
2026-05-27 17:00:00+00:00,4450.63,4454.402,4441.538,4450.594,8619,4439.8288,4450.0545,4476.65115,4511.70918,4456.090061014259,4477.1788227232655,-21.088761709006576,-19.336866936363982,-1.7518947726425935,36.40387452690991,4476.65115,4543.142544958159,4410.15975504184,0.029705863928289174,23.824499999999976,0.4526378866783344,0.0026746437375444465,-0.007034168190870327,0.0040545674899296206,0
2026-05-27 18:00:00+00:00,4450.525,4458.267,4447.8,4454.518,5378,4445.2898000000005,4445.7366999999995,4473.820299999999,4509.44278,4455.848205473604,4475.500243262184,-19.652037788579946,-19.399901106807178,-0.25213668177276816,32.784369318006426,4473.820299999999,4538.936742745509,4408.70385725449,0.029109994760187233,23.03849999999998,0.33237245785767766,0.006167537003528123,-0.009600026324589228,0.0038350158275716442,1
2026-05-27 19:00:00+00:00,4454.212,4454.91,4448.812,4451.072,5367,4448.685800000001,4441.8099,4470.384899999999,4507.1972000000005,4455.113404631511,4473.690743761183,-18.5773391296716,-19.235388711380065,0.6580495817084646,34.79651714280091,4470.384899999999,4532.471205746264,4408.298594253734,0.02777671593614446,21.88971428571423,0.39923016548141405,0.003829419867698025,-0.008744994811083373,0.0038277642462487926,0
2026-05-27 20:00:00+00:00,4451.129,4458.938,4450.172,4456.205,3393,4452.6578,4442.837699999999,4467.431299999999,4504.98088,4455.281342380509,4472.395503482511,-17.114161102002072,-18.811143189504467,1.6969820875023949,39.99615975422398,4467.431299999999,4526.048996857534,4408.813603142465,0.02624223761763706,21.124285714285698,0.5719988761987552,0.00447665814989584,0.002311778848370638,0.002170953878876354,0
2026-05-27 22:00:00+00:00,4462.475,4464.896,4455.24,4457.302,4428,4453.9382,4445.6963,4464.895350000001,4502.70686,4455.592212783507,4471.277466187457,-15.6852534039499,-18.185965232393553,2.5007118284436523,41.361668360456825,4464.895350000001,4520.426510437018,4409.3641895629835,0.024874563045253546,20.863428571428553,0.6173706794173065,0.0014383607809655974,0.006454692511328242,0.0016288189465627004,0
2026-05-27 23:00:00+00:00,4457.155,4457.552,4443.686,4447.187,5880,4453.2568,4446.5428,4461.97445,4500.1829800000005,4454.2991031245065,4469.492987210531,-15.19388408602481,-17.587549003119804,2.393664917094995,31.72651823766458,4461.97445,4514.556813208766,4409.392086791234,0.02356910098791169,20.593999999999987,0.384115339954019,-0.0007655157940715807,0.001907080461448274,0.0017547341718110723,0
2026-05-28 00:00:00+00:00,4447.245,4457.97,4443.292,4456.899,11274,4453.732999999999,4449.5114,4459.958250000001,4498.016,4454.699087259198,4468.560099268972,-13.86101200977464,-16.84224160445077,2.9812295946761296,38.104283610441094,4459.958250000001,4509.874594838641,4410.04190516136,0.02238422067679253,20.882571428571413,0.8246867837851042,0.0005345134984302558,0.006705347133738604,0.0015507276631103494,0
2026-05-28 01:00:00+00:00,4456.839,4458.953,4406.797,4409.829,20879,4445.4844,4447.0851,4454.93065,4494.80022,4447.795996911628,4464.209647471108,-16.41365055947972,-16.75652339545656,0.3428728359768414,37.397357837113056,4454.93065,4503.705643145297,4406.155656854704,0.02189708301982044,21.16007142857149,0.7866398717821738,-0.009265857752918882,-0.005471920744991254,0.0038342561072519624,0
2026-05-28 02:00:00+00:00,4409.883,4412.856,4392.523,4394.486,15536,4433.140600000001,4442.8992,4449.7773,4491.1942,4439.594458925224,4459.04493284344,-19.45047391821572,-17.295313500008394,-2.155160418207327,37.89158672213236,4449.7773,4501.293266788411,4398.261333211589,0.023154402261169736,20.585928571428603,0.8132393870454406,-0.01385012583577283,-0.009435469964576781,0.003919317557721077,0
2026-05-28 03:00:00+00:00,4394.289,4397.742,4368.324,4374.977,17166,4416.6756000000005,4435.3069,4444.257100000001,4487.49892,4429.653311398266,4452.817678558541,-23.164367160275106,-18.469124232061738,-4.695242928213368,28.871535488660996,4444.257100000001,4502.879908077596,4385.634291922405,0.02638137567585612,19.87771428571432,0.32777810031631827,-0.018469693101342388,-0.017057898402570215,0.0037521816076078857,1
2026-05-28 04:00:00+00:00,4374.871,4382.143,4366.278,4372.915,13565,4401.8212,4427.539,4438.7967499999995,4483.968239999999,4420.924340413918,4446.898961628103,-25.97462121418539,-19.97022362848647,-6.004397585698921,30.800401685949495,4438.7967499999995,4502.677635644153,4374.915864355846,0.02878297396435363,18.30464285714288,0.2914092658181062,-0.01670089429565247,-0.017453625291365626,0.0037347034499936346,1
2026-05-28 05:00:00+00:00,4373.266,4395.782,4367.091,4388.117,14842,4388.0648,4420.8989,4433.3178,4480.99346,4415.877057273316,4442.544742248125,-26.667684974809163,-21.30971589775101,-5.357969077058154,34.647057644913914,4433.3178,4494.67539449959,4371.96020550041,0.027680214804176706,18.251071428571453,0.47411554958648566,-0.015432703321300312,-0.014906438811112643,0.004017510018511652,0
2026-05-28 06:00:00+00:00,4388.176,4390.671,4374.223,4383.392,11962,4382.7774,4414.130899999999,4427.9704,4478.01214,4410.879356154343,4438.163057637042,-27.283701482698234,-22.504513014740457,-4.779188467957777,32.604024993593725,4427.9704,4487.0007113766,4368.940088623401,0.02666246882616896,18.468071428571484,0.29883505189374254,-0.00599501704034322,-0.015205325818140047,0.004012615167589288,1
2026-05-28 07:00:00+00:00,4383.743,4396.437,4382.813,4387.613,10730,4381.4028,4407.271699999999,4425.0547,4474.91474,4407.299916745983,4434.418608923099,-27.118692177115918,-23.42734884721555,-3.6913433299003664,27.69463926972861,4425.0547,4486.077556825923,4364.031843174076,0.02758061129771958,18.066428571428656,0.0,-0.0015640054377235035,-0.015392469601375969,0.003998940157706604,1
2026-05-28 08:00:00+00:00,4387.332,4395.032,4385.805,4387.121,9600,4383.8315999999995,4400.2536,4422.97495,4472.1444200000005,4404.1954680158315,4430.915082336126,-26.719614320294568,-24.085801941831356,-2.6338123784632117,27.658376216992707,4422.97495,4486.265510182362,4359.684389817638,0.028619000061197383,17.806642857142897,0.0,0.0027757860212751506,-0.01574517499599526,0.003982702196518531,1
2026-05-28 09:00:00+00:00,4386.998,4398.96,4386.384,4393.709,9334,4387.990400000001,4394.9058,4420.7243,4469.47098,4402.582165244165,4428.159076237099,-25.576910992934245,-24.384023752051938,-1.1928872408823068,28.99008395812467,4420.7243,4484.852902742641,4356.595697257359,0.029012713026524323,17.95728571428578,0.09718159163361438,0.0047551804688634736,-0.01202512959315627,0.004087193179035004,1
2026-05-28 10:00:00+00:00,4393.782,4404.168,4375.038,4383.147,11755,4386.9964,4387.5306,4418.521,4466.51098,4399.592139821985,4424.824848367622,-25.232708545636342,-24.55376071076882,-0.6789478348675217,27.63137962603166,4418.521,4484.705954016018,4352.336045983981,0.029957967390454098,19.60242857142865,0.0,-0.0011326042582729956,-0.016547828434074985,0.003918992791528982,1
2026-05-28 11:00:00+00:00,4382.8,4390.576,4380.693,4387.634,10839,4387.844800000001,4385.3111,4416.1981,4463.50228,4397.752426003219,4422.069970710713,-24.317544707494562,-24.506517510113973,0.18897280261941063,27.32215497569227,4416.1981,4483.336232698719,4349.05996730128,0.030405399023526302,19.682214285714313,0.0,0.0009677437016812895,-0.0050330749786442475,0.0024217568509417196,1
2026-05-28 12:00:00+00:00,4387.727,4433.963,4379.456,4432.008,16334,4396.7238,4389.0633,4415.98125,4461.67104,4403.022514310415,4422.80612102845,-19.783606718035117,-23.561935351698203,3.7783286336630866,43.49641575217789,4415.98125,4482.872956630527,4349.089543369472,0.030295285619941232,22.885857142857144,0.9999999999938175,0.010118257922929752,0.008538427474794608,0.00391756594793449,1
2026-05-28 13:00:00+00:00,4432.065,4439.168,4418.165,4430.369,24369,4405.3733999999995,4394.6025,4414.9547,4459.82668,4407.229665954967,4423.366334285611,-16.13666833064417,-22.076881947487397,5.940213616843227,45.47869194455495,4414.9547,4480.19996863457,4349.709431365431,0.029556483845494304,23.39564285714284,0.9999999999944924,0.009857945563844561,0.012661095132614264,0.0034947406443925177,1
2026-05-28 14:00:00+00:00,4430.287,4480.513,4420.707,4469.163,46536,4420.4642,4404.2273000000005,4415.88315,4458.517739999999,4416.757871192664,4426.758679894131,-10.000808701466667,-19.661667298283252,9.660858596816585,52.85119125113898,4415.88315,4483.740009906154,4348.026290093845,0.03073308672406994,26.61907142857139,0.9999999999960829,0.017173190122513837,0.02201003220963571,0.004143543085008301,1
2026-05-28 15:00:00+00:00,4469.235,4484.996,4468.53,4482.108,16226,4440.2564,4413.6264,4417.26265,4458.01652,4426.811737163024,4430.8586295316545,-4.046892368630324,-16.538712312352665,12.49181994372234,69.97286438270615,4417.26265,4489.412563434002,4345.112736565998,0.032667250807013694,24.06978571428564,0.9999999999976553,0.022577613755596193,0.021419437995841895,0.004127522794835414,1
2026-05-28 16:00:00+00:00,4482.475,4511.075,4477.621,4510.828,13878,4464.895200000001,4426.370000000001,4420.2504500000005,4457.8281,4439.7373160610205,4436.782286603453,2.9550294575674343,-12.639963958368645,15.594993415936079,79.93567311650875,4420.2504500000005,4502.533032587386,4337.967867412615,0.037229828272461414,25.00699999999993,0.9999999999980993,0.028077547033321437,0.02907246260430285,0.004160041785729322,0
2026-05-28 17:00:00+00:00,4510.83,4514.712,4500.724,4508.735,8810,4480.2406,4438.4822,4422.87695,4457.71774,4450.352344359325,4442.112117225478,8.240227133846929,-8.46392573992553,16.704152873772458,87.80525030524977,4422.87695,4512.974355786518,4332.779544213482,0.04074153850765295,23.904857142857054,0.9999999999983467,0.01731201748733313,0.02760544286836586,0.004256373450382927,0
2026-05-28 18:00:00+00:00,4508.79,4516.634,4498.488,4501.113,8366,4494.3894,4449.8814,4425.067499999999,4457.435939999999,4458.161675996352,4446.4825529865975,11.679123009754221,-4.435315989989578,16.1144389997438,85.12966941424037,4425.067499999999,4520.652295400663,4329.482704599335,0.04320150840666906,24.067785714285623,0.9557631619789563,0.015967970162305,0.025983327106774645,0.004400505232167718,0
2026-05-28 19:00:00+00:00,4501.202,4503.892,4497.343,4498.074,6249,4500.1716,4460.3179,4427.611849999999,4457.26476,4464.302033535375,4450.304141654293,13.997891881082069,-0.7486744157752478,14.746566296857317,82.28313398042232,4427.611849999999,4528.251231958333,4326.972468041666,0.045459893670821046,22.486214285714205,0.9086998392719541,0.006468996543648187,0.023753279973707908,0.0045120446315331875,1
2026-05-28 20:00:00+00:00,4498.005,4500.761,4494.806,4496.528,4425,4503.0556,4471.656,4429.5932999999995,4457.09412,4469.259874529933,4453.7281311614115,15.531743368521347,2.5074091410840724,13.024334227437276,83.84832637235061,4429.5932999999995,4534.1450050611675,4325.041594938832,0.047206006502298045,21.736714285714243,0.9345780186772467,0.0032172361754780887,0.025867487446804782,0.004313031345012901,1
2026-05-28 22:00:00+00:00,4497.263,4498.742,4490.799,4491.142,3775,4499.118399999999,4482.0068,4433.65895,4457.0918599999995,4472.626355371482,4456.499528853181,16.12682651830073,5.231292616527405,10.895533901773327,80.75965463761278,4433.65895,4541.254249366056,4326.063650633944,0.04853566797962923,21.330928571428558,0.8835113244562696,-0.004364165514624041,0.023590846456199355,0.004456104438210948,1
2026-05-28 23:00:00+00:00,4491.197,4496.976,4489.182,4495.02,5168,4496.3754,4488.308,4438.685649999999,4457.01024,4476.0715314681765,4459.3528970863,16.718634381876655,7.528760969597256,9.189873412279399,81.42573380787874,4438.685649999999,4547.955821501206,4329.415478498793,0.04923537286367927,21.228571428571417,0.8945239746296041,-0.003041873163980413,0.014217483361943506,0.0035272081637771732,1
2026-05-29 00:00:00+00:00,4495.273,4500.644,4491.945,4496.012,10171,4495.3552,4494.8723,4444.7374,4456.74842,4479.139295857687,4462.0683861910375,17.07090966664964,9.437190709007735,7.633718957641905,80.79986993984693,4444.7374,4552.548056696958,4336.926743303042,0.04851159787165747,20.95164285714288,0.8841762259798268,-0.0011332752588083528,0.014816598797978253,0.003498774921363666,1
2026-05-29 01:00:00+00:00,4496.073,4520.845,4492.241,4506.561,15460,4497.0526,4498.6121,4451.4197,4456.73614,4483.358019571889,4465.364135362093,17.993884209795397,11.148529409165269,6.845354800630128,87.1585653723862,4451.4197,4557.031244197732,4345.808155802269,0.04745072418030218,20.914071428571464,0.9893080053287804,0.0018868075536329076,0.008368009848824132,0.0024457404395437374,1
2026-05-29 02:00:00+00:00,4506.258,4511.256,4498.397,4501.642,9304,4498.0754,4500.5655,4457.095950000001,4456.54628,4486.170939637752,4468.051384594546,18.119555043205764,12.54273453597337,5.576820507232394,84.23745915817771,4457.095950000001,4560.563405428409,4353.6284945715925,0.046428192970989705,21.126642857142933,0.9194790117331881,0.0011373219515145028,0.004358217160318256,0.0023971460169601336,1
2026-05-29 03:00:00+00:00,4501.701,4502.191,4494.672,4501.206,8698,4500.0882,4499.6033,4462.98665,4456.1748,4488.484025847329,4470.507282032,17.97674381532852,13.629536391844402,4.347207423484116,78.23071525318616,4462.98665,4562.109763685156,4363.863536314843,0.04442008074801504,17.77035714285726,0.773793678887153,0.002240855443893741,-0.0021330895347817513,0.001160877652170034,1
2026-05-29 04:00:00+00:00,4501.284,4514.874,4500.909,4514.01,7033,4503.8862,4500.1308,4469.306500000001,4456.14946,4492.411098793893,4473.729705585202,18.68139320869068,14.639907755213658,4.041485453477021,81.27397680279383,4469.306500000001,4564.223633351032,4374.389366648969,0.04247510585860746,17.26764285714301,0.8131469225812518,0.004224675307340053,0.0011699512169156545,0.0015025609235324257,1
2026-05-29 05:00:00+00:00,4513.9,4515.941,4502.585,4514.745,8367,4507.632799999999,4501.494000000001,4475.6877,4456.283939999999,4495.847083594832,4476.767875541868,19.079208052963622,15.527767814763653,3.5514402381999695,73.82400903161064,4475.6877,4564.290660708752,4387.084739291249,0.039593004091304757,13.949785714285879,0.2159635096285292,0.004166581405921521,0.0030285842634920623,0.001362484004825295,1
2026-05-29 06:00:00+00:00,4515.097,4524.213,4509.794,4523.569,12322,4511.0344000000005,4504.0435,4482.1807,4456.64322,4500.111993811011,4480.2346255017455,19.877368309265876,16.3976879136641,3.4796803956017754,72.645641938761,4482.1807,4564.28298886635,4400.07841113365,0.036634974964909445,13.803571428571558,0.0,0.0037740529863017347,0.005667981451616955,0.001405737135453336,1
2026-05-29 07:00:00+00:00,4523.8,4526.287,4510.785,4524.533,10117,4515.6126,4506.844,4489.25,4457.189420000001,4503.86907168624,4483.515986575703,20.353085110536995,17.18876735303868,3.1643177574983135,60.74278457992998,4489.25,4558.843218447589,4419.656781552411,0.031004385341689013,12.521285714285893,0.0,0.005085033416695639,0.006228138688339158,0.0013764111789698265,0
2026-05-29 08:00:00+00:00,4524.747,4524.829,4509.925,4514.748,8744,4518.321,4509.2046,4495.6057,4457.276760000001,4505.542752965281,4485.829469051585,19.713283913695705,17.693670665170085,2.0196132485256193,54.206130471886766,4495.6057,4546.949155185223,4444.262244814777,0.022841618509925513,12.586714285714411,0.0,0.0030085270480844084,0.005256124166191922,0.001542001436570342,1
2026-05-29 09:00:00+00:00,4514.822,4539.863,4513.21,4531.239,10217,4521.7668,4512.8265,4500.567249999999,4457.95048,4509.496021739853,4489.193138010739,20.302883729114,18.21551327795887,2.087370451155131,68.74719968138533,4500.567249999999,4544.706835789071,4456.427664210927,0.019615121089045853,13.194357142857305,0.4412744992399345,0.0038167837466021037,0.00805758372598997,0.0018344658395179412,1
2026-05-29 10:00:00+00:00,4531.243,4543.464,4525.378,4538.42,8788,4526.5018,4517.067300000001,4505.969800000001,4459.01126,4513.945864549107,4492.839572232177,21.106292316930194,18.793669085753134,2.31262323117706,73.87619836667069,4505.969800000001,4538.979287820122,4472.960312179879,0.014651446541040574,14.018428571428753,0.5969230484520616,0.0052439285053751394,0.009432359166301252,0.0018369562797240309,1
2026-05-29 11:00:00+00:00,4538.646,4540.577,4525.827,4538.245,9845,4529.437,4520.2357,4509.4239,4460.13372,4517.684193080013,4496.202937252026,21.481255827987297,19.331186434199967,2.15006939378733,75.0947436807462,4509.4239,4540.624631205323,4478.223168794677,0.013838012081908237,14.646642857142979,0.6339019642059729,0.003244340917536448,0.0070306382183664695,0.0017883730340661807,1
2026-05-29 12:00:00+00:00,4538.31,4538.578,4512.555,4522.889,13019,4529.1082,4522.3604,4511.462949999999,4460.6375800000005,4518.484932606165,4498.17968264077,20.305249965394978,19.52599914043897,0.7792508249560086,67.05196102654449,4511.462949999999,4540.3950038283365,4482.530896171662,0.01282601858819978,15.938071428571545,0.3898294797761377,-0.0003633524167024893,0.004719833340812052,0.0021534608148572353,1
2026-05-29 13:00:00+00:00,4522.947,4540.876,4515.112,4536.86,17820,4533.5306,4525.9258,4512.76455,4461.56798,4521.31186605137,4501.044891334053,20.26697471731677,19.67419425581453,0.5927804615022403,70.27485414122586,4512.76455,4543.83925284381,4481.68984715619,0.013771914089251554,17.221642857142992,0.4876338794935844,0.004897726296130056,0.007920988286250319,0.0022910366633649352,1
2026-05-29 14:00:00+00:00,4536.595,4570.459,4525.167,4564.044,31184,4540.0916,4530.9292000000005,4515.53,4463.93032,4527.886040505005,4505.711491975986,22.174548529019376,20.1742651104555,2.0002834185638747,76.2927636155641,4515.53,4554.047711414765,4477.012288585234,0.017060106527812008,19.83542857142863,0.6702580009732619,0.007239741713028325,0.011084157988130228,0.002770404972517044,0
2026-05-29 15:00:00+00:00,4564.282,4595.235,4557.778,4571.249,30841,4546.6574,4536.579599999999,4519.0368,4466.7809799999995,4534.557265042697,4510.566122199998,23.991142842698537,20.937640656904108,3.0535021857944287,75.66373085773219,4519.0368,4564.22173248441,4473.85186751559,0.019997594391977392,20.467785714285714,0.714507193801558,0.007233574680175048,0.012515435534011354,0.002752949785679192,0
2026-05-29 16:00:00+00:00,4571.314,4573.538,4559.692,4566.808,12127,4552.37,4540.9035,4522.4735,4469.342699999999,4539.51891657459,4514.732187222228,24.786729352361363,21.707458395995562,3.0792709563658,75.9517968650439,4522.4735,4571.2574523117755,4473.689547688225,0.021574013562169227,20.538285714285653,0.8033763058661524,0.006293842663849247,0.009558602952668416,0.002824088617148253,0
2026-05-29 17:00:00+00:00,4566.869,4568.602,4551.491,4553.321,8649,4558.4564,4543.7823,4525.31315,4471.86486,4541.6423140246525,4517.590617798364,24.051696226288186,22.17630596205409,1.8753902642340954,68.80009812197406,4525.31315,4574.34918091723,4476.27711908277,0.021671884040657015,21.223428571428485,0.5391624982505332,0.0067284428160849785,0.006362645603424699,0.003082262912167666,0
2026-05-29 18:00:00+00:00,4553.651,4561.732,4550.678,4553.462,8153,4561.776800000001,4547.6537,4528.42915,4474.252259999999,4543.46072725163,4520.247757220713,23.21297003091695,22.383638775826665,0.8293312550902847,65.66301413371438,4528.42915,4576.227035226395,4480.631264773605,0.02111013936318072,21.01549999999991,0.5187247683812537,0.0036593591162170647,0.008575007951717506,0.0029352942229389817,0
2026-05-29 19:00:00+00:00,4553.401,4559.996,4542.845,4545.695,7392,4558.107,4549.0993,4530.9629,4476.43926,4543.80446152061,4522.13273816733,21.67172335327996,22.241255691317324,-0.5695323380373658,61.63778840658155,4530.9629,4576.628896087841,4485.29690391216,0.02015730302618039,21.286571428571342,0.336477628179765,-0.0040203381036642005,0.003190297399894515,0.0028564856390759226,0
2026-05-29 20:00:00+00:00,4545.639,4549.048,4539.45,4540.41,5279,4551.9392,4549.2983,4533.1828000000005,4478.22946,4543.282236671285,4523.486609414196,19.79562725708911,21.752130004471685,-1.9565027473825758,56.50568247664784,4533.1828000000005,4575.917460802876,4490.448139197125,0.018854152893580917,20.942214285714208,0.10411509938122684,-0.006746296252949646,0.00043847858946510776,0.0028536843075729163,0
2026-05-31 22:00:00+00:00,4521.284,4540.247,4518.414,4535.471,7103,4545.671799999999,4549.0208999999995,4534.6283,4479.927,4542.080507952625,4524.374342050182,17.70616590244299,20.942937184065947,-3.236771281622957,54.099454305588495,4534.6283,4575.485998057629,4493.770601942371,0.018020307445101517,21.406071428571327,0.0,-0.006861904419892539,-0.0006112495028365306,0.002876398329643904,0
2026-05-31 23:00:00+00:00,4535.471,4545.757,4535.014,4539.688,6230,4542.9452,4550.7008000000005,4536.5306,4481.6304,4541.712429806068,4525.508687083504,16.20374272256413,19.995098291765586,-3.791355569201457,59.754380475594544,4536.5306,4574.351644687066,4498.709555312934,0.01667399518348502,21.108857142857037,0.2548031972608409,-0.002994078388059984,0.003714218942804104,0.002635504622674505,0
2026-06-01 00:00:00+00:00,4539.75,4546.171,4535.259,4540.649,10207,4540.3826,4551.0797,4538.502750000001,4483.421939999999,4541.548825220519,4526.630191743986,14.918633476532705,18.97980532871901,-4.061171852186305,54.18929748018902,4538.502750000001,4572.48694320415,4504.5185567958515,0.01497594915157826,19.984499999999894,0.00404820990620521,-0.0028139029160669793,0.0008351591188620056,0.0024571892954080555,0
2026-06-01 01:00:00+00:00,4540.593,4541.319,4523.572,4525.659,13800,4536.3754,4547.2411999999995,4539.0851999999995,4484.81102,4539.104236725054,4526.5582516148015,12.545985110252332,17.693041285025675,-5.147056174773343,44.68818421731776,4539.0851999999995,4571.672500539677,4506.4978994603225,0.014358532216877983,19.960285714285614,0.0,-0.004407686833366564,-0.008410304545705571,0.0015741886951040358,0
2026-06-01 02:00:00+00:00,4525.634,4534.741,4521.057,4521.563,9705,4532.606,4542.2726,4539.4261,4486.09624,4536.405584921199,4526.188232976668,10.217351944531401,16.19790341692682,-5.980551472395419,43.275556272170455,4539.4261,4571.070291763719,4507.78190823628,0.013941934978837696,19.88414285714277,0.0,-0.004150946720670512,-0.01086923945731233,0.0013260080432859773,0
2026-06-01 03:00:00+00:00,4521.503,4525.453,4509.83,4516.184,9028,4528.748600000001,4537.2101999999995,4539.056849999999,4487.476180000001,4533.2945718564,4525.447178682099,7.847393174301033,14.527801368401663,-6.680408194100631,47.060834801820135,4539.056849999999,4571.638589556643,4506.475110443355,0.01435617161597952,19.141285714285655,0.11464562978539146,-0.0042524800621588366,-0.011085204370317236,0.0013256091433180045,0
2026-06-01 04:00:00+00:00,4516.141,4519.521,4508.297,4514.566,6232,4523.7242,4533.3347,4538.5585,4488.6295199999995,4530.413253109261,4524.641165446386,5.772087662874583,12.776658627296248,-7.004570964421665,39.0404090059978,4538.5585,4572.357748777078,4504.759251222922,0.014894265999690426,18.102714285714228,0.0,-0.0055338604767553035,-0.00851137005275937,0.001170296259749302,0
2026-06-01 05:00:00+00:00,4514.623,4525.19,4512.525,4518.38,8724,4519.2704,4529.8265,4538.7401,4490.80054,4528.561983400144,4524.17737541332,4.384607986823539,11.098248499201707,-6.713640512378168,20.855246362012963,4538.7401,4572.035970348645,4505.444229651355,0.014671855896152641,15.772214285714265,0.0,-0.004904364992757704,-0.007704467501870038,0.0012632674421890694,0
2026-06-01 06:00:00+00:00,4518.319,4518.781,4500.06,4501.78,11889,4514.4946,4525.435,4537.267150000001,4492.94642,4524.44167826166,4522.518310567888,1.9233676937719792,9.263272338115762,-7.3399046443437825,10.409756653560478,4537.267150000001,4574.351157114858,4500.183142885143,0.016346406719673863,14.433928571428558,0.0,-0.005276358647436696,-0.009660788944264809,0.001546418202037489,1
2026-06-01 07:00:00+00:00,4501.421,4510.052,4492.601,4502.967,10276,4510.7754,4521.6907,4535.4945,4495.50622,4521.13788160602,4521.070065340636,0.06781626538395358,7.4241811235694,-7.356364858185446,12.215764491425418,4535.4945,4575.611795099561,4495.377204900438,0.01769037316639299,14.691428571428592,0.03092990711210023,-0.004112737122097032,-0.008246612090097583,0.0015917105396102554,0
2026-06-01 08:00:00+00:00,4502.882,4504.288,4490.45,4497.875,10071,4507.1136,4517.9311,4533.476,4498.00542,4517.558976743555,4519.351912352439,-1.7929356088843633,5.580757777078647,-7.37369338596301,13.56359908524712,4533.476,4576.933934104506,4490.018065895493,0.0191720146327041,14.457642857142869,0.05707975557484087,-0.004054086370263055,-0.008289326510962036,0.0015925528839673042,0
2026-06-01 09:00:00+00:00,4498.08,4506.236,4489.171,4496.164,9566,4503.4331999999995,4513.5787,4532.13975,4500.16636,4514.267441859931,4517.634289215221,-3.366847355289792,3.791236750604959,-7.158084105894751,13.107808797775633,4532.13975,4578.513975299814,4485.765524700187,0.020464605178961478,14.886999999999976,0.0526674957417386,-0.004076139323248351,-0.009587443013704955,0.0014816400913777745,0
2026-06-01 10:00:00+00:00,4495.938,4511.061,4495.938,4503.815,7687,4500.5202,4509.8953,4530.4875,4502.57482,4512.65937388148,4516.610638162241,-3.9512642807612792,2.242736544331711,-6.19400082509299,22.9945834408053,4530.4875,4578.480073480312,4482.494926519688,0.021186494159982507,14.742142857142815,0.25503947162729734,-0.003223500458128914,-0.00811205622808564,0.0016750678156710987,0
2026-06-01 11:00:00+00:00,4504.051,4512.94,4499.759,4505.767,7762,4501.3176,4507.9061,4527.57365,4504.9379,4511.599008668944,4515.807405705778,-4.208397036833958,0.952509828098577,-5.160906864932535,26.657862465805763,4527.57365,4574.040090092313,4481.107209907687,0.020525978673947336,14.998071428571361,0.3292781371849677,0.0008856496763502975,-0.004395381976414869,0.001461323928162772,0
2026-06-01 12:00:00+00:00,4505.666,4510.586,4497.417,4502.419,12129,4501.208,4505.9917000000005,4524.1321499999995,4507.24386,4510.186699642953,4514.815671949795,-4.628972306842115,-0.16378659888956182,-4.465185707952553,27.241930153135087,4524.1321499999995,4567.037699965008,4481.226600034991,0.018967416751965793,14.367571428571344,0.34111463814674686,-0.00012169753853397136,-0.004233934150646657,0.0014564782692155062,0
2026-06-01 13:00:00+00:00,4502.186,4503.922,4448.488,4450.027,42016,4491.6384,4499.375999999999,4518.293100000001,4508.37022,4500.931361236345,4510.016511064623,-9.08514982827819,-1.9480592447672884,-7.137090583510902,12.8858938165926,4518.293100000001,4567.992543012444,4468.593656987558,0.021999211610439003,17.559785714285617,0.05655923100774905,-0.010637912347497447,-0.014648871702304445,0.0038488982880152717,1
2026-06-01 14:00:00+00:00,4450.41,4464.817,4447.605,4458.753,20275,4484.156199999999,4493.7947,4513.5647,4509.88234,4494.4423825846,4506.219213948723,-11.776831364123609,-3.9138136686385536,-7.8630176954850555,18.147733283549456,4513.5647,4567.080224394325,4460.0491756056745,0.023713196974588818,18.00978571428563,0.21112548445823268,-0.00832064844609759,-0.01236287164701988,0.003990456986286178,1
2026-06-01 15:00:00+00:00,4458.606,4479.872,4455.184,4473.938,15278,4478.1808,4489.3505000000005,4509.5885,4511.6084200000005,4491.287862186969,4503.828012915484,-12.540150728515073,-5.639081080613858,-6.901069647901215,29.91433076247972,4509.5885,4562.435561154157,4456.741438845843,0.023437642327745433,18.50557142857133,0.5321691773968232,-0.006633709421901113,-0.009835826114669377,0.004214698841675289,1
2026-06-01 16:00:00+00:00,4474.173,4482.217,4462.855,4479.945,9764,4473.0163999999995,4487.1669999999995,4506.301,4512.56716,4489.542806465896,4502.058900847669,-12.516094381772746,-7.014483740845637,-5.501610640927109,34.07417611853474,4506.301,4557.855286196812,4454.746713803189,0.022880977634122317,18.91114285714275,0.645667758235739,-0.005730877783959976,-0.004850303657664257,0.004156569301661162,1
2026-06-01 17:00:00+00:00,4479.876,4495.495,4471.606,4487.648,12147,4470.0622,4485.6350999999995,4503.6629,4513.71274,4489.251297778836,4500.991426710804,-11.740128931968684,-7.9596127790702464,-3.7805161528984375,39.271051088084505,4503.6629,4553.229612335467,4454.096187664533,0.022011732865471322,19.501571428571292,0.9999999999965352,-0.0032806808962025924,-0.0034019791839468017,0.004210583785224148,0
2026-06-01 18:00:00+00:00,4487.657,4490.225,4484.714,4486.813,5066,4477.4194,4484.528899999999,4501.23,4514.06574,4488.876175043631,4499.941172880374,-11.064997836743714,-8.580689790604941,-2.484308046138773,39.50364212612436,4501.23,4548.965816790236,4453.494183209763,0.021210121140326818,19.093499999999885,0.9999999999965629,0.008266466697842478,-0.002459383597810061,0.004201274909255849,0
2026-06-01 19:00:00+00:00,4486.754,4488.366,4479.056,4481.274,5511,4481.9236,4483.039900000001,4498.3093,4514.04906,4487.706609652303,4498.558419333679,-10.851809681375926,-9.034913768759138,-1.816895912616788,36.147034227346104,4498.3093,4543.200931793623,4453.417668206377,0.019959335296762616,18.85385714285706,0.8846284075039731,0.00505096380086556,-0.0033117119393329952,0.0042131516451476315,0
2026-06-01 20:00:00+00:00,4481.33,4486.011,4480.26,4484.178,3877,4483.9716,4481.0762,4495.48575,4513.51606,4487.163746628872,4497.493203086739,-10.329456457867309,-9.293822306580772,-1.035634151286537,42.67998536163417,4495.48575,4536.06075689301,4454.91074310699,0.018051445004807386,17.927428571428532,0.9999999999967175,0.002288811333549967,-0.004360081397659532,0.0041698265009333,1
2026-06-01 22:00:00+00:00,4486.67,4487.002,4479.908,4485.475,3397,4485.0776,4479.0470000000005,4493.476549999999,4513.05086,4486.9039394552,4496.602965821055,-9.699026365854479,-9.374863118435513,-0.32416324741896574,42.7323793854185,4493.476549999999,4531.67030957004,4455.282790429958,0.016999647887353964,17.187642857142823,0.9999999999966496,0.0012343901543434566,-0.004503561768728681,0.004166761553751273,1
2026-06-01 23:00:00+00:00,4485.419,4488.384,4479.25,4484.322,4387,4484.412399999999,4477.2373,4491.6145,4512.71504,4486.5067180005535,4495.693264649124,-9.186546648570584,-9.337199824462528,0.1506531758919447,44.178414645670706,4491.6145,4527.610809872268,4455.618190127731,0.016028227655008366,16.851642857142842,0.9999999999968044,-0.0007411454730852363,-0.004019394907493035,0.004165712489183495,1
2026-06-02 00:00:00+00:00,4484.491,4497.235,4476.563,4481.244,11676,4483.2986,4480.359,4489.8675,4512.3784399999995,4485.6970690773915,4494.622948749189,-8.925879671797702,-9.254935793929564,0.32905612213186153,43.66561942769805,4489.8675,4524.19589794504,4455.5391020549605,0.015291497107671794,17.109285714285697,0.9836128504676264,-0.001241192802107105,0.0070150136167712596,0.0014102638517334135,1
2026-06-02 01:00:00+00:00,4481.189,4492.558,4463.003,4474.178,20959,4481.8794,4481.9015,4487.8481,4511.931439999999,4483.924904603947,4493.108508101101,-9.183603497153854,-9.240669334574422,0.057065837420568144,37.354610231685115,4487.8481,4520.782387945597,4454.913812054403,0.014677095664444228,18.140142857142887,0.7819349725343039,-0.0015834782697956573,0.0034594874396496333,0.0014997549260008908,1
2026-06-02 02:00:00+00:00,4473.933,4486.622,4472.068,4485.835,11288,4482.2108,4483.091200000001,4486.22085,4511.8252999999995,4484.218765434109,4492.569729723242,-8.350964289133117,-9.06272832548616,0.7117640363530437,42.14595318780056,4486.22085,4515.853927480362,4456.587772519638,0.01321070828707056,18.238214285714353,0.935049609168111,0.0003695214596743934,0.0026591785581293603,0.001330136092629494,1
2026-06-02 03:00:00+00:00,4485.897,4499.609,4485.608,4499.155,9545,4484.9468,4485.0122,4486.0896,4511.907999999999,4486.516647675015,4493.057527521521,-6.540879846505959,-8.55835862969012,2.0174787831841616,48.807557978109294,4486.0896,4515.454552761651,4456.7246472383495,0.013091558742674592,18.29764285714295,0.9999999999972161,0.0030498442193969133,0.004287999071417081,0.0015565752066628888,1
2026-06-02 04:00:00+00:00,4499.215,4518.37,4497.603,4517.241,7994,4491.5306,4487.971500000001,4486.8033000000005,4512.332579999999,4491.243471109628,4494.848895853261,-3.605424743632284,-7.567771852478553,3.962347108846269,82.76941378368872,4486.8033000000005,4518.496908448115,4455.109691551886,0.014127478442442484,15.8214285714287,0.9999999999984525,0.0073409090605001115,0.006594322905896233,0.0019004656663765473,1
2026-06-02 05:00:00+00:00,4517.186,4528.337,4515.112,4517.149,10577,4498.7116,4491.0051,4487.767000000001,4512.54434,4495.228937092763,4496.500755419686,-1.2718183269234942,-6.3085811473675415,5.036762820444047,81.08749813675195,4487.767000000001,4521.952276892397,4453.581723107604,0.015234871548543565,15.536642857142981,0.9681787341747492,0.00801228408897181,0.006761146497525239,0.0018929855447687325,1
2026-06-02 06:00:00+00:00,4517.09,4538.581,4516.866,4535.602,10895,4510.9964,4496.4379,4489.7389,4513.22354,4501.440177540029,4499.397143907117,2.043033632911829,-4.638258191311667,6.681291824223496,81.72342833624859,4489.7389,4529.977444798939,4449.500355201061,0.017924670318329235,15.32428571428584,0.9785197588575179,0.013728555278757382,0.012123338140002105,0.002038411372335907,0
2026-06-02 07:00:00+00:00,4535.541,4541.642,4527.749,4534.937,8882,4520.8168,4501.513800000001,4491.295,4513.89816,4506.593534841563,4502.029725839923,4.563809001640038,-2.7978447527213257,7.361653754361364,79.9364166884419,4491.295,4535.986268484306,4446.603731515695,0.019901283921143237,14.933642857142981,0.9392352530630251,0.010946011166260039,0.011319577411958326,0.0020777602288333218,0
2026-06-02 08:00:00+00:00,4534.882,4539.333,4525.835,4526.889,8351,4526.3636,4505.655199999999,4492.351100000001,4514.155739999999,4509.715914096708,4503.871153555485,5.844760541222968,-1.0693236939324666,6.914084235155435,71.28198453244839,4492.351100000001,4539.417474480028,4445.284725519973,0.02095400534478601,14.191428571428657,0.7536069724319141,0.00616426862377506,0.009232912902200852,0.0022644715145957164,0
2026-06-02 09:00:00+00:00,4526.881,4535.844,4521.262,4529.677,8320,4528.8508,4510.1907,4493.714,4514.454379999999,4512.786850389522,4505.782697736559,7.004152652963057,0.5453715754466387,6.458781077516418,72.7646421515519,4493.714,4543.507504974883,4443.920495025117,0.022161403674058045,14.839357142857223,0.7854083869716536,0.002753007864756407,0.010114126505634369,0.002230550769169147,0
2026-06-02 10:00:00+00:00,4529.734,4533.951,4524.763,4532.964,5996,4532.013800000001,4515.3627,4497.860849999999,4514.64228,4515.891027252673,4507.796127533851,8.09489971882158,2.0552772041216274,6.0396225146999525,78.12479596056325,4497.860849999999,4546.1259046713785,4449.59579532862,0.02146133741393063,14.830642857142916,0.8977289901100908,0.003501102133226075,0.011541438047113717,0.0021546987860664103,0
2026-06-02 11:00:00+00:00,4533.025,4534.67,4525.424,4527.65,6030,4530.4234,4520.7099,4501.3057,4514.70462,4517.700099983031,4509.266784753566,8.433315229464824,3.3308848091902674,5.1024304202745565,73.04886325076333,4501.3057,4547.613203841622,4454.998196158378,0.020575142826501136,15.080285714285765,0.7859607490788071,-0.0017532402534438107,0.011951245569577162,0.0021009423992893643,0
2026-06-02 12:00:00+00:00,4527.706,4534.058,4513.491,4514.845,10738,4526.405000000001,4523.6109,4503.35105,4514.70656,4517.260853831795,4509.679985882932,7.58086794886367,4.180881437124948,3.399986511738722,63.87838808452735,4503.35105,4548.158194263408,4458.543905736592,0.019899467647945496,16.042642857142905,0.5840337462301686,-0.004430491537148029,0.006467023419274298,0.002378692265206327,0
2026-06-02 13:00:00+00:00,4514.9,4524.984,4502.954,4502.954,17086,4521.6179999999995,4523.9908000000005,4504.5015,4514.1408599999995,4515.059799396135,4509.181764706418,5.8780346897165145,4.520312087643261,1.3577226020732533,57.99313599313587,4504.5015,4547.938870786477,4461.064129213523,0.019286205493094854,16.96378571428581,0.45444489785742526,-0.005287295535631786,0.0008443807781683965,0.002430325653609701,0
2026-06-02 14:00:00+00:00,4502.892,4506.954,4490.044,4503.941,14285,4516.4708,4522.6608,4505.31615,4513.45128,4513.349214873652,4508.79355991335,4.5556549603024905,4.527380662175108,0.028274298127382913,59.914904026769555,4505.31615,4548.027729138878,4462.604570861121,0.018960524729825557,16.69507142857154,0.4967607923086447,-0.005681641317912933,-0.0029442750563895004,0.0020073292482731707,0
2026-06-02 15:00:00+00:00,4503.995,4508.648,4500.048,4502.214,10297,4510.3207999999995,4521.1673,4506.0862,4512.73066,4511.63610489309,4508.306185104953,3.3299197881369764,4.287888487367481,-0.9579686992305048,62.84640762463358,4506.0862,4547.939886121257,4464.232513878743,0.018576513747676174,15.198285714285833,0.5095689567834929,-0.006783640902508825,-0.003306288988917605,0.002005132306290157,0
2026-06-02 16:00:00+00:00,4502.159,4503.002,4486.273,4491.71,8412,4503.1328,4516.7781,4506.607999999999,4512.10708,4508.570550294153,4507.076838060142,1.4937122340106725,3.7290532366961195,-2.235341002685447,52.72073874424596,4506.607999999999,4547.406108320437,4465.809891679562,0.018105905071147826,15.353642857142988,0.11522281905107994,-0.007937892725806917,-0.009677215946196305,0.0013578464135649859,0
2026-06-02 17:00:00+00:00,4491.771,4493.244,4482.116,4484.522,7806,4497.0682,4511.736599999999,4506.6252,4511.0603200000005,4504.870773325822,4505.406109314946,-0.535335989124178,2.87617539153206,-3.411511380656238,42.81533853783083,4506.6252,4547.3837635333875,4465.866636466613,0.018088286344907105,15.148428571428667,0.0,-0.006716288156071837,-0.011117023235383439,0.001337427704671515,0
2026-06-02 18:00:00+00:00,4484.876,4491.044,4478.688,4487.305,6377,4493.938400000001,4507.7782,4506.7167,4509.52554,4502.16834666031,4504.065286402727,-1.8969397424170893,1.9215523647422301,-3.8184921071593196,32.70235288679335,4506.7167,4547.283108463419,4466.150291536581,0.018002644126008216,14.547642857142948,0.0,-0.003475274231093506,-0.008744194964798058,0.0014184868509872436,0
2026-06-02 19:00:00+00:00,4487.359,4490.328,4483.366,4487.942,5130,4490.738600000001,4503.6047,4506.8976999999995,4507.8594,4499.979677943339,4502.870968891414,-2.8912909480750386,0.9589837021787762,-3.850274650253815,33.22921092825858,4506.8976999999995,4547.073814024968,4466.721585975031,0.01782872241585081,14.100285714285812,0.010747582272188035,-0.003552222375914682,-0.009213681240406224,0.0013701623690551968,0
2026-06-02 20:00:00+00:00,4487.883,4491.136,4486.208,4488.423,3409,4487.9803999999995,4499.150599999999,4507.25665,4506.2917,4498.201727490517,4501.800748973532,-3.5990214830144396,0.04738266514013276,-3.646404148154572,15.864264524997921,4507.25665,4546.587088113769,4467.926211886232,0.017452051732518337,12.90121428571443,0.0,-0.003063159592147313,-0.009826021119956008,0.0012995448185530863,0
2026-06-02 22:00:00+00:00,4490.481,4493.207,4484.336,4485.11,5080,4486.6604,4494.8966,4507.80325,4504.92748,4496.187615568899,4500.564397197714,-4.376781628815479,-0.8374501936509898,-3.539331435164489,15.278803673713682,4507.80325,4545.466571707631,4470.1399282923685,0.016710277542672892,12.542500000000148,0.0,-0.0014693735793273044,-0.009395602575287376,0.0012998897502234056,0
2026-06-02 23:00:00+00:00,4485.047,4488.612,4462.32,4474.241,11232,4484.6042,4490.8362,4507.223550000001,4503.34306,4492.811213173683,4498.614515923809,-5.803302750126022,-1.8306207049459966,-3.9726820451800258,14.700834070855521,4507.223550000001,4546.627255770022,4467.819844229979,0.017484691111015156,13.456357142857346,0.0,-0.002292552026726624,-0.008993442742774138,0.0012395524248316576,0
2026-06-03 00:00:00+00:00,4474.169,4496.82,4473.633,4486.256,9363,4484.3944,4489.1664,4506.578599999999,4502.15428,4491.802718839271,4497.699070299824,-5.896351460552978,-2.6437668560673933,-3.252584604485585,24.09279125547478,4506.578599999999,4546.9487676692315,4466.208432330766,0.017916104988930016,14.071000000000172,0.14808215861596233,-0.000233770603959349,-0.003708232418096924,0.0015228877014440941,0
2026-06-03 01:00:00+00:00,4486.196,4487.572,4463.279,4475.647,16728,4481.9354,4486.3369999999995,4504.4989000000005,4500.85902,4489.317223633229,4496.065583610948,-6.748359977718792,-3.4646854803976734,-3.2836744973211185,18.549652667274074,4504.4989000000005,4546.7958170005,4462.201982999501,0.018779854514116935,15.149928571428713,0.06596312935514367,-0.0027395630335685928,-0.006282053872375348,0.0016273674298806393,0
2026-06-03 02:00:00+00:00,4475.633,4485.263,4472.683,4482.131,9293,4480.677000000001,4484.3287,4502.748,4499.79222,4488.211650766579,4495.03339223236,-6.821741465781088,-4.136096677474357,-2.685644788306731,25.33994994203296,4502.748,4545.733612148592,4459.762387851407,0.019093057017000613,15.388071428571559,0.21634089137898213,-0.0014018286600883112,-0.004460694227328976,0.001756105282120327,0
2026-06-03 03:00:00+00:00,4481.779,4487.689,4481.779,4484.233,6619,4480.5016000000005,4483.581,4500.17955,4498.683120000001,4487.599550648643,4494.233363178111,-6.633812529467832,-4.635639847873052,-1.99817268159478,31.240348081872966,4500.17955,4540.9829418790005,4459.376158120999,0.018134117283831765,14.341142857142975,0.34353135273191093,-0.000195535895440635,-0.0016646221594893706,0.0016412655998094621,0
2026-06-03 04:00:00+00:00,4484.583,4488.35,4468.292,4469.54,6150,4479.5614000000005,4482.0828,4496.9097,4497.26094,4484.82115824116,4492.404225164918,-7.583066923757542,-5.22512526304995,-2.357941660707592,30.20309981988845,4496.9097,4536.447072221064,4457.372327778936,0.017584241116099925,14.200285714285785,0.3219873522055953,-0.0010506809981849496,-0.0033408242840596847,0.0018733062361136882,0
2026-06-03 05:00:00+00:00,4469.306,4474.231,4456.519,4457.154,10392,4473.741,4479.0677000000005,4493.422949999999,4495.89084,4480.564672357905,4489.793097374924,-9.228425017019617,-6.025785213843884,-3.2026398031757335,25.578603417858005,4493.422949999999,4534.111308099474,4452.734591900525,0.018110183952069103,14.257571428571477,0.22593498309516546,-0.006486923617377127,-0.006719177769284657,0.0019851825347625396,1
2026-06-03 06:00:00+00:00,4456.899,4471.014,4455.198,4462.872,13027,4471.186,4476.5607,4490.0827,4494.71702,4477.842722764381,4487.798942013819,-9.956219249438618,-6.811872020962832,-3.1443472284757865,30.28602353129844,4490.0827,4529.176879957736,4450.988520042264,0.01741356788717314,14.773000000000009,0.4099218447359697,-0.002854335920594142,-0.005586079320989423,0.0020682207254493707,0
2026-06-03 07:00:00+00:00,4462.802,4472.346,4452.842,4453.387,11259,4465.437199999999,4473.0571,4486.10385,4493.46108,4474.080303877552,4485.2499092720545,-11.169605394502469,-7.68341869567076,-3.486186698831709,30.598503488148395,4486.10385,4522.955842357899,4449.251857642102,0.016429397798224745,14.971214285714268,0.5654614839792221,-0.006413020949187054,-0.007805859652710967,0.002108528580290935,1
2026-06-03 08:00:00+00:00,4453.448,4459.175,4440.084,4443.842,11319,4457.359,4468.9303,4481.91345,4492.0466,4469.42825712716,4482.182656733384,-12.75439960622407,-8.697614877781422,-4.056784728442647,29.885284810126592,4481.91345,4517.9240382409935,4445.902861759007,0.016069292119415407,15.54000000000003,0.8195240660339944,-0.009007337486700795,-0.009201112124340272,0.0021517093759976244,1
2026-06-03 09:00:00+00:00,4443.778,4458.814,4438.922,4442.933,10277,4452.037600000001,4465.7995,4478.317849999999,4490.53766,4465.352063722981,4479.275274753133,-13.923211030151833,-9.742734108255505,-4.180476921896329,27.64544666787566,4478.317849999999,4514.840498836162,4441.795201163837,0.016310878351862526,16.078285714285812,0.6986371605334778,-0.005952961602312512,-0.006997387936859001,0.0020932808166069716,1
2026-06-03 10:00:00+00:00,4442.88,4466.865,4440.845,4458.787,14935,4452.3642,4463.0526,4476.1095000000005,4489.6777999999995,4464.342053919446,4477.75762477142,-13.415570851973825,-10.47730145699917,-2.9382693949746557,37.26444353197122,4476.1095000000005,4511.688977943555,4440.530022056446,0.015897501141808344,17.439571428571462,0.9999999999955682,0.00036637728918487156,-0.006122922989682311,0.002263640216268557,0
2026-06-03 11:00:00+00:00,4458.851,4468.054,4458.654,4462.606,8630,4452.311,4461.7485,4474.0427500000005,4488.87058,4464.074968701069,4476.635282195759,-12.56031349468958,-10.893903864537252,-1.6664096301523283,39.042113394623165,4474.0427500000005,4507.557379797638,4440.528120202363,0.014981810264391012,17.75899999999995,0.9999999999958918,-5.9602874561637265e-05,-0.0029137686685299924,0.0022151289547203677,0
2026-06-03 12:00:00+00:00,4462.661,4467.339,4448.218,4460.536,13870,4453.7408000000005,4459.589,4471.95885,4488.1238,4463.530511977828,4475.442742773851,-11.912230796023323,-11.097569250834468,-0.814661545188855,39.458467029290304,4471.95885,4503.204244219056,4440.713455780944,0.013973918484986025,18.49114285714281,0.9999999999959609,0.0016052950260105892,-0.00481802071380788,0.0021292703897581315,0
2026-06-03 13:00:00+00:00,4460.239,4466.034,4426.092,4446.157,23347,4454.2038,4455.7814,4469.681200000001,4487.12366,4460.857663981239,4473.273428494306,-12.415764513067188,-11.361208303281012,-1.0545562097861758,38.30496052237075,4469.681200000001,4501.500354711704,4437.862045288298,0.014237773697015815,19.46614285714278,0.9448315678238771,0.0005209456141781477,-0.008491084205481725,0.0022622861923147215,0
2026-06-03 14:00:00+00:00,4445.784,4459.748,4442.446,4457.3,20210,4457.0772,4454.5574,4468.3201,4486.19336,4460.310331061049,4472.090211568802,-11.77988050775366,-11.444942744175544,-0.33493776357811633,37.85361924896802,4468.3201,4499.793300916918,4436.846899083082,0.01408726331711032,19.04578571428562,0.9232453953328873,0.003233674691920818,-0.0027385368516670283,0.002311659939131037,0
2026-06-03 15:00:00+00:00,4457.06,4458.423,4436.643,4442.037,15154,4453.727199999999,4453.045700000001,4466.0567,4484.91876,4457.499049359349,4469.864047748891,-12.364998389542052,-11.628953873248847,-0.7360445162932052,36.43116673395243,4466.0567,4498.283157297315,4433.830242702686,0.014431727791236722,18.866285714285628,0.7855794431733402,-0.0037566270826572268,-0.00339162613631927,0.0023977389442682152,0
2026-06-03 16:00:00+00:00,4441.978,4443.864,4433.671,4441.699,9775,4449.5458,4450.9284,4463.74455,4483.704360000001,4455.068272534833,4467.777747915639,-12.709475380805998,-11.845058174760279,-0.8644172060457187,32.82471283898559,4463.74455,4495.995203368964,4431.4938966310365,0.014450044355232589,18.695785714285584,0.5220591227645093,-0.0046849307332980095,-0.004744254372520795,0.0023333687965049026,1
2026-06-03 17:00:00+00:00,4441.769,4448.471,4435.629,4439.085,7630,4445.2555999999995,4449.4982,4461.27765,4483.48552,4452.609307529474,4465.652359181147,-13.043051651673522,-12.084656870142929,-0.9583947815305933,30.904446098666696,4461.27765,4493.125487743819,4429.429812256181,0.014277451547459134,19.190928571428426,0.3837100154488285,-0.004809063305396433,-0.003211488244789784,0.002261967993772607,1
2026-06-03 18:00:00+00:00,4439.072,4442.993,4434.554,4442.002,5990,4444.4246,4449.3142,4459.122249999999,4483.150500000001,4450.977414063401,4463.900480723285,-12.92306665988417,-12.25233882809118,-0.6707278317929912,37.064073656520264,4459.122249999999,4489.998940052166,4428.245559947833,0.013848774857951855,18.360999999999876,0.8274915777356328,-0.0009345149080429715,-0.0004140561253076491,0.002183032693183326,1
2026-06-03 19:00:00+00:00,4441.948,4452.118,4441.321,4444.034,6737,4441.7714,4449.424300000001,4457.6119,4482.55242,4449.909196515186,4462.428889558597,-12.51969304341128,-12.3058096711552,-0.21388337225607934,43.17278271548358,4457.6119,4488.329503352898,4426.894296647101,0.013782089621978329,17.86707142857137,0.9999999999935597,-0.0029762412222646972,0.00024780927373879713,0.0021874966019666225,1
2026-06-03 20:00:00+00:00,4443.98,4445.282,4430.407,4434.092,5963,4440.1824,4446.9548,4455.003699999999,4481.63536,4447.475781666695,4460.329860702404,-12.85407903570922,-12.415463544066005,-0.4386154916432137,35.65447113946726,4455.003699999999,4484.306511347766,4425.700888652233,0.013155011003814294,17.7998571428571,0.5158015803215557,-0.0017885938365665988,-0.005538501839177479,0.001893856306631649,1
2026-06-03 22:00:00+00:00,4438.319,4452.833,4423.645,4448.708,7814,4441.584199999999,4445.5650000000005,4453.65675,4480.85656,4447.665353717973,4459.468982131855,-11.803628413882507,-12.293096518029307,0.4894681041468001,47.7812236226894,4453.65675,4481.399229659002,4425.914270340998,0.012458292686791423,18.491571428571337,0.9999999999950338,0.0015779997699079118,-0.003114323783009354,0.002224065967013096,1
2026-06-03 23:00:00+00:00,4448.777,4464.766,4445.436,4457.138,8200,4445.1948,4445.2252,4452.4071,4480.26306,4449.122683915208,4459.296316788755,-10.173632873546921,-11.86920378913283,1.6955709155859093,56.37233287962751,4452.4071,4476.798290298281,4428.0159097017195,0.010956406164333396,18.508642857142735,0.999999999996519,0.0040668290875258695,-0.0007617918564046811,0.00232852384510338,1
2026-06-04 00:00:00+00:00,4457.491,4465.17,4443.918,4448.281,14250,4446.4506,4445.4376,4450.6095,4479.6032000000005,4448.993194082099,4458.4803673969955,-9.487173314896609,-11.392797694285587,1.9056243793889784,52.381673406131426,4450.6095,4469.888218864362,4431.330781135637,0.008663406153409964,18.605785714285567,0.8433062190081773,0.0014135518174012152,0.0004777159241113882,0.002170122484230027,1
2026-06-04 01:00:00+00:00,4448.22,4473.694,4443.24,4465.609,18112,4450.765600000001,4446.2685,4450.41295,4479.23182,4451.549471915622,4459.008414256477,-7.458942340855174,-10.606026623599506,3.1470842827443324,52.998734043675555,4450.41295,4468.9447223578945,4431.881177642105,0.008328113622757018,18.922499999999932,0.8675351879386897,0.0048548233429359655,0.0018641329953110741,0.002379230612390789,1
2026-06-04 02:00:00+00:00,4465.55,4476.694,4455.634,4474.857,12835,4458.9186,4449.550499999999,4451.2981,4479.0194599999995,4455.135245467065,4460.182383570813,-5.047138103747784,-9.494248919629163,4.447110815881379,55.139834028378054,4451.2981,4472.660518066329,4429.935681933671,0.00959828687561013,19.75535714285713,0.9516057668253026,0.009193539511584303,0.007388502166911115,0.002065995632948121,0
2026-06-04 03:00:00+00:00,4474.795,4477.372,4458.254,4464.007,8897,4461.9784,4451.7813,4451.354850000001,4478.61316,4456.500130779824,4460.465688491493,-3.9655577116691347,-8.388510678037157,4.4229529663680225,51.356315012074184,4451.354850000001,4472.852330236888,4429.857369763114,0.009658848131097427,19.755142857142864,0.8030453837503517,0.0034389759903323824,0.0050224024635618925,0.00229018806861195,0
2026-06-04 04:00:00+00:00,4463.949,4484.144,4462.25,4481.137,8287,4466.778200000001,4455.9865,4452.7423499999995,4478.61102,4460.290418352159,4461.996896751382,-1.7064783992236698,-7.052104222274459,5.345625823050789,63.38097132539684,4452.7423499999995,4478.038559695455,4427.446140304544,0.011362081031010125,18.466000000000026,0.9999999999969208,0.005384396893252985,0.009473123402683248,0.0024758439607803573,0
2026-06-04 05:00:00+00:00,4481.211,4482.275,4466.869,4469.311,9586,4470.9842,4458.7173999999995,4454.015799999999,4478.51368,4461.678200144134,4462.538682177206,-0.8604820330720031,-5.813779784433968,4.953297751361965,54.57070880045036,4454.015799999999,4479.980906152571,4428.050693847427,0.011659189063753182,18.33057142857147,0.7287190528077808,0.0047276689579636155,0.006147903580412395,0.0027254221065379537,1
2026-06-04 06:00:00+00:00,4469.231,4477.077,4462.939,4467.596,10884,4471.381599999999,4461.0736,4455.24895,4478.1489,4462.58863089119,4462.913298312228,-0.3246674210377023,-4.715957311754715,4.391289890717013,60.844513462827294,4455.24895,4481.340155216936,4429.157744783064,0.011712568931500912,17.78471428571434,0.9218987300841507,0.0004449561078900821,0.0053019396341251745,0.0027437935273630443,1
2026-06-04 07:00:00+00:00,4467.742,4470.683,4459.355,4461.805,9578,4468.7712,4463.8449,4455.39985,4477.4019,4462.468072292546,4462.831202140952,-0.3631298484060608,-3.845391819084984,3.4822619706789233,58.15354918245555,4455.39985,4481.61184315116,4429.187856848839,0.011766393156008498,17.865785714285852,0.8390399802155338,-0.002916741250055477,0.00624998308560154,0.002652894871505849,1
2026-06-04 08:00:00+00:00,4461.74,4469.555,4458.665,4463.234,10530,4468.616599999999,4465.2975,4455.43125,4476.32176,4462.585907324462,4462.861039019401,-0.2751316949388638,-3.13133979425576,2.856208099316896,59.88813456609166,4455.43125,4481.681067514125,4429.181432485874,0.011783289222171447,17.726357142857328,0.8740253282610438,-0.00017316281090040686,0.0032652176766829744,0.002481499077719728,1
2026-06-04 09:00:00+00:00,4463.418,4475.692,4461.127,4470.566,10104,4466.502399999999,4466.6403,4455.93275,4475.3901000000005,4463.813613889929,4463.431776869816,0.3818370201133803,-2.428704431381932,2.8105414514953124,61.287798555237515,4455.93275,4482.9647914469215,4428.900708553078,0.01213305629306077,18.163928571428706,0.9245064196268808,-0.0023589995128467933,0.0030126955907578967,0.002465042111121996,0
2026-06-04 10:00:00+00:00,4470.499,4473.992,4464.17,4473.51,8606,4467.3422,4469.1632,4457.3004,4474.14826,4465.305365599171,4464.178311916496,1.1270536826750686,-1.7175528085705318,2.8446064912456004,61.564839372871724,4457.3004,4485.009257055551,4429.591542944449,0.012433022039775758,18.094285714285824,0.9344983340688559,0.0009395184179397109,0.005671629107963261,0.002330150287061648,1
2026-06-04 11:00:00+00:00,4473.577,4514.699,4468.905,4511.654,16977,4476.1538,4473.7677,4460.018099999999,4473.6826,4472.43592473776,4467.695029552311,4.740895185448608,-0.42586320976670355,5.166758395215311,74.9171164225137,4460.018099999999,4496.877875747649,4423.158324252349,0.016528980340976655,20.302785714285815,0.999999999996315,0.009861679525185574,0.010311023647614492,0.003316426746078884,0
2026-06-04 12:00:00+00:00,4511.281,4513.724,4491.082,4504.268,15917,4484.6464,4476.708799999999,4463.12965,4473.2301800000005,4477.333167085796,4470.404138474362,6.9290286114337505,1.0451151544733877,5.883913456960363,68.71841520113205,4463.12965,4503.897680298633,4422.361619701367,0.018268808435189764,19.835214285714432,0.7369061810134875,0.009517000406785936,0.006572500529067105,0.00339366358422871,0
2026-06-04 13:00:00+00:00,4504.214,4515.559,4495.399,4496.013,21233,4491.2022,4479.9094,4465.8453500000005,4472.5569,4480.206987534135,4472.301091179965,7.905896354170181,2.417271394412747,5.488624959757434,63.11262522346269,4465.8453500000005,4507.820768411867,4423.869931588134,0.0187984200625606,19.89450000000014,0.4989775180622476,0.00734422618218078,0.007169791624430877,0.0033385863796644767,0
2026-06-04 14:00:00+00:00,4495.659,4500.014,4457.199,4466.0,24308,4490.289,4478.395699999999,4467.1911,4471.217619999999,4478.021297144268,4471.834343685153,6.186953459115102,3.1712078073532184,3.015745651761884,55.23020703579292,4467.1911,4507.235500462207,4427.146699537793,0.017928223604406265,21.43471428571443,0.1644210634526982,-0.0010213471851214795,-0.0033779373404562163,0.0038619464075713523,1
2026-06-04 15:00:00+00:00,4466.134,4479.234,4463.617,4477.602,12590,4491.1074,4479.2248,4468.971100000001,4470.21666,4477.956789891304,4472.2615774862525,5.695212405051279,3.6760087268928316,2.0192036781584477,53.66388659762303,4468.971100000001,4507.434779709548,4430.507420290453,0.017213662316834962,20.374928571428686,0.09794113304297865,0.0009147179731350263,0.0018550957854577277,0.003869345809285767,0
2026-06-04 16:00:00+00:00,4477.305,4485.214,4475.324,4482.619,9301,4485.3004,4480.7271,4470.90035,4469.57214,4478.674052984949,4473.028793968752,5.6452590161970875,4.0698587847536825,1.575400231443405,52.43423611023989,4470.90035,4507.941936093537,4433.858763906463,0.01657007904170231,19.57707142857154,0.04575061261216326,-0.006435555563436557,0.0033626585752157823,0.003873709254005194,0
2026-06-04 17:00:00+00:00,4482.602,4482.612,4473.914,4477.996,6323,4480.046,4482.3462,4473.09555,4469.07298,4478.569737141111,4473.396735156252,5.173001984858274,4.290487424774601,0.8825145600836732,54.56539192073487,4473.09555,4505.915605758454,4440.275494241546,0.014674426419732593,18.83328571428579,0.09479015948512902,-0.005832690239568339,0.0036288004518350014,0.0038621460893307684,0
2026-06-04 18:00:00+00:00,4478.049,4481.211,4472.773,4477.986,5328,4476.4406,4483.8214,4474.55945,4468.5538799999995,4478.479931427094,4473.736680700234,4.743250726860424,4.381040085191766,0.3622106416686579,48.842284714925064,4474.55945,4505.3483582110775,4443.770541788922,0.01376176070744922,17.872142857142926,0.0,-0.0040095524634826685,0.0033052266585169576,0.0038639442385675913,0
2026-06-04 19:00:00+00:00,4478.002,4483.501,4476.12,4480.966,5307,4479.433800000001,4484.8614,4475.750849999999,4468.12892,4478.862403515233,4474.27218583355,4.590217681683498,4.4228756044901125,0.16734207719338556,54.57989170157443,4475.750849999999,4505.528776867654,4445.9729231323445,0.013306338027129,17.298928571428664,0.22004387414540938,0.0033510971786834265,0.002326327359891467,0.003839523634265586,0
2026-06-04 20:00:00+00:00,4480.895,4481.672,4474.365,4475.707,3694,4479.0548,4485.0811,4477.12215,4467.80886,4478.376956820582,4474.378468364398,3.9984884561836225,4.337998174828814,-0.33950971864519186,53.10089077493626,4477.12215,4503.953959090364,4450.290340909636,0.011986185853948167,16.811000000000085,0.16332247539513245,-0.0004232176062096693,0.0004911132421745457,0.003860934936731156,0
2026-06-04 22:00:00+00:00,4475.375,4481.472,4468.629,4469.719,5167,4476.4748,4480.8876,4477.32765,4467.5127999999995,4477.044963463569,4474.033322559628,3.011640903941043,4.07272672065126,-1.061085816710217,53.02102578980307,4477.32765,4503.849350360442,4450.805949639558,0.011847111685222358,16.91921428571433,0.16025956070296812,-0.0028777819395312543,-0.009294817377396458,0.002463459972950744,0
2026-06-04 23:00:00+00:00,4469.785,4473.949,4460.381,4461.558,6411,4473.1872,4476.6166,4476.6627,4466.99786,4474.662353699943,4473.109224592247,1.553129107695895,3.5688071980601865,-2.0156780903642915,49.39149251346981,4476.6627,4504.096399530603,4449.229000469397,0.012256317426194745,17.11049999999997,0.02106275525386415,-0.0036708384732814237,-0.009482117849115568,0.0024701879567843093,0
2026-06-05 00:00:00+00:00,4461.505,4467.011,4450.589,4459.371,13439,4469.4642,4472.9524,4476.430899999999,4466.426439999999,4472.309837746106,4472.091578326155,0.21825941995030007,2.898697642438209,-2.680438222487909,45.77767049611916,4476.430899999999,4504.388194138299,4448.4736058617,0.012490886048659618,17.24314285714289,0.0,-0.004157002723992442,-0.008149887466962324,0.002453279322480963,0
2026-06-05 01:00:00+00:00,4459.427,4470.014,4443.978,4446.73,21108,4462.617,4471.0254,4474.710550000001,4465.59258,4468.374478092858,4470.212942894588,-1.8384648017299696,1.9512651536045733,-3.789729955334543,40.58805336482351,4474.710550000001,4505.535874192407,4443.885225807594,0.013777572358241895,18.40128571428574,0.0,-0.0076403168423953005,-0.004314823107926635,0.0015786174409327205,1
2026-06-05 02:00:00+00:00,4446.939,4455.03,4438.337,4440.586,14116,4455.5928,4467.3238,4473.2743,4464.7020999999995,4464.099327617034,4468.018354532026,-3.9190269149921733,0.7772067398852237,-4.696233654877397,17.77429125931843,4473.2743,4507.633168911575,4438.915431088425,0.015361843073908959,16.322642857142846,0.0,-0.007847028413611512,-0.00826692501924009,0.0011819428084358429,1
2026-06-05 03:00:00+00:00,4440.63,4443.706,4435.136,4442.217,9705,4450.0923999999995,4463.2836,4472.00535,4464.0616199999995,4460.732815675952,4466.107143085209,-5.3743274092566935,-0.4531000899431601,-4.921227319313534,20.31365119461077,4472.00535,4509.0192435694025,4434.991456430598,0.01655359986069881,15.31749999999998,0.05600911443492798,-0.006152959503718303,-0.009013034567515121,0.0010617930840916615,1
2026-06-05 04:00:00+00:00,4442.318,4446.386,4437.573,4444.947,7318,4446.770200000001,4459.9787,4471.162450000001,4463.23544,4458.304228648883,4464.539725078897,-6.235496430014791,-1.6095793579574869,-4.625917072057304,24.205443193987094,4471.162450000001,4509.8828568675435,4432.442043132458,0.017320062646143757,14.506999999999996,0.17169923098478354,-0.0037231388676332022,-0.0073803102995179115,0.0011627130048886946,1
2026-06-05 05:00:00+00:00,4445.23,4450.012,4438.58,4439.809,11032,4442.8578,4456.161,4469.9911999999995,4462.51868,4455.458808856747,4462.707819517498,-7.2490106607510825,-2.7374656185162065,-4.511545042234876,32.329883553048916,4469.9911999999995,4511.066929904636,4428.915470095363,0.018378438823162032,12.265357142857088,0.3954722139780625,-0.004386717319550204,-0.008525484447695852,0.0011383696697670814,1
2026-06-05 06:00:00+00:00,4440.048,4456.146,4428.796,4452.997,13865,4444.1112,4453.364100000001,4469.11275,4461.936,4455.080069032632,4461.988499553239,-6.9084305206069985,-3.5716585989343654,-3.336771921672633,33.74770466465017,4469.11275,4510.88232590789,4427.3431740921105,0.01869255856563015,13.103428571428465,0.43399409908687386,0.0014093502416383519,-0.006241734483144912,0.0016143347193099183,1
2026-06-05 07:00:00+00:00,4452.697,4467.461,4451.756,4460.979,10466,4448.1898,4451.8913,4468.486199999999,4461.47092,4455.987596873765,4461.913721808555,-5.926124934790096,-4.042551866105512,-1.8835730686845835,36.24494673412871,4468.486199999999,4510.353870665897,4426.618529334101,0.018739084688634826,13.51878571428558,0.5018436121899044,0.004592411902393012,-0.0032906532979035674,0.0017675090179674281,0
2026-06-05 08:00:00+00:00,4460.918,4468.408,4458.593,4462.654,8288,4452.2771999999995,4451.184800000001,4466.0362000000005,4461.333199999999,4457.013197354725,4461.968557230144,-4.955359875419163,-4.225113467968242,-0.7302464074509203,39.86845233378274,4466.0362000000005,4502.67609592376,4429.396304076241,0.01640823955872076,13.598071428571334,0.6002934555861308,0.004600630721101728,-0.0015806362771350058,0.0017416066449915794,0
2026-06-05 09:00:00+00:00,4462.582,4469.433,4458.818,4464.741,10760,4456.236,4451.5031,4464.05985,4461.48494,4458.202090069382,4462.173923361245,-3.971833291862822,-4.174457432747158,0.20262414088433633,41.486804386111594,4464.05985,4495.976442611115,4432.143257388884,0.01429935694572529,13.75357142857131,0.6442637218738245,0.004453146460464019,0.0007134279101606023,0.0016457699784127495,0
2026-06-05 10:00:00+00:00,4464.796,4467.881,4461.812,4466.969,5690,4461.668,4452.2629,4462.60765,4461.56688,4459.550845443324,4462.5291142233755,-2.9782687800516214,-3.935219702208051,0.9569509221564294,40.91564013032338,4462.60765,4490.832159172158,4434.383140827842,0.012649334822055406,13.659857142857033,0.6550686787928369,0.006117380274691886,0.0017038277371403954,0.001637898469235061,0
2026-06-05 11:00:00+00:00,4466.867,4475.411,4458.337,4470.326,8423,4465.1338000000005,4454.6225,4462.82395,4461.90566,4461.208561528966,4463.10666131794,-1.8980997889739228,-3.527795719561226,1.629695930587303,46.419207580818814,4462.82395,4491.223683263921,4434.424216736079,0.012727247851182212,14.357499999999877,0.8126970257810503,0.0038915364191800528,0.005306371198611215,0.0012542260503392618,0
2026-06-05 12:00:00+00:00,4470.205,4475.953,4404.68,4406.255,25582,4454.189,4451.1894,4459.2566,4461.153920000001,4452.754167447587,4458.895427146241,-6.141259698653812,-4.050488515379743,-2.090771183274069,26.180753640594403,4459.2566,4496.4140846375285,4422.099115362471,0.01666532696841388,18.531071428571327,0.2658825591068282,-0.012267262410336377,-0.007731186829846415,0.0048833865834191845,0
2026-06-05 13:00:00+00:00,4406.338,4421.242,4365.39,4365.813,42234,4434.8207999999995,4443.549000000001,4453.4163,4459.61152,4439.378603224882,4452.000432542815,-12.621829317933589,-5.764756675890513,-6.857072642043076,21.074192905178734,4453.4163,4507.825947407315,4399.006652592685,0.02443501516232151,21.551357142857082,0.11520025434223151,-0.021700315552135696,-0.017199519969420596,0.005527879807737584,0
2026-06-05 14:00:00+00:00,4365.879,4379.255,4344.241,4369.83,40171,4415.8386,4436.037300000001,4448.008,4457.83238,4428.678818113362,4445.913733835941,-17.23491572257899,-8.05878848522821,-9.17612723735078,23.2443480287572,4448.008,4512.668180441565,4383.347819558435,0.029073769850038487,22.879357142857057,0.19096082208883758,-0.021257896034730828,-0.016899414098750842,0.0055430384611779605,0
2026-06-05 15:00:00+00:00,4369.59,4372.389,4333.894,4335.613,22645,4389.5674,4425.617700000001,4440.88935,4455.29252,4414.360999942076,4437.743309107353,-23.382309165276638,-11.123492621237896,-12.258816544038742,20.5894964188727,4440.88935,4521.125727003458,4360.652972996542,0.0361352741218189,23.769285714285616,0.0982793989672574,-0.029406069305607407,-0.023468577139241775,0.0058642404032278,0
2026-06-05 16:00:00+00:00,4335.555,4344.957,4323.13,4344.389,19470,4364.379999999999,4414.7569,4434.0605000000005,4452.96958,4403.596076874064,4430.828175099401,-27.232098225336813,-14.345213742057682,-12.88688448327913,24.888403928181546,4434.0605000000005,4522.73901784365,4345.381982156351,0.03999878569254947,24.135999999999967,0.1752405758327435,-0.028171770917825634,-0.024389865971165103,0.005775703923516615,0
2026-06-05 17:00:00+00:00,4344.5,4347.473,4335.574,4341.891,15238,4351.5072,4402.8481,4427.3697,4450.884260000001,4394.102988124208,4424.240236203149,-30.1372480789405,-17.503620609434247,-12.633627469506255,23.928567716183466,4427.3697,4522.756863903301,4331.9825360967,0.043089766776558305,24.373785714285727,0.12927249849456934,-0.014607416048322275,-0.02669548545285705,0.005629091923011593,1
2026-06-05 18:00:00+00:00,4341.616,4342.15,4315.067,4322.529,17093,4342.8504,4388.8356,4420.0102,4448.18884,4383.091605335869,4416.706070558471,-33.61446522260212,-20.72578953206782,-12.8886756905343,20.718720998095932,4420.0102,4523.967419732772,4316.052980267227,0.047039357390067794,25.67878571428569,0.005002943254476448,-0.00991430462092624,-0.031399476634307755,0.0055437360205430365,1
2026-06-05 19:00:00+00:00,4322.488,4325.214,4313.77,4318.523,18534,4332.589,4374.2138,4412.858450000001,4445.71856,4373.157973745736,4409.433250517102,-36.27527677136641,-23.83568697992754,-12.439589791438866,20.831529633584267,4412.858450000001,4524.198822690847,4301.518077309154,0.05046179203452418,25.679642857142817,0.009370341510717688,-0.011741189016506337,-0.032749492075800135,0.005458922609027641,1
2026-06-05 20:00:00+00:00,4318.465,4331.134,4311.633,4328.522,11660,4331.1708,4360.3691,4406.316000000001,4443.455019999999,4366.290900861777,4403.439824552872,-37.14892369109475,-26.498334322160982,-10.650589368933769,19.598274691402978,4406.316000000001,4521.461098172971,4291.17090182703,0.05226365888101097,25.11900000000001,0.0,-0.001635524203843941,-0.03099349917136207,0.005627388442679069,0
2026-06-07 22:00:00+00:00,4325.168,4330.839,4310.223,4317.471,14369,4325.787200000001,4345.0836,4399.85305,4441.022739999999,4358.780146883042,4397.071763474882,-38.291616591839556,-28.856990776096698,-9.434625815742859,15.467355837255326,4399.85305,4519.85490782154,4279.851192178459,0.05454812079305258,25.46978571428573,0.0,-0.006196038154042016,-0.03419325570439391,0.005468983976096075,0
2026-06-07 23:00:00+00:00,4317.534,4347.089,4317.454,4343.87,10144,4326.183,4338.8451000000005,4395.01725,4439.0601,4356.486278131804,4393.130892106372,-36.64461397456762,-30.414515415790884,-6.230098558776735,24.456152423551487,4395.01725,4515.899399978922,4274.135100021078,0.05500872606537411,26.885499999999997,0.290412239653363,0.00045579218824243206,-0.014158281806205042,0.004723712687544638,0
2026-06-08 00:00:00+00:00,4343.923,4353.416,4339.554,4342.094,14993,4330.096,4336.473199999999,4390.0111,4437.0213,4354.272081496142,4389.350381579974,-35.07830008383189,-31.347272349399088,-3.7310277344328036,23.590110207192936,4390.0111,4510.955776874922,4269.066423125078,0.05509994126207205,27.117428571428587,0.2624319358081868,0.004526285422260745,-0.005432894171142899,0.003856765185319592,0
2026-06-08 01:00:00+00:00,4342.152,4346.059,4299.944,4325.568,39081,4331.505,4332.0470000000005,4384.042149999999,4434.85082,4349.856068958274,4384.625760722198,-34.76969176392413,-32.0317562323041,-2.737935531620032,21.317906505961503,4384.042149999999,4505.353895734569,4262.73040426543,0.055342417606349774,29.977857142857115,0.1890210226244028,0.0016313447908000711,-0.010128998153246194,0.003946765570085563,0
2026-06-08 02:00:00+00:00,4325.782,4330.665,4307.121,4310.739,20628,4327.948399999999,4329.5596,4377.58865,4432.09144,4343.838058349309,4379.152667335368,-35.314608986059284,-32.68832678305513,-2.626282203004152,19.068570254565387,4377.58865,4500.13532883885,4255.041971161149,0.0559882111531198,30.43999999999999,0.33614120220141974,-0.004108330741994681,-0.005737135671472715,0.0032929391499093097,0
2026-06-08 03:00:00+00:00,4310.701,4317.249,4303.559,4316.776,12265,4327.8094,4326.7982999999995,4370.777599999999,4429.2842,4339.674664757108,4374.532173458674,-34.857508701566076,-33.12216316675732,-1.7353455348087579,27.622977467676975,4370.777599999999,4490.793363400439,4250.7618365995595,0.05491735081667846,26.32692857142852,0.9999999999917734,-0.00016097386641389377,-0.0063560146202378265,0.0032438784617411336,0
2026-06-08 04:00:00+00:00,4316.831,4321.893,4307.473,4312.531,11154,4321.5416,4323.8623,4363.3552,4426.5692,4335.498716332938,4369.939493943217,-34.44077761027893,-33.38588605546164,-1.0548915548172886,33.72949468052619,4363.3552,4478.129582682957,4248.580817317043,0.05260831512546004,23.367499999999968,0.9999999999945243,-0.007214534504946024,-0.0067620306451727785,0.0032456414323685915,0
2026-06-08 05:00:00+00:00,4312.624,4316.156,4268.351,4291.839,24798,4311.490599999999,4320.793299999999,4354.81445,4423.0938,4328.781836897101,4364.154272169645,-35.37243527254395,-33.783195898878105,-1.5892393736658477,28.385426770798176,4354.81445,4463.749903453634,4245.878996546366,0.05002989436375834,24.281142857142836,0.7073690023023835,-0.011573908809896838,-0.00710001020236084,0.0032909972677532162,1
2026-06-08 06:00:00+00:00,4291.901,4311.48,4291.901,4299.896,19423,4306.3562,4318.9306,4346.5722000000005,4419.59458,4324.337861989855,4359.394400157079,-35.05653816722406,-34.037864352547295,-1.0186738146767667,38.42259145689212,4346.5722000000005,4444.917914481547,4248.226485518454,0.045252079089608384,22.93442857142853,0.9999999999956438,-0.005934943110361579,-0.004313280258088303,0.003388251221705461,1
2026-06-08 07:00:00+00:00,4299.829,4316.926,4294.353,4294.594,17463,4303.127200000001,4315.5378,4337.95345,4416.20632,4319.761883222185,4354.594370515813,-34.83248729362822,-34.19678894076348,-0.6356983528647362,33.487421988473216,4337.95345,4420.876514773076,4255.0303852269235,0.03823142213435991,22.98771428571425,0.785008982252586,-0.0037452975000341615,-0.007838241321171502,0.0032522155225668424,1
2026-06-08 08:00:00+00:00,4294.521,4297.292,4285.279,4288.902,15597,4297.5524,4312.6809,4328.882250000001,4412.36162,4315.01420888031,4349.728268996124,-34.71406011581348,-34.30024317577348,-0.41381694004000025,32.79276236742818,4328.882250000001,4386.738576686317,4271.025923313684,0.026730376732384716,22.99585714285708,0.7547474927801029,-0.0064571337498169346,-0.006617068186445141,0.0032006883759565486,1
2026-06-08 09:00:00+00:00,4288.862,4302.076,4272.993,4294.167,16688,4293.8796,4307.7106,4323.27785,4408.85874,4311.806945975647,4345.612619440855,-33.8056734652082,-34.201329233660424,0.3956557684522224,39.86173467928742,4323.27785,4370.272483974892,4276.283216025109,0.02174027929983323,23.138714285714222,0.9999999999959007,-0.004258288230275853,-0.011442101167852492,0.002297104157065451,1
2026-06-08 10:00:00+00:00,4294.225,4305.679,4286.177,4301.917,15177,4295.895200000001,4303.6929,4320.08305,4405.54516,4310.285415825548,4342.375906889682,-32.09049106413386,-33.77916159975511,1.688670535621256,44.218771758808074,4320.08305,4363.449945433856,4276.716154566145,0.020076880435831185,23.714285714285715,0.999999999996522,0.0023481775527927073,-0.009252908849969543,0.0024759212419859585,1
2026-06-08 11:00:00+00:00,4302.117,4333.448,4297.045,4331.314,20822,4302.1788,4304.2675,4318.15725,4402.93534,4313.520582621618,4341.556506379335,-28.035923757716773,-32.630514031347445,4.594590273630672,50.85634715184836,4318.15725,4355.179198777966,4281.135301222034,0.017147105413062906,24.921571428571433,0.9999999999971743,0.00730668834781123,0.001328380457780387,0.0032621630275933545,1
2026-06-08 12:00:00+00:00,4331.071,4339.507,4320.25,4332.878,17791,4309.8356,4306.4814,4318.0205000000005,4400.32822,4316.4986468336765,4340.91365405494,-24.415007221263295,-30.987412669330613,6.572405448067318,55.01755345825929,4318.0205000000005,4354.7903118312815,4281.2506881687195,0.017030864874903212,24.824499999999976,0.9999999999972182,0.00891446315996336,0.005135778343342112,0.003012470239173445,1
2026-06-08 13:00:00+00:00,4333.232,4346.877,4321.276,4326.922,29494,4317.4396,4307.496000000001,4317.14715,4397.4553399999995,4318.102239628495,4339.877235236055,-21.774995607559504,-29.144929256976393,7.36993364941689,43.63278432315447,4317.14715,4352.06291223928,4282.231387760719,0.016175386673711326,24.536357142857145,0.6833076176128585,0.00886473973991464,0.002350365179939695,0.003049580142793085,1
2026-06-08 14:00:00+00:00,4326.681,4331.363,4314.364,4330.807,26646,4324.7676,4309.323600000001,4316.59295,4394.60128,4320.056818147188,4339.20536595931,-19.14854781212216,-27.14565296800555,7.997105155883389,45.825720984933,4316.59295,4350.1816864797765,4283.004213520224,0.015562614714355378,24.760428571428616,0.7443089719306379,0.008532504674363839,0.004237882579858576,0.003023713300330932,0
2026-06-08 15:00:00+00:00,4330.867,4345.881,4322.525,4341.663,18189,4332.7168,4314.306,4317.54965,4391.20146,4323.3808461245435,4339.387412925287,-16.006566800743713,-24.917835734553183,8.91126893380947,56.21299034178176,4317.54965,4352.894360038382,4282.204939961618,0.016372578385233805,23.134785714285822,0.9999999999973077,0.00923913687781508,0.01160900956443145,0.0024488449467396614,0
2026-06-08 16:00:00+00:00,4341.611,4346.303,4337.712,4340.526,11059,4334.5592,4318.369000000001,4318.6498,4387.926619999999,4326.018562105383,4339.471752708599,-13.453190603215262,-22.6249067082856,9.171716105070338,62.85751284154206,4318.6498,4355.461380429654,4281.838219570346,0.017047726550855773,22.066714285714365,0.9999999999971618,0.0021268372600091734,0.009449065744846052,0.0024723095616577023,0
2026-06-08 17:00:00+00:00,4340.578,4342.517,4332.033,4339.058,10103,4335.7952,4322.8154,4319.176600000001,4384.787520000001,4328.024629473786,4339.441104359814,-11.416474886027572,-20.383220343833997,8.966745457806425,60.012941958909465,4319.176600000001,4356.8739350581545,4281.479264941847,0.017455797041572154,21.837714285714355,0.9174819047246896,0.0014263037177599802,0.010353481609670201,0.0023999044162864463,0
2026-06-08 18:00:00+00:00,4339.005,4345.903,4332.939,4334.779,7814,4337.366599999999,4327.4031,4320.0419999999995,4382.1631,4329.063763400896,4339.0957632961245,-10.031999895228182,-18.312976254112836,8.280976358884654,59.99460916442086,4320.0419999999995,4358.363961701276,4281.720038298723,0.017741476449199548,21.733714285714345,0.9169500890854814,0.0018158404519426075,0.010696677144873101,0.002365006000969402,0
2026-06-08 19:00:00+00:00,4334.54,4338.183,4323.478,4326.836,8590,4336.5724,4330.67,4319.1903,4379.14778,4328.721030569989,4338.187632681596,-9.466602111607244,-16.54370142561172,7.0770993140044745,67.75578127061156,4319.1903,4356.010196080965,4282.370403919035,0.017049443772350112,19.369428571428607,0.9999999999971397,-0.0009169191792660625,0.007607761877914898,0.002533859220448433,1
2026-06-08 20:00:00+00:00,4326.487,4330.12,4324.259,4329.995,4782,4334.2388,4333.4778,4318.585349999999,4376.0953,4328.917025866914,4337.580771001479,-8.663745134565033,-14.967710167402382,6.303965032837349,66.0694264999523,4318.585349999999,4354.198595107202,4282.972104892797,0.016493014365087218,18.38514285714291,0.9517674724993241,-0.0026874494865215537,0.006526857677635167,0.0025073252659095135,1
2026-06-08 22:00:00+00:00,4332.176,4332.535,4322.715,4328.015,4144,4331.7366,4333.1479,4318.707700000001,4373.09568,4328.778252656619,4336.8721953717395,-8.093942715120647,-13.592956676946036,5.499013961825389,68.49918632584655,4318.707700000001,4354.438570734046,4282.9768292659555,0.016547019717979665,17.474214285714293,0.9999999999971994,-0.0028823695561319695,-0.0007616626270918747,0.0012608592162386225,1
2026-06-08 23:00:00+00:00,4328.075,4328.984,4312.822,4317.661,5444,4327.4572,4331.6262,4319.0538,4369.88918,4327.067906094062,4335.449143862722,-8.381237768659958,-12.55061289528882,4.169375126628863,65.13743117913975,4319.0538,4354.593256303669,4283.514343696331,0.016457056544963107,17.77057142857146,0.8826098359488986,-0.004931254664030771,-0.003511984413131275,0.0014424877159692102,1
2026-06-09 00:00:00+00:00,4317.609,4323.958,4315.053,4319.704,12592,4324.4421999999995,4330.904399999999,4319.2002,4366.6639399999995,4325.934997464206,4334.282836909928,-8.347839445721547,-11.710058205375367,3.3622187596538193,63.91343670658483,4319.2002,4354.724268227233,4283.676131772768,0.01644937330167396,16.329285714285756,0.8155845136402599,-0.003477685944312414,-0.0016681604151865814,0.0014148549013416017,1
2026-06-09 01:00:00+00:00,4319.65,4338.909,4318.52,4336.402,16621,4326.3553999999995,4331.4639,4320.39375,4363.87784,4327.545305546636,4334.439811953637,-6.894506407001245,-10.746947845700543,3.852441438699298,67.11941143180546,4320.39375,4356.572370391379,4284.215129608621,0.01674783479694595,16.392642857142814,0.9445124833907952,0.002210853381084954,0.0012919070279511224,0.001893186140010579,0
2026-06-09 02:00:00+00:00,4336.702,4341.134,4328.103,4336.16,11190,4327.5884,4330.913600000001,4322.6098,4361.20666,4328.870643154845,4334.567233290405,-5.696590135559745,-9.736876303672384,4.0402861681126385,53.38578056005788,4322.6098,4356.798819669175,4288.420780330825,0.015818693451893222,14.72321428571422,0.3922158193939081,0.0014237891729667052,-0.001267486675036622,0.0016993570031886113,0
2026-06-09 03:00:00+00:00,4336.163,4342.488,4331.111,4336.554,10083,4329.2962,4330.5163999999995,4324.4427000000005,4358.70658,4330.0526980541,4334.714401194819,-4.66170314071951,-8.72184167108181,4.0601385303623,52.61101798448761,4324.4427000000005,4357.413361977011,4291.47203802299,0.015248513745833848,14.160357142857135,0.36105881584014593,0.0019729598903885925,-0.0009150964652671068,0.0016998730256891543,0
2026-06-09 04:00:00+00:00,4336.451,4339.271,4324.085,4332.21,7644,4332.206,4329.8315999999995,4326.3235,4356.1633600000005,4330.384590661161,4334.528889995203,-4.144299334041534,-7.806333203673755,3.6620338696322206,53.844028961065774,4326.3235,4356.278534733697,4296.368465266304,0.013847801595833627,13.4164285714285,0.3536428091399257,0.0033696485203447146,-0.0015782227386681447,0.001723413326985943,0
2026-06-09 05:00:00+00:00,4332.285,4351.572,4330.782,4343.445,12387,4336.9542,4330.6982,4329.05065,4354.09766,4332.393884405598,4335.189342588151,-2.7954581825524656,-6.804158199449497,4.0087000168970315,58.30005779435725,4329.05065,4354.207943221313,4303.893356778687,0.011622545105270603,13.687214285714163,0.3580676946268585,0.005495978428151638,0.0019991791969093953,0.0018951462966475792,0
2026-06-09 06:00:00+00:00,4343.527,4348.833,4330.186,4330.843,12452,4335.8423999999995,4331.0989,4330.88445,4351.9028,4332.155286804737,4334.867391285325,-2.712104480587186,-5.985747455677035,3.2736429750898486,43.05323711446116,4330.88445,4349.9428737099315,4311.826026290068,0.008801169336176569,13.350857142856967,0.0,-0.0012819383442771448,0.0009260808590849656,0.002046699495539371,1
2026-06-09 07:00:00+00:00,4330.775,4334.632,4322.086,4326.754,12324,4333.9612,4330.7748,4332.1263,4349.593540000001,4331.324319604008,4334.266399338264,-2.942079734255458,-5.37701391139272,2.4349341771372623,41.48088580972405,4332.1263,4345.678657124244,4318.573942875756,0.00625667683061033,13.633357142856962,0.0,-0.002169200398509319,-0.0007484997095839052,0.0020573761984840695,1
2026-06-09 08:00:00+00:00,4326.811,4336.908,4321.034,4326.715,10659,4331.9934,4330.6448,4331.89635,4347.2289,4330.615193511084,4333.707036424318,-3.091842913234359,-4.919979711761048,1.828136798526689,42.22742786614778,4331.89635,4345.661141994218,4318.131558005782,0.0063550883410302675,14.01835714285705,0.027630977602587706,-0.0022688521807868733,-0.0003003686447482501,0.0020529512337320306,1
2026-06-09 09:00:00+00:00,4326.629,4336.299,4324.092,4332.015,8708,4331.9544,4332.0802,4331.8532,4345.07302,4330.830548355532,4333.581700392888,-2.751152037355496,-4.486214176879938,1.7350621395244419,48.28156474596495,4331.8532,4345.610443613223,4318.095956386776,0.00635166658612678,13.96428571428565,0.2517063918271837,-4.501166840931159e-05,0.003324485178433534,0.0019033285053320192,0
2026-06-09 10:00:00+00:00,4331.961,4340.841,4325.351,4339.044,8946,4331.0742,4334.0142,4332.4593,4342.79396,4332.0941563008355,4333.9863151786,-1.892158877764814,-3.967403117056913,2.075244239292099,57.67721487145935,4332.4593,4346.369062177462,4318.549537822539,0.006421185388844504,14.020357142857133,0.5994577287350326,-0.0010132510023724839,0.0044771586201277636,0.0019469015453207094,0
2026-06-09 11:00:00+00:00,4338.987,4343.82,4335.553,4339.644,7430,4332.834400000001,4334.3384,4332.90115,4340.36726,4333.255670716092,4334.405402943148,-1.1497322270561199,-3.4038689390567547,2.254136712000635,56.26973709859802,4332.90115,4347.147274042103,4318.655025957896,0.006575790007165742,14.192214285714272,0.5473642311437892,0.0020321678712436064,0.0007476244130502074,0.0015327823222909805,0
2026-06-09 12:00:00+00:00,4339.917,4344.249,4334.827,4341.196,9610,4335.7228000000005,4334.842,4332.8778,4337.9381,4334.4772598366935,4334.908410132545,-0.43115029585169395,-2.8093252104157425,2.3781749145640485,58.612668417819705,4332.8778,4347.064864940397,4318.690735059604,0.006548564531589762,14.16378571428569,0.6682046721623468,0.0033378370945054137,0.0011613962584406945,0.0015344132251653292,0
2026-06-09 13:00:00+00:00,4341.252,4363.527,4325.247,4329.268,23186,4336.2334,4334.1134,4332.314899999999,4335.22864,4333.675835246433,4334.490601974579,-0.8147667281455142,-2.410413513961697,1.5956467858161827,57.43133363211477,4332.314899999999,4346.112263743688,4318.51753625631,0.006369511017626604,15.743642857142797,0.6221281230224504,0.0005900550417579087,-0.0016801358866971317,0.0017823305462798442,0
2026-06-09 14:00:00+00:00,4329.202,4335.942,4278.435,4300.678,42783,4329.966,4330.9601999999995,4330.3958999999995,4331.90282,4328.59924520852,4331.985964791276,-3.3867195827560863,-2.605674727720575,-0.7810448550355114,40.909004032797604,4330.3958999999995,4349.786713038027,4311.005086961972,0.008955676795291523,19.215214285714215,0.0,-0.007233816134062376,-0.007278502196338632,0.0027119468413539303,0
2026-06-09 15:00:00+00:00,4300.447,4302.324,4263.012,4272.564,39163,4316.67,4323.8721000000005,4327.28515,4327.94758,4319.978438253363,4327.5843377697,-7.6058995163375585,-3.6057196854439724,-4.000179830893586,22.49737200365324,4327.28515,4359.461633810909,4295.10866618909,0.014871441421376775,20.56685714285712,0.0,-0.01532134728294976,-0.016319073914830118,0.0029923830884537772,0
2026-06-09 16:00:00+00:00,4272.508,4281.198,4236.44,4252.151,53380,4299.1714,4316.0029,4323.5509,4324.8655,4309.543447752845,4321.996683120093,-12.453235367247544,-5.375222821804687,-7.078012545442856,19.16625681756439,4323.5509,4370.080676145719,4277.0211238542815,0.0215238711059091,22.83307142857146,0.0,-0.020161331205969968,-0.018170134544244654,0.003135660105941508,0
2026-06-09 17:00:00+00:00,4252.091,4268.222,4251.146,4262.998,26988,4283.5318,4309.6273,4320.20105,4322.8092,4302.382609637023,4317.626410296382,-15.243800659359295,-7.34893838931561,-7.894862270043684,24.926712207359785,4320.20105,4373.875591053045,4266.526508946954,0.0248481681439551,23.240142857142864,0.14603243124257995,-0.01801300839676445,-0.014735295789869318,0.003426383367603968,0
2026-06-09 18:00:00+00:00,4263.062,4274.419,4259.515,4270.093,15019,4271.6968,4303.9651,4317.30495,4320.81446,4297.414977385173,4314.105416941095,-16.69043955592224,-9.217238622636938,-7.473200933285302,29.215768939926065,4317.30495,4375.282356947992,4259.327543052007,0.026858147672886846,23.219999999999995,0.2547636582048734,-0.013668592473369712,-0.013086602653514356,0.0035449103928623794,0
2026-06-09 19:00:00+00:00,4270.167,4271.671,4249.868,4258.453,15236,4263.2518,4296.6089,4314.34455,4319.2712599999995,4291.4208270182235,4309.983015686199,-18.562188667975533,-11.086228631704659,-7.475960036270875,21.63870313271667,4314.34455,4378.012602861306,4250.676497138694,0.029514588889895697,23.29235714285713,0.0626786116872038,-0.00981821935983107,-0.016981012300280596,0.00344978984351108,0
2026-06-09 20:00:00+00:00,4258.527,4262.216,4255.569,4260.483,4968,4260.8356,4288.7528,4311.3835,4317.59314,4286.6611613231125,4306.316347857592,-19.65518653447907,-12.800020212259545,-6.855166322219526,24.73898869788738,4311.3835,4379.364435499383,4243.402564500617,0.03153555488598178,22.435214285714274,0.14127348101475454,-0.002827576134611487,-0.018105601141633842,0.00334436976884706,0
2026-06-09 22:00:00+00:00,4256.148,4257.347,4232.38,4237.007,8137,4257.8068,4278.489100000001,4306.41375,4315.49546,4279.022059581095,4301.1823220903625,-22.16026250926734,-14.672068671661105,-7.488193837606236,21.715946121409402,4306.41375,4380.913705729785,4231.913794270215,0.03459953458015275,23.54642857142861,0.06463678698272385,-0.0035614915839066175,-0.02365101837846617,0.0034520582582355463,0
2026-06-09 23:00:00+00:00,4237.232,4247.209,4210.298,4222.157,12682,4249.6386,4266.5851999999995,4300.7136,4313.488020000001,4270.273588876311,4295.328594528113,-25.055005651802276,-16.748656067689343,-8.306349584112933,19.86175805930897,4300.7136,4382.699712429665,4218.727487570335,0.0381267482818037,25.04907142857142,0.017631546534344716,-0.009580346976470366,-0.0274207845027038,0.0033247939603328757,0
2026-06-10 00:00:00+00:00,4222.192,4228.522,4198.734,4218.028,25283,4239.2256,4255.4612,4294.7873,4311.47812,4262.235805972263,4289.602624563067,-27.36681859080454,-18.87228857231238,-8.49453001849216,16.920594568554463,4294.7873,4382.780285414468,4206.7943145855315,0.0409766441353072,26.30485714285708,0.0,-0.012192942870330792,-0.02569487497655487,0.0033729564809457974,0
2026-06-10 01:00:00+00:00,4217.976,4218.888,4183.563,4188.819,32575,4225.2988000000005,4244.2753,4287.617749999999,4308.6840600000005,4250.940912745761,4282.1371708917295,-31.196258145968386,-21.337082487043585,-9.859175658924801,11.376386439248591,4287.617749999999,4385.574678478815,4189.660821521184,0.04569293915196421,27.721642857142733,0.0,-0.01635194752648439,-0.026009619878540002,0.0034165851832868017,1
2026-06-10 02:00:00+00:00,4188.872,4192.425,4172.937,4174.199,21720,4208.0419999999995,4234.4388,4279.15545,4305.81862,4239.134464631029,4274.141750825675,-35.00728619464644,-24.071123228564158,-10.936162966082282,10.323607986838638,4279.15545,4385.673380103187,4172.6375198968135,0.04978455741923874,28.523142857142766,0.0,-0.02025216389784923,-0.023022475497148975,0.0031549478934961473,1
2026-06-10 03:00:00+00:00,4173.871,4186.464,4172.584,4184.736,13732,4197.587799999999,4227.6973,4271.850100000001,4302.63594,4230.76547007241,4267.519102616367,-36.75363254395688,-26.607625091642703,-10.14600745231418,14.028545416088065,4271.850100000001,4383.365873488797,4160.334326511204,0.052209591103768445,28.841571428571374,0.07864819153316702,-0.012336774520315785,-0.015854328785595784,0.0033616658598254827,0
2026-06-10 04:00:00+00:00,4184.682,4187.404,4172.174,4174.704,10245,4188.0972,4218.867899999999,4264.247600000001,4299.288140000001,4222.140628522808,4260.643909829969,-38.50328130716116,-28.9867563347464,-9.51652497241476,14.151923629987635,4264.247600000001,4380.62888185076,4147.866318149241,0.05458467367174433,27.195142857142855,0.12516809124798922,-0.01123904203467574,-0.020711715088770788,0.003032151977911308,0
2026-06-10 05:00:00+00:00,4174.763,4209.181,4173.433,4205.073,18121,4185.5062,4212.3659,4258.1655,4296.87824,4219.514839519299,4256.527546138859,-37.01270661956005,-30.591946391709133,-6.420760227850916,28.007784285129517,4258.1655,4373.51073150687,4142.82026849313,0.05417602087418623,25.640928571428567,0.9360589475238015,-0.0030713404462938687,-0.015226834638027653,0.004125250438443085,0
2026-06-10 06:00:00+00:00,4205.039,4221.925,4201.721,4204.015,17142,4188.5454,4206.9221,4251.7654999999995,4294.74376,4217.130248824022,4252.637727906351,-35.507479082329155,-31.57505292983314,-3.9324261524960136,31.98970074354338,4251.7654999999995,4364.0206694264125,4139.5103305735865,0.05280402666911568,24.276071428571477,0.9999999999953846,0.003627752834390874,-0.01278351551608059,0.0041194536795143115,0
2026-06-10 07:00:00+00:00,4203.964,4208.095,4181.519,4186.058,15188,4190.9172,4199.4796,4244.1161999999995,4292.1294,4212.349902851095,4247.705896209583,-35.35599335848838,-32.331241015564196,-3.024752342924181,32.40794467897102,4244.1161999999995,4352.098179718087,4136.134220281912,0.05088549635756304,22.97735714285714,0.999999999995472,0.002841024110254553,-0.017468676673513372,0.004168064064720811,0
2026-06-10 08:00:00+00:00,4185.997,4187.564,4161.248,4169.1,21634,4187.79,4192.6889,4235.589,4289.26078,4205.696071643234,4241.883237231095,-36.18716558786127,-33.102425930023614,-3.084739657837659,25.794493710043625,4235.589,4338.6302483845075,4132.547751615492,0.04865497968972321,23.63735714285719,0.7005365811437972,-0.0037364364203619216,-0.01602711536705015,0.004045663141409447,1
2026-06-10 09:00:00+00:00,4169.155,4179.594,4163.097,4168.565,16804,4186.5622,4187.3297,4226.95745,4286.7953,4199.983599082737,4236.452256695458,-36.46865761272147,-33.775672266563184,-2.692985346158288,22.91141942369279,4226.95745,4321.305545281007,4132.609354718993,0.044641137932915256,23.75114285714296,0.5699882053184602,-0.001470523419145442,-0.012693038179300453,0.004010421898874814,0
2026-06-10 10:00:00+00:00,4168.625,4178.664,4155.669,4174.507,15008,4180.449,4182.9776,4219.2194,4284.287520000001,4196.064122300777,4231.863719162461,-35.79959686168422,-34.18045718558739,-1.6191396760968289,26.900089156971333,4219.2194,4303.034330654367,4135.404469345633,0.03973006507050444,23.836285714285818,0.7505990060350358,-0.007268839328116505,-0.010317854694184225,0.004100823819888635,0
2026-06-10 11:00:00+00:00,4174.386,4176.125,4145.684,4147.761,31004,4169.198200000001,4178.8718,4211.57355,4281.3508600000005,4188.632872716042,4225.63388811339,-37.001015397348056,-34.744568827939524,-2.2564465694085314,22.695695142865716,4211.57355,4291.928154001309,4131.218945998691,0.03815894607910094,25.535857142857235,0.560220002458967,-0.013381017907880932,-0.009801808099132447,0.00402058995546839,0
2026-06-10 12:00:00+00:00,4147.698,4173.958,4128.582,4146.816,40113,4161.3498,4176.1335,4205.28615,4278.50914,4182.199507682804,4219.795526030916,-37.59601834811201,-35.31485873197402,-2.281159616137991,25.47651546873921,4205.28615,4285.224512624403,4125.347787375596,0.03801803719083585,26.769642857142895,0.6861382206344567,-0.009374452050115,-0.0065600609841552915,0.003925253374890353,0
2026-06-10 13:00:00+00:00,4146.914,4186.414,4132.767,4179.4,46188,4163.409799999999,4175.5999,4201.6486,4276.2137999999995,4181.768814193142,4216.803264843441,-35.03445065029882,-35.258777115638985,0.22432646534016243,39.39668982893644,4201.6486,4279.19290561989,4124.104294380111,0.036911371226946106,27.96507142857146,0.9999999999965604,0.0024705571945982108,-0.0012751103056442004,0.004692049039338308,0
2026-06-10 14:00:00+00:00,4179.505,4181.054,4117.696,4124.709,37979,4154.6386,4170.6004,4194.73415,4272.66964,4172.990381240351,4209.981467447631,-36.991086207280205,-35.60523893396723,-1.3858472733129759,31.497761546178808,4194.73415,4273.89032823889,4115.57797176111,0.03774073655604128,30.362928571428647,0.7283078441518086,-0.010520646793320876,-0.011975699354972225,0.006233332596796125,0
2026-06-10 15:00:00+00:00,4124.772,4137.134,4106.767,4128.636,48041,4145.4644,4162.9567,4187.661300000001,4268.61608,4166.166630280297,4203.955877266325,-37.78924698602805,-36.0420405443794,-1.7472064416486504,36.73804875253981,4187.661300000001,4263.682879548856,4111.639720451145,0.036307415572914496,30.008785714285814,0.9085531733124429,-0.010988363416326585,-0.018177330096290856,0.0055645346596359495,0
2026-06-10 16:00:00+00:00,4128.689,4135.205,4115.887,4122.133,24512,4140.3388,4154.7685,4180.8453,4264.40118,4159.392225621789,4197.894923394745,-38.5026977729558,-36.53417199009468,-1.9685257828611213,38.1010494368877,4180.8453,4254.5515717294875,4107.139028270512,0.035259028469428196,29.99664285714295,0.9489264815329804,-0.006178755236861622,-0.019477095110269738,0.005538797888886919,0
2026-06-10 17:00:00+00:00,4121.841,4135.019,4100.7,4111.753,21185,4133.3261999999995,4147.338000000001,4173.4088,4260.0978,4152.063113987668,4191.514040180319,-39.45092619265142,-37.11752283060603,-2.333403362045395,33.30878619749633,4173.4088,4243.191124486848,4103.626475513152,0.033441403816873994,31.456571428571547,0.758844919238369,-0.008455402892243113,-0.01775059017338032,0.005484676076204818,0
2026-06-10 18:00:00+00:00,4111.802,4120.56,4096.78,4101.715,15936,4117.7892,4140.599499999999,4166.644200000001,4255.515960000001,4144.3172502972575,4184.8622594262215,-40.54500912896401,-37.80302009027763,-2.741989038686384,33.307872096161375,4166.644200000001,4236.697629989647,4096.590770010354,0.03362582770549318,32.067285714285845,0.635421850776534,-0.018587596305689735,-0.016162960830874873,0.005433865105192424,0
2026-06-10 19:00:00+00:00,4101.527,4102.17,4081.476,4082.832,17056,4109.4138,4132.0262,4159.677949999999,4250.33934,4134.857981020756,4177.304462431686,-42.44648141093057,-38.73171235440822,-3.714769056522357,20.494141841301186,4159.677949999999,4234.063553625537,4085.2923463744614,0.03576507821983559,30.992000000000157,0.0,-0.010152716227981196,-0.020566549879874718,0.005481915560665205,1
2026-06-10 20:00:00+00:00,4082.887,4083.215,4066.994,4070.616,9722,4097.8098,4121.637100000001,4152.30735,4244.94114,4124.9745993252545,4169.401613362673,-44.4270140374183,-39.87077269101024,-4.556241346408065,19.44664574792158,4152.30735,4231.412308048879,4073.2023919511216,0.03810168726979165,30.707500000000113,0.0,-0.014053067405312647,-0.024887010609875526,0.005345929471352082,0
2026-06-10 22:00:00+00:00,4071.839,4072.094,4036.162,4046.496,15003,4082.6824,4111.5106,4145.1912,4239.0899,4112.90096865983,4160.297493854327,-47.39652519449646,-41.375923191707486,-6.020602002788976,18.912718071172847,4145.1912,4235.306591207457,4055.0758087925433,0.04347948591971194,31.375785714285843,0.0,-0.0183489955321674,-0.02441437681679348,0.005308904773802982,1
2026-06-10 23:00:00+00:00,4046.57,4064.791,4023.87,4047.3,22157,4069.7918,4101.558999999999,4138.8462500000005,4233.34032,4102.8085119429325,4151.927309124377,-49.11879718144428,-42.924497989654846,-6.194299191789433,20.765287018635448,4138.8462500000005,4237.798433556981,4039.89406644302,0.047816312846595994,32.419000000000096,0.0904399288068447,-0.015675309290222317,-0.023998171126956125,0.0053304644669192255,1
2026-06-11 00:00:00+00:00,4047.242,4078.044,4036.087,4075.66,46597,4064.5807999999997,4091.185,4133.392449999999,4228.3168,4098.6318177978665,4146.277878818868,-47.646061021001515,-43.86881059592418,-3.7772504250773338,30.328323572133428,4133.392449999999,4233.709362402119,4033.0755375978797,0.04853974724907609,34.23757142857149,0.5572945342779164,-0.0063522209612321134,-0.02482174474804988,0.005152191926679862,1
2026-06-11 01:00:00+00:00,4075.609,4118.326,4066.15,4102.138,42139,4068.442,4088.9279,4129.76415,4223.75966,4099.171230444348,4143.008258165619,-43.837027721270715,-43.86245402099349,0.025426299722774104,35.902600564916796,4129.76415,4229.033532680716,4030.4947673192837,0.04807508568290335,36.32192857142864,0.8294232531941323,0.004728580553890138,-0.005472143610615876,0.004338112765746571,0
2026-06-11 02:00:00+00:00,4102.196,4102.847,4052.376,4067.815,29985,4067.8818,4082.8458,4122.901250000001,4218.55566,4094.347194991371,4137.438387190388,-43.091192199017314,-43.708201656598256,0.6170094575809415,34.873151385798394,4122.901250000001,4219.1823466567785,4026.620153343223,0.04670550702943838,37.75264285714291,0.7791669263798169,-0.0006881022430019756,-0.014731499701111983,0.004941024209033076,1
2026-06-11 03:00:00+00:00,4067.76,4078.609,4056.881,4072.744,22147,4073.1313999999998,4077.9069000000004,4116.3377,4213.65732,4091.0236265311596,4132.64621036147,-41.62258383031076,-43.29107809134076,1.6684942610299984,36.19275563309929,4116.3377,4207.074382062064,4025.6010179379364,0.04408612153568628,36.063500000000104,0.843588234068562,0.006486599764339296,-0.01198141835792288,0.005012635842721988,1
2026-06-11 04:00:00+00:00,4072.889,4085.958,4070.132,4082.797,14030,4080.2308000000003,4075.0112999999997,4111.17465,4208.91918,4089.7579916802115,4128.953676260621,-39.19568458040976,-42.47199938915456,3.2763148087448,30.34166988868776,4111.17465,4196.815709518758,4025.5335904812423,0.04166257423228559,33.362000000000116,0.5956198900065,0.008770538383613635,-0.007042251808413558,0.005113221059051243,1
2026-06-11 05:00:00+00:00,4082.851,4106.466,4072.582,4094.391,21898,4083.9770000000003,4074.2789000000002,4107.4392,4204.07896,4090.470762190948,4126.393478019094,-35.92271582814601,-41.162142676952854,5.239426848806843,42.51806443970632,4107.4392,4188.855130950118,4026.0232690498815,0.039643158175107406,31.25671428571442,0.9999999999957637,0.004595820063499012,-0.0017855945622745617,0.005184998496342728,0
2026-06-11 06:00:00+00:00,4094.323,4097.614,4076.261,4094.768,20891,4082.5029999999997,4075.4725,4103.74935,4199.25112,4091.131875700033,4124.050850017679,-32.91897431764619,-39.51350900509152,6.594534687445332,41.49293170834622,4103.74935,4180.027962071115,4027.470737928885,0.03717508335206451,30.612857142857234,0.9565720106178028,-0.0017966241018707585,0.002923460970228442,0.004945615910330217,0
2026-06-11 07:00:00+00:00,4094.706,4110.661,4091.83,4104.813,17326,4089.9026,4078.8922,4100.264649999999,4194.6163,4093.236664053874,4122.6258240904435,-29.389160036569592,-37.48863921138714,8.099479174817546,45.72556762092799,4100.264649999999,4168.919623015116,4031.609676984883,0.03348806912505816,30.578071428571516,0.9999999999962705,0.009095300548328744,0.008400939808618668,0.004841178351197997,0
2026-06-11 08:00:00+00:00,4104.761,4112.688,4084.534,4084.639,17403,4092.2816000000007,4082.7065000000002,4097.10855,4189.66488,4091.9139465071244,4119.81198526893,-27.89803876180531,-35.570519121470774,7.672480359665464,43.617051329133666,4097.10855,4162.285537542029,4031.9315624579713,0.03181609017512053,30.137714285714342,0.9213617229316191,0.0029206353259620954,0.00942618008271845,0.004692334343013867,0
2026-06-11 09:00:00+00:00,4084.363,4096.35,4077.373,4091.49,12691,4094.0202000000004,4087.1255000000006,4094.34225,4184.625779999999,4091.848723967567,4117.714060434194,-25.865336466627014,-33.62948259050202,7.764146123875008,47.556248117892714,4094.34225,4155.188696600924,4033.495803399076,0.029722208298988233,29.79464285714289,0.9999999999965089,0.0021291776201461943,0.010918390037802927,0.004689374387327862,0
2026-06-11 10:00:00+00:00,4091.436,4094.668,4086.417,4089.861,10382,4093.1142,4088.5456,4089.8653,4179.80614,4091.542920280249,4115.6508707724015,-24.107950492152668,-31.72517617083215,7.617225678679482,51.83091694321007,4089.8653,4135.680206662298,4044.050393337702,0.02240411519777815,28.905857142857194,0.9999999999969621,-0.0011063916465232637,0.0034843436400484595,0.004212749934358446,0
2026-06-11 11:00:00+00:00,4089.96,4096.125,4079.72,4080.475,15980,4090.2556000000004,4086.3792999999996,4087.6536,4174.8805600000005,4089.840163314056,4113.045250715187,-23.20508740113064,-30.021158416891854,6.816071015761214,52.60650476145153,4087.6536,4130.564864404722,4044.7423355952783,0.02099554835308062,28.919000000000064,0.999999999997032,-0.003490551845672374,-0.005280904737968384,0.0036714305028855724,0
2026-06-11 12:00:00+00:00,4080.457,4087.23,4057.426,4082.015,34973,4085.696,4087.7992999999997,4085.32255,4169.986559999999,4088.6362920349707,4110.746713625173,-22.110421590201895,-28.439011051553862,6.328589461351967,60.663612400401085,4085.32255,4123.6839882283675,4046.9611117716327,0.01878012703225474,28.481285714285768,0.9999999999974936,-0.0055539679883103155,0.0034908175519290374,0.0024256370705847113,1
2026-06-11 13:00:00+00:00,4081.709,4092.699,4067.063,4083.438,45688,4085.4557999999997,4088.8687,4083.3877999999995,4165.015020000001,4087.836554798821,4108.723845949234,-20.887291150412693,-26.928667071325627,6.041375920912934,60.80927483518983,4083.3877999999995,4117.612373742321,4049.1632262576777,0.016762832931186116,27.38950000000003,0.9999999999967193,-0.00029402843188830463,0.002625748144248652,0.002406898682484419,1
2026-06-11 14:00:00+00:00,4083.374,4085.515,4053.06,4073.363,45309,4081.8304,4087.9253,4081.4682999999995,4159.7014,4085.609854060541,4106.104524027068,-20.494669966527,-25.641867650365906,5.1471976838389075,49.22855780274991,4081.4682999999995,4113.2106818171005,4049.7259181828986,0.01555439341136178,26.71078571428575,0.6199006435577579,-0.004430415325468173,-0.0023106708464810666,0.002410895129221855,1
2026-06-11 15:00:00+00:00,4073.471,4095.596,4070.247,4088.7,33919,4081.5981999999995,4087.3561999999997,4080.8175499999998,4154.68252,4086.08526112815,4104.815300025062,-18.730038896912447,-24.259501899675218,5.529463002762771,45.12182726375091,4080.8175499999998,4111.321728933756,4050.313371066243,0.014950033202908936,24.79457142857148,0.48511057567429566,-0.0002838727281929687,-0.0013899503003010905,0.0025552136797498664,1
2026-06-11 16:00:00+00:00,4088.774,4107.598,4077.946,4080.411,21298,4081.5854,4085.9205,4080.6965000000005,4149.466820000001,4085.212297877665,4103.00757409728,-17.795276219614607,-22.9666567636631,5.171380544048493,55.63821596748493,4080.6965000000005,4111.186231286236,4050.2067687137646,0.014943395710137034,23.307500000000086,0.8302768177259826,-1.5684448501640524e-05,-0.0035061815467933855,0.0026212222327304155,1
2026-06-11 17:00:00+00:00,4080.07,4170.175,4071.843,4152.054,62695,4095.5932000000003,4090.6445999999996,4084.7684,4145.9225400000005,4095.4956366657166,4106.640642682666,-11.145006016949537,-20.60232661432039,9.457320597370853,72.2261456371626,4084.7684,4128.4764784412055,4041.0603215587944,0.021400517317557363,28.779214285714392,0.9999999999976125,0.017157947729246503,0.011508685048502887,0.006252071276940509,1
2026-06-11 18:00:00+00:00,4152.0,4171.774,4131.242,4161.903,36205,4111.2862,4098.371000000001,4090.5387499999997,4143.14704,4105.7121541017605,4110.734150632098,-5.021996530337674,-17.48626059752385,12.464264067186175,72.19435279330241,4090.5387499999997,4142.638679705592,4038.438820294407,0.02547338279369316,30.543928571428687,0.9989655216654619,0.019215425825003463,0.01891574751159153,0.005878567115080997,1
2026-06-11 19:00:00+00:00,4161.753,4220.001,4161.753,4208.99,35409,4138.4116,4110.121,4098.62325,4141.8755599999995,4121.60105347072,4118.012361696387,3.5886917743328013,-13.271270123152517,16.85996189748532,76.81242834748835,4098.62325,4169.329966762465,4027.916533237534,0.034502667090694654,32.284214285714405,0.9999999999971686,0.03329607501221954,0.028718144245739374,0.006586805945949347,0
2026-06-11 20:00:00+00:00,4209.103,4218.669,4208.041,4211.558,10325,4162.983200000001,4122.2907,4105.41815,4141.0637,4135.440583705994,4124.941668237396,10.49891546859817,-8.51723300480238,19.01614847340055,77.04774521065701,4105.41815,4191.32001887815,4019.51628112185,0.041848048476206996,31.51814285714298,0.9999999999970087,0.030048181573605337,0.029755778986131798,0.006539024268370214,0
2026-06-11 22:00:00+00:00,4220.214,4246.292,4205.307,4243.346,9881,4195.5702,4138.5778,4112.47855,4140.67066,4152.041416981994,4133.71235947907,18.329057502924115,-3.147974903257079,21.477032406181195,79.1477829817496,4112.47855,4218.176451261845,4006.780648738155,0.05140350276688733,33.100571428571584,0.9999999999971855,0.03993102655590319,0.03991471581127182,0.006400196977409227,0
2026-06-11 23:00:00+00:00,4243.411,4245.949,4214.267,4219.824,12254,4209.1242,4152.3587,4120.079,4139.66528,4162.469506677072,4140.090999517658,22.378507159413857,1.9573215092771097,20.42118565013675,78.0481934710171,4120.079,4233.810073572753,4006.3479264272464,0.05520820041205681,33.35257142857157,0.967683802331888,0.01632204205436616,0.03376004252801623,0.007011066214061667,0
2026-06-12 00:00:00+00:00,4220.036,4230.645,4200.704,4208.466,23682,4218.4368,4164.8615,4126.865100000001,4138.66554,4169.545890265215,4145.155814368201,24.390075897013958,6.443872386824482,17.946203510189477,73.82461485820451,4126.865100000001,4244.822034769345,4008.9081652306572,0.05716539402722123,34.13571428571446,0.8435556618086806,0.011187910914790766,0.030618317212113944,0.007218416616850621,0
2026-06-12 01:00:00+00:00,4208.246,4211.04,4171.376,4186.929,28248,4214.0246,4176.2181,4132.0716999999995,4137.19446,4172.220214839797,4148.250124415001,23.97009042479658,9.949115994418904,14.020974430377677,68.28697598360233,4132.0716999999995,4251.027006653823,4013.1163933461753,0.05757659367518913,36.379500000000135,0.6808081722016022,-0.005241399955808856,0.0278801570103131,0.00748689656319164,0
2026-06-12 02:00:00+00:00,4186.862,4199.948,4182.619,4191.45,16283,4210.003,4186.4931,4136.92465,4136.28332,4175.178643325982,4151.450115199074,23.728528126907804,12.704998420916686,11.023529705991118,71.29735891639199,4136.92465,4257.318004025876,4016.531295974124,0.058204276950452,36.445500000000166,0.7692813059977648,-0.00477448013300541,0.025130236994643784,0.007495736809298166,1
2026-06-12 03:00:00+00:00,4191.395,4205.024,4189.56,4197.316,14286,4200.7970000000005,4198.183599999999,4142.05205,4135.7865,4178.5843905066,4154.847588147291,23.736802359308967,14.911359208595144,8.825443150713824,71.766158353564,4142.05205,4263.614930367149,4020.489169632852,0.058696935190444374,35.42121428571444,0.7830590067934738,-0.010847571704027836,0.028650300178094668,0.00734200463725413,1
2026-06-12 04:00:00+00:00,4197.265,4201.135,4189.503,4190.154,9362,4194.863,4201.9936,4146.319100000001,4135.22902,4180.364330428662,4157.4628779141585,22.901452514503035,16.50937786977672,6.392074644726314,69.71825781036377,4146.319100000001,4268.368427715304,4024.269772284697,0.05887116971547301,34.42092857142877,0.7228725843997325,-0.007031098927348434,0.009176181234637149,0.005297647175786776,1
2026-06-12 05:00:00+00:00,4190.12,4193.023,4170.797,4173.069,17594,4187.783600000001,4203.1102,4150.740599999999,4134.91402,4179.241971901175,4158.618886957554,20.623084943620597,17.332119284545495,3.290965659075102,67.95779721337719,4150.740599999999,4269.750826494548,4031.7303735054506,0.05734409251907902,33.690285714285956,0.6711338290927016,-0.00841090316519133,0.00268290731427423,0.005491151434464982,1
2026-06-12 06:00:00+00:00,4173.137,4185.681,4172.335,4184.041,14479,4187.206,4200.6152999999995,4155.36815,4135.11086,4179.9802839163785,4160.50200644218,19.478277474198876,17.761350922476172,1.716926551722704,67.44593719235732,4155.36815,4271.8483811744,4038.887918825601,0.05606253259384465,32.83292857142877,0.5022517521338317,-0.0006897656970060728,-0.005927550314921093,0.0040501339560559246,1
2026-06-12 07:00:00+00:00,4184.095,4194.089,4170.097,4194.089,16689,4187.7338,4198.8684,4160.57955,4135.29792,4182.150855621551,4162.989931890907,19.160923730643844,18.041265484109708,1.1196582465341365,70.66827632851663,4160.57955,4274.005857106371,4047.15324289363,0.05452428237136847,32.42864285714307,0.27537015904386797,0.0006296150496845065,-0.004147871167867079,0.00414741293864358,0
2026-06-12 08:00:00+00:00,4194.426,4226.075,4191.831,4219.734,25116,4192.2173999999995,4196.5072,4167.5425,4136.19852,4187.93287783362,4167.193196195284,20.73968163833615,18.580948714954996,2.158732923381155,64.77677635715801,4167.5425,4277.302151778492,4057.7828482215077,0.05267356087118108,27.850928571428735,0.0,0.005341032221543696,-0.005564476712480948,0.0038565006986395712,0
2026-06-12 09:00:00+00:00,4219.52,4227.953,4217.317,4221.963,15324,4198.5792,4196.721100000001,4174.5399,4136.53632,4193.168281243833,4171.250218699337,21.918062544496024,19.248371480863202,2.669691063632822,63.56442083581772,4174.5399,4279.060334599217,4070.0194654007823,0.0500751877346853,25.715500000000183,0.0,0.007591367763571277,0.000506893178483292,0.0034385225062679523,0
2026-06-12 10:00:00+00:00,4221.906,4225.491,4202.821,4210.772,13933,4206.1197999999995,4196.9517,4180.9066,4136.6714600000005,4195.876545667858,4174.1777580549415,21.69878761291693,19.73845470727395,1.9603329056429821,50.48034416578618,4180.9066,4277.254639546158,4084.558560453843,0.046089544093693674,23.174214285714438,0.0,0.009034837430198062,0.0005479431222681352,0.0034349120215672545,1
2026-06-12 11:00:00+00:00,4210.905,4215.412,4197.449,4207.056,12329,4210.7228,4198.9644,4187.5912499999995,4137.09142,4197.5964617189575,4176.6131833842055,20.983278334751958,19.987419432769553,0.9958589019824053,48.79393484783528,4187.5912499999995,4270.0769256276235,4105.1055743723755,0.03939528511892082,23.698142857143075,0.0,0.005500663114916815,0.004807103249183209,0.002952863703164594,1
2026-06-12 12:00:00+00:00,4207.005,4215.404,4188.479,4191.912,17403,4210.2874,4199.0106,4192.751850000001,4137.54766,4196.72192914681,4177.74642905945,18.97550008736016,19.785035563687675,-0.8095354763275147,34.8719969881644,4192.751850000001,4260.846235663293,4124.6574643367085,0.03248195366644085,22.693857142857333,0.0,-0.0005190638539143144,0.00011022438535590595,0.0032076726100345814,1
2026-06-12 13:00:00+00:00,4191.859,4210.208,4182.772,4186.538,35978,4203.6482000000005,4197.9328000000005,4198.0582,4137.90712,4195.155170816532,4178.397656536527,16.757514280004216,19.179531306950985,-2.4220170269467687,39.03969759232901,4198.0582,4241.295644301609,4154.820755698392,0.02059878269510831,22.39057142857161,0.10699410802269715,-0.007866846583220788,-0.0025678314427601823,0.003191171930318986,1
2026-06-12 14:00:00+00:00,4186.2,4208.608,4177.001,4204.094,37193,4200.0743999999995,4199.3268,4200.6602,4138.49886,4196.530375306296,4180.301089385674,16.229285920622715,18.58948222968533,-2.3601963090626157,48.61685838300232,4200.6602,4238.1179662110835,4163.202433788917,0.017834228158270574,22.509571428571558,0.3725484165006929,-0.004232391425505022,0.003326846698235908,0.0034290310278995125,1
2026-06-12 15:00:00+00:00,4204.153,4235.697,4200.213,4211.943,29892,4200.3086,4203.2142,4203.162200000001,4139.7825,4198.901548336096,4182.6449346163645,16.25661371973183,18.12290852769463,-1.8662948079627988,58.66387730503341,4203.162200000001,4236.136292315793,4170.188107684208,0.015690135544039866,22.211000000000176,0.6448684408671024,0.00027809627308261753,0.00931544625789793,0.0030756905979165213,1
2026-06-12 16:00:00+00:00,4212.002,4233.121,4207.925,4216.161,22150,4202.1296,4206.4262,4203.52075,4141.1694,4201.556848592081,4185.127606126263,16.42924246581788,17.78417531531928,-1.3549328495014024,58.57693242164463,4203.52075,4236.914936433189,4170.126563566811,0.0158886744799293,22.772928571428697,0.6425118380830618,0.0021642212511552295,0.007676789018080887,0.003018421221284388,1
2026-06-12 17:00:00+00:00,4216.217,4226.612,4213.913,4221.449,12038,4208.036999999999,4209.162200000001,4204.0153,4142.01038,4204.617179577915,4187.81807974654,16.799099831374406,17.587160218530308,-0.7880603871559018,58.41005875506178,4204.0153,4238.194390814305,4169.836209185695,0.016260212380437723,22.575428571428738,0.657556098024349,0.0070461879924959,0.006523466717086812,0.0029709116837264462,1
2026-06-12 18:00:00+00:00,4221.513,4235.376,4214.062,4215.731,10599,4213.875599999999,4208.7619,4202.634550000001,4143.83082,4206.3269981043895,4189.885703469019,16.44129463537047,17.357987101898342,-0.9166924665278735,59.00389346137849,4202.634550000001,4232.018480212528,4173.250619787474,0.013983576189144042,23.26700000000015,0.6741453837618092,0.006973064618068792,-0.0009486379947173385,0.00231134006764428,1
2026-06-12 19:00:00+00:00,4215.678,4219.045,4201.711,4210.598,10039,4215.1764,4207.6254,4202.17325,4145.47006,4206.984075319098,4191.419947656499,15.564127662599276,16.99921521403853,-1.4350875514392527,64.42524273337374,4202.17325,4230.698054813353,4173.648445186646,0.013576215503895997,22.917571428571527,0.8255954610291624,0.0015470634100949177,-0.002691875793321641,0.00232513674246322,1
2026-06-12 20:00:00+00:00,4210.541,4219.338,4209.293,4218.707,4594,4216.5292,4208.4189,4202.685299999999,4147.401540000001,4208.787602193083,4193.441210793055,15.346391400028551,16.668650451236534,-1.3222590512079826,63.62464431133967,4202.685299999999,4232.041295023842,4173.329304976156,0.013970113357687388,22.681785714285848,0.8032300521993868,0.0016059096716172228,0.0018844525421941594,0.002253131515889891,1
2026-06-14 22:00:00+00:00,4270.421,4309.049,4269.297,4285.833,13384,4230.4636,4216.2966,4207.6305,4150.88314,4220.640740317224,4200.285047030607,20.35569328661768,17.406059018312764,2.9496342683049157,74.89039371445935,4207.6305,4254.128055279343,4161.132944720657,0.0221015392294276,27.421071428571526,0.9999999999975011,0.016524985644523538,0.018724970620785708,0.005410710082112854,1
2026-06-14 23:00:00+00:00,4285.78,4295.216,4281.145,4293.982,6672,4244.9702,4226.5036,4212.7571,4154.72848,4231.924011037651,4207.225562065376,24.6984489722754,18.86453700910529,5.8339119631701095,72.2565947242206,4212.7571,4272.473517550105,4153.040682449895,0.028350278040053523,25.98014285714297,0.9341852946197224,0.01718201499058747,0.024349270690796843,0.005061180768251676,1
2026-06-15 00:00:00+00:00,4294.15,4308.27,4291.614,4292.732,12597,4260.370400000001,4237.1230000000005,4217.5279,4158.92648,4241.279086262628,4213.559372282755,27.719713979872722,20.635572403258777,7.084141576613945,71.33897395384187,4217.5279,4286.568065886605,4148.487734113395,0.032739636831616396,26.410142857143,0.9112553212714025,0.01826515970777076,0.02536558846474124,0.004989844847367412,1
2026-06-15 01:00:00+00:00,4292.521,4319.66,4285.464,4316.668,23300,4281.5844,4248.3804,4223.8536,4163.84752,4252.877380683763,4221.197048409958,31.680332273804197,22.844524377367865,8.835807896436332,79.65178141415495,4223.8536,4304.53520400623,4143.171995993771,0.0382028411241476,27.233428571428703,0.9999999999977668,0.025191196119886072,0.026777231907754606,0.005060044895423652,0
2026-06-15 02:00:00+00:00,4316.613,4335.518,4315.961,4329.676,12382,4303.778199999999,4260.1537,4231.683950000001,4169.511119999999,4264.692552886261,4229.232526305517,35.46002658074394,25.367624818043083,10.09240176270086,82.63635299002456,4231.683950000001,4321.494561189951,4141.87333881005,0.042446748032754465,27.347285714285785,0.9999999999979063,0.02630403106923529,0.02795218263874899,0.005053129257103793,0
2026-06-15 03:00:00+00:00,4329.429,4331.207,4321.321,4324.815,8914,4311.5746,4271.0190999999995,4238.722650000001,4175.06142,4273.942160134528,4236.312709542146,37.629450592382454,27.81998997291096,9.809460619471494,87.42165282275042,4238.722650000001,4334.667720663083,4142.777579336918,0.045270747149772736,26.130214285714374,0.9999999999979331,0.009095548053319025,0.02577083749885256,0.0051789103232810435,1
2026-06-15 04:00:00+00:00,4325.161,4330.039,4320.524,4328.401,6255,4318.4583999999995,4281.7143,4245.43825,4180.11624,4282.320443190754,4243.134064390875,39.186378799879094,30.093267738304586,9.093111061574508,90.35082230199029,4245.43825,4346.874231216863,4144.002268783137,0.047785870500819644,24.850142857142924,0.9999999999976038,0.008015636767923162,0.02533537654961604,0.005192541218820493,1
2026-06-15 05:00:00+00:00,4328.128,4333.071,4307.424,4310.212,11032,4321.9544,4291.162399999999,4249.96215,4184.27772,4286.611451930638,4248.102800361921,38.50865156871714,31.7763445043871,6.7323070643300404,80.07538827797312,4249.96215,4354.591413947653,4145.332886052348,0.049237739186760686,24.42442857142864,0.6782971700414122,0.004071998904194407,0.022411534322280158,0.005497593719809982,1
2026-06-15 06:00:00+00:00,4310.234,4313.566,4300.661,4308.287,12822,4320.278200000001,4300.931299999999,4254.27835,4189.08716,4289.946151633617,4252.560889224002,37.38526240961528,32.89812808543274,4.487134324182541,78.25403528528528,4254.27835,4361.142590221024,4147.414109778975,0.050238480620819925,22.81164285714288,0.62127433181132,-0.0019415438018396403,0.023200742507358818,0.0054490282832037286,1
2026-06-15 07:00:00+00:00,4308.347,4325.418,4305.395,4323.013,10190,4318.945600000001,4311.361900000001,4259.8904,4194.09254,4295.033359074599,4257.779564096298,37.2537949783009,33.76926146400637,3.484533514294533,79.51647477403812,4259.8904,4368.901828900421,4150.87897109958,0.051180391354867,22.44214285714283,0.660798730997772,-0.0015389142282241641,0.02472463719333895,0.005457781011318591,1
2026-06-15 08:00:00+00:00,4322.95,4345.497,4321.682,4334.368,11128,4320.8562,4316.215399999999,4266.256,4199.12396,4301.084842293891,4263.452781570646,37.63206072324465,34.54182131585403,3.0902394073906194,80.18078697392976,4266.256,4377.129666426944,4155.382333573057,0.0519770339271453,23.236142857142827,0.6755651764216146,0.0022088806110782677,0.011324519644139386,0.002778632563903981,1
2026-06-15 09:00:00+00:00,4334.375,4343.445,4334.07,4336.833,9567,4322.542600000001,4320.5005,4273.50205,4203.9728,4306.584558864061,4268.8883533061535,37.69620555790789,35.1726981642648,2.5235073936430865,82.94073485730443,4273.50205,4382.849959121565,4164.154140878435,0.05117484809516586,22.38335714285709,0.7227404738773223,0.0019480634996618118,0.009979315236999131,0.0027694790025617638,1
2026-06-15 10:00:00+00:00,4336.896,4341.683,4335.236,4338.012,7360,4328.1026,4325.028499999999,4281.07575,4208.83768,4311.419549808052,4274.008623431624,37.4109263764276,35.62034380669736,1.7905825697302333,85.41953920740099,4281.07575,4385.9537782661955,4176.197721733804,0.04899610957185027,21.605714285714253,0.8154886532449227,0.0064497987569982485,0.010548061234663564,0.002746009866560728,1
2026-06-15 11:00:00+00:00,4338.372,4347.609,4331.873,4335.232,9605,4333.4916,4326.8849,4287.63265,4213.446059999999,4315.083003683736,4278.543688362615,36.53931532112074,35.80413810958204,0.7351772115386979,83.38155670782356,4287.63265,4388.56932080801,4186.695979191989,0.04708270462863026,22.012214285714304,0.633425142752687,0.006254225867496688,0.004300539212188648,0.0022709576421988454,1
2026-06-15 12:00:00+00:00,4335.16,4349.445,4324.652,4348.856,11357,4338.6602,4328.802900000001,4294.4783,4218.7303999999995,4320.278849270853,4283.752007743162,36.52684152769143,35.94867879320392,0.5781627344875133,76.03546140308839,4294.4783,4392.324712063655,4196.631887936344,0.04556847431906009,17.330142857142878,0.24702950303510132,0.005978006543121639,0.004429892675571923,0.0022875837520711225,0
2026-06-15 13:00:00+00:00,4349.026,4368.718,4341.294,4355.374,19174,4342.8614,4331.8588,4301.438950000001,4224.0080800000005,4325.678103229183,4289.057340502928,36.620762726254725,36.08309557981408,0.5376671464406471,75.70811209192468,4301.438950000001,4395.562939347724,4207.3149606522775,0.043763954547221075,18.283928571428596,0.22981132912757202,0.004846381294804525,0.00706596698355888,0.0022376988151372713,0
2026-06-15 14:00:00+00:00,4355.224,4369.363,4353.798,4356.854,17926,4346.8656,4334.7041,4308.209199999999,4229.34794,4330.474395040077,4294.079315280489,36.39507975958804,36.14549241576887,0.24958734381917225,76.79968570282199,4308.209199999999,4397.460478009681,4218.957921990318,0.041433121682986664,18.206,0.07454723853918074,0.004616502410860868,0.006573559150365282,0.002240070499354329,0
2026-06-15 15:00:00+00:00,4356.799,4360.694,4349.518,4356.379,12527,4350.539,4339.3207999999995,4315.241599999999,4234.86602,4334.459718880065,4298.6941067411935,35.7656121388718,36.06951636038946,-0.30390422151765506,70.6460367470442,4315.241599999999,4395.5259953335035,4234.957204666495,0.037209687324808935,16.56171428571432,0.0,0.004233967079851464,0.010711074072458526,0.0015075652098867592,0
2026-06-15 16:00:00+00:00,4356.324,4358.829,4334.432,4339.044,10079,4351.301399999999,4342.396500000001,4321.6639,4240.006600000001,4335.164992898516,4301.682987723328,33.48200517518853,35.552014123349274,-2.0700089481607407,54.66078926943791,4321.6639,4385.584701516305,4257.743098483694,0.02958156996720907,16.907428571428618,0.0,0.0008793070359325306,0.007139032288238756,0.0021700020370854496,0
2026-06-15 17:00:00+00:00,4339.099,4339.26,4320.386,4324.63,10088,4346.4562,4342.5581999999995,4326.96005,4244.83044,4333.544224760283,4303.382766410488,30.161458349794884,34.4739029686384,-4.312444618843514,49.91594806044493,4326.96005,4368.649547632306,4285.270552367693,0.01926964758193526,17.54942857142857,0.0,-0.005570660421959195,0.00037404467671042774,0.002280611244847725,0
2026-06-15 18:00:00+00:00,4324.692,4328.088,4317.841,4325.846,7497,4340.5506,4341.706,4328.9607000000005,4249.8801,4332.35988248947,4305.046709639341,27.313172850128467,33.04175694493641,-5.7285840948079425,48.813625430670065,4328.9607000000005,4365.911085991037,4292.010314008964,0.017071250377041516,17.601714285714284,0.0,-0.006779670356667489,-0.0019661459294644246,0.002098327712182076,0
2026-06-15 19:00:00+00:00,4325.667,4326.871,4316.444,4320.65,7051,4333.3098,4340.0877,4330.2941,4254.5190999999995,4330.558362106474,4306.202508925316,24.355853181158636,31.304576192180853,-6.948723011022217,55.51178607637678,4330.2941,4363.682788717529,4296.9054112824715,0.015420979705525575,16.514571428571408,0.1829802880087151,-0.008309665644063546,-0.0037315248246819754,0.0021014108567451615,0
2026-06-15 20:00:00+00:00,4320.591,4322.159,4306.356,4308.932,4909,4323.8204,4337.1797,4331.1041,4259.0895199999995,4327.231229474709,4306.404693449366,20.826536025342648,29.208968158813217,-8.38243213347057,50.30866856174785,4331.1041,4361.2881930495405,4300.920006950459,0.013938290261617556,16.72157142857142,0.0408415738558628,-0.010891384794573633,-0.006703531479396507,0.002208963377134412,1
2026-06-15 22:00:00+00:00,4311.426,4315.636,4305.855,4311.993,4864,4318.4102,4334.855799999999,4330.87035,4262.288299999999,4324.886886478599,4306.818642082747,18.06824439585216,26.980823406221006,-8.912579010368844,44.06352353042603,4330.87035,4361.592767245087,4300.147932754913,0.014187641172443291,15.990000000000107,0.0,-0.006234322583499874,-0.005360497431279199,0.002251868544828072,1
2026-06-15 23:00:00+00:00,4311.941,4319.132,4311.588,4315.757,4924,4316.6356,4331.545899999999,4330.1744,4265.36538,4323.482288558815,4307.4807426692105,16.00154588960413,24.78496790289763,-8.7834220132935,39.081255500146014,4330.1744,4361.632535337422,4298.7162646625775,0.014529731337113069,14.827785714285776,0.0,-0.0020517362178962273,-0.007610967114110023,0.0019316104886969011,1
2026-06-16 00:00:00+00:00,4315.7,4320.73,4306.666,4319.217,10081,4315.3098,4327.9302,4329.8945,4267.56992,4322.826090318998,4308.350095064084,14.475995254913869,22.72317337330088,-8.247178118387012,39.784272790535766,4329.8945,4361.651612393624,4298.137387606376,0.014668769594097077,15.162714285714303,0.01517141409098341,-0.0015324170116087776,-0.008301698086088605,0.001851890427663018,0
2026-06-16 01:00:00+00:00,4319.09,4325.776,4312.162,4313.489,14966,4313.8776,4323.593699999999,4329.1489,4269.60854,4321.3896148853055,4308.730754688967,12.658860196338537,20.710310737908415,-8.051450541569878,36.491533453050984,4329.1489,4361.742841612745,4296.554958387255,0.015057898153027195,15.674642857142837,0.0,-0.0016573895131519745,-0.009953282804519237,0.001809231195140202,1
2026-06-16 02:00:00+00:00,4313.464,4320.754,4307.777,4318.59,8169,4315.8092,4319.8148,4329.5678,4271.11342,4320.958904902951,4309.46106915645,11.497835746500641,18.86781573962686,-7.369979993126218,41.06133848963379,4329.5678,4361.342031649036,4297.793568350964,0.014677784534999431,15.477571428571341,0.11337173205694218,0.0022413906740696987,-0.008674405968810306,0.0019223399190558474,1
2026-06-16 03:00:00+00:00,4318.74,4333.13,4315.568,4330.277,7579,4319.466,4318.938099999999,4330.6673,4273.32248,4322.392457994804,4311.002989959677,11.38946803512772,17.372146198727034,-5.982678163599314,39.80889274077667,4330.6673,4360.821503848363,4300.513096151637,0.013925892597828084,14.961071428571358,0.08229995925294002,0.0042402666238092745,-0.002020491149663295,0.001882671072237335,1
2026-06-16 04:00:00+00:00,4330.277,4331.926,4321.045,4322.672,6237,4320.849,4318.7423,4330.65025,4275.6066,4322.435464457142,4311.867361073775,10.568103383367088,16.011337635655046,-5.443234252287958,32.273417172593255,4330.65025,4360.823056668678,4300.477443331321,0.01393453866133765,13.779428571428525,0.0,0.0016022681536518313,-0.0004527554958460023,0.0016442607936774892,1
2026-06-16 05:00:00+00:00,4322.727,4330.987,4314.291,4315.715,9428,4320.1485999999995,4317.7292,4329.7176,4278.18232,4321.401546848351,4312.1523713646075,9.249175483743784,14.658905205272793,-5.409729721529009,28.94992682951775,4329.7176,4360.552423283223,4298.882776716777,0.014243341544133575,13.860214285714196,0.0,-0.0008107951047607864,-0.0023419696401580925,0.0017100828120526154,1
2026-06-16 06:00:00+00:00,4315.956,4324.381,4313.436,4323.745,9652,4322.1998,4318.0387,4329.0632,4280.828219999999,4321.762078102451,4313.011084596859,8.750993505591396,13.477322865336514,-4.726329359745119,34.500151987232925,4329.0632,4359.817620475459,4298.30877952454,0.014208349037482053,13.843714285714213,0.2089546934991232,0.002377657622402829,0.0007163274044414969,0.001789748355669287,1
2026-06-16 07:00:00+00:00,4323.803,4335.549,4322.536,4334.95,8834,4325.4718,4320.6404999999995,4328.910099999999,4283.5809,4323.790989163612,4314.636189441537,9.15479972207504,12.61281823668422,-3.4580185146091793,47.935284743095714,4328.910099999999,4359.507031046004,4298.313168953994,0.014136089842108302,13.030571428571355,0.714760127936132,0.0037882734874112867,0.006038155162346515,0.0016533319441039034,1
2026-06-16 08:00:00+00:00,4334.896,4348.06,4332.728,4346.825,8641,4328.7814,4324.123699999999,4329.48975,4286.71432,4327.334683138441,4317.020545779201,10.314137359239794,12.153082061195336,-1.8389447019555423,61.48773847603072,4329.48975,4361.016097343006,4297.963402656994,0.014563539430024478,12.777571428571393,0.9999999999969266,0.003821464539104591,0.008077935191453056,0.001787012721991766,0
2026-06-16 09:00:00+00:00,4346.883,4348.443,4338.234,4345.1,7262,4333.267,4327.058,4329.30195,4290.154939999999,4330.06780880945,4319.100505351112,10.967303458338392,11.91592634062395,-0.9486228822855569,59.91329598813791,4329.30195,4360.384177546543,4298.2197224534575,0.014359001938657813,12.77485714285714,0.9516119121626084,0.005188457509614608,0.006799038963500648,0.0018264305152797212,0
2026-06-16 10:00:00+00:00,4345.459,4349.007,4342.022,4348.747,5610,4339.8733999999995,4330.0109999999995,4328.9706,4293.44906,4332.941530531073,4321.29654199177,11.644988539303085,11.861738780359778,-0.21675024105669216,64.70077331184712,4328.9706,4359.006229546858,4298.934970453141,0.01387656896854796,12.528999999999996,0.9999999999972028,0.00765388817380197,0.0068368873339776925,0.0018267493408059188,0
2026-06-16 11:00:00+00:00,4348.811,4349.508,4335.035,4340.805,8704,4343.2854,4332.7426,4328.1681499999995,4296.38338,4334.151295064755,4322.741612955343,11.409682109411733,11.77132744617017,-0.36164533675843735,67.36248052556502,4328.1681499999995,4355.830973079899,4300.5053269201,0.012782693334083928,12.434000000000001,0.9999999999973966,0.0039456535942801185,0.006332692630026671,0.001893494879679901,0
2026-06-16 12:00:00+00:00,4340.753,4355.033,4337.598,4354.539,10471,4347.2032,4336.3375,4328.07615,4299.079479999999,4337.287865054793,4325.096974958651,12.19089009614163,11.855239976164464,0.3356501199771653,70.7622486824127,4328.07615,4355.353483372376,4300.798816627624,0.012604830611576108,12.980714285714255,0.9999999999976084,0.0045188525819213066,0.008324244718762364,0.002054225133144983,0
2026-06-16 13:00:00+00:00,4354.478,4354.952,4331.551,4331.63,17689,4344.1642,4336.4728,4327.70545,4301.27282,4336.417424277132,4325.580902739492,10.836521537640692,11.651496288459711,-0.8149747508190188,56.52645861601113,4327.70545,4354.553322000204,4300.857577999796,0.012407439605301235,14.11335714285711,0.6595312234381003,-0.003495654874534848,0.00031245114342581815,0.0026921686271848644,1
2026-06-16 14:00:00+00:00,4331.983,4338.948,4313.05,4323.88,20405,4339.9202000000005,4336.5936,4327.66795,4303.53498,4334.488589772958,4325.454909943974,9.033679828984532,11.127932996564676,-2.0942531675801437,51.85194010882105,4327.66795,4354.535996554899,4300.799903445101,0.012416870640409777,14.958642857142877,0.547733592978235,-0.004883662056109239,0.0002794567804358383,0.002694621133942752,1
2026-06-16 15:00:00+00:00,4323.933,4343.585,4320.893,4335.423,14995,4337.2554,4338.5644,4328.1468,4306.10232,4334.632345192503,4326.193286985162,8.439058207341077,10.590158038719958,-2.1510998313788807,58.32662667982707,4328.1468,4355.218719805203,4301.0748801947975,0.012509704987456951,15.607071428571478,0.7025847536903792,-0.003063871041474875,0.004566566605996858,0.0027444332267775088,0
2026-06-16 16:00:00+00:00,4335.366,4347.111,4334.889,4340.746,11744,4337.2436,4340.264499999999,4329.1516,4309.079000000001,4335.57290747058,4327.271265727001,8.30164174357833,10.132454779691633,-1.8308130361133035,58.3967498408272,4329.1516,4356.541830178359,4301.761369821641,0.012653855863287005,15.5531428571429,0.7042618468986126,-1.359194895877991e-05,0.003932008016198862,0.002715669758259166,0
2026-06-16 17:00:00+00:00,4340.663,4341.339,4325.178,4340.13,10129,4334.361800000001,4340.7825,4330.711499999999,4312.15084,4336.273998628952,4328.223764562038,8.050234066913617,9.71601063713603,-1.6657765702224125,54.076170145870144,4330.711499999999,4356.774559767098,4304.648440232901,0.012036386984955624,15.453071428571482,0.6009291568330506,-0.0033089610633868505,0.0011949388112897363,0.0026054383962747824,0
2026-06-16 18:00:00+00:00,4340.184,4342.955,4336.114,4338.374,6342,4335.7106,4339.9374,4332.03055,4314.83644,4336.597075762958,4328.975633853738,7.621441909220266,9.297096891552878,-1.6756549823326115,56.82624421799487,4332.03055,4356.739927963845,4307.321172036156,0.0114077579456795,15.164500000000057,0.6667010142724322,0.0015569196815055086,-0.0019441776469032446,0.002438945990050036,0
2026-06-16 19:00:00+00:00,4338.442,4343.049,4330.499,4334.144,6937,4337.763400000001,4338.8418,4332.9499000000005,4317.28046,4336.219679491734,4329.358475790498,6.861203701235354,8.809918253489373,-1.9487145522540192,58.206349913167564,4332.9499000000005,4356.448444679732,4309.451355320269,0.010846441903116313,14.868357142857219,0.6537459244330034,0.002373793907324062,-0.002521460956019461,0.0024511664967297535,1
2026-06-16 20:00:00+00:00,4333.797,4334.996,4329.508,4331.122,3628,4336.9032,4337.0793,4333.54515,4319.57968,4335.43542110839,4329.489107213425,5.946313894964987,8.237197381784496,-2.2908834868195083,53.43829525434181,4333.54515,4356.1657034603995,4310.9245965396,0.010439745140488316,14.478571428571481,0.24107500786574798,-0.0009920600596526885,-0.004052891557039251,0.002423314265382889,1
2026-06-16 22:00:00+00:00,4335.09,4336.26,4328.839,4335.315,3067,4335.817,4336.5303,4334.63645,4321.857,4335.416894784022,4329.920654827246,5.496239956775753,7.689005896782747,-2.1927659400069937,50.182017653218864,4334.63645,4355.19491265479,4314.07798734521,0.009485668702292099,14.079142857142935,0.0,-0.001251167426060018,-0.0012647423692150328,0.0024020268725415293,0
2026-06-16 23:00:00+00:00,4335.609,4338.309,4329.632,4331.153,3248,4334.0216,4334.1917,4335.2646,4324.16544,4334.760910971096,4330.011939654857,4.748971316238567,7.100998980673911,-2.3520276644353437,41.53340824617508,4335.2646,4354.4827041554145,4316.046495844586,0.008865942879433028,13.60378571428581,0.0,-0.0020683712239033536,-0.005370488127445783,0.002111234310432606,0
2026-06-17 00:00:00+00:00,4331.294,4341.604,4328.401,4336.952,8828,4333.7372000000005,4334.7239,4335.59835,4326.6925200000005,4335.098001590927,4330.5260181989415,4.571983391985668,6.5951958629362615,-2.023212470950593,45.78374350588851,4335.59835,4354.683131142987,4316.5135688570135,0.00880375883664901,13.817642857142996,0.14541580152558384,-0.00032777257101379575,0.0012286367949247978,0.0013725339058068854,0
2026-06-17 01:00:00+00:00,4336.898,4349.853,4334.279,4341.053,12814,4335.119000000001,4336.441199999999,4336.5174,4329.13944,4336.014155192323,4331.30579462865,4.708360563673523,6.217828803083714,-1.5094682394101913,46.03728883395105,4336.5174,4354.731661403805,4318.303138596194,0.008400409694565378,14.43114285714299,0.15409029303046518,0.0015940863986059206,0.003971664338510816,0.0012121387681167854,0
2026-06-17 02:00:00+00:00,4341.022,4344.449,4329.631,4331.801,8885,4335.254800000001,4336.079,4337.3216999999995,4330.0588,4335.365977470427,4331.342476508009,4.023500962418439,5.77896323495066,-1.7554622725322213,45.424331741030485,4337.3216999999995,4352.897817861102,4321.745582138897,0.007182366879128579,14.4557857142858,0.1331193245017742,0.00015677230980792878,-0.000835443277391712,0.001161768279486503,0
2026-06-17 03:00:00+00:00,4331.732,4334.134,4328.479,4332.318,6766,4334.655400000001,4335.2362,4337.75035,4330.825519999999,4334.897057859592,4331.414737507415,3.48232035217643,5.319634658395814,-1.8373143062193842,36.95537318164188,4337.75035,4352.183198429949,4323.317501570052,0.006654531619113827,13.614357142857184,0.0,-0.0006912992481513669,-0.0019416017431105326,0.0010722418947301214,0
2026-06-17 04:00:00+00:00,4332.111,4334.038,4317.419,4326.575,6564,4333.7398,4333.8807,4337.3315999999995,4331.50238,4333.616741265809,4331.056238432791,2.560502833017381,4.767808293320128,-2.207305460302747,46.283470819180046,4337.3315999999995,4352.570043398948,4322.093156601051,0.007026644399956979,13.129928571428602,0.4350512462780032,-0.0010569933687404331,-0.0031231783379761513,0.0011296753932637064,1
2026-06-17 05:00:00+00:00,4326.631,4334.334,4321.059,4326.605,8672,4331.670400000001,4332.7038,4336.320600000001,4331.70112,4332.5380118403,4330.7265170674,1.811494772900005,4.176545589236103,-2.3650508163360984,52.260022890506725,4336.320600000001,4351.590047519109,4321.051152480893,0.00704258237691573,12.228285714285708,0.713790441353824,-0.0023857769235169357,-0.002712767502294655,0.0011334244241123126,1
2026-06-17 06:00:00+00:00,4326.575,4331.809,4320.421,4331.526,9621,4329.764999999999,4332.442,4335.6419000000005,4331.73812,4332.3823177110235,4330.78573802537,1.5965796856535235,3.6605524085195875,-2.063972722866064,46.36914189881667,4335.6419000000005,4350.468538770236,4320.815261229765,0.006839420372902636,11.42085714285713,0.4390468423163539,-0.0021946288147138837,-0.0006040408440514122,0.0011833876322990397,0
2026-06-17 07:00:00+00:00,4331.523,4332.908,4324.569,4325.362,7926,4328.477199999999,4331.866,4334.47265,4331.74906,4331.3022688324045,4330.38397965312,0.9182891792843293,3.112099762672536,-2.1938105833882067,35.88779216966876,4334.47265,4348.620579501184,4320.324720498816,0.006528097253622805,11.143500000000001,0.0,-0.0014864487080548106,-0.0013299094322442029,0.0012473575980115831,1
2026-06-17 08:00:00+00:00,4325.418,4327.707,4317.102,4324.578,9295,4326.9292000000005,4330.7923,4333.661300000001,4331.6726,4330.267765935111,4329.953907086223,0.31385884888823057,2.552451579915675,-2.2385927310274445,35.777517650070905,4333.661300000001,4348.137547218043,4319.185052781958,0.006680839233118089,10.746642857142888,0.0,-0.0017865724538226324,-0.002476636645779906,0.0011861393526897204,1
2026-06-17 09:00:00+00:00,4324.511,4335.834,4321.4,4329.707,7703,4327.5556,4330.6476999999995,4332.4197,4332.0625,4330.181494252786,4329.935617672429,0.24587658035761706,2.0911365800040635,-1.8452599996464465,42.53449790686864,4332.4197,4343.124789337718,4321.714610662283,0.0049418523961181566,11.28900000000002,0.3012631320929366,0.0007238982335913136,-0.00033386029078164015,0.0012359535648644308,1
2026-06-17 10:00:00+00:00,4329.769,4335.314,4326.926,4331.511,6109,4328.5368,4330.1036,4332.41375,4332.52698,4330.386033598511,4330.052312659656,0.3337209388546398,1.7396534517741786,-1.4059325129195388,47.633088222074456,4332.41375,4343.120819536283,4321.706680463716,0.00494277331489108,10.991714285714286,0.671293803567822,0.0011339144664237466,-0.001254567724060518,0.001153920513072816,1
2026-06-17 11:00:00+00:00,4331.293,4331.887,4320.789,4323.362,7170,4326.904,4328.3345,4332.387850000001,4332.53396,4329.305413044894,4329.556733944126,-0.25132089923226886,1.341458581572889,-1.5927794808051579,43.612958451306625,4332.387850000001,4343.18397238928,4321.591727610722,0.00498391315047148,11.39242857142855,0.47537923919270675,-0.0018847861007875721,-0.004075278509614977,0.0012075488915974178,1
2026-06-17 12:00:00+00:00,4323.424,4335.613,4319.796,4333.476,9237,4328.526800000001,4328.502,4332.2905,4332.516119999999,4329.947041807217,4329.847049948265,0.09999185895230767,1.0931652370487728,-0.9931733780964651,48.62079827206048,4332.2905,4343.00620046349,4321.57479953651,0.0049468983963517985,11.992142857142815,0.7792068277584279,0.0018759123513822917,0.00038667519583635013,0.0013207705443232744,1
2026-06-17 13:00:00+00:00,4333.417,4345.332,4323.912,4339.977,14708,4331.6066,4329.267900000001,4332.25205,4332.579000000001,4331.490112298414,4330.597416618763,0.8926956796503873,1.0530713255690958,-0.16037564591870845,56.393461627637194,4332.25205,4342.844816717365,4321.659283282635,0.004890189488104512,12.902357142857065,0.9999999999951494,0.00356080986399121,0.0017678757653523114,0.0013998653907047178,0
2026-06-17 14:00:00+00:00,4339.921,4364.018,4330.979,4344.637,24462,4334.5926,4331.0741,4332.477400000001,4332.711499999999,4333.5127104063495,4331.637385758115,1.8753246482347095,1.2175219901022185,0.657802658132491,55.6616422814537,4332.477400000001,4343.932493969707,4321.022306030294,0.005288010951750823,14.319214285714159,0.9645022635356263,0.003448270287111699,0.0041746647174727425,0.0013167576794006434,0
2026-06-17 15:00:00+00:00,4344.602,4364.954,4343.802,4363.739,14201,4341.0382,4334.7875,4333.74565,4333.28164,4338.162908805372,4334.015283109366,4.1476256960067985,1.8035427312831347,2.344082964723664,63.68770363219498,4333.74565,4351.714275736397,4315.7770242636025,0.008292422854302662,14.717642857142762,0.9999999999964171,0.007440359726663237,0.008582710924616377,0.0018056493278758557,0
2026-06-17 16:00:00+00:00,4363.38,4366.567,4355.136,4359.65,7928,4348.295799999999,4337.5999,4335.02095,4333.49752,4341.468615143008,4335.91415102719,5.554464115817609,2.55372700819003,3.0007371076275793,67.91923507534679,4335.02095,4356.4046060359815,4313.637293964019,0.009865537575305791,14.47571428571421,0.9999999999968887,0.008393467861354198,0.006492861869004107,0.0018871096450942591,0
2026-06-17 17:00:00+00:00,4359.413,4382.37,4355.351,4380.16,13893,4357.632599999999,4343.0797,4337.47285,4333.99324,4347.421135890238,4339.191621321473,8.229514568764898,3.688884520305004,4.540630048459894,74.48413510747172,4337.47285,4366.759399068269,4308.186300931731,0.01350396882289136,16.001714285714247,0.9999999999974164,0.010772876093002592,0.012668997415707484,0.0021200024599828888,0
2026-06-17 18:00:00+00:00,4379.635,4379.713,4269.662,4286.027,113180,4346.8426,4339.2246,4335.00845,4332.5767,4337.975884214817,4335.253501223586,2.7223829912309156,3.4955842144901865,-0.7732012232592709,39.10527164275352,4335.00845,4372.268950069983,4297.747949930018,0.01719050862287583,22.707357142857095,0.08597377428643647,-0.012430941454298017,-0.008914395809255904,0.007532412199266571,1
2026-06-17 19:00:00+00:00,4286.118,4295.441,4218.874,4235.72,85371,4325.059200000001,4329.8259,4330.236800000001,4330.163519999999,4322.24420972023,4327.880649281098,-5.636439560867984,1.6691794594185518,-7.305619020286536,30.77460051530045,4330.236800000001,4388.243327845374,4272.2302721546275,0.0267913883348703,27.228214285714266,0.0,-0.025069298079448132,-0.0217074735080226,0.0082180588300535,1
2026-06-17 20:00:00+00:00,4235.652,4269.768,4234.834,4257.531,18294,4303.8176,4322.427900000001,4326.2657500000005,4328.53326,4312.288331301733,4322.669564149165,-10.38123284743233,-0.7409030019516252,-9.640329845480704,35.39132185882319,4326.2657500000005,4392.611339193433,4259.920160806568,0.030671065083522762,28.910071428571428,0.10562275225733177,-0.024338760865395437,-0.017079490274871878,0.008513975201707153,1
2026-06-17 22:00:00+00:00,4258.593,4271.505,4254.464,4266.859,6831,4285.259400000001,4316.777599999999,4322.55605,4327.37784,4305.2992034091585,4318.535448286264,-13.236244877105491,-3.2399713769823992,-9.996273500123092,38.592392978734225,4322.55605,4393.554216658263,4251.557883341738,0.03285008492059348,29.531642857142874,0.17885782899221533,-0.02128404803137851,-0.013069227143135298,0.008600663422116232,1
2026-06-17 23:00:00+00:00,4266.788,4283.988,4264.246,4277.885,8124,4264.8044,4311.2185,4319.86025,4326.4186199999995,4301.081633653903,4315.524303968763,-14.442670314860152,-5.48051116455795,-8.962159150302202,41.24494211795407,4319.86025,4393.428264047531,4246.292235952468,0.03406036759986924,30.18428571428571,0.23954365335440994,-0.023349603667445873,-0.01282826996157349,0.008612449515183482,1
2026-06-18 00:00:00+00:00,4277.962,4315.433,4276.425,4308.57,18144,4269.313,4308.0778,4318.67285,4326.17702,4302.23369001484,4315.009170341447,-12.775480326607067,-6.939504996967775,-5.835975329639291,46.38336316255947,4318.67285,4392.160802634665,4245.184897365335,0.03403265548797701,31.939571428571394,0.35710200972990835,0.005259649554237411,-0.007236674295739376,0.008992636396503731,0
2026-06-18 01:00:00+00:00,4308.639,4328.653,4306.913,4317.999,20426,4285.7688,4305.414,4318.24405,4326.35836,4304.6591223202495,4315.230639205044,-10.571516884794619,-7.665907374533146,-2.905609510261473,47.74682835074227,4318.24405,4391.637881415777,4244.8502185842235,0.03399244256043228,32.89328571428574,0.38829578017156136,0.019425032816144494,-0.0061312372011747,0.009023773292881796,0
2026-06-18 02:00:00+00:00,4318.055,4329.997,4310.608,4310.875,12612,4296.437599999999,4300.1276,4317.45755,4326.336,4305.615411194057,4314.90799926393,-9.29258806987309,-7.991243513601136,-1.301344556271955,47.91060809386282,4317.45755,4390.811249142494,4244.103850857507,0.033980044177848834,33.48550000000004,0.39204278284839855,0.012529327443534743,-0.012114381726313073,0.00885440040788445,0
2026-06-18 03:00:00+00:00,4311.008,4322.523,4308.91,4319.552,9328,4306.976199999999,4296.1178,4316.85885,4326.4119,4307.759501779587,4315.251999318453,-7.492497538866701,-7.89149431865425,0.39899677978754955,47.65890336335083,4316.85885,4389.923970480677,4243.793729519322,0.03385105838272996,33.328071428571484,0.3862842056212575,0.012349365188772277,-0.009197527324441124,0.008912433356694144,0
2026-06-18 04:00:00+00:00,4319.815,4324.115,4309.677,4316.16,7842,4314.6312,4289.7178,4316.39875,4326.35076,4309.0518861211885,4315.3192586281975,-6.267372507008986,-7.566669956325198,1.299297449316212,45.953247494673285,4316.39875,4389.354226238689,4243.4432737613115,0.0338038631109736,32.8293571428572,0.3472616929226405,0.008947178336958572,-0.014611338398597296,0.008696163631140012,0
2026-06-18 05:00:00+00:00,4315.806,4324.934,4301.295,4307.967,12592,4314.5106,4291.9118,4315.5682,4326.24032,4308.884980564082,4314.774646877961,-5.889666313878479,-7.231269227835855,1.3416029139573764,43.84330738803109,4315.5682,4388.509820779499,4242.6265792205,0.03380394766070402,32.157928571428656,0.2989898427113762,-0.00013995362730556682,0.005118959819898405,0.00516678767228236,0
2026-06-18 06:00:00+00:00,4307.998,4310.024,4296.261,4306.354,14741,4312.1816,4298.9752,4314.40055,4325.9956,4308.495598938838,4314.15089525737,-5.655296318532237,-6.916074645975132,1.2607783274428952,39.76426688356403,4314.40055,4387.1365656716225,4241.664534328378,0.033717785276854845,31.630142857142932,0.20566831589767448,-0.002696851018260893,0.01667579537835362,0.0029409258012765087,0
2026-06-18 07:00:00+00:00,4306.301,4309.485,4287.362,4288.764,11935,4307.7594,4302.0985,4312.263199999999,4325.16534,4305.459968332862,4312.270384497566,-6.810416164703383,-6.894942949720782,0.08452678501739896,37.93709030760541,4312.263199999999,4385.393376334961,4239.133023665037,0.03391730650158925,32.393857142857215,0.16386561557146925,-0.0051291211181024865,0.007335941887446129,0.0031644499095209227,0
2026-06-18 08:00:00+00:00,4288.829,4293.067,4265.458,4266.798,14022,4297.2086,4302.0923999999995,4309.435,4324.047860000001,4299.51197320473,4308.902059719969,-9.39008651523909,-7.393971662824444,-1.9961148524146468,30.80393126384297,4309.435,4385.0893866276365,4233.780613372364,0.035111046634946845,32.436000000000085,0.0017116442326416043,-0.012212840590876017,-1.4296230552823808e-05,0.0036050571204347967,0
2026-06-18 09:00:00+00:00,4266.858,4273.294,4259.422,4268.704,12943,4287.7173999999995,4301.1743,4306.1964,4323.10764,4294.772285019386,4305.924425666638,-11.152140647252054,-8.145605459709966,-3.006535187542088,45.734238870803196,4306.1964,4383.05349035787,4229.33930964213,0.03569604505631477,25.534142857142992,0.8729943825497825,-0.01099495848161336,-0.0021461539989973133,0.0034968542737145746,0
2026-06-18 10:00:00+00:00,4268.65,4272.869,4254.64,4255.646,11426,4277.2532,4295.881899999999,4301.97985,4321.7456600000005,4288.752856554865,4302.20009783948,-13.447241284615302,-9.205932624691034,-4.241308659924268,56.009119530995434,4301.97985,4380.273409233077,4223.686290766923,0.0363988498147321,21.367142857142944,0.9999999999960326,-0.01214517195698106,-0.012283425823417016,0.0024314031801951456,0
2026-06-18 11:00:00+00:00,4255.785,4255.859,4239.736,4242.095,14575,4264.401400000001,4288.2915,4296.85275,4319.88856,4281.574724777193,4297.747868369889,-16.17314359269585,-10.599374818291999,-5.573768774403852,45.10086455331418,4296.85275,4376.797147068769,4216.908352931231,0.0372106756829258,20.02350000000011,0.5672218409114734,-0.014921903772890044,-0.01757851263976662,0.00217115525434109,0
2026-06-18 12:00:00+00:00,4241.748,4269.243,4240.279,4246.508,20452,4255.9502,4281.8548,4290.9911999999995,4317.8822199999995,4276.17984404224,4293.952322564712,-17.77247852247183,-12.033995559127966,-5.738482963343863,43.33291836748037,4290.9911999999995,4367.399279626815,4214.583120373184,0.03561325393853774,20.87514285714295,0.4970796873560962,-0.009852722136261205,-0.014931307449183806,0.0023471898219874364,0
2026-06-18 13:00:00+00:00,4246.445,4276.808,4244.826,4256.602,26636,4253.911,4275.5598,4285.8387999999995,4316.11226,4273.167868035742,4291.185632004363,-18.017763968620784,-13.230749241026531,-4.7870147275942525,42.9847518969482,4285.8387999999995,4356.4288936053035,4215.248706394696,0.03294108663410485,21.74942857142865,0.4832664015023848,-0.002389613944695723,-0.01457327056139146,0.002409756648565052,0
2026-06-18 14:00:00+00:00,4256.46,4258.08,4236.916,4252.516,28724,4250.6734,4269.1954,4279.4565999999995,4314.18764,4269.990657568705,4288.321214818854,-18.330557250149468,-14.250710842851122,-4.079846407298346,27.59489016084136,4279.4565999999995,4335.779610051195,4223.133589948804,0.0263225055495109,20.474857142857218,0.0,-0.0037922516998133426,-0.014745514531435355,0.0024049159384282224,0
2026-06-18 15:00:00+00:00,4252.586,4254.924,4222.969,4226.541,21711,4244.8524,4261.0527999999995,4276.4823,4311.90236,4263.306094865827,4283.744902610049,-20.438807744222686,-15.488330223125436,-4.95047752109725,17.714172750250327,4276.4823,4337.436637176937,4215.527962823062,0.028506764626121697,21.20450000000002,0.0,-0.0068391496849126154,-0.018901258992930936,0.0028187812177952036,0
2026-06-18 16:00:00+00:00,4226.594,4233.44,4213.892,4219.278,17452,4240.289,4252.3452,4275.6602,4309.19714,4256.532541809546,4278.9695764907865,-22.43703468124022,-16.878071114748394,-5.558963566491826,17.696805546738574,4275.6602,4339.313120993429,4212.0072790065715,0.029774546159411254,21.21585714285714,0.0,-0.005378710283480248,-0.020220353459097895,0.0027694188765145927,0
2026-06-18 17:00:00+00:00,4219.334,4233.201,4218.483,4230.332,11745,4237.0538,4246.5019999999995,4274.30025,4307.171179999999,4252.501689223463,4275.366793047025,-22.865103823562094,-18.075477656511136,-4.789626167050958,19.05392843764301,4274.30025,4340.687529551654,4207.912970448347,0.031063460996523858,21.294785714285677,0.03542262916979006,-0.0038092475040667484,-0.0136244381831222,0.003018986959540787,0
2026-06-18 18:00:00+00:00,4230.548,4233.023,4218.08,4218.451,9168,4229.4236,4241.6673,4271.879849999999,4305.062599999999,4247.263121650622,4271.150808376875,-23.88768672625247,-19.237919470459403,-4.649767255793066,17.994274221549503,4271.879849999999,4342.785475210119,4200.974224789879,0.03319645107065452,21.330857142857116,0.0077643097969072655,-0.008962782989812013,-0.01133097934329208,0.0027783317447408733,0
2026-06-18 19:00:00+00:00,4218.503,4219.157,4201.249,4216.867,14220,4222.2937999999995,4236.4836000000005,4268.82895,4302.69148,4242.586795242834,4267.129785534144,-24.542990291309252,-20.298933634629375,-4.244056656679877,18.80863360587253,4268.82895,4343.7820280000415,4193.875871999959,0.035116458812453184,20.921499999999988,0.029020122866708634,-0.008383037241952662,-0.012143498354535653,0.00273818437358348,0
2026-06-18 20:00:00+00:00,4216.815,4219.679,4207.74,4208.255,5177,4218.6366,4231.7445,4263.8132000000005,4300.04166,4237.304980590091,4262.768690309392,-25.463709719300823,-21.331888851563665,-4.131820867737158,17.94841635464229,4263.8132000000005,4340.96244147423,4186.663958525771,0.03618790873588444,20.7912142857143,0.006567361292937066,-0.004326469327991855,-0.011136029641563128,0.002680483612126304,0
2026-06-18 22:00:00+00:00,4208.852,4212.823,4202.84,4207.628,4226,4216.3066,4228.2978,4258.29465,4297.391619999999,4232.739291268538,4258.6841947309185,-25.944903462380353,-22.254491773727004,-3.6904116886533487,20.185933710589907,4258.29465,4334.912105521894,4181.677194478106,0.035985041815692134,19.924071428571487,0.06496940291488681,-0.002761135909982837,-0.008124994843349942,0.002590603809710859,0
2026-06-18 23:00:00+00:00,4207.623,4208.492,4186.759,4188.598,7745,4207.9598,4222.5068,4252.1808,4294.3961,4225.9483233810715,4253.49262475085,-27.544301369778623,-23.312453692937332,-4.231847676841291,20.63109348475959,4252.1808,4330.624826855542,4173.736773144458,0.036895903793903485,19.504357142857184,0.07658863777372209,-0.009865419546267407,-0.013637087225550903,0.0027414475610515413,0
2026-06-19 00:00:00+00:00,4188.534,4197.983,4184.195,4190.495,12492,4202.3686,4215.8961,4245.7279499999995,4291.523120000001,4220.49396593783,4248.826134028565,-28.33216809073565,-24.316396572497,-4.015771518238651,20.625727699530373,4245.7279499999995,4322.040926449119,4169.41497355088,0.03594812354810419,19.4983571428572,0.07644858397192335,-0.0066270770953603675,-0.015530463031309893,0.0025068174403008784,0
2026-06-19 01:00:00+00:00,4190.55,4194.554,4183.792,4184.789,9408,4195.9529999999995,4209.1234,4239.1594,4288.59646,4215.000894255087,4244.0826426190415,-29.08174836395483,-25.269466930788568,-3.8122814331662624,21.831394655450524,4239.1594,4312.504150835518,4165.814649164481,0.03460344087816959,18.96500000000008,0.15087506225646236,-0.00760706941907352,-0.015926336314784018,0.0024993191689365564,0
2026-06-19 02:00:00+00:00,4184.737,4186.347,4171.761,4176.469,9865,4189.5958,4204.1161999999995,4232.5845,4285.41954,4209.072910523535,4239.07422464726,-30.001314123725024,-26.21583636937586,-3.785477754349163,22.778782499045775,4232.5845,4303.493505427701,4161.675494572299,0.03350624443656174,18.855214285714283,0.19823508297933634,-0.007553249506030424,-0.01184703993170777,0.0019539218132142875,0
2026-06-19 03:00:00+00:00,4176.461,4177.121,4145.651,4153.296,11891,4178.7294,4197.518,4224.9316,4281.862400000001,4200.491847366068,4232.720282080796,-32.22843471472788,-27.418356038446266,-4.810078676281616,16.54319392399256,4224.9316,4295.354088969069,4154.50911103093,0.03333662915114152,19.034214285714306,0.0,-0.012912738483535025,-0.015638220567594785,0.002394794471365013,1
2026-06-19 04:00:00+00:00,4153.426,4155.341,4125.027,4125.974,14981,4166.204599999999,4187.0822,4216.792100000001,4277.6428399999995,4189.027563155903,4224.813150074811,-35.78558691890794,-29.091802214538603,-6.693784704369335,8.273813326518919,4216.792100000001,4293.500440489149,4140.083759510852,0.036382320337371245,18.915071428571473,0.0,-0.014951064771553613,-0.02466898579118615,0.002372063187609433,1
2026-06-19 05:00:00+00:00,4125.923,4141.717,4121.662,4139.561,13982,4156.0178,4179.1932,4210.430249999999,4273.613,4181.41732267038,4218.498175995196,-37.08085332481642,-30.689612436594164,-6.391240888222253,15.983762068529202,4210.430249999999,4290.698740497169,4130.16175950283,0.03812840290949805,18.835857142857158,0.5315384438431046,-0.0121546499876507,-0.018701177280475823,0.002986747285426694,1
2026-06-19 06:00:00+00:00,4139.612,4150.613,4132.762,4147.8,14650,4148.620000000001,4172.2865,4204.38505,4269.9329800000005,4176.245426874936,4213.261274069627,-37.01584719469065,-31.954859388213464,-5.060987806477186,23.451228969284216,4204.38505,4284.385345534979,4124.384754465021,0.038055646466052945,17.828428571428635,0.9999999999934113,-0.008838916370693894,-0.016378747539346206,0.003205057516280046,1
2026-06-19 07:00:00+00:00,4147.743,4163.325,4147.743,4158.132,12312,4144.9526,4167.2742,4199.50935,4266.449259999999,4173.458745817254,4209.177624138543,-35.718878321289594,-32.70766317482869,-3.0112151464609056,29.80167014613751,4199.50935,4278.2312926865025,4120.787407313498,0.03749101912893809,17.545142857142896,0.9999999999953549,-0.0043905509654208474,-0.011910637544540581,0.0034536432208195117,1
2026-06-19 08:00:00+00:00,4157.917,4178.732,4155.14,4168.959,12583,4148.0851999999995,4163.4073,4195.8525500000005,4263.296939999999,4172.766477229984,4206.198466794947,-33.43198956496326,-32.8525284528556,-0.5794611121076585,29.696235865472843,4195.8525500000005,4273.024644507906,4118.6804554920955,0.0367849411237795,18.179000000000023,0.9951024255852495,0.0037712216995851033,-0.009190213583520235,0.003650145510491399,0
2026-06-19 09:00:00+00:00,4168.969,4171.008,4160.893,4163.016,9410,4155.4936,4160.8491,4191.677949999999,4260.02516,4171.2664038099865,4202.999765550878,-31.73336174089127,-32.628695110462736,0.8953333695714676,30.910681203038408,4191.677949999999,4266.303325265214,4117.052574734785,0.03560644503484083,17.834142857142847,0.9999999999955825,0.008977758948553571,-0.006107532878543265,0.0034352592194029094,0
2026-06-19 10:00:00+00:00,4163.07,4163.176,4147.949,4149.681,10466,4157.517599999999,4156.767699999999,4186.3319,4256.38826,4167.945572454604,4199.050227361924,-31.104654907319855,-32.32388706983416,1.2192321625143023,28.59636827014951,4186.3319,4256.563851100177,4116.099948899823,0.033552978014082906,17.642642857142878,0.8977635534384492,0.0024447036775154807,-0.00973966082765887,0.0035037819109540315,1
2026-06-19 11:00:00+00:00,4149.955,4155.087,4141.774,4152.474,10951,4158.4524,4153.5362000000005,4181.3297999999995,4252.9304999999995,4165.565330538511,4195.600136446226,-30.034805907715054,-31.866070837410337,1.8312649296952834,31.54548041103419,4181.3297999999995,4245.721864318606,4116.937735681393,0.030799801689216946,17.74078571428572,0.999999999995703,0.00112686243309712,-0.007722014180404191,0.0035376035743315474,1
2026-06-19 12:00:00+00:00,4152.502,4180.183,4147.118,4178.965,16716,4162.619,4153.7858,4178.951,4250.018239999999,4167.626818147971,4194.367904116876,-26.74108596890528,-30.84107386370933,4.099987894804048,41.902878612390296,4178.951,4239.724039614715,4118.177960385285,0.029085308544998658,19.389499999999966,0.9999999999970264,0.005010182456930412,0.0005976340300861693,0.004153310501111954,0
2026-06-19 13:00:00+00:00,4178.908,4183.079,4150.328,4151.543,18744,4159.135799999999,4153.6105,4175.564249999999,4246.45496,4165.152384586745,4191.195688997108,-26.043304410362907,-29.881519973040046,3.8382155626771386,40.00604141606473,4175.564249999999,4234.39317442508,4116.7353255749185,0.028177712473269174,20.1764999999999,0.943595304231758,-0.004177541683667352,-0.00042207441993069583,0.004314796699622727,0
2026-06-19 14:00:00+00:00,4151.268,4154.731,4142.549,4149.123,13175,4156.3572,4155.9254,4171.5038,4242.807199999999,4162.686325419553,4188.07919351584,-25.392868096287202,-28.98378959768948,3.5909215014022777,38.873110644935686,4171.5038,4225.421650447661,4117.58594955234,0.02585055799189749,20.06178571428557,0.9099062688245901,-0.003337243959667724,0.005610554017063452,0.003673219649434311,1
2026-06-19 15:00:00+00:00,4149.186,4154.104,4147.506,4151.136,8452,4156.6482000000005,4157.082899999999,4168.13805,4239.36268,4160.909352278083,4185.342660662815,-24.4333083847323,-28.073693355098044,3.6403849703657443,40.76568047986767,4168.13805,4217.96539730628,4118.31070269372,0.02390868378569179,19.764357142857016,0.9661840695555395,0.00035062936163066105,0.002796190224036099,0.003546714736459997,1
2026-06-19 16:00:00+00:00,4150.953,4157.939,4144.106,4155.463,7027,4157.246,4157.8492,4165.06785,4235.80242,4160.071451927609,4183.129352465569,-23.05790053796045,-27.070534791670525,4.012634253710075,44.106854295717696,4165.06785,4209.531330761085,4120.604369238916,0.0213506633564611,19.710571428571388,0.9999999999972092,0.0007198118519224916,0.0018474854139542973,0.0035085325497730413,1
2026-06-21 22:00:00+00:00,4153.472,4159.714,4147.846,4156.414,7047,4152.7358,4157.6774000000005,4162.475799999999,4232.13116,4159.508767015669,4181.15043746812,-21.641670452450853,-25.98476192382659,4.343091471375736,50.99934616222851,4162.475799999999,4202.121972065194,4122.829627934804,0.019049322552311326,18.310428571428538,0.9999999999976594,-0.005396312244778434,-0.00041316629678900263,0.0034153934073517557,1
2026-06-21 23:00:00+00:00,4156.366,4164.818,4136.486,4140.129,10264,4150.4529999999995,4154.794400000001,4159.10085,4228.041,4156.527264397874,4178.111812470482,-21.584548072607504,-25.104719153582774,3.5201710809752704,54.88221294795283,4159.10085,4193.738804882531,4124.462895117468,0.016656463082654817,18.168857142857114,0.9999999999974292,-0.0027493392215857115,-0.006915395426052351,0.0034774098495682364,1
2026-06-22 00:00:00+00:00,4140.184,4200.996,4139.941,4200.686,21625,4160.7656,4158.5614,4159.70525,4224.77994,4163.320916028971,4179.783974509705,-16.463058480734617,-23.376387019013144,6.9133285382785274,65.92335947065402,4159.70525,4196.842065235757,4122.568434764243,0.01785550321660759,21.097428571428605,0.9999999999976454,0.012427445510774238,0.009048728133641548,0.005935507073969515,0
2026-06-22 01:00:00+00:00,4201.023,4221.365,4189.53,4191.094,34930,4168.7572,4162.7027,4159.7352,4221.408820000001,4167.59369817836,4180.621754175653,-13.02805599729345,-21.30672081466921,8.278664817375759,61.199350192458866,4159.7352,4196.977384483559,4122.493015516441,0.01790603617439829,22.09628571428571,0.873442537789688,0.009625798817480158,0.009979803266805476,0.005871345983996974,1
2026-06-22 02:00:00+00:00,4191.146,4200.218,4183.508,4188.566,16317,4175.3778,4166.3119,4159.92405,4217.57694,4170.82020615092,4181.210216829309,-10.390010678388535,-19.123378787413074,8.73336810902454,58.203942118996785,4159.92405,4197.735118546573,4122.112981453426,0.018178730232622183,22.176857142857184,0.7931947605883589,0.007966139994508348,0.008691685968412965,0.00589328828345463,1
2026-06-22 03:00:00+00:00,4188.515,4189.993,4170.559,4171.556,11302,4178.406199999999,4165.571,4159.6784,4215.287520000001,4170.933405204624,4180.495089656767,-9.5616844521428,-17.21103992035902,7.649355468216221,50.67747708264849,4159.6784,4197.098702141907,4122.258097858093,0.017991920789793312,21.879857142857222,0.591558764911686,0.0036430442203303492,-0.0017729270285825605,0.005733657854834614,1
2026-06-22 04:00:00+00:00,4171.631,4182.116,4170.685,4181.808,7937,4186.742,4168.597500000001,4161.104,4214.20928,4172.606419788529,4180.592342274785,-7.985922486255731,-15.366016433538363,7.3800939472826315,54.7944646283219,4161.104,4199.655845523604,4122.552154476397,0.018529623640074044,21.97385714285721,0.7018539538152785,0.010067077620045106,0.007290060587112013,0.005308849635087356,1
2026-06-22 05:00:00+00:00,4181.597,4198.536,4179.301,4193.86,13419,4185.3768,4173.071199999999,4164.4983,4212.93586,4175.876201359524,4181.575131735912,-5.69893037638758,-13.432599222108205,7.733668845720626,61.345811097471355,4164.4983,4201.965692010313,4127.030907989687,0.017993712236748054,22.260142857142846,0.8668461086464718,-0.0016249726830331879,0.01078227856826608,0.005326014708386811,1
2026-06-22 06:00:00+00:00,4193.953,4207.386,4191.162,4197.574,13805,4186.672799999999,4177.714999999999,4167.39895,4211.55016,4179.21432422729,4182.760233088808,-3.5459088615180008,-11.455261149990164,7.909352288472164,61.527804758350456,4167.39895,4205.710508088384,4129.087391911616,0.018386316524067907,22.46807142857142,0.8375040931894058,0.0015461356867680909,0.011186817295313567,0.005322502073063468,1
2026-06-22 07:00:00+00:00,4197.785,4201.796,4188.691,4190.234,10286,4187.0064,4181.1921,4169.5206499999995,4209.797140000001,4180.909658961553,4183.3138454526,-2.4041864910468576,-9.645046218201504,7.240859727154646,53.19302063322063,4169.5206499999995,4207.961916189254,4131.079383810745,0.018439177745410495,21.042357142857195,0.5293818212354922,0.00039822698269542656,0.008367539309097616,0.005399973318935749,1
2026-06-22 08:00:00+00:00,4190.441,4197.909,4188.696,4197.191,10155,4192.1334,4185.2698,4171.473599999999,4207.56956,4183.414480659775,4184.341782826481,-0.9273021667058856,-7.90149740790238,6.974195241196495,64.63095680713872,4171.473599999999,4211.4180051568965,4131.529194843102,0.019151220401777025,19.361071428571513,0.9522221524860149,0.006145188989432393,0.009810620404993253,0.005400749286437935,1
2026-06-22 09:00:00+00:00,4197.242,4210.221,4195.904,4208.352,10402,4197.4421999999995,4192.0921,4173.443249999999,4205.37662,4187.251022096733,4186.120317431927,1.130704664806217,-6.095056993360661,7.225761658166878,67.97661755868396,4173.443249999999,4216.619733345271,4130.266766654728,0.02069106047878891,19.513571428571463,0.999999999996325,0.0063474937156369204,0.016478472047610104,0.005130375591379346,0
2026-06-22 10:00:00+00:00,4208.406,4214.313,4203.539,4204.546,7947,4199.5794000000005,4192.4781,4175.51975,4203.25004,4189.911787928006,4187.48518280734,2.426605120665954,-4.390724570555338,6.817329691221292,66.03595705329926,4175.51975,4220.53999775308,4130.499502246921,0.021563901237961702,19.811857142857207,0.9186979575751602,0.002548010663207867,0.0009188975324507798,0.002376138301026831,0
2026-06-22 11:00:00+00:00,4204.616,4215.354,4201.316,4207.54,10545,4201.5726,4194.1227,4178.4127,4201.0098,4192.623820554466,4188.970724821611,3.6530957328550357,-2.7819605098732625,6.435056242728298,65.7618992851049,4178.4127,4223.87565212647,4132.949747873529,0.021760872077796697,19.82650000000006,0.8719752419645184,0.0023742285424868115,0.0039240351087328484,0.0022272167992308713,0
2026-06-22 12:00:00+00:00,4207.546,4211.791,4192.343,4193.496,11145,4202.225,4194.6157,4180.4637999999995,4198.55652,4192.758002007625,4189.305930390381,3.452071617243746,-1.5351540844498606,4.987225701693607,60.39923271935948,4180.4637999999995,4224.6838945826175,4136.2437054173815,0.021155592631907496,20.367928571428624,0.5619791139405085,0.000778476810602946,0.0011770138037696665,0.002512820872257793,0
2026-06-22 13:00:00+00:00,4193.554,4205.941,4183.047,4199.995,24536,4202.7858,4197.4596,4181.5153,4196.39708,4193.871386314144,4190.097713324427,3.7736729897169425,-0.4733886696164998,4.2470616593334425,67.76375915397696,4181.5153,4226.577451139473,4136.453148860527,0.02155302463653447,19.979500000000048,0.9876954346315279,0.0006680658564264252,0.006817360236803793,0.002061226779031508,0
2026-06-22 14:00:00+00:00,4200.0,4210.853,4186.396,4198.149,25099,4200.745199999999,4199.0937,4183.8456,4194.23298,4194.529480727352,4190.694104930025,3.8353757973272877,0.388364223772258,3.44701157355503,48.84466505760763,4183.8456,4227.168313641141,4140.522886358858,0.020709518363269185,17.365357142857192,0.0,-0.00242446449346434,0.003907639949036534,0.001986094233482065,0
2026-06-22 15:00:00+00:00,4198.482,4201.377,4169.67,4182.999,18913,4196.4358,4198.0076,4185.5394,4192.117679999999,4192.755560615452,4190.124097157431,2.631463458021244,0.8369840706220554,1.7944793873991887,46.4912052569069,4185.5394,4225.677980518926,4145.400819481073,0.01917964528964968,17.356214285714355,0.0,-0.005124691227067157,-0.0025897383317515787,0.0021367680383638935,1
2026-06-22 16:00:00+00:00,4182.676,4192.81,4174.24,4189.621,11857,4192.852,4197.2123,4187.46365,4190.57414,4192.273320520767,4190.086830701324,2.1864898194426132,1.106885220386167,1.0796045990564462,50.4416184583959,4187.46365,4224.203883459427,4150.7234165405725,0.017547726514319545,17.489071428571542,0.18386490079801146,-0.004258783041872438,-0.0018946658236399516,0.002188963251176051,1
2026-06-22 17:00:00+00:00,4189.676,4191.641,4177.013,4183.308,9505,4190.8144,4196.5197,4188.8559,4188.86622,4190.894040440649,4189.5846950938185,1.3093453468309235,1.1473772456751183,0.16196810115580518,55.40321839080487,4188.8559,4222.467374262135,4155.244425737864,0.01604804512952367,17.14578571428579,0.4147936752937888,-0.0024294765036142474,-0.001652890984131239,0.0021710636879427804,1
2026-06-22 18:00:00+00:00,4183.386,4192.919,4182.382,4191.262,7089,4189.0678,4195.926799999999,4190.5983,4187.5785399999995,4190.950649603626,4189.708939901684,1.241709701941545,1.1662437369284038,0.07546596501314129,54.44049900424602,4190.5983,4220.54146193356,4160.65513806644,0.014290638133251798,17.081928571428698,0.3699856272548532,-0.0020792881896288806,-0.0014126114346476593,0.0021947718108319887,1
2026-06-22 19:00:00+00:00,4191.473,4193.458,4184.095,4190.467,7324,4187.5314,4194.1383000000005,4193.1152,4186.545979999999,4190.876241972299,4189.76509250156,1.1111494707392922,1.1552248836905814,-0.04407541295128925,48.2178685855349,4193.1152,4211.382154813494,4174.848245186507,0.00871283231784026,16.37678571428582,0.08036444934673893,-0.001829854061873637,-0.004249882139136685,0.0019639375762766417,0
2026-06-22 20:00:00+00:00,4190.411,4193.75,4188.643,4192.375,3820,4189.4066,4192.9212,4192.6996500000005,4185.46332,4191.106820130407,4189.958418982926,1.1484011474813087,1.1538601364487269,-0.0054589889674181435,47.216481598475355,4192.6996500000005,4210.61621116324,4174.783088836761,0.008546551224216476,15.582714285714376,0.033756687159551955,0.0022414540381194836,-0.0028947239487926435,0.0019740308580201388,0
2026-06-22 22:00:00+00:00,4192.342,4194.668,4188.338,4190.011,3425,4189.484600000001,4191.168299999999,4192.6455000000005,4184.1315,4190.938232418037,4189.962313873079,0.9759185449574943,1.1182718181504805,-0.14235327319298618,49.87388732426229,4192.6455000000005,4210.589020226425,4174.701979773576,0.008559521775177452,15.098785714285766,0.15744087289681033,9.308717900746721e-05,-0.004166092300964319,0.0019431951645516167,0
2026-06-22 23:00:00+00:00,4189.796,4195.426,4186.806,4187.448,4245,4190.3126,4190.563499999999,4192.5896,4182.83014,4190.401273584493,4189.776068400999,0.6252051834935628,1.019658491219097,-0.3944533077255341,44.2019067115774,4192.5896,4210.593496074559,4174.5857039254415,0.008588437119893025,15.056428571428699,0.0,0.0009896474273469735,-0.001442233401438786,0.001657993706875165,0
2026-06-23 00:00:00+00:00,4187.664,4194.826,4178.378,4193.217,14466,4190.7036,4189.885700000001,4193.6726499999995,4182.16366,4190.8344622638015,4190.030952223147,0.803510040654146,0.9764288011061067,-0.17291876045196075,40.37544354992528,4193.6726499999995,4208.710760579816,4178.634539420183,0.007171809454329695,15.208642857143072,0.0,0.0004664466215664742,-0.001613811445013713,0.0016392575060536726,0
2026-06-23 01:00:00+00:00,4193.434,4198.713,4150.083,4161.313,24873,4184.8728,4186.2021,4192.6479,4181.00436,4186.292698838601,4187.9036965029145,-1.6109976643137998,0.45894350802212536,-2.069941172335925,29.745607870695352,4192.6479,4212.9589674204535,4172.336832579546,0.009688897281574054,17.912642857143055,0.0,-0.006957219803902404,-0.0087743431688585,0.0028760052901446345,0
2026-06-23 02:00:00+00:00,4161.187,4163.498,4146.553,4147.06,15444,4175.8098,4182.608200000001,4190.3079,4179.33892,4180.256899017278,4184.8782375026985,-4.6213384854208925,-0.5571128906664786,-4.064225594754414,24.369406021155285,4190.3079,4219.060338336334,4161.5554616636655,0.013723305791602717,18.12028571428586,0.0,-0.010808909031276959,-0.008591682665953115,0.002857152957141105,0
2026-06-23 03:00:00+00:00,4147.115,4149.718,4130.858,4143.941,14815,4166.595800000001,4178.0402,4187.62625,4177.84872,4174.669837630004,4181.845849539535,-7.176011909531553,-1.880892694439494,-5.295119215092059,26.856219467769805,4187.62625,4222.81029586353,4152.4422041364705,0.016803813789986494,18.078285714285812,0.0573073053767419,-0.010995197864635875,-0.010903134197580266,0.0027279037973762256,0
2026-06-23 04:00:00+00:00,4143.991,4146.819,4114.849,4118.303,10096,4152.7668,4171.539699999999,4184.029700000001,4175.87744,4165.9980164561575,4177.1389717958655,-11.140955339707943,-3.732905223493185,-7.408050116214758,17.633401480213465,4184.029700000001,4230.867191366717,4137.192208633285,0.022388699280368757,18.72657142857153,0.0,-0.016512443856019354,-0.01553913792625361,0.0031721923030849438,1
2026-06-23 05:00:00+00:00,4118.185,4137.511,4115.325,4121.114,21341,4138.3462,4164.5249,4180.22585,4174.13462,4159.09278315521,4172.988973885061,-13.896190729850787,-5.765562324764707,-8.13062840508608,19.710135809944305,4180.22585,4234.3525927444825,4126.099107255517,0.02589656381579609,18.56435714285726,0.05498396602348857,-0.017195151121442098,-0.016736725120023555,0.0030452856276908277,0
2026-06-23 06:00:00+00:00,4121.225,4126.896,4110.22,4114.555,21032,4128.9946,4156.9337,4175.536,4172.27316,4152.240816515947,4168.660531375056,-16.419714859109263,-7.896392831633619,-8.523322027475643,21.138211382113624,4175.536,4235.356400843396,4115.715599156604,0.028652800906707965,17.490714285714343,0.09279393411377809,-0.011236357370858596,-0.018115403366736782,0.0030008866491046567,1
2026-06-23 07:00:00+00:00,4114.497,4124.637,4096.502,4098.965,16834,4119.3756,4147.592699999999,4170.25695,4170.480500000001,4144.044537051955,4163.497899421349,-19.4533623693942,-10.207786739185735,-9.245575630208464,14.459777324760367,4170.25695,4237.475293766703,4103.038606233297,0.03223702739309753,18.173928571428537,0.0,-0.011597372596490074,-0.022280926682369695,0.0029425202621142328,1
2026-06-23 08:00:00+00:00,4098.94,4110.915,4090.666,4105.222,16309,4111.6318,4139.1138,4165.14105,4168.7750399999995,4138.0718390439615,4159.181166130878,-21.109327086916892,-12.388094808731967,-8.721232278184925,19.374195977533773,4165.14105,4235.893431409816,4094.388668590185,0.03397358243597325,18.575428571428542,0.12291970845745717,-0.009343521058818194,-0.020235985060659933,0.003142795911644895,1
2026-06-23 09:00:00+00:00,4105.172,4122.191,4104.029,4122.134,11680,4112.397999999999,4132.5824,4161.57295,4167.5219400000005,4135.619863806429,4156.436931602665,-20.817067796236188,-14.073889406232814,-6.743178390003374,24.667624338546545,4161.57295,4233.492494104596,4089.6534058954044,0.0345636349374078,19.120071428571332,0.28824237045349776,0.000930237527447586,-0.015597566823516429,0.0036898689146338927,1
2026-06-23 10:00:00+00:00,4122.191,4133.311,4119.575,4119.858,12607,4112.1468,4125.246499999999,4157.5661,4166.389719999999,4133.194961682363,4153.727381113578,-20.532419431215203,-15.365595411229293,-5.16682401998591,24.402746459981103,4157.5661,4229.401855799876,4085.730344200124,0.03455663918362048,19.432428571428513,0.2807629257189437,-0.0003047719621440681,-0.0174946824836395,0.0035673128904309104,1
2026-06-23 11:00:00+00:00,4119.758,4132.134,4117.374,4123.112,14953,4113.858200000001,4121.426399999999,4153.81425,4165.78604,4131.643736808153,4151.459575105166,-19.815838297012306,-16.255643988385895,-3.5601943086264107,25.133374979356077,4153.81425,4224.555246480956,4083.073253519044,0.0340607413925435,20.12192857142853,0.30139392616998384,0.0020796902702722164,-0.009180035243683937,0.002976499315784415,1
2026-06-23 12:00:00+00:00,4123.378,4127.454,4111.747,4113.38,16017,4116.7412,4118.0584,4150.3333,4165.534159999999,4128.833931145361,4148.6388658381165,-19.804934692755523,-16.96550212925982,-2.839432563495702,23.870510171375102,4150.3333,4221.874542359716,4078.792057640285,0.03447493836686099,20.79171428571421,0.31641086366715654,0.003516741421309977,-0.008121416135768555,0.0028947638180599825,1
2026-06-23 13:00:00+00:00,4113.327,4140.551,4105.398,4135.586,29386,4122.814,4117.2229,4147.63155,4165.45466,4129.872710969152,4147.671986887145,-17.799275917993327,-17.132256887006523,-0.667019030986804,34.4052201106565,4147.63155,4216.97308441597,4078.29001558403,0.03343668962879322,22.686928571428457,0.7696287879511093,0.007396433128342483,-0.0020161966591705216,0.003499086063717513,0
2026-06-23 14:00:00+00:00,4135.535,4145.198,4122.56,4130.047,29333,4124.3966,4118.3973,4144.968500000001,4165.0996,4129.899524666205,4146.366432302912,-16.46690763670631,-16.99918703694648,0.5322794002401707,30.97862089731997,4144.968500000001,4212.611137573566,4077.325862426436,0.03263843263154605,23.129071428571283,0.828201396669801,0.0019196367706628692,0.0028516600162735717,0.0028531116775477776,0
2026-06-23 15:00:00+00:00,4130.154,4141.522,4123.383,4138.492,18524,4128.1234,4120.1351,4142.33,4164.7068,4131.221443948328,4145.783141021214,-14.56169707288609,-16.511689044134403,1.9499919712483127,41.99774179296034,4142.33,4206.391440491991,4078.2685595080093,0.03093014824603093,20.951142857142713,0.9999999999963687,0.004522971422801447,0.004216820985782244,0.002906046705084366,0
2026-06-23 16:00:00+00:00,4138.541,4143.976,4131.454,4134.548,10096,4130.4106,4122.1344,4139.53405,4164.01858,4131.733221802431,4144.9509083529765,-13.217686550545295,-15.852888545416581,2.635201994871286,45.270709544760244,4139.53405,4199.499681870998,4079.568418129003,0.028972165053696035,20.63521428571416,0.9999999999967545,0.002773633119837582,0.004859091687922312,0.00286352504440902,0
2026-06-23 17:00:00+00:00,4134.483,4139.872,4127.624,4128.121,11116,4133.3588,4125.05,4136.32135,4163.320680000001,4131.1774953712875,4143.704248474978,-12.52675310369068,-15.187661457071401,2.660908353380721,44.16623644811576,4136.32135,4191.02067870678,4081.6220212932203,0.02644829744999375,20.162928571428502,0.9641532074117523,0.0035836708497634095,0.007113015114791121,0.0025641827979349333,0
2026-06-23 18:00:00+00:00,4127.901,4130.854,4112.746,4117.599,8878,4129.7614,4126.2877,4132.70075,4162.67904,4129.088496083397,4141.770526365721,-12.682030282323467,-14.686535222121815,2.0045049397983483,49.707820774607086,4132.70075,4181.728887248597,4083.672612751403,0.0237269234887607,19.17278571428564,0.9999999999971629,-0.004349323167260999,0.0030149404831214532,0.0027382920119973036,0
2026-06-23 19:00:00+00:00,4117.638,4126.149,4111.513,4111.565,11330,4126.0650000000005,4125.2308,4128.9066,4161.86086,4126.392573609028,4139.533079968261,-13.140506359232859,-14.377329449544026,1.2368230903111677,46.140165080802326,4128.9066,4171.405884726788,4086.407315273213,0.02058621753603602,18.633499999999913,0.8987842914183041,-0.004475009606428215,-0.002563963228754962,0.002425370175217963,0
2026-06-23 20:00:00+00:00,4111.617,4113.04,4107.361,4109.884,5586,4120.3434,4124.2334,4124.73995,4160.47924,4123.852793053793,4137.336851822463,-13.484058768670366,-14.198675313369295,0.714616544698929,48.034405271884026,4124.73995,4155.376051954262,4094.1038480457382,0.014854804097049513,17.847999999999956,0.9525245846567523,-0.0069126628733364726,-0.00242095722716662,0.0024238361432034872,0
2026-06-23 22:00:00+00:00,4112.304,4115.169,4096.868,4104.436,7630,4114.321,4122.3658000000005,4121.8961,4159.5371000000005,4120.86559412244,4134.899751687466,-14.034157565026362,-14.16577176370071,0.1316141986743471,52.517091932975454,4121.8961,4148.536487905633,4095.2557120943666,0.01292627822697101,17.145571428571397,0.9999999999969827,-0.007283021021886826,-0.004529588330367984,0.002416297776103725,0
2026-06-23 23:00:00+00:00,4104.112,4104.501,4080.866,4099.087,10930,4108.5142,4120.9365,4119.49745,4158.5363800000005,4117.515041180526,4132.246955266172,-14.731914085646167,-14.279000228089801,-0.45291385755636604,47.15363416195787,4119.49745,4145.221027204879,4093.773872795121,0.012488696748618642,17.38742857142857,0.8127714567925038,-0.007033224074584954,-0.003474757984917476,0.002345584853085743,0
2026-06-24 00:00:00+00:00,4099.025,4111.97,4093.666,4097.107,22254,4104.4158,4117.0886,4117.15575,4157.4558,4114.375342537368,4129.643995616827,-15.268653079459,-14.476930798363641,-0.7917222810953586,36.520999170589484,4117.15575,4142.022808962341,4092.2886910376587,0.012079727108861954,17.397571428571478,0.4416055327106328,-0.004976686656471441,-0.009304364605161264,0.0012056218074339544,0
2026-06-24 01:00:00+00:00,4097.164,4102.295,4068.223,4089.004,37829,4099.9036,4112.9843,4115.690799999999,4156.12662,4110.472059070081,4126.633625571137,-16.16156650105586,-14.813857938902085,-1.3477085621537732,34.36410443525513,4115.690799999999,4143.545852370871,4087.835747629128,0.013536027716596977,18.850142857142924,0.36631226549722795,-0.005487204993718908,-0.00993765930508772,0.0012457224954879195,0
2026-06-24 02:00:00+00:00,4089.023,4096.104,4051.998,4061.291,22717,4090.185,4105.2642,4112.6996500000005,4154.224160000001,4102.905742290069,4121.793431084386,-18.887688794317,-15.628624109985072,-3.2590646843319284,24.894617577544736,4112.6996500000005,4149.51077904551,4075.8885209544906,0.01790119978516297,20.946285714285782,0.03574972451124468,-0.011823448058387975,-0.01865437942129644,0.0018359048432241545,1
2026-06-24 03:00:00+00:00,4061.238,4070.783,4050.238,4062.85,19786,4081.8678,4098.0944,4110.1144,4152.67858,4096.743320399289,4117.427251004061,-20.683930604772286,-16.63968540894252,-4.044245195829767,28.020878642888363,4110.1144,4153.118454234518,4067.110345765483,0.020925964607952284,21.291857142857257,0.11317816880216129,-0.010131964537880456,-0.0173411942490449,0.0019556566499048917,1
2026-06-24 04:00:00+00:00,4062.911,4067.321,4054.946,4064.608,13167,4074.972,4091.7431000000006,4108.3965499999995,4149.95702,4091.7994249532444,4113.514713892649,-21.715288939404218,-17.65480611503486,-4.060482824369359,12.446297432859055,4108.3965499999995,4155.796104474978,4060.996995525021,0.023074478764703806,19.66485714285724,0.0,-0.008411385267012017,-0.015385450184236316,0.00207462987361837,1
2026-06-24 05:00:00+00:00,4064.552,4086.311,4060.965,4075.778,16648,4070.7062000000005,4087.561,4106.924349999999,4147.650699999999,4089.3345903450527,4110.7194017524525,-21.384811407399866,-18.40080717350786,-2.984004233892005,22.901540950535974,4106.924349999999,4156.517333291094,4057.331366708905,0.02415091151659234,19.858285714285817,0.2609192966618233,-0.005205868433506899,-0.010156647114009987,0.0024353660898314166,0
2026-06-24 06:00:00+00:00,4075.982,4097.643,4075.755,4087.016,20130,4070.3086000000003,4085.1061,4105.16845,4145.619699999999,4088.9778841381217,4108.963594215234,-19.98571007711189,-18.717787754228667,-1.2679223228832228,24.99368478324226,4105.16845,4154.980304879455,4055.356595120545,0.024267873772368494,20.126071428571517,0.3131304858533674,-0.0004861819650946453,-0.005970719178706729,0.002700731303120539,0
2026-06-24 07:00:00+00:00,4086.944,4090.942,4073.765,4074.898,12925,4073.0299999999997,4081.6074999999996,4102.92045,4143.68654,4086.811748116872,4106.440216865957,-19.628468749085187,-18.89992395319997,-0.7285447958852167,23.154815481548198,4102.92045,4153.983355260961,4051.8575447390385,0.024891004289864353,20.45857142857153,0.26723997320869974,0.00335041246736556,-0.008512649018804441,0.0028002458592797474,0
2026-06-24 08:00:00+00:00,4074.846,4087.63,4073.059,4076.368,13063,4075.7336000000005,4078.8007,4100.583250000001,4141.57774,4085.2050176373527,4104.212645246256,-19.007627608903476,-18.921464684340673,-0.08616292456280306,25.62109606851118,4100.583250000001,4152.032418021155,4049.134081978847,0.02509358541673495,20.62450000000006,0.32878805623834023,0.0033272210394181823,-0.006838454784043324,0.002819202861566726,0
2026-06-24 09:00:00+00:00,4076.306,4079.188,4063.977,4064.674,11382,4075.7468,4075.3594,4098.1479500000005,4138.99402,4082.0463995392984,4101.283856709496,-19.23745717019756,-18.98466318151205,-0.2527939886855073,25.341285002096456,4098.1479500000005,4151.6179296364435,4044.6779703635575,0.02609470438296059,20.417571428571495,0.3218051383824636,1.6237728213797098e-05,-0.008395284120585988,0.0028998229469951913,0
2026-06-24 10:00:00+00:00,4064.723,4066.78,4054.318,4055.683,12154,4071.7277999999997,4071.2170000000006,4094.1528,4136.1562,4077.990491917868,4097.906015471755,-19.915523553887397,-19.17083525598712,-0.7446882979002751,24.661745502031295,4094.1528,4147.784828630343,4040.5207713696564,0.026199329263110787,20.26228571428575,0.30484666504694014,-0.004930347040491334,-0.010110548735973945,0.0029276548551365276,0
2026-06-24 11:00:00+00:00,4055.747,4058.541,4037.501,4046.635,43965,4063.6516,4066.9800999999998,4089.9822,4133.28422,4073.1665700843505,4094.1081624738476,-20.941592389497146,-19.52498668268913,-1.4166057068080171,23.11733353734722,4089.9822,4144.820802399327,4035.1435976006737,0.026816059199145863,21.359500000000025,0.26630458012082936,-0.009880313656711825,-0.010361691991497168,0.0029380137218393064,0
2026-06-24 12:00:00+00:00,4046.759,4048.931,3987.432,3987.803,85465,4046.2326000000003,4059.6312999999996,4082.4477500000003,4129.09646,4060.0337131482966,4086.2337059943034,-26.199992846006808,-20.859987915352665,-5.340004930654143,15.901369991170682,4082.4477500000003,4149.3122208863515,4015.5832791136495,0.03275704919253455,24.44507142857151,0.09954876645446901,-0.021373541129127704,-0.018094738840432778,0.004955350721950401,0
2026-06-24 13:00:00+00:00,3987.765,4042.188,3964.425,4038.282,164087,4038.6154,4057.1744999999996,4077.63445,4125.695060000001,4056.687295740866,4082.681727772503,-25.99443203163719,-21.886876738609573,-4.107555293027616,35.93473141709802,4077.63445,4142.538254532118,4012.7306454678815,0.03183404757241951,28.3113571428572,0.975647974376762,-0.009343121131360044,-0.00604698672114401,0.006753871079689108,0
2026-06-24 14:00:00+00:00,4038.166,4041.242,4002.917,4007.858,54828,4027.2522,4051.4994999999994,4071.6213000000002,4121.7613,4049.175096396117,4077.139229418984,-27.964133022866918,-23.102327995461046,-4.861805027405872,31.75590869879845,4071.6213000000002,4139.06499197343,4004.1776080265713,0.03312866644716156,29.741428571428646,0.8220901946385263,-0.013977996759395706,-0.013961986002094195,0.00708225505983278,0
2026-06-24 15:00:00+00:00,4008.168,4017.011,3997.238,4002.421,60558,4016.5998,4044.1638,4065.8624000000004,4117.65892,4041.982158489022,4071.6045457583186,-29.622387269296723,-24.406339850228186,-5.216047419068538,32.10584836172296,4065.8624000000004,4136.375600073511,3995.3491999264897,0.03468548275195475,28.720071428571504,0.8369885766744609,-0.01313268320033889,-0.017998281555079765,0.0069336476717686635,0
2026-06-24 16:00:00+00:00,4002.682,4022.3,3995.487,4006.539,47994,4008.5806000000002,4036.1161,4060.6110999999996,4113.91978,4036.5293648753263,4066.784875702147,-30.255510826820682,-25.57617404554669,-4.679336781273992,37.46152718745426,4060.6110999999996,4132.424519335157,3988.797680664842,0.03537074473108617,27.48485714285721,0.9999999999960025,-0.009908479514460833,-0.019690894285708693,0.006828362633109049,0
2026-06-24 17:00:00+00:00,4006.616,4011.317,3972.782,3972.964,26935,4005.6128000000003,4025.9227000000005,4053.7650999999996,4109.3791599999995,4026.75007797143,4059.8351812056917,-33.085103234261624,-27.07795988328968,-6.007143350971944,32.048076308557654,4053.7650999999996,4131.649474931703,3975.880725068296,0.03842569710400989,28.769857142857195,0.7835937973753556,-0.003721096553666259,-0.02501510467255874,0.007124691958810488,1
2026-06-24 18:00:00+00:00,3973.011,3994.389,3958.85,3981.538,28748,3994.264,4016.4397000000004,4047.6202000000003,4105.046939999999,4019.794373668133,4054.03539000527,-34.2410163371369,-28.510571174059123,-5.730445163077775,33.849079201144804,4047.6202000000003,4128.02366061587,3967.216739384131,0.03972875746388919,30.42442857142864,0.8324479755177577,-0.014051519928524048,-0.023263356007112157,0.007227018159085667,1
2026-06-24 19:00:00+00:00,3981.591,3990.924,3973.448,3988.052,18015,3990.3028,4008.7775,4042.06845,4101.148,4014.910931565343,4049.1477314863614,-34.236799921018246,-29.655816923450946,-4.5809829975673,32.62934038778373,4042.06845,4122.841691612798,3961.2952083872024,0.03996629082953696,29.862285714285786,0.7758742315394127,-0.004941791849910837,-0.018850712258842828,0.007329210712291397,0
2026-06-24 20:00:00+00:00,3987.904,4002.981,3984.83,4001.059,12831,3990.0304000000006,4003.3151,4037.2660499999997,4097.37676,4012.779865170675,4045.5856032281126,-32.80573805743779,-30.285801150248318,-2.519936907189475,33.09802934548797,4037.2660499999997,4115.646734719263,3958.885365280736,0.038828595266474156,29.595357142857242,0.7976128929710122,-0.0003402940370339502,-0.013468508263589585,0.007503722119929689,0
2026-06-24 22:00:00+00:00,4004.49,4008.952,3993.063,3996.185,6478,3987.9595999999997,3998.2701,4032.6251,4093.6342999999997,4010.226808990571,4041.926299285289,-31.69949029471809,-30.56853897914227,-1.1309513155758175,34.06858081987724,4032.6251,4109.07507623061,3956.1751237693907,0.037915736938010695,29.503357142857244,0.8426288669061217,-0.0025842753558620313,-0.012467148630899594,0.007497038399719471,0
2026-06-24 23:00:00+00:00,3996.239,4018.657,3990.78,4012.364,8890,3995.8396000000002,4000.7262,4030.1787500000005,4090.0563399999996,4010.5556076074063,4039.7364993382307,-29.18089173082444,-30.291009529478707,1.1101177986542652,37.77364315022972,4030.1787500000005,4105.89418734111,3954.46331265889,0.03757423282583192,30.453785714285818,0.9999999999954281,0.00991702920036519,0.006159030423519063,0.005981374945870098,0
2026-06-25 00:00:00+00:00,4012.309,4016.506,3978.404,3991.339,23691,3997.7998,3996.0318999999995,4026.6032,4086.07378,4007.599206437036,4036.1514993872506,-28.55229295021445,-29.94326621362586,1.3909732634114107,36.47340054670823,4026.6032,4102.575985769213,3950.630414230787,0.03773542213904405,32.088857142857215,0.9405529277108077,0.002461611568193023,-0.011624497744337825,0.004468936769210133,0
2026-06-25 01:00:00+00:00,3991.274,4005.94,3972.304,3976.883,39066,3995.5660000000003,3992.9343999999996,4022.2169500000005,4081.7639400000003,4002.873636215954,4031.76124017338,-28.88760395742611,-29.73213376238591,0.8445298049598016,35.75261623912469,4022.2169500000005,4099.075404354045,3945.358495645956,0.03821696109855257,33.60128571428579,0.9075986800046562,-0.0028006154383143356,-0.007728567229677408,0.00399503641789026,1
2026-06-25 02:00:00+00:00,3976.953,3991.138,3962.407,3983.042,27764,3991.9626,3990.9965,4017.5801500000002,4077.6245599999993,3999.822615259653,4028.1524075679445,-28.329792308291417,-29.451665471567015,1.1218731632755983,38.38072303245357,4017.5801500000002,4091.9833147213753,3943.176985278625,0.03703879546566114,34.15064285714292,0.9999999999955516,-0.0045030578154434675,-0.004841819488754395,0.004052729253699174,1
2026-06-25 03:00:00+00:00,3983.09,4001.197,3966.223,3995.365,24777,3991.7985999999996,3989.8790999999997,4012.9975999999997,4073.7829,3999.136828296629,4025.7237107110595,-26.58688241443042,-28.878708860139696,2.291826445709276,51.66458281970905,4012.9975999999997,4080.3495854072103,3945.645614592789,0.033566920352611516,32.25600000000005,0.9999999999949771,-0.00020519570540411536,-0.002788940779061555,0.004188369640776145,0
2026-06-25 04:00:00+00:00,3995.312,3997.71,3983.51,3996.219,13361,3988.5696,3992.2045999999996,4009.06365,4069.84294,3998.6879316356094,4023.538176584314,-24.850244948704585,-28.07301607785267,3.222771129148086,38.15253578490201,4009.06365,4070.086027004614,3948.041272995386,0.030442209120134123,27.71578571428576,0.32129849769115887,-0.004023812395884341,0.005853312539454203,0.00307283077085883,0
2026-06-25 05:00:00+00:00,3996.269,4000.225,3980.397,3986.558,20974,3987.6133999999997,3992.7066,4004.5731499999993,4066.3478400000004,3996.8217883070542,4020.7989042447352,-23.977115937680992,-27.253836049818332,3.2767201121373404,43.206001684146095,4004.5731499999993,4057.410650240969,3951.7356497590295,0.026388580386386404,26.394571428571453,0.5688028787994752,-0.001197843630921791,0.001260819311532435,0.0031526969251863884,0
2026-06-25 06:00:00+00:00,3986.479,3989.3,3973.758,3977.494,19115,3987.7356,3991.6508000000003,4000.21415,4062.9565199999993,3993.8482824136613,4017.59113355994,-23.742851146278554,-26.551639069110376,2.808787922831822,42.228914535830036,4000.21415,4046.102360559426,3954.3259394405736,0.022942876975437013,26.092357142857185,0.5189934416422712,0.00015363791190248222,-0.002647407807119917,0.003187475683950256,1
2026-06-25 07:00:00+00:00,3977.55,3989.919,3971.328,3987.752,15312,3988.6776,3990.3201,3996.8176,4059.83274,3992.91039281156,4015.380827370315,-22.470434558754732,-25.735398167039246,3.264963608284514,44.35903749031662,3996.8176,4034.7926283569977,3958.842571643002,0.01900263267305362,25.505071428571455,0.6275817345304474,0.001182513264986973,-0.003325869476056287,0.0031100526898689626,1
2026-06-25 08:00:00+00:00,3987.7,4002.15,3984.205,3989.275,18267,3987.4595999999997,3989.6291000000006,3993.9496,4057.25218,3992.351101609782,4013.4470623799216,-21.095960770139754,-24.807510687659352,3.711549917519598,56.06487644176069,3993.9496,4023.899021190772,3964.0001788092277,0.014997395656055464,24.034357142857193,0.9999999999957331,-0.0015242662435095422,-0.001729149176026623,0.0031003535309751065,1
2026-06-25 09:00:00+00:00,3988.98,3997.708,3986.066,3988.347,12169,3985.8851999999997,3987.2273999999998,3993.9767999999995,4054.59684,3991.735085977508,4011.5877984999274,-19.85271252241955,-23.816551054611395,3.9638385321918435,52.68440764833438,3993.9767999999995,4023.9036962967593,3964.0499037032396,0.014986014088394246,22.327428571428623,0.8557545777606301,-0.0019698620120668364,-0.005985748052768858,0.00272631248493209,1
2026-06-25 10:00:00+00:00,3988.294,3989.512,3981.256,3984.16,8433,3985.4055999999996,3986.5095,3991.2707,4051.98894,3990.5696881348144,4009.556109722155,-18.986421587340374,-22.850525161157194,3.86410357381682,48.43692268148876,3991.2707,4012.9921427178906,3969.5492572821095,0.010884474820457839,21.66885714285721,0.667871095742321,-0.0006015214127074175,-0.0017986445150361963,0.0022056744533077554,1
2026-06-25 11:00:00+00:00,3984.203,3987.855,3973.514,3980.229,12307,3985.9525999999996,3986.8441,3989.88925,4049.6142199999995,3988.9788130371508,4007.383731224217,-18.404918187066414,-21.96140376633904,3.556485579272625,40.97659025142511,3989.88925,4010.6625255233184,3969.115974476682,0.010412958466613208,21.396714285714324,0.3140533092601235,0.0006876188876714373,0.0008413624439038703,0.0018821828231610686,1
2026-06-25 12:00:00+00:00,3980.269,4019.472,3978.817,4012.274,37705,3990.857,3989.7672999999995,3990.3818999999994,4047.75526,3992.562687954512,4007.7459733557566,-15.183285401244575,-20.60578009332015,5.422494692075574,55.641581283793684,3990.3818999999994,4012.8081103699474,3967.9556896300514,0.011240132364247127,23.16571428571433,0.9791606077392615,0.006149329246151636,0.007339114174542916,0.003143985936821496,1
2026-06-25 13:00:00+00:00,4012.589,4034.05,4000.817,4002.336,56785,3993.4691999999995,3990.4644,3990.17175,4045.3593,3994.0662744230485,4007.345234588664,-13.278960165615445,-19.14041610777921,5.861455942163765,46.32275287491192,3990.17175,4012.0321019779362,3968.3113980220637,0.010957098264221966,23.548285714285775,0.520382100774953,0.003274028488885694,0.0017447717542702357,0.0031731673804837927,1
2026-06-25 14:00:00+00:00,4002.293,4028.781,3998.979,4012.083,39573,3998.2164,3992.0508,3992.1277,4043.2038000000002,3996.8380783579637,4007.696180174689,-10.858101816725139,-17.483953249568398,6.625851432843259,58.29269072708955,3992.1277,4014.4996166263427,3969.7557833736573,0.011208016530304218,22.95542857142865,0.9999999999955635,0.005951337734655393,0.003969752408464089,0.0032526540904599184,1
2026-06-25 15:00:00+00:00,4012.132,4042.766,4004.935,4040.971,30866,4009.5786,3997.4920999999995,3995.0993499999995,4041.56098,4003.627758610585,4010.16098164323,-6.53322303264531,-15.29380720618378,8.76058417353847,72.96962137829192,3995.0993499999995,4025.790681670601,3964.408018329398,0.01536448983207457,23.25507142857152,0.9999999999971277,0.014259216497329419,0.013649117860570437,0.0037156282837204086,0
2026-06-25 16:00:00+00:00,4041.098,4044.133,4023.886,4028.882,18112,4019.3091999999997,4002.6309,3997.14085,4039.87102,4007.513026516649,4011.5477237437312,-4.034697227082233,-13.041985210363471,9.007287983281238,65.7595093374405,3997.14085,4031.114671478015,3963.1670285219843,0.016999061455647956,22.649071428571524,0.7929145441656507,0.012223668537664656,0.012919692650699144,0.003799687846810475,0
2026-06-25 17:00:00+00:00,4028.935,4036.807,4026.835,4034.574,12537,4023.7692,4007.3131000000003,3998.8166000000006,4037.8507799999998,4011.6762532063954,4013.253373836788,-1.5771206303925283,-10.749012294369283,9.171891663976755,64.12377075753759,3998.8166000000006,4036.6869429331273,3960.946257066874,0.018940775094875177,20.863214285714353,0.7459336279855563,0.005557945444403911,0.011741452327025392,0.003773570330440068,0
2026-06-25 18:00:00+00:00,4034.672,4044.303,4025.866,4034.894,13871,4030.2808000000005,4011.875,4000.75205,4035.94772,4015.2482142515655,4014.856383182211,0.391831069354339,-8.520843621624559,8.912674690978898,63.98521743532616,4000.75205,4041.8732003756877,3959.6308996243124,0.02055671026935431,21.165857142857217,0.7191762197395284,0.00813474930640501,0.011435411196270007,0.0037818354125095308,0
2026-06-25 19:00:00+00:00,4034.65,4043.876,4021.94,4026.674,11889,4033.1989999999996,4015.7077000000004,4001.46755,4033.71136,4017.0060274436323,4015.7317622057512,1.2742652378810817,-6.56182184972343,7.836087087604512,64.6590659942995,4001.46755,4043.9159808631803,3959.0191191368194,0.0212164313881193,21.316428571428656,0.7402385741097384,0.003636764244408619,0.009609745591343977,0.003896157412472429,0
2026-06-25 20:00:00+00:00,4026.601,4035.079,4024.357,4026.823,6249,4030.3693999999996,4019.9739999999997,4003.24175,4031.5568599999997,4018.5163309138425,4016.553335375695,1.9629955381474247,-4.85685837214926,6.819853910296684,69.28194504162911,4003.24175,4046.8578617016087,3959.6256382983916,0.0217903960966677,20.97214285714293,0.8847350123804157,-0.003501138711463181,0.010708154290992367,0.0038486205255149784,0
2026-06-25 22:00:00+00:00,4028.945,4036.66,4019.753,4026.479,7688,4029.8887999999997,4024.5989999999997,4005.7215499999998,4029.52402,4019.741356927097,4017.28856979231,2.4527871347868313,-3.3949292707620415,5.847716405548873,66.40960669824823,4005.7215499999998,4048.6619802801074,3962.781119719892,0.021439548278191053,20.851857142857202,0.7949548870780713,-0.0005964433805706326,0.011619934430908474,0.0038053567977283523,0
2026-06-25 23:00:00+00:00,4026.24,4030.366,4012.414,4014.687,7678,4025.9113999999995,4024.8403,4007.3038,4027.46578,4018.963763553698,4017.0958609188056,1.867902634892289,-2.342362889631175,4.210265524523464,59.90566773212747,4007.3038,4049.0407699283337,3965.5668300716666,0.02083044960471106,20.852357142857176,0.5916625219280055,-0.00492914493574792,0.000601404590015564,0.003119038474699712,0
2026-06-26 00:00:00+00:00,4014.626,4024.604,4011.347,4020.459,17918,4023.0244,4026.6526,4008.5585000000005,4025.6436599999997,4019.193799930052,4017.3449823322276,1.8488175978245636,-1.5041267921400272,3.3529443899645908,62.061841729645124,4008.5585000000005,4050.293045905214,3966.823954094787,0.020822720140027146,20.96771428571427,0.6590576364753178,-0.003577541318309674,0.004528105586337539,0.0030083268067478608,0
2026-06-26 01:00:00+00:00,4020.512,4029.72,4014.14,4020.832,22116,4021.8559999999998,4027.5275,4009.7891499999996,4023.86262,4019.4458307100435,4017.603279937248,1.8425507727956756,-0.8347912791528865,2.6773420519485622,64.18097447795827,4009.7891499999996,4051.443123292865,3968.135176707134,0.020776141455151293,21.4908571428571,0.725294959844373,-0.0014508251723382992,0.002180662762958807,0.002927180935014371,1
2026-06-26 02:00:00+00:00,4020.882,4023.396,3982.915,3990.614,18969,4014.6142,4022.4918000000007,4009.9919500000005,4021.58618,4015.01016444696,4015.60407401597,-0.5939095690100658,-0.7866149371243224,0.19270536811425665,53.33736109057962,4009.9919500000005,4051.2068721138558,3968.7770278861453,0.020556112145738947,23.35799999999998,0.2632432480669019,-0.008991952216424681,-0.012461608855891315,0.002720753095577226,1
2026-06-26 03:00:00+00:00,3990.551,4006.722,3986.658,4004.141,15026,4010.1466,4020.0176999999994,4011.3243,4019.6872599999997,4013.337985301274,4014.754957422195,-1.4169721209209456,-0.9126863738836473,-0.5042857470372983,47.03324602937212,4011.3243,4049.7438545175214,3972.904745482479,0.01915554647003793,21.887214285714272,0.026663288947720604,-0.005547775115677944,-0.0061409095625039045,0.0030007825100049823,1
2026-06-26 04:00:00+00:00,4004.198,4015.386,3998.729,4011.423,12039,4009.4937999999993,4017.7025999999996,4012.5078500000004,4017.97358,4013.043372178001,4014.508145761292,-1.4647735832909348,-1.023103815765105,-0.44166976752582987,53.38025339810883,4012.5078500000004,4049.2935334469826,3975.7221665530183,0.018335507279808632,20.70321428571427,0.24471450938407918,-0.0008130148128608905,-0.005738152280761355,0.0030337667056099197,1
2026-06-26 05:00:00+00:00,4011.549,4021.749,4005.642,4008.155,15995,4007.0330000000004,4015.0287,4013.45185,4016.3565999999996,4012.291314919847,4014.0375423715664,-1.7462274517192782,-1.1677285429559396,-0.5784989087633385,48.46483342973723,4013.45185,4048.66247988612,3978.24122011388,0.017546307369363325,19.724999999999973,0.05519612440445399,-0.0030603470897228036,-0.00662693988987062,0.00302563020567807,1
2026-06-26 06:00:00+00:00,4008.001,4033.119,4006.697,4031.964,20385,4009.2594,4015.5577,4015.6326999999997,4015.77006,4015.317881855255,4015.365428121821,-0.047546266565859696,-0.9436920876779237,0.896145821112064,46.33429652842774,4015.6326999999997,4049.6800949549643,3981.585305045035,0.016957424893449344,18.910071428571396,0.0,0.00276858122895951,0.0013137393292825816,0.0036163199997852375,1
2026-06-26 07:00:00+00:00,4031.909,4039.738,4026.766,4030.704,11862,4017.2774000000004,4015.9458,4017.9599000000003,4015.1271400000005,4017.684976954447,4016.5016186313155,1.183358323131415,-0.5182820055160559,1.7016403286474708,50.8132040776249,4017.9599000000003,4049.196232697649,3986.7235673023515,0.01554835462526581,18.390428571428533,0.1951793686660752,0.010046073110554055,0.0009637870847565289,0.0036190837223006147,1
2026-06-26 08:00:00+00:00,4030.507,4037.96,4025.705,4031.04,10637,4022.6572,4016.4019,4020.5004500000005,4014.4557800000002,4019.7395958845323,4017.578535769737,2.1610601147954185,0.017586418546239196,2.1434736962491794,48.34348926596036,4020.5004500000005,4046.669920348565,3994.330979651436,0.013018016375829318,18.553499999999985,0.08755549556060208,0.0067177954023096564,0.0011327514684666973,0.0036185047884382004,1
2026-06-26 09:00:00+00:00,4030.782,4054.239,4029.432,4047.361,14015,4029.8448000000003,4019.6693,4022.2548,4013.8874399999995,4023.989042671527,4019.7846442312375,4.204398440289424,0.8549488228948764,3.3494496173945474,55.08147809995855,4022.2548,4050.706995864904,3993.8026041350963,0.014147386120294439,19.00850000000001,0.3811798653993064,0.008958915576841475,0.008138617032909412,0.003638188114523423,1
2026-06-26 10:00:00+00:00,4047.311,4055.11,4042.348,4054.851,10609,4039.1839999999997,4023.1085,4024.8805500000003,4013.2441400000007,4028.7370361066764,4022.382152065961,6.35488404071566,1.9549358664590337,4.399948174256627,61.553538186500234,4024.8805500000003,4055.2228698816098,3994.538230118391,0.01507737658530485,18.353214285714298,0.6632157386082854,0.01165024805677417,0.008554247164316298,0.0036483450457802514,1
2026-06-26 11:00:00+00:00,4054.703,4055.866,4042.522,4045.8,10810,4041.9512000000004,4025.6053,4026.5663999999997,4012.66218,4031.3621074748803,4024.1168074684824,7.245300006397883,3.013008694446804,4.232291311951079,57.251820884571785,4026.5663999999997,4057.652433698989,3995.4803663010102,0.015440467440938995,18.5405,0.5438284272440354,0.003431578258139334,0.006209660090250146,0.003774436860717553,1
2026-06-26 12:00:00+00:00,4045.852,4061.665,4035.726,4058.864,14833,4047.5832,4032.4303,4027.4610500000003,4012.3121,4035.59316786336,4026.690673581928,8.902494281432155,4.190905811843875,4.71158846958828,61.27902036039947,4027.4610500000003,4061.2085850368144,3993.7135149631863,0.016758714543900575,19.18564285714287,0.8373952773816441,0.0069863726038925655,0.017102631324402706,0.0025204622972957165,1
2026-06-26 13:00:00+00:00,4058.916,4078.025,4043.257,4073.487,36681,4056.0725999999995,4039.3649000000005,4029.6913,4012.4883600000003,4041.422988192074,4030.157068131415,11.265920060659028,5.605908661606906,5.660011399052122,70.08279027829037,4029.6913,4069.2324717428523,3990.1501282571476,0.019624913572338597,20.386785714285743,0.9999999999957893,0.010530036913550811,0.017318570949424572,0.0025371743581747716,0
2026-06-26 14:00:00+00:00,4073.708,4093.139,4067.869,4080.422,27574,4062.6848,4046.2648,4031.9836999999998,4012.9831399999994,4047.422836162524,4033.880396417977,13.54243974454721,7.193214878194968,6.349224866352242,70.318588748755,4031.9836999999998,4077.5706474770063,3986.396752522993,0.022612664568562896,21.2448571428572,0.9999999999958307,0.008168532532679906,0.017200629302868364,0.002536945694539387,0
2026-06-26 15:00:00+00:00,4080.624,4096.089,4075.644,4090.438,19502,4069.8021999999996,4054.4930999999997,4034.7608999999998,4013.8592000000003,4054.0405536759818,4038.069848535164,15.9707051408177,8.948712930719514,7.021992210098185,72.13931297709954,4034.7608999999998,4087.327619513372,3982.1941804866274,0.026056919265462494,21.592357142857217,0.9999999999961249,0.008776401401679124,0.02052889671182867,0.0023813613138501883,0
2026-06-26 16:00:00+00:00,4090.488,4093.571,4082.043,4085.155,12259,4077.6732,4059.8122000000003,4037.68495,4015.80624,4058.827391571984,4041.557637532559,17.269754039425152,10.612921152460643,6.656832886964509,85.73923562544938,4037.68495,4094.677379778068,3980.6925202219318,0.02823025098977476,19.524285714285757,0.9999999999974623,0.009727371595234624,0.013192330090248783,0.0021511967871086944,0
2026-06-26 17:00:00+00:00,4085.183,4088.301,4073.607,4074.729,10151,4080.8462,4064.2147000000004,4040.08025,4016.53518,4061.273792868602,4044.01477549311,17.25901737549202,11.94214039706692,5.3168769784251015,77.32495122479962,4040.08025,4099.139865622179,3981.020634377821,0.02923685271953649,19.140714285714303,0.7864662503344818,0.003908729141947065,0.010922409584032788,0.0024369135451593514,0
2026-06-26 18:00:00+00:00,4074.86,4078.921,4067.087,4067.488,7628,4079.6464,4067.8595,4042.1307,4017.7277800000006,4062.229824734971,4045.7535328639906,16.476291870980276,12.848970691849592,3.627321179130684,71.70991999876104,4042.1307,4102.043417729584,3982.2179822704165,0.029644126910385957,18.79621428571428,0.6439706303768117,-0.001472694033392119,0.009041835357624706,0.002588562662988312,1
2026-06-26 19:00:00+00:00,4067.572,4074.582,4064.453,4071.779,8321,4077.9178,4070.3013,4044.9852999999994,4019.11494,4063.698928621898,4047.6813452444358,16.017583377462415,13.482693228972158,2.5348901484902573,74.44331750495594,4044.9852999999994,4104.83278245558,3985.1378175444192,0.0295909517671574,18.369214285714275,0.7133375059214707,-0.0021181632684070806,0.006033066978705426,0.002346146784163166,0
2026-06-26 20:00:00+00:00,4071.85,4090.442,4064.635,4088.284,8822,4077.4869999999996,4073.6446000000005,4048.3765499999995,4020.74984,4067.481247295452,4050.6889493004037,16.792297995048102,14.144614182187347,2.6476838128607554,72.92375571872817,4048.3765499999995,4110.031621061403,3986.721478938596,0.03045915828230124,18.325285714285688,0.6573011330328734,-0.000526593973554923,0.008245185828036572,0.002569021243786771,0
2026-06-28 22:00:00+00:00,4075.932,4085.346,4053.428,4066.406,9406,4073.7372000000005,4075.7051999999994,4050.65525,4022.61868,4067.315824634613,4051.8531752781514,15.462649356461498,14.408221217042176,1.054428139419322,62.44318973930003,4050.65525,4111.3857354510765,3989.924764548923,0.029985511826056625,19.88842857142858,0.3770402210390494,-0.004589544337974982,0.005093183054031281,0.0031131274502822774,1
2026-06-28 23:00:00+00:00,4066.429,4070.666,4051.744,4062.867,8868,4071.3648000000003,4076.1055,4054.2679,4024.24526,4066.6313900754417,4052.669014146436,13.962375929005702,14.31905215943488,-0.3566762304291782,60.850384895986075,4054.2679,4108.172419263496,4000.3633807365036,0.026591493504164346,20.364642857142858,0.1881711925998523,-0.002911113843399038,0.0009862365430328701,0.0029828469428734095,0
2026-06-29 00:00:00+00:00,4062.923,4074.316,4048.291,4069.654,23071,4071.7980000000002,4075.7221999999992,4057.54355,4025.8772999999997,4067.096406986912,4053.9271612467005,13.169245740211409,14.089090875590188,-0.9198451353787789,58.128477564920644,4057.54355,4106.342795026592,4008.744304973408,0.024053590269705025,20.451642857142815,0.030773472718387315,0.0005325154001682986,-0.0009409628654761804,0.0027870801849618227,0
2026-06-29 01:00:00+00:00,4069.746,4074.709,4053.792,4061.427,26614,4069.7275999999997,4073.8226999999997,4060.04375,4027.08466,4066.224190527387,4054.4827048580564,11.741485669330359,13.619569834338222,-1.8780841650078628,52.38492449189794,4060.04375,4103.7519837126665,4016.335516287333,0.02153091759795283,21.034142857142797,0.0,-0.0025423776683360932,-0.004655155765751706,0.0027696104289085598,1
2026-06-29 02:00:00+00:00,4061.39,4071.984,4058.352,4066.278,19395,4065.3264000000004,4071.4067000000005,4062.9499000000005,4028.48652,4066.2324689077886,4055.3564304241263,10.876038483662342,13.070863564203044,-2.194825080540703,57.66013795580015,4062.9499000000005,4099.229386411629,4026.670413588372,0.017858692479387237,21.054714285714226,0.15815687041966833,-0.005382698462239932,-0.005906457939223175,0.002648103849792861,0
2026-06-29 03:00:00+00:00,4066.383,4075.749,4065.072,4068.975,12146,4065.8402,4069.7886999999996,4064.80045,4029.61874,4066.6543967681287,4056.3652133556725,10.289183412456168,12.514527533853672,-2.2253441213975034,54.100195459817144,4064.80045,4098.0764584683575,4031.5244415316424,0.016372763621573368,19.964571428571357,0.051425765054660406,0.0006317618063715891,-0.003960682030424878,0.0026625966776780774,0
2026-06-29 04:00:00+00:00,4069.027,4069.089,4049.726,4052.456,8882,4063.7580000000003,4067.5614,4065.88805,4030.84108,4064.470028034571,4056.0756419959926,8.394386038578432,11.690499234798626,-3.296113196220194,41.60070290347059,4065.88805,4095.714920898339,4036.061179101661,0.014671762002074389,18.8642142857142,0.0,-0.002562476202149888,-0.005466130385603507,0.0028354651765880316,0
2026-06-29 05:00:00+00:00,4052.105,4057.424,4039.245,4054.644,17343,4060.756,4066.2769999999996,4067.0682500000003,4032.3963,4062.9583314138677,4055.969594440734,6.988736973133655,10.750146782465633,-3.761409809331978,39.29911663124321,4067.0682500000003,4092.656015217135,4041.4804847828655,0.012582904266302784,18.357714285714206,0.0,-0.003688274236581357,-0.0031577228992439865,0.002818154977455666,0
2026-06-29 06:00:00+00:00,4054.542,4065.031,4053.796,4062.415,13914,4060.9536,4065.3405999999995,4067.82095,4033.9837600000005,4062.87474196558,4056.4470318895683,6.427710076011863,9.88565944117488,-3.4579493651630173,38.146239943148544,4067.82095,4091.8030973031573,4043.8388026968423,0.011791151871203914,17.699857142857063,0.0,0.00024326425170251298,-0.0022997318862344462,0.002877166974872541,0
2026-06-29 07:00:00+00:00,4062.533,4068.741,4056.064,4061.765,10473,4060.0510000000004,4062.6886999999997,4068.16665,4035.3117599999996,4062.704012432414,4056.840955453304,5.863056979109842,9.081138948761874,-3.2180819696520313,39.70238619353686,4068.16665,4091.5535372690124,4044.779762730988,0.01149750700061035,17.781928571428516,0.039719179102073954,-0.0011098601718819712,-0.006486584591481437,0.0024588506189755365,0
2026-06-29 08:00:00+00:00,4061.713,4066.76,4043.71,4046.901,11837,4055.6362,4060.7382000000007,4068.2216999999996,4036.3254,4060.272779750504,4056.104662456763,4.168117293741034,8.098534617757705,-3.9304173240166715,38.20927394752893,4068.2216999999996,4091.3910812664544,4045.052318733545,0.011390422142655019,18.378785714285673,0.0017366137610631282,-0.005424953458794901,-0.004796618930820062,0.002136297930694838,0
2026-06-29 09:00:00+00:00,4046.845,4055.211,4024.329,4031.398,14851,4051.4246,4057.5913,4066.8484,4037.2221999999997,4055.8305059427344,4054.2745393118175,1.5559666309168279,6.7900210203895295,-5.234054389472702,35.709194583036364,4066.8484,4095.0603622216654,4038.6364377783343,0.01387411550509999,19.739357142857084,0.0,-0.0051963550005231784,-0.007745515666646274,0.002387030175426081,0
2026-06-29 10:00:00+00:00,4031.447,4039.602,4027.367,4036.709,11451,4047.8376,4054.2968,4065.0095,4038.4065,4052.8887357976982,4052.973388251683,-0.08465245398474508,5.415086325514674,-5.4997387794994195,36.224369549846585,4065.0095,4096.052006400044,4033.966993599957,0.015273030186051728,19.88978571428564,0.013843370742178172,-0.004423322984705935,-0.008095282793082692,0.0023491533432417866,0
2026-06-29 11:00:00+00:00,4036.781,4042.41,4027.248,4039.425,10642,4043.2396,4052.0966,4062.95965,4039.4399599999997,4050.817391828821,4051.969803936744,-1.152412107922828,4.101586638827174,-5.253998746750002,28.476401088977,4062.95965,4095.111462589109,4030.8078374108904,0.01582679394274041,19.129428571428498,0.0,-0.005659195330856126,-0.0054173077590708996,0.002349271327174998,0
2026-06-29 12:00:00+00:00,4039.203,4052.461,4037.722,4043.53,13793,4039.5926,4049.8218,4060.61425,4040.52506,4049.6962546243867,4051.344633274763,-1.648378650376344,2.9515935809864695,-4.5999722313628135,38.05156276115659,4060.61425,4091.128074503985,4030.1004254960153,0.015029166833064617,17.69249999999988,0.29576717308658684,-0.004489427625674947,-0.0055943051606406335,0.0023352848482162602,0
2026-06-29 13:00:00+00:00,4043.583,4051.821,4028.188,4032.439,21194,4036.7002,4046.1682,4057.97845,4041.4069,4047.0412923744807,4049.944215995151,-2.902923620670208,1.7806901406551339,-4.683613761325342,35.26917118512755,4057.97845,4088.6733545215384,4027.2835454784617,0.015128175223078535,18.028999999999865,0.22908244222419055,-0.0035735986622850158,-0.008979165514656606,0.002385173885104365,0
2026-06-29 14:00:00+00:00,4032.493,4035.564,4000.245,4025.569,31068,4035.5343999999996,4043.4795,4055.52045,4042.23508,4043.7378627784065,4048.1386444399545,-4.400781661548081,0.5443957802144906,-4.945177441762572,28.674670820312727,4055.52045,4088.3655338139333,4022.6753661860666,0.01619771578956449,18.692857142857033,0.006793843168194362,-0.0014459004047727708,-0.0066347419934973395,0.0021422626808519874,0
2026-06-29 15:00:00+00:00,4025.614,4030.497,4016.644,4027.077,14646,4033.608,4040.7228000000005,4053.4999000000003,4043.1720400000004,4041.17465312019,4046.5785226295875,-5.403869509397282,-0.6452572777078642,-4.758612231689417,32.22859153180747,4053.4999000000003,4088.166592401803,4018.8332075981975,0.01710457296510737,18.188285714285616,0.1285712813249492,-0.002386102144097957,-0.006798870628346054,0.002132561072216647,0
2026-06-29 16:00:00+00:00,4026.964,4028.797,4018.576,4023.962,8547,4030.5154,4036.8775,4051.1090500000005,4043.4058,4038.526552640161,4044.9032246570255,-6.376672016864632,-1.7915402255392179,-4.585131791325414,27.706831879293816,4051.1090500000005,4087.0402464880135,4015.1778535119875,0.017738943111399594,17.944642857142753,0.0,-0.003828020077115024,-0.00946555189462428,0.0019285477919157496,0
2026-06-29 17:00:00+00:00,4024.014,4032.084,4019.213,4021.084,8581,4026.0262000000002,4032.8094000000006,4047.74905,4043.78076,4035.843083003213,4043.1388376453942,-7.295754642181237,-2.892383108867622,-4.4033715333136145,24.817802269452883,4047.74905,4081.5479176391955,4013.9501823608043,0.016700080574014627,18.101357142857037,0.0,-0.00555109026024303,-0.010015596667951043,0.0019112257418860735,0
2026-06-29 18:00:00+00:00,4020.884,4025.276,4011.892,4013.244,5855,4022.1872000000003,4029.4437,4045.0909500000002,4043.8039799999997,4032.3663010027185,4040.924405227217,-8.558104224498493,-4.025527331993797,-4.532576892504696,27.31049647031601,4045.0909500000002,4081.0073241724012,4009.1745758275993,0.017758005748869994,17.67428571428562,0.16746818141238604,-0.004760146402710497,-0.0083167342121786,0.0017135743682034589,0
2026-06-29 19:00:00+00:00,4013.44,4019.663,4005.236,4016.014,7551,4020.2762000000002,4027.905300000001,4042.7483,4043.30484,4029.8505623869155,4039.0791900252007,-9.228627638285161,-5.06614739325207,-4.162480245033091,27.79680890196836,4042.7483,4079.8744124512737,4005.6221875487267,0.018366769185839966,17.406285714285623,0.20014040349997875,-0.002373577499230506,-0.0038160459473364217,0.0014031934373011715,0
2026-06-29 20:00:00+00:00,4015.96,4018.031,4012.649,4016.416,3606,4018.1440000000002,4025.876,4040.0863999999992,4043.0555200000003,4027.783706635082,4037.400435208519,-9.61672857343683,-5.976263629289023,-3.6404649441478076,21.11450209110464,4040.0863999999992,4076.720905365087,4003.4518946349112,0.01813550589665013,16.98821428571419,0.0,-0.0026473295643465455,-0.005027114909694874,0.0012874752611897904,0
2026-06-29 22:00:00+00:00,4018.29,4022.279,4009.482,4014.099,5427,4016.1714,4023.3434,4037.72,4042.64602,4025.6783671527614,4035.6744029708507,-9.99603581808924,-6.780218067049068,-3.2158177510401718,20.681510640915562,4037.72,4074.6633134526464,4000.776686547353,0.018299096248698094,16.99678571428561,0.0,-0.0024510668838323424,-0.006269704227705675,0.0012195074149351196,0
2026-06-29 23:00:00+00:00,4014.029,4022.522,4013.344,4015.064,5923,4014.9674,4020.4968,4035.1592999999993,4042.2494200000006,4024.0453875907974,4034.1477064544915,-10.102318863694109,-7.4446382263780775,-2.657680637316031,26.378893324034394,4035.1592999999993,4070.8463350165302,3999.4722649834684,0.01768804270826726,16.00592857142845,0.32800032168279847,-0.0014971087398323313,-0.007039888414331119,0.0011242327433401164,0
2026-06-30 00:00:00+00:00,4015.006,4015.338,3979.601,3986.95,18040,4009.7085999999995,4015.9479,4031.0580500000005,4041.45494,4018.338404884521,4030.651580050455,-12.313175165933899,-8.418345614289242,-3.8948295516446567,22.22069448263788,4031.0580500000005,4069.1539435016925,3992.9621564983086,0.01890118823850328,16.352714285714196,0.0886113542468807,-0.006551806967131868,-0.011280765809476567,0.0022374633009283325,0
2026-06-30 01:00:00+00:00,3987.009,3987.181,3942.138,3969.309,43343,4000.3676,4010.3219,4026.9006999999997,4040.3046600000002,4010.7954195176717,4026.107685231903,-15.312265714231216,-9.797129634277638,-5.515136079953578,13.501277996794514,4026.9006999999997,4072.5609163913277,3981.2404836086716,0.022677597384672562,18.6961428571428,0.0,-0.011629690533947357,-0.013975664061403381,0.0024683107194072,1
2026-06-30 02:00:00+00:00,3969.257,3973.365,3952.451,3962.975,22756,3989.6794,4003.9116999999997,4022.31725,4039.03458,4003.438431899568,4021.4311900295397,-17.992758129971662,-11.436255333416444,-6.556502796555218,10.161542470036437,4022.31725,4074.227510849276,3970.4069891507243,0.02581112210841937,19.10699999999994,0.0,-0.013305643638507614,-0.015917748779077256,0.0023879179894324776,1
2026-06-30 03:00:00+00:00,3962.726,3971.25,3960.117,3969.902,14765,3980.84,3998.5057,4017.6916000000006,4038.1388800000004,3998.2789808380962,4017.6142129903146,-19.335232152218396,-13.016050697176835,-6.31918145504156,12.728303567812816,4017.6916000000006,4071.0253125157597,3964.3578874842415,0.026549430780480554,18.849428571428525,0.10223032716042144,-0.011010440948267641,-0.013434520504915337,0.002607953093060327,1
2026-06-30 04:00:00+00:00,3969.76,3998.155,3968.091,3985.645,12921,3974.9562000000005,3994.9618,4013.8856,4037.4426000000003,3996.3352914783895,4015.24612313918,-18.910831660790336,-14.195006889899537,-4.7158247708908,27.377591274752533,4013.8856,4064.7851098619562,3962.986090138044,0.02536171427604024,19.308785714285705,0.7801699609424975,-0.007327155930764717,-0.008813295121414932,0.0031066409478855326,1
2026-06-30 05:00:00+00:00,3985.701,3990.908,3975.133,3978.065,15917,3973.1792,3991.4438999999998,4010.4438,4036.5872600000002,3993.5244774047906,4012.4919658696112,-18.96748846482069,-15.149503204883768,-3.817985259936922,27.190927074730695,4010.4438,4061.2526046602998,3959.6349953397003,0.02533824543822295,17.912785714285715,0.7717110048084682,-0.002228520548288704,-0.008765726678965913,0.003104845657054154,1
2026-06-30 06:00:00+00:00,3978.115,4034.316,3978.065,4029.494,28682,3985.2162,3992.7918999999993,4010.3486000000003,4037.36486,3999.0582501117456,4013.751375805196,-14.693125693450384,-15.058227702597094,0.3651020091467103,50.784460095420435,4010.3486000000003,4060.9989802841037,3959.698219715897,0.025259839149196876,20.941214285714263,0.9999999999975383,0.015162588752853479,0.0033565620040170163,0.005373577580911872,1
2026-06-30 07:00:00+00:00,4029.688,4034.915,4023.694,4032.358,12343,3999.0928,3994.3860999999997,4010.13105,4037.9292000000005,4004.181288556092,4015.1296442640705,-10.948355707978408,-14.236253303673356,3.2878975956949485,52.72944786871609,4010.13105,4060.340162821522,3959.921937178478,0.02504113316771631,21.012642857142833,0.9999999999976508,0.017507806635166823,0.003969210360679876,0.005373916049797071,0
2026-06-30 08:00:00+00:00,4032.027,4037.789,4013.525,4015.63,12464,4008.2384000000006,3994.5392,4008.9413,4038.0133399999995,4005.9426287782317,4015.166707651917,-9.224078873685357,-13.233818417675757,4.009739543990399,48.373435766519215,4008.9413,4057.3220903207584,3960.5605096792415,0.024136442367344454,21.826428571428583,0.8976690992547226,0.011518672249340112,0.00038140564046873493,0.005562119690231882,1
2026-06-30 09:00:00+00:00,4015.394,4023.906,4012.274,4023.752,9085,4015.8597999999997,3995.4080000000004,4007.9523999999997,4038.32528,4008.682532043119,4015.8026552332567,-7.120123190137747,-12.011079372168156,4.8909561820304095,53.1285727896341,4007.9523999999997,4054.1140139116073,3961.790786088392,0.023035011050334668,21.701285714285728,0.9999999999976726,0.009561062262193332,0.0021638509373698156,0.00559726831718281,1
2026-06-30 10:00:00+00:00,4023.803,4031.351,4021.384,4029.685,7774,4026.1838000000002,3999.6815,4007.8147,4038.2796999999996,4011.9136809595625,4016.8309770678297,-4.917296108267237,-10.592322719387974,5.675026611120737,53.995055494187525,4007.8147,4053.684268956681,3961.9451310433187,0.022890064731127004,21.382714285714297,0.9999999999977186,0.012976158006468008,0.010718719823423983,0.0049891074832252484,0
2026-06-30 11:00:00+00:00,4029.705,4037.424,4025.464,4033.779,10094,4027.0408,4006.1285000000003,4008.2252,4038.3412,4015.2775761965527,4018.0863861739167,-2.808809977364035,-9.035620170983186,6.226810193619151,54.966788907895676,4008.2252,4054.9035888760222,3961.5468111239775,0.02329130053671754,21.85257142857144,0.9999999999977681,0.001063408954077083,0.016242121739577398,0.004604180054889874,0
2026-06-30 12:00:00+00:00,4033.884,4034.301,4008.571,4010.077,14172,4022.5846000000006,4010.8387000000002,4007.3752,4037.9219399999997,4014.4774875509293,4017.493098309182,-3.015610758252933,-7.831618288437136,4.816007530184203,48.97490008971537,4007.3752,4053.2198593188477,3961.530540681152,0.022880143251297152,22.776357142857155,0.8662681428038314,-0.005525551054742617,0.0118855153010049,0.005107926030349522,1
2026-06-30 13:00:00+00:00,4009.796,4033.488,4009.231,4029.727,24970,4025.404,4016.8212,4007.66345,4037.56926,4016.823566389248,4018.3993132492424,-1.5757468599945241,-6.580444002748615,5.0046971427540905,53.41220603087579,4007.66345,4054.0168976343184,3961.3100023656816,0.023132405309292326,23.853428571428562,0.9653035525812254,0.0035105325938893372,0.015069641517599042,0.005241434232181925,0
2026-06-30 14:00:00+00:00,4029.638,4063.421,4025.159,4037.493,29505,4028.1521999999995,4022.006,4008.4839,4037.2220999999995,4020.0034792524402,4019.813660415965,0.18981883647529685,-5.2263914349038325,5.416210271379129,62.992190753317324,4008.4839,4056.3923173197386,3960.5754826802618,0.02390350991293163,24.033785714285678,0.9999999999981072,0.00341497189687634,0.013008684917999558,0.005174497928696467,0
2026-06-30 15:00:00+00:00,4037.55,4039.566,4022.164,4029.528,17138,4028.1207999999997,4027.1523,4009.2981,4036.8966600000003,4021.46879013668,4020.5332411258933,0.9355490107868718,-3.994003345765692,4.929552356552564,66.28975800299713,4009.2981,4058.092438105305,3960.503761894695,0.02434058874559868,22.059428571428498,0.9999999999982183,-3.896086170507296e-05,0.012936691582465354,0.0051794291410649325,0
2026-06-30 16:00:00+00:00,4029.578,4033.933,4025.762,4026.266,8618,4026.6182,4026.8295000000007,4009.8107000000005,4036.2446999999997,4022.2068224233444,4020.9578899313833,1.2489324919611136,-2.9454161782203307,4.194348670181444,67.41011745935697,4009.8107000000005,4059.1148397648913,3960.5065602351096,0.024591754301464055,21.149214285714216,0.9999999999981712,-0.001862521471800993,-0.0008010931397341992,0.0031929345923091598,0
2026-06-30 17:00:00+00:00,4026.214,4032.214,4020.604,4030.637,9320,4030.7302000000004,4026.6574,4010.521750000001,4035.3877,4023.5037728197526,4021.6748610475775,1.8289117721751609,-1.9905505881412324,3.8194623603163933,66.9452985062135,4010.521750000001,4060.630598639402,3960.4129013606,0.024988693124230528,21.183285714285667,0.9884428565369634,0.0051270835946541915,-0.00042679742225271156,0.0032053681220455257,0
2026-06-30 18:00:00+00:00,4030.687,4033.925,4028.069,4028.713,5545,4030.5274,4027.9656999999997,4011.25245,4034.35352,4024.3051923859443,4022.196204673683,2.108987712261296,-1.1706429280607267,3.279630640322023,63.02013422818803,4011.25245,4062.0030388812925,3960.5018611187074,0.02530411112932696,19.454142857142806,0.8908485429648009,-0.0002516299491255314,0.0032580192896258797,0.002875557976816769,0
2026-06-30 19:00:00+00:00,4028.66,4029.584,4014.677,4016.112,7308,4026.2512,4027.2017,4011.3048500000004,4032.8669999999997,4023.044701249645,4021.745522846003,1.299178403642145,-0.6766786617201522,1.9758570653622973,61.16330518569814,4011.3048500000004,4062.0741697628987,3960.535530237102,0.025313119626347143,19.392142857142776,0.6718539305053216,-0.005295612896418556,-0.0018987253687602346,0.0029971939229878506,0
2026-06-30 20:00:00+00:00,4016.01,4021.098,4006.309,4007.383,5324,4021.8222,4024.9714999999997,4012.3265,4031.3115599999996,4020.6352087497,4020.681632264818,-0.046423515118021896,-0.5506276323997262,0.5042041172817043,41.34334552231195,4012.3265,4061.8390396197565,3962.8139603802438,0.024680214643427623,16.430571428571348,0.0,-0.005495680883716436,-0.005534427628958616,0.002994638383080419,0
2026-06-30 22:00:00+00:00,4011.877,4018.013,4011.069,4013.036,5123,4019.1762000000003,4022.8971999999994,4014.51285,4030.0777000000003,4019.4660997112846,4020.1152891340907,-0.6491894228061028,-0.5703399904810016,-0.07884943232510122,42.59693486590034,4014.51285,4059.7001341001233,3969.325565899877,0.022511963861380182,16.38835714285707,0.04809146857966058,-0.0032859229867078232,-0.005142324356391392,0.0030200750241072423,0
2026-06-30 23:00:00+00:00,4013.088,4018.496,4005.274,4005.629,6027,4014.1746,4022.4523999999997,4016.6455499999997,4028.8405199999997,4017.337315140318,4019.042230679714,-1.7049155393960973,-0.7972551002640208,-0.9076604391320765,45.87345992292386,4016.6455499999997,4055.1184664698044,3978.172633530195,0.019156739618114753,15.599642857142792,0.17378885316276993,-0.006204478349203901,-0.0011092056337073108,0.0024373399223774316,0
2026-07-01 00:00:00+00:00,4005.689,4009.894,3992.981,3996.889,11770,4007.8098,4019.1686,4017.9948999999992,4027.34272,4014.191420503346,4017.401250629365,-3.2098301260193693,-1.2797701054150907,-1.9300600206042786,38.972224274818004,4017.9948999999992,4051.0808552836143,3984.908944716384,0.016468888640757125,15.97685714285704,0.0,-0.007899296872226902,-0.008148939121682353,0.001753259786162302,0
2026-07-01 01:00:00+00:00,3996.897,3999.907,3973.883,3977.941,23728,4000.1756,4013.2133999999996,4017.6097,4025.1358600000003,4008.6144327336,4014.478269101264,-5.86383636766368,-2.196583357864809,-3.667253009798871,30.808830074474088,4017.6097,4052.4161221850527,3982.8032778149473,0.01732693058016697,17.123785714285628,0.0,-0.009504466010908152,-0.014749746934545782,0.0018586293794863444,0
2026-07-01 02:00:00+00:00,3977.887,3986.153,3970.235,3979.416,13830,3994.5822,4008.2021999999997,4017.6772499999997,4023.3960600000005,4004.1223661592,4011.8810639826515,-7.758697823451712,-3.3090062509821903,-4.449691572469522,29.438018654543143,4017.6772499999997,4052.164310981245,3983.1901890187546,0.017167661230749743,17.406499999999888,0.0,-0.006978868752999023,-0.01243619600111967,0.0019361876506319199,0
2026-07-01 03:00:00+00:00,3979.367,3987.124,3976.671,3980.361,8582,3988.0472,4003.6117,4015.2205999999996,4021.74594,4000.4667713654767,4009.5462444283808,-9.079473062904071,-4.463099613366568,-4.6163734495375035,36.42311487992974,4015.2205999999996,4053.0056203704835,3977.435579629516,0.018820893860966862,16.3152857142856,0.18395338801980268,-0.008142214522870006,-0.011401382819714367,0.001990145955587004,0
2026-07-01 04:00:00+00:00,3980.409,3982.92,3972.287,3976.753,7893,3982.272,3998.2233,4012.44035,4019.88792,3996.818498847711,4007.1171152114634,-10.298616363752444,-5.630202963443744,-4.6684134003087,21.6395057498344,4012.44035,4052.997215472776,3971.8834845272236,0.020215560574141013,15.34214285714279,0.0,-0.007208855338325049,-0.013368606500659852,0.0018358629369470596,1
2026-07-01 05:00:00+00:00,3976.698,3978.932,3969.691,3974.186,12330,3977.7313999999997,3992.7706,4010.36815,4018.1431,3993.3365759480635,4004.6777733439476,-11.341197395884137,-6.772401849931825,-4.568795545952312,14.109643403821451,4010.36815,4054.330868704879,3966.4054312951207,0.021924530148125718,13.269214285714238,0.0,-0.005680167750467868,-0.013534595291349927,0.0018278006912190701,1
2026-07-01 06:00:00+00:00,3974.13,3977.539,3963.131,3971.999,14812,3976.543,3988.3593,4007.7805,4016.2575200000006,3990.053871956054,4002.2571234666175,-12.203251510563405,-7.85857178205814,-4.344679728505264,15.098826698375689,4007.7805,4054.436167227467,3961.1248327725325,0.023282546151151415,13.055357142857149,0.018558620951883452,-0.0014937375893709914,-0.010984006422131709,0.0017299722260346892,1
2026-07-01 07:00:00+00:00,3971.941,3978.546,3960.024,3976.188,14454,3975.8974000000003,3985.2398000000003,4005.10565,4014.40178,3987.920660885892,4000.3260772839053,-12.40541639801313,-8.76794070524914,-3.6374756927639904,19.957045498176768,4005.10565,4052.6002504391217,3957.611049560878,0.023717027509185317,13.794714285714301,0.11067151685755322,-0.0008111743029630691,-0.0077843819769659595,0.0018073757978210325,1
2026-07-01 08:00:00+00:00,3976.134,3984.385,3969.506,3974.396,10177,3974.7044,3981.3757999999993,4002.1364999999996,4012.84058,3985.839943826524,3998.405330818431,-12.565386991906962,-9.527429962580705,-3.0379570293262574,15.182319073856789,4002.1364999999996,4049.5081674263856,3954.7648325736136,0.02367318927097365,14.028214285714316,0.021931402689967513,-0.0014986077895948746,-0.009628620326356363,0.0016453174056426842,1
2026-07-01 09:00:00+00:00,3974.638,3986.015,3972.777,3984.319,8165,3976.2176,3979.2448000000004,4000.8486,4011.43408,3985.605952468597,3997.361898905955,-11.755946437358034,-9.97313325753617,-1.7828131798218632,24.993240502906744,4000.8486,4048.709349093246,3952.9878509067535,0.02392529879448392,14.555500000000004,0.2313018091878689,0.0019025571867299362,-0.0053200134111272,0.0019348585826786896,1
2026-07-01 10:00:00+00:00,3984.619,3998.855,3981.342,3998.262,8400,3981.0328,3979.3821000000003,3999.27535,4010.1510199999993,3987.553036704197,3997.4285730610695,-9.875536356872544,-9.953613877403447,0.07807752053090233,40.094999223137364,3999.27535,4045.1672593767125,3953.3834406232872,0.02295011238809183,14.741642857142876,0.8180804030147575,0.00605809592203288,0.00034351717047931274,0.0022108598163891285,1
2026-07-01 11:00:00+00:00,3998.204,4035.64,3997.796,4030.241,16929,3992.6812,3984.6121,3998.9127500000004,4009.52054,3994.120415672782,3999.859123204694,-5.738707531911587,-9.110632608305075,3.371925076393488,60.082395285648765,3998.9127500000004,4043.632869169039,3954.1926308309617,0.02236613898067106,16.388428571428612,0.9999999999978247,0.014663145685585466,0.013147505204325505,0.002755387841976289,1
2026-07-01 12:00:00+00:00,4030.594,4033.921,4019.415,4022.609,18006,4001.9654,3988.9314000000004,3998.5667999999996,4009.0346999999997,3998.5032748000467,4001.5442992636054,-3.0410244635586423,-7.896710979355788,4.855686515797146,54.15008453635055,3998.5667999999996,4042.3877229797627,3954.7458770202365,0.021918314822082282,16.665285714285737,0.870960286113951,0.011674749785472782,0.01085410522549024,0.0029287870315763877,1
2026-07-01 13:00:00+00:00,4022.661,4108.062,4012.87,4089.617,49886,4025.0096000000003,3999.857,4001.73435,4010.19908,4012.5207709846554,4008.068203021857,4.452567962798639,-5.426855190924902,9.879423153723542,74.00535052819316,4001.73435,4060.571366473505,3942.8973335264955,0.029405758267539533,22.520285714285723,0.9999999999983304,0.028990820240358595,0.027448766581724682,0.005696642549923728,0
2026-07-01 14:00:00+00:00,4089.528,4115.775,4082.796,4093.585,33590,4046.8628000000003,4011.5402000000004,4004.8817499999996,4011.3366000000005,4024.99219083317,4014.402780575793,10.58941025737704,-2.2236021012645133,12.813012358641553,78.4125902070942,4004.8817499999996,4075.736055821454,3934.027444178545,0.035383968988075394,23.66785714285717,0.9999999999984448,0.027424008971169256,0.02937874190325629,0.005593659456094579,0
2026-07-01 15:00:00+00:00,4093.636,4094.73,4076.678,4081.265,18457,4063.4633999999996,4022.2481,4007.5093500000003,4012.1734,4033.649546089605,4019.3555375701785,14.29400851942637,1.0799200228736645,13.214088496552705,81.59059778886598,4007.5093500000003,4085.6118021114357,3929.406897888565,0.038978051098713204,23.09842857142858,0.9999999999985181,0.020759770120117205,0.026943630720857037,0.005806698780799726,0
2026-07-01 16:00:00+00:00,4081.212,4088.645,4070.386,4070.993,12132,4071.6138,4032.1475,4010.2534,4012.72266,4039.39469284505,4023.1805347872028,16.21415805784727,4.106767629868387,12.107390427978885,76.5697805991887,4010.2534,4093.326657328305,3927.180142671695,0.04143042797659861,23.265642857142893,0.9255965296352926,0.010111554122941957,0.02492296699973995,0.005959445733105979,0
2026-07-01 17:00:00+00:00,4071.224,4073.617,4067.301,4068.059,10623,4080.7038000000002,4041.3346000000006,4013.2871999999998,4013.43506,4043.804586253504,4026.5048655437067,17.299720709797384,6.745358245854188,10.554362463943196,75.15402530948482,4013.2871999999998,4100.259316815847,3926.315083184152,0.04334208467106346,22.970142857142914,0.9046164575156316,0.01129863727744862,0.023105295826052474,0.006032641532451548,0
2026-07-01 18:00:00+00:00,4068.111,4070.672,4057.801,4062.057,8664,4075.1917999999996,4050.1007000000004,4015.73825,4014.16482,4046.612649906811,4029.1383569849136,17.47429292189736,8.891145181062823,8.583147740834535,74.13590167274023,4015.73825,4105.401932268022,3926.0745677319774,0.04465613876503157,23.130000000000045,0.8895288873112492,-0.006739017370086309,0.022056433229099337,0.0060930159230894124,0
2026-07-01 19:00:00+00:00,4062.063,4068.478,4034.267,4038.719,10928,4064.2186,4055.5407,4017.3927500000004,4014.39766,4045.39824222884,4029.8480342452904,15.550207983549626,10.222957741560185,5.327250241989441,66.33854380288315,4017.3927500000004,4107.4911244696395,3927.294375530361,0.04485415296756302,24.91357142857149,0.7706174202323022,-0.013402921888760133,0.013653525232292019,0.006586024911388037,1
2026-07-01 20:00:00+00:00,4038.552,4039.882,4028.482,4031.651,7302,4054.2958,4058.8795999999993,4019.1308500000005,4014.5514399999997,4043.283281885941,4029.9815872641575,13.301694621783554,10.83870511760486,2.462989504178694,64.73849620493357,4019.1308500000005,4108.904401651555,3929.357298348445,0.04467311714997046,24.698714285714328,0.7462349286852058,-0.012156524998989338,0.008350878456689248,0.006607178727090256,1
2026-07-01 22:00:00+00:00,4034.233,4045.315,4032.912,4044.977,5424,4049.0926,4060.3532,4022.4826500000004,4015.0293,4043.543853903488,4031.0923585779237,12.451495325564338,11.161263159196757,1.2902321663675806,66.26179050140652,4022.4826500000004,4110.774461265572,3934.1908387344283,0.04389916325211349,24.351714285714348,0.7691732479120581,-0.006390578416617276,0.0036563570267882373,0.006197099214301708,1
2026-07-01 23:00:00+00:00,4044.938,4044.984,4033.236,4035.205,5705,4042.5218,4061.6128,4025.2721000000006,4015.4685200000004,4042.2609533029513,4031.3969986832626,10.863954619688684,11.101801451295144,-0.23784683160645947,63.85265507893471,4025.2721000000006,4111.331883284202,3939.2123167157993,0.042759734570093556,24.12807142857147,0.6865941527909398,-0.008076087392046238,0.0031313011033387017,0.006220561074260815,1
2026-07-02 00:00:00+00:00,4035.008,4052.805,4030.669,4052.04,14596,4040.5183999999995,4057.8550999999998,4028.85605,4016.1890399999997,4043.7654220255745,4032.9261098919096,10.839312133664862,11.049303587769089,-0.2099914541042267,64.95624942026615,4028.85605,4112.989377190944,3944.7227228090564,0.04176536771073945,24.76364285714291,0.5991298127122783,-0.002465991983864324,-0.009188390991136886,0.0029968614337823308,1
2026-07-02 01:00:00+00:00,4052.093,4068.653,4045.186,4050.432,21036,4042.861,4053.5398,4032.54,4016.8693599999997,4044.7910494062553,4034.2228424925092,10.568206913746053,10.953084252964482,-0.3848773392184288,62.18572189365687,4032.54,4113.45820897423,3951.62179102577,0.040132625578037595,25.1889285714286,0.2928384496066386,0.0029001770115721914,-0.01054161572313761,0.0029315922372345196,1
2026-07-02 02:00:00+00:00,4050.386,4061.109,4041.18,4057.225,13335,4047.9758,4051.1358,4036.6919500000004,4017.7318800000003,4046.7039648822156,4035.9267060115826,10.777258870632977,10.917919176498183,-0.14066030586520561,57.14331095533573,4036.6919500000004,4113.4159662977,3959.967933702301,0.03801331250837684,23.909285714285748,0.10908055514230909,0.006343306997555143,-0.005890330571526214,0.002958953486143967,1
2026-07-02 03:00:00+00:00,4057.298,4074.256,4055.4,4070.118,11292,4053.004,4051.0483,4041.5978999999998,4018.8329599999997,4050.306124131105,4038.4593944551693,11.846729675935876,11.103681276385723,0.7430483995501529,62.235946779851304,4041.5978999999998,4113.287267700091,3969.908532299908,0.03547575462669935,24.220000000000027,0.2083108796150757,0.006215362905648281,-0.000214935275005379,0.0030912258999642914,1
2026-07-02 04:00:00+00:00,4070.174,4072.928,4060.595,4060.779,7457,4058.1187999999993,4050.3202999999994,4045.8274499999998,4020.30954,4051.9173358032426,4040.112698569601,11.804637233641643,11.243872467836908,0.5607647658047341,39.43415306152354,4045.8274499999998,4110.948654503658,3980.706245496342,0.03219178539295242,18.301500000000033,0.0,0.006337720140612513,-0.0017895512331557173,0.0031700810878592285,1
2026-07-02 05:00:00+00:00,4060.864,4067.786,4053.147,4065.969,14112,4060.9046000000003,4050.7115,4050.4061,4022.2427399999997,4054.079130295052,4042.0279801570377,12.051150138014236,11.405328001872375,0.6458221361418612,39.97167550294143,4050.4061,4106.652948486,3994.159251514,0.027773436587506663,16.991500000000055,0.012750658763877742,0.0034375277637930246,0.0009630588640190396,0.003164115375563602,1
2026-07-02 06:00:00+00:00,4066.275,4079.765,4065.927,4073.319,15256,4065.482,4054.1714999999995,4054.8561,4024.44962,4057.0391102496596,4044.345833478739,12.69327677092042,11.662917755681985,1.0303590152384352,47.006479807112754,4054.8561,4102.515105957084,4007.197094042915,0.02350712566943358,16.690500000000025,0.2039100251608383,0.005650508390216302,0.00856707287632541,0.0024298150815927626,0
2026-07-02 07:00:00+00:00,4073.12,4075.588,4060.731,4064.707,12361,4066.9784,4057.4771,4058.1783499999997,4026.34572,4058.218785595866,4045.85406803587,12.364717559995825,11.803277716544754,0.5614398434510708,47.60186174271325,4058.1783499999997,4097.814750618974,4018.541949381025,0.019534085099524853,16.447500000000023,0.22866007539075156,0.0018441175926895426,0.008199122394274783,0.002475516128768901,1
2026-07-02 08:00:00+00:00,4064.652,4080.249,4061.24,4076.175,12754,4068.1898,4060.5969000000005,4060.47505,4028.15632,4060.9812801195785,4048.1000629961763,12.881217123402166,12.018865597916237,0.8623515254859289,52.90700173359884,4060.47505,4098.589413848629,4022.3606861513713,0.018773352072994,17.354142857142865,0.38824696769550193,0.0014881632424417202,0.007712775622704449,0.002425749913127934,1
2026-07-02 09:00:00+00:00,4076.126,4077.033,4063.865,4065.378,9987,4069.1096,4063.6142,4062.6135000000004,4029.9025800000004,4061.6576985627203,4049.3799101816444,12.27778838107588,12.070650154548167,0.20713822652771263,51.150018353198774,4062.6135000000004,4096.327745881906,4028.8992541180946,0.01659731888445973,17.37535714285715,0.43546294745196035,0.0011325413178111532,0.007477439188343649,0.00246062805734918,1
2026-07-02 10:00:00+00:00,4065.495,4068.811,4061.408,4066.222,8346,4069.1602,4065.0324,4061.4437499999995,4030.63714,4062.3598987838404,4050.6274723904116,11.732426393428796,12.003005402324295,-0.27057900889549913,61.28143073957093,4061.4437499999995,4092.750568634559,4030.13693136544,0.015416595950422546,15.460500000000009,0.8143571243245954,6.222378970432985e-05,0.0034999654495020405,0.002147046897212812,1
2026-07-02 11:00:00+00:00,4066.298,4072.357,4057.308,4065.411,10539,4067.5786,4066.5303,4060.03505,4031.2981999999993,4062.829298970942,4051.72254850964,11.106750461302,11.823754414119836,-0.7170039528178371,64.59727771147891,4060.03505,4087.5593766528164,4032.5107233471836,0.013558664550354756,15.721142857142857,0.9379552972656892,-0.0019414143601322875,0.0036981240519531333,0.0021402991538191467,1
2026-07-02 12:00:00+00:00,4065.461,4140.718,4061.236,4117.518,39996,4078.1408,4072.5596000000005,4061.8477,4033.3359600000003,4071.242945283105,4056.5962856570745,14.646659626030669,12.388335456502004,2.258324169528665,73.48836606894223,4061.8477,4098.515225894409,4025.18017410559,0.01805460401403501,20.422428571428554,0.9999999999970635,0.012992572404357805,0.014860649828392525,0.004497072065313802,0
2026-07-02 13:00:00+00:00,4117.719,4144.157,4109.295,4136.769,43660,4090.2596000000003,4079.2247,4065.1364999999996,4035.5963,4081.323876778012,4062.535005238032,18.788871539979937,13.66844267319759,5.120428866782346,80.98390462360726,4065.1364999999996,4114.765971263673,4015.507028736326,0.024417124130357553,22.073428571428558,0.9999999999975933,0.014865406907210721,0.016375692301795697,0.004583798701933265,0
2026-07-02 14:00:00+00:00,4136.966,4138.494,4113.882,4128.634,31819,4102.9108,4086.0102000000006,4068.1652500000005,4037.57528,4088.6023572737026,4067.431227072252,21.171130201450524,15.168980178848178,6.002150022602345,74.67622005438196,4068.1652500000005,4125.362187632103,4010.968312367898,0.02811927938871343,22.250285714285706,0.848189596034403,0.015559684732883383,0.016709848036546626,0.004553628670855551,0
2026-07-02 15:00:00+00:00,4128.508,4131.548,4114.681,4128.352,20286,4115.3368,4092.2485,4071.4800000000005,4039.46674,4094.717686923902,4071.943876918752,22.773810005150153,16.689946144108575,6.0838638610415785,75.31974628262435,4071.4800000000005,4134.567172372136,4008.3928276278652,0.03098979848710319,21.778857142857174,0.863677684507791,0.01527953958244277,0.015342714123004919,0.004586220626873405,0
2026-07-02 16:00:00+00:00,4128.501,4130.324,4100.23,4118.262,18121,4125.907000000001,4096.7428,4075.4571499999997,4041.63044,4098.339888935609,4075.3748489988443,22.96503993676515,17.944964902639892,5.020075034125259,69.41763324828666,4075.4571499999997,4139.863551644277,4011.050748355722,0.03160695807795579,22.5049285714286,0.7216283866797515,0.013000161607276572,0.011033508546715698,0.0047520322917360795,1
2026-07-02 17:00:00+00:00,4118.013,4120.03,4105.617,4106.901,14122,4123.7836,4100.9622,4079.21965,4043.1739199999997,4099.656982945517,4077.7101194433744,21.94686350214215,18.745344622540344,3.2015188796018066,61.81692014109745,4079.21965,4141.611426652187,4016.827873347813,0.030590054964158266,22.18757142857144,0.5386979762340014,-0.002578495103118028,0.01038057601691822,0.004804664255390271,1
2026-07-02 18:00:00+00:00,4106.9,4127.185,4105.826,4122.817,11031,4120.993199999999,4105.626399999999,4083.11165,4044.8804000000005,4103.22006249236,4081.0513698549767,22.168692637383174,19.430014225508913,2.738678411874261,69.12227058083751,4083.11165,4146.216745446326,4020.0065545536736,0.03091029629146988,22.83228571428575,0.7107781191814365,-0.0033726804663253285,0.011442590173385447,0.004859252012353003,1
2026-07-02 19:00:00+00:00,4122.872,4124.551,4108.06,4121.502,10344,4119.5668,4111.2388,4087.4265,4046.7198799999996,4106.032668262766,4084.047712828682,21.98495543408353,19.94100246722384,2.043952966859692,67.53610923398533,4087.4265,4148.5081801497045,4026.3448198502956,0.02988759805207723,22.964571428571453,0.6042138136627101,-0.0017274478677450356,0.013805358320923666,0.004710506331741013,1
2026-07-02 20:00:00+00:00,4121.365,4125.163,4116.229,4124.104,4914,4118.717200000001,4117.027,4091.0297,4048.6766400000006,4108.812873145417,4087.014845211743,21.798027933674348,20.312407560513943,1.4856203731604047,66.5325442245965,4091.0297,4151.823551760252,4030.2358482397485,0.029720562410119646,22.614285714285707,0.5670917909179668,-0.0010289820247885162,0.014234835186076822,0.004700664560691882,1
2026-07-02 22:00:00+00:00,4126.549,4128.215,4122.491,4124.513,3519,4119.9673999999995,4122.9372,4094.7337500000003,4050.5541599999997,4111.228277276891,4089.7924863071694,21.435790969721893,20.537084242355533,0.8987067273663598,70.56772223292153,4094.7337500000003,4154.123714351288,4035.3437856487126,0.02900797364482501,21.96192857142858,0.6508606925581003,0.0015178733164622482,0.014537767522152079,0.0046901396962732295,1
2026-07-02 23:00:00+00:00,4124.761,4134.172,4120.965,4126.216,7111,4123.830400000001,4123.807000000001,4098.1833,4052.5042200000003,4113.534080772754,4092.4905243584903,21.043556414264003,20.63837867673723,0.405177737526774,68.44856698347624,4098.1833,4156.403002210946,4039.963597789053,0.028412444221783205,21.547499999999964,0.5798288722236465,0.0047030595575594525,0.00211243763840252,0.0024621028518830327,1
2026-07-03 00:00:00+00:00,4126.328,4151.171,4123.006,4147.21,18193,4128.709000000001,4124.851100000001,4102.0379,4055.12618,4118.7149914230995,4096.543818850454,22.171172572645446,20.944937455918875,1.2262351167265706,78.05925113153195,4102.0379,4162.595106745484,4041.480693254516,0.029525425274829424,22.61871428571424,0.8515590727654702,0.005916585674309527,0.002523950455053159,0.0025471588425847094,1
2026-07-03 01:00:00+00:00,4147.039,4195.542,4146.448,4182.534,29750,4140.9154,4130.2411,4108.12565,4058.6292000000003,4128.53330043493,4102.913461898568,25.619838536362295,21.87991767200756,3.7399208643547333,82.2551303383249,4108.12565,4175.33340943081,4040.9178905691897,0.032719427377208024,25.596642857142797,0.9999999999951072,0.014808193711903783,0.01305516546150609,0.003507681821723899,0
2026-07-03 02:00:00+00:00,4182.428,4186.922,4176.389,4183.596,12871,4152.813799999999,4135.7654999999995,4114.007,4062.0404,4137.004484983402,4108.889946202377,28.11453878102475,23.126841893811,4.9876968872137475,82.72897962348584,4114.007,4186.091714694907,4041.9222853050924,0.03504355471194251,25.27407142857133,0.9999999999952182,0.014425436409944759,0.013381610870390803,0.0034951384880282034,0
2026-07-03 03:00:00+00:00,4183.293,4184.63,4175.147,4175.943,8831,4163.0998,4141.5336,4119.138199999999,4065.44668,4142.995025755186,4113.856839076275,29.138186678911552,24.329110850831114,4.809075828080438,71.46447019405302,4119.138199999999,4193.598997772375,4044.6774022276245,0.03615358075258322,20.274142857142774,0.4613390690206463,0.012469350927006406,0.014006151138514333,0.0034259897628791587,1
2026-07-03 04:00:00+00:00,4176.167,4182.923,4173.131,4179.005,5986,4173.6576000000005,4148.744000000001,4124.8531,4069.0890000000004,4148.53502179285,4118.682628774328,29.85239301852198,25.433767284369292,4.418625734152688,67.61183574073473,4124.8531,4199.2687548214035,4050.437445178597,0.03608160243156452,18.483428571428444,0.2771087947836943,0.012793561946345067,0.017556790387691423,0.0031196013694350273,0
2026-07-03 05:00:00+00:00,4178.92,4182.075,4169.167,4171.265,9591,4178.4686,4153.5888,4129.6076,4072.9554799999996,4152.031941517027,4122.577619235489,29.454322281538225,26.23787828380308,3.2164439977351442,67.83529825207341,4129.6076,4203.072847966018,4056.1423520339827,0.035579771775903275,17.6474285714284,0.2877946151604873,0.005800285010886919,0.01175118856839874,0.0032097491271388685,1
2026-07-03 06:00:00+00:00,4171.272,4174.501,4160.347,4173.155,12436,4176.5928,4158.7541,4134.996450000001,4076.8302599999997,4155.2816428220995,4126.324091884711,28.957550937388078,26.78181281452008,2.1757381228679975,68.4951412224143,4134.996450000001,4204.3188365611195,4065.674063438881,0.03352959906948368,17.453642857142704,0.31934784266031524,-0.002242420503933751,0.012532567010764328,0.0031789977785565415,1
2026-07-03 07:00:00+00:00,4173.214,4181.867,4169.259,4177.435,9231,4175.360600000001,4164.0872,4140.5571,4080.7717400000006,4158.6898516187,4130.110085078437,28.579766540263336,27.14140355966873,1.4383629805946043,75.658003139337,4140.5571,4204.265741168605,4076.8484588313954,0.030772980364697687,16.204642857142712,0.6618708697644042,-0.0014726565375813294,0.0129315361591269,0.0031729005143722594,0
2026-07-03 08:00:00+00:00,4177.383,4186.615,4176.804,4180.865,8859,4176.344999999999,4169.7224,4146.3298,4084.85398,4162.101412908131,4133.86970840596,28.231704502170942,27.359463748169173,0.8722407540017691,84.44030545725542,4146.3298,4201.752702750742,4090.906897249259,0.026733475350051272,15.875928571428435,0.9999999999944159,0.0011786559347193304,0.013662703936198062,0.003150927410716775,0
2026-07-03 09:00:00+00:00,4180.993,4181.903,4168.309,4172.099,8020,4174.9638,4174.3107,4149.05885,4088.8122399999997,4163.639503229957,4136.701507783297,26.937995446660352,27.27517008786741,-0.3371746412070564,74.58445575177178,4149.05885,4203.8801746649815,4094.2375253350197,0.026425908451494205,15.321285714285555,0.449632504170639,-0.0016525464793653022,0.011119873511226785,0.0033298153608015747,0
2026-07-03 10:00:00+00:00,4172.046,4181.318,4170.743,4177.2,5738,4176.1508,4177.3097,4151.080400000001,4092.91626,4165.725733502271,4139.701396095645,26.024337406626728,27.02500355161927,-1.0006661449925431,76.77376557452752,4151.080400000001,4206.9650451048665,4095.195754895135,0.026925349412584603,14.898714285714115,0.5718873072305992,0.001422829765071132,0.007231367594117355,0.00302755156980468,0
2026-07-03 11:00:00+00:00,4176.892,4186.326,4175.454,4180.921,6453,4177.704,4177.1484,4153.694750000001,4097.01092,4168.0634668096145,4142.75470008856,25.30876672105478,26.681756185506377,-1.3729894644515959,77.02097303467036,4153.694750000001,4210.048180605532,4097.341319394469,0.02713412226814774,15.037142857142758,0.5591201964515329,0.0018609421408983806,-0.00038565137784873915,0.0013325126189410814,0
2026-07-03 12:00:00+00:00,4181.024,4183.434,4172.139,4176.702,7387,4177.5574,4176.459000000001,4156.11225,4101.05704,4169.392471915828,4145.269314896815,24.12315701901298,26.1700363522077,-2.0468793331947204,73.95199412547677,4156.11225,4212.034773227857,4100.189726772143,0.026910978271992916,15.435071428571323,0.37675192643809824,-0.00017546652431454923,-0.0016478646599717983,0.0013613391735953456,1
2026-07-03 13:00:00+00:00,4176.759,4179.306,4163.425,4164.632,11832,4174.3108,4175.3279,4158.4307499999995,4104.6633,4168.660091621085,4146.7035878674205,21.956503753664038,25.32732983249897,-3.3708260788349342,66.09896741316878,4158.4307499999995,4211.519051297897,4105.342448702102,0.025532853371622213,15.626071428571322,0.0,-0.0038826893477785784,-0.0027086097679016596,0.001535635399682683,1
2026-07-03 14:00:00+00:00,4164.567,4171.336,4155.271,4169.636,9598,4173.8182,4174.3910000000005,4161.5675,4108.09078,4168.810231371687,4148.402285062426,20.407946309261206,24.343453127851422,-3.9355068185902162,60.85248059464613,4161.5675,4208.942166161428,4114.192833838572,0.022767702872260386,14.761785714285647,0.0,-0.0005903503248604336,-0.0022419212228746987,0.0015762374272526429,1
2026-07-03 15:00:00+00:00,4169.679,4174.355,4164.454,4164.976,6515,4171.3734,4173.7621,4163.675450000001,4110.7854800000005,4168.220349622197,4149.629967650395,18.590381971802344,23.19283889664161,-4.602456924839267,37.91736629139262,4163.675450000001,4207.401517809793,4119.949382190208,0.02100359085854915,11.962285714285631,0.0,-0.002926362156468465,-0.0015076961065769723,0.0015075184705054705,1
2026-07-03 16:00:00+00:00,4164.921,4176.383,4162.746,4174.697,5743,4170.1286,4173.9163,4166.3351999999995,4113.82724,4169.216757372628,4151.486784861477,17.729972511151573,22.100265619543606,-4.370293108392033,44.5282044344975,4166.3351999999995,4205.492755047741,4127.177644952258,0.018797121771547274,12.183999999999937,0.1420984628576846,-0.0014886672099282405,0.00036950460742546376,0.0016965856532851215,0
2026-07-05 22:00:00+00:00,4177.956,4191.724,4173.23,4188.384,8681,4172.464999999999,4175.0112,4169.5491999999995,4115.8025800000005,4172.1655639306855,4154.2199119087745,17.945652021910973,21.269342900017083,-3.3236908781061096,57.12126936154114,4169.5491999999995,4204.430416375622,4134.667983624377,0.01673140893774459,12.827642857142823,0.4127835303277338,0.0027969436172368134,0.002620986322946939,0.0019698516384770402,0
2026-07-05 23:00:00+00:00,4188.337,4202.312,4177.21,4183.173,9698,4176.1732,4175.242,4172.4822,4117.59434,4173.859015633657,4156.364585100718,17.494430532939077,20.514360426601485,-3.0199298936624075,52.3284916201115,4172.4822,4200.634493731935,4144.329906268065,0.013494266665504316,13.921214285714282,0.3097638624530923,0.004452014007480187,0.0005520388723385672,0.0020126985908176594,0
2026-07-06 00:00:00+00:00,4183.29,4189.105,4169.934,4179.594,20126,4178.1648000000005,4175.9915,4175.1511,4119.56092,4174.741320920787,4158.085282500664,16.656038420122968,19.742696025305783,-3.0866576051828147,54.87994937836133,4175.1511,4193.111150368308,4157.191049631692,0.008603305575363606,14.368571428571418,0.3646068668717928,0.002388218060281444,0.0017964578501132866,0.0019002605561627287,0
2026-07-06 01:00:00+00:00,4179.651,4203.224,4172.374,4186.158,25962,4182.4012,4176.8873,4177.0985,4121.86422,4176.49773308682,4160.164743056171,16.332990030648944,19.060754826374417,-2.7277647957254736,57.22284558897061,4177.0985,4190.050034248088,4164.146965751912,0.00620121083957591,15.56114285714284,0.4149668882421405,0.005085743591319858,0.002144498707268072,0.00192447321144695,0
2026-07-06 02:00:00+00:00,4186.218,4187.972,4168.5,4174.02,17972,4182.2658,4176.1972000000005,4176.6728,4123.98344,4176.116543381156,4161.191058385343,14.92548499581244,18.233700860262022,-3.3082158644495827,48.25535654075268,4176.6728,4189.430325987286,4163.915274012715,0.006108942020684785,16.051428571428524,0.22221274998299248,-0.00016216745790165188,-0.0016505932544527147,0.0021381811343387735,0
2026-07-06 03:00:00+00:00,4174.233,4176.329,4160.977,4165.326,11298,4177.6542,4175.0596,4175.7593,4126.04882,4174.4564597840545,4161.497350356799,12.959109427255498,17.17878257366072,-4.219673146405221,42.46666989867682,4175.7593,4189.035422264011,4162.483177735989,0.006358662609701218,16.44721428571425,0.11633974423739399,-0.005505225881867526,-0.0027236800710226383,0.0022111046902206547,0
2026-07-06 04:00:00+00:00,4165.276,4166.872,4157.38,4159.773,7622,4172.9742,4174.5737,4174.9508000000005,4128.4699,4172.197465971123,4161.36962070074,10.827845270383477,15.908595113005271,-5.080749842621794,43.83218910750404,4174.9508000000005,4190.027221837481,4159.87437816252,0.007222323116948187,16.15421428571426,0.1512602879557423,-0.005593839891393393,-0.001166729737465233,0.002055529580633366,0
2026-07-06 05:00:00+00:00,4159.906,4160.945,4144.661,4148.092,13166,4166.6738000000005,4172.4193,4173.4051500000005,4130.798720000001,4168.488932744796,4160.386093241425,8.102839503370888,14.347443991078395,-6.244604487707507,36.33452892903463,4173.4051500000005,4192.527172435449,4154.283127564552,0.00916375082129198,16.561999999999962,0.0,-0.00753709570833927,-0.005166877876150555,0.002158699508036416,1
2026-07-06 06:00:00+00:00,4148.145,4159.487,4145.762,4150.424,11673,4159.527,4170.964099999999,4172.3631000000005,4132.90766,4165.709712322519,4159.648160408727,6.061551913792755,12.690265575621266,-6.628713661828511,35.493231094156215,4172.3631000000005,4194.072576096633,4150.653623903368,0.010406321586265057,16.76578571428568,0.0,-0.008536228207344343,-0.003493897683924163,0.002171982170429685,1
2026-07-06 07:00:00+00:00,4150.372,4166.439,4147.026,4164.569,10401,4157.6368,4169.9513,4171.933800000001,4135.4949400000005,4165.534218119055,4160.012667045117,5.521551073938099,11.256522675284634,-5.734971601346535,44.72657098896924,4171.933800000001,4193.915210056079,4149.952389943923,0.010537755923201823,17.345642857142852,0.30168657922622905,-0.002264244062079257,-0.0024260443332773107,0.002339442551688226,0
2026-07-06 08:00:00+00:00,4164.269,4166.148,4147.055,4150.539,8246,4154.679399999999,4166.1668,4170.589,4137.46492,4163.227261485355,4159.310913930663,3.9163475546911286,9.788487651165934,-5.872140096474805,43.97729895127338,4170.589,4194.370553523928,4146.807446476072,0.011404410036053837,17.575071428571455,0.33455516327168155,-0.0035500222551608784,-0.009035704462628136,0.002166470400554729,0
2026-07-06 09:00:00+00:00,4150.51,4151.294,4136.245,4143.369,9328,4151.3986,4162.1864000000005,4168.7142,4139.32366,4160.172144333761,4158.13003141728,2.042112916480619,8.239212704228871,-6.197099787748252,38.978726975202484,4168.7142,4194.877475150103,4142.5509248498975,0.01255220381867526,17.50249999999999,0.16040302426267233,-0.003943484416096821,-0.00951526508705236,0.0021802215513385343,0
2026-07-06 10:00:00+00:00,4143.107,4155.941,4142.001,4154.902,8094,4152.7606,4159.7172,4167.85435,4141.2771999999995,4159.3613528977985,4157.890917978963,1.4704349188350534,6.885457147150107,-5.4150222283150535,46.00358622002914,4167.85435,4194.671425269726,4141.037274730274,0.012868528032763933,17.790999999999972,0.48368806212980797,0.0016417186504060766,-0.005907750848527349,0.002481294108506384,0
2026-07-06 11:00:00+00:00,4154.964,4159.689,4151.383,4155.056,10376,4153.687,4156.607,4166.74715,4142.97596,4158.698990913522,4157.680924054595,1.0180668589264315,5.7119790895053715,-4.69391223057894,41.56828738484252,4166.74715,4193.767327647964,4139.726972352037,0.012969434753420765,17.410214285714314,0.27957496862671516,0.0011160305549504645,-0.007429724343897326,0.0023782120513218853,0
2026-07-06 12:00:00+00:00,4154.995,4158.571,4131.386,4139.657,15088,4148.7046,4153.170700000001,4164.68395,4144.55352,4155.769453849904,4156.34581856907,-0.5763647191661221,4.454310327771073,-5.030675046937195,29.384936919861943,4164.68395,4193.395839409703,4135.972060590297,0.01378826809160535,18.03099999999995,0.0,-0.005981891523468619,-0.008232591123185862,0.0024713302422777654,1
2026-07-06 13:00:00+00:00,4139.453,4150.402,4136.458,4140.793,20627,4146.7554,4150.7173999999995,4162.8885,4146.05,4153.465384026841,4155.193757934323,-1.7283739074819096,3.217773480720476,-4.946147388202386,31.429873453219884,4162.8885,4192.8977651344,4132.8792348656,0.014417520495396534,17.233999999999988,0.0734586982685173,-0.002348128761107904,-0.005889815106908891,0.0024501997795590568,1
2026-07-06 14:00:00+00:00,4140.923,4147.059,4128.505,4138.04,18264,4145.6896,4148.5441,4161.5589,4147.344419999999,4151.092248022712,4153.9231091984475,-2.830861175735663,2.008046549429248,-4.838907725164911,31.659045567698442,4161.5589,4193.534852832542,4129.582947167458,0.015367295574041802,17.189928571428613,0.08169107366717804,-0.0012861514385997808,-0.005224563936541804,0.0024366895060750886,1
2026-07-06 15:00:00+00:00,4138.093,4152.12,4137.403,4148.224,11373,4144.354,4148.5573,4160.488299999999,4149.01476,4150.650979096141,4153.500952961525,-2.849973865384527,1.0364424664664926,-3.8864163318510196,33.77529896836671,4160.488299999999,4192.758047064909,4128.218552935089,0.015512480621522245,16.037571428571418,0.232658421841404,-0.001607258125462363,3.182185930317161e-05,0.002456801165428457,1
2026-07-06 16:00:00+00:00,4148.276,4156.368,4140.283,4154.913,8347,4144.3254,4149.006200000001,4159.9851499999995,4150.58952,4151.306674619811,4153.60554903845,-2.298874418638661,0.36937908944546166,-2.6682535080841228,41.42822535059586,4159.9851499999995,4192.274076094538,4127.696223905461,0.015523577575529813,15.795642857142866,0.7246851541984392,-3.4415901975837215e-05,0.001081576243776361,0.002505199818846585,1
2026-07-06 17:00:00+00:00,4154.935,4161.662,4150.333,4161.234,8635,4148.640799999999,4148.6727,4159.312,4152.50664,4152.833955447532,4154.170619480045,-1.3366640325129993,0.028170465053769397,-1.3648344975667686,48.1243124312433,4159.312,4190.862422574727,4127.761577425273,0.015170981438626021,15.508285714285778,0.9999999999946637,0.0052122675864207935,-0.0008008031563410123,0.0022911968968038652,0
2026-07-06 18:00:00+00:00,4161.176,4167.664,4155.339,4164.054,6299,4153.293000000001,4150.0242,4158.0955,4154.46328,4154.560116147912,4154.902721740783,-0.34260559287122305,-0.04598474653122912,-0.2966208463399939,52.01275071229086,4158.0955,4186.661200695466,4129.529799304535,0.013739800202022891,15.710642857142895,0.9999999999955808,0.005617523020349013,0.003256203591870843,0.001981799645951959,0
2026-07-06 19:00:00+00:00,4163.878,4165.591,4158.783,4163.668,6004,4158.4186,4152.054099999999,4157.12025,4156.42842,4155.961329048232,4155.552001611835,0.4093274363967794,0.04507769005437261,0.36424974634240675,58.19340992298948,4157.12025,4183.3144476934185,4130.926052306581,0.012602088040834793,15.033785714285775,0.9999999999965289,0.0061932702438836085,0.0048991533218498695,0.0018569997562716658,0
2026-07-06 20:00:00+00:00,4163.741,4165.022,4160.785,4164.351,3191,4161.643999999999,4152.999,4156.3580999999995,4157.3650800000005,4157.252047656197,4156.203779270219,1.04826838597819,0.24571582923913615,0.8025525567390539,57.455327987323564,4156.3580999999995,4180.61437567134,4132.101824328659,0.011671889229823831,14.35607142857147,0.9743796925410373,0.0038876878394222825,0.0022741811960906855,0.0016732575594301082,0
2026-07-06 22:00:00+00:00,4166.125,4168.673,4163.508,4164.067,3362,4163.474800000001,4153.9001,4155.253549999999,4157.91104,4158.300501862936,4156.786240065017,1.5142617979181523,0.49942502297493946,1.0148367749432128,49.68444343868622,4155.253549999999,4175.472016311816,4135.035083688183,0.009731519902951234,13.338357142857149,0.7046366711817749,0.0022031748919895122,0.002168683165762575,0.001674925560111595,0
2026-07-06 23:00:00+00:00,4164.305,4165.816,4156.95,4157.408,4167,4162.7096,4155.6752,4154.42295,4158.48652,4158.163193884023,4156.832296356498,1.3308975275249395,0.6657195238849396,0.6651780036399999,54.75883665184128,4154.42295,4172.6634450706715,4136.182454929329,0.008781241241059187,12.607857142857158,0.8807790586171155,-0.0009194388010863586,0.004288036424273889,0.001188294842776746,0
2026-07-07 00:00:00+00:00,4157.354,4162.861,4145.127,4146.175,12466,4159.1338,4156.2134,4153.4654,4158.84298,4156.318856363404,4156.042866996758,0.27598936664617213,0.5877734924371861,-0.311784125791014,51.84038617939539,4153.4654,4171.302165855422,4135.628634144578,0.00858885972923796,12.799642857142837,0.7794737769342257,-0.004293652291732952,0.0012997510380259314,0.0015491585094431937,0
2026-07-07 01:00:00+00:00,4146.124,4147.908,4125.489,4141.945,19392,4154.7892,4156.6039,4152.574,4159.316640000001,4154.107493845957,4154.998580552554,-0.8910867065969796,0.2920014526303529,-1.1830881592273326,40.60147103625322,4152.574,4170.859775006593,4134.288224993406,0.008806959253028707,13.405285714285778,0.38934844325607415,-0.005217274768305247,0.0009436834830014451,0.0015733302292579097,0
2026-07-07 02:00:00+00:00,4141.673,4145.233,4131.278,4136.556,11069,4149.2302,4155.4371,4151.9972,4159.90974,4151.407264023502,4153.632463474587,-2.2251994510852455,-0.21143872811276698,-2.0137607229724788,37.52797777957542,4151.9972,4171.561342717366,4132.433057282634,0.009423967201791918,13.808785714285737,0.28266131491249746,-0.006674509425358299,-0.0028127699950630802,0.0013831133481810364,0
2026-07-07 03:00:00+00:00,4136.459,4140.087,4124.387,4131.2,9673,4142.6568,4153.065799999999,4151.036,4160.0774,4148.298454173732,4151.970799513506,-3.6723453397735284,-0.9036200504449196,-2.768725289328609,43.40564228124043,4151.036,4172.70168930511,4129.37031069489,0.010438690151138361,12.988428571428683,0.44746585868810257,-0.00789300460343223,-0.005707219381007489,0.001238976382630798,0
2026-07-07 04:00:00+00:00,4130.982,4141.308,4125.855,4126.805,8044,4136.5362,4149.6229,4149.147800000001,4160.18346,4144.991768916235,4150.106666216209,-5.114897299974473,-1.7458755003508308,-3.369021799623642,39.62037339348827,4149.147800000001,4172.373707627213,4125.9218923727885,0.011195507485759898,13.096214285714398,0.3000383849094283,-0.007361076901761909,-0.00827374764312705,0.0010005389585964846,1
2026-07-07 05:00:00+00:00,4126.852,4131.26,4116.532,4124.196,14580,4132.140399999999,4145.6371,4147.83065,4160.1853,4141.792419852199,4148.187357607601,-6.39493775540268,-2.675687951361201,-3.7192498040414788,39.705226211368576,4147.83065,4173.575603241211,4122.085696758789,0.012413695453651695,12.822928571428681,0.24284954941835668,-0.005301030467840917,-0.009571921977957087,0.0008566134981476184,1
2026-07-07 06:00:00+00:00,4124.196,4133.119,4121.458,4130.304,11117,4129.8122,4142.3007,4147.1774,4160.30112,4140.024970644168,4146.862664451483,-6.8376938073151905,-3.508089122551999,-3.3296046847631917,35.8142554067319,4147.1774,4174.037877171224,4120.316922828775,0.012953618608755138,12.604642857142997,0.0,-0.002810515349672582,-0.00801312688715805,0.0011336248094546129,1
2026-07-07 07:00:00+00:00,4130.387,4133.734,4124.179,4124.807,8957,4127.462399999999,4138.3463,4145.6726499999995,4160.27294,4137.683744391219,4145.228911529151,-7.545167137932367,-4.315504725628073,-3.229662412304294,25.70921413587284,4145.6726499999995,4174.040662974636,4117.304637025363,0.013685602009428439,12.138214285714444,0.0,-0.002840285493536099,-0.009495837406597096,0.0010895496651730458,1
2026-07-07 08:00:00+00:00,4124.754,4139.43,4121.803,4126.159,10563,4126.4542,4134.5555,4144.2278,4159.85192,4135.91070679257,4143.816325489955,-7.905618697384853,-5.03352751997943,-2.872091177405423,19.232995912351882,4144.2278,4173.512314353113,4114.943285646887,0.014132675985192264,12.58807142857157,0.0,-0.0012202265685515856,-0.009103599918060978,0.0011316652276997094,1
2026-07-07 09:00:00+00:00,4126.107,4133.842,4119.653,4131.062,9576,4127.305600000001,4131.920899999999,4143.79805,4158.82248,4135.164751901405,4142.871560638847,-7.706808737441861,-5.568183763471916,-2.1386249739699448,22.080427865412133,4143.79805,4173.6124604508095,4113.983639549191,0.014389895497348955,12.721214285714398,0.0730852591113506,0.0010315486193313017,-0.0063371215911454115,0.001277868511152377,1
2026-07-07 10:00:00+00:00,4131.114,4139.01,4131.05,4135.574,7812,4129.5812000000005,4130.8608,4143.5371,4157.86204,4135.227713147343,4142.331000591525,-7.10328744418166,-5.875204499613866,-1.2280829445677943,27.77725043505771,4143.5371,4173.552932172773,4113.521267827226,0.014488023854196029,12.803500000000115,0.22354090027589724,0.0027588407534462345,-0.0025568144132847026,0.0011530872860165274,1
2026-07-07 11:00:00+00:00,4135.881,4158.467,4131.882,4156.569,10548,4134.834199999999,4132.323200000001,4144.46355,4157.47456,4138.510988047752,4143.385667214375,-4.874679166622627,-5.675099433015618,0.8004202663929911,45.34134718996243,4144.46355,4174.905762648727,4114.021337351273,0.01469054427983908,14.399785714285827,0.7349115667378376,0.00635909608590568,0.0035307083990736565,0.00200264187388659,0
2026-07-07 12:00:00+00:00,4156.707,4175.189,4154.398,4172.088,17542,4144.2904,4135.876399999999,4145.65675,4157.33622,4143.676682194252,4145.511765939235,-1.8350837449834216,-4.907096295409179,3.0720125504257574,54.06097795599284,4145.65675,4178.495924955382,4112.817575044618,0.01584268883591584,15.515928571428699,0.9803563073689412,0.011462596916655743,0.00858975437537901,0.0021664020620604236,0
2026-07-07 13:00:00+00:00,4172.14,4180.622,4156.152,4158.667,25538,4150.7919999999995,4138.6231,4145.84445,4157.0842600000005,4145.982884933598,4146.486227721514,-0.5033427879161536,-4.026345593910574,3.5230028059944205,50.596575024403194,4145.84445,4178.948235825836,4112.740664174164,0.015969622702962715,16.630500000000147,0.9005281750938469,0.007878513649134833,0.006648673508907965,0.002445842578005759,0
2026-07-07 14:00:00+00:00,4158.581,4163.566,4143.526,4154.244,21211,4155.4284,4141.367,4145.49495,4156.706040000001,4147.2538257130445,4147.060877519921,0.1929481931238115,-3.182486836503697,3.3754350296275084,54.087266611960125,4145.49495,4178.05779355556,4112.93210644444,0.015709990699933184,16.79521428571447,0.9999999999971309,0.005611632069429051,0.006648969360073753,0.0024458195140318185,0
2026-07-07 15:00:00+00:00,4154.228,4155.617,4135.681,4138.961,13926,4156.105799999999,4142.843500000001,4144.2402999999995,4155.936559999999,4145.978006372576,4146.460886592519,-0.4828802199435813,-2.642565513191674,2.1596852932480926,48.640695322607336,4144.2402999999995,4175.707510804979,4112.77308919502,0.015185997204351261,16.61785714285731,0.8437330295509989,0.0008189915112148949,0.0035800917318189462,0.002790865521827503,0
2026-07-07 16:00:00+00:00,4138.959,4147.356,4136.961,4144.984,9368,4153.7888,4144.3115,4143.3061,4155.21894,4145.825082315257,4146.351487585665,-0.526405270408759,-2.219333464635091,1.6929281942263321,53.81716728867025,4143.3061,4173.42531369584,4113.18688630416,0.014538734512441545,16.363571428571568,0.9922506103852536,-0.0027871545017056354,0.0035542178009173586,0.0027897258480766257,0
2026-07-07 17:00:00+00:00,4145.041,4148.313,4140.37,4144.468,8119,4148.2648,4146.277599999999,4142.31195,4154.66632,4145.616300420602,4146.211969986727,-0.5956695661252525,-1.8946006849331234,1.298931118807871,56.28481564288149,4142.31195,4170.773332593982,4113.850567406019,0.01374178619936212,15.809500000000103,0.999999999997301,-0.006620186343145207,0.004766526045945962,0.002734088600332146,0
2026-07-07 18:00:00+00:00,4144.519,4145.364,4125.049,4127.098,11921,4141.950999999999,4146.371499999999,4140.4635,4153.66428,4142.767331125125,4144.796120358081,-2.0287892329561146,-1.9214383945377218,-0.10735083841839277,50.12359635875832,4140.4635,4167.753697380495,4113.173302619504,0.013182194399489602,16.156785714285757,0.8337134497302469,-0.007591134370701136,0.0002275724226818987,0.0031095249690006386,0
2026-07-07 19:00:00+00:00,4127.013,4127.902,4092.059,4114.064,23937,4133.915,4144.671700000001,4138.2963,4152.327139999999,4138.351434028952,4142.519666998223,-4.16823296927123,-2.3707973094844235,-1.7974356597868066,46.071528273209616,4138.2963,4166.778863642253,4109.813736357747,0.013765357324584468,17.665000000000028,0.7243512614488712,-0.009672036596790945,-0.004114680438105145,0.0032305954016073096,0
2026-07-07 20:00:00+00:00,4114.007,4115.902,4103.399,4106.656,6058,4127.454,4141.7798999999995,4136.32035,4150.92622,4133.475213409113,4139.86309907243,-6.3878856633164105,-3.1742149802508215,-3.213670683065589,40.922491094460106,4136.32035,4167.824452164361,4104.816247835639,0.01523291210477014,17.72514285714286,0.5853827245137485,-0.007805098912504915,-0.006992499711043654,0.0032108387988556363,1
2026-07-07 22:00:00+00:00,4097.775,4106.269,4094.194,4098.192,5624,4118.0956,4135.9421999999995,4134.1327,4149.59742,4128.047026730788,4136.77635099299,-8.729324262201771,-4.285236836641012,-4.44408742556076,40.01110919285717,4134.1327,4169.794365363207,4098.471034636793,0.01725230801769244,17.932785714285696,0.5607852308351985,-0.011288825240338807,-0.014044516041956778,0.002499296979617693,1
2026-07-07 23:00:00+00:00,4098.186,4107.965,4095.721,4098.627,7720,4108.9274,4128.596100000001,4132.23625,4148.17724,4123.520868772205,4133.950473141657,-10.429604369452136,-5.514110343203237,-4.915494026248899,39.59533203331703,4132.23625,4171.233375901704,4093.239124098296,0.01887458680597163,17.548285714285676,0.5120660039818302,-0.011060768233703167,-0.017607730230042917,0.0018481275772033164,1
2026-07-08 00:00:00+00:00,4098.507,4126.986,4096.87,4111.69,20211,4105.8458,4123.8984,4131.2607499999995,4147.11152,4121.700735114942,4132.301549205238,-10.600814090295898,-6.53145109262177,-4.069362997674128,43.104381131376854,4131.2607499999995,4171.32839741841,4091.193102581589,0.019397297746655374,18.685928571428576,0.5376513421798265,-0.0037333739106752972,-0.011296167738364393,0.0023371860006307856,1
2026-07-08 01:00:00+00:00,4111.621,4118.079,4096.424,4111.079,28581,4105.248799999999,4119.5819,4130.47445,4145.83916,4120.066622020336,4130.729508523368,-10.662886503032496,-7.357738174703917,-3.3051483283285794,41.03174312598398,4130.47445,4171.515666066468,4089.4332339335315,0.01987239798394987,19.664142857142842,0.0860668386309545,-0.0007255599329520912,-0.010390578887518376,0.002358020417063685,1
2026-07-08 02:00:00+00:00,4111.139,4125.066,4106.15,4114.488,15865,4106.8152,4117.134599999999,4129.98905,4144.36124,4119.208372478745,4129.526433817933,-10.318061339187807,-7.949802807600696,-2.368258531587111,32.31578681952263,4129.98905,4171.5690226918705,4088.40907730813,0.020135633382306596,19.116357142857137,0.0,0.0019071478107737239,-0.0059128365790351856,0.0022249425690810285,1
2026-07-08 03:00:00+00:00,4114.404,4131.189,4114.404,4123.55,12143,4111.8868,4114.9912,4129.65135,4143.16878,4119.876315174322,4129.083735016605,-9.207419842282434,-8.201326214537044,-1.0060936277453898,28.431773342102176,4129.65135,4171.33014293792,4087.972557062081,0.02018513884370385,18.830214285714256,0.0,0.006187606632388265,-0.005171069417879592,0.0023121284983008217,0
2026-07-08 04:00:00+00:00,4123.493,4128.868,4120.607,4125.085,10060,4117.1784,4113.052900000001,4129.66525,4142.0786,4120.677651301349,4128.7875324227825,-8.109881121433318,-8.183037195916299,0.07315607448298067,33.31511586311052,4129.66525,4171.337425292948,4087.993074707052,0.020181865972283317,17.672428571428554,0.17532528289931829,0.006455332480852727,-0.0046768366892927515,0.0023267618531275596,0
2026-07-08 05:00:00+00:00,4125.288,4134.116,4121.064,4127.73,14969,4120.386399999999,4113.1161,4129.7438,4140.91004,4121.762628024218,4128.7091966877615,-6.946568663543076,-7.935743489441654,0.9891748258985782,36.58985615731639,4129.7438,4171.394064221742,4088.0935357782582,0.02017087075558632,17.173285714285676,0.29289736923842846,0.003901072308466924,0.0001531342362113275,0.0019362278656498623,0
2026-07-08 06:00:00+00:00,4127.783,4133.693,4122.015,4123.644,12943,4122.8994,4114.0741,4129.3729,4139.90252,4122.052069866646,4128.333996933113,-6.281927066466778,-7.60498020484668,1.323053138379902,41.263503724575266,4129.3729,4171.105772298565,4087.6400277014354,0.02021269248827824,16.58342857142848,0.46069403276883675,0.003056375224120167,0.0023285977077653897,0.001639881902376306,0
2026-07-08 07:00:00+00:00,4123.586,4127.399,4114.617,4121.326,11072,4124.267,4115.5411,4128.6605,4139.0225199999995,4121.9403668102395,4127.814886049178,-5.874519238938774,-7.2588880116651,1.3843687727263259,35.91047691647972,4128.6605,4170.434084393338,4086.886915606662,0.020235901883110922,16.753928571428528,0.2685058060656249,0.0016619321772235462,0.00357224953831059,0.0015108479271526186,0
2026-07-08 08:00:00+00:00,4121.377,4121.434,4052.073,4056.751,48068,4110.9072,4111.397,4123.669599999999,4136.96208,4111.911233454818,4122.550894489979,-10.639661035161225,-7.935042616364325,-2.7046184187969002,20.368881532276944,4123.669599999999,4174.313483277712,4073.0257167222862,0.024562532011639847,21.140928571428535,0.0,-0.01619939130118464,-0.01011202012985235,0.005302157522400238,1
2026-07-08 09:00:00+00:00,4056.686,4061.039,4041.39,4043.413,25494,4094.5728000000004,4105.8756,4117.235849999999,4134.8685,4101.373043692539,4116.688828231462,-15.315784538923253,-9.411191000876112,-5.904593538047141,20.93927755359985,4117.235849999999,4174.270892677146,4060.200807322852,0.02770550182455385,21.093357142857162,0.02219211223925453,-0.019798864750665723,-0.013471340524522035,0.00533181064363011,0
2026-07-08 10:00:00+00:00,4043.465,4058.601,4040.248,4053.039,16349,4079.6346000000003,4100.0105,4111.954449999999,4132.9208,4093.9370369706103,4111.974026140243,-18.03698916963276,-11.136350634627442,-6.900638535005319,28.294504712786647,4111.954449999999,4172.301800847582,4051.607099152417,0.029352149485791342,19.84407142857146,0.3486012324439361,-0.018094933534896773,-0.014264450870566492,0.005261315037972296,0
2026-07-08 11:00:00+00:00,4052.995,4072.613,4041.289,4062.026,23224,4067.311,4095.1051999999995,4107.34355,4130.8699400000005,4089.02764666744,4108.274172352077,-19.24652568463671,-12.758385644629298,-6.48814004000741,34.30223560364094,4107.34355,4168.176019147093,4046.511080852906,0.029621320158180312,21.1884285714286,0.6128457397898714,-0.014942609012805308,-0.011931904008655625,0.005376923429012904,1
2026-07-08 12:00:00+00:00,4062.111,4086.545,4058.592,4072.276,26296,4057.501,4090.8840000000005,4104.0093,4129.30468,4086.450470257064,4105.607641066737,-19.157170809673516,-14.038142677638142,-5.119028132035375,40.997637904682364,4104.0093,4164.855135638809,4043.163464361191,0.02965189949194751,22.294928571428596,0.9073368404506656,-0.011901509368586805,-0.010259356692740473,0.005473317285350015,0
2026-07-08 13:00:00+00:00,4072.101,4083.192,4065.149,4070.704,37519,4060.2915999999996,4085.5994,4100.2953,4127.85138,4084.0279363713616,4103.022186172904,-18.994249801542537,-15.02936410241902,-3.964885699123517,40.376489726145216,4100.2953,4159.6603006623245,4040.930299337675,0.028956451337699873,22.709142857142883,0.8800162101813838,0.0034394519160776404,-0.012815656412557108,0.005364258634822862,1
2026-07-08 14:00:00+00:00,4070.755,4071.571,4033.756,4040.905,33237,4059.79,4077.1814,4095.1171500000005,4125.571440000001,4077.393638468075,4098.420913123059,-21.027274654984012,-16.228946212932023,-4.798328442051989,28.127529926520126,4095.1171500000005,4156.29795409759,4033.9363459024107,0.02987987979664502,23.259071428571456,0.3713227414595636,-0.0006202680755094114,-0.020406852222438987,0.005645824311295931,1
2026-07-08 15:00:00+00:00,4040.991,4043.909,4021.805,4034.115,24048,4056.0051999999996,4067.8199,4090.468,4123.15262,4070.735386396064,4093.6575121509804,-22.92212575491658,-17.567582121328936,-5.354543633587642,27.092956807466933,4090.468,4155.430947943356,4025.5050520566438,0.03176308820572907,23.291142857142923,0.32180889480912833,-0.004669089046515529,-0.02267953572544712,0.005570311869029276,1
2026-07-08 16:00:00+00:00,4034.169,4064.556,4033.249,4063.543,20811,4056.3086000000003,4061.8098000000005,4087.9419500000004,4121.63034,4069.628865412054,4091.4268075472037,-21.797942135149697,-18.41365412409309,-3.384288011056608,36.870589811917775,4087.9419500000004,4152.970595854665,4022.913304145336,0.031814857769525966,24.17621428571436,0.7897586339533971,0.00037345895865770196,-0.014574730505349187,0.00634525454362018,1
2026-07-08 17:00:00+00:00,4063.597,4076.507,4059.626,4065.776,15279,4055.0085999999997,4056.2548,4085.89795,4120.129999999999,4069.036116887123,4089.526747728892,-20.49063084176896,-18.829049467628263,-1.6615813741406988,34.56742635509805,4085.89795,4151.019694553502,4020.7762054464984,0.03187634412332872,24.183071428571502,0.6795310626859137,-0.0015961590029752726,-0.01347867167023431,0.006372196868907491,1
2026-07-08 18:00:00+00:00,4065.706,4091.632,4063.421,4084.219,17356,4057.7116,4059.0015999999996,4085.1993,4119.05358,4071.3719450583353,4089.1335812304555,-17.761636172120234,-18.61556680852666,0.8539306364064245,39.9882404821402,4085.1993,4150.0650084595145,4020.3335915404855,0.03175644745631603,25.60807142857149,0.938966915467894,0.003320064539205081,0.006770935657623545,0.004133239672315815,0
2026-07-08 19:00:00+00:00,4084.27,4091.508,4078.151,4080.041,13488,4065.5388,4062.6644,4084.2699999999995,4117.68992,4072.7056458185916,4088.4600566948657,-15.75441087627405,-18.04333562207614,2.2889247458020883,38.403777787504445,4084.2699999999995,4148.857669669072,4019.682330330928,0.031627522014495535,25.629857142857222,0.8631357910739723,0.009684959186122999,0.00905868383961761,0.003949457318396952,0
2026-07-08 20:00:00+00:00,4080.095,4083.633,4071.686,4077.436,7702,4074.203,4065.1040999999996,4082.5572999999995,4116.14038,4073.4333926157315,4087.643459902654,-14.210067286922367,-17.276681955045387,3.0666146681230195,38.68238774970363,4082.5572999999995,4145.887884493361,4019.2267155066384,0.031024958054286775,25.649071428571492,0.8877658879056537,0.01073866263108525,0.006019433812504582,0.003939861897241505,0
2026-07-08 22:00:00+00:00,4078.039,4079.971,4072.681,4076.641,5283,4076.8226000000004,4066.5656000000004,4080.8354,4114.44852,4073.92687067485,4086.828462872828,-12.901592197978061,-16.40166400363192,3.5000718056538602,38.97314664468783,4080.8354,4142.757830883344,4018.9129691166563,0.03034791890079351,25.256785714285765,0.9018607218226287,0.0032232955329869473,0.003597958260237677,0.003904016291919585,0
2026-07-08 23:00:00+00:00,4076.662,4077.885,4071.886,4076.312,4678,4078.9298000000003,4066.9691999999995,4078.9266000000002,4112.693679999999,4074.29381364795,4086.0494656229885,-11.75565197503829,-15.472461597913195,3.716809622874905,57.068214174730485,4078.9266000000002,4138.800913415051,4019.05228658495,0.02935787734697184,20.730928571428617,0.9999999999972321,0.002591387228416009,0.000991091959385848,0.0038302834125234567,0
2026-07-09 00:00:00+00:00,4076.12,4090.029,4070.116,4073.989,14917,4076.8838000000005,4067.2977,4076.44855,4110.9001,4074.246919240574,4085.1560977990634,-10.909178558489657,-14.559804990028487,3.6506264315388304,62.00395734857644,4076.44855,4132.528851660421,4020.3682483395787,0.02751429386269151,20.749785714285736,0.9999999999971355,-0.0025047628444997416,0.0008069857204060504,0.0038333457711166043,1
2026-07-09 01:00:00+00:00,4073.939,4078.99,4062.396,4072.792,19493,4075.4339999999997,4070.4864000000002,4073.8339,4109.06892,4074.023085511255,4084.2402387028365,-10.217153191581474,-13.691274630339086,3.474121438757612,58.30453463831349,4073.8339,4125.029889378054,4022.6379106219465,0.02513405830220696,20.624142857142846,0.894032750336213,-0.0017766978322032445,0.007891054107928674,0.0028399101366022505,1
2026-07-09 02:00:00+00:00,4073.093,4082.838,4064.251,4065.179,12146,4072.9826000000003,4073.5928,4070.7063499999995,4107.09116,4072.662456971062,4082.828295095219,-10.165838124156835,-12.986187329102636,2.820349204945801,51.34107439071084,4070.7063499999995,4115.249352589787,4026.163347410212,0.021884655271087117,19.714357142857157,0.6945695398967736,-0.003006055766417881,0.007700325845941602,0.0028587346007049987,1
2026-07-09 03:00:00+00:00,4065.119,4067.561,4054.229,4064.096,10746,4070.4736000000003,4073.6481,4067.7289499999997,4105.224920000001,4071.344540513976,4081.440717680758,-10.096177166782127,-12.408185296638536,2.312008129856409,46.226519540908676,4067.7289499999997,4104.688043612267,4030.7698563877316,0.0181718566141276,18.67000000000004,0.548066868231295,-0.0030772883852171473,0.00013608813786381013,0.0017111138314124276,1
2026-07-09 04:00:00+00:00,4064.147,4064.688,4056.369,4064.186,7633,4068.0484000000006,4073.4891000000002,4064.8719499999997,4103.585139999999,4070.243226588749,4080.1625904451466,-9.919363856397467,-11.910421008590323,1.9910571521928553,46.95152751014911,4064.8719499999997,4091.880872888334,4037.8630271116654,0.013288941556121779,17.9754285714286,0.568834189648641,-0.002974747762192864,-0.00039106925713561225,0.0017009030233196742,1
2026-07-09 05:00:00+00:00,4064.237,4084.308,4063.54,4081.924,14976,4069.6354,4073.2596000000003,4066.1306000000004,4102.384719999999,4072.0402686520183,4080.293065226988,-8.25279657496958,-11.178896121866176,2.9260995468965962,71.62422900521877,4066.1306000000004,4093.8820444683993,4038.3791555316016,0.01365005072311197,16.757785714285742,0.9999999999977544,0.001947722490168724,-0.0005619189372558786,0.0016496983848874837,1
2026-07-09 06:00:00+00:00,4081.976,4108.241,4081.394,4108.104,19374,4076.6978000000004,4076.0659,4069.36515,4101.815680000001,4077.5885350132457,4082.353134469433,-4.76459945618717,-9.896036788730376,5.131437332543205,82.38455814767808,4069.36515,4100.803003035846,4037.9272969641543,0.015450986518546176,17.09657142857145,0.9999999999979087,0.008670219348299701,0.006878117156175589,0.0025791768421186533,1
2026-07-09 07:00:00+00:00,4107.905,4111.298,4101.397,4107.749,10984,4085.2118,4079.0971999999992,4072.1006500000003,4101.346659999999,4082.228606549669,4084.234309693919,-2.0057031442497646,-8.317970059834254,6.312266915584489,75.95406401916307,4072.1006500000003,4106.898490007498,4037.3028099925023,0.017090854572810253,15.567571428571423,0.8655190328751712,0.010471863600594045,0.007434328828214598,0.002553392939960789,1
2026-07-09 08:00:00+00:00,4107.801,4117.842,4105.184,4108.411,10589,4094.0748,4082.2742,4074.4199,4100.97878,4086.256667080489,4086.0251756425173,0.23149143797172655,-6.608077760273058,6.839569198244784,75.5021473603615,4074.4199,4112.425690312002,4036.4141096879976,0.01865580438187155,15.265928571428535,0.8435132180229975,0.010904023920694783,0.00779318070931434,0.0025412982047718475,1
2026-07-09 09:00:00+00:00,4108.46,4112.47,4103.119,4106.182,8904,4102.474,4085.2612,4076.1152,4100.6185000000005,4089.3221029142596,4087.5182737430714,1.8038291711882266,-4.925696373980801,6.729525545169028,66.29858853911522,4076.1152,4116.6584694376315,4035.571930562369,0.019893093030163303,13.918785714285702,0.6342500183740991,0.010333188490881051,0.007327702099348521,0.0025627738741989623,1
2026-07-09 10:00:00+00:00,4106.232,4110.198,4093.64,4098.965,8492,4105.8822,4087.7588000000005,4077.5282500000003,4099.99172,4090.805625542835,4088.366179391733,2.439446151101947,-3.4526678689642516,5.892114020066199,63.43728698023154,4077.5282500000003,4119.230811773737,4035.8256882262644,0.0204548242056869,14.147428571428593,0.5664455335979979,0.004174747006558732,0.0061306007453627576,0.002655717717183435,1
2026-07-09 11:00:00+00:00,4099.047,4110.682,4097.775,4108.564,9542,4105.9742,4091.3360000000002,4080.9111999999996,4099.66686,4093.537683151629,4089.8623142516044,3.6753689000247505,-2.027060515166451,5.702429415191201,70.105929466477,4080.9111999999996,4121.052557334948,4040.7698426650513,0.019672742369374874,14.216000000000056,0.7171566586719478,0.00011197379618432812,0.0087831639818583,0.0026861627256879804,1
2026-07-09 12:00:00+00:00,4108.659,4122.743,4105.018,4107.839,15615,4105.9922,4095.6020000000003,4084.5974,4099.30046,4095.737885743686,4091.193920603337,4.543965140348973,-0.7128553840633656,5.256820524412339,70.16938194983143,4084.5974,4119.892461145138,4049.302338854862,0.017282026936186336,14.961357142857228,0.6621725992729601,2.19098099714099e-05,0.010494002847106998,0.002543334004391083,1
2026-07-09 13:00:00+00:00,4107.782,4129.631,4106.711,4121.962,22436,4108.7024,4101.3886,4087.51835,4099.118460000001,4099.772364860042,4093.4730375956824,6.2993272643598175,0.6895811456212715,5.609746118738546,75.04553734061909,4087.51835,4125.073805043202,4049.9628949567973,0.018375675325446456,16.170000000000073,0.7970293442364791,0.003298355495591876,0.014238344763509714,0.0025998704025246466,1
2026-07-09 14:00:00+00:00,4121.838,4136.355,4114.12,4127.671,19919,4113.0002,4107.7371,4090.6131,4098.9604,4104.064462573881,4096.006219996002,8.058242577879355,2.1633134320728886,5.894929145806467,78.39716462124377,4090.6131,4130.7376795095415,4050.488520490458,0.01961788051260175,16.33585714285719,0.8897231796810802,0.005233328673692528,0.015620594136193544,0.002553893346405531,0
2026-07-09 15:00:00+00:00,4127.735,4132.809,4124.683,4126.682,11443,4118.5436,4112.2129,4092.7362500000004,4098.36266,4107.5440837163615,4098.278499996298,9.26558372006366,3.5837674896710436,5.6818162303926165,78.57006531512354,4092.7362500000004,4135.820841574282,4049.651658425719,0.02105417448988148,15.731000000000092,0.8945049847938973,0.0067619508827228,0.010964927323487528,0.0024014102922484256,0
2026-07-09 16:00:00+00:00,4126.632,4138.113,4125.692,4127.884,9331,4122.4076000000005,4114.1909,4095.1284,4097.47858,4110.673301606152,4100.471499996572,10.201801609579888,4.907374313652813,5.2944272959270755,85.66796737238376,4095.1284,4140.4972670737325,4049.759532926267,0.022157482082238323,15.29057142857154,0.9999999999974646,0.004702372897197105,0.004814873235925887,0.0015090393495750256,0
2026-07-09 17:00:00+00:00,4128.217,4138.109,4124.869,4136.002,9186,4128.0402,4117.0162,4098.0567,4097.02528,4114.570024435974,4103.103388885715,11.466635550259525,6.219226560974156,5.247408989285369,87.87077610179395,4098.0567,4146.098826939814,4050.014573060186,0.02344629684592402,15.284000000000137,0.9999999999975561,0.006855916212879842,0.006877976234672678,0.0015619250866103084,0
2026-07-09 18:00:00+00:00,4136.204,4136.279,4121.283,4124.596,6816,4128.567000000001,4118.6347000000005,4100.45445,4096.43232,4116.112482215054,4104.695434153439,11.417048061614878,7.258790861102301,4.158257200512577,78.42770018446586,4100.45445,4148.78213946099,4052.126760539011,0.023571869923339657,15.76092857142872,0.6135191388177148,0.0006390160802063338,0.0039394792779980925,0.0019059227908732996,1
2026-07-09 19:00:00+00:00,4124.547,4127.092,4118.677,4122.286,6170,4127.49,4120.2451,4102.75315,4096.09882,4117.062254181969,4105.998439030962,11.063815151007475,8.019795719083337,3.044019431924138,72.21989782436285,4102.75315,4150.617024302967,4054.8892756970317,0.023332563550876963,14.878571428571572,0.3594497208482909,-0.0013046097908482324,0.003921891431017954,0.001906887477014717,0
2026-07-09 20:00:00+00:00,4122.237,4125.536,4120.624,4123.966,3453,4126.9468,4122.745199999999,4105.2519999999995,4095.67846,4118.124368923205,4107.329369473113,10.794999450092291,8.574836465285129,2.2201629848071622,61.95796393462344,4105.2519999999995,4151.998209199706,4058.5057908002927,0.022773856123671218,13.311785714285861,0.0,-0.0006581558743803395,0.00609934459064676,0.001752197778451238,1
2026-07-09 22:00:00+00:00,4125.559,4127.695,4121.405,4121.898,3822,4125.7496,4124.0786,4107.7073,4095.22706,4118.704927550404,4108.408527289919,10.296400260484916,8.919149224325087,1.3772510361598282,60.398018725105246,4107.7073,4152.387699819813,4063.0269001801867,0.021754422385359906,13.053857142857298,0.0,-0.001450137649216865,0.003245416160001291,0.0016685830960639283,0
2026-07-09 23:00:00+00:00,4121.88,4125.225,4120.945,4123.583,3347,4123.2658,4125.653,4110.6275000000005,4095.15676,4119.455400234957,4109.5325623054805,9.922837929476373,9.119886965355345,0.8029509641210275,60.98465102809085,4110.6275000000005,4151.034472553799,4070.2205274462017,0.01965975878563484,12.455428571428813,0.02135323713378849,-0.0030026581225058857,0.003832672117870084,0.0016592654505961407,0
2026-07-10 00:00:00+00:00,4123.531,4128.363,4114.166,4126.375,9450,4123.6216,4126.0943,4113.7414499999995,4095.4029800000003,4120.519954044963,4110.780150282852,9.739803762110569,9.243870324706391,0.4959334374041777,64.50167329761683,4113.7414499999995,4148.21281376465,4079.2700862353495,0.016759129947094782,12.801571428571638,0.14937177641945398,0.0004313149699994856,0.0010706066674073256,0.0012812284024707903,0
2026-07-10 01:00:00+00:00,4126.427,4131.227,4108.519,4116.979,15584,4122.5602,4125.0251,4116.3811000000005,4095.6094399999997,4119.975191884199,4111.239324335975,8.735867548224633,9.14226976941004,-0.4064022211854077,62.54421882398786,4116.3811000000005,4141.761116722133,4091.0010832778685,0.012331227894391152,13.240857142857294,0.07812102984230868,-0.001287392480773919,-0.0025903227267870532,0.0013939837687212751,0
2026-07-10 02:00:00+00:00,4117.038,4129.201,4115.973,4127.959,9786,4123.3588,4125.1528,4118.682849999999,4096.20478,4121.203470055861,4112.477818829606,8.72565122625474,9.05894606077898,-0.33329483452424036,63.25102824426373,4118.682849999999,4138.68540193521,4098.680298064788,0.009713081906858238,13.26378571428586,0.10384867743814263,0.0009682427061714627,0.0003094495771662764,0.0016733819184643502,0
2026-07-10 03:00:00+00:00,4127.642,4134.841,4119.321,4120.341,8759,4123.0474,4124.3985,4119.2947,4096.63906,4121.070782354959,4113.060276694079,8.010505660879971,8.849257980799178,-0.8387523199192071,57.80633398271659,4119.2947,4138.673663549895,4099.915736450106,0.009408874558013171,13.106285714285864,0.0,-0.00037773860488532485,-0.001827328481129764,0.0017702418092559677,0
2026-07-10 04:00:00+00:00,4120.289,4121.203,4112.169,4115.258,6559,4121.3824,4122.3241,4119.67015,4096.71042,4120.176508146505,4113.223071013036,6.953437133468469,8.470093811333037,-1.5166566778645674,45.281265837039996,4119.67015,4138.38691753819,4100.95338246181,0.009086536958882372,12.114428571428757,0.0,-0.0020188753324474895,-0.0050154714625381125,0.0016218082975354826,0
2026-07-10 05:00:00+00:00,4115.208,4117.239,4108.191,4116.767,10606,4119.4608,4121.541200000001,4120.08795,4096.82418,4119.651968431658,4113.48558427133,6.166384160328562,8.009351881132142,-1.8429677208035802,41.84271949248888,4120.08795,4138.10651512205,4102.06938487795,0.008746689556493544,11.172500000000193,0.0,-0.0023284359758868334,-0.0018981252951804084,0.0014282583788066943,0
2026-07-10 06:00:00+00:00,4116.826,4120.202,4111.039,4111.897,9653,4118.4444,4120.5023,4120.3737,4096.77236,4118.4588963652495,4113.367911362342,5.090985002907473,7.425678505487208,-2.334693502579735,39.54636084675556,4120.3737,4137.628810170756,4103.118589829244,0.008375507382136658,11.24657142857164,0.0,-0.001234400272627223,-0.002520203595771875,0.0014594791260702355,0
2026-07-10 07:00:00+00:00,4111.887,4115.26,4104.327,4108.873,9008,4114.6272,4118.993,4120.869100000001,4096.47882,4116.984143078288,4113.034954965131,3.9491881131571063,6.7303804270211876,-2.7811923138640813,36.89601455768604,4120.869100000001,4135.9707532372995,4105.767446762702,0.007329353527535588,11.140285714285906,0.0,-0.0046235924339365075,-0.003659826487415474,0.0014468461351109416,0
2026-07-10 08:00:00+00:00,4108.924,4109.555,4094.808,4098.03,8987,4110.165,4116.6062,4120.3424,4095.93772,4114.068121066243,4111.923476819566,2.1446442466776716,5.813233190952484,-3.6685889442748127,24.774128401360144,4120.3424,4137.801799006196,4102.883000993805,0.00847473210294163,11.247928571428734,0.0,-0.005414843091870458,-0.005790536301480631,0.0016170187305146245,1
2026-07-10 09:00:00+00:00,4097.725,4105.54,4094.304,4104.173,7307,4107.947999999999,4114.6652,4120.1591,4095.46658,4112.54579474836,4111.349367425523,1.1964273228368256,4.889872017329353,-3.693444694492527,35.41235125212499,4120.1591,4138.237222409921,4102.080977590079,0.008775448700474203,10.97935714285729,0.2242185758628417,-0.002693634275177881,-0.004707071495832604,0.0017242436616245276,0
2026-07-10 10:00:00+00:00,4104.243,4112.752,4104.021,4104.68,6821,4105.5306,4112.4957,4119.295,4095.0872999999997,4111.335672479381,4110.855340208818,0.4803322705629398,4.00796406797607,-3.5276317974131306,37.091996832751924,4119.295,4138.619413978035,4099.970586021966,0.009382388966089828,11.001928571428769,0.3100586372384018,-0.002936041801734124,-0.005257641392263146,0.0016918951085911386,1
2026-07-10 11:00:00+00:00,4104.627,4108.253,4096.107,4102.487,7876,4103.6486,4111.0465,4118.0358,4094.7105199999996,4109.974338251784,4110.235463156313,-0.2611249045294244,3.154146273474971,-3.4152711780043954,34.37004264237153,4118.0358,4138.320336133787,4097.751263866212,0.009851558907665493,11.518642857143018,0.24154309726527806,-0.0022884814478572046,-0.003520056818361317,0.0015773306706451538,1
2026-07-10 12:00:00+00:00,4102.492,4117.65,4097.332,4100.605,14263,4101.995000000001,4108.3111,4116.731949999999,4095.5876000000003,4108.532901597663,4109.522095515105,-0.9891939174422077,2.3254782352915355,-3.3146721527337433,34.46333454943421,4116.731949999999,4138.004724530268,4095.459175469731,0.010334787296641166,12.52064285714297,0.24389139005070096,-0.0020122306043530713,-0.006626519304091971,0.001169767049868824,1
2026-07-10 13:00:00+00:00,4100.907,4106.833,4085.65,4099.725,18696,4102.334,4106.2495,4115.3240000000005,4096.71384,4107.177839813407,4108.796384736208,-1.6185449228005382,1.5366736036731206,-3.155218526473659,32.384819846427064,4115.3240000000005,4137.207632971144,4093.440367028857,0.010635193229570112,13.728000000000034,0.19157215641998748,0.00041361337032697065,-0.005003469373044633,0.0010982506346895397,1
2026-07-10 14:00:00+00:00,4100.048,4109.097,4072.91,4092.896,29653,4100.0786,4104.0133,4113.1687,4097.51098,4104.9806336882675,4107.618578459452,-2.637944771184266,0.7017499287016432,-3.339694699885909,26.671962317265354,4113.1687,4134.96813384236,4091.3692661576406,0.010599824822336889,15.298714285714302,0.04932398201645398,-0.002747691191379964,-0.005433924191387218,0.0011380586941207608,1
2026-07-10 15:00:00+00:00,4092.95,4113.539,4091.154,4112.913,14547,4101.7252,4103.6278999999995,4112.58455,4098.52872,4106.200997736227,4108.010757832825,-1.8097600965984384,0.19944792364162678,-2.0092080202400653,47.532108087110196,4112.58455,4133.710390116713,4091.4587098832862,0.010273753577522601,15.275642857142884,0.5914712406303241,0.002005759279651409,-0.0009361715151720018,0.002063371749694656,1
2026-07-10 16:00:00+00:00,4112.969,4115.545,4104.328,4104.718,8907,4102.1714,4102.91,4111.70615,4099.17756,4105.972844238346,4107.7668498452085,-1.794005606862811,-0.1992427824592609,-1.59476282440355,35.40009799856769,4111.70615,4132.593129417435,4090.8191705825648,0.010159762714285998,15.131999999999996,0.3216851375850219,0.0005438164703506221,-0.0017459094914099582,0.0021258754082674083,0
2026-07-10 17:00:00+00:00,4104.557,4106.985,4100.324,4100.791,7596,4102.2086,4102.1017999999995,4110.5474,4099.7793,4105.175637432446,4107.250120227044,-2.074482794598225,-0.5742907848870539,-1.5001920097111712,37.12155147426934,4110.5474,4131.13991583452,4089.9548841654805,0.010019354519312863,14.499214285714256,0.5425535677310716,4.535916041681354e-05,-0.001966962717027121,0.00213352138300316,0
2026-07-10 18:00:00+00:00,4100.901,4105.747,4097.963,4101.246,6194,4102.5128,4102.423400000001,4109.5148,4100.98612,4104.571077827454,4106.805370580596,-2.2342927531417445,-0.906291178537992,-1.3280015746037526,40.170328591071204,4109.5148,4129.77936737251,4089.2502326274894,0.009862267619773667,14.40992857142854,0.6765187596719654,0.0003710004939354583,0.0007847673150269685,0.001953086651749341,0
2026-07-10 19:00:00+00:00,4101.36,4108.962,4097.727,4108.31,5743,4105.595600000001,4102.8371,4108.75115,4102.47002,4105.14629662323,4106.916824611662,-1.7705279884321499,-1.0791385405168237,-0.6913894479153262,44.49621887568532,4108.75115,4127.904131609999,4089.598168390001,0.009323018557597087,14.566142857142884,0.8666011107562215,0.0037660375440764504,0.0010079984445101609,0.0019723014080550608,0
2026-07-10 20:00:00+00:00,4108.248,4121.147,4108.184,4119.805,4723,4106.974,4104.3496,4108.42265,4103.59526,4107.401481758118,4107.871504270058,-0.4700225119395327,-0.9573153348013654,0.48729282286183273,54.73793946365685,4108.42265,4126.497952211213,4090.347347788788,0.0087991444654373,14.837571428571405,0.9999999999966627,0.0016756979785375048,0.0036848183049591476,0.0021488934813252186,0
2026-07-12 22:00:00+00:00,4098.612,4099.304,4069.874,4076.664,10076,4101.3632,4101.7672999999995,4106.4069,4103.8130200000005,4102.672638410716,4105.55983728709,-2.8871988763739864,-1.34329204311589,-1.5439068332580965,36.96741144766996,4106.4069,4128.9132236768655,4083.9005763231344,0.010961565292940442,17.62314285714287,0.4069336514276671,-0.006834574263079651,-0.006294474546781004,0.0040607388663187055,0
2026-07-12 23:00:00+00:00,4076.54,4084.927,4068.416,4084.347,8482,4098.0744,4100.1415,4104.2263,4103.81558,4099.853309424452,4103.988516006565,-4.1352065821129145,-1.901674950915295,-2.2335316311976197,44.31821013030388,4104.2263,4126.388787140866,4082.063812859135,0.010799836812539088,17.749142857142846,0.6287416155487204,-0.004009958078819431,-0.003964780806734458,0.0041381984420256245,0
2026-07-13 00:00:00+00:00,4084.395,4091.212,4061.045,4074.17,18719,4092.6592000000005,4097.586,4101.9177500000005,4103.69816,4095.902031051459,4101.779737043115,-5.877705991656512,-2.696881159063539,-3.180824832592973,37.945277030013344,4101.9177500000005,4126.499278254613,4077.336221745388,0.011985383302535867,19.101357142857132,0.4016719123623051,-0.006601896106695371,-0.006233344919476358,0.004189836543048511,0
2026-07-13 01:00:00+00:00,4073.809,4089.844,4065.275,4072.296,27724,4085.4564,4095.5260000000003,4099.76965,4103.595359999999,4092.2703339666186,4099.595756521403,-7.325422554784382,-3.6225894382077084,-3.7028331165766732,37.130003497281415,4099.76965,4126.826681013959,4072.712618986041,0.013199293289055497,20.232642857142796,0.37262344814969006,-0.008766134980077056,-0.005033111029452142,0.004173626425324866,0
2026-07-13 02:00:00+00:00,4072.359,4077.581,4064.666,4068.696,17261,4075.2346,4091.1043000000004,4097.3661,4103.43646,4088.6435133563696,4097.306885667966,-8.66337231159605,-4.6307460128853775,-4.032626298710672,36.719357957537625,4097.3661,4126.524522706168,4068.207677293832,0.014232764168263027,20.287571428571386,0.35799201245798373,-0.012405684249618742,-0.01075077445110062,0.0037202942675161137,0
2026-07-13 03:00:00+00:00,4068.769,4069.623,4053.015,4060.392,12182,4071.9801999999995,4086.6717000000003,4094.79085,4103.118060000001,4084.297126686159,4094.5724496925604,-10.275323006401322,-5.759661411588567,-4.515661594812755,34.95484170277082,4094.79085,4127.43506746047,4062.1466325395295,0.015944266096262462,20.022571428571446,0.2951217177393342,-0.00399149893147932,-0.010798792998690798,0.003721654400038637,1
2026-07-13 04:00:00+00:00,4060.278,4060.508,4050.226,4058.779,8405,4066.8666,4082.4705000000004,4092.28615,4102.81386,4080.3712610421344,4091.9210830486672,-11.54982200653285,-6.9176935305774245,-4.632128475955425,34.764165686814195,4092.28615,4127.930266321539,4056.64203367846,0.017420148550237494,19.2439285714286,0.28832786855455844,-0.006259997008089768,-0.010244852761333134,0.003727895078561705,1
2026-07-13 05:00:00+00:00,4058.667,4073.208,4052.085,4053.816,16720,4062.7958,4077.7274999999995,4090.0754499999994,4102.43434,4076.2858362664215,4089.098484304321,-12.812648037899635,-8.096684432041867,-4.715963605857768,35.25372053008098,4090.0754499999994,4129.503215058146,4050.6476849418523,0.01927972505159879,18.16792857142861,0.024509882245283103,-0.004995864188288679,-0.011564778118649865,0.0037066174093067653,1
2026-07-13 06:00:00+00:00,4053.883,4063.607,4043.743,4055.405,15735,4059.4175999999998,4072.4370000000004,4087.63705,4102.23886,4073.073399917741,4086.602670652149,-13.529270734407874,-9.183201692515068,-4.346069041892806,24.794880785414122,4087.63705,4129.359161817754,4045.914938182245,0.02041380450730316,17.9878571428572,0.0,-0.004147782970589486,-0.012877557925278338,0.0036145425875223724,1
2026-07-13 07:00:00+00:00,4055.463,4065.152,4048.934,4064.564,11685,4058.5912,4066.9129000000003,4085.63125,4102.2482199999995,4071.7642614688575,4084.9701765297673,-13.205915060909774,-9.98774436619401,-3.2181706947157647,32.548416258127375,4085.63125,4127.758696329925,4043.503803670075,0.020622245989490758,18.345071428571504,0.2589426670135488,-0.001015558793284188,-0.013408644341176501,0.0035502083431592905,1
2026-07-13 08:00:00+00:00,4064.675,4080.878,4063.081,4074.767,13364,4061.4662,4066.7232000000004,4084.24525,4102.4598399999995,4072.226221242879,4084.2143856757107,-11.988164432831582,-10.387828379521524,-1.6003360533100572,39.27464556544667,4084.24525,4125.858567549058,4042.6319324509423,0.020377482252838603,19.14050000000007,0.48357667583590913,0.003540298572157541,-0.00046533145728966385,0.0017672072393039504,0
2026-07-13 09:00:00+00:00,4074.713,4076.737,4068.205,4068.353,8817,4063.381,4065.1238,4082.6326500000005,4102.18842,4071.630341051667,4083.0394682182505,-11.409127166583403,-10.592088136933901,-0.8170390296495018,37.07838685093381,4082.6326500000005,4124.075918903367,4041.1893810966344,0.02030222773208179,19.193928571428614,0.4102288345847623,0.002358837473042996,-0.003915925850570545,0.0016840620152979938,0
2026-07-13 10:00:00+00:00,4068.297,4070.641,4046.501,4060.493,11864,4064.7164,4063.7561,4080.67105,4101.2362,4069.916903966795,4081.3693594613433,-11.452455494548303,-10.764161608456783,-0.68829388609152,31.332422408744733,4080.67105,4122.420666411815,4038.9214335881848,0.020462132771919925,20.11571428571428,0.21833245873639145,0.001647090050461042,-0.003357002776025575,0.0016143429196553492,0
2026-07-13 11:00:00+00:00,4060.55,4068.641,4055.047,4056.509,12111,4064.9371999999994,4062.1773999999996,4078.8517,4100.2114,4067.8541495103646,4079.5278513530957,-11.673701842731134,-10.946069655311655,-0.7276321874194789,23.750041471749398,4078.8517,4121.519447721658,4036.183952278342,0.020921450868958087,20.16078571428573,0.0,0.00027222928412817815,-0.0038766828344500848,0.0016271868316405558,0
2026-07-13 12:00:00+00:00,4056.543,4067.637,4053.474,4067.536,13042,4065.5316,4062.0613999999996,4076.5828500000002,4099.393899999999,4067.8052034318466,4078.6395660676812,-10.834362635834623,-10.92372825141625,0.08936561558162737,44.840022611644926,4076.5828500000002,4116.351837141229,4036.8138628587712,0.019510942671619683,17.605928571428553,0.9999999999952585,0.000731197737321887,-0.0002851036302540244,0.0018835308493922388,0
2026-07-13 13:00:00+00:00,4067.333,4067.738,4041.909,4043.436,23061,4059.2654,4060.3657999999996,4073.51875,4098.13898,4064.056095211563,4076.0318945071126,-11.975799295549677,-11.134142460242936,-0.8416568353067415,30.493863655868864,4073.51875,4113.602403131755,4033.4350968682456,0.019680112252707584,18.271499999999964,0.31976425864745445,-0.007689028599672021,-0.004175951484487128,0.002606642161915328,0
2026-07-13 14:00:00+00:00,4043.324,4047.107,4000.269,4015.51,44989,4048.6968,4056.0389000000005,4069.2547,4096.469880000001,4056.5874651790145,4071.5487912102894,-14.961326031274893,-11.899579174449329,-3.0617468568255646,26.07979382788548,4069.2547,4114.883450027954,4023.625949972047,0.022426096861399902,19.462285714285695,0.1104672564982947,-0.012988794236881596,-0.010660595218414115,0.003317451158042267,0
2026-07-13 15:00:00+00:00,4015.456,4020.286,4010.115,4016.141,16105,4039.8264000000004,4052.2714000000005,4064.9994500000003,4094.62142,4050.364932074551,4067.4445103798976,-17.079578305346786,-12.935579000628822,-4.143999304717964,26.866766084714087,4064.9994500000003,4113.827606758468,4016.171293241532,0.0240236966125386,18.433857142857146,0.1477822380340616,-0.010922811589627157,-0.009293712393458331,0.003338846933276887,0
2026-07-13 16:00:00+00:00,4016.084,4018.135,3986.447,3993.258,21033,4027.1762000000003,4046.0566999999996,4059.2468500000004,4092.3298,4041.579250216928,4061.94921331472,-20.36996309779215,-14.422455820061492,-5.94750727773066,23.183511545899165,4059.2468500000004,4113.40855915954,4005.0851408404606,0.026685595215545903,19.77478571428573,0.0,-0.015592471260386764,-0.01532448670354758,0.00361521139746644,1
2026-07-13 17:00:00+00:00,3993.476,4002.039,3991.971,3993.338,14095,4012.3366,4038.9341,4052.9235,4089.75732,4034.1575194143234,4056.8669012173336,-22.709381803010274,-16.07984101665125,-6.629540786359023,24.6836112117919,4052.9235,4106.845613192806,3999.001386807194,0.026608996292580362,19.307642857142874,0.06926783641795949,-0.018241510339429,-0.01752365075319262,0.0034179996055208714,1
2026-07-13 18:00:00+00:00,3993.134,4005.232,3986.639,4001.398,11823,4003.929,4031.5972,4049.1602,4087.23186,4029.117593350581,4052.758093719753,-23.64050036917206,-17.591972887155414,-6.048527482016645,29.34136910548041,4049.1602,4106.503285950949,3991.81711404905,0.02832344640300953,19.90128571428574,0.2843420872761325,-0.010396603284928974,-0.018005692104603677,0.0033526171864798793,1
2026-07-13 19:00:00+00:00,4001.632,4004.618,3993.54,4001.844,9968,4001.1958,4024.9463000000005,4045.03505,4084.7351,4024.92165591203,4048.9866793701417,-24.065023458111682,-18.88658300134667,-5.1784404567650135,30.659710334767382,4045.03505,4103.577818519302,3986.4922814806973,0.028945493819294545,19.183785714285737,0.34521713890742295,-0.0034033036899422386,-0.01634789311546958,0.003407728012622929,1
2026-07-13 20:00:00+00:00,4001.894,4006.326,3996.262,4002.192,6350,3998.406,4019.1162000000004,4041.43615,4082.22126,4021.424785771718,4045.5204068242056,-24.095621052487786,-19.928390611574894,-4.167230440912892,30.01329617415722,4041.43615,4101.272954007406,3981.5993459925944,0.029611653771843365,18.483785714285723,0.3153686486014467,-0.0034732346299595207,-0.014358108732116959,0.003448186119960166,1
2026-07-13 22:00:00+00:00,4004.151,4006.318,4000.767,4000.767,3937,3999.9078,4013.5420000000004,4037.8596999999995,4079.51656,4018.2466648837612,4042.205339652042,-23.958674768280616,-20.73444744291604,-3.224227325364577,24.559962356544162,4037.8596999999995,4098.475720669021,3977.243679330978,0.03002383696938332,17.721857142857193,0.06355828999694146,0.0018804194469779212,-0.013741372199593371,0.0034630586393132475,1
2026-07-13 23:00:00+00:00,4001.068,4003.116,3992.76,4000.949,6183,4001.4300000000003,4006.8833000000004,4034.47235,4077.0436200000004,4015.585485670875,4039.1493144926317,-23.563828821756488,-21.30032371868413,-2.263505103072358,18.007038468873205,4034.47235,4095.403672676308,3973.541027323692,0.03020534899752524,17.190357142857174,0.0,0.001905924316949914,-0.016370352960612955,0.0032053875316225286,1
2026-07-14 00:00:00+00:00,4001.006,4007.351,3983.346,4004.098,25135,4001.97,4002.9495,4031.65765,4074.6798599999997,4013.818180183048,4036.5529208265107,-22.73474064346283,-21.587207103639873,-1.1475335398229554,21.340576801277507,4031.65765,4092.748257521084,3970.5670424789164,0.030305453897398114,18.295571428571456,0.12423285888199911,0.0006747641699225149,-0.009728854370391948,0.0028974453247940387,1
2026-07-14 01:00:00+00:00,4004.151,4012.125,3992.091,4010.356,23172,4003.6724000000004,4002.4341,4029.2365,4072.40766,4013.2855370779635,4034.612408172695,-21.32687109473136,-21.535139901858173,0.20826880712681373,27.313369351759107,4029.2365,4089.6356100929606,3968.8373899070393,0.029980424377154657,18.002285714285758,0.3468242977871756,0.002127019444036371,-0.001283523139028464,0.002097999195800499,1
2026-07-14 02:00:00+00:00,4010.681,4019.19,4006.065,4012.163,13539,4005.6665999999996,4002.0362999999998,4027.15385,4070.21296,4013.112839065969,4032.9494890487913,-19.83664998282211,-21.195441918050964,1.3587919352288544,29.530473957275646,4027.15385,4086.8528376254694,3967.454862374531,0.0296482279292455,17.968785714285755,0.42945038938070124,0.002491384721172718,-0.0009905030724768338,0.002104448541248566,1
2026-07-14 03:00:00+00:00,4012.364,4019.141,4011.142,4016.832,9895,4008.8796,4004.3937000000005,4025.2252,4068.07794,4013.685017671204,4031.7556009711034,-18.070583299899226,-20.57047019442062,2.499886894521392,25.136322623671106,4025.2252,4083.557952615001,3966.892447384999,0.02898359704942771,17.528500000000058,0.5634607638848872,0.004015480031704044,0.005903450265422494,0.0007726272339896004,0
2026-07-14 04:00:00+00:00,4016.886,4023.564,4013.491,4020.43,7938,4012.7758000000003,4007.1029000000003,4023.0185000000006,4065.9590399999997,4014.7227072602495,4030.9166675658366,-16.193960305587098,-19.695168216653915,3.5012079110668175,35.87930568854179,4023.0185000000006,4078.347059088042,3967.689940911959,0.02750599286980231,16.403071428571497,0.9999999999944048,0.004869094807256946,0.006784299250401471,0.0007502712832990178,1
2026-07-14 05:00:00+00:00,4020.47,4034.232,4019.573,4031.268,10561,4018.2097999999996,4010.0899,4020.84355,4064.2448200000003,4017.2681369125185,4030.9426921905897,-13.674555278071239,-18.491045628937382,4.816490350866143,62.23941342778112,4020.84355,4070.7623761903483,3970.924723809652,0.024830026619836142,14.10457142857149,0.9999999999977391,0.00678554820586319,0.007464891020588338,0.000900420893064358,0
2026-07-14 06:00:00+00:00,4031.317,4033.372,4021.762,4024.099,9751,4020.9584000000004,4012.3154000000004,4018.63085,4062.1676199999997,4018.319038925977,4030.435752028324,-12.116713102346694,-17.216179123619245,5.099466021272551,55.611180054151625,4018.63085,4063.333382669699,3973.928317330301,0.022247643208979467,14.20735714285716,0.8501497290192495,0.003426877813341278,0.005561186293118858,0.0011973661372330277,1
2026-07-14 07:00:00+00:00,4023.99,4030.02,4020.241,4020.861,10078,4022.6979999999994,4014.1822999999995,4016.64925,4060.17802,4018.710109860442,4029.7265111373367,-11.016401276894612,-15.976223554274318,4.959822277379706,76.92082626250772,4016.64925,4056.822564588449,3976.475935411551,0.020003396905243397,12.642428571428582,0.9999999999983026,0.002167907933949831,0.004664693747826076,0.0012672778359708436,1
2026-07-14 08:00:00+00:00,4020.975,4024.021,4014.462,4016.098,10361,4022.5512000000003,4015.7153999999996,4014.6287,4058.1948199999997,4018.3082468049893,4028.7169917938304,-10.408744988841136,-14.862727841187683,4.453982852346547,70.33958891867708,4014.6287,4050.1573511048186,3979.1000488951818,0.017699595035933678,12.606071428571438,0.8882903715684947,-0.0001827310676671967,0.0038320152110833394,0.0013513065787206229,1
2026-07-14 09:00:00+00:00,4016.048,4024.549,4013.661,4021.865,9746,4022.8381999999997,4017.807,4012.3451499999996,4056.29678,4018.8554396042214,4028.2094368461394,-9.353997241918023,-13.760981721333751,4.406984479415728,69.07206888197214,4012.3451499999996,4038.075507318109,3986.6147926818903,0.012825595184955277,12.0557142857143,0.8667755431357566,0.000356926995371154,0.005227759714007796,0.001383825049800429,1
2026-07-14 10:00:00+00:00,4021.733,4022.971,4015.11,4021.783,8479,4020.9411999999998,4019.5755,4011.2625,4054.4945000000002,4019.305833511264,4027.733404487167,-8.427570975902654,-12.694299572247532,4.266728596344878,68.70695963822622,4011.2625,4032.996456236892,3989.528543763108,0.010836466691916586,11.825928571428578,0.8605781951562951,-0.002352857711271028,0.004416725065170768,0.0013902094074523033,1
2026-07-14 11:00:00+00:00,4021.462,4032.023,4015.627,4031.067,11309,4022.3347999999996,4021.6466,4012.04035,4052.93838,4021.1152437403002,4027.980337488118,-6.865093747817809,-11.528458407361589,4.663364659543779,73.20059779202613,4012.04035,4035.462377449025,3988.6183225509753,0.01167586833917305,12.278214285714316,0.9368530082702095,0.0017315677372748972,0.005164379421677134,0.0014744565125097578,1
2026-07-14 12:00:00+00:00,4030.999,4103.281,4023.083,4076.404,34958,4033.4434,4028.0707,4015.0534999999995,4052.50586,4029.6212062417926,4031.5672754519615,-1.9460692101688437,-9.611980567923041,7.665911357754197,85.63043498742245,4015.0534999999995,4052.187940416886,3977.9190595831133,0.018497606777536722,17.61014285714285,0.9999999999985212,0.013813708059045027,0.01601156284029348,0.003697646581466739,0
2026-07-14 13:00:00+00:00,4076.354,4088.683,4070.743,4076.441,32256,4045.5119999999997,4034.0316,4019.21265,4051.95122,4036.824251435363,4034.8912550481123,1.9329963872505687,-7.302985176888319,9.235981564138887,85.61077776519868,4019.21265,4063.928130471782,3974.497169528218,0.022250865712110074,18.151857142857157,0.9996942406955258,0.01502528075759102,0.014839804104328946,0.003730521297727363,0
2026-07-14 14:00:00+00:00,4076.664,4090.545,4070.512,4084.962,30370,4058.1313999999998,4040.4847999999997,4023.7938500000005,4051.5568599999997,4044.2300589068454,4038.6001991186226,5.629859788222802,-4.716416183866094,10.346275972088897,86.30486315638248,4023.7938500000005,4075.5650756285786,3972.0226243714224,0.02573254374280537,17.868142857142857,0.9999999999983652,0.015688492776361196,0.01605101941832099,0.0037288451620102994,0
2026-07-14 15:00:00+00:00,4085.011,4100.69,4064.467,4066.427,25248,4067.0602,4044.0006999999996,4027.0453,4050.8356600000006,4047.6449729211768,4040.6614436283544,6.983529292822368,-2.3764270885284007,9.359956381350768,72.67418820008902,4027.0453,4081.015675703135,3973.0749242968654,0.02680395758306209,19.024499999999957,0.777162004558833,0.011100549184279718,0.008721573460261256,0.004168283432838681,0
2026-07-14 16:00:00+00:00,4066.485,4067.229,4057.64,4061.476,13948,4073.142,4047.7383999999997,4030.0269,4050.05308,4049.7728232409954,4042.203262618847,7.569560622148401,-0.3872295463930397,7.956790168541441,69.44687630630425,4030.0269,4084.7191022997836,3975.334697700216,0.027142350985192548,18.771928571428525,0.7244010286442023,0.007543660276547071,0.009288290372577723,0.004132211331292757,0
2026-07-14 17:00:00+00:00,4061.53,4065.2,4054.291,4062.93,10278,4070.4472,4051.9453000000003,4033.0638,4049.31718,4051.7970042808424,4043.7385764989326,8.058427781909813,1.3019019192675314,6.756525862642282,68.65198180847108,4033.0638,4087.9929463486346,3978.134653651365,0.027239413543933885,18.979785714285622,0.649921939698244,-0.003305364237695785,0.010462684484740858,0.004094080332115511,0
2026-07-14 18:00:00+00:00,4062.845,4063.271,4042.709,4053.965,10817,4065.9519999999998,4055.732,4035.7237,4048.5385599999995,4052.13054208379,4044.4960893508633,7.6344527329265475,2.5684120819993352,5.066040650927212,63.004009585779734,4035.7237,4089.2007552358186,3982.2466447641814,0.026501841657702495,19.728999999999946,0.24085833905891546,-0.005513633093180981,0.009428803779190753,0.004168112120732658,1
2026-07-14 19:00:00+00:00,4054.087,4057.41,4047.564,4055.9,9166,4060.1396,4059.1354999999994,4038.47125,4047.3982999999994,4052.710458686284,4045.340823473022,7.369635213261972,3.5286567082518627,3.8409785050101095,60.26008430663634,4038.47125,4090.037969226239,3986.904530773761,0.025537742395090223,19.385214285714223,0.15146127093922065,-0.007114386865777478,0.008462491903631797,0.004166632480934189,0
2026-07-14 20:00:00+00:00,4055.794,4056.504,4049.297,4052.905,4387,4057.4352,4062.2477,4040.9116000000004,4046.3620399999995,4052.7403881191626,4045.9011328453903,6.839255273772324,4.190776421355955,2.6484788524163685,62.43095353172696,4040.9116000000004,4090.1982111570587,3991.624988842942,0.024393808148170503,19.07071428571424,0.08335141709615441,-0.0033252779405605892,0.007738358832388492,0.004189438949363471,0
2026-07-14 22:00:00+00:00,4052.616,4053.543,4048.637,4048.82,4229,4054.904,4064.0229999999997,4042.8347999999996,4045.32262,4052.137251485445,4046.1173452272133,6.019906258231913,4.556602388731147,1.4633038695007663,61.97787697817711,4042.8347999999996,4090.05986431145,3995.6097356885493,0.023362351739650754,18.722642857142805,0.06595535640537484,-0.0031161085280326795,0.004404044884394276,0.004186178251036046,0
2026-07-14 23:00:00+00:00,4048.983,4056.238,4046.59,4053.159,4714,4052.9498,4061.6985,4044.8846,4044.3608800000006,4052.2944435646077,4046.6389492844564,5.655494280151288,4.776380767015175,0.8791135131361125,65.93514322323239,4044.8846,4090.0166355609304,3999.7525644390694,0.02231561096251324,18.72899999999991,0.21789622209172935,-0.0024049146797999743,-0.0057023297985184795,0.001859611939669802,0
2026-07-15 00:00:00+00:00,4052.964,4060.584,4050.985,4059.141,10810,4053.9849999999997,4059.9685,4047.00005,4043.3775,4053.3477599392836,4047.5650271152376,5.782732824045979,4.977651178421336,0.805081645624643,65.99800861787806,4047.00005,4090.5336353675893,4003.466464632411,0.021514002881017628,18.636928571428466,0.22030996478496173,0.0012767747131512408,-0.004243898047340711,0.001965225320470405,0
2026-07-15 01:00:00+00:00,4059.162,4062.066,4035.615,4037.482,16976,4050.3014000000003,4055.2205000000004,4047.85265,4041.73104,4050.9068737947787,4046.818136217813,4.088737576965741,4.799868458130217,-0.7111308811644763,55.6847891424475,4047.85265,4089.8355016236314,4005.869798376368,0.020743270693725294,19.96478571428562,0.0,-0.004541038980251044,-0.011623119137950333,0.002286599150754699,0
2026-07-15 02:00:00+00:00,4037.178,4042.189,4029.178,4035.359,11814,4046.7922,4052.1137000000003,4048.0572,4040.90494,4048.5148932109664,4045.9693113127896,2.545581898176806,4.349011146139535,-1.803429247962729,51.63919399929725,4048.0572,4089.7386058134884,4006.375794186512,0.020593288955249076,19.722999999999892,0.0,-0.0043292403843663285,-0.007640122397377436,0.001957659036051816,0
2026-07-15 03:00:00+00:00,4035.301,4040.418,4027.859,4031.221,9015,4043.2724000000003,4049.0881999999997,4048.4133,4039.8424199999995,4045.8542942554336,4044.8768438081383,0.9774504472952685,3.6746990063706817,-2.697248559075413,24.81971488759325,4048.4133,4089.347879885204,4007.4787201147965,0.020222530088617026,14.891642857142772,0.0,-0.00434669854426728,-0.007449262287897329,0.0019536627439209683,1
2026-07-15 04:00:00+00:00,4031.356,4035.017,4028.279,4033.073,6380,4039.2552000000005,4046.1025,4049.0238999999992,4039.02048,4043.887941293059,4044.0024850075356,-0.11454371447644007,2.9168504622012574,-3.0313941766776975,26.310442021543736,4049.0238999999992,4088.5687529244974,4009.479047075501,0.01953303013326159,14.091499999999899,0.02424532063306053,-0.004955640773036563,-0.007348637559593696,0.0019602808278103958,0
2026-07-15 05:00:00+00:00,4033.382,4036.634,4022.126,4034.961,11812,4034.4192000000003,4044.2021,4049.96705,4038.2737800000004,4042.5145657095113,4043.3327453773477,-0.8181796678363753,2.169844436193731,-2.988024104030106,20.55335037278664,4049.96705,4087.0271370366963,4012.906962963304,0.01830142644577621,13.696857142857036,0.0,-0.005956925369185351,-0.004687756307713675,0.0019193195607619734,0
2026-07-15 06:00:00+00:00,4034.848,4035.702,4021.102,4031.953,11493,4033.3134,4041.8074,4050.47145,4037.5389200000004,4040.8897094465096,4042.489801275322,-1.6000918288123103,1.4158571831925224,-3.0159490120048327,25.153515726352296,4050.47145,4086.170720636941,4014.772179363059,0.017627217511650917,12.152357142857097,0.09408536745358208,-0.0013694178698505644,-0.005904238270174389,0.0018911399550341859,1
2026-07-15 07:00:00+00:00,4032.073,4034.379,4019.629,4024.583,10538,4031.1582000000003,4038.9752,4050.6114499999994,4036.8227399999996,4038.380984916277,4041.163371551224,-2.7823866349467608,0.5762084195646656,-3.3585950545114263,24.305990834760593,4050.6114499999994,4085.8560772696696,4015.366822730329,0.01740212691576242,12.520999999999958,0.07801969307555105,-0.0026703943812681485,-0.006988073986436971,0.0019315658755365492,1
2026-07-15 08:00:00+00:00,4024.382,4033.113,4017.227,4031.306,10023,4031.1752,4037.2238000000007,4050.6233999999995,4036.2732800000003,4037.292525698388,4040.4331958807625,-3.140670182374379,-0.1671673008231435,-2.9735028815512354,29.481456489579685,4050.6233999999995,4085.8402764474476,4015.4065235525513,0.017388373576002234,12.87649999999998,0.19646106850716047,2.108542300205407e-05,-0.004325704773242567,0.0020651052074626775,1
2026-07-15 09:00:00+00:00,4031.346,4034.437,4025.372,4030.098,9196,4030.5802000000003,4034.9176999999995,4048.3081000000006,4035.7989199999997,4036.1856755909434,4039.6676258155208,-3.4819502245773037,-0.8301238855739758,-2.651826339003328,32.78118461871409,4048.3081000000006,4082.4610848087486,4014.1551151912527,0.016872720141408202,12.055285714285674,0.26907088133337,-0.000737650917798871,-0.005689636157870992,0.0019986597714260787,1
2026-07-15 10:00:00+00:00,4030.17,4036.194,4026.482,4027.995,8954,4029.1870000000004,4031.8031,4045.8858,4035.25072,4034.925571653875,4038.8029868662234,-3.8774152123482963,-1.4395821509288402,-2.437833061419456,29.91665827011903,4045.8858,4078.473613309166,4013.297986690834,0.016109111784206067,12.045714285714244,0.20603759075079278,-0.0017264107385424055,-0.007673052007801662,0.0018671086748281746,1
2026-07-15 11:00:00+00:00,4027.942,4040.451,4027.658,4038.425,8629,4030.4813999999997,4031.8973999999994,4043.55895,4034.7279399999998,4035.4639452455863,4038.774987839096,-3.3110425935096828,-1.8138742394450091,-1.4971683540646736,40.5861548863577,4043.55895,4070.5668085017805,4016.5510914982196,0.013358459137478605,12.44471428571426,0.4408175853251304,0.0016051774413046171,0.00023356141278152442,0.0013126239877649245,0
2026-07-15 12:00:00+00:00,4038.295,4071.636,4035.871,4067.978,17501,4039.1603999999998,4035.1593000000003,4043.6364999999996,4034.59216,4040.4661075154963,4040.938173925089,-0.4720664095925713,-1.5455126734745215,1.0734462638819502,59.35668516058448,4043.6364999999996,4070.9282493261926,4016.3447506738066,0.013498616567633114,14.648928571428542,0.8538590955715614,0.010782483551712074,0.008083295686951208,0.0026299929880339292,0
2026-07-15 13:00:00+00:00,4067.872,4074.298,4054.149,4061.801,21463,4045.2594,4038.2173000000003,4043.6527499999997,4034.4611200000004,4043.7483986669586,4042.4835684491563,1.2648302178022277,-0.9834440952191716,2.2482743130213994,54.14627593221632,4043.6527499999997,4070.989573169867,4016.3159268301324,0.01352085594880388,15.398999999999985,0.7392051531817649,0.007564546080103929,0.00758579100476009,0.002672469128055873,0
2026-07-15 14:00:00+00:00,4061.86,4066.003,4053.193,4060.287,18321,4051.2972,4040.9386999999997,4043.5206,4034.4570000000003,4046.292798872042,4043.802341156626,2.4904577154161416,-0.28866373309210885,2.7791214485082505,50.57445912618036,4043.5206,4070.48810739959,4016.55309260041,0.013338627432534894,15.628357142857144,0.7736734205318052,0.007490884837043632,0.006747708261169549,0.002695696167224544,0
2026-07-15 15:00:00+00:00,4060.393,4063.174,4039.455,4046.956,17249,4055.0894,4042.1382000000003,4043.1701500000004,4034.26594,4046.3948298148052,4044.035945515394,2.3588842994113293,0.24084587340857894,2.1180384260027503,55.181692883239734,4043.1701500000004,4069.7454881545973,4016.5948118454035,0.013145792617506794,15.433214285714289,0.8924063537253797,0.0047073047508747745,0.002972767270861043,0.0029744504369535432,1
2026-07-15 16:00:00+00:00,4046.907,4047.856,4026.719,4033.607,18350,4054.1258000000003,4042.3036,4042.0555,4033.5873600000004,4044.427471381758,4043.2634310327726,1.164040348985509,0.42548476852396505,0.7385555804615438,49.146564826000564,4042.0555,4068.250062332862,4015.860937667138,0.012961010719848853,16.013642857142877,0.7368751837827017,-0.0011930393655943394,0.0004102230358340453,0.0031769151055467343,1
2026-07-15 17:00:00+00:00,4033.676,4066.147,4032.768,4062.035,15359,4052.9371999999994,4046.0488000000005,4042.5119999999997,4033.95934,4047.1363219384107,4044.653917622938,2.4824043154726496,0.8368686779137021,1.6455356375589476,62.13780389808874,4042.5119999999997,4069.7981546927267,4015.2258453072727,0.01349960355973068,17.500785714285712,0.9999999999975953,-0.001460922355037364,0.00930580882541121,0.003778284585729534,0
2026-07-15 18:00:00+00:00,4062.155,4081.538,4058.104,4059.32,13342,4052.4410000000003,4048.8502,4043.0370000000003,4034.8355399999996,4049.010733947886,4045.740294095313,3.270439852572963,1.3235829128455545,1.9468569397274085,60.26902039954005,4043.0370000000003,4071.2233839098844,4014.850616090116,0.013943173861571966,18.693357142857167,0.9550605252631938,-0.0006108127896959914,0.006949112768914079,0.003799897111500807,0
2026-07-15 19:00:00+00:00,4059.271,4063.04,4048.082,4056.967,11491,4051.7769999999996,4051.5371,4043.2274000000007,4035.65206,4050.2347748789807,4046.571901940104,3.662872938876717,1.7914409180517872,1.8714320208249298,58.578534562068405,4043.2274000000007,4071.7511042803576,4014.7036957196437,0.014109374249074845,18.725500000000043,0.905918615897342,-0.0008176761888998296,0.00666708352997869,0.003809095750828418,0
2026-07-15 20:00:00+00:00,4056.795,4063.322,4055.049,4060.115,4553,4054.4087999999997,4054.7490999999995,4043.2761,4036.9892000000004,4051.7548095129832,4047.575094388985,4.179715123998449,2.2690957592411194,1.9106193647573293,60.96634008816058,4043.2761,4071.917288735614,4014.634911264386,0.014167317802320709,18.273571428571454,0.969034954574762,0.0032515797058332296,0.007974190633305067,0.0037859692512664644,0
2026-07-15 22:00:00+00:00,4065.848,4065.972,4058.151,4059.794,4202,4059.6462,4056.886,4044.3917,4038.31832,4052.9916080494468,4048.480198508319,4.511409541127705,2.7175585156184368,1.7938510255092681,64.50767595362285,4044.3917,4073.8102304878175,4014.9731695121827,0.01454781468759191,17.77864285714291,0.999999999997145,0.0064922041240012,0.005291419303317335,0.00373967097721902,0
2026-07-15 23:00:00+00:00,4059.744,4062.167,4055.539,4057.936,4882,4058.8263999999995,4055.8818,4045.5205499999997,4039.44908,4053.7522837341476,4049.1806282484436,4.571655485704014,3.0883779096355526,1.4832775760684611,61.430361925692026,4045.5205499999997,4075.2110926836895,4015.83000731631,0.014678231054191396,17.117357142857177,0.9110371930603974,-0.00100910011853661,-0.0024685482566523254,0.0028825937887575555,0
2026-07-16 00:00:00+00:00,4057.76,4061.424,4043.786,4044.741,10548,4055.9106,4054.1758,4046.1965499999997,4040.3070199999997,4052.3659323904326,4048.8517668967074,3.5141654937251587,3.173535426453474,0.34063006727168466,55.698774080560455,4046.1965499999997,4075.1220462784945,4017.271053721505,0.014297622926150165,17.729714285714312,0.7453413497765397,-0.003591488229555684,-0.00420010729230702,0.00301675999310554,0
2026-07-16 01:00:00+00:00,4044.747,4050.64,4033.77,4039.023,17911,4052.3218,4052.049400000001,4046.4940500000002,4041.04364,4050.3131735611355,4048.123710089544,2.1894634715913526,2.97672103548105,-0.7872575638896975,54.17442652736782,4046.4940500000002,4074.9701257240426,4018.017974275958,0.014074443393308536,18.241000000000017,0.5680354356541263,-0.004423008617028379,-0.005237068217098906,0.0030329893316009323,0
2026-07-16 02:00:00+00:00,4039.279,4040.221,4024.116,4031.404,12701,4046.5796,4050.4941999999996,4046.3161999999998,4041.65638,4047.404069936345,4046.8852130458745,0.518856890470488,2.4851482064789376,-1.9662913160084496,47.284555109491784,4046.3161999999998,4075.1378967808214,4017.494503219178,0.014245894466093204,18.47757142857144,0.0,-0.007071474576458958,-0.0038428883338489372,0.002921750399807814,0
2026-07-16 03:00:00+00:00,4031.544,4036.886,4027.617,4036.129,8083,4041.8466,4050.7464,4046.525,4042.35998,4045.669443792292,4046.0884565239576,-0.41901273166558894,1.9043160188500323,-2.3233287505156213,34.75409522168269,4046.525,4074.966570968887,4018.083429031113,0.0140572817263637,16.585000000000004,0.0,-0.005829113496891747,0.0006252468324257077,0.002763494506874965,0
2026-07-16 04:00:00+00:00,4036.111,4038.055,4031.786,4033.296,5740,4036.9186,4047.8725,4046.96065,4042.9439399999997,4043.7658370550157,4045.1408671518125,-1.3750300967967632,1.248446795720673,-2.623476892517436,35.90354772666562,4046.96065,4074.229847253915,4019.691452746085,0.013476383692495295,15.593571428571424,0.038632409165635095,-0.006072052393137906,-0.007075025202884722,0.00127234067195466,0
2026-07-16 05:00:00+00:00,4033.296,4034.154,4025.178,4027.46,12585,4033.4623999999994,4044.6865,4046.76835,4043.28602,4041.2572467388595,4043.831173288715,-2.573926549855514,0.4839721266054354,-3.0578986764609497,34.43170285215635,4046.76835,4074.5517642596906,4018.984935740309,0.013731161191715234,15.319714285714294,0.0,-0.00427246145056015,-0.007848605185104884,0.0012932264800478905,1
2026-07-16 06:00:00+00:00,4027.404,4036.65,4022.838,4030.701,12620,4031.798,4042.0599,4046.7984999999994,4043.6567800000003,4039.6332087790347,4042.8585678599215,-3.2253590808868466,-0.2578941148930212,-2.9674649659938255,41.475157071083046,4046.7984999999994,4074.5069520606844,4019.0900479393144,0.013694011234157066,14.612071428571426,0.23418873913542107,-0.002060399259920076,-0.006474294713267326,0.001388466924393826,1
2026-07-16 07:00:00+00:00,4030.751,4031.794,4022.843,4030.554,9805,4031.6279999999997,4039.1038,4046.92645,4043.9312200000004,4038.236407428414,4041.9471183888163,-3.710710960402139,-0.9484574839948451,-2.762253476407294,48.14151965618422,4046.92645,4074.2908015431703,4019.5620984568295,0.01352352303964922,13.741642857142844,0.4558395087577,-0.00021084465858545176,-0.007280828252401617,0.0013178332107020808,0
2026-07-16 08:00:00+00:00,4030.432,4036.692,4025.242,4035.41,9003,4031.4842,4036.6654000000003,4046.7756999999997,4044.2308199999998,4037.8015755163506,4041.462887397052,-3.661311880701305,-1.4910283633361374,-2.170283517365168,27.26884658072177,4046.7756999999997,4074.3695063237174,4019.181893676282,0.013637428100459176,12.175285714285694,0.0,-0.00017814098607848994,-0.006006216078943916,0.0014446941825340324,0
2026-07-16 09:00:00+00:00,4035.277,4037.946,4030.601,4031.756,7577,4031.1762000000003,4034.0474000000004,4044.9646000000002,4044.24058,4036.8714869753735,4040.7438587009738,-3.87237172560026,-1.9672970357889625,-1.9050746898112976,26.83853186340349,4044.9646000000002,4071.4308183841467,4018.4983816158538,0.013086007419766534,11.026071428571381,0.0,-0.0003818217160357351,-0.006451555667708941,0.001446685944004945,0
2026-07-16 10:00:00+00:00,4031.69,4034.835,4028.627,4029.607,6870,4031.6056,4032.5339999999997,4043.3549,4044.3507400000003,4035.753873594547,4039.9189062046053,-4.165032610058461,-2.4068441506428626,-1.758188459415598,26.930860033726248,4043.3549,4069.4226547532057,4017.287145246794,0.01289412153912382,10.401071428571381,0.0024510291527034263,0.0005330903348512717,-0.003741648723614155,0.0011215490748369486,0
2026-07-16 11:00:00+00:00,4029.656,4042.483,4021.12,4038.54,13526,4033.1733999999997,4032.4856999999997,4042.2675500000005,4044.7043200000003,4036.1825084261554,4039.8167650042647,-3.634256578109216,-2.6523266361361335,-0.9819299419730827,33.42552047322724,4042.2675500000005,4067.148732409916,4017.386367590085,0.012310507457585634,11.33607142857139,0.1748643025716251,0.001944822997290041,-0.00011958337449435863,0.0013180776374644308,0
2026-07-16 12:00:00+00:00,4038.595,4043.454,3990.376,3992.416,27083,4025.5458,4028.5869,4039.54055,4044.23068,4029.449199437516,4036.305597226171,-6.856397788654704,-3.4931408666398482,-3.3632569220148554,19.618894740639064,4039.54055,4072.8020743979237,4006.2790256020767,0.016467974011511528,14.56871428571422,0.0,-0.009462222811057686,-0.009671072410505133,0.003847249129531866,0
2026-07-16 13:00:00+00:00,3992.216,4008.618,3973.744,3990.171,36938,4016.4979999999996,4023.9911,4037.36875,4043.5968,4023.406399524052,4032.888219653862,-9.481820129809876,-4.690876719273854,-4.790943410536022,19.550662772410448,4037.36875,4077.270930185393,3997.4665698146073,0.01976642841226371,16.586285714285655,0.0,-0.011210508969348831,-0.011386652904305072,0.0037787058898001856,0
2026-07-16 14:00:00+00:00,3990.028,4006.912,3987.008,3997.768,23943,4009.7004,4020.4383000000003,4034.1554000000006,4043.1164999999996,4019.4620303665056,4030.2867219017244,-10.82469153521879,-5.917639682462842,-4.907051852755948,27.77520179414627,4034.1554000000006,4075.9976024903403,3992.3131975096608,0.020743971583414848,16.748142857142803,0.23754029399921872,-0.008430073645329661,-0.008808676576179786,0.003900029474289563,0
2026-07-16 15:00:00+00:00,3997.819,4017.091,3989.288,4006.921,19227,4005.1632,4018.3844,4031.5354500000003,4042.63358,4017.5326410793505,4028.5559276867816,-11.023286607431146,-6.938769067456505,-4.084517539974641,35.289427377373514,4031.5354500000003,4073.305068168066,3989.7658318319345,0.020721444068197783,17.529071428571374,0.5504824381055984,-0.005629829410163323,-0.0050997402829575655,0.004016654989653126,0
2026-07-16 16:00:00+00:00,4006.997,4007.847,3982.252,3992.15,17730,3995.8851999999997,4014.5292999999997,4028.2945999999997,4040.9485000000004,4013.627619374835,4025.8591923025756,-12.231572927740672,-7.9973298395133385,-4.234243088227333,33.118592169545096,4028.2945999999997,4071.7789408497574,3984.810259150242,0.02158945418230221,18.206928571428534,0.4745548359128553,-0.011486824446458321,-0.009564341289517664,0.004104209213283458,0
2026-07-16 17:00:00+00:00,3992.116,3992.947,3979.801,3984.645,12677,3994.3309999999997,4009.9384000000005,4024.5211000000004,4039.1125800000004,4009.1687548556297,4022.806289169051,-13.637534313421384,-9.125370734294949,-4.512163579126435,28.37606263230394,4024.5211000000004,4069.4530513554882,3979.5891486445125,0.022329092202045032,18.483857142857136,0.3086790961089146,-0.001946440451095377,-0.011390245608916327,0.004099868916502091,1
2026-07-16 18:00:00+00:00,3984.694,3990.52,3976.484,3980.495,10822,3992.3958,4004.4469,4020.5561499999994,4037.0232400000004,4004.7574079547635,4019.672119600973,-14.914711646209525,-10.283238916677865,-4.6314727295316604,28.06556941201876,4020.5561499999994,4066.3690064733073,3974.7432935266916,0.022789313102023402,19.038642857142868,0.29781921801759687,-0.002424958729838833,-0.013608282677596617,0.004018008123325123,1
2026-07-16 19:00:00+00:00,3980.575,3986.214,3969.147,3979.899,10955,3988.822,3999.2611999999995,4016.6543000000006,4035.29268,4000.933037500185,4016.7259625934935,-15.79292509330844,-11.38517615200398,-4.40774894130446,29.343039063246366,4016.6543000000006,4062.355035058722,3970.953564941279,0.022755622787214432,19.616571428571433,0.34250027309811604,-0.004469744117217456,-0.012862137490463166,0.004034620610874091,1
2026-07-16 20:00:00+00:00,3979.85,3980.313,3971.782,3976.377,5110,3982.7131999999997,3993.9381999999996,4013.2360999999996,4033.5907,3997.1551855770795,4013.737150549531,-16.581964972451715,-12.424533916093528,-4.157431056358186,26.463146219302857,4013.2360999999996,4060.2979025510062,3966.174297448993,0.0234532937401847,19.239357142857152,0.2417725175208473,-0.0076228106319040645,-0.013209724918583854,0.004028850113742079,1
2026-07-16 22:00:00+00:00,3978.681,3980.541,3973.256,3978.26,4049,3979.9352,3987.9102,4010.19795,4031.8972999999996,3994.2482339498365,4011.1092134717883,-16.860979521951776,-13.311823037265178,-3.5491564846865984,27.67846471682975,4010.19795,4058.0884374260863,3962.307462573914,0.02388435085908221,19.12035714285717,0.5164193091625907,-0.0034793281815562738,-0.0149261861960015,0.0038941974157898455,1
2026-07-16 23:00:00+00:00,3978.213,3986.446,3975.498,3985.818,5165,3980.1698000000006,3987.2504,4007.9186500000005,4030.5343599999997,3992.9512748806305,4009.2357902516555,-16.28451537102501,-13.906361504017147,-2.378153867007862,29.309078771695766,4007.9186500000005,4055.898690737713,3959.938609262288,0.023942622057816686,19.08450000000003,0.6200242677335739,0.00029438005142234935,-0.0016526333929129944,0.001878597101455348,0
2026-07-17 00:00:00+00:00,3985.866,3992.171,3980.588,3991.898,13843,3982.4504,3987.4231,4005.7071000000005,4029.2543200000005,3992.789232591303,4007.951509492274,-15.162276900970937,-14.157544583407905,-1.0047323175630325,33.70029280421389,4005.7071000000005,4052.2687032910694,3959.1454967089317,0.02324763250466759,19.387214285714304,0.8990305393634002,0.0028647190864452554,0.00043281353104918097,0.0019442474465501628,0
2026-07-17 01:00:00+00:00,3991.947,3996.267,3979.172,3983.066,19863,3983.0838000000003,3985.9528999999993,4003.1956,4027.85754,3991.2933506541794,4006.108138418772,-14.814787764592438,-14.28899321964481,-0.5257945449476278,31.95371813662767,4003.1956,4048.9023037370757,3957.4888962629243,0.022835108900037617,20.16485714285714,0.7880577463003186,0.0007957488368424137,-0.0036775520740573997,0.0019427014948663005,1
2026-07-17 02:00:00+00:00,3983.117,3987.445,3970.446,3979.088,14594,3983.626,3983.1696,4000.7769999999996,4026.4629,3989.41560439969,4004.1066466840484,-14.691042284358446,-14.369403032587538,-0.32163925177090746,26.02625933512924,4000.7769999999996,4046.1958944965413,3955.358105503458,0.02270503679487346,19.853142857142853,0.41144249407197003,0.0006817764009801053,-0.006946231283321946,0.00170716392278194,1
2026-07-17 03:00:00+00:00,3979.273,4008.935,3978.597,3991.272,14921,3986.2284,3983.0818,3998.80555,4025.22516,3989.7012037228146,4003.1559321148593,-13.454728392044672,-14.186468104478967,0.7317397124342957,49.36482554911485,3998.80555,4042.1300971663863,3955.4810028336137,0.021668744141052975,18.228857142857123,0.9999999999966459,0.003270776671207898,-0.00021993161579603182,0.001727202457537683,1
2026-07-17 04:00:00+00:00,3991.416,3991.813,3979.99,3981.841,9327,3985.433,3982.8013999999994,3996.3699,4023.6791599999997,3988.4919416116127,4001.5770482544995,-13.085106642886785,-13.966195812160532,0.8810891692737464,45.71678321678325,3996.3699,4037.6060923300142,3955.133707669986,0.02063682459925148,16.58235714285716,0.843690383592207,-0.0009977876561348964,-0.0007037013334939557,0.001790559546155565,1
2026-07-17 05:00:00+00:00,3981.758,3991.465,3975.154,3985.224,16217,3984.0981999999995,3983.2743,3993.8606,4022.6339999999996,3987.9891813636723,4000.365711346759,-12.376529983086584,-13.648262646345744,1.2717326632591597,43.25779889493266,3993.8606,4030.998130595346,3956.723069404654,0.018597309377971834,16.325714285714316,0.7383289702434082,-0.0016718864059152017,0.0011880431956328152,0.0017762382703353987,1
2026-07-17 06:00:00+00:00,3985.1,4007.27,3985.051,3999.259,16453,3987.3368,3985.2102999999997,3992.2357500000007,4021.9120000000003,3989.722999615415,4000.28373272848,-10.560733113064998,-13.030756739689595,2.470023626624597,46.08714303223444,3992.2357500000007,4024.97542649222,3959.4960735077816,0.01640167492223831,15.926857142857184,0.8595593882283044,0.004065461129692638,0.004864445052500166,0.0020694941239335837,0
2026-07-17 07:00:00+00:00,3999.548,4002.632,3992.64,3992.839,11879,3990.0870000000004,3986.8565000000003,3990.39735,4021.1443600000002,3990.202384289967,3999.732271044889,-9.52988675492179,-12.330582742736036,2.8006959878142457,50.384671214980315,3990.39735,4018.032643119956,3962.7620568800444,0.013850897891136481,14.812357142857179,0.9999999999958947,0.0034558170113352382,0.004139949506799745,0.002134095645198704,0
2026-07-17 08:00:00+00:00,3992.791,3999.986,3987.702,3994.488,13160,3990.7301999999995,3988.4793000000004,3988.1947499999997,4020.37266,3990.8617097838187,3999.343806523045,-8.482096739226108,-11.560885542034052,3.078788802807944,55.87985806621179,3988.1947499999997,4004.2840370920794,3972.10546290792,0.008068456081328406,14.750785714285712,0.9999999999966503,0.0008057581643146072,0.004079170290528955,0.0021339978348882023,1
2026-07-17 09:00:00+00:00,3994.347,4002.568,3992.774,3997.963,10973,3993.9546,3989.6938,3988.4721,4019.6327,3991.9542159709235,3999.241524558375,-7.287308587451662,-10.706170151117576,3.4188615636659136,60.51959627104777,3988.4721,4005.05154702223,3971.89265297777,0.008313683338654891,14.44778571428573,0.9999999999971009,0.004048880907097985,0.003047053327572824,0.0020781888281467703,1
2026-07-17 10:00:00+00:00,3997.909,3999.255,3990.33,3990.893,8371,3995.0883999999996,3989.5933000000005,3988.5081999999993,4018.8115,3991.7909519753966,3998.623115331829,-6.832163356432375,-9.931368792180535,3.0992054357481607,56.141899441340826,3988.5081999999993,4005.1063561012934,3971.910043898705,0.008322989583571163,13.866214285714316,0.8730857255728228,0.001422504732481844,-0.0002517599397580117,0.0021240057322120354,1
2026-07-17 11:00:00+00:00,3990.896,3998.962,3989.802,3993.924,9276,3994.0214,3990.6791000000003,3988.316,4018.19832,3992.1191132099507,3998.2750327146564,-6.155919504705707,-9.17627893468557,3.0203594299798624,59.85686840656559,3988.316,4004.5476611344616,3972.084338865538,0.008139606357400856,13.91114285714288,0.9807867859867698,-0.0013339971229670011,0.002726040693274978,0.0019871443791071486,1
2026-07-17 12:00:00+00:00,3994.122,3995.74,3963.907,3966.372,16399,3988.728,3989.4075,3986.2885499999998,4016.8996399999996,3988.1580188699586,3995.9118451061636,-7.753826236204986,-8.891788394989453,1.1379621587844664,44.81679136364414,3986.2885499999998,4002.8615111817426,3969.715588818257,0.008314983210005112,15.664571428571403,0.5447583126958503,-0.0066286168813719515,-0.0031957071570170026,0.0030163100539678986,1
2026-07-17 13:00:00+00:00,3966.322,4003.751,3959.461,3996.846,37733,3989.1996,3989.9649000000004,3986.5233500000004,4016.2346,3989.4946313515034,3995.981041764966,-6.486410413462636,-8.41071279868409,1.9243023852214538,54.007442184978906,3986.5233500000004,4003.572196138915,3969.474503861086,0.008553240326017175,18.046142857142872,0.8112054482218344,0.0005903134519367192,0.0013965472661348066,0.0038343704369921015,1
2026-07-17 14:00:00+00:00,3997.455,4004.625,3990.349,4001.082,27091,3989.8233999999998,3991.889,3987.3451999999997,4015.6963400000004,3991.277303451272,3996.3588905231168,-5.081587071844751,-7.744887653316222,2.6633005814714705,53.38268876611408,3987.3451999999997,4005.5577886325877,3969.1326113674118,0.00913519533377145,18.238500000000027,0.7930931554035524,0.0007801472900073048,0.004832186920572745,0.0037370415158320064,1
2026-07-17 15:00:00+00:00,4000.97,4021.271,3997.637,4018.913,23300,3995.4273999999996,3995.2578999999996,3989.2661,4015.3061000000002,3995.5289490741534,3998.0295652991817,-2.5006162250283523,-6.696033367658648,4.195417142630296,62.38246896351621,3989.2661,4011.9834522730903,3966.5487477269094,0.01138923887433353,18.70557142857147,0.9999999999972494,0.007020985027661686,0.008453477144572119,0.003944104300873458,0
2026-07-17 16:00:00+00:00,4018.961,4023.882,4010.729,4015.104,15541,3999.6634,3996.8424,3991.02635,4014.2486200000003,3998.5404953704374,3999.294338239983,-0.7538428695456787,-5.507595268036054,4.753752398490375,62.455388020472896,3991.02635,4016.0284798489492,3966.024220151051,0.01252917302785994,18.430857142857185,0.9999999999947911,0.005303055341063123,0.003961983957528004,0.0038599368347596048,0
2026-07-17 17:00:00+00:00,4015.159,4019.116,4008.313,4009.954,9352,4008.3798,3998.5539000000003,3992.7052000000003,4013.21168,4000.296419159601,4000.0839428147992,0.21247634480187116,-4.3635809454684695,4.576057290270341,56.7911825861894,3992.7052000000003,4018.072139086025,3967.338260913976,0.012706642647207991,17.035500000000052,0.7049522522170036,0.010987875065677333,0.004286423770154535,0.0038426018610804424,0
2026-07-17 18:00:00+00:00,4010.17,4016.216,4006.49,4011.157,8035,4011.2419999999997,4000.2208000000005,3994.3500499999996,4012.22908,4001.9672777504315,4000.9041692729625,1.0631084774690862,-3.2782430608809583,4.341351538350045,61.334848976940606,3994.3500499999996,4020.0373685303202,3968.662731469679,0.012861826434225855,16.885714285714325,0.9416312623268044,0.003580573282032873,0.004173000394543713,0.003842838103538942,0
2026-07-17 19:00:00+00:00,4011.105,4016.609,4002.18,4015.42,8085,4014.1096,4001.9665,3995.8301499999993,4011.59836,4004.036927327288,4001.9794159934836,2.057511333804541,-2.2110921819438585,4.268603515748399,61.59618427318386,3995.8301499999993,4022.8255300284045,3968.834769971594,0.013511775533504689,16.75128571428575,0.9512884293404643,0.003583530654957867,0.0043664736266944,0.0038458119266863724,0
2026-07-17 20:00:00+00:00,4015.291,4018.784,4008.653,4017.788,5351,4013.8846,4004.656,3997.1246499999993,4011.2819799999997,4006.1524769692437,4003.150422216189,3.0020547530548356,-1.1684627949441193,4.170517547998955,57.8160987421012,3997.1246499999993,4025.759321095939,3968.4899789040596,0.014327634789142576,15.887857142857197,0.7369808171984418,-0.00027992643782037696,0.006739093230512472,0.003766669744587226,1
2026-07-19 22:00:00+00:00,4000.183,4002.957,3993.314,3995.045,7257,4009.8728,4004.7681,3997.7236000000003,4009.94218,4004.443634358591,4002.550020570545,1.893613788046423,-0.5560474783460106,2.4496612663924338,50.81792160410524,3997.7236000000003,4025.611497125606,3969.8357028743944,0.01395188858259527,16.922285714285767,0.3402271936471627,-0.004995885536215217,0.0002806763473717222,0.004265399697085981,1
2026-07-19 23:00:00+00:00,3995.096,3996.187,3989.248,3995.458,6855,4006.9736000000003,4007.6767,3998.5421,4008.66494,4003.061229072654,4002.0246857134675,1.036543359186453,-0.2375293108395178,1.2740726700259708,50.362975048272034,3998.5421,4025.0540192258063,3972.030180774194,0.013260792840373592,16.540500000000065,0.3144345206425055,-0.003615004062390792,0.007333149790287097,0.0035079931843866193,1
2026-07-20 00:00:00+00:00,3995.366,4010.383,3982.662,4008.449,18435,4006.432,4008.8369999999995,3999.40095,4007.6945800000003,4003.8901169076303,4002.5005608458036,1.3895560618266245,0.08788776369371075,1.3016682981329137,53.66300110386067,3999.40095,4026.0338488760303,3972.76805112397,0.013318444041490834,17.821000000000044,0.5015257116127537,-0.0006751169301026927,0.0029030390462880806,0.0027255870993272563,1
2026-07-20 01:00:00+00:00,4008.561,4021.075,3995.604,4001.99,24605,4003.746,4008.9278000000004,4000.4084000000003,4006.53208,4003.597791229533,4002.462741523892,1.135049705640995,0.29732015208316764,0.8377295535578273,53.89305585765096,4000.4084000000003,4025.7368982533976,3975.079901746603,0.01266295623886669,19.002857142857174,0.5145684019279106,-0.0033446065417814808,0.00022693861310507657,0.0027726011004143777,1
2026-07-20 02:00:00+00:00,4002.155,4028.901,4001.168,4021.939,16532,4004.5761999999995,4009.2304000000004,4002.24415,4005.7749799999997,4006.4195156557585,4003.905427336937,2.5140883188214502,0.7406737854308243,1.773414533390626,58.78538142635828,4002.24415,4028.251768659753,3976.236531340247,0.012996517796023517,20.32950000000002,0.7919331868857621,0.001033155557236931,0.0007529399118617608,0.0028697166692729452,0
2026-07-20 03:00:00+00:00,4021.891,4027.913,4018.479,4024.241,11271,4010.4154000000003,4010.1441,4003.4932499999995,4005.10108,4009.161282477949,4005.41176605272,3.7495164252291033,1.3424423133904804,2.407074111838623,71.56217630094419,4003.4932499999995,4031.238813354648,3975.747686645351,0.013860676974863546,18.72957142857149,0.9999999999952829,0.007308052850468538,0.0022756571187196872,0.00284947576745243,0
2026-07-20 04:00:00+00:00,4024.191,4026.769,4018.506,4019.029,7045,4015.1296,4011.0516,4004.8027500000003,4004.58684,4010.6793928659567,4006.420450048815,4.258942817141815,1.9257424141407475,2.3332004030010673,60.182320594148464,4004.8027500000003,4032.9009913304944,3976.704508669506,0.0140322722913103,16.15621428571431,0.4631941283444529,0.00589944882413973,0.0022631182302839115,0.0028502158580655914,1
2026-07-20 05:00:00+00:00,4018.844,4021.057,4005.344,4008.884,11554,4015.2165999999997,4010.8242999999993,4005.52255,4003.98406,4010.403178578887,4006.602935230384,3.800243348503045,2.3006426010132075,1.4996007474898376,53.3969591946917,4005.52255,4033.2432560404745,3977.8018439595257,0.013841243280717216,16.25885714285716,0.14311785195316853,0.00010852077698886298,-0.0005666694173277476,0.002979474425771041,1
2026-07-20 06:00:00+00:00,4008.822,4011.796,4002.895,4004.049,11136,4015.6284,4009.6872000000003,4005.82685,4003.43696,4009.4256126436735,4006.413754842948,3.0118578007254655,2.442885640955659,0.5689721597698063,42.70242139785157,4005.82685,4033.330920185553,3978.3227798144467,0.013732031470882596,15.206500000000005,0.0,0.0005144940392154407,-0.0028318332826952064,0.0029714692076144794,1
2026-07-20 07:00:00+00:00,4003.929,4021.751,4001.946,4017.451,12715,4014.7308,4009.6534999999994,4007.15475,4003.0633999999995,4010.6602876215698,4007.2313285582854,3.42895906328431,2.6401003254213897,0.7888587378629204,51.0530802710101,4007.15475,4034.183333442702,3980.1261665572983,0.01349016203714209,15.681642857142865,0.28935307666922483,-0.0011158796789308978,-8.387699898548817e-05,0.003181605054245925,0
2026-07-20 08:00:00+00:00,4017.115,4030.876,4017.057,4019.105,10603,4013.7036,4012.0595000000003,4008.4138,4002.7795800000004,4011.9594741413284,4008.1108597761904,3.848614365138019,2.881803133364716,0.9668112317733031,54.23896830617284,4008.4138,4035.1921774726243,3981.6354225273753,0.013361084363408025,15.897071428571476,0.3997451449958447,-0.0012762655119312738,0.006022460322724799,0.002485293275155243,0
2026-07-20 09:00:00+00:00,4019.057,4023.397,4014.71,4021.123,8045,4014.1224,4014.626,4011.15135,4002.6528399999997,4013.3692473503547,4009.074722014991,4.294525335363687,3.1643475737645104,1.1301777615991768,54.581900435845974,4011.15135,4029.790665227224,3992.512034772776,0.009293748153992724,15.822857142857174,0.41162785608689395,0.0005210213710824529,0.0064235439341371325,0.0024795718441384352,0
2026-07-20 10:00:00+00:00,4021.155,4025.827,4018.084,4024.054,7244,4017.1564,4016.1865000000007,4012.51175,4002.5199,4015.0130554503003,4010.1842981620284,4.828757288271845,3.4972295166659775,1.3315277716058675,54.018729869114324,4012.51175,4030.721556021474,3994.301943978526,0.009076512247708146,15.345285714285767,0.39211381071052975,0.003784095523841513,0.0038930269538168805,0.0023070647225884094,0
2026-07-20 11:00:00+00:00,4024.109,4040.735,4019.894,4025.336,18883,4021.4138,4018.5210999999995,4013.72445,4002.41554,4016.6012007656386,4011.3066464463227,5.294554319315921,3.856694477195967,1.4378598421199542,53.54912729461319,4013.72445,4031.959726945428,3995.4891730545723,0.009086461800050979,16.11028571428577,0.3758419270415114,0.005316368505979829,0.005833597785101841,0.0021991479332200583,0
2026-07-20 12:00:00+00:00,4025.271,4025.343,4006.469,4008.231,18502,4019.5697999999998,4017.1503,4013.19035,4001.8719600000004,4015.3134775709245,4011.0788207836317,4.234656787292806,3.9322869392153352,0.302369848077471,56.54729984706755,4013.19035,4031.411488566675,3994.9692114333247,0.009080625127425171,15.710285714285744,0.47972959214855926,-0.0022949875430963163,-0.003408306292064456,0.002081502425100375,0
2026-07-20 13:00:00+00:00,4008.183,4017.47,4005.662,4005.951,19054,4016.939,4015.3213000000005,4012.7326999999996,4001.35586,4013.873096406167,4010.6989822070664,3.174114199100586,3.780652391192386,-0.6065381920917998,55.11529274118849,4012.7326999999996,4031.209452063142,3994.255947936857,0.009209061975716755,16.05807142857147,0.4301100749114034,-0.0032728679643850844,-0.004544956427808389,0.0020571004885166556,1
2026-07-20 14:00:00+00:00,4005.899,4013.694,3998.145,4006.0,17521,4013.9144,4014.0184,4012.535,4000.88372,4012.661850805218,4010.3509094509873,2.3109413542306356,3.4867101838000365,-1.1757688295694009,48.633721254588636,4012.535,4031.2203762809518,3993.849623719048,0.00931350195372846,15.188642857142895,0.20552149097014377,-0.0037608896818127624,-0.003241827814628895,0.0020391344938378345,1
2026-07-20 15:00:00+00:00,4006.33,4019.599,4004.353,4011.905,13326,4011.4846,4014.3205000000003,4012.5724,4000.35102,4012.5454122197993,4010.4660272694323,2.079384950367057,3.2052451371134407,-1.1258601867463836,55.56590957572242,4012.5724,4031.249155341522,3993.895644658478,0.009309118181405045,14.45828571428576,0.4457240964457333,-0.0030190946741768254,0.000753576307022108,0.001949534420822444,0
2026-07-20 16:00:00+00:00,4011.855,4018.522,4001.379,4009.679,10857,4008.3532,4014.883500000001,4012.2853500000006,4000.6962799999997,4012.1044257244457,4010.407728953178,1.6966967712678525,2.9035354639443236,-1.2068386926764711,41.40806772629176,4012.2853500000006,4030.954297686431,3993.6164023135702,0.009305892307201094,13.70185714285721,0.0,-0.0038896131900540976,0.0014060766988615025,0.0019124345940958493,0
2026-07-20 17:00:00+00:00,4009.915,4013.144,4003.753,4005.11,8012,4007.7290000000003,4013.6494000000007,4011.6514500000003,4000.9950599999997,4011.028360228377,4010.015304586276,1.0130556421008805,2.525439499575635,-1.5123838574747546,37.0056919294147,4011.6514500000003,4030.3945079039927,3992.908392096008,0.009344310261048424,13.698785714285739,0.0,-0.0007786477376179324,-0.0030718482938559832,0.0015732014067818122,1
2026-07-20 18:00:00+00:00,4005.288,4011.832,4003.264,4007.203,7974,4007.9794,4012.4592,4012.2593499999994,4001.1837600000003,4010.4398432701655,4009.8069857280334,0.6328575421321148,2.146923108086931,-1.5140655659548163,41.61205208953948,4012.2593499999994,4029.4597736218557,3995.058926378143,0.008573934096187634,13.720571428571443,0.23572063156277268,0.00031253502601513716,-0.002961355824244505,0.0015792049414617686,1
2026-07-20 19:00:00+00:00,4007.155,4018.013,4004.215,4006.994,9464,4008.1782,4011.0463000000004,4012.83615,4001.18522,4009.909713536294,4009.5986164148458,0.3110971214482561,1.779757910759196,-1.46866078931094,48.43951253343911,4012.83615,4028.355874662937,3997.3164253370633,0.007735040297091035,13.58378571428573,0.5851013208405021,0.0002481278082875349,-0.0035136950548391166,0.0015576843641121531,1
2026-07-20 20:00:00+00:00,4007.061,4009.627,4005.798,4008.828,4148,4007.5627999999997,4009.5236999999993,4012.8550999999998,4001.51878,4009.7432960691717,4009.54153371745,0.20176235172175438,1.4641587989517078,-1.2623964472299534,54.15153673749505,4012.8550999999998,4028.35318004349,3997.3570199565097,0.007724216129054879,13.22150000000004,0.8774019456456276,-0.0007669673135332067,-0.0037837464407783905,0.0015390462594591183,1
2026-07-20 22:00:00+00:00,4009.668,4010.792,3999.888,4000.579,5464,4005.7428,4007.0480000000002,4012.7845499999994,4001.8374599999997,4008.3334043662226,4008.8776423309723,-0.5442379647497546,1.0624794462114153,-1.60671741096117,33.901992214334655,4012.7845499999994,4028.5021733040858,3997.066926695913,0.007833773833726696,12.585714285714305,0.0,-0.002269508357152783,-0.006150294037565951,0.0016017251550590052,1
2026-07-20 23:00:00+00:00,4000.688,4010.515,4000.285,4009.738,6783,4006.6684,4007.1987,4012.1745,4002.42232,4008.5494960021883,4008.941372528678,-0.39187652648979565,0.7716082516711731,-1.1634847781609687,42.18230983658517,4012.1745,4027.3332513936152,3997.015748606385,0.007556376919107157,12.329357142857134,0.3656526886941063,0.0011555238183220684,0.00037597633469710345,0.0012494019948867817,1
2026-07-21 00:00:00+00:00,4009.848,4027.287,4003.761,4024.937,16256,4010.2152,4009.0973,4012.2093,4003.32308,4011.0706504633904,4010.12623382285,0.9444166405405667,0.806169929445052,0.13824671109551478,52.60911205363245,4012.2093,4027.487413319136,3996.931186680864,0.007615810730081346,13.389285714285702,0.8260925460855647,0.0044255307255458565,0.004739448884921504,0.0016950671237420574,1
2026-07-21 01:00:00+00:00,4024.81,4035.976,4018.552,4023.075,18258,4013.4314,4010.8048000000003,4012.4115999999995,4004.2570399999995,4012.9174734690228,4011.085401687824,1.8320717811989198,1.0113502997958257,0.8207214814030941,49.32033712389423,4012.4115999999995,4028.169539812669,3996.65366018733,0.007854597874589697,14.080785714285671,0.6808626828811494,0.0040132328623401214,0.004262356465301931,0.0017159694935017125,1
2026-07-21 02:00:00+00:00,4023.125,4045.512,4021.937,4037.91,13610,4019.2477999999996,4013.4053,4013.8629,4005.45004,4016.7624775507115,4013.072408970207,3.6900685805044304,1.5470939559375467,2.1429746245668837,57.346857690420094,4013.8629,4033.194271699162,3994.531528300838,0.009632302936486441,14.276071428571381,0.9999999999957347,0.007254489342022108,0.006481958072287242,0.0019873653503858836,1
2026-07-21 03:00:00+00:00,4037.797,4051.584,4036.724,4046.829,10340,4028.4978,4017.1202999999996,4016.0019,4006.6702600000003,4021.3880963890642,4015.572897194636,5.81519919442826,2.40071500363569,3.41448419079257,74.93797487982633,4016.0019,4039.7285400216792,3992.275259978321,0.011816050197425968,13.989357142857086,0.9999999999975631,0.011560826570353955,0.009265080820684224,0.0019936460488803247,1
2026-07-21 04:00:00+00:00,4046.942,4052.086,4043.595,4049.767,6750,4036.5036,4021.5860000000002,4017.6177000000002,4007.8276399999995,4025.7540815599773,4018.105793698737,7.648287861240078,3.450229575156568,4.19805828608351,78.0706250160163,4017.6177000000002,4045.7519449743386,3989.483455025662,0.014005436592106981,13.752428571428513,0.9999999999977359,0.009982946516705171,0.011150005867504253,0.001861991800533181,1
2026-07-21 05:00:00+00:00,4049.518,4068.053,4046.373,4061.511,11230,4043.8184,4027.0168000000003,4019.7380000000003,4009.3965399999997,4031.2551459353654,4021.3209941654973,9.934151769868095,4.747014014098873,5.187137755769221,80.92844964954718,4019.7380000000003,4054.056296633323,3985.4197033666774,0.017074892260800535,14.190357142857076,0.9999999999978735,0.009086850303495542,0.013552595164257886,0.0019290737482432414,1
2026-07-21 06:00:00+00:00,4061.426,4084.306,4061.426,4078.499,12002,4054.9031999999997,4034.1672999999996,4022.6068,4011.3847600000004,4038.5234311760782,4025.55640200509,12.967029170988098,6.391017045476719,6.5760121255113795,83.0248750297549,4022.6068,4065.8457387749154,3979.3678612250847,0.021497969314284146,14.73564285714279,0.9999999999979643,0.013776526661819721,0.017845047933687797,0.0020485027944868255,0
2026-07-21 07:00:00+00:00,4078.434,4080.33,4067.764,4071.398,8762,4061.6008,4040.4243,4024.9739999999997,4012.98728,4043.5810571489897,4028.9520759306392,14.628981218350418,8.03860988005146,6.590371338298958,79.1956404507142,4024.9739999999997,4073.4172207371803,3976.530779262819,0.024071321075455687,14.408714285714202,0.9220478449214534,0.008293399308058058,0.015608053026969548,0.0023069734601544934,0
2026-07-21 08:00:00+00:00,4071.328,4072.71,4059.109,4062.701,8561,4064.7752,4046.6364999999996,4026.84225,4014.60448,4046.5225868183757,4031.4519962320737,15.070590586301932,9.445006021301555,5.625584565000377,76.2189625501928,4026.84225,4078.142050126537,3975.5424498734633,0.02547892216365658,14.709428571428523,0.8614512811631693,0.003922083191555625,0.015528252285481603,0.0023206996101109182,0
2026-07-21 09:00:00+00:00,4062.751,4069.894,4060.907,4066.06,7930,4068.0338,4052.2686999999996,4029.7336999999998,4016.2212000000004,4049.528342692472,4034.015552066735,15.512790625737125,10.65856294218867,4.854227683548455,76.48996786476219,4029.7336999999998,4083.094189460207,3976.3732105397926,0.026483382492598552,14.739357142857086,0.8669681665541824,0.004023194420814891,0.014046304272249177,0.002314617811991439,1
2026-07-21 10:00:00+00:00,4066.01,4070.134,4060.94,4063.11,9119,4068.3536,4056.0860000000002,4032.59165,4017.49822,4051.6178284320918,4036.170696358088,15.447132074003548,11.616276768551646,3.8308553054519017,74.64817189943273,4032.59165,4086.706297762447,3978.477002237553,0.026838644950547882,14.410499999999956,0.82947452082809,0.0003936958437389393,0.009484123602431671,0.0022351972887009472,1
2026-07-21 11:00:00+00:00,4063.18,4063.839,4054.321,4056.139,7807,4063.8815999999997,4059.3923999999997,4035.0986,4018.7642199999996,4052.3133932886926,4037.649829961193,14.66356332749956,12.22573408034123,2.43782924715833,69.88341696716029,4035.0986,4088.6690997626665,3981.528100237333,0.026552263066219356,14.816857142857089,0.7324778736613031,-0.00548240909216835,0.008218589014622024,0.002354897539426505,1
2026-07-21 12:00:00+00:00,4055.939,4065.788,4050.998,4053.954,13117,4060.3928,4060.9968,4037.2010500000006,4019.95354,4052.565794321202,4038.8575462603635,13.708248060838287,12.522236876440642,1.1860111843976444,73.63670985855632,4037.2010500000006,4090.236727606392,3984.1653723936092,0.026273488463692606,15.094428571428514,0.7701377196345733,-0.004284523399579188,0.0039733426450814235,0.0021540315489145183,1
2026-07-21 13:00:00+00:00,4053.772,4061.777,4044.532,4053.012,20664,4058.4550000000004,4061.6151,4039.3677,4021.0545199999997,4052.634441348709,4039.906024315151,12.72841703355789,12.563472907864094,0.16494412569379513,70.66768554780805,4039.3677,4091.1960709753484,3987.539329024651,0.0256616256922333,15.595499999999934,0.6333671888181718,-0.002384866619522308,0.0015278629267507782,0.002062482607333543,1
2026-07-21 14:00:00+00:00,4053.352,4074.003,4051.522,4068.494,17590,4058.9418000000005,4063.4878000000003,4042.5369,4022.6065399999998,4055.0743734489074,4042.023652143658,13.050721305249226,12.660922587341123,0.3897987179081035,70.74676345345968,4042.5369,4093.285464822644,3991.788335177356,0.02510728588409118,15.520857142857105,0.6357133982773333,0.0005986138915805572,0.004624216652464375,0.002367255554783145,1
2026-07-21 15:00:00+00:00,4068.443,4083.574,4065.332,4074.295,12626,4061.1788,4064.7661999999996,4045.8915,4024.21396,4058.0313929183058,4044.4141223552388,13.617270563066995,12.852192182486299,0.7650783805806967,73.51439694432227,4045.8915,4095.6662675520743,3996.116732447926,0.024605092623998483,15.57928571428569,0.6296256848877898,0.002752817423106846,0.0031475970396239727,0.0022412585860251038,1
2026-07-21 16:00:00+00:00,4074.223,4079.266,4070.005,4071.759,7181,4064.3028000000004,4064.0922000000005,4049.12975,4026.3217,4060.1433324693357,4046.439668847443,13.703663621892701,13.02248647036758,0.6811771515251213,67.51782886361067,4049.12975,4096.624109425422,4001.6353905745787,0.023459045453123172,14.556857142857098,0.0,0.003850952839633992,-0.0016525687513959664,0.0017899471787365664,1
2026-07-21 17:00:00+00:00,4071.811,4072.947,4066.695,4068.556,6216,4067.2231999999995,4063.808,4052.1161500000003,4027.7559,4061.437589012515,4048.0779155994837,13.359673413031487,13.089923858900361,0.2697495541311259,61.95143954145907,4052.1161500000003,4096.339075177944,4007.8932248220567,0.021827076786998717,13.941999999999975,0.0,0.00360191556194267,-0.0006980403291449999,0.001720609642735389,1
2026-07-21 18:00:00+00:00,4068.613,4087.528,4067.533,4082.454,7304,4073.1116,4065.7833,4056.2099000000003,4029.38334,4064.67088301059,4050.624292221744,14.04659078884606,13.2812572448895,0.7653335439565598,66.04553442571472,4056.2099000000003,4095.193163102043,4017.2266368979576,0.019221521599285408,14.763714285714254,0.19427752473060617,0.007264227196958739,0.004862036364477795,0.001868696305916763,1
2026-07-21 19:00:00+00:00,4082.304,4085.593,4080.107,4084.552,6409,4076.3232000000003,4067.6325000000006,4059.950599999999,4030.6961199999996,4067.729516393576,4053.137455760874,14.59206063270176,13.543417922451953,1.0486427102498066,62.4936287427749,4059.950599999999,4094.2321915705347,4025.6690084294637,0.016887689013031598,13.606999999999971,0.025728562465023527,0.003946915000980766,0.004547891570709783,0.0018649852580247086,1
2026-07-21 20:00:00+00:00,4084.503,4086.38,4076.636,4077.97,4036,4077.0582000000004,4069.1185000000005,4062.60225,4031.95344,4069.304975409949,4054.976903482291,14.328071927657675,13.700348723493098,0.6277232041645764,49.676670130187645,4062.60225,4093.519635195632,4031.684864804368,0.01522048346998875,12.668714285714259,0.0,0.0009019965417329523,0.0036572969966355284,0.0019465735337582829,1
2026-07-21 22:00:00+00:00,4079.013,4085.141,4076.974,4080.54,4614,4078.8144,4071.5585999999994,4065.4755000000005,4033.36516,4071.0334407314954,4056.8704661873066,14.162974544188728,13.792873887632226,0.37010065655650237,55.91531433599903,4065.4755000000005,4091.1647376854808,4039.78626231452,0.012637753042900044,12.354499999999982,0.2326697845056061,0.0021565618200880543,0.006015819477587003,0.0018038392661282347,1
2026-07-21 23:00:00+00:00,4080.595,4083.121,4079.266,4080.798,3698,4081.2627999999995,4074.243,4067.6199,4034.7579800000003,4072.5356806189575,4058.642876099358,13.892804519599395,13.81286001402566,0.07994450557373511,63.14520229534375,4067.6199,4090.6423312579996,4044.5974687420007,0.01131985378378123,11.658357142857117,0.5023079331170371,0.003008929949593897,0.006621683423146729,0.0017713176009848293,1
2026-07-22 00:00:00+00:00,4080.747,4102.763,4076.829,4097.38,15587,4084.2479999999996,4078.6797999999994,4070.1474500000004,4036.39718,4076.3578836006564,4061.5122926845906,14.845590916065703,14.019406194433667,0.8261847216320355,69.08406249238342,4070.1474500000004,4094.613475720054,4045.681424279947,0.012022181515833532,12.868857142857125,0.7771816265379851,0.0036561342760996762,0.010946920463102527,0.002032125675192744,1
2026-07-22 01:00:00+00:00,4097.501,4123.732,4096.548,4122.116,21266,4091.7608,4084.042,4073.7648999999997,4038.48374,4083.39759381594,4066.001456189436,17.396137626504242,14.694752480847784,2.7013851456564577,78.41088555910768,4073.7648999999997,4105.774549945919,4041.7552500540805,0.01571502073962056,14.153857142857143,0.9999999999965199,0.009196602222226513,0.013179815430476305,0.002442444660193199,0
2026-07-22 02:00:00+00:00,4121.961,4130.985,4119.016,4130.366,12104,4102.24,4089.6491,4077.2076499999994,4041.19016,4090.6235024596417,4070.769200175404,19.854302284237747,15.726662441525779,4.127639842711968,85.30483338565276,4077.2076499999994,4117.426550847695,4036.988749152304,0.0197286497525802,14.328928571428573,0.9999999999971931,0.012848549646024887,0.013762135535104747,0.002452163770769016,0
2026-07-22 03:00:00+00:00,4130.314,4141.717,4129.192,4130.962,9455,4112.3243999999995,4095.5694000000003,4079.8308000000006,4043.9002400000004,4096.829425158158,4075.227926088337,21.60149906982133,16.901629767184893,4.699869302636436,87.18971545579207,4079.8308000000006,4126.698259637811,4032.9633403621906,0.02297519771545931,14.167142857142835,0.9999999999973342,0.012356697888024737,0.014539907691000442,0.0023942291568663137,0
2026-07-22 04:00:00+00:00,4130.909,4131.398,4124.827,4126.91,6698,4121.5468,4101.4048,4082.6063999999997,4046.26946,4101.457205903057,4079.0562278595708,22.400978043486248,18.001499422445164,4.399478621041084,84.64704999812393,4082.6063999999997,4133.751012353769,4031.4617876462307,0.025054882760076475,13.404714285714265,0.9322191670739707,0.01129975068601774,0.014342680793873797,0.0024150631065736144,0
2026-07-22 05:00:00+00:00,4126.961,4134.175,4122.857,4130.876,10321,4128.246,4106.247,4086.01515,4048.8471799999998,4105.983174225664,4082.894729499603,23.08844472606097,19.018888483168325,4.069556242892645,82.78845345219008,4086.01515,4140.549063783569,4031.4812362164307,0.026692957212147993,12.607357142857122,0.8826738281179698,0.00817498010924056,0.011861003210323906,0.002313122015766015,0
2026-07-22 06:00:00+00:00,4130.959,4135.254,4113.361,4116.455,12214,4127.1138,4109.4373,4088.5349,4050.7375,4107.594224344793,4085.3806754625953,22.2135488821973,19.657820562974123,2.555728319223178,70.31846397038926,4088.5349,4143.838170065834,4033.231629934166,0.02705285458897948,12.868142857142825,0.5502564150945535,-0.0013733237977776591,0.007810648511758389,0.0027475935457746234,1
2026-07-22 07:00:00+00:00,4116.526,4123.159,4109.289,4110.56,10914,4123.1526,4112.6963,4090.9074,4052.4638800000002,4108.050497522518,4087.245810613514,20.80468690900352,19.887193832180003,0.9174930768235185,68.11319521599884,4090.9074,4145.68686185412,4036.1279381458803,0.026781081309305593,13.197357142857104,0.49146969876045365,-0.004795216695082094,0.007991721371172655,0.0027307675198105074,1
2026-07-22 08:00:00+00:00,4110.515,4120.187,4110.515,4118.25,9465,4120.6102,4116.467299999999,4094.0129500000003,4054.4483,4109.619651749823,4089.5424172347352,20.07723451508764,19.92520196876153,0.15203254632610808,72.26553398928228,4094.0129500000003,4147.5207205424795,4040.5051794575206,0.02613952188034941,13.441642857142792,0.6021602262084664,-0.0030772493186818073,0.00924142392918581,0.0027503236642015183,1
2026-07-22 09:00:00+00:00,4118.307,4122.336,4113.373,4115.194,8653,4118.267,4119.9069,4097.07495,4056.5745,4110.477243788311,4091.442534476607,19.03470931170432,19.74710343735009,-0.7123941256457726,66.24781642051768,4097.07495,4147.870800823147,4046.2790991768534,0.024796154057736625,12.653642857142845,0.4417435627113768,-0.0028389279145897284,0.008428743593777543,0.002789823923122476,1
2026-07-22 10:00:00+00:00,4115.247,4121.704,4114.833,4117.447,7295,4115.5812,4121.9136,4100.296700000001,4058.84246,4111.5495139747245,4093.3687911820434,18.18072279268108,19.43382730841629,-1.2531045157352096,66.2996620650697,4100.296700000001,4147.361987434805,4053.231412565197,0.022957015493441764,12.752571428571432,0.4431256324447688,-0.0032508843160627965,0.004897519878556578,0.002550151218584978,1
2026-07-22 11:00:00+00:00,4117.507,4123.158,4112.581,4122.465,8946,4116.7832,4121.9485,4102.99525,4060.9427400000004,4113.228819517075,4095.524065909299,17.70475360777573,19.08801256828818,-1.3832589605124497,72.39463273708274,4102.99525,4148.547532147052,4057.442967852948,0.022204404037295428,12.81207142857144,0.5269267455485036,0.0014599940968624825,8.46652544470583e-05,0.0016991738451155403,1
2026-07-22 12:00:00+00:00,4122.488,4134.512,4106.268,4113.021,14135,4117.2754,4120.214,4104.93155,4062.8210599999998,4113.196847283679,4096.820135101203,16.376712182475785,18.5457524911257,-2.1690403086499153,65.28992534151766,4104.93155,4148.6004612612305,4061.2626387387695,0.021276316415668614,14.246142857142852,0.08919802334334306,0.0005987018800357458,-0.004199385720296989,0.0016822163409792366,1
2026-07-22 13:00:00+00:00,4113.091,4155.923,4112.487,4154.506,21299,4124.5266,4122.5684,4109.0689,4065.4887200000003,4119.552101547729,4101.093162130744,18.45893941698523,18.528389876297606,-0.06945045931237459,74.99525243482267,4109.0689,4155.119170745804,4063.018629254196,0.022413968646670196,17.073357142857112,0.4431698679584473,0.008803739452437398,0.005699398832523794,0.0037362597578003277,0
2026-07-22 14:00:00+00:00,4154.562,4163.663,4143.941,4148.419,19265,4131.1716,4124.7193,4113.0620499999995,4067.97602,4123.993162848078,4104.598779750689,19.394383097389436,18.701588520515973,0.6927945768734638,68.63430912237374,4113.0620499999995,4158.161263868785,4067.962836131214,0.02192975127559063,16.62964285714283,0.1527130517411177,0.008073738443436618,0.00521188976740472,0.003761714795110587,0
2026-07-22 15:00:00+00:00,4148.595,4166.123,4148.595,4159.42,10976,4139.5662,4127.5737,4116.91035,4070.6576999999997,4129.443445486835,4108.659610880267,20.783834606568234,19.118037737726425,1.6657968688418094,65.13789017481761,4116.91035,4164.099173901238,4069.7215260987623,0.022924387411660693,15.952499999999938,0.0,0.01019393813690872,0.006909914507237769,0.0038209591898161837,0
2026-07-22 16:00:00+00:00,4159.217,4159.596,4144.505,4146.718,9474,4144.416800000001,4130.6,4120.01865,4073.4274399999995,4132.101069258091,4111.478750815062,20.622318443029144,19.41889387878697,1.203424564242173,56.404210988046785,4120.01865,4166.416090575085,4073.621209424915,0.022522927450867272,16.175499999999893,0.0,0.005883130602685416,0.007351714035499057,0.003769891135338226,0
2026-07-22 17:00:00+00:00,4146.974,4148.04,4138.354,4142.552,8339,4150.322999999999,4133.7991999999995,4123.24775,4076.15946,4133.708904756846,4113.780472976909,19.928431779937455,19.52080145901707,0.4076303209203864,54.41570910420886,4123.24775,4166.183572354108,4080.3119276458933,0.02082621513786425,15.972714285714185,0.0,0.0071798806765148715,0.0077828811646099005,0.0037448804924323565,0
2026-07-22 18:00:00+00:00,4142.438,4142.909,4131.844,4136.257,8374,4146.673199999999,4135.5999,4126.0336,4078.7645999999995,4134.100919409639,4115.445400904545,18.655518505093823,19.34774486823242,-0.6922263631385981,53.50129982993567,4126.0336,4164.275551246352,4087.791648753647,0.018536907332190558,16.293714285714163,0.0,-0.0043925800083092215,0.004372488314211109,0.0037885589124806718,0
2026-07-22 19:00:00+00:00,4136.174,4137.34,4128.973,4131.721,6790,4143.3336,4137.2526,4128.57975,4081.1609199999994,4133.734777962001,4116.651000837542,17.08377712445963,18.894951319477865,-1.8111741950182356,50.31518325388453,4128.57975,4160.378630754247,4096.780869245753,0.015404271047081974,16.082928571428447,0.0,-0.004025147893691572,0.004016092558455142,0.0038025143122920853,0
2026-07-22 20:00:00+00:00,4131.613,4137.828,4128.123,4130.14,7343,4137.4776,4138.5219,4130.21775,4083.5701400000003,4133.1817351986165,4117.650185960687,15.53154923792954,18.2222709031682,-2.6907216652386623,55.64520786410267,4130.21775,4158.4215234758185,4102.013976524181,0.013657281617086028,15.212357142857075,0.2159647353952005,-0.007039442999264289,0.003082735491191535,0.003810074425961084,0
2026-07-22 22:00:00+00:00,4117.887,4129.929,4115.856,4121.832,8466,4132.500399999999,4138.4586,4130.20355,4085.90458,4131.435622091137,4117.959949963599,13.475672127538019,17.272951148042164,-3.7972790205041456,54.5590590671563,4130.20355,4158.424779034402,4101.982320965599,0.013665781210420684,15.24192857142855,0.17195558821740936,-0.006001372651817549,-0.0001535489082381547,0.0038614689170690616,1
2026-07-22 23:00:00+00:00,4121.89,4134.229,4116.598,4133.303,7748,4130.650599999999,4140.486800000001,4130.350399999999,4088.42658,4131.722911000193,4119.0964721885175,12.626438811675143,16.34364868076876,-3.7172098690936153,55.90763168842172,4130.350399999999,4158.605733174679,4102.09506682532,0.013681809259901746,15.810428571428604,0.22659776168025939,-0.0022326816899340685,0.004931168598458546,0.003861621926461688,0
2026-07-23 00:00:00+00:00,4133.355,4134.775,4125.06,4132.315,10673,4129.8622000000005,4138.267699999999,4130.418049999999,4090.9330000000004,4131.814001615548,4120.0756223967755,11.738379218772025,15.42259478836941,-3.684215569597386,56.830095344476426,4130.418049999999,4158.686024697088,4102.15007530291,0.013687706355577691,15.86414285714279,0.2639746283854564,-0.0009530355584771444,-0.005341429281845,0.0018906498413444387,0
2026-07-23 01:00:00+00:00,4132.254,4141.069,4114.329,4117.963,21105,4127.1106,4135.2221,4129.9707,4093.1157000000003,4129.683078290079,4119.9191318488665,9.763946441212283,14.290865118937987,-4.526918677725703,50.18772647234295,4129.9707,4158.7509629162405,4101.190437083759,0.013937272202071867,17.283357142857117,0.0,-0.0033298472960783254,-0.007341592061939739,0.0020960245240509465,1
2026-07-23 02:00:00+00:00,4117.907,4128.908,4112.225,4128.016,13826,4126.685799999999,4132.0817,4129.8277,4095.66444,4129.42660470699,4120.518899860061,8.907704846928937,13.214233064536176,-4.306528217607239,51.948143104815586,4129.8277,4158.617442648007,4101.037957351992,0.013942345656700222,17.719499999999957,0.07096300675561477,-0.0005142682814628374,-0.007550091118473379,0.0020589483901806375,0
2026-07-23 03:00:00+00:00,4127.964,4133.329,4123.933,4124.742,8949,4127.2678,4129.8841,4130.24205,4097.9645199999995,4128.70589629053,4120.831722092649,7.874174197881075,12.146221291205157,-4.2720470933240815,54.29973807584812,4130.24205,4158.454162400649,4102.029937599351,0.013661239248992174,16.373214285714248,0.1657566179597202,0.0007059967509592813,-0.005299612850451774,0.0018962663110802087,0
2026-07-23 04:00:00+00:00,4124.722,4130.486,4120.01,4121.387,7217,4124.884599999999,4127.7676,4130.7834,4099.89352,4127.579912245833,4120.87285378949,6.7070584563425655,11.058388724232639,-4.351330267890074,33.13164033452483,4130.7834,4157.795300811377,4103.771499188623,0.01307834286899527,14.01892857142853,0.0,-0.002882924382751506,-0.005109169420202786,0.0018919020551370475,0
2026-07-23 05:00:00+00:00,4121.285,4130.638,4119.464,4123.866,10127,4123.1948,4126.528499999999,4131.0642,4101.90934,4127.008541131089,4121.094568323602,5.913972807486971,10.029505540883505,-4.115532733396535,37.01737502775988,4131.0642,4157.640764924987,4104.487635075013,0.012866691795778432,13.408357142857117,0.12140549775785181,-0.0020446166374052943,-0.002995703603523525,0.0018850858510225668,0
2026-07-23 06:00:00+00:00,4123.927,4128.268,4116.914,4118.647,10834,4123.3315999999995,4125.2211,4131.236849999999,4103.52408,4125.722150187845,4120.913266966299,4.808883221546239,8.985381077016052,-4.176497855469814,27.03679924306404,4131.236849999999,4157.421288981184,4105.052411018814,0.012676319432610089,12.954785714285729,0.0,0.0001661015409804012,-0.0031642988478649547,0.0018937704450363016,0
2026-07-23 07:00:00+00:00,4118.627,4119.478,4089.974,4095.562,16117,4116.8408,4121.7633000000005,4130.1426,4104.49874,4121.082127082022,4119.035395339165,2.046731742857446,7.597651210184331,-5.550919467326885,24.205844980940128,4130.1426,4160.283690368493,4100.001509631507,0.01459566571308834,13.984285714285761,0.0,-0.007861888132216444,-0.008372113293980465,0.0025282118368455484,0
2026-07-23 08:00:00+00:00,4095.513,4097.828,4087.004,4093.328,11935,4110.558,4118.9129,4128.68575,4105.36996,4116.812261377097,4117.13114383256,-0.3188824554636085,6.014344477054744,-6.333226932518352,24.686825053995605,4128.68575,4162.927080224432,4094.444419775567,0.016587036310250755,14.065571428571534,0.014743022987329322,-0.0076159914971651865,-0.006915371611458276,0.0024948533862796146,0
2026-07-23 09:00:00+00:00,4093.219,4099.46,4088.433,4089.859,10154,4104.2524,4114.568499999999,4127.527649999999,4105.93692,4112.66560578062,4115.110985030148,-2.445379249527832,4.322399731738229,-6.767778981266061,25.425829414007808,4127.527649999999,4165.376475371772,4089.6788246282263,0.01833970772880131,14.06285714285728,0.03739501810676088,-0.00764985185812439,-0.010510722296429797,0.0021770850865516153,0
2026-07-23 10:00:00+00:00,4090.012,4095.455,4085.971,4093.354,9843,4098.15,4110.6723999999995,4124.47005,4106.23402,4109.694589506678,4113.499356509396,-3.8047670027181084,2.696966384846961,-6.50173338756507,29.45278108029939,4124.47005,4163.016162221217,4085.9239377787826,0.018691425445660492,14.142642857142976,0.16082932299978944,-0.007398882504911719,-0.009428371264049273,0.0022488509225793464,0
2026-07-23 11:00:00+00:00,4093.157,4093.926,4072.745,4085.785,14427,4091.5775999999996,4107.4546,4121.33835,4106.52176,4106.016191121035,4111.446441212403,-5.43025009136818,1.0715230896039327,-6.501773180972112,27.677627804450566,4121.33835,4161.820686979067,4080.8560130209326,0.01964523828967716,14.962357142857204,0.10641724437537307,-0.007978833825768583,-0.007814057581381872,0.0020996533731299956,0
2026-07-23 12:00:00+00:00,4085.733,4086.116,4060.854,4061.862,19182,4084.8376,4100.839199999999,4116.46045,4106.504980000001,4099.223238640876,4107.773519641115,-8.55028100023901,-0.8528377283646567,-7.697443271874354,23.918375867647597,4116.46045,4160.935727837692,4071.985172162307,0.021608504868638967,15.746500000000035,0.0,-0.008228418956909844,-0.016025616179782154,0.00231273299384623,0
2026-07-23 13:00:00+00:00,4061.801,4067.599,4040.324,4043.345,33386,4074.8410000000003,4092.6994999999997,4111.2918,4106.050679999999,4090.6265865422797,4103.001036704736,-12.37445016245647,-3.15716021518302,-9.21728994727345,13.13559322033899,4111.2918,4164.190491555339,4058.3931084446613,0.025733367578209213,16.43535714285716,0.0,-0.012210846528790342,-0.019733840322619045,0.002466096578047335,1
2026-07-23 14:00:00+00:00,4043.539,4061.831,4040.062,4058.026,24623,4068.4744,4086.3634000000006,4107.0655,4105.9490000000005,4085.6111116896213,4099.669552504385,-14.058440814763799,-5.337416335099177,-8.72102447966462,22.628495633911868,4107.0655,4162.87457879561,4051.256421204389,0.027177106766673547,17.296357142857232,0.23061094665930734,-0.007783397911761747,-0.015373707928908353,0.003035993614081559,0
2026-07-23 15:00:00+00:00,4057.975,4059.446,4042.224,4048.57,19337,4059.5176,4078.8338000000003,4102.68115,4105.79762,4079.9124791219874,4095.8844004670236,-15.971921345036208,-7.464317337086584,-8.507604007949624,23.475448936999854,4102.68115,4162.469781925303,4042.892518074697,0.02914612651548766,16.616500000000023,0.25118597150335137,-0.010940661374510885,-0.018258595211386508,0.002946014941875686,1
2026-07-23 16:00:00+00:00,4048.686,4051.878,4045.798,4051.34,8876,4052.6286,4072.1031000000003,4098.6621,4105.74534,4075.5167131032204,4092.584815247244,-17.06810214402367,-9.385074298474,-7.6830278455496686,18.96361899519148,4098.6621,4160.984315263435,4036.3398847365643,0.030411004246207702,15.859142857142908,0.1415801493094384,-0.008430448493985776,-0.01634201717214412,0.0030507055851175724,0
2026-07-23 17:00:00+00:00,4051.393,4054.671,4041.675,4041.891,10911,4048.6344,4066.736,4094.24965,4105.522919999999,4070.343526471956,4088.8297178215225,-18.486191349566525,-11.205297708692507,-7.280893640874018,18.060770541476245,4094.24965,4159.610161585041,4028.8891384149597,0.031927956120135825,16.11628571428576,0.20623156851664268,-0.0049167106120296955,-0.013104672814133855,0.0027378495489122287,1
2026-07-23 18:00:00+00:00,4042.019,4048.473,4040.54,4045.977,8407,4049.1608,4062.0009,4090.4569,4105.07258,4066.594830091655,4085.6554424273354,-19.060612335680617,-12.77636063409013,-6.284251701590486,21.092216633954877,4090.4569,4157.8500855213215,4023.063714478679,0.03295142189192672,15.934642857142924,0.3331670759637446,0.0006509461844093067,-0.0115678489483374,0.002829163134915211,1
2026-07-23 19:00:00+00:00,4046.278,4051.141,4042.912,4049.927,6930,4047.541,4058.0076999999997,4086.2881,4104.58522,4064.0305485390927,4083.0088911364223,-18.97834259732963,-14.01675702673803,-4.961585570591598,21.972206848972363,4086.2881,4152.831403747703,4019.744796252297,0.03256907105874547,15.724285714285802,0.541552484681675,-0.001995797956937606,-0.009763661779049082,0.0029091451093768285,0
2026-07-23 20:00:00+00:00,4049.992,4051.251,4047.414,4049.188,4164,4047.6646,4053.5911,4082.1317500000005,4104.1338,4061.7470795330787,4080.503639941132,-18.756560408053247,-14.964717703001076,-3.7918427050521704,22.744716416973404,4082.1317500000005,4146.931832098442,4017.331667901559,0.031748158103148745,15.187357142857211,0.5888957876224908,0.0001526464899952451,-0.010789684938072752,0.002854578109373142,0
2026-07-23 22:00:00+00:00,4050.675,4050.772,4048.593,4049.475,2784,4047.2915999999996,4049.9600999999993,4078.7073499999997,4103.7521799999995,4059.8590672972205,4078.2052221677145,-18.346154870494047,-15.641005136499672,-2.705149733994375,27.975149342891186,4078.7073499999997,4142.769072008231,4014.6456279917684,0.03141275728361894,13.23557142857151,0.9094432355513291,-0.0004603415166340996,-0.008886909125174203,0.0028617035513078433,0
2026-07-23 23:00:00+00:00,4049.475,4050.839,4046.541,4047.032,4219,4048.3198,4048.4771,4074.65815,4103.04374,4057.885672328417,4075.8960945997355,-18.010422271318475,-16.11488856346343,-1.8955337078550443,27.919377301257185,4074.65815,4135.766525679929,4013.5497743200713,0.029994357038235924,12.7694285714286,0.9060252420764539,0.0012719294013618931,-0.0036510349194531777,0.002269608912514035,0
2026-07-24 00:00:00+00:00,4047.079,4050.864,4041.087,4050.06,9717,4049.1364000000003,4049.1486000000004,4070.92405,4102.3539,4056.68172273943,4073.98230981457,-17.3005870751399,-16.352028265798726,-0.9485588093411756,30.93789813493227,4070.92405,4128.150132373316,4013.6979676266837,0.028114541892922975,12.680142857142885,0.9999999999943828,0.001009150571048778,0.0016607536581716431,0.0017377610169415736,0
2026-07-24 01:00:00+00:00,4050.11,4050.59,4039.948,4043.54,12425,4047.8590000000004,4047.7000000000007,4067.0316999999995,4101.665300000001,4054.659919241056,4071.72732390238,-17.067404661323963,-16.495103544903774,-0.5723011164201885,26.813010854791457,4067.0316999999995,4120.255726023652,4013.807673976347,0.026173401118881084,12.762857142857197,0.7682947629530656,-0.0015770654631552805,-0.003569715916063587,0.0013162903642269586,0
2026-07-24 02:00:00+00:00,4043.523,4048.318,4023.145,4024.669,13099,4042.9552000000003,4045.3098999999993,4062.0718500000003,4100.54788,4050.0459316655083,4068.2415221318333,-18.19559046632503,-16.835200929188026,-1.360389537137003,24.260444743935167,4062.0718500000003,4111.33642881714,4012.807271182861,0.02425588745661375,13.048000000000068,0.6249107391939002,-0.0060552881219642085,-0.005903565950446721,0.0018175318893157166,1
2026-07-24 03:00:00+00:00,4024.529,4033.608,4023.021,4029.407,8863,4038.9415999999997,4043.1166,4057.60985,4099.52006,4046.8707114092763,4065.364890862809,-18.494179453532524,-17.166996634056925,-1.327182819475599,33.69668960667104,4057.60985,4101.129476296396,4014.0902237036034,0.021450867828702844,11.999785714285768,0.9999999999951366,-0.004955704134486538,-0.00541376433476326,0.0018620924744594044,1
2026-07-24 04:00:00+00:00,4029.347,4030.574,4025.698,4027.169,6066,4034.969,4041.6443999999997,4054.1902,4098.11584,4043.839678884772,4062.5355656137117,-18.695886728939513,-17.472774653033444,-1.2231120759060694,40.28538483712889,4054.1902,4095.86235259315,4012.51804740685,0.02055757156788046,10.399857142857204,0.9999999999955006,-0.004908041250971107,-0.0036423545315794614,0.001753809935841437,1
2026-07-24 05:00:00+00:00,4026.968,4032.379,4021.88,4023.014,10275,4029.5598,4039.3481,4050.6745,4096.1338,4040.635728287115,4059.6080422349187,-18.97231394780374,-17.772682511987504,-1.1996314358162365,25.930152619276825,4050.6745,4090.255687879036,4011.093312120964,0.01954301086351715,9.594857142857174,0.354084078719175,-0.0066779257591245145,-0.005675514220669031,0.0016938829002695682,1
2026-07-24 06:00:00+00:00,4023.018,4039.147,4022.792,4035.838,10393,4028.0194,4037.9392,4047.97345,4094.24324,4039.8976162429435,4057.8472983656657,-17.94968212272215,-17.808082434134434,-0.14159968858771776,41.63447133958844,4047.97345,4083.4564862168804,4012.4904137831195,0.01753125935985596,9.532928571428622,0.9999999999957581,-0.0019047666153914067,-0.0034788281369022567,0.002029040416979746,1
2026-07-24 07:00:00+00:00,4035.784,4053.733,4035.167,4048.428,10203,4032.7712,4037.8632,4045.72715,4092.59256,4041.2099829747985,4057.1495725608015,-15.939589586002967,-17.434383864508142,1.494794278505175,48.30536092553349,4045.72715,4074.087102693344,4017.367197306656,0.014019706046337793,10.424785714285756,0.9999999999966936,0.005903342610286799,-0.00018769195206547185,0.002308193131601308,1
2026-07-24 08:00:00+00:00,4048.375,4058.945,4045.148,4057.576,8002,4038.405,4038.6733,4044.3167000000003,4091.20588,4043.7278317479067,4057.1811597785204,-13.453328030613648,-16.638172697729242,3.1848446671155948,59.15997991053178,4044.3167000000003,4066.3995076509264,4022.2338923490743,0.01092041464058739,10.482000000000069,0.9999999999973731,0.006990854981886896,0.002000506238462929,0.002418524801303712,1
2026-07-24 09:00:00+00:00,4057.465,4060.955,4051.669,4059.712,7240,4044.9136,4039.9413,4044.2092000000002,4089.7826,4046.186934555921,4057.368629424556,-11.181694868634622,-15.546877131910318,4.365182263275695,58.208134628945785,4044.2092000000002,4065.9506760323125,4022.467723967688,0.010751904739404787,10.57864285714293,0.9744043484371118,0.008080862759918928,0.0031331603011786058,0.002403038737517575,1
2026-07-24 10:00:00+00:00,4059.764,4063.986,4057.094,4059.958,6295,4052.3024000000005,4040.9311000000002,4045.03985,4088.65266,4048.305560008856,4057.5604346523664,-9.254874643510448,-14.288476634230346,5.033601990719898,56.27227592761651,4045.03985,4067.883779179275,4022.1959208207254,0.011294785725917984,10.483142857142898,0.9207007253011321,0.00918316466211655,0.0024439144111445543,0.0023991152859153555,1
2026-07-24 11:00:00+00:00,4060.067,4063.534,4051.455,4057.702,7260,4056.6752,4042.3473,4045.02365,4087.5955,4049.75116616134,4057.570920974413,-7.819754813073359,-12.99473226999895,5.174977456925591,55.224594992636334,4045.02365,4067.829230705062,4022.2180692949382,0.011275870144819478,11.071857142857198,0.8872367526043485,0.005417462246998017,0.0035023766303783344,0.0023306564896233978,1
2026-07-24 12:00:00+00:00,4057.673,4060.269,4051.773,4056.045,9723,4058.1986000000006,4045.4849000000004,4045.3974000000003,4086.3513999999996,4050.7194482903637,4057.4578897911233,-6.7384415007595635,-11.743474116151074,5.00503261539151,53.9649969824986,4045.3974000000003,4068.6875547074096,4022.107245292591,0.011514396438485537,11.523071428571452,0.8511446383649667,0.0018814710302370585,0.007795920608626439,0.001579775953525745,1
2026-07-24 13:00:00+00:00,4055.955,4068.617,4044.554,4067.382,17648,4060.1598,4049.2824,4046.1995,4085.39516,4053.282917784154,4058.1930090658548,-4.910091281700716,-10.376797549261003,5.466706267560287,61.09064352982205,4046.1995,4071.379649069837,4021.0193509301635,0.012446321082208979,12.934857142857188,0.9999999999972848,0.002416713821256744,0.009424463699000851,0.0017032243872729716,0
2026-07-24 14:00:00+00:00,4067.252,4070.112,4055.856,4063.469,17483,4060.9112,4052.9124,4047.2784,4084.3156,4054.8500073558225,4058.5838232091246,-3.733815853302076,-9.048201210069218,5.314385356767142,57.23801401289016,4047.2784,4073.508481216242,4021.048318783758,0.012961836880923274,13.254785714285747,0.8953948215316792,0.0009254351047562892,0.009013776178749877,0.0017471737065151084,0
2026-07-24 15:00:00+00:00,4063.523,4082.049,4061.761,4077.498,19944,4064.4192000000003,4058.3608,4048.85445,4083.41626,4058.334313916465,4059.9848733417816,-1.6505594253167146,-7.568672853118717,5.918113427802003,66.95560127024703,4048.85445,4078.3410514998423,4019.3678485001574,0.014565404542928154,13.943785714285728,0.9999999999976578,0.004320241736490926,0.013543079889853704,0.0017718208556033916,0
2026-07-24 16:00:00+00:00,4077.44,4078.224,4064.066,4066.918,8641,4066.2623999999996,4061.4688,4049.704,4082.4942000000005,4059.65488100624,4060.4984382794273,-0.8435572731873435,-6.223649737132442,5.380092463945099,72.99966248217152,4049.704,4080.2796703902045,4019.128329609796,0.015100200108553277,13.157000000000023,0.9999999999978755,0.0022712362810279885,0.007701002864832551,0.002029393072550194,1
2026-07-24 17:00:00+00:00,4066.958,4069.976,4062.984,4063.464,7905,4067.7462,4062.9724,4050.4178,4080.6733599999993,4060.240899312972,4060.718109517988,-0.4772102050160356,-5.074361830709162,4.597151625693126,68.80293276503636,4050.4178,4081.603226182245,4019.232373817755,0.015398621930925253,12.900214285714323,0.9108397404296202,0.001829121718324167,0.0037140341880848027,0.001902830929158452,1
2026-07-24 18:00:00+00:00,4063.515,4064.502,4051.237,4054.522,7376,4065.1742,4062.6670000000004,4050.6701500000004,4078.7954199999995,4059.361068649438,4060.2591384425814,-0.8980697931433497,-4.239103423195999,3.3410336300526495,64.06078114879668,4050.6701500000004,4081.905094346792,4019.435205653209,0.0154221119914153,13.499428571428584,0.8100918968671385,-0.003161738926906854,-0.000752666123813861,0.0019337989694953605,1
2026-07-24 19:00:00+00:00,4054.652,4057.899,4049.12,4053.559,7722,4063.1922,4062.0517,4050.9964999999997,4076.6782000000003,4058.468442703371,4059.762831891279,-1.2943891879081093,-3.650160576138421,2.3557713882303117,66.23438745681645,4050.9964999999997,4082.20777507842,4019.7852249215794,0.015409183927174653,13.376571428571456,0.7843062714115396,-0.0024388029046117365,-0.0015156247536770584,0.0019225177477978674,1
2026-07-24 20:00:00+00:00,4053.723,4056.177,4051.716,4052.968,4177,4058.2862,4061.3526999999995,4051.1419,4074.8031999999994,4057.6222207490064,4059.259511010444,-1.6372902614375562,-3.2475865131982484,1.6102962517606922,60.465286772072794,4051.1419,4082.3618986307656,4019.9219013692345,0.015412937587185248,12.527000000000044,0.49241829409916543,-0.006015944091204983,-0.0017216926874613625,0.0019211129918011484,1
2026-07-26 22:00:00+00:00,4091.843,4096.604,4083.727,4089.817,5473,4062.8659999999995,4064.5642,4053.45575,4073.7484999999997,4062.5752637106975,4061.523028713374,1.0522349973234668,-2.3876222110939054,3.439857208417372,69.5045287037822,4053.45575,4088.8799936574837,4018.0315063425164,0.01747853971638085,14.317714285714342,0.816380604191284,0.005630553652667736,0.007914578251433824,0.003488938739518232,1
2026-07-26 23:00:00+00:00,4089.744,4096.447,4083.619,4094.21,5506,4069.0152000000003,4068.3807,4056.9328,4072.90756,4067.4421462167443,4063.9442858457164,3.497860371027855,-1.210525694669553,4.7083860656974075,68.07372762615192,4056.9328,4094.0700995002007,4019.7955004997993,0.018308067365671275,14.248500000000051,0.7412124286513804,0.007566450693300197,0.009409412370917858,0.0034635714680345576,0
2026-07-27 00:00:00+00:00,4094.331,4116.229,4090.62,4100.724,17351,4078.2555999999995,4071.7149000000004,4060.49865,4072.2876200000005,4072.562431414168,4066.668709116404,5.893722297763816,0.21032390381712113,5.683398393946694,69.39578525216598,4060.49865,4100.1200002377445,4020.8772997622555,0.01951550962231919,15.414428571428646,0.810667687848335,0.01139517802591783,0.008197410521067372,0.0034125607266270726,0
2026-07-27 01:00:00+00:00,4100.927,4112.674,4096.946,4109.969,19361,4089.5375999999997,4076.3648999999996,4064.63865,4071.8842,4078.3172881196806,4069.876138070744,8.441150048936379,1.8564891328409732,6.584660916095405,71.79641397104321,4064.63865,4106.817347752956,4022.459952247043,0.020753971698299244,16.04557142857152,0.936786464083508,0.013916166016086029,0.011443424325373153,0.0033771294007970383,0
2026-07-27 02:00:00+00:00,4110.024,4111.069,4093.709,4093.79,10322,4097.701999999999,4077.9941,4068.17745,4071.3233600000003,4080.6977053320375,4071.647535250689,9.05017008134837,3.295225322542453,5.754944758805916,64.02608709170886,4068.17745,4107.426130018142,4028.928769981858,0.019295461174213182,16.422785714285833,0.5285666884627046,0.010072124921785663,0.003995587490171593,0.0036157399272355416,0
2026-07-27 03:00:00+00:00,4093.489,4095.881,4085.239,4090.878,8271,4097.9142,4080.3900999999996,4070.9294499999996,4070.47486,4082.2639045117244,4073.072014121008,9.191890390716253,4.474558336177213,4.71733205453904,63.407518032963566,4070.9294499999996,4108.3043206994125,4033.5545793005867,0.0183618366068284,16.576071428571563,0.39142504872242956,0.0002594248104499375,0.005891439168431711,0.003488972592698724,1
2026-07-27 04:00:00+00:00,4090.93,4092.807,4086.982,4090.509,5985,4097.174,4083.0946000000004,4073.0335,4069.6387399999994,4083.5323807406894,4074.363642704637,9.168738036052218,5.413394276152215,3.7553437599000032,59.722701016538664,4073.0335,4109.807883409876,4036.259116590124,0.018057491257990395,15.273357142857256,0.15764131578465707,-0.0009039594940171147,0.006655651434342769,0.0034622605615305157,1
2026-07-27 05:00:00+00:00,4090.498,4094.953,4084.34,4092.969,9483,4095.6230000000005,4086.9392999999995,4074.8031499999997,4069.13886,4084.9841683190452,4075.741817319108,9.242350999937116,6.179185620909196,3.06316537902792,62.55532856656448,4074.8031499999997,4111.850897821704,4037.7554021782953,0.01818382211749514,15.013142857142968,0.21334908272022005,-0.0018911294688450653,0.00948249880010521,0.003314453663323305,1
2026-07-27 06:00:00+00:00,4093.028,4099.471,4091.287,4095.956,10107,4092.8204000000005,4091.179,4076.61535,4068.49766,4086.6721424238076,4077.239164184359,9.432978239448403,6.829944144617039,2.603034094831364,58.670775474924355,4076.61535,4114.09815466571,4039.1325453342897,0.018389178986783886,14.14857142857152,0.0,-0.003409514767629629,0.010459203874915834,0.003289998427764954,0
2026-07-27 07:00:00+00:00,4095.901,4106.077,4088.626,4088.944,10301,4091.8512,4094.7766,4078.0646499999993,4067.7817,4087.021658973991,4078.106189059592,8.915469914399182,7.247049298573468,1.6684206158257142,60.705745115193764,4078.0646499999993,4115.07412804247,4041.055171957529,0.01815051070486114,14.383785714285782,0.15503776375188374,-0.001183744158835709,0.008876457943906901,0.0033888210271131596,0
2026-07-27 08:00:00+00:00,4088.999,4096.848,4086.935,4095.344,9441,4092.7444000000005,4095.3293,4079.9467500000005,4067.2608400000004,4088.3020191318387,4079.383063944066,8.918955187772553,7.581430476413286,1.3375247113592676,65.06388447871771,4079.9467500000005,4116.4207475781905,4043.4727524218106,0.017879643933191008,14.592428571428627,0.4870703246653517,0.001091697185787499,0.0013514052095728868,0.0018519169437989744,0
2026-07-27 09:00:00+00:00,4095.33,4100.409,4090.327,4096.053,8088,4093.8532,4095.5135999999998,4081.94715,4066.7045799999996,4089.4944777269407,4080.617874022283,8.876603704657555,7.84046512206214,1.0361385825954148,71.27983357756972,4081.94715,4117.271988449766,4046.6223115502344,0.017307837241236988,14.365071428571452,0.9606434084161085,0.001355332551523425,0.0004501478917788848,0.0018229268666608905,0
2026-07-27 10:00:00+00:00,4096.255,4102.321,4086.329,4099.6,8323,4095.1794,4095.4012000000002,4083.5580499999996,4066.32364,4091.049173461257,4082.02395742804,9.02521603321702,8.077415304293117,0.9478007289239034,72.98211985983386,4083.5580499999996,4119.024385548944,4048.0917144510554,0.017370310457050793,14.88028571428572,0.9999999999930126,0.0016200953391047879,-0.0002740979397783949,0.0017682676715898868,0
2026-07-27 11:00:00+00:00,4099.652,4104.194,4093.464,4093.896,9469,4094.7673999999997,4093.7938999999997,4085.0794,4066.29032,4091.48714677491,4082.9033679889258,8.583778785984123,8.178688000631318,0.4050907853528045,69.43768996960482,4085.0794,4119.512715296254,4050.646084703746,0.016858088631645212,15.32807142857145,0.7523342465267153,-0.0005029350901230023,-0.003910735093135664,0.0016150437561531148,0
2026-07-27 12:00:00+00:00,4094.076,4097.804,4081.471,4083.805,13357,4093.7396,4092.7954,4085.3947500000004,4066.09986,4090.3052780403086,4082.9701555453016,7.335122495006999,8.009974899506455,-0.6748524044994557,46.17177351570256,4085.3947500000004,4119.650783714656,4051.138716285345,0.016769999381164236,13.37785714285714,0.0,-0.0012568037126456932,-0.0024390601374276732,0.001290468235152986,0
2026-07-27 13:00:00+00:00,4083.839,4089.649,4070.446,4074.053,24395,4089.4813999999997,4091.1129,4085.7515,4065.7837400000003,4087.804927572569,4082.3096255049086,5.495302067660305,7.507040333137224,-2.01173826547692,37.984764130136824,4085.7515,4119.339435989243,4052.163564010757,0.016441497232145837,13.833214285714282,0.0,-0.005198830672099919,-0.004112809035126563,0.0014562815720411705,1
2026-07-27 14:00:00+00:00,4074.422,4079.197,4065.204,4076.026,23109,4085.476,4089.6646,4086.3795999999993,4065.43718,4085.9927848690963,4081.8441717638043,4.148613105292043,6.835354887568189,-2.6867417822761466,34.43534156793547,4086.3795999999993,4118.656925790496,4054.102274209503,0.015797517093368633,13.003499999999965,0.0,-0.004889341031475869,-0.0035406351630078436,0.0014814604301437479,1
2026-07-27 15:00:00+00:00,4076.076,4080.013,4071.868,4078.644,13913,4081.2848,4088.2321,4087.5856999999996,4065.29436,4084.862202581543,4081.6071220035224,3.2550805780206247,6.119300025658676,-2.8642194476380514,28.459835242666514,4087.5856999999996,4116.475733416322,4058.6956665836765,0.01413549979701853,12.461857142857102,0.0,-0.005111718216411543,-0.0034999043481639402,0.0014844434986539194,0
2026-07-27 16:00:00+00:00,4078.549,4093.954,4077.742,4082.29,13069,4078.9636,4086.8655,4089.0222500000004,4065.70292,4084.4664791074592,4081.657705558817,2.808773548642421,5.457194730255425,-2.6484211816130045,40.44533067464293,4089.0222500000004,4113.272985219812,4064.771514780189,0.01186138579696469,12.37985714285706,0.2692021655000159,-0.0028349523290284173,-0.0033364616221464027,0.001498544363409832,0
2026-07-27 17:00:00+00:00,4082.493,4082.493,4070.656,4076.282,10017,4077.459,4085.5993000000003,4090.1879499999995,4066.3616600000005,4083.207328475542,4081.2595051470526,1.9478233284894486,4.75532044990223,-2.8074971214127817,38.466401163158444,4090.1879499999995,4108.705049642342,4071.670850357657,0.009054400369226247,12.465214285714215,0.22475409800985421,-0.0018421545592895994,-0.003096643045245817,0.0014757389083608153,0
2026-07-27 18:00:00+00:00,4076.493,4079.6,4072.754,4077.792,8020,4078.2068,4083.8441,4089.5867,4066.7569799999997,4082.3742010177666,4081.0026529139377,1.3715481038289,4.078565980687564,-2.7070178768586644,40.129158451961494,4089.5867,4108.917537606931,4070.2558623930686,0.009453687633975838,12.5381428571428,0.26210072797497896,0.000917759292773157,-0.004285842654487615,0.0013501541649573185,0
2026-07-27 19:00:00+00:00,4077.906,4089.369,4076.213,4083.244,7238,4079.6504,4082.5632000000005,4089.0384,4067.4504600000005,4082.5080162458025,4081.1686786240166,1.339337621785944,3.53072030890724,-2.191382687121296,42.78657152605753,4089.0384,4108.439042283896,4069.637757716104,0.009489097624466479,12.719785714285665,0.32178798564695826,0.0017708424823590363,-0.003127156801926101,0.0014539613696498968,0
2026-07-27 20:00:00+00:00,4083.294,4084.13,4075.145,4076.835,4013,4079.2886,4080.2867000000006,4087.84395,4067.9603599999996,4081.635244515679,4080.8476653926077,0.7875791230712821,2.9820920717400483,-2.1945129486687662,36.502378901893366,4087.84395,4107.156688545117,4068.5312114548838,0.009448862912253006,12.776999999999978,0.18064085723282186,-0.0004435297613617495,-0.0055529807786126595,0.0014385869572990824,0
2026-07-27 22:00:00+00:00,4079.488,4081.713,4071.083,4074.08,3720,4077.6466,4078.3051,4086.0494999999996,4068.6041400000004,4080.472899205575,4080.346356845007,0.12654236056778245,2.4109821295055953,-2.284439768937813,38.83648271096839,4086.0494999999996,4103.261438017935,4068.8375619820645,0.008424732993535763,12.2897857142857,0.23306637468189217,-0.0020111261081402487,-0.004840376990524531,0.0014099159364707689,0
2026-07-27 23:00:00+00:00,4074.294,4075.16,4069.891,4073.231,4061,4077.0364,4077.2477,4085.02155,4069.1492200000002,4079.3587608662556,4079.819293375006,-0.46053250875047524,1.8366792018543812,-2.2972117106048566,31.881421759009214,4085.02155,4102.735394285627,4067.3077057143732,0.008672583029887281,11.958071428571397,0.07685109930355383,-0.0007484761849155808,-0.0025892519353886145,0.001226310165073985,0
2026-07-28 00:00:00+00:00,4073.182,4074.324,4057.479,4057.799,13313,4073.0377999999996,4075.6223000000005,4083.3676,4069.30666,4076.0418745791394,4078.188160532413,-2.146285953273491,1.0400861708288065,-3.1863721241022978,24.74850157104045,4083.3676,4104.605671757473,4062.1295282425267,0.010402233566957384,12.441142857142884,0.0,-0.004902898431307867,-0.0039896388191317245,0.0015371489129798845,0
2026-07-28 01:00:00+00:00,4057.748,4060.232,4042.551,4045.269,19441,4065.4428,4072.5466,4081.1056,4069.2282800000003,4071.3075861823486,4075.749704196679,-4.44211801433039,-0.05635466620303317,-4.385763348127357,17.93836820923171,4081.1056,4108.019440637682,4054.191759362318,0.013189485044289049,12.561785714285763,0.0,-0.00930020346567595,-0.007545830178708357,0.0017140604392561834,1
2026-07-28 02:00:00+00:00,4045.225,4049.109,4040.644,4042.123,10465,4058.5004,4068.8945,4078.5633000000003,4069.08124,4066.8176498466028,4073.258837219147,-6.441187372544391,-1.3333212074713052,-5.107866165073085,18.496793272565768,4078.5633000000003,4109.986799226522,4047.139800773479,0.015409102134823539,12.400000000000025,0.019778877442179883,-0.008514448095152227,-0.008954201445382282,0.0016426980881333036,1
2026-07-28 03:00:00+00:00,4042.059,4051.063,4040.229,4049.272,8121,4053.5388,4065.5927,4076.2290999999996,4069.12604,4064.118319100972,4071.482034462173,-7.36371536120123,-2.5394000382172908,-4.824315322983939,28.206843453785865,4076.2290999999996,4109.114313096425,4043.343886903574,0.016135115220302674,12.007214285714326,0.41324819801195006,-0.006089227506578143,-0.008088107410301526,0.0017672705279720912,0
2026-07-28 04:00:00+00:00,4049.225,4049.737,4041.281,4042.337,6629,4047.3599999999997,4062.1982,4073.8987500000003,4068.97158,4060.7673469315914,4069.3231430205306,-8.555796088939132,-3.7426792483616595,-4.813116840577473,29.24671517562689,4073.8987500000003,4109.484737868788,4038.3127621312124,0.01747023676952596,11.23957142857148,0.4550971682806655,-0.007584642265562658,-0.008327441526371326,0.001778892683680118,0
2026-07-28 05:00:00+00:00,4042.287,4046.651,4034.799,4045.399,10745,4044.88,4058.9589,4071.4015,4069.0087599999997,4058.402985865193,4067.550984278269,-9.147998413076039,-4.823743081304536,-4.324255331771503,30.24090011741781,4071.4015,4107.654511144889,4035.1484888551113,0.017808615114421243,11.086642857142904,0.4951075033986863,-0.0030558438207510807,-0.00794375976018391,0.0018119252101167535,0
2026-07-28 06:00:00+00:00,4045.198,4052.41,4042.817,4048.273,10005,4045.4808000000003,4055.4617999999996,4069.0125,4069.4808399999997,4056.844526501317,4066.1229854428416,-9.278458941524605,-5.7146862533485505,-3.563772688176054,30.47056856617435,4069.0125,4104.718664943415,4033.3063350565844,0.017550285207241507,11.190071428571466,0.5043503627647032,0.000742595857037065,-0.008564513901202053,0.0017393607236116334,0
2026-07-28 07:00:00+00:00,4048.474,4052.399,4046.266,4047.44,8163,4046.5442000000003,4052.5222999999996,4066.4044999999996,4069.8414999999995,4055.397676270345,4064.739060595224,-9.341384324879073,-6.440025867654657,-2.9013584572244158,26.74930614859099,4066.4044999999996,4100.2762794074915,4032.5327205925078,0.01665932614794809,10.47014285714288,0.35459054431342096,0.0013153978738400518,-0.007210250108233507,0.0017308490763456692,0
2026-07-28 08:00:00+00:00,4047.509,4055.3,4041.794,4045.39,13454,4045.7678,4049.6533000000004,4063.9792,4070.20592,4053.858033767215,4063.3057968474295,-9.447763080214372,-7.0415733101666005,-2.4061897700477717,28.24077987208736,4063.9792,4096.481338803446,4031.4770611965546,0.015995228914284728,10.58935714285719,0.41461394739304824,-0.0009586908461570731,-0.0070420806660644875,0.0017321789703153682,0
2026-07-28 09:00:00+00:00,4045.337,4046.082,4019.094,4023.542,11100,4042.0088000000005,4044.6843999999996,4060.96605,4070.21648,4049.1940285722594,4060.3603304142866,-11.166301842027224,-7.866519016538726,-3.2997828254884976,20.298059655731407,4060.96605,4096.738345122414,4025.1937548775863,0.01761762825986387,12.028071428571463,0.094964268297513,-0.004649538126088926,-0.012198915308265224,0.002263480091729163,1
2026-07-28 10:00:00+00:00,4023.286,4028.464,4016.813,4026.534,12028,4038.2358,4041.5579,4058.5901,4070.0304000000006,4045.707870330373,4057.8546763095246,-12.146805979151395,-8.722576409061261,-3.4242295700901337,18.09169067338871,4058.5901,4096.923172860459,4020.2570271395407,0.01888984692514733,11.920571428571455,0.007336664948578258,-0.004663322455955465,-0.0077049158915953875,0.002143545962307359,1
2026-07-28 11:00:00+00:00,4026.475,4032.311,4023.276,4028.039,11835,4034.189,4039.8348999999994,4056.19075,4069.62262,4042.989582587239,4055.646107694004,-12.656525106765002,-9.50936614860201,-3.1471589581629917,20.94092424964296,4056.19075,4095.910790679065,4016.4707093209354,0.019584897815303592,11.924142857142897,0.14367593019683012,-0.004998180705698463,-0.004259296476946117,0.0020027226867304526,1
2026-07-28 12:00:00+00:00,4027.942,4038.136,4022.868,4029.519,13200,4030.6047999999996,4038.5744999999997,4053.7345,4069.06148,4040.9171852661257,4053.710766383337,-12.793581117211488,-10.166209142323908,-2.6273719748875806,23.05375823910009,4053.7345,4093.6833048200047,4013.7856951799954,0.019709630623320113,12.255428571428606,0.36687731360777287,-0.0044277370387207915,-0.0031181634007674264,0.0020130229619043237,0
2026-07-28 13:00:00+00:00,4029.49,4036.213,4020.13,4022.41,21245,4026.0088000000005,4035.8883,4050.7405,4068.31544,4038.069925994414,4051.392191095683,-13.32226510126884,-10.797420334112894,-2.5248447671559457,21.43122154140184,4050.7405,4090.653788332265,4010.827211667735,0.019706662686619882,13.027857142857199,0.27871030087763254,-0.005680540071538176,-0.006633785035927486,0.0019152410966095609,1
2026-07-28 14:00:00+00:00,4022.408,4033.615,4011.328,4024.542,20005,4026.2088000000003,4034.1088000000004,4048.1535000000003,4067.60712,4035.988706610658,4049.4032880515583,-13.414581440900292,-11.320852555470376,-2.0937288854299165,28.017714323484654,4048.1535000000003,4087.8025580789435,4008.504441921057,0.019588712769386434,13.416571428571453,0.8042758515737197,0.000248537234108559,-0.004402156475326047,0.0019100644655914386,1
2026-07-28 15:00:00+00:00,4024.242,4047.193,4022.305,4046.009,20298,4030.1038,4034.1698000000006,4046.5643499999996,4067.37326,4037.5302902090184,4049.151859306998,-11.621569097979773,-11.380995863972256,-0.24057323400751685,50.43744531933522,4046.5643499999996,4083.6783346664465,4009.450365333553,0.018343454573481265,13.931357142857191,0.9999999999969084,0.004836665976246435,0.00015078858723205357,0.0026382007890419466,0
2026-07-28 16:00:00+00:00,4046.317,4046.694,4036.51,4037.654,8624,4032.0267999999996,4033.1079,4044.28485,4067.00544,4037.5493224845536,4048.3001660249984,-10.750843540444748,-11.254965399266755,0.5041218588220069,47.51144324041383,4044.28485,4077.285496030844,4011.284203969156,0.016319644760355644,14.054142857142876,0.9095398419038271,0.002387017603354913,-0.002623093847672897,0.0027024927983381694,0
2026-07-28 17:00:00+00:00,4037.705,4041.675,4025.62,4027.862,9281,4031.6953999999996,4031.1501,4041.8362,4066.21504,4036.058965179238,4046.7862278009243,-10.72726262168635,-11.149424843750674,0.4221622220643244,38.4187636583942,4041.8362,4071.7948821904797,4011.8775178095207,0.014824293072776933,14.427071428571448,0.6284309396222414,-0.00041121533364152363,-0.00483713161899868,0.0027874044748000624,0
2026-07-28 18:00:00+00:00,4027.855,4030.394,4021.619,4023.175,7571,4031.8484,4028.9286,4039.29095,4065.40916,4034.076816690124,4045.0372479638186,-10.960431273694667,-11.111626129739474,0.15119485604480687,39.37639988468289,4039.29095,4066.210887158973,4012.371012841027,0.01332904090950565,14.449857142857127,0.6580371812068921,0.00019018449138719085,-0.005491435930775501,0.0027957988886344507,0
2026-07-28 19:00:00+00:00,4022.867,4028.021,4021.815,4026.562,6218,4032.2524000000003,4029.2306,4036.9575000000004,4064.39044,4032.9206910454895,4043.6687110776093,-10.748020032119712,-11.038904910215523,0.2908848780958113,39.5940824872115,4036.9575000000004,4059.169131495828,4014.745868504173,0.011004144331877425,14.046571428571431,0.6647670474570592,0.0005019204669749477,0.0007505824470082079,0.0022316338051660365,0
2026-07-28 20:00:00+00:00,4026.253,4030.542,4022.578,4028.874,4535,4028.8254,4029.4646000000002,4035.5112500000005,4063.6295599999994,4032.2981231923372,4042.5728065533417,-10.274683361004463,-10.886060600373312,0.6113772393688492,39.21666722253698,4035.5112500000005,4055.682025075035,4015.3404749249657,0.009996639248637815,13.930214285714296,0.6530988928938248,-0.00423503753946175,0.0005811449748094333,0.0022266500468885657,1
2026-07-28 22:00:00+00:00,4027.913,4028.651,4013.903,4018.416,4891,4024.9777999999997,4028.5023,4034.1686,4062.7286000000004,4030.1624119319777,4040.783413475316,-10.62100154333848,-10.833048788966346,0.2120472456278666,35.425914395324014,4034.1686,4055.1626618216173,4013.1745381783826,0.010408123161544304,14.561500000000024,0.535904136775303,-0.004764647986182036,-0.002389003681444013,0.002373382079767686,1
2026-07-28 23:00:00+00:00,4018.466,4026.22,4015.014,4025.134,7059,4024.4322,4028.0638,4033.3191500000003,4062.1408400000005,4029.388810096289,4039.624197662329,-10.235387566040117,-10.713516544381102,0.478128978340985,40.284146505247364,4033.3191500000003,4054.332858371128,4012.3054416288724,0.010420057322331115,14.397214285714265,0.6861010378241754,-0.0006772823895158098,-0.0010882192142535052,0.0024450305320067663,1
2026-07-29 00:00:00+00:00,4024.934,4030.092,4017.624,4021.686,14492,4024.1344,4027.9914,4031.93985,4061.50338,4028.2037623891674,4038.2954422799344,-10.091679890766954,-10.589149213658274,0.4974693228913196,48.918944106614596,4031.93985,4052.150702210778,4011.7289977892224,0.010025373870980655,13.360071428571441,0.9530540799113424,-0.00037010570010009847,-0.00017999159707726697,0.0023929348339869214,1
2026-07-29 01:00:00+00:00,4021.638,4030.615,4010.037,4025.718,20389,4023.9656000000004,4028.1089999999995,4031.1089,4060.9583800000005,4027.8213374062184,4037.3637798888285,-9.542442482610113,-10.379807867448642,0.8373653848385292,49.53039755070079,4031.1089,4050.8816842189763,4011.336115781024,0.009810096779561616,13.997714285714308,0.9692489915475712,-0.00020960809742898157,0.00029220716295164095,0.0024095109897958014,1
2026-07-29 02:00:00+00:00,4025.807,4037.997,4023.009,4029.699,13773,4024.1305999999995,4026.478,4030.3239000000003,4059.7560200000003,4028.110208574493,4036.796018415582,-8.68580984108894,-10.041008262176703,1.3551984210877634,50.92884800465537,4030.3239000000003,4048.9194885538755,4011.728311446125,0.00922783826574094,14.422928571428558,0.9999999999966099,0.00020477185436940104,-0.004031132901582746,0.0016043811880306303,1
2026-07-29 03:00:00+00:00,4029.65,4032.661,4023.034,4023.723,8903,4025.192,4025.0849000000003,4029.0964,4058.34628,4027.435253409186,4035.827646681094,-8.392393271908077,-9.711285264122978,1.3188919922149012,46.91222537132147,4029.0964,4045.8534701804806,4012.339329819519,0.008318028916101733,14.019999999999982,0.8638323446659695,0.0013206696369911786,-0.0034502708751170674,0.001546905633966217,1
2026-07-29 04:00:00+00:00,4023.739,4027.636,4020.535,4027.452,8139,4025.6556000000005,4025.0439000000006,4028.097,4056.88084,4027.4378298077727,4035.20722840842,-7.7693986006474915,-9.322907931427881,1.5535093307803898,52.78643588213211,4028.097,4042.4609720214735,4013.733027978527,0.00713188983357316,13.378428571428556,0.9999999999959627,0.0005758814489158492,-0.0001017909749638779,0.0014023598728389063,1
2026-07-29 05:00:00+00:00,4027.422,4040.078,4026.648,4033.178,11346,4027.954,4026.0442000000003,4027.4863999999993,4055.34502,4028.3209329142687,4035.0569151929817,-6.7359822787129815,-8.805522800884901,2.06954052217192,54.5902963813412,4027.4863999999993,4039.6202986047147,4015.352501395284,0.006025544173018359,12.7457857142857,0.9999999999947821,0.0028575080202679626,0.002486344740161517,0.0014042173407348194,0
2026-07-29 06:00:00+00:00,4032.957,4044.927,4032.957,4041.252,9523,4031.0608,4027.5132000000003,4028.3719000000006,4054.2942599999997,4030.310327850535,4035.515810363872,-5.205482513336847,-8.08551474337529,2.8800322300384433,47.05175085218462,4028.3719000000006,4041.808698255144,4014.935101744857,0.006671081314584414,11.823071428571406,0.6066376920102325,0.003858690549114474,0.0036482736389009673,0.0015030505427056297,0
2026-07-29 07:00:00+00:00,4040.96,4047.85,4040.96,4043.918,7298,4033.9046000000003,4029.0176,4029.2411,4053.35506,4032.4038158735298,4036.1381947813625,-3.7343789078327063,-7.215287576266773,3.4809086684340667,54.1767796655377,4029.2411,4044.3253826943137,4014.1568173056867,0.007487406347718191,11.587785714285701,0.9784226427858175,0.0035285513880813912,0.0037340457904615487,0.0015046137120561173,0
2026-07-29 08:00:00+00:00,4043.868,4044.493,4035.477,4037.48,7413,4036.656,4030.924,4029.7131500000005,4052.2944800000005,4033.1847672776016,4036.237587760521,-3.0528204829192873,-6.382794157597276,3.329973674677989,56.713480008934596,4029.7131500000005,4045.223905729386,4014.202394270615,0.007698193470364229,11.08499999999997,0.9999999999953025,0.0034189729263172097,0.004744157897041967,0.0013046994044462283,0
2026-07-29 09:00:00+00:00,4037.529,4038.466,4031.146,4032.785,6562,4037.7225999999996,4031.6891000000005,4029.8764499999997,4051.0908,4033.123264619509,4035.981840519001,-2.858575899491825,-5.677950505976186,2.8193746064843612,56.707146845337626,4029.8764499999997,4045.44725304902,4014.3056469509793,0.007727682593852459,10.981071428571406,0.9997024946951713,0.0013241622743112025,0.0019008062837162498,0.0013233867044991248,0
2026-07-29 10:00:00+00:00,4032.839,4034.485,4025.828,4027.247,7263,4036.5364,4032.2452000000003,4030.1182999999996,4049.71662,4032.2192239088154,4035.3348152953718,-3.115591386556389,-5.165478682092227,2.0498872955358385,50.464148744426794,4030.1182999999996,4045.347312231222,4014.889287768777,0.007557600595110294,11.156142857142836,0.7064327890746313,-0.0014705525022699062,0.0013827534024286603,0.0013777814792007698,0
2026-07-29 11:00:00+00:00,4027.376,4036.123,4024.862,4032.652,7129,4034.8164000000006,4032.9386,4030.5238,4048.5907800000004,4032.2858048459207,4035.1360882364556,-2.850283390534969,-4.7024396237807755,1.8521562332458066,52.45694812965002,4030.5238,4045.5582815835483,4015.4893184164516,0.007460311527523204,11.391642857142838,0.8000460946721364,-0.0021280533854359795,0.0017224256641921176,0.0014053351691560888,0
2026-07-29 12:00:00+00:00,4032.701,4033.577,4009.11,4022.565,15143,4030.5458,4032.2252,4029.3516000000004,4047.1351999999997,4030.7902964080863,4034.2048965152367,-3.4146001071503633,-4.444871720454693,1.03027161330433,52.71130396141824,4029.3516000000004,4042.8831560618355,4015.8200439381653,0.006716493076372431,12.069928571428559,0.7564005839498121,-0.00528027521824137,-0.0017703555526107362,0.0016001004226455647,1
2026-07-29 13:00:00+00:00,4022.636,4026.545,4002.479,4007.175,21760,4024.4847999999997,4030.5704000000005,4027.82765,4045.35764,4027.157173883765,4032.2026819585526,-5.045508074787449,-4.564998991321245,-0.48050908346620425,39.45882491048908,4027.82765,4044.024872404247,4011.630427595753,0.008042659126314397,12.988500000000029,0.0,-0.007505919533966732,-0.0041126091433232315,0.0019467214783078738,1
2026-07-29 14:00:00+00:00,4007.227,4010.29,3995.82,4004.727,21293,4018.8731999999995,4028.2979,4026.6709,4043.46018,4023.706377901647,4030.167446257919,-6.4610683562718805,-4.944212864311372,-1.5168554919605084,39.92754053572482,4026.6709,4045.8818618045234,4007.4599381954768,0.009541858414365735,13.131499999999992,0.027164589646028674,-0.0069574747971935524,-0.005642525348533156,0.00188925494465451,1
2026-07-29 15:00:00+00:00,4004.822,4013.994,4003.12,4009.942,13522,4015.4122,4025.9742999999994,4026.00925,4041.7810999999997,4021.5887813013933,4028.669265053629,-7.080483752235523,-5.371467041896203,-1.70901671033932,40.760003748477416,4026.00925,4046.58987025489,4005.4286297451104,0.01022383157956714,12.438357142857155,0.07541030699002621,-0.004296980046170407,-0.005761213613681315,0.0018756237457865945,1
2026-07-29 16:00:00+00:00,4009.772,4032.879,4007.519,4027.366,11981,4014.3550000000005,4024.5856999999996,4026.04945,4040.65232,4022.477584178102,4028.5727269015083,-6.095142723406298,-5.516202178198222,-0.5789405452080754,48.81946342006454,4026.04945,4046.637755751009,4005.461144248991,0.010227547379483429,13.17921428571432,0.5424993114098534,-0.0013107999400890913,-0.003436063873274886,0.002325830958909354,1
2026-07-29 17:00:00+00:00,4027.465,4050.731,4027.21,4043.912,16199,4018.6243999999997,4024.5850999999993,4026.80135,4040.0494999999996,4025.77518661224,4029.708969353248,-3.9337827410081445,-5.199718290760207,1.2659355497520624,59.2287508799516,4026.80135,4048.869224352888,4004.7334756471123,0.010960498139739564,14.171642857142908,0.9999999999949419,0.00530681294149371,-1.48370961039479e-06,0.0027140912736018613,1
2026-07-29 18:00:00+00:00,4044.091,4110.076,4043.033,4106.571,68148,4038.5036,4031.4942,4031.2091,4040.6604,4038.205311748818,4035.40245310486,2.8028586439581886,-3.5992029038165274,6.402061547774716,73.50381139675939,4031.2091,4072.802432937177,3989.615767062823,0.02063566136382105,18.453214285714335,0.9999999999970627,0.024804506915719893,0.01711240674876402,0.005523110151959366,0
2026-07-29 19:00:00+00:00,4106.627,4116.497,4044.075,4044.809,54388,4046.5199999999995,4032.6966,4032.1928499999995,4039.9836999999998,4039.221263787462,4036.099234356352,3.122029431109695,-2.2549564368312827,5.376985867940977,52.592189777443046,4032.1928499999995,4074.1106154754434,3990.2750845245555,0.020791547941683378,22.666928571428667,0.3857650192404049,0.010008672251566875,0.002981562369429591,0.007656798186686812,1
2026-07-29 20:00:00+00:00,4044.757,4070.262,4042.503,4066.075,20599,4057.7466,4036.5793999999996,4034.4123,4039.6594,4043.35260782016,4038.3196614410667,5.032946379093119,-0.797375873646402,5.830322252739521,55.22503673081049,4034.4123,4078.625438252898,3990.1991617471017,0.021918006869500305,23.794714285714367,0.4630993707879223,0.013998456835535134,0.009641325699665249,0.007779604397889096,0
2026-07-29 22:00:00+00:00,4068.274,4090.693,4064.785,4088.445,7374,4069.9624000000003,4042.1587,4037.5486499999997,4039.90266,4050.2898989247506,4042.0326494824694,8.257249442281136,1.0135491895391062,7.2437002527420296,58.65465726958556,4037.5486499999997,4087.669589132327,3987.4277108676724,0.024827410628143042,25.15314285714297,0.5638372735668852,0.015165991866644468,0.013835312345325201,0.007910779560618659,0
2026-07-29 23:00:00+00:00,4088.391,4100.368,4084.429,4084.538,9442,4078.0876000000003,4048.3559999999998,4040.2906000000003,4040.03758,4055.558837551712,4045.1811939652493,10.377643586462455,2.8863680689237765,7.4912755175386785,59.23749175539431,4040.2906000000003,4094.4415231585876,3986.139676841413,0.02680545956698628,25.647642857142987,0.5809568129164479,0.010046212677229382,0.015406338990171742,0.0078408030102747,0
2026-07-30 00:00:00+00:00,4084.843,4086.761,4064.796,4072.063,21797,4071.186,4054.8448,4042.7076,4039.81396,4058.097939466833,4047.1724388567122,10.925500610120707,4.494194577163164,6.4313060329575436,57.48175182481756,4042.7076,4098.047114818985,3987.3680851810145,0.027377451101823654,26.693714285714446,0.5293856386620638,-0.008403117832371576,0.01619295388896158,0.007785530759635399,0
2026-07-30 01:00:00+00:00,4072.12,4093.016,4070.234,4084.76,25166,4079.1762000000003,4062.8481,4045.5730000000003,4039.97246,4062.1997949334736,4049.9567026451045,12.243092288369098,6.043974119404352,6.1991181689647465,60.66434020270652,4045.5730000000003,4103.462467632363,3987.683532367638,0.028618674107407052,27.70264285714302,0.6228674903632854,0.009877104209370602,0.01998463315976351,0.0077552558032023995,0
2026-07-30 02:00:00+00:00,4084.84,4090.422,4063.277,4063.698,15602,4078.7008,4068.2237,4047.0990000000006,4039.7648199999994,4062.4302880206315,4050.9745765232447,11.455711497386801,7.126321595000842,4.329389902385959,55.440786798827894,4047.0990000000006,4105.2213044026485,3988.9766955973532,0.028722946684846408,28.83721428571445,0.46943657606493955,-0.0005845932502475115,0.013405680181907798,0.00808256387684506,0
2026-07-30 03:00:00+00:00,4063.788,4070.003,4050.708,4058.8,14299,4072.7718,4071.3671000000004,4047.9763999999996,4039.4762,4061.871782171303,4051.554237521523,10.317544649779848,7.764566205956643,2.5529784438232044,56.467786904851174,4047.9763999999996,4106.2566488072225,3989.6961511927766,0.028794757206204547,28.467785714285874,0.4996025479749132,-0.007250923028192857,0.007805101398780323,0.008045433232272046,1
2026-07-30 04:00:00+00:00,4059.055,4060.343,4044.264,4046.174,9531,4065.0989999999997,4071.5933000000005,4048.0892,4039.2437,4059.4567387603333,4051.1557014088175,8.301037351515788,7.871860435068473,0.42917691644731537,57.03052045212809,4048.0892,4106.345103180981,3989.833296819019,0.02878192663391954,27.897285714285836,0.5093769938638546,-0.009392494328612,0.0005593593530226482,0.00804016226385292,1
2026-07-30 05:00:00+00:00,4046.226,4051.344,4028.335,4033.843,19411,4057.4550000000004,4064.3205000000003,4047.90735,4039.01518,4055.516163566436,4049.8732790822387,5.642884484197111,7.426065244894201,-1.78318076069709,55.0682709112304,4047.90735,4106.325176072907,3989.4895239270927,0.028863222905982394,28.507214285714422,0.4369762770537171,-0.009385905866387656,-0.017710152825800463,0.005960725409935552,1
2026-07-30 06:00:00+00:00,4033.789,4040.528,4029.232,4036.694,16588,4047.8417999999997,4063.5089999999996,4048.1028000000006,4038.9066,4052.620446094676,4048.8970361872584,3.72340990741759,6.685534177398879,-2.962124269981289,54.69540919845264,4048.1028000000006,4106.333450546004,3989.8721494539973,0.028769353656731993,28.53735714285725,0.2380433861940341,-0.011767154006600222,-0.002006275203600527,0.003726766342701945,1
2026-07-30 07:00:00+00:00,4036.779,4051.428,4035.425,4038.944,16226,4042.8909999999996,4060.7959,4048.68765,4038.70004,4050.516377464726,4048.1597742474614,2.3566032172643645,5.8197479853719765,-3.463144768107612,52.14645902855024,4048.68765,4106.267652710464,3991.107647289536,0.02844378607989875,27.869000000000078,0.0,-0.006091495972387673,-0.006672528175205805,0.0032254058890512443,1
2026-07-30 08:00:00+00:00,4038.671,4072.973,4036.628,4061.332,19308,4043.3974000000003,4058.0846000000006,4050.12165,4039.07994,4052.180319393229,4049.1354946735755,3.0448247196536613,5.264763332228314,-2.2199386125746523,53.16104259967628,4050.12165,4107.4481016489835,3992.795198351017,0.028308508535284743,28.78500000000005,0.04750511925024549,0.0006238297033605011,-0.0066316166659941,0.0032342172847733383,1
2026-07-30 09:00:00+00:00,4061.643,4073.207,4060.223,4063.478,13899,4046.8581999999997,4055.9786,4052.1673,4039.44152,4053.918424101963,4050.1979024755333,3.7205216264296723,4.955914991068585,-1.235393364638913,39.979723665180096,4052.1673,4108.260003768521,3996.0745962314795,0.02768528523909689,24.92364285714289,0.0,0.004276632690536797,-0.005156029886366542,0.0032531598222271005,1
2026-07-30 10:00:00+00:00,4063.551,4083.099,4062.875,4078.103,16319,4055.7102,4056.5826,4055.7136999999993,4040.03812,4057.6391280862763,4052.264946736605,5.374181349671289,5.0395682627891265,0.33461308688216285,59.91530269458929,4055.7136999999993,4108.71255528515,4002.7148447148484,0.026135402646962468,21.195214285714297,0.9637877015097338,0.01097216723605765,0.0014832776408419956,0.0033542667991057285,1
2026-07-30 11:00:00+00:00,4078.139,4082.84,4075.639,4077.657,11130,4063.9028000000008,4055.8723,4059.3602,4040.6424600000005,4060.7188006883875,4054.1458395709305,6.572961117456998,5.346246833722701,1.2267142837342968,53.937527197563185,4059.3602,4107.391109423645,4011.329290576355,0.023664275677553692,19.72678571428573,0.6747915054162643,0.010147660436981454,-0.0017389026527874218,0.003188474998787443,1
2026-07-30 12:00:00+00:00,4077.517,4086.925,4067.068,4068.696,20336,4069.8532,4056.3721000000005,4062.2979,4041.10858,4061.946062120943,4055.223629232343,6.722432888600451,5.621484044698252,1.1009488439021995,42.61239086358973,4062.2979,4104.42676566338,4020.1690343366195,0.020741396470889215,19.294571428571412,0.127276577432348,0.0073662818796200735,0.0012299142308311861,0.0027862215831434773,1
2026-07-30 13:00:00+00:00,4069.002,4112.642,4064.971,4112.034,43480,4079.9936000000002,4061.6955000000003,4066.5312999999996,4042.87842,4069.651898717721,4059.4318048447617,10.220093872959296,6.541206010350461,3.6788878626088355,57.942505228372895,4066.5312999999996,4110.840036869934,4022.2225631300653,0.02179190745190348,21.56114285714281,0.8684125968938095,0.012484081577177175,0.013115699221444732,0.0042793326820222645,0
2026-07-30 14:00:00+00:00,4112.146,4120.448,4087.155,4099.931,40487,4087.2841999999996,4067.0712,4069.3322499999995,4044.34636,4074.3102219919174,4062.431745226631,11.87847676528645,7.60866016133766,4.26981660394879,58.067298896492446,4069.3322499999995,4114.690486259783,4023.9740137402164,0.022292717071594893,22.370285714285664,0.8744457601333864,0.008970886516427523,0.013285884393503533,0.0042603876873261145,1
2026-07-30 15:00:00+00:00,4099.985,4110.131,4082.99,4108.035,23622,4093.2706,4074.4903999999997,4069.4054499999997,4045.94628,4079.498649377776,4065.809764098733,13.688885279043006,8.824705184878729,4.864180094164277,56.921768404022956,4069.4054499999997,4115.020721623349,4023.7901783766497,0.022418641830515968,22.681642857142833,0.8498396115690834,0.007339687104518822,0.018392386614947576,0.003973530083886964,0
2026-07-30 16:00:00+00:00,4107.981,4119.374,4106.491,4110.875,11381,4099.914199999999,4081.9085,4072.7087500000002,4047.5734,4084.3257802427333,4069.147929721049,15.177850521684377,10.095334252239859,5.082516269444518,65.73542262869644,4072.7087500000002,4120.347918276448,4025.069581723553,0.023394340818722888,21.662928571428534,0.9999999999961174,0.008146344824981666,0.018376671603049344,0.003974018616525553,0
2026-07-30 17:00:00+00:00,4110.814,4111.386,4098.492,4102.486,10961,4106.6722,4088.2627,4074.5292999999997,4049.1749199999995,4087.1196602053897,4071.6174164083786,15.502243797011033,11.176716161194095,4.325527635816938,64.23942945801099,4074.5292999999997,4123.854150391727,4025.2044496082726,0.024211312159039853,21.20571428571426,0.9419160329176561,0.00830487212610631,0.01573233003478136,0.004147577906691612,1
2026-07-30 18:00:00+00:00,4102.681,4107.927,4098.729,4099.658,7694,4104.196999999999,4092.0952999999995,4075.08995,4050.6772400000004,4089.0486355584067,4073.694496674425,15.354138883981705,12.012200705751619,3.3419381782300857,68.6225626740948,4075.08995,4125.327255079916,4024.8526449200845,0.02465580180870147,20.714214285714238,0.9999999999965088,-0.0030097027407846033,0.009436805461853437,0.003947656344290219,0
2026-07-30 19:00:00+00:00,4099.803,4115.52,4098.741,4112.198,8439,4106.6504,4096.9673,4076.4729500000003,4052.0010199999997,4092.6100762417286,4076.546608031875,16.063468209853454,12.822454206571988,3.2410140032814656,77.24273167882413,4076.4729500000003,4129.263450239979,4023.682449760022,0.02590008612223389,20.26921428571427,0.9999999999973164,0.002992001572709624,0.01198972899570272,0.003998634505917354,0
2026-07-30 20:00:00+00:00,4112.253,4117.531,4099.021,4103.082,8192,4105.6598,4099.465200000001,4078.0239,4053.3095800000006,4094.2211414353083,4078.512192622107,15.70894881320146,13.399753127897883,2.3091956853035764,72.11842157868796,4078.0239,4132.076428669392,4023.9713713306082,0.026509176991038184,20.784500000000012,0.8624826503983218,-0.0012056859301343703,0.006125151816910979,0.004033673204056601,0
2026-07-30 22:00:00+00:00,4105.276,4111.188,4102.455,4109.288,4357,4105.3423999999995,4102.628299999999,4079.2502999999997,4054.9381,4096.53911967603,4080.791882057506,15.747237618524196,13.869250026023145,1.87798759250105,72.83451275725506,4079.2502999999997,4135.031730753456,4023.468869246543,0.027348863958387926,20.265214285714332,0.881699863842362,-0.0003860491987716097,0.00775715073631722,0.004033778808660596,0
2026-07-30 23:00:00+00:00,4109.307,4111.857,4102.149,4105.681,4981,4105.9814,4106.326800000001,4081.3494499999993,4056.5882199999996,4097.9455628027945,4082.6355204236165,15.310042379177958,14.157408496654107,1.1526338825238511,66.39531530732202,4081.3494499999993,4137.82213055494,4024.8767694450585,0.02767353359313085,18.362571428571464,0.7088958473883492,0.0007787960763301349,0.009090136004262783,0.003946158662284219,0
2026-07-31 00:00:00+00:00,4105.73,4107.252,4090.372,4094.777,10207,4105.0052000000005,4104.6011,4083.1483,4057.95252,4097.458091602364,4083.534889281126,13.923202321238023,14.110567261570889,-0.18736494033286633,60.867180067635694,4083.1483,4138.883824928071,4027.412775071929,0.02730026971005234,18.64085714285722,0.5271328197833588,-0.0011905871172669391,-0.004196706544741469,0.002116568554261351,0
2026-07-31 01:00:00+00:00,4094.708,4101.728,4082.183,4084.133,14601,4099.3922,4103.021299999999,4085.0462500000003,4059.0577000000003,4095.4080775096927,4083.5791937788204,11.828883730872349,13.654230555431184,-1.8253468245588351,52.153171553854214,4085.0462500000003,4137.995993799063,4032.0965062009377,0.025923693666412145,18.592357142857217,0.2755035170211147,-0.006824817287494511,-0.003853235578842651,0.002073338352092815,0
2026-07-31 02:00:00+00:00,4084.421,4090.569,4074.02,4076.284,9338,4094.0325999999995,4099.8462,4087.1683,4060.21506,4092.4659117389706,4083.0388090544634,9.42710268450719,12.808804981246384,-3.381702296739194,49.53435212882132,4087.1683,4134.591146571056,4039.745453428943,0.023205722441650582,19.2600714285715,0.19988140752477163,-0.006531188019152534,-0.0077289993877851515,0.001942527902034604,0
2026-07-31 03:00:00+00:00,4076.218,4079.48,4071.857,4075.072,7955,4087.1894,4096.2659,4089.0871999999995,4061.21382,4089.7899253175906,4082.4486750504293,7.341250267161286,11.715294038429366,-4.374043771268081,52.282359679266996,4089.0871999999995,4130.6549563788985,4047.519443621101,0.020331068693716692,18.386214285714363,0.09917604692388017,-0.008326503277453323,-0.008709338036306136,0.001883944031059048,0
2026-07-31 04:00:00+00:00,4075.077,4081.423,4073.252,4080.032,5628,4082.0595999999996,4094.0205,4091.1416000000004,4062.38074,4088.288706037961,4082.269662083731,6.019043954230256,10.576044021589546,-4.55700006735929,34.204655386863095,4091.1416000000004,4125.754245127354,4056.5289548726464,0.01692077591611776,15.56478571428579,0.0,-0.006247197480758859,-0.005473266697314738,0.0019403784679233908,0
2026-07-31 05:00:00+00:00,4080.179,4083.458,4073.295,4074.573,7473,4078.0188000000003,4091.512,4091.8036500000003,4063.3578399999997,4086.1785974167365,4081.699538966417,4.479058450319371,9.356646907335511,-4.87758845701614,36.6054638804961,4091.8036500000003,4124.46718918566,4059.140110814341,0.015965350236519474,13.912642857142925,0.05578335977056367,-0.00493409042787929,-0.006118803080647384,0.0019564409721427927,0
2026-07-31 06:00:00+00:00,4074.627,4087.568,4072.627,4077.739,10276,4076.7400000000002,4088.0661,4092.516699999999,4064.31864,4084.880197814162,4081.406165709646,3.474032104516027,8.180123946771614,-4.706091842255587,33.11636201515816,4092.516699999999,4123.1352715514095,4061.8981284485885,0.014963199320071424,13.041214285714334,0.0,-0.0015655709547166552,-0.00837970350649464,0.0015770448754547708,0
2026-07-31 07:00:00+00:00,4077.675,4079.186,4067.281,4067.818,9210,4075.0468,4084.5397,4092.00245,4065.20054,4082.2552443042905,4080.3996349163385,1.8556093879519722,6.9152210350076855,-5.059611647055713,27.760043801200183,4092.00245,4123.956668438365,4060.0482315616346,0.01561788822407249,12.971357142857219,0.0,-0.0020768916002907867,-0.008594515049906382,0.0015993352804822634,0
2026-07-31 08:00:00+00:00,4067.783,4067.85,4053.997,4061.07,12032,4072.2464,4079.7178999999996,4091.1731,4065.8729000000003,4078.995975949784,4078.9678101077207,0.0281658420635722,5.537809996418862,-5.50964415435529,28.238755779739193,4091.1731,4125.470132125343,4056.876067874656,0.016766355901852967,13.039857142857207,0.00967433256095444,-0.0034360129097105174,-0.011733906214409728,0.0013749348253723711,0
2026-07-31 09:00:00+00:00,4061.012,4063.971,4050.044,4054.989,9864,4067.2378000000003,4074.6487,4090.4877500000002,4066.3091199999994,4075.302595034433,4077.191601951593,-1.8890069171598043,4.052446613703129,-5.941453530862933,27.30533567719675,4090.4877500000002,4127.142714296037,4053.832785703963,0.017922050638600338,13.377642857142973,0.0,-0.006137942055356449,-0.012346794599970012,0.0013738235357260845,0
2026-07-31 10:00:00+00:00,4055.27,4058.408,4051.91,4054.347,6855,4063.1926,4070.6057,4087.6034,4066.5710200000003,4072.078657336828,4075.4994092144384,-3.4207518776102006,2.5578069154404623,-5.978558793050663,16.565913425417094,4087.6034,4126.149500516502,4049.0572994834984,0.018860000222380484,12.6432857142858,0.0,-0.004963955732293801,-0.009873553553710002,0.0013136853550120271,0
2026-07-31 11:00:00+00:00,4054.339,4061.188,4050.497,4053.767,9090,4058.3982000000005,4067.5691000000006,4085.2952000000005,4066.768,4069.261479285008,4073.88960112448,-4.628121839471987,1.1206211644579722,-5.74874300392996,18.379307249387068,4085.2952000000005,4126.190278476988,4044.4001215230123,0.020020623467791467,12.084785714285804,0.03222745626334962,-0.005878748002263068,-0.007435115359857303,0.0012046460965181203,0
2026-07-31 12:00:00+00:00,4053.763,4059.537,4040.389,4040.956,12257,4053.0258000000003,4064.0363000000007,4081.94125,4066.8375199999996,4064.906790164237,4071.4500751152596,-6.543284951022542,-0.4121600586381312,-6.1311248923844115,9.60701787572144,4081.94125,4125.873786552828,4038.008713447171,0.021525315462503854,12.82871428571434,0.0,-0.006603540276384101,-0.008666717039342742,0.0013886403450354499,1
2026-07-31 13:00:00+00:00,4040.895,4046.979,4021.895,4025.582,26934,4045.9282,4059.0873000000006,4077.6766000000002,4066.6934599999995,4058.856822446662,4068.0524399215365,-9.195617474874325,-2.1688515418853704,-7.026765932988955,8.433747444240524,4077.6766000000002,4126.111646634673,4029.241553365328,0.023756198142183476,13.927000000000069,0.0,-0.008738583673760902,-0.012144570697155799,0.001647019027878701,1
2026-07-31 14:00:00+00:00,4025.532,4050.405,4020.911,4049.087,20946,4044.7478,4055.9928,4075.0066500000003,4067.1302599999995,4057.353772839483,4066.6475925199416,-9.293819680458455,-3.593845169599988,-5.699974510858468,29.032050811366588,4075.0066500000003,4123.57037160507,4026.4429283949307,0.0238349164927472,14.82800000000004,0.46975952754612077,-0.00145549100133191,-0.007584499337260131,0.0027114104454320116,1
2026-07-31 15:00:00+00:00,4049.136,4052.812,4036.696,4045.602,16613,4042.9988,4053.0957000000003,4072.3038500000002,4067.38926,4055.5458077872545,4065.0886597406866,-9.542851953432091,-4.783646526366409,-4.759205427065682,31.073845942255502,4072.3038500000002,4121.107232852208,4023.5004671477923,0.0239684388247246,14.583071428571461,0.5163241741064346,-0.002156944139216632,-0.007110192896286338,0.0027042531679690447,0
2026-07-31 16:00:00+00:00,4045.548,4050.021,4041.044,4043.4,9787,4040.9254,4049.6618000000003,4068.86395,4067.80596,4053.677221973831,4063.4820923524876,-9.804870378656688,-5.787891296824466,-4.016979081832222,32.89892455224356,4068.86395,4115.476890252213,4022.2510097477875,0.02291201712567098,14.042214285714342,0.5579464402844736,-0.0025573744124908204,-0.008421088255035403,0.002655360999214172,1
2026-07-31 17:00:00+00:00,4043.351,4054.867,4041.35,4053.592,9998,4043.4525999999996,4048.2392,4066.38945,4068.7343,4053.664110900934,4062.7494929189697,-9.085382018035943,-6.447389441066762,-2.6379925769691814,39.78368814565385,4066.38945,4110.543567531172,4022.235332468828,0.02171662014870317,14.46321428571436,0.9999999999968102,0.0031269828228766006,-0.0034972066105218858,0.00278452831054565,1
2026-07-31 18:00:00+00:00,4053.541,4055.092,4047.166,4050.665,7475,4048.4692000000005,4047.1987,4063.4583,4069.6530600000006,4053.2027092238673,4061.8543452953422,-8.651636071474968,-6.888238767148405,-1.7633973043265634,35.75703491022669,4063.4583,4103.182808887813,4023.733791112187,0.019552069176057656,14.445714285714368,0.8715578675613642,0.006230900277276685,-0.0025621326399201116,0.0027510380283614576,1
2026-07-31 19:00:00+00:00,4050.654,4055.717,4046.806,4051.087,7087,4048.8692,4046.8085,4060.7286,4070.47596,4052.8772154971184,4061.0567641623543,-8.17954866523587,-7.146500746765898,-1.0330479184699728,38.02419025862784,4060.7286,4095.4210572627185,4026.0361427372814,0.017086814057318957,14.3562857142858,0.9438755593231131,0.0004939385100888316,-0.0009622714142998312,0.00271695932694511,1
2026-07-31 20:00:00+00:00,4050.977,4053.098,4043.054,4043.851,11806,4048.5190000000002,4045.7589,4058.1823000000004,4070.80566,4051.4885669591,4059.7822631132913,-8.293696154191366,-7.375939828250992,-0.917756325940374,33.40873039186894,4058.1823000000004,4089.6810995503843,4026.6835004496165,0.015523600085872861,14.006500000000058,0.7966516806337317,-0.0004328156847855924,-0.0025888262647474347,0.0027695685909422973,1
2026-08-02 22:00:00+00:00,4073.091,4079.444,4063.434,4063.95,7708,4052.629,4046.7771999999995,4057.17315,4071.20642,4053.405710503854,4060.090984364158,-6.685273860303823,-7.237806634661558,0.5525327743577346,48.27788858811779,4057.17315,4086.3812531678323,4027.965046832168,0.014398253211269614,15.698500000000033,0.9999999999974902,0.00508235643270516,0.0025119845319181433,0.0032269416091387196,1
2026-08-02 23:00:00+00:00,4063.914,4074.829,4063.105,4074.814,6272,4056.8733999999995,4050.1629999999996,4057.09965,4070.57128,4056.699293503261,4061.1815781149608,-4.482284611699924,-6.6867022300692325,2.204417618369308,55.902765847792345,4057.09965,4086.1120070284624,4028.087292971538,0.014302018452251843,15.54642857142861,0.9999999999978934,0.005235356691053239,0.00837871038437421,0.0030639905999038848,0
2026-08-03 00:00:00+00:00,4074.875,4079.076,4055.557,4057.181,17401,4058.1766,4053.3229,4056.2051,4070.81872,4056.773402195067,4060.8852389953336,-4.111836800266701,-6.171729144108726,2.0598923438420247,50.85643734566937,4056.2051,4083.960239669688,4028.4499603303125,0.013685274282450683,16.231571428571474,0.8936921665556337,0.0016086247566757805,0.007849548214394986,0.003155123701801323,1
2026-08-03 01:00:00+00:00,4057.317,4063.562,4047.309,4056.42,20390,4059.2432,4054.0562,4055.0244999999995,4070.62562,4056.719032626595,4060.554480551235,-3.8354479246399933,-5.70447290021498,1.8690249755749866,50.80919034124172,4055.0244999999995,4080.4207311215405,4029.6282688784586,0.012525808966895738,16.928357142857163,0.8926968435846405,0.0013164367983211633,0.0018110255472407744,0.0026116289413667185,1
2026-08-03 02:00:00+00:00,4056.727,4067.268,4051.961,4062.267,12832,4062.9264000000003,4055.7227,4054.4091999999996,4070.1020599999993,4057.5725660686576,4060.681333843736,-3.108767775078377,-5.18533187518766,2.076564100109283,53.18691042157203,4054.4091999999996,4078.3667884442275,4030.4516115557717,0.011818041673853688,17.258071428571448,0.9427867793004251,0.004554074816307541,0.0041192880565117385,0.0026107705761632682,0
2026-08-03 03:00:00+00:00,4062.213,4068.015,4059.158,4064.92,9712,4063.1204,4057.8746999999994,4053.76825,4069.7097,4058.702940519633,4060.9953091145703,-2.2923685949372157,-4.606739219137571,2.3143706242003557,59.72564935064934,4053.76825,4075.69789693526,4031.8386030647403,0.010819388570256735,16.523000000000042,0.9999999999980503,0.00023868403892768342,0.005322253548993405,0.002589294388458157,0
2026-08-03 04:00:00+00:00,4064.998,4071.963,4064.048,4064.048,6725,4060.9672,4058.9203,4053.57975,4069.5494,4059.5252573627663,4061.221434365343,-1.69617700257686,-4.024626775825429,2.328449773248569,67.69397781007928,4053.57975,4075.061134155391,4032.098365844609,0.01059872284757243,15.29664285714294,0.9999999999974134,-0.002642083785910243,0.002579440654115972,0.002499004997639126,0
2026-08-03 05:00:00+00:00,4063.997,4069.921,4054.062,4068.802,10409,4063.2913999999996,4060.7339999999995,4053.96635,4069.2302400000003,4060.9524485377256,4061.7829577456882,-0.8305092079626775,-3.3858032622528786,2.555294054290201,60.95923154746691,4053.96635,4076.277596720925,4031.6551032790753,0.011007119840017827,14.322714285714353,0.8160916982221069,0.002864304057423217,0.0044775364045164245,0.0024879446123001366,0
2026-08-03 06:00:00+00:00,4068.854,4072.001,4060.603,4064.047,12472,4064.8168000000005,4062.03,4054.41925,4069.23722,4061.428533378075,4061.950664579341,-0.5221312012658927,-2.8130688500554815,2.2909376487895887,60.11050571713614,4054.41925,4077.1810926867106,4031.6574073132892,0.011228164273692554,13.985714285714364,0.7820531546014068,0.0018802293648092494,0.0031991413662555424,0.0025396044937992523,0
2026-08-03 07:00:00+00:00,4064.097,4065.247,4052.124,4060.871,12341,4064.5376000000006,4063.732,4054.74545,4069.27864,4061.3427590122174,4061.8706894253155,-0.5279304130981473,-2.3560411626640145,1.8281107495658673,59.475436864769854,4054.74545,4077.689197094735,4031.801702905265,0.011316985185708783,14.281857142857202,0.7602892916263384,-0.00034365047890738687,0.004208859327408554,0.00246571809778065,0
2026-08-03 08:00:00+00:00,4061.187,4062.574,4054.146,4059.322,9244,4063.418,4063.2692,4055.0231999999996,4069.5415999999996,4061.031873010338,4061.6818976160325,-0.6500246056943979,-2.0148378512700913,1.3648132455756934,53.429166467180536,4055.0231999999996,4078.0514129722324,4031.994987027767,0.011357869899354818,13.918357142857174,0.5839373369847554,-0.0013771488737785997,-0.0011387935383062597,0.0018803512884211435,0
2026-08-03 09:00:00+00:00,4059.553,4062.186,4046.558,4055.409,10209,4061.6902,4061.3287000000005,4055.7458500000002,4069.97292,4060.1668156241326,4061.2172385333633,-1.0504229092307469,-1.8219548628622224,0.7715319536314755,52.80597156173855,4055.7458500000002,4077.8019344005443,4033.689765599456,0.010876462784542587,14.468500000000047,0.565760571396966,-0.002125713082128833,-0.004762180555971329,0.0016146617121724951,0
2026-08-03 10:00:00+00:00,4055.46,4057.249,4045.781,4049.535,8375,4057.8368,4060.5640999999996,4056.9435,4070.2297400000007,4058.5311516819584,4060.351887530892,-1.8207358489335093,-1.8217110600764796,0.0009752111429703891,49.13764363345402,4056.9435,4074.177286162487,4039.709713837513,0.008495945858002174,14.651142857142888,0.4587662165501805,-0.004735300464362768,-0.0018845597472728626,0.000985945223073829,0
2026-08-03 11:00:00+00:00,4049.348,4063.144,4045.296,4062.652,10110,4057.5578,4061.1873,4057.62175,4070.7038999999995,4059.1651283462725,4060.522266232307,-1.3571378860347068,-1.7287964252681252,0.3716585392334184,59.80577258076283,4057.62175,4074.619756074074,4040.6237439259257,0.008378309818589698,15.208571428571465,0.5937284208370092,-0.00034325390429790215,0.0015363300644410938,0.0014651907164295599,0
2026-08-03 12:00:00+00:00,4062.448,4064.754,4042.077,4047.53,12785,4054.8896,4059.7136,4057.7181499999997,4070.4278600000002,4057.375108600692,4059.559876141025,-2.1847675403332687,-1.819990648281154,-0.3647768920521146,40.96710309164954,4057.7181499999997,4074.448904339477,4040.9873956605225,0.008246385638922332,14.286000000000026,0.0,-0.003285255798571307,-0.003627777297750101,0.0018265727955605743,0
2026-08-03 13:00:00+00:00,4047.585,4053.631,4019.001,4032.337,24958,4049.4926,4056.4553,4057.165,4069.80504,4053.5230918928933,4057.5433667972457,-4.020274904352391,-2.2600474994954016,-1.7602274048569893,27.69510286812536,4057.165,4076.428737551204,4037.901262448796,0.009496156824385515,15.922142857142846,0.0,-0.006647661850919917,-0.00801565590466724,0.0020698741254817445,1
2026-08-03 14:00:00+00:00,4032.421,4039.278,4026.516,4036.437,15437,4045.6982,4053.6941999999995,4056.3072500000003,4068.9717199999996,4050.89446237091,4055.979932219672,-5.085469848761932,-2.825131969348708,-2.260337879413224,37.302597752368904,4056.3072500000003,4077.6557565660264,4034.958743433974,0.010526079633650097,15.153785714285666,0.24019412791389388,-0.00467819645318146,-0.006793965031908988,0.002144034714876385,1
2026-08-03 15:00:00+00:00,4036.343,4041.041,4030.29,4036.14,11728,4043.0191999999997,4050.428,4055.5810000000006,4068.1413800000005,4048.6245450830775,4054.510307610807,-5.885762527729639,-3.4372580810248947,-2.4485044467047445,37.51569771736726,4055.5810000000006,4078.6561093336013,4032.5058906664,0.01137943457847382,14.760785714285703,0.24552177688669807,-0.0033077871903811618,-0.00802742428852532,0.0020592590183314188,1
2026-08-03 16:00:00+00:00,4036.197,4039.447,4034.588,4037.081,6766,4037.905,4047.7313999999997,4054.8807,4067.50908,4046.848615070296,4053.2192477877843,-6.370632717488206,-4.023933008317558,-2.3466997091706485,33.4988731065575,4054.8807,4079.3387575391685,4030.422642460832,0.012063515229519968,14.014499999999966,0.14509833706173028,-0.00629416450141429,-0.006635257909172743,0.0020792738774281718,1
2026-08-03 17:00:00+00:00,4037.044,4037.944,4030.213,4030.66,6184,4034.531,4044.7102999999997,4054.22115,4065.8816,4044.358058905635,4051.548192396097,-7.190133490461903,-4.657173104746427,-2.5329603857154765,28.60995954248071,4054.22115,4080.569910684525,4027.8723893154747,0.012998186191458812,13.93407142857138,0.022872060168709622,-0.0041679740483703265,-0.007439536986030837,0.002100007270841183,1
2026-08-03 18:00:00+00:00,4030.655,4045.158,4029.511,4043.369,6470,4036.7373999999995,4043.1149999999993,4053.1921,4064.7503599999995,4044.2058959970755,4050.942326292682,-6.736430295606624,-5.073024542918467,-1.6634057526881572,38.75175422373601,4053.1921,4079.5486088731213,4026.835591126879,0.013005309505622065,14.48635714285706,0.33238962794308996,0.002735882442365334,-0.0039299666298953095,0.0024381257114465898,1
2026-08-03 19:00:00+00:00,4043.418,4055.872,4043.418,4052.156,7282,4039.8812,4042.7897,4052.0592000000006,4063.63278,4045.428988920602,4051.03222804878,-5.603239128177847,-5.1790674599703435,-0.42417166820750385,41.32605206661526,4052.0592000000006,4076.3710299352415,4027.7473700647597,0.011999740741813886,14.246642857142758,0.420508400341038,0.0038942760657481035,-0.000802138575911826,0.002555230841635306,1
2026-08-03 20:00:00+00:00,4052.218,4058.276,4050.161,4055.073,4093,4043.6678,4043.3435,4051.9538000000002,4062.51674,4046.912682932817,4051.3315444896107,-4.418861556793672,-5.02702627933501,0.6081647225413374,45.23247906838366,4051.9538000000002,4076.1902973902475,4027.717302609753,0.011962869561961551,14.012142857142733,0.5461541710947773,0.004690868007551696,0.0013675644240636053,0.0025176744577120294,1
2026-08-03 22:00:00+00:00,4053.069,4054.67,4049.252,4052.75,3468,4046.8016000000002,4042.3532999999998,4051.7703,4061.5220200000003,4047.8107317123836,4051.436615268158,-3.625883555774635,-4.746797734622935,1.1209141788482997,45.646183373899596,4051.7703,4075.919836878203,4027.620763121797,0.011920486646640843,13.490571428571295,0.5590378732790338,0.0038812696599348495,-0.0024373241911933574,0.0022729065233412704,0
2026-08-03 23:00:00+00:00,4052.716,4055.189,4050.197,4053.798,4321,4051.4292,4042.9800999999998,4051.3468500000004,4060.6048199999996,4048.731849910478,4051.6115326557024,-2.8796827452242724,-4.3733747367432025,1.4936919915189302,47.022487656583344,4051.3468500000004,4075.013594523646,4027.6801054763546,0.011683395868041154,13.245142857142712,0.6018991494528472,0.005740499074593286,0.0015485987750551988,0.0019162021168134577,1
2026-08-04 00:00:00+00:00,4053.739,4069.449,4048.599,4049.315,10518,4052.6184000000003,4044.6779,4050.5665999999997,4059.3471600000003,4048.821565308866,4051.4414191256506,-2.619853816784598,-4.022670552751482,1.4028167359668835,46.73531050443576,4050.5665999999997,4073.362109691262,4027.7710903087373,0.011255467169093035,13.618142857142695,0.5929557934058798,0.0014705558656653572,0.004210461576004132,0.0014395312141160456,1
2026-08-04 01:00:00+00:00,4049.205,4061.954,4042.439,4058.542,14819,4053.8956,4046.8884000000007,4050.2913,4058.45636,4050.31701679981,4051.967388079306,-1.6503712794960848,-3.548210698100402,1.8978394186043173,54.65790970677978,4050.2913,4072.527404128202,4028.055195871798,0.01098000241523467,14.192928571428443,0.8396837275542396,0.0015759511726596287,0.005476364427340341,0.0015487089073315894,1
2026-08-04 02:00:00+00:00,4058.855,4065.178,4055.753,4058.979,9564,4054.6767999999997,4049.1723000000006,4049.80015,4057.45018,4051.649629599839,4052.486766740098,-0.8371371402590739,-3.0059959865321364,2.1688588462730625,47.81382060591617,4049.80015,4070.709055695906,4028.891244304094,0.010325895067145974,13.59128571428557,0.7461655553187287,0.0009632378997863622,0.005658624329185846,0.0015416788153813572,1
2026-08-04 03:00:00+00:00,4058.926,4061.733,4052.126,4052.608,7155,4054.6483999999996,4050.725,4049.2282,4056.3887200000004,4051.7970711998637,4052.495746981572,-0.6986757817085163,-2.5445319455674125,1.8458561638588962,53.373907034842006,4049.2282,4069.0961051066456,4029.3602948933544,0.009813181241129159,12.657714285714162,0.9523787460364757,-3.503793720305293e-05,0.003846095731049326,0.0016837185521510897,1
2026-08-04 04:00:00+00:00,4052.635,4066.405,4051.089,4063.695,6091,4056.6278000000007,4054.0285000000003,4049.3694000000005,4055.7670799999996,4053.6275217845,4053.3253212792333,0.30220050526668274,-1.9751854554005934,2.277385960667276,72.03716197222727,4049.3694000000005,4069.622117114146,4029.116682885855,0.010002899273227839,11.278142857142777,0.9999999999976973,0.0024414141997208816,0.008195928210268377,0.001675446721053103,0
2026-08-04 05:00:00+00:00,4063.745,4067.859,4057.235,4062.044,8311,4059.1736000000005,4055.8960000000006,4049.5055,4055.3253000000004,4054.922364586884,4053.9711493326236,0.95121525426066,-1.3899053134683428,2.3411205677290026,68.6370980654741,4049.5055,4070.0739499792207,4028.9370500207797,0.010158499589256284,11.125428571428497,0.9217065867333795,0.003143494640451383,0.004618673190599054,0.0014922898973721817,0
2026-08-04 06:00:00+00:00,4061.984,4066.349,4055.641,4063.25,8425,4060.1152,4057.0054000000005,4049.89755,4055.06462,4056.203539265825,4054.6584716042807,1.5450676615441807,-0.8029107184658381,2.347978380010019,69.47333639811532,4049.89755,4071.2247073502517,4028.5703926497486,0.010532195981229986,11.122357142857059,0.940962681665861,0.0011600224908354662,0.0027378018022998774,0.0013658159526216162,1
2026-08-04 07:00:00+00:00,4063.509,4066.853,4060.884,4065.366,7898,4061.3926,4058.0346999999992,4050.6891000000005,4054.8705,4057.613148609544,4055.4516218558156,2.1615267537285945,-0.21002322402695145,2.3715499777555458,69.98007996270297,4050.6891000000005,4073.106840943989,4028.271359056012,0.01106860605223369,11.201642857142783,0.9526314868440499,0.0015735484219061568,0.002538302023169514,0.0013600378282968984,1
2026-08-04 08:00:00+00:00,4065.413,4072.925,4054.333,4055.208,9721,4061.9125999999997,4058.2804999999994,4050.3169000000003,4054.37402,4057.243125746537,4055.433575792422,1.8095499541150275,0.19389141160144446,1.615658542513583,66.47074610842762,4050.3169000000003,4072.1375835336094,4028.496216466391,0.010774803094350024,11.97742857142852,0.8327670820215433,0.000641562174283905,0.0006065017580654253,0.0016045548761007464,1
2026-08-04 09:00:00+00:00,4055.099,4055.575,4046.149,4049.613,7712,4059.0962,4057.862,4050.42105,4053.8748199999995,4056.0692602470695,4055.00242203002,1.0668382170492805,0.36848077269101176,0.6983574443582687,54.63163516600879,4050.42105,4072.2055800544895,4028.6365199455104,0.010756674323766686,11.533071428571377,0.433249828490204,-0.003465319124589916,-0.0010323652041862585,0.0016647374104323256,1
2026-08-04 10:00:00+00:00,4049.652,4060.766,4045.472,4053.948,10603,4057.477,4058.3252999999995,4051.5016000000005,4053.3989999999994,4055.7429125167514,4054.924316694463,0.8185958222884437,0.45850378261049823,0.3600920396779455,51.42326142897984,4051.5016000000005,4071.5869025966786,4031.4162974033225,0.0099149918127531,11.732428571428532,0.2309589851438,-0.001993085254615612,0.0011441441330199975,0.0016611774597486615,1
2026-08-04 11:00:00+00:00,4053.999,4084.365,4052.376,4074.95,17140,4059.817,4059.9661,4053.4272499999997,4053.54164,4058.697849052636,4056.407700643021,2.2901484096146305,0.8248327080113248,1.4653157016033056,62.26384827058584,4053.4272499999997,4074.7763029204434,4032.078197079556,0.01053382809347013,13.437714285714232,0.62967217508472,0.0028794684058326414,0.004042831144780434,0.002235301856954838,1
2026-08-04 12:00:00+00:00,4075.014,4084.526,4060.87,4070.752,17165,4060.8941999999997,4061.1433999999995,4055.1578499999996,4053.73528,4060.552333813769,4057.470241336131,3.0820924776380707,1.2762846619366741,1.8058078157013966,60.85582651904389,4055.1578499999996,4076.2159811243982,4034.099718875601,0.010385850269379104,14.711642857142806,0.5580823218619915,0.0013248499643081502,0.002900483101784923,0.002280664838636611,1
2026-08-04 13:00:00+00:00,4070.933,4093.804,4061.033,4084.079,28660,4066.6684,4064.2905,4057.5077499999998,4054.3170800000003,4064.171820919343,4059.4412604964173,4.730560422925919,1.9671398141345235,2.763420608791395,65.90505604403711,4057.5077499999998,4080.474925762253,4034.5405742377466,0.011320829029718153,16.695857142857125,0.7576420075000477,0.007119486842598555,0.007765616610340809,0.0023544927286132866,0
2026-08-04 14:00:00+00:00,4084.325,4091.854,4074.225,4083.489,19284,4073.4436,4066.2699000000002,4060.1492,4054.8999200000003,4067.1436946240597,4061.22257453372,5.9211200903396275,2.7579358693755447,3.163184220964083,68.7152245345016,4060.1492,4082.2506956926413,4038.0477043073583,0.010887036216620558,16.465785714285694,0.8628621300597293,0.008365243789962173,0.0048709364260850485,0.002262538789004739,0
2026-08-04 15:00:00+00:00,4083.728,4088.868,4074.703,4087.459,14528,4080.1458,4068.8113999999996,4062.3536999999997,4055.5737600000007,4070.269126220358,4063.1660134571484,7.103112763209538,3.6269712481423437,3.476141515067194,66.80380739862619,4062.3536999999997,4086.139211690479,4038.5681883095203,0.01171021208245817,16.083642857142813,0.7839540592464332,0.008266262912104416,0.006256702290767802,0.002243893591028546,0
2026-08-04 16:00:00+00:00,4087.528,4093.696,4082.96,4093.15,8842,4083.7858,4071.8014000000003,4064.4034,4056.6176400000004,4073.7892606479954,4065.3870494973594,8.402211150636049,4.5820192286410855,3.8201919219949634,68.71419652343457,4064.4034,4091.3446960142064,4037.462103985794,0.013257195884742284,16.17728571428568,0.8387997729054196,0.00446631247009166,0.007358641481572725,0.0022527529084658926,0
2026-08-04 17:00:00+00:00,4093.417,4106.458,4086.164,4086.182,10930,4086.8718,4073.8830000000003,4065.95885,4057.8296400000004,4075.695835932919,4066.927416201259,8.768419731660288,5.419299329244926,3.3491204024153616,68.26778679783185,4065.95885,4094.193100781419,4037.724599218581,0.013888114377458186,16.940642857142784,0.8171440108305033,0.0037904544418327912,0.005120326189573143,0.0023822920820111265,0
2026-08-04 18:00:00+00:00,4086.127,4089.152,4075.082,4079.957,8488,4086.0474000000004,4076.3579000000004,4067.3192000000004,4058.4470400000005,4076.351399635547,4067.8925705567212,8.458829078825602,6.027205279161062,2.43162379966454,59.342540674694085,4067.3192000000004,4095.4954677267415,4039.1429322732592,0.013854957696332815,16.851642857142775,0.42675845707495264,-0.0010092850799410247,0.006103016170810438,0.0022622218167214127,1
2026-08-04 19:00:00+00:00,4079.714,4084.795,4076.469,4078.408,6866,4085.0312,4079.2373999999995,4068.5496999999996,4059.10316,4076.6677996916164,4068.6714912562234,7.996308435393075,6.421025910407464,1.575282524985611,59.412170712067116,4068.5496999999996,4096.387163701362,4040.7122362986374,0.01368421956421579,16.687499999999936,0.43051071866257973,-0.0012442790956459504,0.007110555996338475,0.00218523963714547,1
2026-08-04 20:00:00+00:00,4078.714,4080.486,4074.647,4078.046,5131,4083.1485999999995,4081.6472000000003,4069.9862500000004,4059.79608,4076.879830508291,4069.365899311318,7.513931196972862,6.639606967720544,0.8743242292523181,58.593731849545634,4069.9862500000004,4096.581949461781,4043.39055053822,0.01306918393730713,16.339714285714212,0.38640623701181986,-0.0023028977171392073,0.005944328836975599,0.002194774462282498,1
2026-08-04 22:00:00+00:00,4078.063,4085.815,4075.644,4075.837,4633,4079.686,4081.7358999999997,4070.851,4060.24098,4076.719395045477,4069.8452401030722,6.874154942404857,6.686516562657408,0.18763837974744924,56.07514591721878,4070.851,4097.00088339751,4044.7011166024904,0.012847379281388443,16.639857142857085,0.2690200331694306,-0.004229749703773433,0.0002176713824710852,0.0015034413405962828,1
2026-08-04 23:00:00+00:00,4075.983,4077.152,4065.403,4072.344,6105,4076.9184,4081.8951,4071.51925,4060.67456,4076.0462573461728,4070.03033342877,6.015923917402688,6.5523980336064644,-0.5364741162037765,60.77546092512001,4071.51925,4097.067888492267,4045.970611507733,0.012549928871031213,16.15107142857138,0.5408408194613653,-0.003386535401506796,0.0003910825321709055,0.0014909087078082712,1
2026-08-05 00:00:00+00:00,4072.392,4083.589,4070.337,4082.658,7883,4077.4586000000004,4081.7529999999997,4073.02175,4061.30598,4077.0634485236847,4070.96571613775,6.097732385934705,6.461464904072113,-0.36373251813740737,69.61523393444375,4073.02175,4097.395021217894,4048.648478782106,0.011968151762457037,16.424357142857097,0.9999999999945032,0.0006620167810591493,-0.00034793646254160926,0.0013210384860051702,1
2026-08-05 01:00:00+00:00,4082.466,4102.763,4077.621,4101.254,14264,4082.0278,4083.5294999999996,4074.8996999999995,4062.4540399999996,4080.785071827733,4073.209292720139,7.5757791075943715,6.684327744776565,0.891451362817806,74.01466079152027,4074.8996999999995,4101.894067491596,4047.9053325084033,0.013249095427598489,17.127785714285665,0.9999999999944258,0.005601695563562936,0.004350446395227081,0.001959127271304204,1
2026-08-05 02:00:00+00:00,4101.204,4135.605,4095.458,4129.336,20182,4092.2858,4087.7172,4078.2643000000003,4063.76176,4088.254445392697,4077.3668265927213,10.887618799975826,7.524985955816419,3.362632844159407,75.75728872639104,4078.2643000000003,4113.902648606928,4042.6259513930727,0.01747721382693495,17.710499999999943,0.9999999999949194,0.012577101876732222,0.010245240380392984,0.0028266326837683435,1
2026-08-05 03:00:00+00:00,4129.286,4136.6,4126.852,4128.419,10023,4102.8022,4091.2441,4081.52275,4064.83386,4094.433607639975,4081.148469067334,13.28513857264079,8.677016479181294,4.608122093459496,78.18716823243004,4081.52275,4122.844723978007,4040.200776021993,0.02024831246034682,16.717071428571412,0.9999999999954776,0.012900908451441984,0.008616591133967733,0.0028492338980585104,1
2026-08-05 04:00:00+00:00,4128.426,4141.542,4128.323,4135.639,8056,4115.4612,4096.1898,4085.0363999999995,4066.4030199999997,4100.772898772287,4085.1848046919763,15.588094080310384,10.059231999407112,5.528862080903272,76.80223733183591,4085.0363999999995,4132.122579670637,4037.9502203293623,0.02305300372385284,15.320499999999972,0.9373675152392035,0.015542645709694547,0.012103474588258667,0.0027097119985365,1
2026-08-05 05:00:00+00:00,4135.701,4173.198,4134.635,4161.644,20762,4131.258400000001,4104.3585,4090.3581999999997,4068.5075,4110.13768357655,4090.848448788867,19.289234787683654,11.905232557062423,7.384002230621231,82.13583769870294,4090.3581999999997,4146.448023314284,4034.268376685716,0.02742538456132478,16.815785714285703,0.9999999999961628,0.019346709913002913,0.020021534540682673,0.0029503483289008894,0
2026-08-05 06:00:00+00:00,4161.574,4178.505,4159.969,4177.403,15326,4146.4882,4114.258,4096.7477,4070.81022,4120.486193795542,4097.259897026728,23.22629676881388,14.169445399412716,9.056851369401166,83.71467126471234,4096.7477,4161.707502965539,4031.787897034461,0.03171286480030927,17.127999999999993,0.999999999996382,0.01856724796854814,0.02427295160268428,0.002871946164443668,1
2026-08-05 07:00:00+00:00,4177.709,4179.662,4162.157,4170.662,12269,4154.7534,4123.5196,4102.5833999999995,4072.92506,4128.205548596228,4102.697089839563,25.508458756665277,16.437248070863227,9.07121068580205,78.82772984230868,4102.5833999999995,4172.160071136955,4033.006728863045,0.03391846763527339,17.61150000000001,0.8231901105013321,0.010007904418531277,0.022710876728707863,0.0030537907952619013,1
2026-08-05 08:00:00+00:00,4170.61,4172.742,4158.898,4160.386,12073,4161.1468,4131.9745,4106.8552,4074.85182,4133.156387273732,4106.9703424440395,26.186044829692946,18.38700742262917,7.799037407063775,76.93469233673098,4106.8552,4179.702419803572,4034.0079801964275,0.035475913445194,17.15078571428577,0.7546998784235034,0.007743157852921456,0.020743960074949053,0.0032997914155395444,1
2026-08-05 09:00:00+00:00,4160.443,4167.223,4153.024,4158.07,11962,4165.633,4140.547100000001,4111.221100000001,4076.6371799999997,4136.989250770081,4110.7555022629995,26.233748507081145,19.95635563951957,6.277392867561577,79.18170338989349,4111.221100000001,4185.411751758788,4037.030448241213,0.036091783902737644,17.160000000000018,0.8359968987197708,0.005423829304250116,0.021050775671210387,0.0032715371454722316,1
2026-08-05 10:00:00+00:00,4157.945,4161.647,4150.285,4161.314,8093,4165.567,4148.4127,4115.082850000001,4078.58252,4140.731519882376,4114.500576169444,26.230943712932458,21.211273254202148,5.01967045873031,80.58494547493589,4115.082850000001,4191.33664178371,4038.8290582162913,0.037060635016721064,17.376857142857165,0.8867662975207737,-7.929558607122633e-05,0.01926588021823039,0.00329207560049301,1
2026-08-05 11:00:00+00:00,4161.255,4192.715,4160.68,4188.991,15467,4167.8846,4157.1864000000005,4120.35795,4081.1449199999997,4148.156055285088,4120.018385342078,28.137669943010224,22.596552591963764,5.541117351046459,84.06376459173809,4120.35795,4201.827677403257,4038.888222596742,0.03954497565108771,19.248000000000015,0.9999999999964272,0.0027739722502233555,0.02139272524939928,0.003536502612924563,1
2026-08-05 12:00:00+00:00,4189.048,4213.416,4183.234,4184.038,18305,4170.5598,4162.6566,4125.1869,4083.63924,4153.676354471998,4124.7605790204425,28.91577545155542,23.860397163882098,5.055378287673321,82.67076506857119,4125.1869,4209.833143414469,4040.54065658553,0.041038743439464336,20.677357142857122,0.940184586082254,0.0032071647138989245,0.01324716613034127,0.003244605380786235,1
2026-08-05 13:00:00+00:00,4183.988,4206.933,4183.811,4205.912,26256,4179.665,4170.4059,4130.825,4086.6493,4161.712607630152,4130.771795389299,30.94081224085312,25.276480179276305,5.664332061576815,86.30078163218664,4130.825,4221.306869502371,4040.3431304976284,0.04380813493787387,21.489714285714268,0.9999999999940069,0.010942734640487561,0.018770623815073106,0.0034100104436042785,1
2026-08-05 14:00:00+00:00,4205.854,4247.749,4203.624,4244.037,31645,4196.8584,4181.2457,4138.717750000001,4090.5393399999994,4174.377898763975,4139.161810545647,35.21608821832797,27.26440178708664,7.951686431241328,88.09972377647097,4138.717750000001,4239.7296313332645,4037.705868666737,0.048813128816655234,23.69492857142856,0.9999999999929002,0.020674736115553705,0.02621070165940509,0.004097410326941807,1
2026-08-05 15:00:00+00:00,4243.972,4265.352,4232.266,4232.962,23279,4211.188,4188.3775000000005,4146.368,4093.94554,4183.390837415671,4146.109972727451,37.28086468821948,29.267694367313208,8.013170320906273,82.23965064818047,4146.368,4251.7243149517935,4041.0116850482077,0.05081860314945171,24.26235714285716,0.525209320157203,0.017217638467080354,0.01713697759827615,0.00417250111046614,1
2026-08-05 16:00:00+00:00,4233.013,4247.366,4224.665,4242.402,14908,4221.8702,4194.8774,4154.5677000000005,4097.842979999999,4192.46947781326,4153.242715488381,39.22676232487902,31.259507958826372,7.9672543660526465,80.4559804333534,4154.5677000000005,4263.131572230758,4046.003827769243,0.052262415765066295,23.01621428571434,0.32341203677391783,0.01275032579444546,0.01555966709460388,0.004114992193270636,1
2026-08-05 17:00:00+00:00,4242.231,4252.597,4236.729,4250.084,10960,4235.0794000000005,4202.819600000001,4163.1696,4102.19792,4201.333250457374,4160.416143970723,40.91710648665048,33.1910276643912,7.726078822259282,81.6198599697482,4163.1696,4273.453427609389,4052.885772390611,0.05298070374523736,23.453357142857126,0.42643314169741187,0.015785229484053476,0.019043020028954638,0.003961844213730782,1
2026-08-05 18:00:00+00:00,4249.995,4267.897,4249.036,4260.637,9292,4246.0244,4212.8447,4172.4096,4106.68192,4210.456904233162,4167.839911084003,42.6169931491595,35.076220761344864,7.540772387814634,81.9328632740647,4172.4096,4282.851145903932,4061.968054096068,0.052938976031467244,23.856357142857114,0.44766295234054043,0.013011446744487065,0.02409656219398859,0.0036539553217908908,1
2026-08-05 19:00:00+00:00,4260.583,4262.246,4246.334,4246.921,8804,4246.6012,4221.729799999999,4181.13845,4110.89754,4216.066765120368,4173.697769522225,42.36899559814265,36.534775728704425,5.834219869438222,73.24498040134978,4181.13845,4285.720132529153,4076.556767470848,0.05002545779327264,22.238428571428553,0.0,0.0006795416722333858,0.02136832713254,0.003975392463684569,1
2026-08-05 20:00:00+00:00,4246.828,4249.845,4242.929,4246.247,4416,4249.2582,4230.2231,4189.3179,4115.08086,4220.709878178773,4179.0717865946535,41.63809158411914,37.55543889978737,4.082652684331769,70.44717427203494,4189.3179,4286.818200380461,4091.8175996195387,0.04654710036708427,21.408428571428562,0.0,0.0031384642715903688,0.0204101396818408,0.004021466799157213,1
2026-08-05 22:00:00+00:00,4248.392,4254.146,4245.649,4250.096,3992,4250.7970000000005,4236.3336,4196.76,4119.46958,4225.230819997423,4184.332839439494,40.89798055792926,38.22394723141575,2.6740333265135092,74.00485935667902,4196.76,4288.51022803474,4105.00977196526,0.04372431496427713,20.764999999999937,0.20153944809671206,0.001813595222706299,0.014587044947100614,0.003684133070888353,1
2026-08-05 23:00:00+00:00,4249.877,4282.027,4249.276,4278.091,7241,4256.3984,4245.738899999999,4204.19775,4124.16402,4233.363155382435,4191.277888369902,42.08526701253322,38.99621118763925,3.0890558248939755,82.12946231158509,4204.19775,4297.04547924103,4111.3500207589705,0.044169059003482794,22.115499999999948,0.6617904137047314,0.006589752108429048,0.02247900234175715,0.0038800813894314342,0
2026-08-06 00:00:00+00:00,4278.147,4300.382,4264.565,4294.773,20359,4263.2256,4254.625,4212.515450000001,4129.01636,4242.8108237851375,4198.944192935094,43.86663085004329,39.970295120120056,3.896335729923237,84.60152172482411,4212.515450000001,4306.57713548796,4118.453764512042,0.04465820320633317,23.659642857142835,0.8018302086705407,0.008011947509257489,0.02112764128208111,0.0037877556196923906,0
2026-08-06 01:00:00+00:00,4294.735,4303.003,4272.837,4286.743,29302,4271.1900000000005,4258.8956,4220.07065,4133.649759999999,4249.569620125885,4205.447808273236,44.121811852649444,40.800598466625935,3.3212133860235085,80.99691091066373,4220.07065,4312.390714408176,4127.750585591823,0.0437528525301709,25.002785714285633,0.5976324630001979,0.00937667547854093,0.01006258899250878,0.0030624421665123185,0
2026-08-06 02:00:00+00:00,4286.639,4304.322,4275.114,4278.588,14777,4277.6582,4263.458199999999,4225.91785,4138.16652,4254.033986260364,4210.865600252996,43.1683860073681,41.274155974774374,1.8942300325937254,74.50643589000175,4225.91785,4317.467128938853,4134.368571061146,0.043327524191627914,24.800857142857108,0.2299532776794501,0.00761637276399596,0.01077874074938534,0.002976641201200303,0
2026-08-06 03:00:00+00:00,4278.475,4281.066,4260.113,4265.544,11981,4280.7478,4265.7724,4230.3249000000005,4142.401440000001,4255.804757604924,4214.915852086107,40.8889055188165,41.1971058835828,-0.3082003647663001,71.34849707167345,4230.3249000000005,4320.516665351521,4140.13313464848,0.04264058552643093,24.141642857142806,0.051059072198432406,0.0036347414270172518,0.005454928599411435,0.0032084070088427177,1
2026-08-06 04:00:00+00:00,4265.71,4267.227,4252.757,4262.372,7980,4277.604,4267.001200000001,4234.9104,4146.66258,4256.815102588782,4218.431122301951,38.38398028683059,40.634480764232364,-2.250500477401772,66.39448987177123,4234.9104,4321.586995309728,4148.233804690271,0.04093432310148915,23.5236428571428,0.0,-0.0036743023932871433,0.0028912369731988186,0.0031984392693805374,1
2026-08-06 05:00:00+00:00,4262.237,4268.733,4247.026,4267.297,11450,4272.1088,4267.6672,4240.255950000001,4150.83768,4258.427702190507,4222.050816946251,36.3768852442563,39.782961660237156,-3.4060764159808556,58.36738805111075,4240.255950000001,4320.531082673048,4159.980817326953,0.0378633429772312,21.922357142857113,0.0,-0.006397544177538683,0.0015631465435801406,0.003124144179978233,1
2026-08-06 06:00:00+00:00,4267.029,4268.671,4249.297,4256.011,9924,4265.962399999999,4268.5762,4245.153,4154.77832,4258.055901853506,4224.566386061343,33.48951579216282,38.524272486622294,-5.034756694459475,58.27891640266392,4245.153,4315.675157243784,4174.630842756216,0.03322478942162227,20.942928571428574,0.0,-0.007169079182027027,0.00214037416754409,0.0030597073402722974,1
2026-08-06 07:00:00+00:00,4255.925,4265.423,4252.454,4262.605,8443,4262.7658,4270.212,4250.217549999999,4158.97826,4258.755763106813,4227.384061167911,31.371701938902333,37.0937583770783,-5.722056438175969,57.40812719552354,4250.217549999999,4308.951796613482,4191.483303386517,0.027638230712911327,20.24778571428572,0.0,-0.0037355781860745063,0.0038523430219672417,0.0030839183986781657,0
2026-08-06 08:00:00+00:00,4262.658,4278.896,4260.061,4278.151,10195,4265.287200000001,4273.0175,4254.67555,4163.26738,4261.739645705765,4231.144575155473,30.595070550291894,35.79402081172102,-5.198950261429125,59.73055241608387,4254.67555,4307.03110089246,4202.31999910754,0.024610831203079674,20.45971428571433,0.08540402037889752,0.002955543302331387,0.006601027365028989,0.003252212792951637,0
2026-08-06 09:00:00+00:00,4278.205,4284.794,4271.08,4272.979,9113,4267.408600000001,4272.5063,4259.122600000001,4167.48608,4263.468777135647,4234.243421440253,29.225355695393773,34.48028778845557,-5.254932093061797,54.4446845289545,4259.122600000001,4300.084894232623,4218.160305767378,0.01923508575809595,20.092071428571476,0.0,0.002488520476392031,-0.0011949254936372,0.002528160664642574,0
2026-08-06 10:00:00+00:00,4273.178,4273.843,4264.353,4270.951,7350,4268.1394,4270.1241,4262.3745499999995,4171.6401000000005,4264.619888345547,4236.962501333567,27.657387011980063,33.11570763316047,-5.458320621180405,59.44932049830135,4262.3745499999995,4295.035841671844,4229.7132583281555,0.015325397282059169,19.633357142857157,0.16595360902156236,0.0008562797480466955,-0.005546742517008485,0.0020978914810427236,0
2026-08-06 11:00:00+00:00,4270.671,4273.438,4253.981,4263.171,9934,4269.5714,4267.7669000000005,4263.33125,4175.5962,4264.396982446232,4238.9038716051555,25.493110841076486,31.591188274743672,-6.098077433667186,56.30279015030774,4263.33125,4294.831201444399,4231.831298555601,0.014777154106615056,20.529142857142883,0.061614737954070915,0.001682326478949392,-0.005498813434815175,0.002094591992532204,0
2026-08-06 12:00:00+00:00,4263.113,4270.797,4249.003,4250.322,12700,4267.1148,4264.9403,4264.19925,4179.49848,4262.231600531427,4239.749658893663,22.481941637764066,29.76933894734775,-7.287397309583685,50.0788786664621,4264.19925,4293.018299729566,4235.380200270433,0.013516746305682767,21.478928571428632,0.0,-0.002881571245752168,-0.0066063850971394,0.002201162339000506,0
2026-08-06 13:00:00+00:00,4250.267,4274.133,4230.385,4266.984,27342,4264.8814,4265.0843,4265.42835,4183.8459,4262.962738911207,4241.767017494132,21.19572141707522,28.054615441293247,-6.858894024218028,45.79041121849529,4265.42835,4292.368731424044,4238.487968575956,0.01263196997508776,22.26442857142859,0.0,-0.002610239797519842,0.00033758882806056434,0.002450120632589826,0
2026-08-06 14:00:00+00:00,4267.294,4275.406,4260.026,4272.842,22946,4264.854,4266.1313,4266.56625,4188.22378,4264.48262523256,4244.068868050123,20.41375718243762,26.526443789522123,-6.112686607084502,40.945161476783404,4266.56625,4292.687793920463,4240.444706079536,0.01224476189510167,20.80464285714288,0.0,-3.206194086158298e-05,0.002456378748734167,0.002466606503100398,0
2026-08-06 15:00:00+00:00,4272.953,4274.57,4228.968,4233.864,22753,4257.4366,4262.788,4265.2276,4191.40206,4259.772067504475,4243.312951898261,16.459115606213345,24.51297815286037,-8.053862546647025,32.61119770600209,4265.2276,4295.1028951724575,4235.352304827543,0.01400876950737977,21.907214285714353,0.0,-0.008683546123568364,-0.00783470192020852,0.0038177172106197625,1
2026-08-06 16:00:00+00:00,4233.922,4243.166,4223.183,4241.54,20634,4253.1104,4261.3409,4264.95855,4194.81782,4256.967134042248,4243.18162212802,13.785511914228664,22.36748490513403,-8.581972990905367,37.77858415253661,4264.95855,4295.614728307315,4234.3023716926855,0.014375838802613826,21.248285714285753,0.13339562982288003,-0.005073922673990872,-0.003400132189508076,0.003835953740779591,0
2026-08-06 17:00:00+00:00,4241.628,4248.321,4238.403,4247.096,9522,4252.465200000001,4259.789999999999,4265.001,4198.07816,4255.448498035748,4243.471576044462,11.976921991285963,20.289372322364418,-8.312450331078455,43.598089976540884,4265.001,4295.550247812248,4234.451752187752,0.014325552473374713,20.460071428571478,0.32521674372631815,-0.0007590013180178712,-0.003638385447396586,0.003823620134184171,1
2026-08-06 18:00:00+00:00,4247.147,4249.715,4240.627,4243.574,6453,4247.7832,4256.3323,4264.6749,4201.27986,4253.621652184094,4243.479163004132,10.142489179962467,18.25999569388403,-8.117506513921562,43.49243934862044,4264.6749,4296.022859066605,4233.326940933395,0.014701218639950607,20.07564285714287,0.40123527122616454,-0.005486310705641428,-0.00808222991661589,0.0035552760638316067,0
2026-08-06 19:00:00+00:00,4243.662,4251.383,4232.933,4248.829,11448,4242.9806,4253.9173,4263.211799999999,4204.507259999999,4252.884321078849,4243.875447226048,9.008873852801116,16.409771325667446,-7.40089747286633,43.621254196543255,4263.211799999999,4294.6546023031215,4231.768997696877,0.014750757775216488,19.84299999999998,0.4059851942718798,-0.005619912929146431,-0.005651794684692013,0.003608252332197049,1
2026-08-06 20:00:00+00:00,4248.921,4250.296,4234.583,4240.469,6158,4244.301600000001,4250.8691,4260.4966,4207.45364,4250.974271682104,4243.623117801896,7.351153880207676,14.59804783657549,-7.246893956367815,44.521137087904144,4260.4966,4289.767623986544,4231.225576013457,0.01374066299526853,19.581499999999973,0.43916750635038343,0.0015600406626194996,-0.007137052145997469,0.003635080527564911,1
2026-08-06 22:00:00+00:00,4239.838,4243.639,4235.794,4240.866,3614,4244.1668,4248.6386,4258.20275,4210.54732,4249.41915296178,4243.418886853608,6.000266108172582,12.878491490894909,-6.878225382722327,41.986449325046735,4258.20275,4285.964965904847,4230.440534095153,0.01303940537112608,19.215499999999988,0.34570334431758337,-0.0001589045488195051,-0.005232020953417127,0.003620432405192199,1
2026-08-06 23:00:00+00:00,4240.815,4253.279,4240.102,4252.176,4393,4245.1828,4248.824,4256.8821499999995,4213.9917,4249.843283275352,4244.067561901488,5.775721373864144,11.457937467488756,-5.682216093624612,40.11628349428872,4256.8821499999995,4283.027096628768,4230.737203371231,0.012283613079948007,18.81135714285717,0.2796427248783632,0.0011961114135401463,0.00043620224538298835,0.0036310436883494348,1
2026-08-07 00:00:00+00:00,4252.43,4252.827,4229.545,4232.693,13986,4243.006600000001,4245.3949,4255.239599999999,4217.0774,4247.204778156068,4243.2250017606375,3.9797763954302354,9.962305253077053,-5.982528857646818,36.17634544381457,4255.239599999999,4283.160652365935,4227.318547634063,0.013123139935967788,19.494785714285758,0.13283893830391727,-0.002564112231811966,-0.008036355421065622,0.0036194014372219934,1
2026-08-07 01:00:00+00:00,4232.58,4259.496,4231.268,4256.913,19762,4244.6233999999995,4243.802,4254.96665,4220.65474,4248.698350747442,4244.238927556145,4.459423191296992,8.86172884072104,-4.402305649424049,45.819684823651166,4254.96665,4282.700226983985,4227.233073016016,0.013035861037352513,20.833214285714348,0.557517910568651,0.0019026418808569812,-0.0037279637299951762,0.004134291835865064,1
2026-08-07 02:00:00+00:00,4256.736,4261.798,4247.025,4250.429,11441,4246.615400000001,4245.4585,4254.12325,4224.14658,4248.964604478605,4244.697451440875,4.267153037730168,7.942813680122866,-3.675660642392698,46.176099873957064,4254.12325,4281.29829623054,4226.94820376946,0.01277586220875943,20.498642857142904,0.7765714406270039,0.0023487967958262246,0.003912501676955227,0.002842518082346574,1
2026-08-07 03:00:00+00:00,4250.234,4266.411,4249.611,4266.022,9709,4251.6466,4247.9067000000005,4254.623799999999,4228.02014,4251.588819174204,4246.2770476304395,5.311771543764735,7.416605252851241,-2.104833709086506,54.635261050816624,4254.623799999999,4282.309253331085,4226.938346668914,0.0130142896916457,20.141928571428643,0.9999999999954596,0.005931807324258687,0.005771960184272729,0.003001543811399552,1
2026-08-07 04:00:00+00:00,4265.958,4269.317,4260.744,4264.76,9998,4254.1634,4249.6731,4254.73155,4231.66218,4253.6151546858655,4247.646155213371,5.968999472494943,7.127084096779981,-1.1580846242850384,49.2777063278641,4254.73155,4282.564175100587,4226.898924899414,0.013083140392529103,17.629428571428694,0.7567408593433053,0.0029594259503840092,0.004159077167080971,0.003001093788878964,1
2026-08-07 05:00:00+00:00,4264.887,4280.654,4261.721,4278.74,15020,4263.3728,4253.189700000001,4254.761,4235.2119,4257.480515503425,4249.949402975343,7.531112528081394,7.2078897830402635,0.32322274504113047,51.81951676991047,4254.761,4282.699010447951,4226.82298955205,0.013132587446369158,17.883214285714466,0.8721514628381997,0.010878889633620936,0.008286882707830845,0.003090962630847985,1
2026-08-07 06:00:00+00:00,4278.766,4298.856,4278.227,4297.038,16186,4271.397800000001,4258.0106,4255.963949999999,4238.5659399999995,4263.566282349052,4253.4374471993915,10.128835149660517,7.7920788563643155,2.336756293296202,72.33938725282218,4255.963949999999,4288.840229924496,4223.0876700755025,0.015449510527219991,16.099428571428753,0.9999999999972347,0.009425844502812142,0.011346420390182743,0.0032791516904708117,1
2026-08-07 07:00:00+00:00,4297.258,4298.008,4282.809,4290.028,10814,4279.3176,4262.9665,4256.9178,4241.7981199999995,4267.637315833813,4256.147858517955,11.48945731585809,8.531554548263072,2.9579027675950176,67.22731471612356,4256.9178,4292.611195235122,4221.224404764878,0.016769595708482743,15.757714285714428,0.8586382040597272,0.009316471349127387,0.011687150643006738,0.003245367081434436,1
2026-08-07 08:00:00+00:00,4290.083,4316.724,4288.907,4305.905,14110,4287.294199999999,4269.4704,4259.0545,4245.20344,4273.52465185938,4259.83357270181,13.69107915757013,9.563459470124485,4.127619687445645,69.46660399467777,4259.0545,4300.90868602469,4217.200313975311,0.019654214814433402,17.036214285714454,0.9205602428742345,0.009348990699063364,0.015336254434825225,0.003312542447779835,1
2026-08-07 09:00:00+00:00,4305.958,4320.813,4302.201,4315.931,12484,4297.528399999999,4275.845899999999,4262.3349499999995,4248.28918,4280.0487054194755,4263.988937686861,16.05976773261409,10.862721122622407,5.197046609991684,72.96245755450525,4262.3349499999995,4311.032456407462,4213.637443592537,0.022850154658756814,17.71650000000019,0.9999999999972815,0.011998564983726867,0.014993499798691134,0.003301323154651217,1
2026-08-07 10:00:00+00:00,4315.927,4320.716,4307.947,4316.765,9387,4305.133400000001,4284.2531,4264.824,4251.07642,4285.697366124171,4267.898275635983,17.799090488188085,12.249994995735545,5.54909549245254,72.18187992216026,4264.824,4319.271431234166,4210.376568765833,0.02553326056792322,17.310714285714507,0.9787806433554576,0.008886962049575509,0.019862531962511865,0.002594476377366568,1
2026-08-07 11:00:00+00:00,4316.754,4327.887,4316.642,4321.315,12297,4309.9888,4290.6933,4267.247649999999,4254.089480000001,4291.177002105067,4271.855070033318,19.32193207174896,13.66438241093823,5.65754966081073,77.07066513085681,4267.247649999999,4327.231764245348,4207.263535754651,0.02811372536363049,16.991571428571596,0.9999999999975546,0.005649705680982997,0.015128803431030846,0.00224052317221417,1
2026-08-07 12:00:00+00:00,4321.33,4371.909,4300.912,4361.25,36313,4324.233200000001,4301.7754,4273.61695,4258.106760000001,4301.957463319672,4278.476916697517,23.48054662215509,15.627615253181602,7.852931368973486,81.87088985608585,4273.61695,4344.701126027168,4202.532773972831,0.03326651726574078,21.502428571428677,0.9999999999978115,0.016601756445412397,0.02607289758280862,0.0030600541698056626,0
2026-08-07 13:00:00+00:00,4361.312,4368.125,4338.84,4348.308,37735,4332.7137999999995,4310.003999999999,4278.95535,4261.91152,4309.088315116645,4283.649589534737,25.43872558190833,17.58983731892695,7.848888262981379,75.23229078081229,4278.95535,4355.707051266301,4202.203648733699,0.035874036996577256,22.653000000000052,0.854717906464645,0.00984763946255196,0.01928869565135849,0.0034877540781950325,0
2026-08-07 14:00:00+00:00,4348.181,4352.999,4327.413,4341.623,32445,4337.852199999999,4317.6903,4283.681699999999,4265.517699999999,4314.093651252546,4287.943916235868,26.149735016678278,19.301816858477217,6.847918158201061,80.65066180443034,4283.681699999999,4363.743335220276,4203.620064779722,0.037379824565525924,22.817571428571487,0.9661529191422503,0.005952829181004038,0.018022819572496296,0.003595735112886136,1
2026-08-07 15:00:00+00:00,4341.657,4358.476,4339.689,4341.064,19793,4342.712,4323.9227,4288.5562,4268.559160000001,4318.242935675232,4291.878737255433,26.364198419798413,20.714293170741456,5.649905249056957,77.31554516830666,4288.5562,4370.191778622875,4206.920621377125,0.038071357732411236,22.143214285714294,0.8723806838435764,0.005628983741297056,0.014565970355759017,0.003600853318866232,1
2026-08-07 16:00:00+00:00,4341.201,4349.904,4329.077,4329.077,17445,4344.2644,4327.1266,4292.5686000000005,4271.45994,4319.909714802119,4294.634164125401,25.275550676718012,21.62654467193677,3.649006004781242,74.64867304341325,4292.5686000000005,4373.870434379232,4211.266765620769,0.037880272608447944,22.57564285714287,0.7784132744659056,0.001796212495501992,0.007456066248425319,0.003674685285516058,1
2026-08-07 17:00:00+00:00,4329.233,4343.227,4327.786,4340.348,11277,4340.084,4332.1586,4297.56255,4274.14866,4323.054066371024,4298.020374190186,25.033692180838443,22.307974173717106,2.725718007121337,73.94276363261557,4297.56255,4377.650864820092,4217.474235179908,0.03727150629609424,22.478571428571417,0.7567550829552699,-0.004792662654055646,0.011729527173249155,0.0036133732019368145,0
2026-08-07 18:00:00+00:00,4340.315,4343.161,4332.002,4335.629,8057,4337.5482,4335.130999999999,4302.3007,4275.980500000001,4324.988671544713,4300.806198324246,24.182473220466818,22.68287398306705,1.4995992373997673,72.33177667278005,4302.3007,4379.423583266939,4225.17781673306,0.03585192604828362,22.663285714285653,0.6825731338125657,-0.002915846807539868,0.006903078446923505,0.0035579440390301267,0
2026-08-07 19:00:00+00:00,4335.444,4350.356,4335.444,4344.064,12550,4338.0364,4337.9443,4306.8951,4278.20254,4327.92333746091,4304.010479929857,23.912857531053305,22.928870692664304,0.9839868383890007,71.3298678229981,4306.8951,4382.375635358847,4231.4145646411525,0.03505102102851179,22.376071428571258,0.2801606211348389,0.0005622321422198429,0.006518408195126613,0.0035404146294716293,0
2026-08-07 20:00:00+00:00,4344.126,4345.362,4335.914,4342.241,6204,4338.2718,4340.4919,4312.3725,4280.199320000001,4330.126054774617,4306.842370305423,23.28368446919376,22.999833447970197,0.2838510212235619,66.53933686051556,4312.3725,4380.745426425556,4243.999573574445,0.031710120786437306,21.57742857142843,0.0,0.0002711316856880419,0.005901641622835463,0.003554583803772809,0
2026-08-09 22:00:00+00:00,4347.833,4348.751,4332.776,4341.735,6943,4340.8034,4342.5339,4316.613600000001,4282.03234,4331.912046347753,4309.427009542058,22.485036805695017,22.896874119515164,-0.411837313820147,69.8645398735293,4316.613600000001,4380.902803079394,4252.324396920607,0.029786869540231117,21.632857142857056,0.2168862485067748,0.002923948915669383,0.004725413444750082,0.0035570340661983156,0
2026-08-09 23:00:00+00:00,4341.753,4349.192,4331.93,4332.699,5510,4339.2736,4339.6788,4320.7271,4283.47358,4332.0331161404065,4311.15086068709,20.882255453316247,22.493950386275383,-1.6116949329591357,60.864664093164954,4320.7271,4377.243802562898,4264.210397437102,0.026160736956933932,20.878928571428464,0.0,-0.001762301087378293,-0.006546517626827231,0.0018495265036376593,1
2026-08-10 00:00:00+00:00,4332.636,4347.203,4330.647,4332.258,16633,4338.5994,4338.0738,4324.0389000000005,4285.1803199999995,4332.067713657267,4312.714352488047,19.35336116922008,21.865832542864325,-2.512471373644246,57.17840718236421,4324.0389000000005,4374.495983858762,4273.581816141239,0.02333794169093229,20.73207142857135,0.0,-0.0007775111754257935,-0.0036910908794869357,0.0016641375779753494,1
2026-08-10 01:00:00+00:00,4332.312,4340.948,4313.218,4322.595,25072,4334.3056,4336.171,4326.93065,4286.70728,4330.610373094611,4313.446252303746,17.164120790864217,20.925490192464306,-3.7613694016000885,52.37858215288201,4326.93065,4369.018177169777,4284.843122830223,0.01945375628785586,21.800714285714225,0.0,-0.004942146340385367,-0.004382692831689794,0.001731308270979178,1
2026-08-10 02:00:00+00:00,4322.666,4332.503,4318.566,4319.521,14069,4329.7616,4334.0167,4328.9697,4288.09578,4328.904315695439,4313.8962336145805,15.008082080858912,19.742008570143227,-4.733926489284315,49.259143017608835,4328.9697,4364.697823665629,4293.241576334371,0.01650652517416744,21.992999999999938,0.0,-0.005232321282950481,-0.004962608245351996,0.001729552303894055,1
2026-08-10 03:00:00+00:00,4319.742,4330.111,4317.526,4326.441,9025,4326.7028,4333.7531,4330.439850000001,4289.06278,4328.525344049986,4314.825475569056,13.69986848093049,18.53358055230068,-4.83371207137019,30.235859233940133,4330.439850000001,4362.906524206072,4297.973175793929,0.014994631183283483,17.82071428571427,0.0,-0.003522554923319765,-0.0006089057782987517,0.0016427837707851463,1
2026-08-10 04:00:00+00:00,4326.742,4339.574,4322.961,4339.409,8551,4328.044800000001,4333.6592,4332.9089,4289.9555,4330.199752657681,4316.646477378756,13.553275278924957,17.537519497625535,-3.984244218700578,44.94874385550632,4332.9089,4359.395469823271,4306.42233017673,0.01222576815463194,16.91557142857138,0.29183660098570025,0.0015486882425943538,-0.00021634209975796015,0.0017167782315308535,1
2026-08-10 05:00:00+00:00,4339.356,4352.361,4331.48,4347.476,12616,4331.0884,4334.8439,4334.98745,4291.17016,4332.857636864191,4318.93014572107,13.927491143120278,16.815513826724484,-2.8880226836042056,53.270965362304295,4334.98745,4358.956244163786,4311.018655836213,0.011058299217815128,16.579499999999957,0.48927909503109945,0.0035127178482905475,0.002732475495481612,0.001765452810369083,0
2026-08-10 06:00:00+00:00,4347.42,4359.918,4341.812,4358.125,11804,4338.194399999999,4336.25,4337.09715,4292.760899999999,4336.744923500469,4321.83346826025,14.911455240218856,16.43470210942336,-1.5232468692045025,58.56828614188547,4337.09715,4361.428507054383,4312.765792945616,0.01122011161515405,16.530857142857126,0.6379336159475292,0.008219599569240232,0.0032368307649242034,0.0018246588025267443,0
2026-08-10 07:00:00+00:00,4357.919,4362.197,4350.155,4355.59,10770,4345.4082,4337.5849,4339.0383999999995,4294.56182,4339.644166038858,4324.333952092825,15.3102139460334,16.20980447674537,-0.8995905307119685,64.71195356631542,4339.0383999999995,4362.726243174624,4315.350556825375,0.010918475934494845,15.903357142857137,0.7888020166749952,0.008350231426123456,0.0030742190495645083,0.0018327042844510544,0
2026-08-10 08:00:00+00:00,4355.535,4356.578,4343.733,4346.437,8989,4349.407399999999,4338.0551,4340.2945,4296.24312,4340.689217417495,4325.971214900764,14.718002516730849,15.911444084742465,-1.1934415680116164,53.4600916023593,4340.2945,4362.65214662769,4317.93685337231,0.01030236387309201,15.7179285714286,0.5516979740875321,0.004621812709337814,0.0010829771969040891,0.0019850116286060726,0
2026-08-10 09:00:00+00:00,4346.782,4349.998,4340.3,4341.169,8698,4349.7594,4338.9021,4339.2904499999995,4297.72056,4340.763030122495,4327.096976759966,13.666053362529055,15.462365940299785,-1.7963125777707294,53.12860014908846,4339.2904499999995,4359.373567628136,4319.207332371863,0.00925640625330175,15.613571428571438,0.5570822049516054,0.00040558518452638026,0.001954901552127186,0.0018954120692892492,1
2026-08-10 10:00:00+00:00,4341.009,4344.233,4335.481,4335.923,7712,4347.4488,4339.268599999999,4338.6712,4299.3188,4340.018410103649,4327.750756259228,12.267653844421147,14.823423521124058,-2.5557696767029103,45.230758415446914,4338.6712,4358.3431370793805,4318.999262920619,0.009068185245003479,15.173571428571515,0.37838502164235555,-0.0026574039741680267,0.0008459791637525083,0.0019464107344406617,1
2026-08-10 11:00:00+00:00,4335.978,4339.454,4328.793,4335.22,8377,4342.8678,4340.531099999999,4338.35105,4300.7711,4339.280193164626,4328.304033573359,10.976159591266878,14.053970735152623,-3.0778111438857447,45.83219556209874,4338.35105,4358.029127585352,4318.672972414648,0.009071685236422803,15.260214285714353,0.39356183643768516,-0.005255700559300136,0.002920699255886783,0.0017752376751215334,1
2026-08-10 12:00:00+00:00,4334.944,4337.68,4324.179,4332.605,11591,4338.2708,4341.8395,4337.9281,4301.86018,4338.253240370069,4328.622623679036,9.630616691032628,13.169299926328625,-3.5386832352959967,44.71264101554354,4337.9281,4357.723932957373,4318.132267042627,0.009126860796689102,15.083500000000056,0.41990782488278494,-0.0052771266349680435,0.003029039562488567,0.0017687689692934135,1
2026-08-10 13:00:00+00:00,4332.54,4340.046,4316.572,4318.211,21415,4332.6256,4341.0165,4337.3848,4302.764819999999,4335.169818774673,4327.851392295404,7.318426479268965,11.999125236916694,-4.680698757647729,42.09998255103854,4337.3848,4358.738585934077,4316.031014065923,0.009846387590087359,15.527214285714374,0.34412608350252766,-0.006494054785563308,-0.0019022563811685878,0.0020329468742610658,1
2026-08-10 14:00:00+00:00,4318.116,4352.161,4317.992,4345.378,18418,4333.4673999999995,4341.6134,4337.6363,4304.25336,4336.740308193955,4329.149659532782,7.590648661172963,11.117429921767949,-3.5267812605949853,55.53951123946561,4337.6363,4359.253887733199,4316.018712266801,0.009967450582797311,16.785285714285756,0.7339477541019,0.0009695545140029349,0.001375532935475876,0.0027476972255104223,1
2026-08-10 15:00:00+00:00,4345.736,4359.69,4343.128,4358.285,13861,4337.9398,4342.6943,4338.7690999999995,4306.15564,4340.054876164115,4331.307832900724,8.747043263390879,10.643352590092535,-1.8963093267016564,64.66720365591026,4338.7690999999995,4362.238880407384,4315.299319592615,0.010818635362451007,15.98757142857143,0.9987020017385494,0.005157379409182372,0.0024862701944761145,0.0028456334153357347,1
2026-08-10 16:00:00+00:00,4358.344,4364.931,4349.068,4356.714,12917,4342.2386,4342.5532,4339.4016,4308.28348,4342.617818292712,4333.189771204375,9.428047088337735,10.400291489741576,-0.9722444014038416,65.4760616828809,4339.4016,4364.120770735372,4314.682429264628,0.011392893773819987,16.125142857142823,0.9999999999971623,0.00495799521131568,-0.00032376308618964345,0.0027413554226793954,1
2026-08-10 17:00:00+00:00,4356.772,4365.673,4351.556,4360.342,7985,4347.786,4343.0284,4340.3066499999995,4310.15064,4345.34461547845,4335.201047411458,10.143568066991975,10.348946805191657,-0.20537873819968233,64.50359798410216,4340.3066499999995,4366.7302578994395,4313.88304210056,0.012175917523910418,16.234571428571403,0.9583991954600329,0.006401922169226193,0.0010910117802638286,0.0027461564073291292,1
2026-08-10 18:00:00+00:00,4360.112,4383.231,4359.791,4378.502,10688,4359.8442000000005,4346.2349,4342.1449999999995,4312.26384,4350.445751558688,4338.408525380979,12.037226177709272,10.68660267969518,1.350623498014091,66.01345206983308,4342.1449999999995,4373.6200944882485,4310.669905511751,0.01449748660546755,16.722214285714276,0.9999999999958183,0.013962031961847199,0.007377306975805853,0.0028957117369742052,1
2026-08-10 19:00:00+00:00,4378.54,4395.356,4378.54,4388.437,10526,4368.456,4350.9617,4344.9319,4315.355299999999,4356.290559011198,4342.114338315721,14.176220695476331,11.384526282851413,2.791694412624919,66.52572802607918,4344.9319,4382.219187484465,4307.644612515534,0.01716357740127766,16.434571428571353,0.999999999995906,0.009909149445686882,0.010888311420264918,0.0028438753244345843,1
2026-08-10 20:00:00+00:00,4388.341,4392.269,4385.615,4389.196,4425,4374.638199999999,4356.289,4347.7788,4318.308419999999,4361.3529345479365,4345.601868810853,15.751065737083081,12.257834173697749,3.493231563385333,63.62273217527035,4347.7788,4389.430765526775,4306.126834473225,0.01916011252770026,15.616571428571401,0.8811501637129824,0.007092468711890065,0.012286426673167483,0.0027520465178129307,1
2026-08-10 22:00:00+00:00,4391.184,4400.835,4388.664,4399.821,3892,4383.259599999999,4362.7491,4351.6401,4321.36292,4367.271098463639,4349.61810075079,17.652997712848446,13.33686688152789,4.316130831320557,68.10801516404516,4351.6401,4397.56150573622,4305.718694263779,0.021105332555521102,15.62578571428568,0.9999999999961551,0.009894383702946818,0.014901435221280401,0.002728466292727169,1
2026-08-10 23:00:00+00:00,4399.88,4402.628,4394.532,4402.303,4850,4391.6518,4369.7189,4355.7792,4324.5375,4372.660621776925,4353.520685880361,19.139935896563657,14.497480684535041,4.642455212028615,74.19279404122658,4355.7792,4404.35715368088,4307.2012463191195,0.022305057924368828,15.286571428571344,0.9999999999968839,0.009623327711450136,0.016086857675694066,0.0026532002233392747,1
2026-08-11 00:00:00+00:00,4402.251,4419.422,4396.497,4409.506,12103,4397.8526,4378.848400000001,4359.932449999999,4327.75104,4378.329141503552,4357.66774618552,20.66139531803219,15.730263611234472,4.93113170679772,79.10558371310563,4359.932449999999,4412.025449571921,4307.839450428078,0.023896241590587772,16.231357142857046,0.9999999999972976,0.007080960565965189,0.021141857125555052,0.0020184209588949955,0
2026-08-11 01:00:00+00:00,4409.564,4434.212,4393.524,4429.865,22204,4406.138199999999,4387.2971,4364.45525,4331.53896,4386.25773511839,4363.015690912518,23.242044205871935,17.232619730161968,6.009424475709967,85.44767108401032,4364.45525,4424.191896644732,4304.718603355268,0.027374159304179826,18.512499999999882,0.9999999999976931,0.009440263127851622,0.01944295755167902,0.0016713944449171089,0
2026-08-11 02:00:00+00:00,4429.791,4435.303,4407.883,4410.789,16331,4410.4568,4392.5475,4367.6209,4334.93742,4390.031775869407,4366.554454548627,23.477321320779993,18.481560048285573,4.99576127249442,75.04258322784175,4367.6209,4430.211150937089,4305.030649062911,0.028661027305318082,19.709571428571312,0.7599621062071141,0.0049195798045928996,0.012046940482322688,0.0025306421196835205,0
2026-08-11 03:00:00+00:00,4411.0,4421.642,4409.474,4416.974,9394,4413.8874000000005,4398.5735,4370.56335,4338.23338,4394.17673342796,4370.289235693173,23.887497734786848,19.56274758558583,4.324750149201019,77.31254572647671,4370.56335,4436.7062714997755,4304.420428500225,0.030267458083990558,19.61435714285699,0.812328508556414,0.0038985676917311363,0.013831525319311755,0.0024704617615488216,0
2026-08-11 04:00:00+00:00,4416.98,4420.281,4403.204,4409.047,10220,4415.2362,4403.4439999999995,4373.2362,4341.76046,4396.4644667467355,4373.160181197382,23.304285549353153,20.311055178339295,2.9932303710138584,80.69115580062679,4373.2362,4441.128710045225,4305.343689954776,0.031049093595824664,19.157428571428422,0.8409626233044483,0.001531925449020699,0.011169995381096198,0.0026667391349949458,0
2026-08-11 05:00:00+00:00,4408.718,4409.084,4367.277,4375.284,21425,4408.391799999999,4403.1222,4374.67855,4344.12788,4393.205933401084,4373.317501108687,19.88843229239683,20.226530601150802,-0.33809830875397395,59.673308319316796,4374.67855,4441.38924552832,4307.967854471679,0.030498558815628036,19.702999999999843,0.0,-0.007760960071264367,-0.0007349545575178196,0.003615949187915849,1
2026-08-11 06:00:00+00:00,4375.221,4382.426,4359.601,4366.21,18717,4395.6608,4400.8994999999995,4375.930600000001,4346.443499999999,4389.052712877839,4372.79101954508,16.261693332759023,19.433563147472448,-3.1718698147134248,52.62857635641179,4375.930600000001,4440.910725024168,4310.9504749758335,0.029698882804113542,20.150357142857047,0.0,-0.014369512389203698,-0.005064901239325015,0.0035645617558823606,1
2026-08-11 07:00:00+00:00,4366.151,4367.853,4356.661,4357.886,11861,4385.0802,4397.7685,4377.0287499999995,4348.28078,4384.257833973556,4371.686944023222,12.570889950334276,18.061028508044814,-5.490138557710537,50.372063492063646,4377.0287499999995,4439.869165995293,4314.188334004706,0.02871373234424991,19.816714285714234,0.0,-0.011993999259542809,-0.007133424891483386,0.0035814302836396908,1
2026-08-11 08:00:00+00:00,4357.82,4376.801,4356.953,4369.14,9983,4375.5134,4394.7004,4378.724749999999,4350.36838,4381.93201336224,4371.498281502983,10.433731859256113,16.535569178287073,-6.10183731903096,52.66402625873595,4378.724749999999,4438.573845181467,4318.875654818532,0.027336313012809234,20.226071428571363,0.06534349435452128,-0.010829586046918083,-0.006973238229464274,0.0035974671785718357,1
2026-08-11 09:00:00+00:00,4369.193,4375.616,4367.503,4372.581,9230,4368.220200000001,4391.7282,4380.72355,4352.2452,4380.493395921894,4371.578482873133,8.914913048761264,15.011437952381911,-6.096524903620647,48.03167405772327,4380.72355,4436.627419966578,4324.819680033422,0.025522665070512377,19.131285714285696,0.0,-0.008270721541412285,-0.006751466221202818,0.0036068298618764896,1
2026-08-11 10:00:00+00:00,4372.301,4382.731,4370.992,4382.452,8099,4369.6538,4389.0228,4383.9356,4353.95348,4380.7947196262185,4372.383928586234,8.41079103998436,13.6913085699024,-5.28051752991804,48.00955149225448,4383.9356,4431.472236385975,4336.398963614025,0.021686740282395946,18.765928571428567,0.0,0.001638293651337941,-0.006135381151539443,0.0036560098929329385,1
2026-08-11 11:00:00+00:00,4382.308,4393.016,4380.279,4387.846,13731,4373.981000000001,4384.820900000001,4386.059,4355.90984,4381.879531991416,4373.5292672094765,8.350264781939586,12.623099812309837,-4.272835030370251,49.56445430964383,4386.059,4430.001910820237,4342.116089179764,0.0200375374887737,19.20042857142848,0.04153260992647707,0.004955327389200237,-0.009485390638315216,0.0032527368952563274,0
2026-08-11 12:00:00+00:00,4387.594,4400.107,4383.748,4392.604,15114,4380.9246,4383.0024,4387.77495,4357.64382,4383.529450146583,4374.942210379145,8.587239767438405,11.815927803335551,-3.2286880358971466,47.5799907451497,4387.77495,4429.7892444719555,4345.7606555280445,0.019150615038702253,19.49957142857134,0.0,0.007966706793156142,-0.004122845141764753,0.0030762151491937673,0
2026-08-11 13:00:00+00:00,4392.612,4404.283,4384.447,4389.475,20938,4384.991599999999,4380.2525000000005,4389.413,4359.1147,4384.444150124033,4376.0187133140225,8.42543681001007,11.137829604670456,-2.7123927946603867,45.71709023891895,4389.413,4428.800809666219,4350.02519033378,0.017946732133075315,20.33814285714282,0.0,0.004654234014016545,-0.00622575546063886,0.0030098558699087406,0
2026-08-11 14:00:00+00:00,4389.533,4398.184,4381.082,4394.039,16828,4389.2832,4378.7517,4391.09785,4360.66018,4385.920280874181,4377.353549364835,8.566731509346027,10.62360998560557,-2.056878476259543,44.74337101258143,4391.09785,4428.05771531214,4354.13798468786,0.0168339975899832,19.92221428571429,0.0,0.004907399085345654,-0.0034039101873941657,0.0030204120576714155,0
2026-08-11 15:00:00+00:00,4393.957,4398.991,4368.969,4383.683,16533,4389.5294,4379.591600000001,4391.3569,4361.907539999999,4385.576083816615,4377.822397560032,7.753686256583023,10.049625239801061,-2.295938983218038,33.159514571603566,4391.3569,4428.016451017249,4354.697348982751,0.016696229366940873,19.160357142857134,0.0,0.00028089297954658754,0.0019196468160695979,0.0018190820481892832,0
2026-08-11 16:00:00+00:00,4383.801,4385.782,4378.302,4383.562,8150,4388.6726,4381.326800000001,4391.11315,4362.3537799999995,4385.2662247679045,4378.247553296326,7.018671471578273,9.443434486156503,-2.4247630145782306,38.478855121402134,4391.11315,4427.9189822108565,4354.307317789144,0.016763782190789753,17.73607142857145,0.11191156905685265,-0.0009763332623796694,0.003974156075864377,0.001642198415514496,0
2026-08-11 17:00:00+00:00,4383.284,4385.8,4368.783,4369.236,9012,4383.999,4382.461799999999,4390.11515,4362.7723399999995,4382.800036342073,4377.580030829931,5.220005512142052,8.598748691353613,-3.378743179211561,31.101645262940906,4390.11515,4428.200077949838,4352.030222050162,0.0173503093420399,18.082428571428604,0.0,-0.005319851277283405,0.00260447382056328,0.0018919597667566971,1
2026-08-11 18:00:00+00:00,4369.325,4372.802,4360.145,4371.561,9131,4380.4162,4382.7038999999995,4388.70215,4363.3711,4381.070953827908,4377.134176694381,3.9367771335273574,7.666354379788362,-3.7295772462610044,34.47141673570816,4388.70215,4427.363472515257,4350.040827484743,0.017618567491647558,17.766714285714247,0.11794103360754431,-0.004081125874962455,0.0005541136241913325,0.0017153789755755644,1
2026-08-11 19:00:00+00:00,4371.688,4374.36,4361.182,4370.756,8370,4375.7596,4382.5214,4387.1248,4363.96494,4379.484037854384,4376.661719161464,2.8223186929199073,6.697547242414671,-3.8752285494947634,47.41970777962693,4387.1248,4426.023143482892,4348.226456517107,0.017732955070205624,15.721785714285684,0.756783887632474,-0.005298769537548376,-0.00041737362898475183,0.0016968003640609516,1
2026-08-11 20:00:00+00:00,4370.812,4371.236,4367.061,4368.069,3593,4372.6368,4381.083100000001,4385.05295,4364.74478,4377.727878184479,4376.0252214458005,1.7026567386783427,5.698569141667405,-3.9959124029890623,51.14252350808212,4385.05295,4423.341300568281,4346.764599431719,0.017463118920049165,14.389642857142787,0.929437164149753,-0.0035618451425433184,-0.0032819526602915206,0.0014957935901293272,1
2026-08-11 22:00:00+00:00,4372.543,4378.325,4367.223,4369.107,4620,4369.745800000001,4379.209199999999,4382.01505,4365.31996,4376.401589233021,4375.512760597963,0.8888286350575072,4.736621040345425,-3.847792405287918,57.57469386652979,4382.01505,4414.540558262996,4349.489541737004,0.014845000709431873,14.383214285714205,0.9999999999962227,-0.0032975466070743753,-0.00427066036501722,0.0014114068078424575,1
2026-08-11 23:00:00+00:00,4369.173,4374.411,4362.423,4371.409,6180,4370.1804,4377.0896999999995,4380.04605,4366.03556,4375.633498581787,4375.208778331447,0.4247202503393055,3.874240882344201,-3.4495206320048957,51.74224856796183,4380.04605,4409.895056489295,4350.197043510705,0.013629540031568792,13.821785714285657,0.7796836554043406,0.0004973409538875373,-0.004825156103304695,0.0013549595060109157,1
2026-08-12 00:00:00+00:00,4371.513,4383.775,4366.396,4380.366,11094,4371.9414,4376.1788,4378.21565,4366.7616,4376.36157572305,4375.59079475134,0.7707809717103373,3.2535489002174285,-2.482767928507091,55.51088018348369,4378.21565,4402.501217464048,4353.930082535952,0.01109381967699455,14.483642857142772,0.9220409513825878,0.0020141546692360457,-0.002075191224463202,0.0015676490967548157,1
2026-08-12 01:00:00+00:00,4380.486,4397.41,4378.321,4396.21,11706,4377.0322,4376.3959,4377.5738,4367.84098,4379.415179457965,4377.118143288278,2.2970361696870896,3.062246354111361,-0.7652101844242716,58.97971438268555,4377.5738,4398.930331352218,4356.2172686477825,0.009757245601304377,15.0086428571428,0.999999999996413,0.005823706470917012,0.0004940784549249955,0.0019584683547203916,1
2026-08-12 02:00:00+00:00,4396.267,4414.519,4394.142,4411.447,10562,4385.707799999999,4379.1723,4379.38195,4369.23522,4384.343151849047,4379.66102156322,4.682130285827043,3.3862231404544985,1.2959071453725444,63.65024465291728,4379.38195,4405.512167091332,4353.251732908668,0.011933289852159286,15.554357142857173,0.9999999999969276,0.00993070393347728,0.006333487161366502,0.0020273865047615086,0
2026-08-12 03:00:00+00:00,4411.227,4416.374,4400.621,4402.182,7972,4392.3228,4381.0343,4381.180549999999,4370.624879999999,4387.087590026117,4381.329242188167,5.7583478379501685,3.860648079953633,1.8976997579965356,55.26518316548644,4381.180549999999,4408.421722163085,4353.939377836913,0.012435539623257962,15.51107142857141,0.7423833392324914,0.007570196838850629,0.004247687154875335,0.0022009803904768682,0
2026-08-12 04:00:00+00:00,4402.455,4403.458,4395.243,4400.918,5391,4398.2246,4384.2025,4383.33215,4371.99808,4389.215345406714,4382.780261285339,6.43508412137453,4.3755352882378125,2.0595488331367173,56.422085283586156,4383.33215,4409.606933430381,4357.057366569619,0.011988497577296723,14.68099999999991,0.7779271764414265,0.006750455059227001,0.0072511532908727805,0.001812653772896863,1
2026-08-12 05:00:00+00:00,4400.794,4404.984,4384.075,4391.407,10433,4400.4328000000005,4386.1871,4384.4455,4373.37432,4389.55252303645,4383.419278967906,6.133244068543718,4.727077044298993,1.4061670242447244,48.600565728748144,4384.4455,4410.067140840419,4358.823859159581,0.011687517083024013,14.952928571428531,0.5376243768923101,0.0025205656331002135,0.004539797111375199,0.0020312707550868476,1
2026-08-12 06:00:00+00:00,4391.071,4406.362,4385.034,4403.238,9927,4401.8384,4389.4353,4385.978349999999,4375.0486599999995,4391.657981030842,4384.887332377691,6.770648653151511,5.135791366069498,1.6348572870820135,60.23682640059494,4385.978349999999,4412.270731888405,4359.685968111594,0.01198928940832804,14.331928571428566,0.8951285672383481,0.0015986497460311888,0.007431666283819194,0.002132077703618129,1
2026-08-12 07:00:00+00:00,4403.337,4410.172,4398.024,4406.223,7658,4400.7936,4393.2507,4387.1669,4376.6443,4393.898753179943,4386.467752201565,7.431000978377597,5.594833288531118,1.8361676898464792,61.51742785407177,4387.1669,4414.897871010907,4359.435928989094,0.012641858239268998,14.665357142857049,0.9344728547798656,-0.0011841919442758808,0.008734752129602175,0.002079157944473605,1
2026-08-12 08:00:00+00:00,4406.077,4410.591,4401.641,4401.818,6633,4400.7208,4396.5218,4387.8655,4377.89248,4395.117098844567,4387.6048075940425,7.512291250524868,5.978324880929868,1.5339663695949994,68.41706611196581,4387.8655,4416.361907134331,4359.369092865669,0.012988733193545288,14.089142857142829,0.999999999997054,-8.268626785523647e-05,0.007486884619671841,0.002156486614949222,1
2026-08-12 09:00:00+00:00,4401.609,4424.297,4401.609,4415.964,10817,4403.7300000000005,4400.9773000000005,4389.0335000000005,4379.26224,4398.324314406942,4389.705488513003,8.618825893939174,6.50642508353173,2.1124008104074443,72.14017172432415,4389.0335000000005,4420.142823811142,4357.924176188859,0.014175933636023338,14.805642857142825,0.9999999999959548,0.003418832161835361,0.010192365893925803,0.00228913437345404,1
2026-08-12 10:00:00+00:00,4415.745,4420.866,4406.917,4412.663,8454,4407.9812,4404.207,4390.1929,4380.353,4400.530266036643,4391.406044919448,9.124221117195702,7.029984290264525,2.0942368269311773,70.38813696204234,4390.1929,4423.050733524811,4357.335066475189,0.01496874250095535,14.860714285714234,0.9255707694213897,0.004840362098069928,0.007373128181526356,0.0023196596083558583,1
2026-08-12 11:00:00+00:00,4412.724,4416.926,4407.736,4412.711,7044,4409.8758,4405.857099999999,4391.1265,4381.49542,4402.404225107929,4392.984189740229,9.420035367699711,7.5079945057515625,1.9120408619481486,72.29112988595273,4391.1265,4425.471857387739,4356.781142612262,0.01564307354285451,15.218928571428544,0.9999999999957789,0.002151371331733598,0.003753460366997974,0.0020912954767636116,0
2026-08-12 12:00:00+00:00,4412.59,4438.729,4381.922,4437.36,30871,4416.1032,4408.448399999999,4393.810350000001,4383.31388,4407.782036629786,4396.271286796508,11.51074983327726,8.308545571256703,3.2022042620205564,77.5780839629883,4393.810350000001,4433.655277803683,4353.965422196318,0.01813684461992419,18.48357142857146,0.9999999999965491,0.007066596493186861,0.005874036342270461,0.002505654918473062,0
2026-08-12 13:00:00+00:00,4437.513,4441.41,4408.409,4427.644,34071,4421.268399999999,4410.9946,4396.014450000001,4385.04338,4410.8377233021265,4398.595191478248,12.24253182387838,9.095342821781038,3.147189002097342,71.43772062916031,4396.014450000001,4438.276073375008,4353.752826624993,0.01922724497641618,19.984500000000025,0.7880990606486349,0.00586712126671296,0.0057839498684970625,0.0025164475222623395,0
2026-08-12 14:00:00+00:00,4427.698,4439.846,4416.504,4421.928,23762,4422.4612,4413.0956,4398.64905,4386.76348,4412.543919717184,4400.323547665044,12.220372052139282,9.720348667852688,2.500023384286594,66.24556356415829,4398.64905,4440.448866657571,4356.849233342429,0.019005752076342974,20.41042857142858,0.6089202564800642,0.0013505544882159715,0.004774003969171936,0.002574229769719898,0
2026-08-12 15:00:00+00:00,4421.86,4430.16,4410.852,4420.828,16952,4424.0942000000005,4416.0377,4401.1124,4388.475640000001,4413.818393606848,4401.842395986152,11.975997620696035,10.171478458421358,1.8045191622746763,60.87617297259114,4401.1124,4441.987302094149,4360.237497905851,0.018574804903482418,20.42607142857144,0.42362520988065994,0.00185035657606325,0.006699675069971933,0.002422857587044269,0
2026-08-12 16:00:00+00:00,4420.887,4426.623,4396.475,4401.553,13963,4421.8626,4415.869199999999,4402.65225,4389.854600000001,4411.931409975025,4401.820959246437,10.110450728588148,10.159272912454718,-0.048822183866569446,45.77944237791341,4402.65225,4440.951237337661,4364.353262662339,0.017398143284044723,21.123999999999928,0.0,-0.0025286042979022483,-0.00038267293296445626,0.0027702513132186555,1
2026-08-12 17:00:00+00:00,4401.496,4411.541,4398.812,4399.593,11807,4414.309200000001,4415.2062,4404.2284500000005,4391.48224,4410.03319305579,4401.655925228182,8.377267827608193,9.802871895485413,-1.4256040678772202,48.82218603000721,4404.2284500000005,4438.9636247970975,4369.4932752029035,0.01577355724910091,20.907999999999966,0.09568785018515949,-0.008511141759965368,-0.0015046900712923916,0.002760896982311639,1
2026-08-12 18:00:00+00:00,4399.487,4417.952,4396.174,4413.139,7622,4411.4082,4416.3383,4406.43005,4392.83746,4410.511009508746,4402.506523359428,8.004486149317927,9.443194746251917,-1.4387085969339903,55.00085932448932,4406.43005,4437.140821464979,4375.719278535021,0.013939071364575135,21.876785714285752,0.2899940527923401,-0.003276008640261119,0.002571891886488764,0.002917762661282143,1
2026-08-12 19:00:00+00:00,4413.192,4418.44,4408.19,4413.693,7145,4409.7612,4416.1112,4408.54425,4393.9456199999995,4411.0005465074,4403.335151258729,7.665395248671302,9.087634846735794,-1.4222395980644915,59.84085770806842,4408.54425,4434.567920260487,4382.520579739513,0.011806015221685505,21.11542857142857,0.44220176174792003,-0.0018623098340813105,-0.0005142704967703304,0.0027277327925974222,0
2026-08-12 20:00:00+00:00,4413.759,4414.298,4406.438,4408.765,4203,4407.3486,4415.7214,4409.9642,4394.98664,4410.6566162754925,4403.737362276601,6.919253998891691,8.653958677166974,-1.7347046782752837,52.5990087370332,4409.9642,4432.3604356476335,4387.567964352367,0.010157105423954755,20.153428571428517,0.2144609335229967,-0.0027286743569304717,-0.000883366801407548,0.0027407110607361096,0
2026-08-12 22:00:00+00:00,4408.46,4410.068,4398.182,4402.356,3811,4407.5092,4414.6858999999995,4410.2715,4395.8269199999995,4409.379598386955,4403.6350391450005,5.744559241954448,8.072078790124468,-2.32751954817002,48.23831694805601,4410.2715,4432.032774328617,4388.510225671383,0.009868451104934116,20.134714285714317,0.07732640287656094,0.000182435608522713,-0.002346629996843319,0.00277394872408371,0
2026-08-12 23:00:00+00:00,4402.26,4414.627,4401.597,4414.301,3614,4410.4508000000005,4412.38,4410.414200000001,4396.5429,4410.1367370966545,4404.425110319445,5.711626777209858,7.599988387541546,-1.888361610331688,55.32128942051103,4410.414200000001,4432.245249067666,4388.583150932336,0.009899772709631187,20.42614285714288,0.3000709013634784,0.0033430365036040133,-0.005196558313952271,0.002192358973043379,0
2026-08-13 00:00:00+00:00,4414.366,4449.82,4412.843,4427.589,17996,4413.3408,4412.3745,4411.68455,4397.325940000001,4412.821700620247,4406.140953999486,6.680746620761056,7.416140034185449,-0.7353934134243927,54.99205565336877,4411.68455,4434.436085272082,4388.933014727918,0.010314216718909352,21.446785714285788,0.28971719596193224,0.0032743133628920784,-1.242195623685216e-05,0.00236209976507822,0
2026-08-13 01:00:00+00:00,4427.701,4435.551,4406.116,4408.511,23274,4412.3044,4411.0328,4412.0642,4397.712240000001,4412.15851590944,4406.316512962487,5.842002946953471,7.101312616739054,-1.2593096697855826,48.42979457235383,4412.0642,4434.306993440263,4389.821406559737,0.01008271522443535,22.5529285714287,0.08334796904267944,-0.00117407350262011,-0.003034196848071602,0.002712367432698081,0
2026-08-13 02:00:00+00:00,4408.478,4413.939,4398.919,4406.892,14746,4411.9298,4409.6392,4412.83845,4397.853660000001,4411.348282692603,4406.359141631932,4.98914106067059,6.6788783055253615,-1.6897372448547712,47.8252094810251,4412.83845,4433.037805460661,4392.63909453934,0.009154813025462387,22.969357142857266,0.0643350470689748,-0.0004248355265024095,-0.003152350645625801,0.0027123749846177316,0
2026-08-13 03:00:00+00:00,4406.836,4412.178,4398.539,4400.254,8978,4411.5094,4409.5093,4412.68925,4397.81268,4409.641469970664,4405.906908918456,3.734561052207937,6.090014854861876,-2.3554538026539396,33.974536157274855,4412.68925,4433.228408203804,4392.150091796197,0.009309134199197783,19.885928571428654,0.0,-0.00047747160838418345,-0.0002951231076849803,0.002367374654447664,0
2026-08-13 04:00:00+00:00,4400.165,4400.472,4391.496,4397.635,8801,4408.1762,4409.3135,4412.25985,4397.5752600000005,4407.794320744408,4405.2941749244965,2.5001458199112676,5.372041047871755,-2.8718952279604872,36.193236714975974,4412.25985,4433.707221133101,4390.8124788669,0.009721717152764792,18.169857142857186,0.06875208928802165,-0.003775456182077308,-0.00044504116630783574,0.0023707896070246557,0
2026-08-13 05:00:00+00:00,4397.846,4407.393,4380.619,4382.796,15910,4399.2176,4406.2792,4411.30875,4396.633879999999,4403.9484252452685,4403.627643448608,0.3207817966604125,4.361789197629487,-4.041007400969074,33.39021036010824,4411.30875,4436.127866620587,4386.489633379413,0.011252495813441763,18.415000000000095,0.0,-0.010116792683331655,-0.006875604869912233,0.0023042411504299674,1
2026-08-13 06:00:00+00:00,4382.839,4385.567,4368.864,4380.75,15086,4393.6654,4402.9849,4409.54805,4396.0331,4400.379436745996,4401.933003193156,-1.5535664471599375,3.1787180686716017,-4.732284515831539,33.12419995957694,4409.54805,4437.743272330914,4381.352827669087,0.012788259482018147,18.228928571428696,0.0,-0.00629713751423111,-0.0074638177145534,0.00228858417990994,1
2026-08-13 07:00:00+00:00,4380.68,4381.808,4369.155,4370.053,11535,4386.2976,4399.1137,4407.41755,4395.09468,4395.713831092766,4399.571521475144,-3.857690382378678,1.7714363784615457,-5.629126760840224,35.70339306138024,4407.41755,4440.617060544512,4374.218039455488,0.015065289443480172,16.97928571428591,0.09653876342145662,-0.008359406130216018,-0.008780690284013848,0.002349940725424203,1
2026-08-13 08:00:00+00:00,4370.053,4379.392,4364.006,4375.757,10146,4381.3982000000005,4396.4538,4405.56985,4394.4288799999995,4392.643549386186,4397.8074828473555,-5.163933461169108,0.3843624105354145,-5.548295871704523,39.53735405144409,4405.56985,4441.527648464539,4369.6120515354605,0.016323789969889747,17.169071428571574,0.24004327757671168,-0.005567178621961433,-0.0060419920606148425,0.002435384459805427,0
2026-08-13 09:00:00+00:00,4375.699,4384.929,4372.333,4384.398,7770,4378.7508,4393.4635,4402.9217499999995,4394.6111599999995,4391.375003326773,4396.814187821626,-5.43918449485227,-0.7803469705421228,-4.658837524310147,36.816659786248465,4402.9217499999995,4436.760253319146,4369.083246680853,0.015370931050112889,16.513214285714444,0.13820814944063103,-0.0030100269804110846,-0.006774118937517004,0.0023326630366447753,0
2026-08-13 10:00:00+00:00,4384.458,4393.712,4381.565,4392.207,6313,4380.633,4389.925300000001,4401.149899999999,4395.1311000000005,4391.503002814963,4396.472914649654,-4.96991183469072,-1.6182599433718425,-3.3516518913188773,40.75950455874778,4401.149899999999,4433.201790926171,4369.098009073828,0.01456523483836433,16.648714285714505,0.3439777369269176,0.0021472594206985995,-0.00799125664102962,0.0021413216045977246,0
2026-08-13 11:00:00+00:00,4392.148,4396.722,4382.724,4387.548,7843,4381.9926,4387.829,4399.4309,4395.72434,4390.89454084343,4395.811809860791,-4.917269017360923,-2.278061758169659,-2.6392072591912634,40.85403177832754,4399.4309,4430.462193731978,4368.399606268023,0.014106958121323242,17.08714285714307,0.3482362781084404,0.0015517890772127618,-0.004755120266230595,0.0017628137091516892,0
2026-08-13 12:00:00+00:00,4387.612,4402.061,4380.614,4402.061,15038,4388.3942,4387.3459,4398.49255,4396.38276,4392.612457636749,4396.274712834066,-3.662255197316881,-2.554900445999104,-1.1073547513177773,49.88113944961519,4398.49255,4427.891591083115,4369.093508916885,0.013367780324245293,17.77007142857162,0.7549160676878041,0.007324396294507096,-0.0010962374389933416,0.0021321808352474624,0
2026-08-13 13:00:00+00:00,4401.954,4402.203,4370.748,4372.943,27494,4387.831400000001,4384.6148,4397.06205,4396.39,4389.586387231096,4394.54643780932,-4.960050578224582,-3.0359304724442,-1.924120105780382,35.36186539060503,4397.06205,4428.5444719120605,4365.57962808794,0.01431975330530534,19.086142857143063,0.10232669642378883,-0.0006430887272760311,-0.006206687159422963,0.0029569321633270674,0
2026-08-13 14:00:00+00:00,4373.076,4387.233,4357.246,4383.836,27168,4387.719,4383.2349,4396.2742,4396.41768,4388.701712272466,4393.753072045667,-5.051359773201511,-3.4390163325956626,-1.6123434406058488,34.24711787028451,4396.2742,4428.27432257586,4364.274077424139,0.014557837441468317,18.58685714285736,0.06701211228747515,-0.0001281817937148766,-0.003137822943468427,0.0031163870719475126,0
2026-08-13 15:00:00+00:00,4383.888,4385.707,4357.424,4365.265,18772,4382.330599999999,4381.4818,4393.8805,4395.966060000001,4385.096064230547,4391.642844486729,-6.5467802561815915,-4.060569117312849,-2.4862111388687422,34.37260598702001,4393.8805,4427.680500856226,4360.080499143774,0.015385034188447218,18.504571428571644,0.07450083758897479,-0.006134046050197517,-0.003999958017667282,0.003220734223394801,0
2026-08-13 16:00:00+00:00,4365.052,4368.439,4351.138,4367.158,13804,4378.2526,4380.1226,4391.55375,4395.4571399999995,4382.336362041232,4389.829152302526,-7.492790261294431,-4.747013346109166,-2.7457769151852647,35.670080784766526,4391.55375,4426.011571092752,4357.095928907248,0.015692769827877914,18.667500000000214,0.15192994082767203,-0.0046472426056648475,-0.0031026650687666635,0.00323110666760275,0
2026-08-13 17:00:00+00:00,4367.105,4373.355,4355.602,4356.048,9483,4369.05,4378.7221,4388.9179,4394.7886,4378.291998650273,4387.326844724562,-9.034846074288907,-5.604579891745115,-3.430266182543792,34.55545307172012,4388.9179,4425.81134219502,4352.024457804981,0.016812090376545807,18.961357142857327,0.08541256074747416,-0.010452603905307112,-0.0032047666241119543,0.003238763117442487,1
2026-08-13 18:00:00+00:00,4356.102,4363.768,4354.586,4357.072,7880,4365.8758,4376.8536,4386.653700000001,4394.04926,4375.027383473308,4385.085745115335,-10.058361642027194,-6.495336241801533,-3.563025400225661,35.66850625719891,4386.653700000001,4425.57709480012,4347.7303051998815,0.017746281088985544,18.976071428571622,0.15183597811040261,-0.0036293635659097045,-0.004270118290389369,0.0031966396063023727,0
2026-08-13 19:00:00+00:00,4357.141,4358.973,4343.56,4349.903,9470,4359.0892,4373.4041,4383.4338,4393.37366,4371.162093708183,4382.479615847533,-11.317522139349421,-7.459773421311112,-3.8577487180383088,37.71246273730466,4383.4338,4423.368697761073,4343.498902238926,0.01822082850256502,18.164571428571566,0.2738126959536969,-0.007740481167634927,-0.007867670772589541,0.0030983756752980107,0
2026-08-13 20:00:00+00:00,4349.958,4352.376,4346.776,4350.637,4312,4356.1636,4369.2471,4379.5862,4392.71516,4368.004386983847,4380.120903562531,-12.116516578683331,-8.391122052785557,-3.7253945258977748,38.639604632738475,4379.5862,4416.307480705627,4342.864919294372,0.016769292361743026,17.371500000000133,0.28095693357830953,-0.0033509993093203683,-0.009464490175440377,0.0029900475321888555,0
2026-08-13 22:00:00+00:00,4353.626,4362.859,4351.878,4354.692,5121,4353.6704,4365.9615,4376.89525,4392.42428,4365.9563274478705,4378.237281076417,-12.28095362854674,-9.169088367937794,-3.111865260608946,43.89918422787615,4376.89525,4412.564496874123,4341.226003125877,0.01629888075302831,17.340714285714448,0.617375785785702,-0.0028544879759331288,-0.007488465083458906,0.0030474419594472787,0
2026-08-13 23:00:00+00:00,4354.729,4364.272,4348.992,4356.651,6315,4353.790999999999,4361.4205,4374.383199999999,4392.12608,4364.524738609736,4376.638297292979,-12.113558683242445,-9.757982430998725,-2.3555762522437202,42.17915970789551,4374.383199999999,4408.185158252662,4340.581241747336,0.015454502592577213,17.333142857143034,0.5073577388460945,0.0001384282266863046,-0.010315622614043729,0.002743792087356256,0
2026-08-14 00:00:00+00:00,4356.586,4362.237,4328.971,4340.895,17987,4350.5556,4358.2157,4371.41525,4391.52886,4360.889394208239,4373.990645641647,-13.101251433407924,-10.426636231480565,-2.6746152019273595,33.172678956855506,4371.41525,4406.0660053367865,4336.764494663214,0.015853335066617822,18.809571428571612,0.0,-0.003712814477245141,-0.00732870288956422,0.00216991325595242,0
2026-08-14 01:00:00+00:00,4340.773,4341.64,4312.039,4318.224,23550,4344.219800000001,4351.6545,4367.4447,4390.53196,4354.325487406971,4369.859783001524,-15.534295594553441,-11.44816810409514,-4.086127490458301,24.33373807458797,4367.4447,4407.259359971711,4327.630040028289,0.018232473543035855,20.056285714285877,0.0,-0.007282691131273555,-0.014966800765357169,0.0022653615234612752,1
2026-08-14 02:00:00+00:00,4318.015,4322.869,4310.81,4315.668,16340,4337.226,4346.694799999999,4364.0883,4389.463180000001,4348.378181652052,4365.845576853263,-17.46739520121082,-12.652013523518278,-4.815381677692542,24.694061483432094,4364.0883,4409.39332420878,4318.783275791221,0.020762652400401378,19.917785714285856,0.014104111942866038,-0.00803767356366436,-0.011361738634424356,0.0020609963334190296,1
2026-08-14 03:00:00+00:00,4315.468,4328.129,4313.725,4323.359,8166,4330.9594,4342.314899999999,4361.21875,4388.5021799999995,4344.529076782505,4362.698423012281,-18.16934622977533,-13.75548006476969,-4.413866165005638,20.894230769231186,4361.21875,4409.267337417108,4313.170162582892,0.02203447713651517,19.414714285714386,0.0,-0.007195227584407715,-0.01002917686971705,0.0022138495903677754,1
2026-08-14 04:00:00+00:00,4323.651,4328.1,4322.707,4326.766,5560,4324.9824,4339.3867,4359.0544,4387.43018,4341.796295739043,4360.036762048408,-18.24046630936482,-14.652477313688717,-3.5879889956761026,28.91249349249678,4359.0544,4409.277956785224,4308.830843214776,0.023043326454115366,17.5531428571429,0.3485450530315061,-0.006859626809675667,-0.006722148148964435,0.0022072658471708542,1
2026-08-14 05:00:00+00:00,4326.831,4333.466,4310.924,4333.466,12113,4323.4966,4337.0261,4356.939850000001,4386.1753,4340.51471177919,4358.0685574522295,-17.553845673039177,-15.23275098555881,-2.3210946874803664,26.081712505698547,4356.939850000001,4407.760048637747,4306.119651362254,0.023328391204549777,17.021357142857205,0.22549412002811178,-0.0017113982254811644,-0.00541785859861843,0.0023041915571286463,1
2026-08-14 06:00:00+00:00,4333.524,4336.751,4327.802,4335.439,10980,4326.9396,4335.5797,4354.4919,4384.65514,4339.733833043931,4356.39229393725,-16.65846089331899,-15.517892967110848,-1.1405679262081403,33.18676858553766,4354.4919,4404.452467957995,4304.531332042005,0.022946680855231542,15.640357142857217,0.5343430856467857,0.0039865926362319115,-0.003325131617877397,0.0022879925121440246,1
2026-08-14 07:00:00+00:00,4335.432,4345.356,4329.86,4343.49,8687,4332.504,4334.865,4352.05605,4383.4813,4340.311704883326,4355.436568460416,-15.124863577090764,-15.439287089106832,0.31442351201606833,37.5242472800875,4352.05605,4398.929278577128,4305.182821422873,0.021540728353959284,15.511428571428626,0.7228885092368958,0.006446742427823393,-0.0016427479470247919,0.002388995010946231,1
2026-08-14 08:00:00+00:00,4343.543,4349.827,4341.8,4348.553,8526,4337.5428,4334.2510999999995,4350.1062999999995,4382.434,4341.579596439737,4354.926674500385,-13.347078060648528,-15.020845283415172,1.673767222766644,45.780270017678454,4350.1062999999995,4393.906769211998,4306.305830788001,0.020137654664668065,14.816714285714365,0.9999999999959818,0.005827413360768752,-0.0014097437889981634,0.0024019865831738352,1
2026-08-14 09:00:00+00:00,4348.43,4357.489,4345.905,4356.989,7307,4343.5874,4334.284900000001,4347.8527,4381.74564,4343.950273910546,4355.079439352208,-11.129165441662735,-14.242509315064686,3.1133438734019503,49.956870121906576,4347.8527,4384.442292101291,4311.26310789871,0.016831109343373427,14.988285714285796,0.9999999999965592,0.006985124686659683,7.758252841449931e-05,0.0024872455886572353,1
2026-08-14 10:00:00+00:00,4357.107,4358.811,4348.219,4349.444,6286,4346.783,4335.1398,4346.67775,4380.669760000001,4344.795462539692,4354.661999400193,-9.866536860500673,-13.367314824151883,3.5007779636512097,49.76241498183182,4346.67775,4381.33301653896,4312.02248346104,0.01594563412894363,14.64392857142866,0.993309102528013,0.003687117886698621,0.001969409534208877,0.002241079175977739,1
2026-08-14 11:00:00+00:00,4349.505,4369.521,4348.445,4369.029,7600,4353.500999999999,4340.2203,4345.9374,4379.925880000001,4348.523699072047,4355.726221666846,-7.20252259479912,-12.13435637828133,4.93183378348221,57.965490956968,4345.9374,4377.767776391314,4314.107023608685,0.01464833634801759,15.749357142857207,0.9999999999973025,0.007747773639532163,0.011765253493102756,0.0016623846655150637,1
2026-08-14 12:00:00+00:00,4369.15,4386.858,4365.54,4373.796,13230,4359.5622,4346.033100000001,4346.36395,4379.3654400000005,4352.411745368655,4357.0647237655985,-4.652978396943581,-10.638080782013782,5.985102385070201,58.22314049586796,4346.36395,4379.487252863885,4313.240647136115,0.0152418450203119,16.39907142857146,0.999999999997321,0.006977338499685848,0.013469062031648438,0.0015450646764509893,1
2026-08-14 13:00:00+00:00,4373.85,4397.047,4370.232,4384.678,19083,4366.787200000001,4352.165,4347.23995,4378.7397200000005,4357.375784542708,4359.1101516348135,-1.7343670921054581,-8.857338044032117,7.122970951926659,61.20336096831716,4347.23995,4383.460630504258,4311.019269495742,0.016663759498372236,17.22300000000002,0.9999999999975191,0.008307361092299015,0.014183184880089739,0.0015831683704486568,0
2026-08-14 14:00:00+00:00,4384.674,4394.831,4378.754,4381.482,14948,4371.6858,4357.6366,4348.5116499999995,4378.1161,4361.0844330745995,4360.767325587791,0.3171074868087089,-7.022448937863952,7.339556424672661,68.03497951529901,4348.5116499999995,4387.698908623473,4309.324391376526,0.018023297062328487,15.995214285714285,0.9999999999978787,0.0056215427672643425,0.012645934631084765,0.0017164949401873404,0
2026-08-14 15:00:00+00:00,4381.39,4394.755,4378.951,4391.689,13601,4380.1348,4363.4589000000005,4350.242499999999,4377.69566,4365.792827986199,4363.057819988695,2.735007997503999,-5.070957550790361,7.80596554829436,86.71084060404395,4350.242499999999,4393.832414354869,4306.65258564513,0.02004022274844196,15.009714285714251,0.9999999999984805,0.00971273569679254,0.013435665585007417,0.0017486139519914323,0
2026-08-14 16:00:00+00:00,4391.776,4396.855,4380.099,4385.762,7725,4383.4814,4368.4911999999995,4352.03545,4376.663700000001,4368.865008296014,4364.739611100644,4.125397195370169,-3.2316866015582546,7.357083796928424,83.88475297302546,4352.03545,4398.426486418477,4305.644413581524,0.021319236459104066,15.34521428571426,0.9570611789606431,0.0038299127792467136,0.011607359716051757,0.001933134125266984,1
2026-08-14 17:00:00+00:00,4385.784,4386.589,4376.266,4378.633,6657,4384.4488,4372.0055,4353.43525,4375.68348,4370.367776250473,4365.7687510191145,4.59902523135861,-1.6655442349748817,6.264569466333492,76.86646965042588,4353.43525,4401.314251963187,4305.5562480368135,0.021995963745268503,15.053714285714316,0.8376296796197785,0.0011059043448755634,0.008090959113523866,0.0020994255536699526,0
2026-08-14 18:00:00+00:00,4378.694,4382.861,4370.868,4373.497,6242,4382.212600000001,4374.4999,4354.3755,4374.71486,4370.849195288862,4366.341213906588,4.507981382274011,-0.430839111525103,4.938820493799113,72.33859479717448,4354.3755,4403.089720184677,4305.661279815323,0.02237483661419521,15.525142857142848,0.7629481693414293,-0.0025500162155578376,0.005736160971247406,0.0021837373827100553,1
2026-08-14 19:00:00+00:00,4373.528,4380.03,4372.102,4376.044,5881,4381.125,4376.4054,4355.34515,4373.81918,4371.648396013652,4367.059938802396,4.588457211256355,0.5730201530311888,4.0154370582251655,71.19489466767577,4355.34515,4405.012780035764,4305.677519964236,0.02280766659136715,14.48128571428567,0.7101127520515543,-0.0012411325665608874,0.0043734331209006605,0.0021309644152930213,1
2026-08-14 20:00:00+00:00,4376.123,4377.089,4371.332,4375.922,4053,4377.9716,4379.0532,4357.096500000001,4373.30656,4372.305873550013,4367.716387779996,4.589485770016836,1.3763132764283186,3.2131724935885173,70.53036219609916,4357.096500000001,4407.087876904748,4307.1051230952535,0.02294710567220491,14.253285714285605,0.6710388478941242,-0.003590190471137844,0.006087674654507325,0.002002399522580711,1
2026-08-16 22:00:00+00:00,4379.453,4386.901,4372.186,4386.09,5104,4378.0372,4380.7593,4360.4898,4373.0365,4374.426508388472,4369.077396092588,5.34911229588397,2.170873080319449,3.1782392155645205,71.14983616324136,4360.4898,4408.547148353493,4312.432451646508,0.02204217900176841,14.197499999999893,0.6198195085497258,7.478745996714053e-05,0.003904986668662458,0.0016120656241504691,1
2026-08-16 23:00:00+00:00,4385.865,4386.315,4367.09,4370.395,6311,4376.3896,4380.419199999999,4363.22615,4372.18162,4373.806276328707,4369.174996382026,4.6312799466813885,2.6629544535918375,1.968325493089551,59.80851789980457,4363.22615,4406.535401415959,4319.9168985840415,0.019851939792742072,14.997357142856995,0.2718952904966589,-0.0018814091064492944,-0.0007775854200789967,0.0020131220982232494,1
2026-08-17 00:00:00+00:00,4370.47,4402.325,4368.128,4400.651,12185,4381.8204000000005,4382.0165,4367.09075,4371.92078,4377.936233816598,4371.506552205579,6.4296816110190775,3.4162998850772865,3.013381725941791,66.39431669695588,4367.09075,4409.198532907799,4324.982967092202,0.019284134595919964,16.6125714285713,0.45013830589524545,0.006208761547109587,0.0036429128889281515,0.0029234275727517056,0
2026-08-17 01:00:00+00:00,4400.999,4416.623,4391.889,4395.786,18706,4385.7688,4383.446900000001,4370.541749999999,4371.6612,4380.682351690968,4373.3050298199805,7.377321870987544,4.208504282259338,3.1688175887282055,67.75800493554667,4370.541749999999,4409.96176749498,4331.121732505018,0.018038961643590774,17.622714285714146,0.34066428478947797,0.004511380598549719,0.0032646488106078397,0.0029414921639220413,1
2026-08-17 02:00:00+00:00,4395.733,4398.353,4388.343,4393.191,11629,4389.2226,4383.5971,4373.528,4371.4779,4382.606759123127,4374.77806464813,7.828694474997064,4.932542320806884,2.8961521541901805,60.64480315793161,4373.528,4410.065588310772,4336.9904116892285,0.016708519214131818,16.832285714285586,0.08500730676254674,0.003946368331062544,0.00034200964594699457,0.0028648590437642275,1
2026-08-17 03:00:00+00:00,4393.368,4397.772,4387.877,4396.89,8016,4391.3826,4384.7099,4376.60055,4371.12968,4384.804180796492,4376.415985785306,8.388195011186326,5.623672858882773,2.7645221523035532,60.27093858962502,4376.60055,4409.837903149712,4343.363196850289,0.015188661962632825,16.016357142856968,0.01718887602763975,0.002462329774354899,0.00253730138571151,0.002830546753842274,0
2026-08-17 04:00:00+00:00,4396.951,4399.632,4388.839,4390.795,6912,4395.462600000001,4385.9261,4378.9658,4370.3938,4385.725845289339,4377.481097949357,8.244747339982496,6.147887755102718,2.0968595848797777,52.841495024945026,4378.9658,4408.845254476603,4349.086345523397,0.013646808786039532,14.8719285714284,0.0,0.004667770304514818,0.0027775792125077636,0.0028138266208464963,1
2026-08-17 05:00:00+00:00,4390.775,4401.33,4386.82,4394.899,10973,4394.3122,4388.0663,4381.283100000001,4370.12156,4387.137099860211,4378.771312916071,8.365786944139472,6.591467592910069,1.774319351229403,56.18038601501693,4381.283100000001,4408.281128862712,4354.285071137289,0.012324256728678946,14.75999999999983,0.09858150291874856,-0.00130707933894314,0.004893566864227816,0.00277143732526433,1
2026-08-17 06:00:00+00:00,4394.882,4404.592,4392.575,4402.91,11034,4395.736999999999,4390.7529,4383.5791500000005,4370.04192,4389.563699881716,4380.559363811177,9.004336070539466,7.07404128843595,1.9302947821035161,55.275555012270694,4383.5791500000005,4409.673420468075,4357.484879531926,0.011905463355475026,14.48949999999981,0.07840865128875231,0.0016206430431326968,0.006139334979264444,0.0028035183253405614,0
2026-08-17 07:00:00+00:00,4402.965,4411.434,4395.914,4405.106,9517,4398.12,4393.6713,4386.36225,4370.13896,4391.954822976837,4382.377633158497,9.57718981834023,7.574670994416806,2.002518823923424,59.42524703268439,4386.36225,4408.735217295793,4363.989282704208,0.010201148934195974,14.40121428571417,0.2740378339767003,0.002712151600055668,0.006669223080301823,0.0027950174671308396,0
2026-08-17 08:00:00+00:00,4404.989,4404.989,4392.679,4394.929,7428,4397.727800000001,4394.5552,4387.657249999999,4370.0848399999995,4392.412388672708,4383.307364035645,9.105024637063252,7.880741722946095,1.2242829141171567,57.71108965987185,4387.657249999999,4408.768574283115,4366.545925716883,0.009623050790084445,14.551499999999837,0.2497599484943818,-0.00044599705701076076,0.0020152345255113335,0.002873149143179848,1
2026-08-17 09:00:00+00:00,4395.25,4400.609,4392.559,4395.461,7249,4398.661,4397.0618,4388.740500000001,4370.33814,4392.881405799984,4384.207633366339,8.673772433645354,8.039347865085947,0.6344245685594068,60.866596742593636,4388.740500000001,4409.065821065308,4368.415178934693,0.00926248479048029,14.269857142857031,0.43725423484598935,0.0010626777155389178,0.005735408355537652,0.002552106187601849,1
2026-08-17 10:00:00+00:00,4395.516,4406.029,4391.832,4399.043,9712,4399.4898,4396.901,4389.45875,4370.704000000001,4393.829343369218,4385.306549413276,8.52279395594178,8.136037083257113,0.38675687268466596,61.263308422382565,4389.45875,4410.190793094722,4368.726706905278,0.009446286786370658,14.717642857142762,0.45999871499964984,0.0009429113160506208,-0.0003654004827922108,0.0012758203625955603,1
2026-08-17 11:00:00+00:00,4399.205,4404.963,4395.487,4396.945,7091,4398.296799999999,4397.0169,4390.231900000001,4371.24184,4394.308675158569,4386.168656864144,8.140018294424408,8.136833325490572,0.0031849689338354636,60.100122029729256,4390.231900000001,4410.864494712641,4369.59930528736,0.009399318843562973,14.983285714285623,0.3964655754398964,-0.0013547858121106815,0.0002636616068205644,0.0012319926589094753,1
2026-08-17 12:00:00+00:00,4396.813,4398.943,4377.297,4384.838,13432,4394.243199999999,4396.1816,4389.8893499999995,4371.42346,4392.851648211096,4386.070089689023,6.781558522073283,7.865778364807115,-1.084219842733832,49.40950081122872,4389.8893499999995,4410.647192086845,4369.131507913154,0.009457114032655888,15.478357142857087,0.0,-0.0046010243567351505,-0.0019013514322505642,0.0015107987008928926,1
2026-08-17 13:00:00+00:00,4384.894,4416.471,4381.7,4408.814,17909,4397.0202,4397.374,4391.041950000001,4371.91178,4395.307394640158,4387.754823786132,7.552570854026271,7.803136862650947,-0.25056600862467615,66.8072410383838,4391.041950000001,4413.337834269175,4368.746065730827,0.010155167963801467,16.588785714285677,0.9481830294820816,0.0031593229378676924,0.0027119168321245724,0.0023414889515081423,0
2026-08-17 14:00:00+00:00,4408.921,4427.689,4403.761,4417.199,17733,4401.3678,4400.0144,4392.97025,4372.41162,4398.675333926288,4389.9358738760475,8.739460050240268,7.9904015001688125,0.7490585500714557,58.9524139274198,4392.97025,4417.3233458571685,4368.617154142832,0.011087302882221078,15.85528571428566,0.520092158547764,0.004945556336411361,0.00601348958446013,0.002313249498055942,1
2026-08-17 15:00:00+00:00,4417.158,4427.907,4414.908,4427.399,11649,4407.039,4403.264399999999,4395.66535,4373.20864,4403.09435947609,4392.710920255599,10.3834392204908,8.46900904423321,1.9144301762575893,66.16917458596322,4395.66535,4422.724576077095,4368.606123922906,0.012311777136125494,15.017071428571398,0.9633247511351511,0.006445947448115552,0.00739493672095759,0.0023752082899603866,0
2026-08-17 16:00:00+00:00,4427.459,4428.832,4422.403,4424.09,7773,4412.468,4405.3824,4398.06765,4373.649219999999,4406.32445801823,4395.035296532963,11.289161485266959,9.033039532439961,2.256121952826998,65.68939078510434,4398.06765,4426.297908482633,4369.837391517367,0.012837573556938335,14.761285714285675,0.9357473879493703,0.006173604627758733,0.004810454903688699,0.0023840132470420152,0
2026-08-17 17:00:00+00:00,4424.362,4426.268,4411.074,4413.825,9091,4418.2654,4406.2543,4399.962799999999,4374.4668599999995,4407.478387553887,4396.42712641941,11.05126113447659,9.436683852847287,1.6145772816293036,58.06144501461364,4399.962799999999,4426.997019995488,4372.928580004511,0.012288385708846657,15.139785714285738,0.49730275831058207,0.006610734535688723,0.0019792940283389626,0.0025432368772336004,1
2026-08-17 18:00:00+00:00,4413.854,4416.292,4397.981,4406.837,9998,4417.87,4407.4451,4401.00015,4374.92688,4407.379712545597,4397.198228166121,10.181484379475478,9.585643958172925,0.5958404213025528,57.57198149721536,4401.00015,4427.377217936814,4374.623082063185,0.011986851641808944,15.676785714285804,0.46916901731866345,-0.0004484199151970625,0.0027094863193468655,0.002472897916180034,1
2026-08-17 19:00:00+00:00,4406.777,4421.072,4400.135,4419.955,7913,4418.4212,4409.8945,4403.47815,4376.0206800000005,4409.314372153967,4398.883914968631,10.430457185336309,9.754606603605602,0.6758505817307068,60.89922048997768,4403.47815,4426.894799895137,4380.061500104863,0.01063552450925058,16.135857142857212,0.6604144865175833,0.0006239247994035413,0.005572566791059996,0.0026142034623013607,0
2026-08-17 20:00:00+00:00,4419.683,4421.362,4414.721,4416.471,3098,4416.2356,4411.6373,4404.26915,4377.00694,4410.415391822588,4400.186662007991,10.2287298145975,9.849431245803983,0.37929856879351753,56.140811650379824,4404.26915,4428.343247643816,4380.1950523561845,0.010932164599348133,15.751857142857261,0.38690719318856837,-0.002468266356838611,0.003961770776052864,0.002645727745814601,0
2026-08-17 22:00:00+00:00,4417.799,4418.988,4410.398,4411.918,3494,4413.8012,4413.1346,4405.07575,4378.12434,4410.646562311421,4401.055650007399,9.590912304021913,9.79772745744757,-0.20681515342565682,53.02019969141821,4405.07575,4429.0338245368075,4381.117675463192,0.010877485835201605,15.25685714285724,0.20753838332020969,-0.002751300267399781,0.00340531892029583,0.002671769651049984,0
2026-08-17 23:00:00+00:00,4412.039,4426.045,4409.781,4425.772,4625,4416.1906,4417.228,4406.7047999999995,4379.49834,4412.973552725049,4402.886490747592,10.08706197745687,9.85559436144943,0.23146761600743915,63.24290903470122,4406.7047999999995,4431.669873485413,4381.739726514586,0.011330495060805112,15.530928571428701,0.7951267258147277,0.0027067226271997313,0.009335350587638569,0.0025604842757569186,0
2026-08-18 00:00:00+00:00,4425.778,4435.132,4418.826,4434.588,11119,4421.7408,4419.8054,4408.5896999999995,4381.19204,4416.29885230581,4405.234750692214,11.064101613595994,10.097295811878745,0.9668058017172498,65.684050186395,4408.5896999999995,4436.006737845783,4381.172662154216,0.012438008393379794,16.120642857142943,0.9354404171221492,0.006297260370646596,0.005846016638488161,0.002064229195950703,0
2026-08-18 01:00:00+00:00,4434.532,4436.347,4404.187,4408.165,17750,4419.382799999999,4418.902,4409.4582,4382.3426,4415.0474904126095,4405.4518061964945,9.595684216114932,9.996973492725983,-0.40128927661105074,53.090610939448254,4409.4582,4435.571271972021,4383.345128027979,0.011844118160376853,17.403714285714354,0.21158553238154212,-0.0026674479717553323,-0.002045187459292608,0.0028529239192238176,0
2026-08-18 02:00:00+00:00,4407.961,4408.379,4394.122,4400.002,11609,4416.089,4416.1623,4409.71335,4383.2488,4412.7327995799005,4405.048116848606,7.6846827312947426,9.534515340439736,-1.8498326091449933,50.99485163465504,4409.71335,4435.322299465602,4384.104400534398,0.011614791000236628,17.74521428571435,0.09112395073831109,-0.0037289953902106543,-0.00618805759318275,0.0027476276850444004,0
2026-08-18 03:00:00+00:00,4399.674,4404.118,4390.73,4391.998,8411,4412.105,4412.9531,4409.16775,4383.95574,4409.542830413762,4404.081441526487,5.4613888872754615,8.719890049806882,-3.25850116253142,52.39404031082395,4409.16775,4435.830285741042,4382.5052142589575,0.01209413533474299,17.15535714285722,0.08848685928706704,-0.004515043117301887,-0.007253921145365605,0.0027740463189412754,1
2026-08-18 04:00:00+00:00,4391.946,4395.538,4388.615,4393.485,5852,4405.647599999999,4410.9191,4408.586700000001,4385.00754,4407.072394965491,4403.296519931932,3.7758750335588047,7.731087046557266,-3.9552120129984614,43.96728821163464,4408.586700000001,4436.114407802662,4381.05899219734,0.012488223403958958,15.166214285714366,0.0,-0.0072952244263826405,-0.004608247948208244,0.002731172356431771,0
2026-08-18 05:00:00+00:00,4393.705,4397.671,4385.974,4394.533,8694,4397.6366,4409.688700000001,4408.5669,4386.533719999999,4405.1432572784925,4402.647370307345,2.495886971147229,6.6840470314752585,-4.18816006032803,40.5331128040635,4408.5669,4436.136508300393,4380.997291699607,0.012507288162233926,14.292571428571526,0.0,-0.009032406167156726,-0.0027920252099181697,0.002708473467291955,1
2026-08-18 06:00:00+00:00,4394.235,4400.072,4387.523,4398.762,8627,4395.755999999999,4407.5694,4408.731949999999,4388.1956,4404.161525389493,4402.359565099394,1.8019602900994869,5.707629683200104,-3.9056693931006174,37.411311664219305,4408.731949999999,4436.009171277203,4381.454728722796,0.01237417996220131,14.260428571428681,0.0,-0.0021330871235537563,-0.0047948451963878425,0.002507075176194036,0
2026-08-18 07:00:00+00:00,4398.815,4403.661,4395.423,4395.776,7966,4394.9108,4405.499900000001,4408.5686000000005,4389.64394,4402.871444560341,4401.87189361055,0.999550949791228,4.76601393651833,-3.7664629867271016,37.517854308839695,4408.5686000000005,4436.127797630695,4381.009402369306,0.012502560414141743,14.389642857142983,0.0037683878601447343,-0.0009604541088846785,-0.004685867970150803,0.002505807674542923,0
2026-08-18 08:00:00+00:00,4395.605,4398.578,4386.754,4393.213,8549,4395.1538,4403.6294,4408.382,4390.97288,4401.385530012596,4401.230494083842,0.15503592875393224,3.8438183349654502,-3.688782406211518,40.25123916909447,4408.382,4436.320502050515,4380.4434979494845,0.012675172909477957,14.148928571428703,0.10044755666797628,0.00027663947023648383,-0.004239652686201301,0.0024985959758047093,1
2026-08-18 09:00:00+00:00,4393.082,4395.138,4386.786,4393.412,7953,4395.1392,4400.3934,4408.8107,4392.1718,4400.158833087582,4400.651346373928,-0.49251328634636593,2.976552010703087,-3.469065297049453,43.214693663003985,4408.8107,4435.461521257717,4382.159878742283,0.012089800661079562,13.437571428571507,0.20526423339614863,-1.6615511376327774e-05,-0.007311718723874594,0.0021796753694571977,0
2026-08-18 10:00:00+00:00,4393.211,4399.669,4389.734,4397.84,6014,4395.8006000000005,4396.7186,4408.262,4393.41982,4399.802089535647,4400.443098494378,-0.6410089587316179,2.253039816816146,-2.894048775547764,37.74615734122393,4408.262,4435.360648690048,4381.163351309951,0.012294481902413388,12.651714285714336,0.011843411516036993,0.0007525259225495962,-0.008286677364390926,0.002062098720557108,0
2026-08-18 11:00:00+00:00,4397.902,4399.239,4388.409,4395.796,6522,4395.207400000001,4395.4817,4407.19185,4394.46594,4399.185768068624,4400.098868976276,-0.913100907651824,1.619811671922552,-2.5329125795743757,38.35827786974833,4407.19185,4434.494159061698,4379.889540938302,0.012389889068113972,12.950928571428578,0.033493968218993767,-0.0006742806271399227,-0.0028059294513702593,0.0010046394253025587,0
2026-08-18 12:00:00+00:00,4395.874,4400.962,4389.406,4394.117,10820,4394.8756,4394.8932,4405.527749999999,4395.37722,4398.405957596528,4399.655767570626,-1.2498099740978432,1.045887342718473,-2.295697316816316,39.64130675139408,4405.527749999999,4431.6769759950985,4379.3785240049,0.011871098074503874,13.162785714285747,0.07887439292156989,-0.0003774077660007036,-0.001337499392045749,0.0008438654901987988,0
2026-08-18 13:00:00+00:00,4394.055,4407.081,4375.912,4394.538,24512,4395.140600000001,4395.1472,4404.05015,4396.1282,4397.810887197063,4399.276673676505,-1.4657864794426132,0.5435525782862556,-2.0093390577288686,28.456338805352146,4404.05015,4429.099642233446,4379.0006577665545,0.011375661666089594,14.227428571428586,0.0,0.0003016015840797692,0.0005783244892187955,0.0006012675213545427,0
2026-08-18 14:00:00+00:00,4394.54,4406.484,4363.616,4366.583,25480,4389.7748,4392.457,4401.68805,4396.47098,4393.0065968590525,4396.854920070838,-3.8483232117851003,-0.3348225797280159,-3.5135006320570845,12.891115258269664,4401.68805,4431.3427837088575,4372.033316291142,0.013474255045792147,16.124714285714358,0.0,-0.006106643310484161,-0.006123157356859088,0.0021053732732228213,0
2026-08-18 15:00:00+00:00,4366.678,4377.658,4351.465,4364.679,26562,4383.1426,4389.4716,4399.58015,4396.38398,4388.648505034583,4394.471518584109,-5.823013549525967,-1.4324607736876065,-4.390552775838361,17.600953658173083,4399.58015,4433.395308844523,4365.764991155476,0.01537199355012249,15.698500000000097,0.11922758615028065,-0.007540292507230872,-0.00679344085025646,0.0020858093792284244,0
2026-08-18 16:00:00+00:00,4365.077,4371.766,4362.869,4364.014,10749,4376.7862000000005,4385.996799999999,4396.7831,4396.18834,4384.858581183108,4392.215406096398,-7.356824913289529,-2.6173336016079918,-4.739491311681537,19.814802388780592,4396.7831,4432.6917716860935,4360.874428313906,0.016334065551741155,15.315642857142977,0.1752702393881516,-0.007230089840383869,-0.007899495358012043,0.0020169695642857427,0
2026-08-18 17:00:00+00:00,4363.948,4368.365,4356.615,4357.831,9669,4369.529,4382.2023,4393.8511,4395.6514,4380.7004917703225,4389.66841305222,-8.967921281897361,-3.887451137665866,-5.080470144231495,20.439168728694867,4393.8511,4432.465320297805,4355.2368797021945,0.01757648104998612,15.198642857142918,0.24288877146256194,-0.008257859315079719,-0.008632150500844427,0.002025893281773187,0
2026-08-18 18:00:00+00:00,4357.95,4361.164,4352.605,4354.353,7415,4361.492,4378.3163,4390.97285,4395.1088199999995,4376.647031497965,4387.052456529834,-10.405425031868617,-5.191045916506417,-5.2143791153622,17.271084941955692,4390.97285,4432.396276147371,4349.549423852629,0.018867539182061292,15.31550000000009,0.14444105590743056,-0.0091443059543459,-0.008845462307427332,0.0020237113226839677,0
2026-08-18 19:00:00+00:00,4354.406,4358.79,4338.288,4345.407,11180,4357.2568,4373.515799999999,4386.954599999999,4394.18318,4371.84087280597,4383.967607897995,-12.126735092024319,-6.5781837516099975,-5.548551340414321,13.707151300235438,4386.954599999999,4429.733998127552,4344.175201872446,0.019503004716553335,15.944428571428684,0.026910941415663445,-0.004849558567877832,-0.01092658735397456,0.0020252524258961508,1
2026-08-18 20:00:00+00:00,4345.467,4346.578,4328.966,4334.625,7133,4351.246,4367.1943,4381.95645,4393.16044,4366.1153539127445,4380.312599905551,-14.197245992806529,-8.101996199849305,-6.095249792957224,6.800210149124808,4381.95645,4424.661513096576,4339.251386903424,0.019491322464683984,16.30607142857155,0.0,-0.006885729740950031,-0.014374101831808428,0.0019203163958386423,1
2026-08-18 22:00:00+00:00,4340.205,4343.135,4332.79,4333.88,4273,4345.2192000000005,4361.0027,4378.2422,4392.26538,4361.156068695399,4376.873148060695,-15.717079365295831,-9.62501283293861,-6.0920665323572205,7.011890210023097,4378.2422,4424.151092286546,4332.333307713453,0.020971380837061362,16.456571428571547,0.005813073273908348,-0.006905110753540167,-0.014085276022818172,0.0019390731696545534,1
2026-08-18 23:00:00+00:00,4334.032,4338.225,4327.138,4332.893,5953,4340.2316,4354.8803,4374.88675,4391.4533,4356.807904280722,4373.615359315458,-16.80745503473554,-11.061501273297997,-5.745953761437542,7.168825266984527,4374.88675,4423.81011759011,4325.963382409889,0.022365546989352583,16.403928571428683,0.010122761118339374,-0.0057225716187708775,-0.01393317474250233,0.001948798143640337,1
2026-08-19 00:00:00+00:00,4332.998,4347.294,4331.374,4338.162,16428,4336.9934,4349.242700000001,4372.194949999999,4390.69566,4353.93930362215,4370.989184551349,-17.04988092919939,-12.259177204478277,-4.790703724721112,13.403809978008653,4372.194949999999,4423.040644635099,4321.349255364899,0.023258658507484806,16.944500000000126,0.20107732420870003,-0.003718348053086129,-0.012828652295189924,0.0020726263493688547,0
2026-08-19 01:00:00+00:00,4338.104,4357.682,4324.516,4356.26,21934,4339.164,4348.210400000001,4370.3337,4390.30242,4354.296333834127,4369.898133843842,-15.60180000971468,-12.92770176552556,-2.6740982441891195,26.681322625510134,4370.3337,4420.620191897922,4320.047208102078,0.02301265548574569,18.60385714285732,0.6053729787741323,0.002497579628329527,-0.002364091098233878,0.001875181570501437,0
2026-08-19 02:00:00+00:00,4356.379,4362.004,4351.385,4354.834,12156,4343.205800000001,4347.2258999999995,4368.34875,4389.677299999999,4354.3790517058,4368.782272077631,-14.403220371831594,-13.222805486786767,-1.1804148850448275,26.867559691883343,4368.34875,4417.739368264691,4318.9581317353095,0.0226129464890781,18.588785714285873,0.6110438328454234,0.004662225682729115,-0.002255606884263517,0.0018742020628295358,1
2026-08-19 03:00:00+00:00,4354.967,4360.4,4351.796,4355.064,7062,4347.4426,4346.3309,4366.16385,4389.37068,4354.484428366445,4367.766103775584,-13.281675409139098,-13.234579471257232,-0.04709593788186517,27.57868387511631,4366.16385,4413.7217938635295,4318.60590613647,0.021784772856625407,18.377928571428647,0.9594731383312407,0.004887998744773858,-0.0020508641814622752,0.0018761980311374183,1
2026-08-19 04:00:00+00:00,4355.054,4356.138,4343.67,4348.396,6228,4350.5432,4345.3874,4363.79485,4388.325580000001,4353.5477470793,4366.3312812736895,-12.783534194389176,-13.144370415883621,0.36083622149444494,25.28177766349573,4363.79485,4409.8381350410245,4317.751564958976,0.021102405875484415,17.04214285714293,0.8894574143414414,0.0035779789623238134,-0.002165067897309525,0.0018847365437719135,1
2026-08-19 05:00:00+00:00,4348.396,4350.575,4335.115,4335.691,12136,4350.049,4343.5212,4360.91875,4387.123680000001,4350.800555220946,4364.061630808972,-13.26107558802596,-13.16771145031209,-0.09336413771386987,30.219245447327708,4360.91875,4406.407636494,4315.4298635059995,0.020862065588358108,15.08442857142862,0.9999999999957301,-0.0005695960639553466,-0.004285826160626005,0.0020684173843776446,1
2026-08-19 06:00:00+00:00,4335.687,4349.567,4335.259,4348.868,12938,4348.570600000001,4343.8673,4358.6915500000005,4386.23722,4350.503239033109,4362.936176674974,-12.432937641865465,-13.020756688622766,0.5878190467573017,41.15310153426107,4358.6915500000005,4401.780405945789,4315.6026940542115,0.019771463730113667,14.235500000000034,0.999999999997089,-0.0016968684146492219,0.0007964731496958866,0.0022430461814403274,1
2026-08-19 07:00:00+00:00,4348.99,4363.114,4347.323,4354.968,9008,4348.597400000001,4345.9016,4356.54795,4385.39878,4351.190125335707,4362.345941365717,-11.1558160300101,-12.647768556900235,1.4919525268901346,45.22860096630583,4356.54795,4395.503926299587,4317.591973700413,0.017883873537802717,14.727928571428558,0.9999999999973977,3.0770403647961686e-05,0.0046931395449432145,0.0020802699844564734,1
2026-08-19 08:00:00+00:00,4354.955,4363.221,4351.048,4355.794,9118,4348.7434,4348.093,4354.54785,4384.69876,4351.898413745598,4361.8606123756645,-9.962198630066268,-12.110654571533443,2.1484559414671747,48.86120956651038,4354.54785,4388.848684534907,4320.247015465093,0.015754028072010807,14.758142857142827,0.9999999999976225,0.00016762095803857235,0.005056439033845006,0.0020709908448028175,1
2026-08-19 09:00:00+00:00,4355.757,4361.964,4353.318,4361.844,7771,4351.433,4350.9881000000005,4352.934200000001,4384.03766,4353.428503938583,4361.859381829318,-8.430877890735246,-11.374699235373805,2.9438213446385593,54.07079742199123,4352.934200000001,4382.040315411527,4323.828084588474,0.01337310148705066,14.76435714285708,0.9999999999978845,0.0030926346174544594,0.006681678961377502,0.00207041367517662,1
2026-08-19 10:00:00+00:00,4361.825,4369.68,4359.495,4367.466,6693,4357.7880000000005,4353.9185,4351.5806,4383.32878,4355.588118717263,4362.274686878998,-6.686568161735522,-10.43707302064615,3.7505048589106273,62.436714213226395,4351.5806,4374.373445880182,4328.787754119819,0.01047566297183218,14.027428571428507,0.9999999999982025,0.007328704928464713,0.006754934463028439,0.002072683112634651,1
2026-08-19 11:00:00+00:00,4367.586,4374.183,4363.084,4364.836,7925,4360.9816,4354.776100000001,4351.49325,4382.52338,4357.010869683837,4362.464413776851,-5.4535440930139885,-9.440367235119718,3.986823142105729,68.75690710640322,4351.49325,4374.056245712399,4328.930254287602,0.010370231282053962,13.562214285714228,0.9999999999983804,0.0036717600994098376,0.001968661191021681,0.0016928661244344472,1
2026-08-19 12:00:00+00:00,4364.782,4442.516,4361.922,4438.659,35827,4377.719800000001,4363.158600000001,4355.19225,4383.39798,4369.572120501708,4368.108457200788,1.463663300920416,-7.259561127911691,8.723224428832108,84.10530495862874,4355.19225,4400.07460764918,4310.3098923508205,0.020610965060924483,18.579999999999927,0.9999999999987002,0.01921736279118469,0.019248724520842808,0.005529604332341344,1
2026-08-19 13:00:00+00:00,4438.774,4466.349,4424.157,4459.501,47607,4398.4612,4373.6023000000005,4359.966600000001,4384.678779999999,4383.407332732215,4374.878275185914,8.529057546300464,-4.101837393069259,12.630894939369723,86.49360681632095,4359.966600000001,4424.717340420485,4295.215859579516,0.029702402041558922,20.80178571428561,0.9999999999986318,0.023808977192218084,0.023980589033823607,0.005550092486422161,1
2026-08-19 14:00:00+00:00,4459.549,4498.878,4455.044,4488.027,31105,4423.6978,4387.5654,4366.4764,4386.45846,4399.502666158028,4383.2596622091805,16.243003948847218,-0.032869124685962,16.27587307353318,88.09036055773815,4366.4764,4452.881178947696,4280.071621052303,0.039576432359829675,22.795642857142735,0.9999999999984078,0.028928820012820156,0.03211092090048839,0.005494279149755427,1
2026-08-19 15:00:00+00:00,4488.171,4494.208,4478.075,4493.695,18311,4448.9436000000005,4403.3658000000005,4373.443499999999,4388.39346,4413.993794441408,4391.440057601093,22.55373684031474,4.48445206831418,18.06928477200056,87.28709175063578,4373.443499999999,4476.582923652439,4270.30407634756,0.047166231210001595,21.578999999999855,0.987210843324492,0.028902113948912067,0.03644263394231739,0.0051249295307066395,1
2026-08-19 16:00:00+00:00,4493.754,4499.415,4490.539,4493.382,12425,4474.6528,4417.8171999999995,4380.84225,4390.56434,4426.207364527345,4398.991312593605,27.216051933740346,9.030772041399414,18.18527989234093,87.81744731957606,4380.84225,4496.038774799276,4265.645725200723,0.05259103990757788,21.45449999999989,0.9956548416524348,0.029450361937997105,0.03323025670128388,0.005255200995014265,1
2026-08-19 17:00:00+00:00,4493.17,4499.183,4484.283,4486.98,11384,4484.317,4431.0184,4388.46,4392.12766,4435.557000753907,4405.508993142226,30.048007611680987,13.23421915545573,16.813788456225257,84.8335375385522,4388.46,4510.7213441288695,4266.1986558711305,0.055719475227696956,21.904214285714197,0.948146847624876,0.010886396093955364,0.03031296670836614,0.005440617620850981,1
2026-08-19 18:00:00+00:00,4487.164,4496.749,4471.896,4495.261,14900,4491.469,4444.965099999999,4396.52905,4393.6889,4444.742231407152,4412.157289946506,32.584941460645496,17.104363616493686,15.48057784415181,88.4533815097007,4396.52905,4524.778402613026,4268.2796973869745,0.058341182853335456,22.78885714285707,0.9999999999982828,0.008018834394251773,0.0320187318316707,0.00537018994107529,1
2026-08-19 19:00:00+00:00,4495.317,4512.289,4494.243,4511.002,12348,4496.064,4459.8809,4405.4345,4395.36096,4454.936041959898,4419.479120320839,35.456921639059146,20.77487522100678,14.682046418052366,95.18301452054361,4405.4345,4539.673781053946,4271.195218946054,0.06094258400797736,22.973571428571308,0.9999999999981491,0.005119175976436852,0.0341960877096934,0.005333792252727745,0
2026-08-19 20:00:00+00:00,4511.193,4524.411,4505.318,4523.215,7670,4501.967999999999,4475.455800000001,4414.68715,4397.34346,4465.4404970429905,4427.1632595563315,38.27723748665903,24.275347674137233,14.0018898125218,95.15895916326909,4414.68715,4554.785087945286,4274.589212054713,0.06346902200999067,23.31535714285701,0.9995184538129277,0.006569204184974753,0.03566118202179469,0.005290666445240774,0
2026-08-19 22:00:00+00:00,4523.001,4527.635,4516.442,4518.995,5224,4507.0906,4490.8717,4422.8239,4399.44686,4473.679651344069,4433.9656107003075,39.71404064376111,27.36308626806201,12.3509543756991,92.90373881155259,4422.8239,4567.46324438292,4278.184555617081,0.06540587988724546,22.986928571428507,0.9507947561337925,0.005700160814282151,0.03531839455136443,0.0053202724452632655,0
2026-08-19 23:00:00+00:00,4519.051,4523.777,4511.338,4511.88,5857,4512.070600000001,4498.193799999999,4430.6762,4401.54772,4479.556628060366,4439.737046944729,39.81958111563745,29.854385237577098,9.96519587806035,89.52625021524862,4430.6762,4576.817987583601,4284.5344124163985,0.06596816421999036,23.005928571428544,0.8624067319983965,0.005549389567147678,0.01649619851401085,0.0027084374770963205,0
2026-08-20 00:00:00+00:00,4511.937,4521.123,4503.894,4504.488,16265,4513.916,4502.6925,4438.1474,4403.23838,4483.392223743387,4444.533413837711,38.858809905676026,31.65527017119689,7.203539734479136,85.87842324486385,4438.1474,4583.287880270679,4293.0069197293205,0.06540588546954493,23.618999999999946,0.7158582438800815,0.00205260606669988,0.010087899969077219,0.0026547649482426966,0
2026-08-20 01:00:00+00:00,4504.699,4510.259,4484.451,4489.632,23171,4509.642000000001,4502.853,4445.2092,4404.701599999999,4484.352189321328,4447.874049849733,36.47813947159557,32.61984403127663,3.8582954403189405,79.36372114487861,4445.2092,4585.629865118188,4304.788534881813,0.06317842819104558,24.73492857142849,0.40137633107324905,-0.004737306700374089,0.0003576181694093794,0.002199086019941767,1
2026-08-20 02:00:00+00:00,4489.769,4499.829,4488.606,4490.83,13058,4503.165,4502.5665,4452.966149999999,4406.27984,4485.348775579586,4451.055972083086,34.2928034964998,32.95443592432126,1.3383675721785409,80.49373154557313,4452.966149999999,4584.79054751703,4321.1417524829685,0.05920745546966747,24.743785714285618,0.0714324195052657,-0.007159730412991672,-0.0006375599590091596,0.002159640095387088,0
2026-08-20 03:00:00+00:00,4490.924,4501.135,4487.815,4499.019,10139,4499.1698,4503.1302000000005,4460.4737,4407.74478,4487.45188702888,4454.60878896582,32.8430980630601,32.93216835206903,-0.0890702890089301,71.4109367462186,4460.4737,4584.189090676048,4336.758309323951,0.05547186195764304,19.938499999999944,0.0,-0.00442045189251139,0.0012545116351114771,0.00224033255792347,0
2026-08-20 04:00:00+00:00,4499.075,4499.336,4486.247,4488.408,7531,4494.4754,4503.272999999999,4467.1457,4408.82118,4487.598981332129,4457.112434227612,30.48654710451774,32.44304410255877,-1.9564969980410325,61.05641614075344,4467.1457,4580.894893803599,4353.396506196401,0.05092701310530308,17.859714285714226,0.0,-0.005202266017713231,0.0003182541486703716,0.0023298933656529853,0
2026-08-20 05:00:00+00:00,4488.693,4494.136,4477.786,4481.099,10319,4489.7976,4501.8568,4473.41095,4410.27986,4486.598984204109,4458.889216877418,27.70976732669078,31.496388747385176,-3.786621420694395,46.836760784600315,4473.41095,4574.426948752516,4372.394951247485,0.045162852186658935,15.896571428571406,0.0,-0.00519237702486941,-0.0031504288627512977,0.0022884365488198507,1
2026-08-20 06:00:00+00:00,4481.042,4495.921,4479.986,4493.924,9679,4490.656,4500.148999999999,4480.01495,4412.158299999999,4487.725909711169,4461.484385997609,26.241523713560127,30.44541574062017,-4.203892027060043,50.09814425920383,4480.01495,4566.552373102555,4393.4775268974445,0.038632649251563456,15.88242857142859,0.06745886645963786,0.000955980356519337,-0.003785855116003156,0.002176140926314621,0
2026-08-20 07:00:00+00:00,4493.769,4494.24,4483.379,4490.785,9516,4490.647,4496.906,4486.180899999999,4414.13404,4488.1965389863735,4463.654801849639,24.54173713673481,29.2646800198431,-4.722942883108292,48.91330727837254,4486.180899999999,4554.637256637976,4417.724543362023,0.0305187678178455,16.024214285714283,0.042951549154347644,-1.0020419388023782e-05,-0.0071696790888782225,0.0018870779456611488,0
2026-08-20 08:00:00+00:00,4490.774,4498.784,4486.997,4489.232,10314,4488.6896,4493.9297,4492.4007,4416.0489800000005,4488.355840680778,4465.549409120035,22.806431560742567,27.973030328022997,-5.16659876728043,50.98218802882032,4492.4007,4530.155593287847,4454.645806712153,0.01680833737197448,15.801857142857118,0.08574453910850773,-0.0021753631180486677,-0.006586198922548081,0.001888769100756513,0
2026-08-20 09:00:00+00:00,4489.176,4494.278,4481.762,4482.772,9175,4487.562400000001,4491.018900000001,4494.60635,4417.813760000001,4487.49678826835,4466.825156592625,20.67163167572562,26.51275059756352,-5.8411189218379,44.465126173318616,4494.60635,4523.179600466084,4466.033099533916,0.012714461842062616,14.920642857142866,0.0,-0.0012556790737384693,-0.006451412714877258,0.0018819469362681299,1
2026-08-20 10:00:00+00:00,4482.437,4494.932,4480.565,4490.215,7836,4489.3856,4489.5916,4496.14205,4419.64282,4487.914974688604,4468.557737585763,19.35723710284128,25.081647898619078,-5.724410795777796,40.05625556097698,4496.14205,4519.617799713213,4472.666300286788,0.010442619228728451,14.65785714285721,0.0,0.0020343223838616975,-0.0031686176098149055,0.0019753521257675033,1
2026-08-20 11:00:00+00:00,4490.277,4491.442,4465.323,4467.12,12959,4484.0248,4487.3404,4495.0967,4421.0697,4484.715747813434,4468.451238505336,16.26450930809824,23.318220180514913,-7.053710872416673,25.696460292015303,4495.0967,4521.741919316786,4468.451480683214,0.01185523742649901,15.159714285714342,0.0,-0.005964497841975058,-0.005014219428229216,0.002337864703475414,1
2026-08-20 12:00:00+00:00,4467.193,4477.263,4450.429,4474.794,21071,4480.8266,4485.736800000001,4494.15165,4422.70132,4483.189325072905,4468.921072690126,14.268252382779792,21.508226620967893,-7.2399742381881005,31.406119856300506,4494.15165,4522.304313175654,4465.998986824346,0.012528577301415362,16.276928571428602,0.08945132940501825,-0.0035608473796897577,-0.003570832117893552,0.0024338172842559053,1
2026-08-20 13:00:00+00:00,4474.679,4489.488,4469.201,4481.595,28002,4479.2991999999995,4483.9944000000005,4493.5623,4424.464980000001,4482.944044292459,4469.859882120487,13.084162171971911,19.8234137311687,-6.739251559196788,37.226369733013044,4493.5623,4522.270815289439,4464.85378471056,0.012777619791513596,16.837500000000027,0.19158413709456523,-0.0017011818502584708,-0.0038728442800530782,0.0024053458984607235,1
2026-08-20 14:00:00+00:00,4481.65,4516.321,4480.72,4515.714,22627,4485.8876,4486.725,4494.999000000001,4426.822459999999,4487.985575939772,4473.256483444895,14.729092494877477,18.804549483910456,-4.075456989032979,53.863786552122754,4494.999000000001,4525.15975714493,4464.838242855071,0.013419694707353413,18.149785714285763,0.5140278998514406,0.00734857806732081,0.006083671537881585,0.003369970893495982,1
2026-08-20 15:00:00+00:00,4515.846,4540.907,4509.117,4521.758,39687,4492.1962,4490.7909,4496.323850000001,4429.3417,4493.1813334875,4476.849188374903,16.332145112596663,18.310068609647697,-1.9779234970510338,61.77121500806096,4496.323850000001,4528.774004249694,4463.873695750307,0.014434082300230083,18.577071428571475,0.6583312250906581,0.007024830659556391,0.009073443813671478,0.003280235049641263,0
2026-08-20 16:00:00+00:00,4521.814,4524.846,4502.658,4510.157,16326,4500.8036,4492.4142,4496.2816,4431.6625,4495.792974489423,4479.316433680466,16.476540808956997,17.943363049509557,-1.4668222405525597,56.57994185056829,4496.2816,4528.6533930390915,4463.909806960909,0.014399361925681541,19.360285714285705,0.6755733403055477,0.009634171457225227,0.003612210620384415,0.003368920465580103,1
2026-08-20 17:00:00+00:00,4509.967,4520.62,4507.589,4519.784,11884,4509.8016,4495.3141,4496.11005,4434.16742,4499.483901491049,4482.314031185617,17.169870305432596,17.788664500694164,-0.6187941952615681,57.000964255129595,4496.11005,4527.912227544901,4464.3078724551,0.014146529863031526,19.3396428571428,0.867767617810125,0.010054094110254042,0.006457445635896564,0.003388543161196736,1
2026-08-20 18:00:00+00:00,4519.855,4525.428,4508.159,4522.128,11555,4517.9082,4498.603700000001,4496.266699999999,4437.27832,4502.967608953965,4485.263214060757,17.7043948932087,17.771810579197073,-0.06741568598837233,62.03993315908973,4496.266699999999,4528.570422647095,4463.962977352903,0.014369131015780733,19.63821428571425,0.9999999999972484,0.009044324621033217,0.007327756729881507,0.003371326371481302,0
2026-08-20 19:00:00+00:00,4522.033,4532.142,4518.194,4528.626,10011,4520.490599999999,4503.1891,4497.104,4440.5572600000005,4506.9150537302785,4488.475272278479,18.439781451799718,17.9054047537176,0.5343766980821165,67.06865963238835,4497.104,4531.884810177565,4462.323189822436,0.015468092433514763,19.46664285714275,0.9999999999975828,0.0028593484884118503,0.010228938701321466,0.003286828273766149,1
2026-08-20 20:00:00+00:00,4528.773,4529.115,4516.751,4518.779,5329,4519.8948,4506.0455,4497.818550000001,4443.6525599999995,4508.740276233313,4490.719992850443,18.02028338286982,17.928380479548046,0.09190290332177398,59.12143564901483,4497.818550000001,4533.80441894832,4461.832681051682,0.016001476515018133,19.211571428571265,0.8079090763806938,-0.0006588145584083271,0.006361388040439175,0.0034250103966877387,1
2026-08-20 22:00:00+00:00,4519.031,4524.541,4516.806,4524.178,3701,4522.6990000000005,4511.7513,4499.5458499999995,4446.9795,4511.115310658957,4493.198363750411,17.91694690854638,17.926093765347712,-0.009146856801333314,62.05479946572334,4499.5458499999995,4537.156872534514,4461.934827465485,0.01671769720249195,18.988285714285603,0.8788108863755736,0.0031087609588755782,0.012772882752198234,0.0027572953751005234,1
2026-08-20 23:00:00+00:00,4524.164,4532.94,4520.974,4526.498,5647,4524.041800000001,4516.9217,4501.329250000001,4450.4223999999995,4513.481878249887,4495.665003472603,17.816874777284283,17.904249967735026,-0.08737519045074293,63.378855764259825,4501.329250000001,4540.548310520794,4462.110189479207,0.017425546252051383,19.001071428571322,0.910814413373018,0.0014854692171131223,0.011554498374673816,0.0027620415783113587,1
2026-08-21 00:00:00+00:00,4526.379,4527.619,4509.766,4510.552,12204,4521.7266,4519.8174,4501.9059,4453.7253,4513.031127749904,4496.767743956114,16.263383793790126,17.576076732946046,-1.3126929391559194,59.33731295123622,4501.9059,4541.320594619311,4462.491205380688,0.017510225888689224,19.382285714285576,0.8131270078821068,-0.002559856775394276,0.006461315669978873,0.0031241841687999383,1
2026-08-21 01:00:00+00:00,4510.618,4543.987,4508.653,4530.757,19996,4522.1528,4521.3216999999995,4504.0233499999995,4457.64794,4515.75818501915,4499.285466626031,16.472718393119067,17.35540506498065,-0.8826866718615847,62.550148588410046,4504.0233499999995,4544.907607679283,4463.139092320716,0.018154549611419362,20.879928571428405,0.8907838810575875,0.00047056215284713154,0.0033312561424394538,0.00242748193884705,1
2026-08-21 02:00:00+00:00,4530.665,4542.961,4518.356,4533.953,12686,4525.1876,4522.541200000001,4506.66605,4461.6494,4518.557387323896,4501.85343206114,16.703955262756608,17.225115104535842,-0.5211598417792338,73.59572379802464,4506.66605,4548.139726772349,4465.192373227651,0.018405480376052663,20.771785714285606,0.9999999999976297,0.0033579867481901005,0.0026969598992252486,0.0024065791037298644,1
2026-08-21 03:00:00+00:00,4534.014,4538.412,4526.632,4535.267,9297,4527.405400000001,4525.0522,4508.7332,4465.69688,4521.128096966374,4504.328511167722,16.799585798651606,17.140009243358996,-0.3404234447073904,72.35418930807867,4508.7332,4551.629660850409,4465.83673914959,0.019028165539007415,19.69649999999995,0.9658631690894686,0.0024510529868631004,0.005567433683572265,0.0021923550283833994,1
2026-08-21 04:00:00+00:00,4535.387,4548.199,4535.236,4540.799,7858,4530.265600000001,4527.153700000001,4511.2339,4469.74962,4524.154389740778,4507.030028859002,17.12436088177583,17.136879571042364,-0.012518689266535432,72.09236372320751,4511.2339,4555.533152258581,4466.934647741419,0.01963952800522312,19.173357142857054,0.9238108222130225,0.0031593960717535285,0.004649558474475901,0.0021376458428917808,1
2026-08-21 05:00:00+00:00,4540.471,4556.366,4529.295,4553.658,11450,4538.886799999999,4530.306699999999,4514.4552,4473.69758,4528.6934067037355,4510.483952647225,18.209454056510367,17.351394468135965,0.8580595883744024,66.82929425540252,4514.4552,4561.313773330211,4467.59662666979,0.020759348029507824,18.56407142857136,0.602343896767327,0.009556701707462922,0.006972381144452422,0.0022653200610465727,1
2026-08-21 06:00:00+00:00,4553.75,4567.823,4545.506,4561.14,13113,4544.963400000001,4533.5581,4518.373600000001,4477.8237,4533.685190287776,4514.2362524511345,19.448937836641562,17.770903141837085,1.6780346948044773,67.24708767627257,4518.373600000001,4567.144312127316,4469.602887872686,0.021587728879840815,17.887428571428504,0.6268971863051055,0.0067059433997453954,0.007179661115755742,0.002273720105613052,1
2026-08-21 07:00:00+00:00,4561.085,4568.268,4558.383,4564.19,10431,4551.0108,4538.0992,4522.07235,4482.006219999999,4538.37823793581,4517.936530047346,20.441707888463498,18.305064091162368,2.1366437973011294,75.57920449919052,4522.07235,4573.023073233179,4471.1216267668215,0.022534236203973563,17.008642857142863,0.9999999999946174,0.006669014875098966,0.01004939608686306,0.0020373327682148596,1
2026-08-21 08:00:00+00:00,4564.249,4585.087,4559.065,4584.021,10798,4560.7616,4544.0835,4527.9174,4486.71872,4545.400201330301,4522.8316759697655,22.568525360535205,19.157756345036937,3.4107690154982677,77.73067525448332,4527.9174,4579.145412930162,4476.689387069839,0.02262762696605801,17.9365714285715,0.9999999999946264,0.010749973485574271,0.013227375227057747,0.0022973474947308313,0
2026-08-21 09:00:00+00:00,4583.957,4601.988,4580.27,4582.449,11158,4569.0916,4549.6786,4533.30015,4491.65388,4551.100016510255,4527.247774046079,23.852242464176015,20.096653568864753,3.755588895311263,76.21489600264239,4533.30015,4583.6412790181785,4482.959020981822,0.02220948419582517,18.254357142857184,0.918546953875141,0.009172394549945784,0.012360769849009134,0.0023460646162922504,1
2026-08-21 10:00:00+00:00,4582.385,4594.188,4577.888,4588.62,9373,4576.084,4557.4854,4538.651400000001,4496.44892,4556.872321662523,4531.793864857481,25.07845680504215,21.093014216100233,3.9854425889419183,76.1471008681706,4538.651400000001,4588.602396560662,4488.700403439339,0.022011382747157544,18.42235714285724,0.9149038638881913,0.007677783443552411,0.017307859437159845,0.0016523565298210516,1
2026-08-21 11:00:00+00:00,4588.753,4604.574,4587.103,4597.213,12586,4583.2986,4564.130999999999,4542.72635,4501.293820000001,4563.078579868289,4536.639726719889,26.438853148400085,22.162182002560204,4.276671145839881,84.56155812108916,4542.72635,4597.830017082887,4487.622682917113,0.024260174546013372,18.787142857142953,0.9999999999960356,0.007908768421929446,0.014667747575074053,0.001345551642261215,1
2026-08-21 12:00:00+00:00,4597.217,4601.818,4563.36,4577.892,15290,4586.039,4568.524899999999,4545.53305,4505.73578,4565.357567580861,4539.695450666564,25.662116914296348,22.862168984907434,2.799947929388914,71.08217156493345,4545.53305,4601.844901681061,4489.221198318939,0.02477678681978165,20.98164285714295,0.46561784245927296,0.003002066084014876,0.009691101782484113,0.002245077798550153,1
2026-08-21 13:00:00+00:00,4578.106,4593.252,4573.165,4581.178,22120,4585.4704,4573.116,4549.0841,4510.1224600000005,4567.791480260728,4542.7682320986705,25.023248162057826,23.294384820337516,1.7288633417203094,71.29980211595702,4549.0841,4604.958518331901,4493.209681668099,0.024565128761590196,21.56171428571445,0.47424567451360206,-0.0006201978568597388,0.010123108518197421,0.0022347860655197675,1
2026-08-21 14:00:00+00:00,4581.108,4603.811,4579.993,4591.745,22085,4587.3296,4578.2106,4552.68215,4514.60804,4571.476637143693,4546.396140832102,25.08049631159065,23.651607118588146,1.4288891930025045,83.0109205636735,4552.68215,4609.86478026002,4495.499519739979,0.025120414022323186,21.987785714285824,0.9295530095332388,0.0020286095928181425,0.011219611350337333,0.002272236884982993,1
2026-08-21 15:00:00+00:00,4591.8,4615.431,4587.168,4614.425,16757,4592.490599999999,4584.2873,4557.2970000000005,4519.59982,4578.084077583125,4551.4353155852805,26.648761997844304,24.25103809443938,2.3977239034049234,83.34608701197257,4557.2970000000005,4618.829172756859,4495.764827243142,0.027003801927703602,21.4827142857144,0.9314542622184994,0.005623695141458773,0.013344656098459806,0.0025317006612569546,0
2026-08-21 16:00:00+00:00,4614.488,4629.286,4609.005,4628.688,14014,4598.7856,4591.0421,4562.3001,4523.4003999999995,4585.86929641649,4557.157736653037,28.711559763452897,25.143142428242086,3.5684173352108104,84.6961273357212,4562.3001,4629.981268643718,4494.618931356283,0.029669757429467508,21.173857142857223,0.9999999999944031,0.006846539414206099,0.014809455530853999,0.0025923097453467952,0
2026-08-21 17:00:00+00:00,4628.743,4632.169,4615.364,4620.401,13557,4607.287399999999,4596.6632,4567.3812,4526.6184,4591.181866198568,4561.842422826887,29.339443371681227,25.982402616929917,3.35704075475131,79.66465496815186,4567.3812,4636.547353403539,4498.2150465964605,0.030287007094367026,21.53278571428577,0.7183903635847126,0.009285714909831766,0.01231565732364337,0.0027865625604324594,1
2026-08-21 18:00:00+00:00,4620.431,4627.773,4619.356,4624.213,7224,4615.894399999999,4600.6824,4572.382949999999,4529.34212,4596.263579091096,4566.462465580451,29.801113510645337,26.746144795673004,3.0549687149723326,79.41794687319239,4572.382949999999,4642.850234874906,4501.915665125092,0.03082300220496926,21.208071428571525,0.7045822032997288,0.009393872056488561,0.00876784814031173,0.0025624356362716084,0
2026-08-21 19:00:00+00:00,4624.289,4625.601,4615.625,4617.052,8405,4620.9558,4604.142699999999,4576.91065,4531.80926,4599.4617976924665,4570.209838500417,29.25195919204907,27.247307674948217,2.0046515171008537,73.29360063493905,4576.91065,4646.596676197802,4507.224623802198,0.030451119336490334,19.98700000000008,0.3465241111626251,0.005511412327992904,0.0075512024247297305,0.002652941396215013,1
2026-08-21 20:00:00+00:00,4617.197,4617.782,4602.484,4604.083,7617,4618.8874,4605.689,4581.5872,4534.023279999999,4600.172751893625,4572.71896157446,27.45379031916491,27.288604203791554,0.1651861153733556,65.16745194718933,4581.5872,4644.773040270945,4518.401359729055,0.027582511262011968,19.48564285714292,0.0,-0.0022412326562899487,0.0033698584759687122,0.002866931241402533,1
2026-08-23 22:00:00+00:00,4615.706,4621.166,4605.994,4606.225,7395,4614.3948,4606.590200000001,4585.3606,4536.40818,4601.103866986913,4575.200890346722,25.9029766401909,27.011478691071424,-1.1085020508805243,64.94259002523916,4585.3606,4644.659451425175,4526.061748574825,0.02586442227691959,19.9997857142858,0.0,-0.00485299506037129,0.0019603181318770257,0.0028174583119214584,1
2026-08-23 23:00:00+00:00,4606.354,4624.656,4604.611,4623.974,6952,4615.109399999999,4611.198399999999,4589.86165,4538.98244,4604.622348988926,4578.813713284002,25.8086357049242,26.770910093841984,-0.962274388917784,64.41586744892587,4589.86165,4646.329143688401,4533.394156311599,0.024605314057081086,19.572857142857174,0.0,0.0007733095027899761,0.010066205144201756,0.0025587296141014845,1
2026-08-24 00:00:00+00:00,4624.27,4641.07,4594.245,4621.629,26487,4614.5926,4615.2435,4594.17975,4541.19498,4607.238756836784,4581.985216003705,25.25354083307866,26.467436241689324,-1.2138954086106644,64.05853056420705,4594.17975,4646.093471381749,4542.266028618252,0.022599778069958394,21.366214285714314,0.0,-0.0005587977889426332,0.00882982499261109,0.0026029468162269646,1
2026-08-24 01:00:00+00:00,4621.685,4637.702,4608.005,4632.271,29851,4617.6364,4619.2961,4598.753350000001,4543.3760999999995,4611.089871169586,4585.71008889232,25.379782277266713,26.249905448804803,-0.8701231715380899,65.17588324050688,4598.753350000001,4646.842075538007,4550.664624461995,0.02091380940793693,22.32314285714288,0.0541416080886262,0.0032962591714367218,0.008825838542863229,0.0026027063414300264,1
2026-08-24 02:00:00+00:00,4632.2,4656.985,4627.401,4643.599,23374,4625.5396,4622.2135,4603.250399999999,4545.86818,4616.091275605035,4589.998156381778,26.093119223256508,26.218548203695146,-0.12542898043863815,65.82578197499862,4603.250399999999,4650.395347369235,4556.105452630763,0.02048332950527151,23.18835714285719,0.08563261654682233,0.008582816599961518,0.0063223478548248835,0.0022688279242744475,0
2026-08-24 03:00:00+00:00,4643.66,4650.235,4633.178,4641.498,13431,4632.5942,4623.4945,4607.2683,4548.46054,4620.000002435029,4593.812959612757,26.187042822271906,26.2122471274105,-0.025204305138593952,74.59020196084447,4607.2683,4652.9774295868165,4561.559170413183,0.01984218266030513,21.659714285714276,0.5103148158763883,0.007657680638700759,0.0027675228920158723,0.0021136480628721485,0
2026-08-24 04:00:00+00:00,4641.617,4642.736,4632.536,4638.761,11188,4635.551600000001,4625.3305,4610.9968499999995,4551.146,4622.886309752717,4597.142444085886,25.74386566683097,26.118570835294598,-0.37470516846362756,72.356599861783,4610.9968499999995,4653.995748459266,4567.997951540733,0.01865058678548716,20.953499999999945,0.40208505812990175,0.003197898604101246,0.003973681072270585,0.0020148664300471417,1
2026-08-24 05:00:00+00:00,4638.822,4646.704,4629.465,4640.894,16809,4639.4046,4626.9986,4613.8405,4554.17124,4625.656723636915,4600.383300079525,25.273423557389833,25.949541379713647,-0.676117822323814,70.41936368395247,4613.8405,4656.850208120309,4570.830791879692,0.018643777616633456,20.483571428571395,0.30821578646668724,0.004168443637514008,0.0036073165314833844,0.0020095786781099086,1
2026-08-24 06:00:00+00:00,4640.773,4660.066,4639.169,4649.838,18602,4642.918,4630.2772,4617.20995,4557.3514,4629.376920000466,4604.046611184745,25.330308815720855,25.82569486691509,-0.4953860511942345,66.60819975049921,4617.20995,4660.423120708576,4573.996779291425,0.01871830442043273,19.95742857142854,0.1235448688385602,0.0037923083515623013,0.0071010679541838595,0.0019418588913594395,1
2026-08-24 07:00:00+00:00,4650.051,4654.807,4630.103,4641.718,16309,4642.541800000001,4634.0407000000005,4619.86485,4560.20538,4631.275547692702,4606.83708443032,24.438463262382356,25.548248546008548,-1.1097852836261914,56.484522743107256,4619.86485,4662.197705167162,4577.531994832838,0.018326447435864732,20.273357142857094,0.0,-0.00040507373698728255,0.00817426618938022,0.0017472481596146547,1
2026-08-24 08:00:00+00:00,4641.777,4646.4,4628.694,4638.163,14526,4641.8748,4637.2345,4621.9123500000005,4563.20048,4632.335155739978,4609.157522620667,23.177633119311395,25.07412546066912,-1.8964923413577246,59.27635839478559,4621.9123500000005,4663.588308831183,4580.236391168818,0.018034075800326444,20.33771428571416,0.12173653772023078,-0.000718518030170423,0.006933660426922117,0.001816686776673986,1
2026-08-24 09:00:00+00:00,4638.044,4646.171,4632.757,4645.807,11348,4643.284,4639.4178,4625.3081,4566.494640000001,4634.407747164597,4611.872298722839,22.53544844175758,24.566390056886814,-2.030941615129233,60.84362759867425,4625.3081,4662.732401307308,4587.883798692693,0.016182403635903675,20.694642857142753,0.24075897971684646,0.001518940079042519,0.004721696099502237,0.0014959355912124723,1
2026-08-24 10:00:00+00:00,4645.877,4650.19,4641.707,4643.418,9462,4643.788799999999,4641.5967,4628.4201,4569.48452,4635.793939908505,4614.209017335962,21.58492257254329,23.970096560018114,-2.385173987474822,63.90641152766925,4628.4201,4660.339600496072,4596.500599503928,0.013792827706401167,20.58799999999987,0.40992048380323426,0.0005438607302816756,0.004714571420596503,0.0014964527255891405,1
2026-08-24 11:00:00+00:00,4643.348,4670.383,4639.03,4657.854,20365,4645.392,4644.155000000001,4631.72555,4572.8259,4639.187795307196,4617.4419790147795,21.745816292416748,23.525240506497845,-1.7794242140810965,77.92863449851968,4631.72555,4661.256374027436,4602.194725972564,0.012751543116554569,21.734785714285604,0.9999999999953368,0.0017239310272745278,0.005522777056869099,0.0016224890218530226,0
2026-08-24 12:00:00+00:00,4657.951,4668.947,4645.198,4662.955,19032,4649.639399999999,4646.0905999999995,4634.15205,4576.300359999999,4642.844288336858,4620.813313902574,22.030974434283962,23.226387292055072,-1.1954128577711103,78.58683383052461,4634.15205,4665.609764035999,4602.694335964,0.013576470386205712,22.210928571428408,0.9999999999954756,0.004575245631035729,0.004168318582203012,0.0014988881398632305,0
2026-08-24 13:00:00+00:00,4663.016,4680.936,4656.029,4664.757,33189,4654.9582,4648.4165,4635.9555,4579.94006,4646.215474746573,4624.068401761642,22.147072984930674,23.010524430630195,-0.8634514456995213,74.4863527744752,4635.9555,4670.113955538887,4601.797044461113,0.014736317265723197,22.55821428571406,0.8144772716340405,0.005733735532795992,0.005011097710265089,0.0014679728869496553,0
2026-08-24 14:00:00+00:00,4664.415,4678.791,4655.246,4670.545,31755,4659.9057999999995,4651.5949,4638.462699999999,4583.54666,4649.9584786317155,4627.5111127422615,22.447365889453977,22.897892722394953,-0.4505268329409766,78.20341328413286,4638.462699999999,4675.086162154912,4601.839237845086,0.015791206925049928,20.895357142856938,0.9826524681073606,0.00532480148228287,0.006851829615709848,0.0014305135580200178,0
2026-08-24 15:00:00+00:00,4670.499,4679.683,4639.764,4649.071,36050,4661.036399999999,4652.4126,4639.7056,4587.18568,4649.821943457605,4629.10814142802,20.713802029585167,22.461074583833,-1.7472725542478322,58.61079219288179,4639.7056,4675.978415619554,4603.432784380447,0.01563582638499887,21.62549999999978,0.09620122716376836,0.0012174221661716,0.0017619450045616158,0.0022036849605929954,1
2026-08-24 16:00:00+00:00,4649.243,4662.408,4641.969,4644.972,25072,4658.46,4651.9259999999995,4641.1016,4590.58924,4649.075798310281,4630.283242062981,18.792556247300126,21.72737091652643,-2.934814669226302,50.76005004262458,4641.1016,4675.819196122844,4606.384003877156,0.014960929156493382,20.972285714285526,0.0,-0.002765651306374295,-0.0010464880711973379,0.0021338955466587246,1
2026-08-24 17:00:00+00:00,4645.059,4655.348,4630.315,4636.68,36866,4653.205,4651.4222,4642.73145,4593.6909399999995,4647.168752416392,4630.757075984242,16.41167643214976,20.664232019651095,-4.252555587501334,47.50398905858252,4642.73145,4672.893381784973,4612.5695182150275,0.012993183908999386,21.541999999999852,0.0,-0.005634838852186963,-0.0010853739929912454,0.00213725397550045,1
2026-08-24 18:00:00+00:00,4636.548,4642.408,4624.822,4636.392,28793,4647.532,4651.2451,4644.2398,4596.1045,4645.510790506178,4631.1744777631875,14.33631274299023,19.398648164318924,-5.062335421328694,48.7407643650664,4644.2398,4669.300738164511,4619.178861835489,0.010792267085136665,22.06957142857131,0.0397896433082056,-0.006080702596083731,-0.0003818322038271482,0.002124680275190497,1
2026-08-24 19:00:00+00:00,4636.335,4656.328,4635.823,4651.825,16710,4643.7880000000005,4651.8469,4645.63235,4598.70584,4646.4822073513815,4632.704146077025,13.778061274356332,18.274530786326405,-4.496469511970073,55.09057886648327,4645.63235,4668.9890312366515,4622.275668763348,0.010055329168117076,22.30285714285706,0.24407643069802343,-0.004008097556066903,0.0012953616024082848,0.002329315052659412,1
2026-08-24 20:00:00+00:00,4651.749,4655.384,4647.083,4652.536,6307,4644.481,4652.7587,4647.1777,4601.553419999999,4647.413560066554,4634.173172293542,13.240387773012117,17.26770218366355,-4.027314410651432,51.36081184683062,4647.1777,4667.774207583387,4626.581192416614,0.008864092966957766,21.403142857142807,0.12408203999774103,0.0007453101920793515,0.001963639715399479,0.0023182807952332085,0
2026-08-24 22:00:00+00:00,4654.949,4668.424,4652.79,4667.546,4814,4648.9958,4653.7279,4648.94145,4604.5086599999995,4650.510858517854,4636.645233605132,13.865624912722524,16.587286729475345,-2.721661816752821,62.180490841523465,4648.94145,4670.194156332946,4627.688743667055,0.00914303032702006,20.773428571428536,0.47217369872599096,0.004859878595608436,0.002080786559647496,0.0023348770518115424,0
2026-08-24 23:00:00+00:00,4667.601,4682.991,4666.777,4679.801,8039,4657.62,4655.4125,4650.75155,4607.66212,4655.017034130492,4639.841957041788,15.175077088703802,16.304844801321035,-1.1297677126172339,68.14734750091537,4650.75155,4675.898315261277,4625.604784738723,0.010814065206849128,20.66685714285716,0.6641399329349937,0.009299973256726712,0.0036127305539084276,0.0024467923549935833,0
2026-08-25 00:00:00+00:00,4679.841,4697.158,4675.32,4684.48,33284,4667.2375999999995,4657.3848,4652.90065,4610.7792,4659.549798110416,4643.148478742396,16.401319368020268,16.32413971466088,0.07717965335938715,67.30227189348301,4652.90065,4681.786328842277,4624.014971157722,0.012416202715300716,21.268571428571445,0.6369520865962802,0.010371858117260047,0.00422808733659652,0.0024551090463703147,0
2026-08-25 01:00:00+00:00,4684.619,4686.675,4656.416,4658.188,42243,4668.5102,4656.1491000000005,4653.872,4613.56738,4659.340290708814,4644.262517354071,15.07777335474293,16.07486644267729,-0.9970930879343598,55.443756449948566,4653.872,4682.053638485857,4625.690361514144,0.012111050104453512,22.82400000000007,0.2554388907963657,0.001367850252320446,-0.0026457297809998614,0.0030792161602957234,0
2026-08-25 02:00:00+00:00,4658.092,4661.668,4617.802,4629.438,50283,4663.8906,4654.1858,4653.2991999999995,4615.6725799999995,4654.739938292073,4643.164404957473,11.57553333459964,15.17499982106176,-3.59946648646212,40.52635790203625,4653.2991999999995,4683.015410096957,4623.582989903042,0.01277210375681718,23.717785714285778,0.0,-0.004964604250241145,-0.004222994228309185,0.003353592054019153,1
2026-08-25 03:00:00+00:00,4629.497,4641.486,4622.071,4633.876,27101,4657.1566,4653.0762,4652.5010999999995,4617.82014,4651.530101631754,4642.476374960624,9.05372667113079,13.950745191075566,-4.897018519944776,40.26227136647676,4652.5010999999995,4683.440919165944,4621.561280834055,0.013300295260948895,23.40821428571436,0.0,-0.007213640743979788,-0.0023888195666195156,0.0033757438721566677,0
2026-08-25 04:00:00+00:00,4633.504,4637.96,4623.631,4626.067,18400,4646.409799999999,4652.0149,4651.71855,4620.13044,4647.612701380715,4641.260865704281,6.351835676434348,12.430963288147321,-6.079127611712973,37.5449078664419,4651.71855,4684.54114380607,4618.895956193929,0.01411202911494741,22.65264285714297,0.0,-0.011482112166735337,-0.0022889222460898972,0.0033707848192486944,1
2026-08-25 05:00:00+00:00,4625.704,4648.057,4623.888,4643.019,25016,4638.1176000000005,4652.6776,4651.96135,4622.37568,4646.905978091375,4641.391097874334,5.514880217040627,11.047746673925984,-5.5328664568853565,41.733040208551124,4651.96135,4684.431685781421,4619.491014218578,0.013959847616284025,22.69721428571438,0.1368561589245855,-0.008850715554341027,0.001429344196953286,0.0035895663023923223,0
2026-08-25 06:00:00+00:00,4642.947,4653.576,4636.948,4638.534,20248,4634.1868,4651.3485,4651.5977,4624.4673,4645.617981461933,4641.179460994754,4.4385204671789324,9.725901432576574,-5.287380965397642,46.47575471761212,4651.5977,4684.518036795624,4618.677363204377,0.014154421305876632,21.033571428571513,0.2918344732581544,-0.004219237179779012,-0.002857158212099642,0.0034197200373254403,1
2026-08-25 07:00:00+00:00,4638.573,4643.969,4629.751,4630.229,20826,4634.345,4649.1178,4650.93825,4626.36654,4643.2504458524045,4640.368315735883,2.8821301165216937,8.357147169365598,-5.475017052843905,45.203937566282306,4650.93825,4685.055145309948,4616.821354690052,0.014670973242849536,20.589214285714338,0.2502751346395117,0.0001708630723642468,-0.004794589445412112,0.0034474409272631486,1
2026-08-25 08:00:00+00:00,4630.217,4645.313,4620.043,4630.181,26448,4633.606,4645.3813,4649.5546,4628.1541799999995,4641.239761875111,4639.613699755447,1.6260621196643115,7.010930159425341,-5.384868039761029,47.76597573132561,4649.5546,4684.719080208551,4614.39011979145,0.015125956455506611,20.606142857142913,0.33399519734159805,-0.0007973886223974214,-0.008005277291321944,0.0032047225454604356,0
2026-08-25 09:00:00+00:00,4630.116,4642.684,4623.932,4636.53,24043,4635.6986,4641.0542000000005,4648.23335,4629.81162,4640.515183125094,4639.38527755134,1.1299055737545132,5.834725242291175,-4.704819668536662,50.045539744977404,4648.23335,4683.263333032146,4613.203366967855,0.01507238574076559,20.68942857142864,0.40848481453788293,0.002261748478783243,-0.009246333337678436,0.0030778333097774995,0
2026-08-25 10:00:00+00:00,4636.384,4642.469,4632.871,4639.332,12548,4634.9612,4636.5394,4646.9621,4631.37546,4640.3331549520035,4639.381331066055,0.9518238859482153,4.8581449710225835,-3.906321085074368,45.5023940670341,4646.9621,4681.305888589111,4612.618311410888,0.014781178692682553,19.9103571428572,0.2600278375062012,-0.0007940953935359207,-0.009637782635425807,0.003052801526510613,1
2026-08-25 11:00:00+00:00,4639.286,4647.575,4635.981,4642.554,14155,4635.7652,4634.976,4645.562550000001,4632.94274,4640.674823420926,4639.616343579682,1.0584798412446617,4.098211945066999,-3.0397321038223373,46.47019717672355,4645.562550000001,4678.0933725946625,4613.031727405339,0.014005116600856836,20.14557142857146,0.29165286875358126,0.0008666531279064582,-0.0033562406669718214,0.0026042072807796303,1
2026-08-25 12:00:00+00:00,4642.707,4644.394,4629.959,4640.756,18983,4637.8706,4636.1078,4645.1468,4634.07744,4640.687312125399,4639.70076257378,0.9865495516196461,3.475879466377528,-2.489329914757882,39.5501778693129,4645.1468,4677.701354145007,4612.592245854994,0.014016587869733838,20.041785714285783,0.06552647523583434,0.0022735376587206257,0.0024447891947143585,0.0016193821478138212,1
2026-08-25 13:00:00+00:00,4640.927,4641.223,4605.256,4616.41,51991,4635.1164,4634.3612,4643.718699999999,4634.75666,4636.952341029184,4637.9755209016475,-1.0231798724635155,2.576067598609319,-3.5992474710728346,27.40474068793432,4643.718699999999,4678.719538955378,4608.717861044621,0.015074487158482983,21.452714285714332,0.0,-0.002974181786845831,-0.003769198830525511,0.00234283039184698,1
2026-08-25 14:00:00+00:00,4616.364,4640.271,4613.093,4635.524,37163,4634.9152,4635.3069,4643.6609,4635.694740000001,4636.732596255463,4637.793926760784,-1.0613305053211661,1.848587977823222,-2.909918483144388,34.17813974533041,4643.6609,4678.71445886912,4608.60734113088,0.015097380977633412,21.834142857142847,0.24157050000835523,-0.0002169726066690858,0.002044285134651158,0.0026807864115173468,1
2026-08-25 15:00:00+00:00,4635.403,4659.705,4629.135,4652.825,32839,4637.613800000001,4636.2875,4644.48255,4636.806979999999,4639.2083506777,4638.907339593319,0.3010110843806615,1.5390725991347098,-1.2380615147540484,48.15981443737597,4644.48255,4679.58904541566,4609.37605458434,0.015117505572568033,21.856357142857114,0.9167111857252894,0.0029083928462114716,0.0021119879113136175,0.002690570597150121,1
2026-08-25 16:00:00+00:00,4652.613,4653.514,4636.893,4643.576,19296,4637.8182,4636.7917,4644.0701,4638.12066,4639.880296727284,4639.25316629011,0.6271304371739461,1.3566841667425573,-0.7295537295686112,55.600627485778475,4644.0701,4679.006799321717,4609.133400678283,0.01504572436222151,19.910285714285692,0.9999999999964534,0.00022013745020510456,0.0010869813609213352,0.0027589118056608234,1
2026-08-25 17:00:00+00:00,4643.697,4648.528,4634.113,4648.248,16361,4639.3166,4638.593599999999,4643.8557,4639.46206,4641.167635692317,4639.9194502686205,1.2481854236966683,1.3349844181333796,-0.08679899443671135,55.682788726156666,4643.8557,4678.625879588736,4609.085520411264,0.01497470284821125,19.553142857142834,0.9999999999964637,0.0016143921378326542,0.003891600177874377,0.0026853938925223224,1
2026-08-25 18:00:00+00:00,4648.291,4655.145,4644.139,4654.338,9710,4646.9021999999995,4641.0093,4643.195299999999,4640.71392,4643.193845585806,4640.987490989463,2.2063545963428624,1.5092584537752765,0.6970961425675859,61.33260644737138,4643.195299999999,4676.543578049152,4609.847021950847,0.0143643658706978,19.315785714285735,0.9999999999970525,0.008215908032431996,0.00521729064155374,0.002695872157996497,0
2026-08-25 19:00:00+00:00,4654.404,4668.293,4653.237,4666.767,10631,4653.150799999999,4644.033,4642.5436,4641.76076,4646.8204847264515,4642.897084249503,3.9234004769487,1.9920868584099616,1.9313136185387385,59.87771400049888,4642.5436,4673.287584752202,4611.799615247798,0.013244457091238462,18.66485714285714,0.9571180675706505,0.006739906858426181,0.006521471876597351,0.0027714941904620986,0
2026-08-25 20:00:00+00:00,4667.098,4669.114,4657.767,4658.71,6005,4654.327799999999,4645.9708,4641.2551,4642.3612,4648.649640922382,4644.068411342132,4.581229580249783,2.509915402777926,2.071314177471857,58.14981176584655,4641.2551,4666.214650610023,4616.295549389977,0.010755517665910302,18.28764285714286,0.9061893635107255,0.0012648229838860825,0.004176894432215583,0.0028722832573718593,0
2026-08-25 22:00:00+00:00,4658.025,4673.663,4657.731,4672.439,4113,4660.1004,4648.9593,4641.9676500000005,4643.40196,4652.309542318939,4646.1699364279,6.139605891038627,3.235853500430067,2.9037523906085605,66.3343807563115,4641.9676500000005,4669.629932922716,4614.305367077285,0.011918343688894663,18.410071428571428,0.9999999999974312,0.006215683774746017,0.006437189529728826,0.002982357203807918,0
2026-08-25 23:00:00+00:00,4672.501,4673.378,4653.236,4654.735,5151,4661.397800000001,4650.3572,4643.2325,4644.0124,4652.682689654486,4646.8043855813885,5.878304073097752,3.7643436149636043,2.1139604581341476,58.35954841960477,4643.2325,4670.795729490743,4615.669270509257,0.011872431324833612,18.04378571428567,0.7951475450895766,0.0013955795818123562,0.003012224732349411,0.003291298061064801,0
2026-08-26 00:00:00+00:00,4654.95,4658.112,4634.291,4637.422,13031,4658.0146,4652.4583999999995,4643.409799999999,4644.419800000001,4650.334891246103,4646.109394056841,4.225497189262569,3.8565743298233977,0.36892285943917136,50.282589687377175,4643.409799999999,4670.764446702378,4616.055153297621,0.011782137644788056,18.405857142857062,0.5876717318526642,-0.0036344588639674047,0.004551588788690664,0.003030212237745031,1
2026-08-26 01:00:00+00:00,4637.766,4661.062,4629.352,4657.196,19753,4656.1004,4654.6256,4644.9662499999995,4645.48206,4651.390446439011,4646.930624126704,4.459822312306642,3.977223926320047,0.482598385986595,55.10989828258891,4644.9662499999995,4671.7014039660935,4618.2310960339055,0.01151145240984001,19.98528571428564,0.7116725853596707,-0.002050884477412307,0.004675199610658876,0.0030470994384458362,0
2026-08-26 02:00:00+00:00,4657.193,4670.673,4654.927,4658.595,12593,4656.0774,4655.2026,4645.7450499999995,4646.52946,4652.498839294548,4647.79465196917,4.704187325377461,4.12261660613153,0.5815707192459314,54.63679722503254,4645.7450499999995,4673.14067250378,4618.3494274962195,0.011793855327373178,20.28185714285707,0.6995198642781455,-2.468494497398499e-05,0.0012401068168264029,0.002824041346861949,0
2026-08-26 03:00:00+00:00,4658.379,4658.876,4642.475,4642.549,9073,4650.0994,4655.0999,4645.9457999999995,4646.90096,4650.968094787694,4647.406085156639,3.5620096310549343,4.01049521111621,-0.44848558006127615,50.47884074072086,4645.9457999999995,4673.177283756492,4618.714316243507,0.011722686802111514,20.422285714285604,0.5927129049279477,-0.006397087259994216,-0.0002211657567358083,0.0029786012786103184,0
2026-08-26 04:00:00+00:00,4642.548,4644.386,4638.79,4640.785,5538,4647.3094,4654.3536,4646.473599999999,4647.28408,4649.4014648203565,4646.915634404296,2.4858304160607076,3.7055622521051097,-1.219731836044402,57.402469615709265,4646.473599999999,4672.817178898472,4620.130021101527,0.011339170806209905,18.25292857142852,0.7222339782307177,-0.0029969482688058102,-0.0016055511668051636,0.002957820381728258,0
2026-08-26 05:00:00+00:00,4640.841,4649.575,4635.36,4639.832,10531,4647.7914,4652.903,4646.95615,4647.4353,4647.9292394633785,4646.390920744719,1.5383187186598661,3.2721135454160613,-1.7337948267561951,51.47050791916985,4646.95615,4672.380670507221,4621.531629492779,0.010942440464914278,17.326999999999966,0.1821607967793074,0.0005196852906637073,-0.003116662348114696,0.0029127914195072276,0
2026-08-26 06:00:00+00:00,4639.495,4641.54,4624.648,4634.12,11465,4643.1762,4649.6383000000005,4646.83565,4647.24572,4645.8047410843965,4645.481963652517,0.32277743187933083,2.6822463227087154,-2.3594688908293846,43.066624163213355,4646.83565,4672.490038738546,4621.181261261454,0.011041659602721694,16.349999999999973,0.0,-0.004954912784430832,-0.006995635308126524,0.0027247002567209505,0
2026-08-26 07:00:00+00:00,4633.993,4639.33,4626.287,4628.795,9521,4637.2162,4646.6468,4646.308800000001,4646.99166,4643.187857840643,4644.245892270849,-1.0580344302061349,1.9341901721257453,-2.99222460233188,44.35697542128941,4646.308800000001,4673.0229210953285,4619.594678904673,0.011499072595143807,16.094428571428516,0.05545662526198445,-0.006396778427830707,-0.006421305468681249,0.0027065523802096247,0
2026-08-26 08:00:00+00:00,4628.788,4630.888,4622.038,4628.168,8748,4634.34,4642.2197,4645.5895,4646.7798,4640.877110480545,4643.054937287823,-2.1778268072785067,1.1117867762448947,-3.2896135835234013,42.08962985140497,4645.5895,4673.478198011941,4617.7008019880595,0.012006527056228495,15.696928571428543,0.0,-0.003097651742609564,-0.009474923054105244,0.0024120700408537866,1
2026-08-26 09:00:00+00:00,4628.451,4630.99,4616.331,4623.398,8372,4630.8626,4639.086,4644.7216,4646.42988,4638.188016560461,4641.598867859096,-3.4108512986349524,0.20725916126892505,-3.6181104599038774,37.68331714463178,4644.7216,4674.274362651538,4615.168837348462,0.012725310662984712,15.957857142857067,0.0,-0.0037465644282163035,-0.00673228443724494,0.0021995565570022656,0
2026-08-26 10:00:00+00:00,4623.371,4624.201,4613.178,4620.313,7082,4626.958799999999,4637.3751,4644.91675,4645.83938,4635.438014012697,4640.02213690657,-4.5841228938734275,-0.7510172497595458,-3.833105644113882,30.02115983416236,4644.91675,4673.724493277609,4616.109006722391,0.012403986907885488,15.669785714285679,0.0,-0.004206833350862804,-0.003689334289611712,0.0019244254810175455,0
2026-08-26 11:00:00+00:00,4620.372,4625.209,4616.59,4624.52,8023,4625.0388,4634.1075,4644.366550000001,4645.495419999999,4633.758319549205,4638.873830469047,-5.115510919841654,-1.6239159837759678,-3.4915949360656864,34.79200768628614,4644.366550000001,4674.326903109986,4614.406196890015,0.012901803846634623,15.474928571428531,0.13138046504711667,-0.0020715907227261132,-0.007016238955800724,0.0011731308678508932,0
2026-08-26 12:00:00+00:00,4624.727,4633.485,4610.257,4614.376,18911,4622.155000000001,4629.6856,4642.4441,4645.01968,4630.776424233943,4637.059176360228,-6.2827521262852315,-2.5556832122778212,-3.7270689140074102,23.32227562188187,4642.4441,4674.9456935985245,4609.942506401475,0.014001932128175664,15.996071428571408,0.0,-0.003115065584023413,-0.009491917627524993,0.0012008275737001883,0
2026-08-26 13:00:00+00:00,4614.213,4632.027,4597.898,4631.475,31756,4622.816400000001,4628.5782,4641.8390500000005,4644.73304,4630.883897428721,4636.645533666878,-5.761636238156825,-3.1968738174536226,-2.5647624207032025,39.253174148478564,4641.8390500000005,4674.700474458211,4608.97762554179,0.014158795298260252,16.99514285714284,0.46745328179280177,0.0007145375880912574,-0.0023853275431233723,0.0016109253402339597,0
2026-08-26 14:00:00+00:00,4631.532,4633.605,4602.637,4602.831,20612,4618.7029999999995,4624.7828,4639.5682,4643.9213,4626.568067055072,4634.140753395257,-7.572686340185101,-4.072036321999919,-3.5006500181851816,35.53271043672514,4639.5682,4676.5797655125,4602.5566344875,0.015954745750908484,17.50564285714284,0.3582853670674232,-0.004448459769200053,-0.008178357756284726,0.0024795392988331516,0
2026-08-26 15:00:00+00:00,4603.048,4609.396,4582.955,4596.19,22606,4613.8784,4620.4186,4636.6608,4642.68802,4621.894518277369,4631.32958647709,-9.435068199721172,-5.14464269754417,-4.290425502177002,21.336077281612177,4636.6608,4677.703211083915,4595.618388916084,0.017703434801146462,17.12928571428568,0.0,-0.005221074849258156,-0.009405944008317735,0.0024764385644923453,0
2026-08-26 16:00:00+00:00,4596.253,4601.622,4585.496,4591.755,13951,4607.3254,4616.1821,4632.9102,4641.26402,4617.25766931162,4628.398135626935,-11.14046631531528,-6.343807421098393,-4.796658894216887,19.46606731718039,4632.9102,4676.0259200517585,4589.794479948242,0.018612801971321705,17.156428571428542,0.0,-0.007085059638622049,-0.009141973017530836,0.002474413955547743,1
2026-08-26 17:00:00+00:00,4591.537,4602.385,4590.67,4597.721,9580,4603.9944000000005,4613.0747,4629.860750000001,4639.9232999999995,4614.252027879063,4626.125755210125,-11.873727331062582,-7.449791403091231,-4.4239359279713515,27.44435052127345,4629.860750000001,4673.9103690546035,4585.811130945398,0.019028485491535685,16.82171428571428,0.21030679560200194,-0.00360937210145007,-0.006713194254660326,0.002568060512096858,1
2026-08-26 18:00:00+00:00,4597.776,4604.738,4592.332,4593.91,7790,4596.4814,4609.6489,4625.934299999999,4638.3906,4611.122485128438,4623.739402972338,-12.61691784390041,-8.483216691253068,-4.133701152647342,26.89042487107936,4625.934299999999,4667.95675344679,4583.911846553208,0.018168201587640657,17.308142857142816,0.23197898211082185,-0.008110807032317036,-0.007402064920720264,0.0025613647582624476,1
2026-08-26 19:00:00+00:00,4594.069,4601.712,4590.859,4594.242,7220,4594.7636,4606.7333,4622.90965,4637.29402,4608.525487416371,4621.554410159572,-13.028922743201292,-9.392357901642713,-3.636564841558579,27.385463997301613,4622.90965,4664.911937472465,4580.907362527534,0.018171364206724425,17.06799999999995,0.31816423277791395,-0.0018660254960479739,-0.006306184325900577,0.002571172836400738,1
2026-08-26 20:00:00+00:00,4594.212,4596.835,4583.853,4594.196,5971,4594.3648,4604.1216,4620.74835,4636.278499999999,4606.320950890776,4619.527861258864,-13.206910368087847,-10.15526839493174,-3.051641973156107,29.016524408190847,4620.74835,4664.035284375822,4577.461415624178,0.018735897779770697,16.788714285714246,0.3836925937384939,-0.00043383759157034074,-0.00565264734229054,0.002578488466921441,1
2026-08-26 22:00:00+00:00,4599.465,4613.397,4598.293,4609.178,5661,4597.8494,4602.5874,4618.34745,4635.72846,4606.760496907579,4618.761204869318,-12.000707961738954,-10.524356308293184,-1.4763516534457697,40.63976180705988,4618.34745,4658.322466299713,4578.372433700288,0.01731139405707229,17.228571428571417,0.9359133627939744,0.0037944097627160556,-0.003317533495368341,0.0028233246152187786,1
2026-08-26 23:00:00+00:00,4609.119,4624.988,4607.021,4623.552,5752,4603.0156,4603.504999999999,4616.5953,4635.471659999999,4609.343805075644,4619.116078582701,-9.772273507057434,-10.373939748046034,0.6016662409885996,48.05291219545118,4616.5953,4651.947157320438,4581.243442679562,0.01531512078628087,17.879785714285713,0.9999999999965019,0.005618218243342854,0.001988567901705318,0.0029311397364683626,0
2026-08-27 00:00:00+00:00,4623.505,4627.215,4600.419,4604.996,12589,4605.2328,4600.857099999999,4614.7176500000005,4634.535080000001,4608.674911987083,4618.070146835835,-9.395234848751898,-10.178198768187208,0.7829639194353106,43.04650776136999,4614.7176500000005,4648.205333367795,4581.229966632206,0.01451342678258744,18.74671428571433,0.8248703396446138,0.0024131948601517905,-0.005717185130007185,0.00292249167895631,1
2026-08-27 01:00:00+00:00,4604.868,4641.092,4602.226,4639.92,18993,4614.3684,4604.566000000001,4614.6744,4634.28276,4613.481848604455,4619.688654477624,-6.206805873169287,-9.383920189183625,3.177114316014338,55.97188126290653,4614.6744,4648.022272182173,4581.326527817827,0.014452968635088525,20.735500000000034,0.9999999999972606,0.009942445347894235,0.008057866995333951,0.0032120562910349405,0
2026-08-27 02:00:00+00:00,4639.997,4643.049,4623.593,4629.53,11308,4621.4352,4607.9,4614.159299999999,4633.52244,4615.9507949730005,4620.417643034837,-4.466848061836572,-8.400505763714214,3.9336577018776424,51.4705537030947,4614.159299999999,4646.162129493403,4582.156470506596,0.01387157547569007,21.509571428571494,0.8766955979507345,0.007691008394069332,0.0072538341539405415,0.003283142365374209,0
2026-08-27 03:00:00+00:00,4629.587,4638.727,4624.401,4625.377,8159,4624.675,4611.2622,4613.72215,4632.43396,4617.400980361769,4620.785002810034,-3.384022448264659,-7.397209100624303,4.013186652359644,53.346759718411064,4613.72215,4644.802505787347,4582.641794212652,0.013473007162924973,20.87371428571435,0.9280903160112772,0.0035145095285971095,0.0073222547805795735,0.0032793225022044498,0
2026-08-27 04:00:00+00:00,4625.441,4627.419,4617.105,4618.695,6476,4623.7036,4613.3596,4613.2171499999995,4631.11826,4617.600060306112,4620.630187787068,-3.030127480956253,-6.523792776690693,3.4936652957344405,45.848924228250475,4613.2171499999995,4643.586398228651,4582.847901771348,0.013166190639281521,19.17264285714295,0.7227028809773065,-0.001050491051036051,0.004561825304319367,0.0033410443329592965,0
2026-08-27 05:00:00+00:00,4618.752,4621.649,4600.837,4606.946,12331,4624.0936,4614.6632,4612.15605,4630.09342,4615.960974105172,4619.616544247285,-3.6555701421129925,-5.950148249775154,2.2945781076621614,51.50137550076248,4612.15605,4641.8001285700675,4582.511971429932,0.012854759573916805,18.44721428571438,0.877539896278489,0.0004234531365499006,0.002837669871634363,0.003456580377391023,0
2026-08-27 06:00:00+00:00,4606.889,4611.927,4597.849,4600.39,11803,4616.187599999999,4615.278,4611.00565,4629.51246,4613.565439627453,4618.192355784523,-4.6269161570699,-5.685501831234103,1.0585856741642035,51.53333917462571,4611.00565,4640.598516182936,4581.412783817064,0.012835753598755934,17.564142857142933,0.8784154739032111,-0.008519543440404065,0.0013381968124448473,0.003499070453110308,0
2026-08-27 07:00:00+00:00,4600.292,4605.871,4593.526,4600.336,10245,4610.3488,4615.892,4610.0068,4628.84166,4611.530141223229,4616.869662763447,-5.339521540217902,-5.616305773030864,0.27678423281296194,53.236281350179226,4610.0068,4639.625481348899,4580.388118651102,0.012849734342647157,17.294071428571506,0.9059331872530743,-0.00630603970597432,0.0013364688837829153,0.0034990786738192145,0
2026-08-27 08:00:00+00:00,4600.408,4606.963,4594.632,4598.829,8342,4605.0392,4614.857099999999,4608.72225,4628.2969,4609.576119496579,4615.533317373562,-5.957197876982718,-5.684484193821235,-0.27271368316148337,50.43242061881426,4608.72225,4637.916062313307,4579.528437686693,0.012668939775360431,17.338071428571507,0.809519146168691,-0.005739640249865174,-0.002245302741616828,0.0033228994814879353,0
2026-08-27 09:00:00+00:00,4598.913,4600.726,4577.674,4580.444,11481,4597.389,4610.5463,4607.0256500000005,4627.0454,4605.094254958643,4612.934108679224,-7.839853720580322,-6.115558099173053,-1.7242956214072693,45.28137921368019,4607.0256500000005,4638.676539138181,4575.37476086182,0.013740270422927164,18.098500000000058,0.6260286152699619,-0.008281776562427123,-0.009323567681297718,0.003290373687499248,1
2026-08-27 10:00:00+00:00,4580.169,4590.679,4568.888,4590.193,10277,4594.0384,4609.066000000001,4604.96155,4626.07858,4602.801754195775,4611.249582110392,-8.447827914616937,-6.58201206226183,-1.865815852355107,48.66902903876876,4604.96155,4635.254180456161,4574.668919543839,0.01315651830194353,18.87978571428578,0.7290760325091715,-0.0036364654588961765,-0.003214552195050735,0.0032237171381259513,1
2026-08-27 11:00:00+00:00,4590.054,4600.442,4587.157,4598.164,8131,4593.5932,4604.890399999999,4604.7282,4625.43728,4602.0882535502715,4610.2802797318445,-8.192026181573056,-6.904014886124076,-1.288011295448979,51.23975204959005,4604.7282,4635.16150873628,4574.294891263719,0.013218286689008136,18.901428571428628,0.6913584434941842,-0.0004838720195462498,-0.008999293091260241,0.0018827022375775269,1
2026-08-27 12:00:00+00:00,4598.218,4601.312,4580.544,4585.671,11237,4590.6602,4600.5045,4604.20225,4624.54708,4599.562522234844,4608.457370122079,-8.894847887234391,-7.30218148634614,-1.592666400888251,42.53949715315821,4604.20225,4635.604993351764,4572.799506648236,0.013640905262910204,19.0133571428572,0.0,-0.0031878106294844777,-0.009473747875054173,0.001925965221323669,1
2026-08-27 13:00:00+00:00,4585.971,4593.431,4564.963,4572.419,25828,4585.3782,4595.2087,4603.23545,4623.264859999999,4595.386595737176,4605.7878612241475,-10.40126548697117,-7.921998286471147,-2.479267200500023,33.65532760946411,4603.23545,4637.327200138892,4569.143699861108,0.014812081853815304,19.76342857142858,0.0,-0.005742766256366494,-0.011449445093881128,0.00202067582951428,1
2026-08-27 14:00:00+00:00,4572.486,4598.412,4568.245,4591.393,23338,4587.568,4592.478499999999,4602.9190499999995,4622.30608,4594.772196392995,4604.721575207544,-9.949378814549164,-8.327474392086751,-1.6219044224624124,45.663387295251766,4602.9190499999995,4637.342137615819,4568.49596238418,0.014957068435005346,20.0042142857143,0.5380785883075435,0.0023903796225868135,-0.005911193529773984,0.002616348699236041,1
2026-08-27 15:00:00+00:00,4591.177,4611.45,4588.692,4610.301,14499,4591.589599999999,4592.814,4603.7386,4621.66102,4597.161243101765,4605.134865932911,-7.973622831146713,-8.256704079898743,0.2830812487520298,39.4836070812297,4603.7386,4638.03883637982,4569.438363620179,0.014901035597381871,18.85364285714286,0.29598047716843656,0.004380643689709807,0.0007282481713484223,0.0028966182996941077,0
2026-08-27 16:00:00+00:00,4610.425,4616.846,4602.386,4614.827,10474,4594.9222,4594.2577,4604.767849999999,4621.14244,4599.87905185534,4605.852801789732,-5.973749934392799,-7.800113250797554,1.8263633164047546,44.55279010662511,4604.767849999999,4639.103605849609,4570.432094150389,0.014913132200403979,18.496785714285643,0.5534113738814515,0.003623837688260023,0.0031382121950529474,0.0028578473792296635,0
2026-08-27 17:00:00+00:00,4614.888,4616.502,4605.138,4606.596,8662,4599.1072,4594.8837,4605.38785,4620.9461599999995,4600.912428492979,4605.907853509011,-4.9954250160317315,-7.23917560384439,2.2437505878126585,43.24604242036263,4605.38785,4639.365783199369,4571.409916800631,0.014755731463254994,18.28521428571425,0.48979814455653153,0.004563127184658233,0.0013607701698308272,0.0029343996722051026,0
2026-08-27 18:00:00+00:00,4606.596,4611.306,4600.693,4610.271,8138,4606.6776,4596.0279,4605.4425,4620.4411,4602.352208724828,4606.231049545381,-3.8788408205527958,-6.567108647186071,2.6882678266332753,46.903624200544,4605.4425,4639.449604275829,4571.435395724171,0.01476822445436202,18.306571428571324,0.6765909754163176,0.00827833144775214,0.0024880246688885332,0.002936059211905044,0
2026-08-27 19:00:00+00:00,4610.599,4618.198,4604.368,4609.118,7873,4610.2226,4598.8953,4604.7208,4619.56696,4603.39309969024,4606.444897727205,-3.0517980369650104,-5.86404652514186,2.8122484881768495,50.865793963359415,4604.7208,4637.707027470613,4571.734572529387,0.014327134653033861,17.807857142857042,0.878939125320607,0.0038604841711438187,0.006260091816426616,0.0025466348012559083,0
2026-08-27 20:00:00+00:00,4609.057,4609.814,4599.944,4600.824,3997,4608.3272,4599.9584,4604.5122,4618.71192,4602.997853584049,4606.028534932597,-3.0306813485476596,-5.297373489823021,2.266692141275361,50.17063504544997,4604.5122,4637.543834754164,4571.480565245836,0.014347506671461901,17.50728571428564,0.8434373347995235,-0.002055614156212582,0.0023160246203153267,0.00259187296758184,0
2026-08-27 22:00:00+00:00,4606.394,4610.949,4601.247,4610.828,4131,4607.527400000001,4601.224800000001,4603.0576,4617.96352,4604.202491494196,4606.384050863516,-2.1815593693199844,-4.674210665722414,2.492651296402429,53.825790172255395,4603.0576,4631.808918705246,4574.306281294755,0.01249226979268974,17.34871428571419,0.9999999999950423,-0.0008665546942495661,0.0027541427404504937,0.0026235742434879096,0
2026-08-27 23:00:00+00:00,4610.828,4611.58,4594.233,4594.595,4496,4605.1272,4602.1172,4601.31085,4616.76866,4602.724415879704,4605.510787836589,-2.7863719568849774,-4.296642923954926,1.5102709670699488,48.60584268479024,4601.31085,4627.413227308072,4575.208472691927,0.011345626565556809,17.70699999999988,0.7412083401017991,-0.0026051774455583265,0.0019460619830773407,0.002735441605698706,0
2026-08-28 00:00:00+00:00,4594.651,4602.622,4585.548,4588.647,10214,4600.8024,4603.74,4599.4743499999995,4615.20626,4600.558659590519,4604.261618367212,-3.702958776692867,-4.177906094502514,0.4749473178096473,52.942020357073474,4599.4743499999995,4623.5360070124725,4575.4126929875265,0.010462785606130409,17.27999999999994,0.9561849505173055,-0.004690396725051449,0.0035491060639893934,0.002577309079227612,0
2026-08-28 01:00:00+00:00,4588.994,4602.291,4575.198,4576.072,19131,4594.1932,4602.2079,4597.3432,4613.5535,4596.791481191977,4602.173498488159,-5.382017296181402,-4.418728334838292,-0.9632889613431104,45.036101717555944,4597.3432,4621.784220088258,4572.902179911743,0.010632671534401682,17.658714285714204,0.564229703340055,-0.007169701448303201,-0.0033368957961124046,0.0023629043730076784,1
2026-08-28 02:00:00+00:00,4576.011,4589.525,4574.964,4586.204,9237,4591.2692,4599.7982,4596.3061,4611.8288,4595.162637931673,4600.990572674221,-5.827934742547768,-4.7005696163801876,-1.1273651261675806,45.858668402609496,4596.3061,4620.791682996123,4571.820517003876,0.010654461414623109,17.74985714285705,0.6050104579949767,-0.0031776916482786355,-0.005226773696554887,0.0020157037528082313,1
2026-08-28 03:00:00+00:00,4586.113,4590.056,4578.627,4580.098,7461,4585.1232,4596.3252999999995,4595.2915,4610.3360600000005,4592.845001326801,4599.442974698352,-6.597973371551234,-5.0800503674143975,-1.5179230041368363,47.980958039576464,4595.2915,4620.727773034,4569.855226966,0.011070580847373836,17.08278571428556,0.710228155920827,-0.006664746548776135,-0.007525525875617944,0.001955791390019813,1
2026-08-28 04:00:00+00:00,4579.796,4585.486,4577.838,4584.227,5270,4583.0496,4594.0884,4594.48605,4609.2721599999995,4591.519154968832,4598.315865461437,-6.796710492605598,-5.4233823924526385,-1.3733281001529596,54.58072124635336,4594.48605,4620.267602436972,4568.704497563029,0.011222823252220626,15.595642857142723,0.9999999999933762,-0.002256564506773806,-0.004855863201374655,0.0019827721329906197,1
2026-08-28 05:00:00+00:00,4584.492,4586.477,4571.401,4573.562,9611,4580.0326000000005,4590.4175000000005,4593.2227,4607.59948,4588.756515742858,4596.482245797627,-7.725730054768974,-5.8838519249159065,-1.8418781298530673,42.60609227145692,4593.2227,4620.538797848926,4565.906602151074,0.011894088152497326,14.517714285714126,0.20682662633762788,-0.0032874614238140865,-0.007962438650569559,0.002004234328516122,1
2026-08-28 06:00:00+00:00,4573.619,4613.35,4572.433,4612.515,13912,4587.3212,4590.7572,4594.82625,4606.67788,4592.411667167034,4597.669857220025,-5.258190052991267,-5.758719550530979,0.5005294975397119,50.78720559790644,4594.82625,4622.742568267227,4566.909931732773,0.012151196475482538,15.814785714285595,0.6832039091592774,0.007963817002879292,0.0007370173642766709,0.003573406519092265,0
2026-08-28 07:00:00+00:00,4612.516,4614.458,4596.547,4611.64,10727,4592.4084,4591.8387999999995,4595.8985999999995,4606.0597,4595.369872218259,4598.704682611135,-3.3348103928756245,-5.273937718999909,1.939127326124284,48.83663203697084,4595.8985999999995,4624.699222853775,4567.097977146224,0.01253318463282683,16.061285714285663,0.5203117172585107,0.005546198991584372,0.002350883233090517,0.003515144849509987,0
2026-08-28 08:00:00+00:00,4611.571,4614.722,4600.839,4603.045,8362,4596.9978,4591.0605,4596.14265,4605.3049,4596.550661107758,4599.026187602902,-2.47552649514364,-4.714255474228655,2.238728979085015,48.707194710821035,4596.14265,4625.106359425073,4567.178940574927,0.012603485849192658,16.241214285714186,0.5095024198330893,0.005010154804547806,-0.0016879831561706915,0.0035001992467353776,1
2026-08-28 09:00:00+00:00,4603.043,4607.394,4600.301,4605.202,7553,4601.1928,4592.1212,4597.119199999999,4604.6123,4597.881636321949,4599.483655187872,-1.6020188659222185,-4.091808152567368,2.4897892866451494,48.13391351725478,4597.119199999999,4625.912845399214,4568.325554600784,0.012526821318540172,15.989785714285647,0.4616277679534119,0.0045754715026111725,0.0023085821492427883,0.0032964607151775385,0
2026-08-28 10:00:00+00:00,4605.239,4609.895,4597.392,4599.944,7134,4606.4692000000005,4593.2509,4598.49545,4603.92878,4598.198923041649,4599.517754803585,-1.3188317619360532,-3.5372128744411047,2.2183811125050514,46.721791829850545,4598.49545,4624.845721772428,4572.145178227573,0.01146038832002225,15.894999999999982,0.3437016350976207,0.005768370473604678,0.0024619457543804124,0.003288925410875884,0
2026-08-28 11:00:00+00:00,4600.151,4601.418,4591.211,4593.5,8543,4602.666200000001,4594.9937,4598.6008,4603.22288,4597.476011804472,4599.071995188505,-1.595983384032479,-3.1489669763593797,1.5529835923269006,47.347799006330106,4598.6008,4624.848156394336,4572.353443605664,0.011415366341142652,15.919071428571376,0.395979428237324,-0.004122479818493896,0.003808506509513032,0.0031789995011226656,0
2026-08-28 12:00:00+00:00,4593.378,4603.871,4588.94,4601.489,12768,4600.636,4596.5222,4598.1602,4602.6893,4598.093394603785,4599.2510325819485,-1.1576379781636206,-2.750701176720228,1.5930631985566075,46.568032985689726,4598.1602,4623.87094774664,4572.4494522533605,0.011183058714065575,16.262357142857127,0.3308612502738508,-0.002201169215290122,0.0033328216538122124,0.003152065883174164,0
2026-08-28 13:00:00+00:00,4601.429,4627.528,4593.586,4604.913,22832,4601.009599999999,4599.0037,4597.664500000001,4602.3196,4599.142564664741,4599.670437575878,-0.5278729111369103,-2.3061355236035648,1.7782626124666545,54.185801217038254,4597.664500000001,4622.38549396245,4572.943506037552,0.010753718094240685,17.447714285714287,0.9670202700860527,0.00040581832243646865,0.0054180063396023215,0.0030978515432838792,0
2026-08-28 14:00:00+00:00,4604.88,4632.312,4529.642,4576.69,86436,4595.307199999999,4598.25,4596.1692,4601.44714,4595.688323947089,4597.968182940628,-2.2798589935391647,-2.300880217590685,0.021021224051520182,45.89177117333779,4596.1692,4622.198719044571,4570.13968095543,0.011326614801113242,23.561714285714256,0.27438669780429176,-0.006191259362781643,-0.0016441157909502513,0.0037392539561407353,0
2026-08-28 15:00:00+00:00,4576.632,4583.12,4523.81,4524.668,52368,4580.2519999999995,4593.3606,4591.88905,4599.4501,4584.762120262922,4592.53853975984,-7.7764194969186065,-3.39598807345627,-4.380431423462337,36.10492398849542,4591.88905,4632.322133121279,4551.455966878721,0.017610653341582457,25.862928571428515,0.0,-0.016364547046659905,-0.010690573343053011,0.005148833228511685,0
2026-08-28 16:00:00+00:00,4524.542,4529.398,4464.001,4479.536,61073,4557.459199999999,4580.0627,4585.40995,4596.753299999999,4568.573486376318,4584.167981259111,-15.594494882792787,-5.835689435323575,-9.758805447469213,25.754186896514156,4585.40995,4649.073967583748,4521.745932416253,0.027768081056197564,29.49407142857139,0.0,-0.02480983999129205,-0.028830041745121715,0.004619621177637764,0
2026-08-28 17:00:00+00:00,4479.602,4486.669,4460.347,4469.271,29984,4531.015600000001,4565.8258000000005,4578.8323,4593.50922,4553.296180779962,4575.657093758436,-22.360912978473607,-9.140734143953583,-13.220178834520024,25.27628931294643,4578.8323,4660.444492161978,4497.220107838022,0.03564760044257479,30.55785714285717,0.0,-0.028733742490745895,-0.03087166387662532,0.004528952838971132,0
2026-08-28 18:00:00+00:00,4469.214,4471.811,4445.327,4456.945,23619,4501.4220000000005,4551.2158,4571.138150000001,4590.5915,4538.472922198429,4566.863605331885,-28.39068313345615,-12.990723941854098,-15.399959191602052,22.6072621466203,4571.138150000001,4667.696179749667,4474.580120250334,0.042246821942874886,31.903285714285694,0.0,-0.03213263746785222,-0.03173985915844846,0.004510146634688154,0
2026-08-28 19:00:00+00:00,4456.804,4467.103,4452.787,4458.47,17091,4477.778,4536.542599999999,4564.3319,4587.837100000001,4526.1647803217475,4558.834449381375,-32.66966905962727,-16.926512965408733,-15.743156094218534,24.216355718049556,4564.3319,4672.4291171604,4456.2346828396,0.047366063436534864,31.848999999999965,0.05095528858494666,-0.025830895253993513,-0.031862228844684815,0.004498847761225649,0
2026-08-28 20:00:00+00:00,4458.38,4462.731,4453.011,4456.173,7826,4464.079,4522.1655,4557.7082,4585.125459999999,4515.396814118401,4551.229897575347,-35.83308345694604,-20.707827063716195,-15.125256393229847,8.092445264083452,4557.7082,4675.345864239828,4440.070535760172,0.05162141105910561,29.620642857142748,0.0,-0.015138127261491885,-0.03125494571238274,0.004535280030314601,0
2026-08-30 22:00:00+00:00,4439.091,4466.165,4439.026,4461.413,7189,4460.4544,4508.9568,4551.97525,4582.3993,4507.09161194634,4544.576794051248,-37.485182104907835,-24.063298071954527,-13.421884032953308,10.652341314949922,4551.97525,4676.800725896394,4427.149774103606,0.054844531896957906,30.279785714285612,0.05553720266048051,-0.004045731522193452,-0.02875519756177214,0.004715998410433561,0
2026-08-30 23:00:00+00:00,4461.628,4466.93,4435.659,4458.279,9984,4458.255999999999,4494.6358,4545.579,4579.68668,4499.581979339211,4538.184364862266,-38.60238552305509,-26.971115562174642,-11.631269960880449,10.966047585150719,4545.579,4676.004043576656,4415.1539564233435,0.05738544796016359,31.52178571428567,0.06234309178949729,-0.0024594615094943872,-0.031122534466560547,0.004507526992118916,0
2026-08-31 00:00:00+00:00,4458.34,4472.462,4452.069,4456.482,17191,4458.1633999999995,4479.7927,4539.3982,4576.93148,4492.951213287025,4532.132337835431,-39.18112454840593,-29.4131173594209,-9.768007188985031,9.821910998724775,4539.3982,4674.565507817171,4404.230892182828,0.05955296357000433,32.47178571428568,0.0375209333076713,-0.00010388281659290399,-0.03223318225556049,0.004411044556352993,0
2026-08-31 01:00:00+00:00,4456.638,4463.38,4435.876,4440.3,35578,4454.5294,4466.153700000001,4532.2018499999995,4573.8535600000005,4484.8510266274825,4525.329942440214,-40.47891581273143,-31.62627705008301,-8.852638762648418,9.274489795918313,4532.2018499999995,4672.546192022664,4391.8575079773345,0.06193207922664122,33.54328571428563,0.025644575175622956,-0.004075389090876458,-0.02980101339614427,0.004300004477035187,0
2026-08-31 02:00:00+00:00,4440.355,4441.617,4396.433,4423.059,27107,4447.9066,4455.9928,4524.6767,4570.13118,4475.344560992486,4517.754317074272,-42.40975608178633,-33.78297285642368,-8.626783225362644,8.790262914839147,4524.6767,4671.6657652231515,4377.687634776848,0.06497218474113368,36.04164285714283,0.015139224218484093,-0.007431040042655379,-0.02245667527429629,0.00319327970304825,1
2026-08-31 03:00:00+00:00,4422.732,4434.163,4419.647,4422.589,12176,4440.1418,4450.2981,4515.1804,4566.111919999999,4467.228320839796,4510.70503432803,-43.476713488234054,-35.72172098278576,-7.754992505448293,5.1129577775771935,4515.1804,4662.814526294982,4367.546273705018,0.06539456376758802,36.01199999999991,0.0,-0.008702175745666119,-0.01271270060113372,0.0017396666890457178,1
2026-08-31 04:00:00+00:00,4422.623,4425.113,4412.854,4424.361,8839,4433.3582,4445.8071,4505.81645,4562.49922,4460.633348402905,4504.309179933361,-43.67583153045598,-37.31254309231981,-6.363288438136173,4.319775738010307,4505.81645,4651.433290563713,4360.199609436288,0.06463505212854939,34.463214285714194,0.0,-0.0076078684173871425,-0.010048618667339637,0.0017732502633693956,1
2026-08-31 05:00:00+00:00,4424.638,4444.021,4419.071,4442.83,15136,4430.6278,4444.395600000001,4497.805699999999,4558.55742,4457.894371725534,4499.755166604964,-41.860794879429704,-38.22219344974179,-3.6386014296879168,14.374680633623043,4497.805699999999,4638.443880675096,4357.167519324902,0.06253635219284681,28.911785714285607,0.3163397199328036,-0.0030634029263441054,-0.003166967508012708,0.002292235902897696,1
2026-08-31 06:00:00+00:00,4442.89,4443.251,4429.202,4439.439,12875,4430.455599999999,4442.4925,4489.51755,4554.7556,4455.05508376776,4495.287302412004,-40.2322186442434,-38.624198488642115,-1.608020155601288,19.395149417197743,4489.51755,4622.854916073202,4356.180183926797,0.05939941857369608,25.678857142857073,0.7033257675070831,-0.00019390581717448896,-0.004268504666399053,0.0022836729474553902,1
2026-08-31 07:00:00+00:00,4439.111,4448.399,4434.966,4443.162,10341,4434.4762,4441.191400000001,4481.67845,4551.1113000000005,4453.22537857272,4491.426168900003,-38.20079032728336,-38.53951685637037,0.33872652908701184,31.409968108594484,4481.67845,4605.796695012668,4357.560204987332,0.0553891790307571,21.96714285714279,0.9999999999963087,0.004545044504267404,-0.0029197699460948856,0.002317629459590596,0
2026-08-31 08:00:00+00:00,4443.085,4449.624,4433.696,4435.482,8662,4437.0548,4438.5983,4473.777550000001,4547.44704,4450.495628023071,4487.282156388892,-36.78652836582114,-38.188919158260525,1.402390792439384,32.26243346247145,4473.777550000001,4587.616704831787,4359.938395168215,0.05089173681949648,21.224714285714203,0.9999999999964213,0.0029152607217175497,-0.005812284135093382,0.002295402571883752,0
2026-08-31 09:00:00+00:00,4435.847,4445.693,4435.417,4445.199,6919,4441.222400000001,4437.2903,4465.96305,4544.2121,4449.680762173368,4484.16488554527,-34.48412337190257,-37.447960000988935,2.963836629086366,43.66026900408034,4465.96305,4563.125007494614,4368.801092505387,0.04351220841140344,20.066999999999943,0.999999999997458,0.004709832674141934,-0.002933867530497958,0.0024550859953072724,0
2026-08-31 10:00:00+00:00,4445.257,4455.725,4444.699,4453.8,8097,4443.4164,4437.0221,4458.4074,4541.2803,4450.314491069773,4481.915634764139,-31.60114369436633,-36.278596739664415,4.677453045298087,47.6583027458531,4458.4074,4530.286263984718,4386.528536015282,0.03224418835511443,19.83200000000001,0.9999999999976925,0.0024691469176179037,-0.0006018200006192576,0.0025526187672125435,0
2026-08-31 11:00:00+00:00,4453.951,4464.101,4452.456,4455.251,8255,4446.5788,4438.5172,4452.3354500000005,4538.3786,4451.073953982115,4479.940476633462,-28.866522651346713,-34.796181922000876,5.929659270654163,49.53372172998363,4452.3354500000005,4497.810788669818,4406.860111330183,0.02042763362307643,19.96950000000002,0.9999999999977882,0.0035617112882957436,0.0033671148345832957,0.0022223956858975734,0
2026-08-31 12:00:00+00:00,4455.441,4461.098,4435.396,4435.582,14778,4445.0628,4439.7695,4447.88115,4535.11366,4448.690576446405,4476.654663549502,-27.964087103096972,-33.429762958220095,5.4656758551231235,38.600315983653886,4447.88115,4478.574523385602,4417.187776614398,0.013801346011955455,19.866857142857175,0.7581851018191038,-0.0017059922640677572,0.0028312984294354138,0.0023380195278750043,1
2026-08-31 13:00:00+00:00,4435.767,4448.226,4415.514,4418.679,24021,4441.702200000001,4439.3785,4444.8383,4531.87836,4444.073410839266,4472.360169953244,-28.286759113977496,-32.401162189371576,4.11440307539408,34.41754678670921,4444.8383,4474.362428830305,4415.314171169695,0.01328468071844369,19.969785714285667,0.6656745034811933,-0.0037883143252525064,-0.0008840975274889695,0.00267599745368435,1
2026-08-31 14:00:00+00:00,4418.461,4436.303,4416.06,4431.866,25353,4439.0356,4440.129,4442.96805,4528.7118199999995,4442.195347633225,4469.360601808559,-27.165254175334667,-31.353980586564195,4.188726411229528,41.110533310221314,4442.96805,4470.657376869835,4415.278723130165,0.012464337604154045,19.95907142857134,0.8137037536750491,-0.002999415774186831,0.001696290153538671,0.0028473660990626605,1
2026-08-31 15:00:00+00:00,4431.539,4437.886,4424.434,4426.255,19343,4433.526599999999,4438.4715,4441.43355,4525.27364,4439.742986458883,4466.1675942671845,-26.424607808301516,-30.36810603091166,3.9434982226101454,44.50873831958398,4441.43355,4469.262714977536,4413.604385022463,0.012531613797322936,18.95535714285708,0.8888620911039128,-0.006184606403520587,-0.0037307301877406163,0.0024959747097093336,1
2026-08-31 16:00:00+00:00,4426.111,4440.435,4423.593,4433.078,11707,4429.092,4437.8354,4440.16395,4522.22178,4438.717603926747,4463.716513210356,-24.998909283609464,-29.294266681451223,4.295357397841759,54.264601973320254,4440.16395,4467.020423942241,4413.307476057759,0.01209706409252788,16.93092857142853,0.9999999999979977,-0.004976823976920675,-0.0014328386987635389,0.002561273010233673,1
2026-08-31 17:00:00+00:00,4433.378,4440.104,4428.548,4436.578,9140,4429.291200000001,4437.177,4439.184200000001,4519.50496,4438.388434091863,4461.706252972553,-23.31781888068963,-28.098977121298905,4.781158240609276,55.80470883092544,4439.184200000001,4464.990786548683,4413.377613451318,0.011626724815195723,16.71950000000002,0.9999999999980577,0.00022454775945979222,-0.001481827581348516,0.002559233874523286,1
2026-08-31 18:00:00+00:00,4436.499,4436.975,4426.118,4430.751,7224,4431.7056,4436.7039,4437.6511,4516.29212,4437.213444231576,4459.413271270882,-22.199827039306,-26.919147104900325,4.719320065594324,52.56519365405625,4437.6511,4461.463507070136,4413.838692929864,0.01073198705059802,16.61935714285716,0.9218075555842294,0.002732038240388146,-0.0010666259044675996,0.002533943699285874,1
2026-08-31 19:00:00+00:00,4430.82,4453.768,4429.096,4453.642,9257,4436.060800000001,4437.5482,4437.419250000001,4513.15894,4439.740914349795,4458.985769695261,-19.24485534546602,-25.384288753013465,6.139433407547443,54.191542481430325,4437.419250000001,4460.4639183213785,4414.374581678623,0.010386518389659791,16.599500000000067,0.9556938788723033,0.004913505958889619,0.0018993525374229048,0.0029704567576491914,0
2026-08-31 20:00:00+00:00,4453.468,4455.931,4446.512,4448.597,4868,4440.5292,4437.027899999999,4437.025,4509.83434,4441.103389065211,4458.216231199316,-17.11284213410545,-23.729999429231864,6.617157295126415,53.50537403925628,4437.025,4458.938535840716,4415.111464159283,0.00987758051429351,16.268785714285773,0.905744651360245,0.005047607966554013,-0.0011682159055189656,0.0029287750335072324,0
2026-08-31 22:00:00+00:00,4450.255,4455.942,4445.436,4447.072,3766,4443.3279999999995,4436.21,4437.3636,4506.64386,4442.021636901332,4457.390732591959,-15.369095690626636,-22.05781868151082,6.688722990884184,51.52223000856492,4437.3636,4459.695489338371,4415.0317106616285,0.010065386275026542,16.059714285714367,0.818094098577203,0.0031567231616496105,-0.0018358112707903551,0.0029252739445957926,0
2026-08-31 23:00:00+00:00,4447.143,4452.392,4441.729,4452.176,4264,4446.4475999999995,4437.8694000000005,4438.819450000001,4503.48196,4443.58384660882,4457.004456103666,-13.420609494845849,-20.330376844177827,6.909767349331979,56.63228820697013,4438.819450000001,4461.020842630099,4416.618057369903,0.01000328708125214,15.683642857142916,0.9999999999954986,0.0035157727419645735,0.003741109960316402,0.0025330919435335164,0
2026-09-01 00:00:00+00:00,4452.489,4461.517,4446.041,4453.527,12609,4451.0028,4441.3542,4440.36635,4500.37014,4445.113562515155,4456.746866762654,-11.633304247498927,-18.59096232484205,6.9576580773431225,53.54419174724245,4440.36635,4462.112784638198,4418.619915361803,0.009794883090309686,16.055071428571473,0.8609888631430441,0.0051404378174264576,0.007886519930504043,0.0020690705189710702,0
2026-09-01 01:00:00+00:00,4453.601,4457.219,4436.217,4444.281,18187,4449.1305999999995,4442.5957,4441.36235,4497.23928,4444.985475974361,4455.82346922468,-10.837993250318505,-17.04036850993734,6.202375259618837,45.97106650978124,4441.36235,4461.8080324859275,4420.916667514073,0.009206941868153197,16.767642857142878,0.5200834663995977,-0.0021018752742137936,0.0028013031079909823,0.0020908674562947426,0
2026-09-01 02:00:00+00:00,4444.216,4449.29,4427.708,4443.308,13271,4448.0728,4444.301,4441.3862500000005,4493.88888,4444.727402747537,4454.896397430259,-10.16899468272186,-15.666093744494244,5.497099061772385,44.92456759168746,4441.3862500000005,4461.840271926972,4420.932228073029,0.009210647656222697,17.47742857142865,0.4729751567284976,-0.0011889141677701165,0.00385269262615906,0.0020300762153618035,0
2026-09-01 03:00:00+00:00,4442.976,4444.284,4431.838,4436.804,8593,4446.019200000001,4444.6736,4441.2545,4490.73306,4443.508417709454,4453.5562198428315,-10.047802133377445,-14.542435422270886,4.494633288893441,50.58474495166989,4441.2545,4461.795095916882,4420.713904083118,0.009249907167842785,16.530571428571484,0.7277689106992097,-0.0023089349576530527,0.0008404995355371092,0.0020622796910192225,0
2026-09-01 04:00:00+00:00,4436.558,4437.821,4425.368,4426.73,7686,4440.929999999999,4443.6888,4440.4329,4487.49472,4440.927122677231,4451.569092447066,-10.641969769835669,-13.762342291783844,3.120372521948175,54.12191151022387,4440.4329,4461.943844072598,4418.9219559274015,0.009688669801810653,15.083500000000056,0.8382672118243593,-0.005715407477152934,-0.002219728809005672,0.0021704719780066125,0
2026-09-01 05:00:00+00:00,4426.862,4446.063,4423.859,4440.346,11917,4438.2937999999995,4444.648299999999,4440.676100000001,4484.780199999999,4440.8377191884265,4450.737752265803,-9.900033077376065,-12.989880448902289,3.089847371526224,54.3225609134466,4440.676100000001,4462.060977154065,4419.291222845936,0.009631360933558864,15.223571428571502,0.8094842422343957,-0.0029596766787314266,0.0021655471047683506,0.0023603163758139545,0
2026-09-01 06:00:00+00:00,4440.286,4440.757,4427.681,4429.849,10101,4435.4074,4442.268999999999,4439.908600000001,4481.6530999999995,4439.147147005591,4449.1904372831505,-10.043290277559208,-12.400562414633674,2.3572721370744656,51.7450668116843,4439.908600000001,4461.7078030600305,4418.109396939971,0.009819662981364014,15.196714285714345,0.58256422783402,-0.003247319420171646,-0.005342369233988675,0.001721177336030106,0
2026-09-01 07:00:00+00:00,4429.794,4434.967,4412.087,4420.329,14080,4430.811599999999,4439.4422,4438.23505,4478.45772,4436.25204746627,4447.052553039955,-10.800505573684859,-12.080551046443912,1.2800454727590527,43.96771171443948,4438.23505,4460.673735142548,4415.796364857452,0.010111535279118625,15.627999999999961,0.0,-0.005171597377449433,-0.006354362959827609,0.0017891109153306225,0
2026-09-01 08:00:00+00:00,4420.153,4420.153,4369.088,4370.939,30106,4417.6386,4431.8289,4434.019450000001,4474.19196,4426.203886317613,4441.414512074032,-15.210625756419176,-12.706565988438966,-2.504059767980211,28.34596834319707,4434.019450000001,4470.366865548185,4397.672034451816,0.01639479301254958,18.462642857142782,0.0,-0.014845145289266726,-0.017119803772009945,0.0037717127797790777,0
2026-09-01 09:00:00+00:00,4370.614,4378.228,4364.608,4364.846,18735,4405.2618,4423.095899999999,4430.48265,4470.01764,4416.764211499519,4435.742770438918,-18.97855893939959,-13.960964578631092,-5.0175943607684985,28.29630702961859,4430.48265,4478.182887158203,4382.782412841797,0.021532749782104656,18.65999999999992,0.0,-0.013979619267495469,-0.01961512752415917,0.0036404288255805226,0
2026-09-01 10:00:00+00:00,4364.802,4386.083,4364.174,4378.265,12413,4392.845600000001,4415.5697,4428.46195,4465.33264,4410.841255884208,4431.485157813813,-20.643901929604908,-15.297552048825855,-5.346349880779053,23.525362293389506,4428.46195,4481.403680067188,4375.520219932811,0.02390975948983302,18.46264285714272,0.0,-0.013981117687675515,-0.016899414778444033,0.00392711887430935,0
2026-09-01 11:00:00+00:00,4378.319,4387.349,4371.91,4374.545,12164,4381.784799999999,4408.5961,4425.5959,4460.590740000001,4405.257216517407,4427.2673683461235,-22.010151828716516,-16.64007200480399,-5.370079823912526,23.74638379942172,4425.5959,4483.714820382918,4367.476979617082,0.026264901584402714,18.89264285714275,0.006675989990991096,-0.012484398452407786,-0.015691177043035687,0.003933074402989812,0
2026-09-01 12:00:00+00:00,4374.49,4376.193,4351.843,4356.35,22815,4368.9890000000005,4399.9003,4422.100649999999,4455.65684,4397.733029360883,4422.014229950114,-24.281200589231048,-18.168297721689402,-6.112902867541646,21.23625572281928,4422.100649999999,4487.947069570188,4356.25423042981,0.029780606450099247,19.881499999999896,0.0,-0.014473809528657067,-0.019570554190706524,0.003979418621674532,0
2026-09-01 13:00:00+00:00,4356.297,4367.511,4326.058,4365.584,37697,4367.918,4392.7783,4418.72595,4450.86448,4392.787024843824,4417.834212916772,-25.047188072948302,-19.544075791941182,-5.50311228100712,23.246329526916696,4418.72595,4488.974642995396,4348.477257004604,0.03179590397335942,22.08078571428567,0.06075244100271293,-0.0012251372073599498,-0.016052095156784074,0.004185795327242027,0
2026-09-01 14:00:00+00:00,4365.457,4375.661,4353.152,4360.261,25674,4367.000999999999,4386.1314,4414.910099999999,4446.07082,4387.783021021698,4413.569530478493,-25.786509456795102,-20.79256252491197,-4.9939469318831335,21.874623048901242,4414.910099999999,4489.247757929731,4340.572442070267,0.033675728948470283,22.58314285714284,0.019294004646395788,-0.0010504379765057248,-0.015015372521025472,0.0041805322404806404,0
2026-09-01 15:00:00+00:00,4360.318,4373.99,4355.036,4373.07,17162,4365.9619999999995,4379.4038,4412.02605,4441.662219999999,4385.5194793260525,4410.569565257864,-25.050085931811736,-21.644067206291925,-3.406018725519811,28.97730962938455,4412.02605,4488.228301732061,4335.82379826794,0.03454297452847549,22.436857142857075,0.2339654990770851,-0.0011865430712851843,-0.015151071560639662,0.004163906735481432,0
2026-09-01 16:00:00+00:00,4373.136,4374.952,4347.042,4351.282,19436,4361.3094,4371.547100000001,4406.90805,4436.65808,4380.252174814352,4406.177893757282,-25.92571894292996,-22.500397553619536,-3.425321389310426,25.805807069017987,4406.90805,4485.066181056854,4328.749918943146,0.03547073375259262,22.88885714285704,0.13811005247812794,-0.005317810195117456,-0.01773581898615506,0.004303032845053478,0
2026-09-01 17:00:00+00:00,4351.409,4352.088,4340.926,4342.847,14735,4358.6088,4363.7989,4401.620550000001,4431.41676,4374.497532535221,4401.4867164419275,-26.989183906706785,-23.39815482423699,-3.5910290824697952,25.546423198846355,4401.620550000001,4482.175193551255,4321.065906448746,0.03660226620454788,22.797142857142717,0.13027043821245507,-0.0030996132083052075,-0.017528559525772813,0.004301538693105454,0
2026-09-01 18:00:00+00:00,4343.058,4344.479,4328.069,4331.555,10929,4351.803,4359.8605,4395.8447,4426.51406,4367.8909890682635,4396.306589298081,-28.415600229817755,-24.401643905353147,-4.013956324464608,25.38547879026123,4395.8447,4479.19447468373,4312.4949253162695,0.03792207430973628,23.0797857142856,0.12540605678160768,-0.0077948334060230495,-0.009010420872952007,0.002813600282975509,0
2026-09-01 19:00:00+00:00,4331.496,4337.662,4322.711,4326.787,10944,4345.108200000001,4356.0546,4389.57525,4422.55644,4361.567298442376,4391.156990090816,-29.58969164843984,-25.43925345397049,-4.1504381944693485,19.222367372603358,4389.57525,4473.941318219947,4305.209181780053,0.03843928554132749,22.561714285714192,0.0,-0.007677063368454307,-0.008719437066049829,0.002809418392172779,0
2026-09-01 20:00:00+00:00,4326.714,4330.801,4323.804,4328.925,6318,4336.2792,4351.1206,4383.345149999999,4419.54422,4356.545406374318,4386.5472130470525,-30.001806672734347,-26.35176409772326,-3.650042575011085,21.348595307851113,4383.345149999999,4466.216137297689,4300.4741627023095,0.037811755388548265,22.127499999999923,0.0859243624120607,-0.010094738936262115,-0.011269304165006044,0.0025091691494064632,0
2026-09-01 22:00:00+00:00,4332.552,4334.609,4326.163,4329.494,3359,4331.9216,4346.615500000001,4377.6058,4416.748680000001,4352.3836515475,4382.321049117641,-29.937397570141002,-27.068890792206815,-2.8685067779341864,22.832036273799858,4377.6058,4458.585418380769,4296.626181619232,0.03699721815096665,21.09650000000004,0.3700348814110323,-0.005007259929372676,-0.010298442466588065,0.00254032937728624,0
2026-09-01 23:00:00+00:00,4329.497,4335.892,4322.792,4324.597,5296,4328.2716,4343.440199999999,4371.67025,4414.101720000001,4348.108782078654,4378.045193627446,-29.93641154879151,-27.642394943523755,-2.294016605267757,31.112650798825754,4371.67025,4449.722333870837,4293.618166129163,0.03570812957397101,18.372142857142858,0.9999999999915897,-0.004202312446190293,-0.007288900111331875,0.0022946983117058404,0
2026-09-02 00:00:00+00:00,4324.727,4334.609,4314.419,4315.874,23843,4325.1354,4338.4692000000005,4365.62375,4411.2498,4343.1495848357845,4373.439920025412,-30.290335189627513,-28.171982992744503,-2.1183521968830092,30.459660043092853,4365.62375,4441.12518939201,4290.12231060799,0.0345890730468974,18.84142857142862,0.9450819856499528,-0.003620177973037486,-0.011386792694860537,0.002087646077770316,1
2026-09-02 01:00:00+00:00,4315.808,4326.718,4288.131,4291.142,32277,4318.0064,4331.5572999999995,4358.84435,4407.94918,4335.148417937971,4367.343777801308,-32.19535986333631,-28.976658366862864,-3.218701496473443,18.115544234864373,4358.84435,4435.582554196326,4282.106145803675,0.03521034385929636,20.032714285714324,0.0,-0.008238214638252472,-0.015852032710885977,0.002543665151233171,1
2026-09-02 02:00:00+00:00,4291.039,4314.651,4287.181,4302.9,17356,4312.801399999999,4324.5403,4351.972049999999,4404.778920000001,4330.187122870591,4362.57016463084,-32.38304176024849,-29.65793504553999,-2.725106714708499,25.23693324392815,4351.972049999999,4422.330909269306,4281.613190730693,0.03233424225199552,20.892071428571462,0.5479211064372823,-0.006011885167795827,-0.016045935692774238,0.0025050258003172805,1
2026-09-02 03:00:00+00:00,4302.803,4304.381,4282.337,4303.19,13963,4307.540599999999,4319.731099999999,4345.639099999999,4401.677140000001,4326.033719352038,4358.1716339174445,-32.13791456540639,-30.15393094951327,-1.98398361589312,29.030578434156112,4345.639099999999,4408.9295699998775,4282.348630000121,0.02912826792260685,20.72735714285714,0.8398049323895803,-0.0060755367717336695,-0.011052374909279683,0.0022460495773340733,1
2026-09-02 04:00:00+00:00,4303.166,4307.793,4301.309,4307.222,7701,4304.0656,4316.1686,4339.983749999999,4398.69194,4323.139608682493,4354.3975869605965,-31.25797827810311,-30.37474041523124,-0.8832378628718693,25.993385655757393,4339.983749999999,4394.822518084325,4285.144981915674,0.025271416320084263,18.229571428571358,0.6061227075475578,-0.0040177154079328314,-0.008203144158659081,0.002311105346259898,1
2026-09-02 05:00:00+00:00,4307.278,4326.531,4303.545,4319.933,13837,4304.877399999999,4315.0064,4337.4334499999995,4396.2846,4322.646284269802,4351.844654593145,-29.198370323342715,-30.13946639685354,0.941096073510824,34.361961191853325,4337.4334499999995,4390.938696717608,4283.928203282391,0.024671385663615576,18.263642857142777,0.9999999999938449,0.0009404815803242261,-0.002683101103414409,0.0024955970298908277,0
2026-09-02 06:00:00+00:00,4319.934,4329.37,4314.467,4321.593,17245,4310.9676,4314.486999999999,4335.2708,4394.25528,4322.484240535987,4349.603791289949,-27.119550753962358,-29.535483268275303,2.4159325143129458,28.149380693249853,4335.2708,4387.594257823195,4282.947342176805,0.024138495718973304,17.974285714285674,0.6176030373273981,0.007096246174095322,-0.0012004288632651017,0.0024845527374542905,1
2026-09-02 07:00:00+00:00,4321.65,4331.43,4319.129,4323.107,15124,4315.009,4313.905199999999,4332.5129,4392.2656400000005,4322.580049684297,4347.641066009212,-25.061016324915727,-28.64058987960339,3.579573554687663,35.554097150298716,4332.5129,4380.966071493258,4284.0597285067415,0.022367237033850816,16.85935714285714,0.9999999999942657,0.00469613516465639,-0.001343982628481677,0.0024810342622512893,1
2026-09-02 08:00:00+00:00,4323.217,4331.705,4312.522,4313.013,12347,4316.973599999999,4312.2571,4329.436299999999,4390.038680000001,4321.108195886713,4345.076024082604,-23.967828195891343,-27.706037542860983,3.73820934696964,34.95936598842478,4329.436299999999,4374.335862769501,4284.536737230498,0.020741528299885716,17.432285714285758,0.9658956127349221,0.002282725141116382,-0.0038066804111519525,0.0025728561119066204,1
2026-09-02 09:00:00+00:00,4312.984,4322.479,4304.887,4308.568,10500,4317.2428,4310.6542,4327.0472,4387.35344,4319.178934981064,4342.371726002411,-23.192791021347148,-26.803388238558213,3.6105972172110654,37.551851490831744,4327.0472,4370.991767285905,4283.102632714095,0.020311572883191416,17.51671428571438,0.9999999999948551,0.0003124984038436196,-0.003706472533741234,0.002569784188523324,1
2026-09-02 10:00:00+00:00,4308.618,4312.346,4301.835,4309.441,9228,4315.1444,4310.010899999999,4324.24005,4384.75348,4317.680791137824,4339.932412965196,-22.25162182737222,-25.893034956321014,3.6414131289487948,40.19290786557471,4324.24005,4364.867070365614,4283.613029634386,0.018790363113913643,17.199571428571485,0.9999999999954705,-0.002428741371683363,-0.001490543977882619,0.0025066332823842513,1
2026-09-02 11:00:00+00:00,4309.381,4333.046,4307.647,4332.164,14824,4317.258599999999,4314.1131,4322.8351999999995,4382.53352,4319.90897711662,4339.356974967774,-19.44799785115356,-24.604027535287525,5.156029684133966,51.48549362049496,4322.8351999999995,4360.014547117067,4285.655852882932,0.01720137150593558,18.51400000000006,0.9999999999970033,0.002446088745515773,0.009559692967513023,0.0021762913529918557,1
2026-09-02 12:00:00+00:00,4332.267,4344.689,4327.208,4331.497,20313,4318.9366,4316.9728,4320.75655,4380.453820000001,4321.6917498679095,4338.774754599791,-17.083004731881374,-23.099822974606298,6.0168182427249235,50.91780533179402,4320.75655,4349.887901275851,4291.625198724149,0.013484375219358585,19.159357142857193,0.9829880386620038,0.0019407338287025233,0.0066459829417371274,0.0021036020507721417,1
2026-09-02 13:00:00+00:00,4331.168,4385.546,4330.594,4385.32,30761,4333.398,4325.1858,4322.45845,4379.25624,4331.480711426692,4342.222550555362,-10.741839128670108,-20.62822620541906,9.886387076748953,69.21066784776508,4322.45845,4361.417878113695,4283.499021886305,0.01802651364465754,22.148785714285818,0.9999999999980428,0.016764846291907665,0.019085840969141454,0.00424951763632124,0
2026-09-02 14:00:00+00:00,4385.479,4397.75,4374.401,4377.154,25219,4347.115199999999,4332.179,4324.1738,4377.72332,4338.507371207202,4344.810065329039,-6.302694121837703,-17.76311978870279,11.460425666865088,69.4554505740125,4324.1738,4369.425813950514,4278.9217860494855,0.020929784991766096,22.37442857142865,0.9999999999980521,0.015918513993512518,0.016235986907570776,0.004409218197340384,1
2026-09-02 15:00:00+00:00,4376.828,4380.913,4364.471,4372.989,15143,4359.8248,4337.484600000001,4326.2455,4376.07808,4343.812237175324,4346.897393823185,-3.085156647860458,-14.827527160534325,11.742370512673867,79.88840280161577,4326.2455,4376.443823438226,4276.047176561774,0.023206414632838564,20.79264285714297,0.9999999999981702,0.014746228107079373,0.01228167196111607,0.004450881142843056,1
2026-09-02 16:00:00+00:00,4372.934,4374.921,4364.344,4368.486,10003,4367.089199999999,4342.1739,4328.3304499999995,4374.73616,4347.608200686813,4348.496549836282,-0.8883491494689224,-12.039691558321245,11.151342408852322,75.29036139003327,4328.3304499999995,4381.9694317969015,4274.691468203097,0.02478506778376963,19.58600000000011,0.9146852222120999,0.00838426246097801,0.010850859856539108,0.004502901332578632,1
2026-09-02 17:00:00+00:00,4368.408,4380.673,4364.447,4376.818,9451,4376.1534,4347.545,4330.725100000001,4373.89894,4352.102015965765,4350.594435033594,1.5075809321706402,-9.330237060222869,10.837817992393509,76.73337787201953,4330.725100000001,4388.585947214563,4272.864252785438,0.02672108983069022,19.170428571428666,0.9414598028394386,0.010463126258658306,0.012424166230444955,0.004501444119957808,1
2026-09-02 18:00:00+00:00,4376.94,4379.897,4369.197,4374.236,8845,4373.936599999999,4353.667299999999,4332.9622,4372.746340000001,4355.507244278724,4352.345662068143,3.1615822105814004,-6.831873206062014,9.993455416643414,74.59084971157681,4332.9622,4393.995425248714,4271.928974751286,0.028171593672667715,19.471571428571547,0.897610104051964,-0.002527523647076979,0.014194949099388232,0.0043794374296015695,1
2026-09-02 19:00:00+00:00,4374.307,4391.378,4371.584,4391.195,7785,4376.7448,4361.93,4336.292100000001,4372.045139999999,4360.997668235843,4355.223390803836,5.774277432006784,-4.310643078448254,10.084920510455039,75.35905939959876,4336.292100000001,4402.455099708987,4270.129100291014,0.030515933052105374,19.24357142857155,0.9124578854114855,0.003207792095045958,0.019177369371911945,0.004349294479532511,1
2026-09-02 20:00:00+00:00,4391.141,4391.73,4383.83,4387.604,4788,4379.6678,4369.746300000001,4339.8786,4371.13566,4365.090950045713,4357.621954447996,7.468995597716457,-1.954715343215311,9.423710940931768,73.17199884861424,4339.8786,4409.087786565204,4270.669413434796,0.031894526526711466,18.743357142857217,0.8505108404390571,0.0033421076522262005,0.018137619241103575,0.004405406082143644,1
2026-09-02 22:00:00+00:00,4391.649,4393.324,4383.491,4384.603,3586,4382.8912,4374.990199999999,4344.551649999999,4370.09616,4368.092803884834,4359.620550414812,8.472253470022224,0.13067841943219655,8.341575050590027,71.36405325032686,4344.551649999999,4412.515026358274,4276.588273641725,0.03128671579184666,18.56707142857145,0.810270814689105,0.0036893788832104146,0.012104574065063156,0.0042859273543790774,1
2026-09-02 23:00:00+00:00,4384.66,4388.9,4381.159,4385.436,4439,4384.6148,4380.3841,4348.67845,4369.1898599999995,4370.760987902552,4361.532805939641,9.228181962911549,1.9501791281280678,7.278002834783481,76.89045988875972,4348.67845,4416.013289751913,4281.343610248087,0.030967955219550904,17.749785714285736,0.9291878336772952,0.0019690103632363787,0.012452738625929882,0.004275112768743507,1
2026-09-03 00:00:00+00:00,4385.849,4398.018,4382.458,4395.339,10505,4388.835400000001,4381.386,4353.2859,4368.0238,4374.542220532929,4364.03696846263,10.505252070298411,3.661193716562137,6.8440583537362745,80.96288208048787,4353.2859,4420.124029668975,4286.447770331025,0.030706979143719896,17.604642857142867,0.9999999999975472,0.004824385332661496,0.002284667937573648,0.0018316495810538815,1
2026-09-03 01:00:00+00:00,4395.394,4412.32,4387.22,4410.274,19421,4392.6512,4384.697999999999,4358.438499999999,4367.25734,4380.039417374017,4367.461933761695,12.577483612321885,5.444451695714087,7.133031916607798,82.69913025430856,4358.438499999999,4426.206865414484,4290.6701345855145,0.031097543496132776,18.646714285714292,0.9999999999968535,0.004344830962870194,0.007566560372333164,0.0019174381968017774,1
2026-09-03 02:00:00+00:00,4410.482,4420.604,4406.645,4420.558,12868,4399.242,4389.4549,4363.46975,4366.72706,4386.273045470322,4371.394975705273,14.878069765049077,7.331175309581087,7.5468944554679895,81.18086127102417,4363.46975,4434.082866622256,4292.856633377744,0.032365580910584196,17.8295714285714,0.9522276372340904,0.007510705159353481,0.01087791439676633,0.0018732125946074275,1
2026-09-03 03:00:00+00:00,4420.261,4432.604,4419.289,4431.299,8785,4408.5812,4395.7362,4368.95505,4366.30952,4393.200115397965,4375.832310838216,17.367804559749857,9.338501159614841,8.029303400135015,82.86896151971445,4368.95505,4442.839572670904,4295.070527329095,0.03382251445727487,17.531999999999957,0.9999999999926784,0.010649994993845446,0.014378665743692398,0.001755190051332404,1
2026-09-03 04:00:00+00:00,4431.244,4438.55,4425.468,4437.269,6480,4418.9478,4401.781300000001,4374.66315,4365.9843599999995,4399.979943798278,4380.383176702051,19.596767096227268,11.390154346937328,8.20661274928994,74.98388880873392,4374.66315,4451.224768448707,4298.101531551293,0.03500229198159274,14.54128571428568,0.4121544506176936,0.011819349318973105,0.013811632103505334,0.0017471861492096541,0
2026-09-03 05:00:00+00:00,4437.219,4440.409,4422.208,4431.067,13596,4426.093400000001,4407.4644,4380.56585,4365.72008,4404.7625678293125,4384.137533983381,20.625033845931284,13.23713024673612,7.387903599195164,76.42768208154772,4380.56585,4455.295964688653,4305.835735311347,0.03411893223276302,14.173571428571384,0.4401277013785684,0.008128610785197665,0.01299221166850617,0.0018629151449145002,0
2026-09-03 06:00:00+00:00,4431.164,4436.412,4418.655,4420.752,13689,4428.189,4410.4201,4386.17505,4365.268959999999,4407.222480470957,4386.849716651279,20.372763819677857,14.664256961324469,5.708506858353388,72.08162661464105,4386.17505,4454.737394200769,4317.612705799231,0.031262931104753366,14.267499999999993,0.062371063506632456,0.0023758161057567673,0.006730969588005342,0.0019385185630197727,1
2026-09-03 07:00:00+00:00,4420.527,4431.659,4419.17,4428.635,12914,4429.8044,4414.5232,4392.134749999999,4365.10558,4410.516714244656,4389.944922825258,20.571791419398323,15.845763852939239,4.726027566459084,76.96514870305134,4392.134749999999,4452.889908141412,4331.3795918585865,0.027665434509454762,14.404071428571374,0.4868439905409125,0.0018271448989020111,0.009351573204874342,0.0018901955765217432,1
2026-09-03 08:00:00+00:00,4428.61,4443.77,4427.957,4435.07,15289,4430.5586,4419.5699,4397.28005,4365.27238,4414.294142822401,4393.287521134498,21.006621687903134,16.877935419932022,4.128686267971112,76.56657606217048,4397.28005,4453.942692457823,4340.617407542178,0.025771677861555615,14.374571428571405,0.45220028617188934,0.0008509920003141325,0.011510050054702736,0.0018060191604338343,1
2026-09-03 09:00:00+00:00,4435.125,4441.915,4425.588,4427.43,10013,4428.5908,4423.7693,4402.0767,4365.01406,4416.315043926647,4395.816593643054,20.49845028359323,17.602038392664266,2.896411890928963,73.18993478185106,4402.0767,4451.0064332534075,4353.146966746592,0.022230295648146207,14.776500000000008,0.15870457101919386,-0.002217354863993992,0.009575786763277527,0.0020085026242468067,1
2026-09-03 10:00:00+00:00,4427.672,4429.763,4418.883,4427.407,8852,4427.8588,4426.9761,4404.18105,4364.96522,4418.021498707163,4398.156623743568,19.864874963594957,18.054605706850406,1.8102692567445509,68.52162527108362,4404.18105,4453.693059403216,4354.669040596785,0.022484093565234068,14.139785714285738,0.0,-0.0008259861563817417,0.007295910508836823,0.001972577283997344,1
2026-09-03 11:00:00+00:00,4427.346,4445.732,4424.894,4444.043,10448,4432.517000000001,4430.353000000001,4407.5255,4365.4395,4422.024806598369,4401.555614577377,20.469192020991613,18.537522969678648,1.9316690513129657,75.46863295457628,4407.5255,4458.369207506916,4356.681792493084,0.023071316323372816,15.063928571428603,0.48420191477056895,0.005268560643076015,0.007656893880062521,0.002029103975864656,1
2026-09-03 12:00:00+00:00,4443.965,4495.215,4437.787,4493.305,24711,4445.451,4437.6277,4413.5413,4367.886820000001,4432.99099019862,4408.351865349423,24.639124849197287,19.757843345582376,4.881281503614911,84.60480574550208,4413.5413,4474.620537771719,4352.462062228281,0.027678108629783937,18.463571428571477,0.9999999999937824,0.01460269360649491,0.016456519742530373,0.003850563699911939,0
2026-09-03 13:00:00+00:00,4493.431,4496.184,4456.58,4470.644,30071,4452.5658,4441.5622,4418.6492,4370.00278,4438.783760937295,4412.966097545762,25.817663391532733,20.96980735477245,4.847856036760284,73.81575269718844,4418.6492,4480.9382098495435,4356.360190150456,0.028193688627530612,20.73950000000007,0.3291716731334717,0.008021068438604173,0.008878886303993472,0.004370390206331279,1
2026-09-03 14:00:00+00:00,4470.617,4485.252,4458.258,4485.218,25540,4464.1233999999995,4446.357099999999,4424.0692,4372.14184,4445.927490023865,4418.31809032015,27.6093997037151,22.29772582456098,5.311673879154117,74.48205228779547,4424.0692,4489.801754448701,4358.336645551299,0.02971587987308209,21.55621428571437,0.3706000206958635,0.013052267342453572,0.010805970969981704,0.004433875854599921,0
2026-09-03 15:00:00+00:00,4485.561,4510.992,4484.117,4493.153,22321,4477.2726,4452.565700000001,4430.01505,4374.513999999999,4453.1929530971165,4423.861416963102,29.33153613401464,23.704487886451716,5.627048247562925,73.47035868623323,4430.01505,4498.2342205560135,4361.795879443986,0.030798617966778023,21.683000000000124,0.3076961937342044,0.014849775500648699,0.014011523635278023,0.00434919844525761,0
2026-09-03 16:00:00+00:00,4493.484,4495.455,4485.293,4486.375,11815,4485.739,4459.128,4434.77405,4377.1145,4458.297883389868,4428.4920527436125,29.805830646255345,24.924756438412444,4.8810742078429,69.01620871977124,4434.77405,4504.845139332134,4364.702960667866,0.03160074833221045,21.411785714285866,0.030751594777613734,0.009525560396242971,0.01484430703192574,0.004278285527460235,0
2026-09-03 17:00:00+00:00,4486.434,4494.847,4483.12,4486.684,8738,4484.4148000000005,4464.932900000001,4439.72805,4379.536499999999,4462.664978252965,4432.802567355197,29.862410897767404,25.91228733028344,3.9501235674839634,67.02864908407801,4439.72805,4509.767265155222,4369.688834844777,0.03155112852248792,21.29835714285725,0.0,-0.0014735256119938756,0.013107650551467787,0.0042992074029526445,0
2026-09-03 18:00:00+00:00,4486.671,4489.867,4473.91,4475.1,8504,4485.306,4468.9359,4444.2529,4381.83328,4464.57805852174,4435.935710514072,28.64234800766826,26.45829946576041,2.1840485419078526,61.24336501483037,4444.2529,4510.908343559839,4377.597456440162,0.029996242364982512,21.50371428571439,0.0,0.00099672440927967,0.009025787642585215,0.004470370341051474,1
2026-09-03 19:00:00+00:00,4475.047,4480.869,4472.59,4475.345,7970,4483.3314,4473.727400000001,4448.74835,4383.87878,4466.234511056857,4438.854917142659,27.379593914197358,26.642558355447804,0.7370355587495538,63.642469805275006,4448.74835,4510.660194431801,4386.836505568199,0.027833376743731077,20.795000000000073,0.10269506996991569,-0.0022012307985921353,0.010822305490995943,0.004388750548810372,1
2026-09-03 20:00:00+00:00,4475.135,4475.845,4470.415,4473.297,4114,4479.3602,4478.316400000001,4452.64625,4386.31908,4467.3210478173405,4441.406182539499,25.914865277841272,26.4970197399265,-0.5821544620852279,67.05862492127261,4452.64625,4510.05213333263,4395.24036666737,0.02578506358219221,19.914500000000057,0.24892556813854286,-0.004419168454757871,0.010364983386438098,0.004403551978680329,1
2026-09-03 22:00:00+00:00,4475.61,4478.881,4471.223,4474.585,4689,4477.0022,4481.3706,4455.861800000001,4388.953839999999,4468.438578922365,4443.8638727217585,24.57470620060667,26.112557032062536,-1.5378508314558665,65.58493535389154,4455.861800000001,4510.407626780686,4401.315973219315,0.024482728248297676,19.569428571428684,0.18584343273582657,-0.0026279568694101973,0.0068725707649544,0.0043011769173371414,0
2026-09-03 23:00:00+00:00,4474.459,4480.405,4471.593,4479.882,4385,4475.641799999999,4480.0283,4458.8279999999995,4391.92038,4470.199105242002,4446.531882149776,23.667223092225868,25.623490244095205,-1.956267151869337,65.31719989062063,4458.8279999999995,4511.717296809852,4405.938703190147,0.023723407500739015,19.06935714285724,0.17438286117449095,-0.0015160416913695407,-0.0029873333771023303,0.0023322514764195644,0
2026-09-04 00:00:00+00:00,4480.154,4487.23,4472.647,4486.209,9126,4477.8636,4481.5848,4461.5735,4395.1088199999995,4472.662165974001,4449.470927916459,23.19123805754225,25.137039806784617,-1.9458017492423672,70.27323459821855,4461.5735,4514.145630040928,4409.001369959073,0.02356663183557448,18.944785714285768,0.3865287970657577,0.002482402627874025,0.003481601308446658,0.0016725764070257662,0
2026-09-04 01:00:00+00:00,4486.292,4487.571,4466.885,4478.73,16527,4478.540599999999,4480.936,4463.6465499999995,4398.104920000001,4473.595678901078,4451.638266589314,21.95741231176362,24.50111430778042,-2.5437019960168,66.83571377023117,4463.6465499999995,4515.447531736052,4411.845568263947,0.02321016288175979,19.64521428571431,0.23938372722169285,0.0007563662689691331,-0.0014465294663492667,0.0014275059607038573,0
2026-09-04 02:00:00+00:00,4478.793,4482.641,4470.002,4477.248,10654,4479.3308,4479.345499999999,4465.9556,4401.06,4474.157574454758,4453.535283878995,20.622290575763145,23.725349561376966,-3.1030589856138207,62.09486482745537,4465.9556,4515.7188526495265,4416.192347350474,0.022285601159817304,19.059571428571417,0.03644894261608636,0.000883241153001979,-0.0035398304931972824,0.0012593853961893632,1
2026-09-04 03:00:00+00:00,4477.373,4478.815,4466.998,4467.149,7048,4477.843599999999,4477.4229,4468.275449999999,4403.91104,4473.079332230949,4454.5437072953655,18.535624935583655,22.687404636218307,-4.151779700634652,36.66952072248396,4468.275449999999,4513.262549701525,4423.288350298473,0.020136224905976177,15.801642857142854,0.0,-0.0016618300915056672,-0.00428541974311103,0.001354095363114613,1
2026-09-04 04:00:00+00:00,4466.825,4475.038,4465.361,4473.85,5778,4476.6372,4476.139499999999,4470.5362000000005,4407.07056,4473.197896503111,4455.973803051264,17.224093451846784,21.594742399344003,-4.370648947497219,51.951403598471074,4470.5362000000005,4511.5001801549315,4429.572219845069,0.01832620442931702,13.663999999999955,0.40414863124282335,-0.00134646403632932,-0.0028604644320838757,0.0014820944745401231,0
2026-09-04 05:00:00+00:00,4473.558,4477.776,4466.813,4472.021,9648,4473.7996,4475.8315999999995,4472.383749999999,4410.68814,4473.016835502633,4457.162484306727,15.85435119590602,20.446664158656407,-4.592312962750388,40.492211927782165,4472.383749999999,4509.79135097735,4434.976149022648,0.016728260841816514,12.518928571428464,0.10387511308990754,-0.003162581145907395,-0.0006880293177807806,0.0012489476906451101,1
2026-09-04 06:00:00+00:00,4471.951,4473.478,4460.045,4462.888,10981,4470.631200000001,4474.5859,4474.15665,4413.8879,4471.458553117613,4457.586596580302,13.871956537310325,19.13172263438719,-5.2597660970768665,28.5655604187029,4474.15665,4505.4558076899675,4442.857492310032,0.013991087097930564,11.558785714285607,0.0,-0.0035371634369564253,-0.002783472559098832,0.0013936837407154334,1
2026-09-04 07:00:00+00:00,4462.826,4490.89,4461.396,4483.517,10585,4471.885,4475.6079,4476.962149999999,4417.4944399999995,4473.313698791826,4459.507367203983,13.806331587842578,18.06664442507827,-4.260312837235691,48.307874481941894,4476.962149999999,4499.43059249857,4454.493707501429,0.01003736093617444,12.939642857142774,0.47334967608641954,0.0014001904741485216,0.002284668332999118,0.0020784578178611704,0
2026-09-04 08:00:00+00:00,4483.575,4486.586,4474.306,4477.847,9099,4474.0246,4475.9341,4478.65235,4420.90694,4474.011129746929,4460.8658585222065,13.14527122472282,17.08236978500718,-3.937098560284362,45.080224026009965,4478.65235,4494.9258273981195,4462.378872601881,0.007267131327181138,12.979142857142831,0.39596222834642014,0.0023948160224787074,0.0007290061536431303,0.0021309869049138774,0
2026-09-04 09:00:00+00:00,4477.867,4479.357,4463.819,4465.681,8724,4472.3908,4474.514,4477.27115,4423.8219,4472.729571324325,4461.2225356687095,11.507035655615255,15.967302959128796,-4.460267303513541,44.78997267487488,4477.27115,4492.987888087179,4461.55441191282,0.007020677354856962,12.949214285714204,0.3890030450103965,-0.001825944097366028,-0.0031699495656358767,0.0022586422550619056,0
2026-09-04 10:00:00+00:00,4465.354,4476.506,4465.261,4472.935,7130,4472.573600000001,4473.186599999999,4477.3857,4426.84874,4472.761175735967,4462.0901256191755,10.671050116791776,14.908052390661393,-4.237002273869617,48.76285907886911,4477.3857,4492.931530120407,4461.839869879593,0.00694415498776758,13.161071428571372,0.4842585700939782,0.00020438186672211422,-0.0029588456534235252,0.002277580713144859,0
2026-09-04 11:00:00+00:00,4472.99,4473.507,4465.226,4466.857,7538,4473.3674,4471.9993,4476.4676500000005,4429.72374,4471.852841007357,4462.443227425163,9.409613582193742,13.808364628967865,-4.398751046774123,46.825459421090244,4476.4676500000005,4492.233023425931,4460.70227657407,0.007043666863505734,13.364714285714204,0.43780669532782884,0.000889334439941214,-0.002650974718279464,0.0022589398676073056,0
2026-09-04 12:00:00+00:00,4466.846,4476.779,4378.964,4393.653,43868,4455.3946000000005,4463.6398,4471.49265,4431.33654,4459.822096236994,4457.347655023299,2.4744412136951723,11.541579945913327,-9.067138732218154,26.65620601333751,4471.49265,4510.602350227583,4432.382949772417,0.017492905966236056,19.80449999999993,0.0,-0.020043193769534007,-0.01867106758437309,0.005579295353758071,1
2026-09-04 13:00:00+00:00,4393.872,4434.856,4365.425,4413.08,47627,4442.441199999999,4458.2329,4467.827899999999,4433.42678,4452.631004508226,4454.068569466018,-1.4375649577914373,8.945750965172374,-10.383315922963812,32.1840429277037,4467.827899999999,4514.138968550189,4421.51683144981,0.020730909778413673,24.13442857142848,0.12673575192303746,-0.014463870695001324,-0.012103692981810243,0.005917193482650022,1
2026-09-04 14:00:00+00:00,4413.254,4442.425,4411.9,4427.263,32479,4434.7576,4453.5742,4464.85685,4435.78322,4448.728234583884,4452.082971727795,-3.3547371439108247,6.485653343355734,-9.840390487266559,34.91148494373748,4464.85685,4513.633057371798,4416.080642628202,0.021848945670810332,25.27314285714283,0.20545993197149237,-0.008602943201719837,-0.010413178805726675,0.006027903336353312,1
2026-09-04 15:00:00+00:00,4427.665,4449.035,4422.785,4436.732,20943,4427.517000000001,4450.0453,4462.93845,4437.87458,4446.882660032517,4450.945862710922,-4.0632026784041955,4.375882139003749,-8.439084817407945,39.35811153230233,4462.93845,4513.019000528524,4412.857899471475,0.022442859604538946,25.670571428571424,0.3584194759049082,-0.00809379076601835,-0.007891063123361852,0.006110334297941169,0
2026-09-04 16:00:00+00:00,4436.817,4443.471,4432.006,4436.129,13363,4421.371400000001,4447.3694000000005,4460.97765,4439.9672199999995,4445.228250796746,4449.848317324927,-4.620066528181269,2.5766924055667446,-7.196758933748013,39.53422077426263,4460.97765,4512.073476824119,4409.8818231758805,0.022907905321659386,25.586714285714283,0.5091090796002655,-0.0068791098528563355,-0.005995893242223382,0.006096125627219759,0
2026-09-04 17:00:00+00:00,4436.466,4440.635,4415.346,4416.307,12094,4425.9021999999995,4440.6484,4458.1281500000005,4440.58696,4440.778827597246,4447.363775300858,-6.5849477036117605,0.7443643837310432,-7.329312087342804,37.669764463932275,4458.1281500000005,4512.577603714323,4403.678696285678,0.02442704735364001,26.549000000000042,0.43540116314505833,0.005156074000381761,-0.014990463959431821,0.005908337510751765,1
2026-09-04 18:00:00+00:00,4416.391,4426.878,4411.828,4423.802,8205,4428.0466,4435.2438999999995,4455.589,4441.51992,4438.167007966901,4445.618458611905,-7.451450645004115,-0.894798622015989,-6.556652022988127,37.90889148732609,4455.589,4511.523247684121,4399.654752315879,0.025107453889540148,26.93278571428573,0.5090180517412974,0.0024295956565481003,-0.012069416395870669,0.005994683681062737,0
2026-09-04 19:00:00+00:00,4424.03,4438.545,4422.484,4434.664,7179,4429.5268,4432.1422,4453.328100000001,4442.75342,4437.628083664301,4444.8070172332455,-7.178933568944558,-2.151625611401703,-5.027307957542854,41.35234611912316,4453.328100000001,4508.781281207684,4397.874918792318,0.024904152562971037,27.296928571428584,0.6647835862875687,0.0016716874511408797,-0.006945637182772302,0.006071636348985635,0
2026-09-04 20:00:00+00:00,4434.609,4435.325,4428.527,4430.194,3757,4428.2192,4427.8681,4450.527349999999,4443.98758,4436.484378485177,4443.724571512264,-7.240193027087116,-3.169339094538786,-4.07085393254833,42.26477769575846,4450.527349999999,4504.629906979168,4396.424793020831,0.02431287473344847,26.822999999999997,0.7060576576689948,-0.0014736071504881654,-0.009555470848559122,0.006017449007201871,0
2026-09-06 22:00:00+00:00,4422.034,4435.029,4417.661,4429.439,4597,4426.8812,4424.1263,4448.062800000001,4445.04,4435.400474102843,4442.666381029874,-7.26590692703121,-3.9886526610372712,-3.277254265993939,35.877320352244524,4448.062800000001,4501.238794970331,4394.8868050296705,0.023909732106448704,25.956857142857125,0.41711942153933473,-0.0015080715641947462,-0.008376807227094996,0.006020064254003203,0
2026-09-06 23:00:00+00:00,4429.578,4434.141,4421.077,4423.137,5229,4428.2472,4427.0747,4445.357249999999,4446.0180199999995,4433.513785779329,4441.219760212846,-7.70597443351744,-4.732117015533305,-2.973857417984135,35.75927950439903,4445.357249999999,4497.781893031595,4392.932606968403,0.023586245191697986,26.012857142857033,0.41177981415982573,0.0015465410353039388,0.006710589115708432,0.0026225250550663197,0
2026-09-07 00:00:00+00:00,4423.199,4429.766,4409.92,4412.469,13092,4425.980600000001,4427.0136,4442.623250000001,4446.4435,4430.276126428663,4439.090074271154,-8.813947842490961,-5.548483180924837,-3.2654646615661242,36.04033747481547,4442.623250000001,4495.958123918836,4389.288376081166,0.024010532029172176,26.32057142857132,0.4244935419947005,-0.0025618235174177384,-0.00013845205616025424,0.002419404022138501,0
2026-09-07 01:00:00+00:00,4412.796,4417.023,4389.473,4409.239,23098,4420.8956,4425.2112,4439.392699999999,4446.8762,4427.039645439638,4436.878883584402,-9.83923814476384,-6.406634173692638,-3.4326039710712015,32.92954847562264,4439.392699999999,4492.590564722003,4386.1948352779955,0.02396628021756397,27.485214285714196,0.31103493696215123,-0.005733241571402092,-0.004071138308250566,0.0021406947097904884,0
2026-09-07 02:00:00+00:00,4409.185,4419.14,4402.769,4408.884,12327,4416.6336,4422.426399999999,4436.23585,4447.36182,4424.246469218155,4434.805188504076,-10.558719285921143,-7.237051196138341,-3.3216680897828015,33.97163316652377,4436.23585,4488.7703932794575,4383.701306720543,0.02368428778621293,28.06307142857135,0.4686801138491324,-0.004810173098514503,-0.006276691943529644,0.0019545246701177963,0
2026-09-07 03:00:00+00:00,4408.809,4410.598,4401.141,4403.934,8538,4411.5326000000005,4419.206899999999,4433.28815,4447.73178,4421.121473953824,4432.51843380007,-11.396959846246318,-8.069032926159938,-3.32792692008638,54.565640237674415,4433.28815,4486.140905415923,4380.435394584078,0.023843591315363847,21.751785714285624,0.9999999999955321,-0.005758065524776423,-0.007257453514088463,0.0019518442486254485,1
2026-09-07 04:00:00+00:00,4403.989,4407.242,4394.426,4397.782,6086,4406.4616000000005,4417.3544,4429.0014,4447.78064,4417.530785653235,4429.945364629694,-12.41457897645887,-8.938142136219724,-3.4764368402391455,42.298320512304265,4429.0014,4478.50193724486,4379.500862755141,0.022352911085040304,17.70785714285707,0.4330159133947893,-0.005732356922247606,-0.00419468121215294,0.0014829293668591336,1
2026-09-07 05:00:00+00:00,4397.841,4413.317,4393.077,4393.968,10722,4402.7614,4414.371,4424.80745,4447.45452,4413.905741706584,4427.280374657124,-13.374632950540217,-9.825440299083823,-3.5491926514563943,31.28379821691567,4424.80745,4470.984688149774,4378.630211850226,0.020871976316065,16.973214285714157,0.0,-0.004192890646937175,-0.006743972718489588,0.001284769179691286,0
2026-09-07 06:00:00+00:00,4394.023,4400.012,4385.269,4392.954,11672,4399.5044,4410.2,4421.1711000000005,4446.90244,4410.682396828648,4424.737680238078,-14.055283409429649,-10.67140892115299,-3.3838744882766587,22.805993142175538,4421.1711000000005,4465.2001254641245,4377.142074535876,0.01991735875778436,16.151285714285546,0.0,-0.003693381102725435,-0.00940544762805029,0.0007093477033712205,0
2026-09-07 07:00:00+00:00,4393.009,4406.656,4391.794,4406.418,12866,4399.011199999999,4407.8224,4417.84525,4446.40482,4410.026335778087,4423.380666887108,-13.354331109021587,-11.20799335872671,-2.146337750294876,34.08674600709125,4417.84525,4454.908676994461,4380.78182300554,0.01677896118903681,16.393928571428464,0.3551913795187905,-0.0005593252169937557,-0.005366807864396139,0.0014506556419946026,0
2026-09-07 08:00:00+00:00,4406.277,4424.063,4405.034,4411.264,12140,4400.477199999999,4406.0049,4415.0656,4445.88472,4410.216745658381,4422.483136006582,-12.26639034820073,-11.419672756621516,-0.846717591579214,46.78285721576506,4415.0656,4444.127044267284,4386.004155732716,0.013164671558802687,15.946785714285593,0.7549474338117611,0.0016644209472711502,-0.004103228422380423,0.001539226760184198,0
2026-09-07 09:00:00+00:00,4411.262,4413.816,4403.416,4405.614,6893,4402.043599999999,4404.2526,4415.6636499999995,4445.37566,4409.5086309417065,4421.233570376465,-11.724939434758198,-11.480726092248853,-0.24421334250934557,38.1173888046831,4415.6636499999995,4443.328470360605,4387.998829639394,0.012530311433754934,15.61464285714276,0.4821021976856083,0.0017808977343578558,-0.0039616679293451584,0.0015294735890863198,1
2026-09-07 10:00:00+00:00,4405.716,4406.398,4387.928,4391.817,7895,4401.6134,4402.1874,4414.6005000000005,4444.79696,4406.78684156606,4419.054565163394,-12.267723597334225,-11.63812559326593,-0.6295980040682956,23.041010734015728,4414.6005000000005,4444.246685756181,4384.95431424382,0.013430971049897168,15.786714285714229,0.007399880456252237,-0.0004895347439944908,-0.00468037282528222,0.0016472981468014787,1
2026-09-07 11:00:00+00:00,4391.731,4394.971,4381.081,4385.457,8971,4400.114,4399.8092,4412.5102,4443.9334,4403.505327478973,4416.565856632772,-13.060529153798598,-11.922606305372465,-1.1379228484261326,22.50574627874701,4412.5102,4444.220650448025,4380.799749551975,0.014372975476872489,16.293285714285634,0.0,-0.0017065965179693388,-0.005393674509365232,0.0016753871928444253,1
2026-09-07 12:00:00+00:00,4385.526,4398.232,4385.234,4396.697,7398,4398.169800000001,4398.5905,4410.508449999999,4443.16594,4402.457892482208,4415.094089474789,-12.636196992581063,-12.065324442814186,-0.570872549766877,32.17482197687333,4410.508449999999,4440.803826784448,4380.213073215551,0.013737816003707378,15.981142857142718,0.3015941259969049,-0.0022061002837223675,-0.002764191573196295,0.0019430212678157438,1
2026-09-07 13:00:00+00:00,4396.606,4408.016,4395.268,4402.676,9338,4396.4522,4398.4646999999995,4408.8358,4442.67086,4402.491447484946,4414.174230995175,-11.682783510229456,-11.988816256297241,0.3060327460677854,38.82144691266334,4408.8358,4436.777756150419,4380.893843849581,0.01267543515701772,15.958571428571304,0.5089131191378181,-0.0019468342860458066,-0.00028565369054123213,0.0019809135453365606,1
2026-09-07 14:00:00+00:00,4402.623,4419.733,4400.974,4416.218,9242,4398.573,4400.3083,4408.8313499999995,4442.44708,4404.603224794954,4414.325621291829,-9.722396496874353,-11.535532304412666,1.8131358075383126,51.9858464081022,4408.8313499999995,4436.768324143999,4380.894375856,0.012673187938567703,15.88092857142848,0.9195320535691978,0.002406928977436662,0.004192113206157089,0.002136061486068391,0
2026-09-07 15:00:00+00:00,4416.162,4416.786,4408.74,4414.289,6393,4403.067400000001,4402.3404,4408.3557,4441.852,4406.093344057269,4414.322908603545,-8.229564546276379,-10.874338752785409,2.6447742065090303,52.71237055815763,4408.3557,4435.533069510533,4381.178330489467,0.012329934950817615,14.48778571428563,0.9421935181075375,0.005116788791518445,0.004624749201632694,0.0021114231088423833,1
2026-09-07 16:00:00+00:00,4414.657,4417.416,4411.656,4414.654,3687,4408.9068,4404.5104,4407.3552,4440.27898,4407.410368048458,4414.3474338921715,-6.937065843713754,-10.086884170971079,3.149818327257325,53.09875190651135,4407.3552,4431.789501356399,4382.920898643601,0.011087965570099443,13.729857142857067,0.9542453779436155,0.006657686986783817,0.004939728483385197,0.0021022775064654838,1
2026-09-07 17:00:00+00:00,4414.408,4415.165,4406.963,4407.198,2703,4411.007,4404.588400000001,4406.205400000001,4439.01006,4407.377696041003,4413.817846196454,-6.440150155451192,-9.357537367867101,2.9173872124159086,51.7069701280228,4406.205400000001,4428.152176618777,4384.258623381224,0.00996175830512863,13.640214285714203,0.9545065367058638,0.0023883838254035172,0.0001770145274462287,0.001991092991391087,1
2026-09-07 18:00:00+00:00,4407.251,4409.33,4402.963,4405.177,1881,4411.5072,4403.9797,4404.9923,4437.40924,4407.039127419311,4413.177783515235,-6.138656095924489,-8.71376111347858,2.5751050175540904,54.04199962832154,4404.9923,4424.019786899827,4385.964813100173,0.008639055691346714,13.179571428571373,0.9999999999968291,0.0005680636049527621,-0.001379876606795838,0.0019578548682449523,1
2026-09-07 22:00:00+00:00,4412.435,4414.262,4406.15,4407.732,3308,4409.8099999999995,4404.1915,4404.22205,4435.70082,4407.145723200955,4412.774392143736,-5.628668942780678,-8.096742679338998,2.4680737365583205,57.62818949655272,4404.22205,4421.30466714779,4387.139432852211,0.0077573823271645794,12.382785714285676,0.9999999999971527,-0.0019215536914164444,0.00048075024275862077,0.0019251510335033908,1
2026-09-07 23:00:00+00:00,4407.335,4428.15,4407.035,4422.866,7012,4411.5254,4407.2964,4404.741899999999,4434.4306400000005,4409.564227323885,4413.521918651608,-3.957691327723296,-7.268932409015858,3.311241081292562,64.33418313557851,4404.741899999999,4423.437831996502,4386.0459680034965,0.008489002271167183,12.837928571428554,0.9999999999976092,0.0019430082624858347,0.007069739016903442,0.001837093685091907,1
2026-09-08 00:00:00+00:00,4423.095,4430.379,4414.919,4426.039,20566,4413.8024000000005,4411.354600000001,4405.5819,4433.21774,4412.098807735595,4414.4491098625995,-2.3503021270043973,-6.285206352613566,3.934904225609169,60.431486384467235,4405.5819,4426.505497646697,4384.658302353303,0.009498676053075798,12.880642857142837,0.9066975233963458,0.0025789110539577997,0.009253767623305764,0.0016754416286057345,0
2026-09-08 01:00:00+00:00,4425.98,4440.881,4417.048,4437.283,20326,4419.8194,4415.413200000001,4407.00185,4432.4614,4415.973298853196,4416.140509132037,-0.16721027884068462,-5.06160713785899,4.894396859018306,62.95186420429082,4407.00185,4432.272037030041,4381.731662969958,0.01146819896617089,13.2237857142857,0.9669526514673324,0.006826332740212715,0.009231020468319695,0.001672997173832444,0
2026-09-08 02:00:00+00:00,4437.392,4438.863,4421.101,4424.045,12105,4423.593,4417.5501,4408.0074,4431.435399999999,4417.215099029628,4416.726026974108,0.4890720555195003,-3.951471299183292,4.440543354702792,58.53026390084524,4408.0074,4434.341691499798,4381.673108500203,0.011948388062959,13.749642857142915,0.861244653853913,0.004283142311875432,0.004853639014090527,0.0020642824788741757,0
2026-09-08 03:00:00+00:00,4424.137,4440.1,4422.37,4437.58,9041,4429.5626,4419.6863,4409.9973,4430.72106,4420.348160717377,4418.270765716767,2.0773950006105224,-2.745698039224529,4.823093039835051,71.23159291460563,4409.9973,4438.961476211607,4381.033123788393,0.013135688863849002,13.696785714285786,0.9999999999979476,0.0067717365756356784,0.004837170628805065,0.0020619963184797443,0
2026-09-08 04:00:00+00:00,4437.909,4443.136,4431.552,4436.178,7951,4432.225,4421.8752,4412.1078,4429.95292,4422.783520607011,4419.5972275155245,3.186293091486732,-1.5592998130822766,4.745592904569008,74.66662776108012,4412.1078,4442.280262283483,4381.935337716516,0.013677119259635308,13.532071428571596,0.9999999999976465,0.0030098130940434675,0.004958669448239528,0.002056342174401887,0
2026-09-08 05:00:00+00:00,4436.12,4437.859,4417.305,4419.195,13270,4430.8562,4422.3293,4413.41985,4428.7391800000005,4422.231440513625,4419.567432884744,2.6640076288804266,-0.7146383246897359,3.3786459535701625,60.362393603301115,4413.41985,4442.341609706703,4384.4980902932975,0.013106280702799072,14.071785714285918,0.6009440092287637,-0.0015463035910889822,0.0010286196834450312,0.00247344164736204,0
2026-09-08 06:00:00+00:00,4419.262,4420.3,4398.068,4403.892,17323,4424.178,4421.9987,4413.29355,4427.09284,4419.409988126914,4418.406289708097,1.0036984188172937,-0.3709709759883299,1.3746693948056237,50.5157787580588,4413.29355,4442.365724669001,4384.221375331,0.01317482027407878,14.749214285714515,0.0,-0.0075251003823737506,-0.0007501364812746436,0.002672076643511736,1
2026-09-08 07:00:00+00:00,4404.053,4409.509,4390.014,4392.244,12337,4417.8178,4420.705400000001,4412.342549999999,4425.36312,4415.230605338158,4416.468342322311,-1.2377369841533437,-0.5443241776213327,-0.693412806532011,39.66513199868966,4412.342549999999,4442.900640760589,4381.784459239409,0.013851186944037223,14.801785714285936,0.0,-0.0071882180221947145,-0.002935863871077138,0.002793906838902871,1
2026-09-08 08:00:00+00:00,4392.487,4398.846,4387.776,4394.209,12669,4409.143599999999,4419.353099999999,4411.7723000000005,4423.70234,4411.996512209211,4414.819502150289,-2.822989941078049,-1.000057330312676,-1.822932610765373,41.34646877316394,4411.7723000000005,4443.270282813205,4380.274317186796,0.014279060962962454,15.017785714285894,0.04803614068048187,-0.009773570279296373,-0.0030680177469954995,0.002789627359156748,1
2026-09-08 09:00:00+00:00,4394.24,4405.703,4390.751,4402.989,10732,4402.5058,4417.3654,4412.3309,4422.41914,4410.610741100101,4413.9431686576745,-3.3324275575732827,-1.4665313757647975,-1.8658961818084852,45.31288925319611,4412.3309,4442.715368185256,4381.946431814744,0.013772524714887581,15.674357142857323,0.16135759719614326,-0.007481440104522452,-0.004494144746867823,0.0026069039397943134,0
2026-09-08 10:00:00+00:00,4403.106,4407.057,4393.616,4395.408,9740,4397.7483999999995,4414.3023,4412.82845,4420.8503,4408.271857853932,4412.570193201551,-4.298335347619286,-2.0328921701356952,-2.265443177483591,45.26741702927061,4412.82845,4441.645486192717,4384.011413807283,0.013060573969385482,16.04857142857158,0.16005844631887617,-0.005382654533234943,-0.006920634906289691,0.0025999251872726218,0
2026-09-08 11:00:00+00:00,4395.239,4407.982,4391.043,4406.436,10000,4398.2572,4411.217599999999,4413.3154,4419.5386,4407.9894181840955,4412.115808519955,-4.126390335859469,-2.4515918032804502,-1.6747985325790187,50.471291991405195,4413.3154,4441.301862188853,4385.328937811148,0.012682738328129814,16.803714285714445,0.3087342342750967,0.0005776708420641707,-0.006951776571384016,0.0025955987453441885,0
2026-09-08 12:00:00+00:00,4406.32,4411.787,4385.191,4411.65,17461,4402.1384,4409.978099999999,4413.764099999999,4418.5138400000005,4408.552584617312,4412.081304185143,-3.5287195678311036,-2.667017356190581,-0.8617022116405226,51.4380303608655,4413.764099999999,4441.316728697889,4386.21147130211,0.012484866917962066,18.05450000000019,0.3363541501786997,0.004418242702363573,-0.0028017346116507857,0.0025206667084753916,0
2026-09-08 13:00:00+00:00,4411.478,4413.163,4390.156,4395.792,24816,4402.455,4405.7993,4412.7428,4416.7593400000005,4406.589417753111,4410.874689060318,-4.28527130720704,-2.9906681463938734,-1.2946031608131667,40.11551492493723,4412.7428,4441.404395736157,4384.081204263843,0.012990376749878702,18.189642857143035,0.012867533699237668,0.00036024686126689964,-0.009416844316046058,0.002418034721379684,0
2026-09-08 14:00:00+00:00,4395.736,4403.898,4388.98,4398.555,20934,4401.5682,4402.036999999999,4411.9561,4415.1735,4405.353353483401,4409.962119500295,-4.608766016893242,-3.3142877204937475,-1.294478296399494,39.93569744108049,4411.9561,4441.294734775324,4382.617465224676,0.013299604125854268,18.150928571428786,0.007730110856599039,-0.0010070431699918947,-0.008480949141355332,0.002463275260414843,0
2026-09-08 15:00:00+00:00,4398.616,4409.479,4394.687,4394.756,14674,4401.4378,4399.5931,4410.9612,4413.755,4403.722991409032,4408.83574027805,-5.112748869018105,-3.67397995019862,-1.4387689188194854,33.52905179825994,4410.9612,4441.248792857316,4380.673607142683,0.013732876569994163,17.50514285714306,0.0,-0.00014833662768054534,-0.005530192716094118,0.002232397274327848,0
2026-09-08 16:00:00+00:00,4394.931,4398.69,4380.424,4393.73,14303,4398.8966,4398.5769,4410.2878,4412.1709,4402.185608115335,4407.71679655375,-5.531188438415484,-4.045421647841993,-1.485766790573491,37.03212559353171,4410.2878,4441.512082261966,4379.0635177380345,0.014159748151567581,17.54114285714299,0.08515508542431625,-0.002883509484762792,-0.0023075043620507385,0.001984353366566896,0
2026-09-08 17:00:00+00:00,4393.796,4403.822,4385.306,4390.128,9353,4394.5922,4398.3652999999995,4409.53535,4410.63632,4400.330591482206,4406.413922734953,-6.0833312527474845,-4.453003568823092,-1.630327683924393,27.81621662053962,4409.53535,4441.979678683004,4377.091021316996,0.014715531731933493,17.59728571428585,0.0,-0.0048784468396178005,-0.00048175829940233506,0.001814109071837451,0
2026-09-08 18:00:00+00:00,4389.91,4390.2,4358.122,4375.861,17225,4390.606,4396.5305,4407.9418,4410.28048,4396.566038946482,4404.150743273105,-7.5847043266230685,-5.079343720383087,-2.5053606062399814,24.829531702512625,4407.9418,4443.718697712534,4372.164902287465,0.016232926538428557,19.061142857142904,0.0,-0.00453410898422868,-0.00417549552149199,0.0020620287923247675,0
2026-09-08 19:00:00+00:00,4375.803,4377.344,4356.626,4359.594,13864,4382.8138,4392.191000000001,4404.7782,4409.21076,4390.878032954715,4400.850243771393,-9.972210816677944,-6.0579171396420595,-3.914293677035884,24.978799506301073,4404.7782,4445.803342912442,4363.753057087558,0.018627563545625014,19.072857142857174,0.005609779255284239,-0.008857681670457751,-0.00985580477262138,0.0021099717197646116,0
2026-09-08 20:00:00+00:00,4359.538,4364.365,4355.756,4361.442,2454,4376.151,4388.7944,4401.54835,4407.89434,4386.349412500143,4397.931114603142,-11.581702102998861,-7.162674132313421,-4.41902797068544,29.909319803873004,4401.54835,4445.586400916613,4357.5102990833875,0.020010254308174314,18.09978571428571,0.19090848253276604,-0.007580398092635887,-0.007727610269626872,0.002135996300475404,0
